tree_id,dep_id,sentence,idx,none_pos,tracekind,family,gap_phrase_label,gap_phrase_base,gap_role,gap_subtype,filler_label,filler_base,construction,final_label,embed_verb
8,0,where's your cup?,1.0,-NONE-ABAR-WH-,T,WH,ADVP,ADVP,ADJUNCT,ADJUNCT,WHADVP-1,WHADVP,MQ,MQ_ADJUNCT,
17,0,what is that?,1.0,-NONE-ABAR-WH-,T,WH,NP,NP,OBJ,OBJ,WHNP-1-<INANIM>,WHNP,MQ,MQ_OBJ,
19,0,what is that?,1.0,-NONE-ABAR-WH-,T,WH,NP,NP,OBJ,OBJ,WHNP-1-<INANIM>,WHNP,MQ,MQ_OBJ,
21,0,why don't you go in the room and kill a fly?,1.0,-NONE-ABAR-WH-,T,WH,ADVP,ADVP,ADJUNCT,ADJUNCT,WHADVP-1,WHADVP,MQ,MQ_ADJUNCT,
28,0,"who are you calling, Eve?",1.0,-NONE-ABAR-WH-,T,WH,NP,NP,OBJ,OBJ,WHNP-1-<ANIM>-<PATIENT-V1>,WHNP,MQ,MQ_OBJ,
30,0,what's that *NULL* you're doing?,2.0,-NONE-ABAR-RC-,T,RC,NP,NP,OBJ,OBJ,WHNP-2-<INANIM>-<THEME-V1>,WHNP,RC,RC_OBJ,
30,1,what's that *NULL* you're doing?,1.0,-NONE-ABAR-WH-,T,WH,NP,NP,OBJ,OBJ,WHNP-1-<INANIM>,WHNP,MQ,MQ_OBJ,
31,0,"Eve, why don't you call Grandma?",1.0,-NONE-ABAR-WH-,T,WH,ADVP,ADVP,ADJUNCT,ADJUNCT,WHADVP-1,WHADVP,MQ,MQ_ADJUNCT,
38,0,what's the man doing?,1.0,-NONE-ABAR-WH-,T,WH,NP,NP,OBJ,OBJ,WHNP-1-<INANIM>-<THEME-V1>,WHNP,MQ,MQ_OBJ,
46,0,what's that?,1.0,-NONE-ABAR-WH-,T,WH,NP,NP,OBJ,OBJ,WHNP-1-<INANIM>,WHNP,MQ,MQ_OBJ,
70,0,where's the rest of your juice?,1.0,-NONE-ABAR-WH-,T,WH,ADVP,ADVP,ADJUNCT,ADJUNCT,WHADVP-1,WHADVP,MQ,MQ_ADJUNCT,
72,0,what is that?,1.0,-NONE-ABAR-WH-,T,WH,NP,NP,OBJ,OBJ,WHNP-1-<INANIM>,WHNP,MQ,MQ_OBJ,
78,0,where are you going?,1.0,-NONE-ABAR-WH-,T,WH,ADVP,ADVP,ADJUNCT,ADJUNCT,WHADVP-1,WHADVP,MQ,MQ_ADJUNCT,
79,0,will you ask Mr Fraser if he'd like a drink of water?,,,,POLAR,,,,POLAR,,,EQ,EQ_POLAR,ask
83,0,what is that?,1.0,-NONE-ABAR-WH-,T,WH,NP,NP,OBJ,OBJ,WHNP-1-<INANIM>,WHNP,MQ,MQ_OBJ,
96,0,"oh, what's that?",1.0,-NONE-ABAR-WH-,T,WH,NP,NP,OBJ,OBJ,WHNP-1-<INANIM>,WHNP,MQ,MQ_OBJ,
98,0,and what did you do with it?,1.0,-NONE-ABAR-WH-,T,WH,NP,NP,OBJ,OBJ,WHNP-1-<INANIM>-<THEME-V1>,WHNP,EQ,EQ_OBJ,
101,0,come see if we can find dolly's bottle.,,,,POLAR,,,,POLAR,,,EQ,EQ_POLAR,see
103,0,what are you doing?,1.0,-NONE-ABAR-WH-,T,WH,NP,NP,OBJ,OBJ,WHNP-1-<INANIM>-<THEME-V1>,WHNP,MQ,MQ_OBJ,
104,0,what are you doing?,1.0,-NONE-ABAR-WH-,T,WH,NP,NP,OBJ,OBJ,WHNP-1-<INANIM>-<THEME-V1>,WHNP,MQ,MQ_OBJ,
107,0,I don't know what you're saying about the hat.,1.0,-NONE-ABAR-WH-,T,WH,NP,NP,OBJ,OBJ,WHNP-1-<INANIM>-<THEME-V2>,WHNP,EQ,EQ_OBJ,know
114,0,go see if he would like to have it on.,,,,POLAR,,,,POLAR,,,EQ,EQ_POLAR,see
115,0,what's wrong with your eye?,1.0,-NONE-ABAR-WH-,T,WH,NP,NP,SUBJ,SUBJ,WHNP-1-<INANIM>,WHNP,MQ,MQ_SUBJ,
116,0,what is that?,1.0,-NONE-ABAR-WH-,T,WH,NP,NP,OBJ,OBJ,WHNP-1-<INANIM>,WHNP,MQ,MQ_OBJ,
117,0,what do you want me to do with it?,1.0,-NONE-ABAR-WH-,T,WH,NP,NP,OBJ,OBJ,WHNP-1-<INANIM>-<THEME-V2>,WHNP,MQ,MQ_OBJ,
119,0,what do you want me to do with it?,1.0,-NONE-ABAR-WH-,T,WH,NP,NP,OBJ,OBJ,WHNP-1-<INANIM>-<THEME-V2>,WHNP,MQ,MQ_OBJ,
127,0,what's that?,1.0,-NONE-ABAR-WH-,T,WH,NP,NP,OBJ,OBJ,WHNP-1-<INANIM>,WHNP,MQ,MQ_OBJ,
139,0,who is that man?,1.0,-NONE-ABAR-WH-,T,WH,NP,NP,OBJ,OBJ,WHNP-1-<ANIM>,WHNP,MQ,MQ_OBJ,
142,0,what's that man's name?,1.0,-NONE-ABAR-WH-,T,WH,NP,NP,OBJ,OBJ,WHNP-1-<INANIM>,WHNP,MQ,MQ_OBJ,
161,0,"well, what are you doing in the corner?",1.0,-NONE-ABAR-WH-,T,WH,NP,NP,OBJ,OBJ,WHNP-1-<INANIM>-<THEME-V1>,WHNP,MQ,MQ_OBJ,
168,0,what is that?,1.0,-NONE-ABAR-WH-,T,WH,NP,NP,OBJ,OBJ,WHNP-1-<INANIM>,WHNP,MQ,MQ_OBJ,
185,0,where're you going?,1.0,-NONE-ABAR-WH-,T,WH,ADVP,ADVP,ADJUNCT,ADJUNCT,WHADVP-1,WHADVP,MQ,MQ_ADJUNCT,
194,0,what is that?,1.0,-NONE-ABAR-WH-,T,WH,NP,NP,OBJ,OBJ,WHNP-1-<INANIM>,WHNP,MQ,MQ_OBJ,
196,0,what is that?,1.0,-NONE-ABAR-WH-,T,WH,NP,NP,OBJ,OBJ,WHNP-1-<INANIM>,WHNP,MQ,MQ_OBJ,
197,0,what is it?,1.0,-NONE-ABAR-WH-,T,WH,NP,NP,OBJ,OBJ,WHNP-1-<INANIM>,WHNP,MQ,MQ_OBJ,
201,0,what is that?,1.0,-NONE-ABAR-WH-,T,WH,NP,NP,OBJ,OBJ,WHNP-1-<INANIM>,WHNP,MQ,MQ_OBJ,
204,0,what'll you do with it?,1.0,-NONE-ABAR-WH-,T,WH,NP,NP,OBJ,OBJ,WHNP-1-<INANIM>-<THEME-V1>,WHNP,MQ,MQ_OBJ,
211,0,what do you want me to do?,1.0,-NONE-ABAR-WH-,T,WH,NP,NP,OBJ,OBJ,WHNP-1-<INANIM>-<THEME-V2>,WHNP,MQ,MQ_OBJ,
216,0,why don't you put Racketyboom back in the toy box?,1.0,-NONE-ABAR-WH-,T,WH,ADVP,ADVP,ADJUNCT,ADJUNCT,WHADVP-1,WHADVP,MQ,MQ_ADJUNCT,
223,0,what are you doing?,1.0,-NONE-ABAR-WH-,T,WH,NP,NP,OBJ,OBJ,WHNP-1-<INANIM>-<THEME-V1>,WHNP,MQ,MQ_OBJ,
224,0,who's sitting?,1.0,-NONE-ABAR-WH-,T,WH,NP,NP,SUBJ,SUBJ,WHNP-1-<ANIM>-<THEME-V1>,WHNP,MQ,MQ_SUBJ,
235,0,is that what you want?,1.0,-NONE-ABAR-WH-,T,WH,NP,NP,ADJUNCT,ADJUNCT,WHNP-1-<INANIM>-<SUBJMATT-V1>,WHNP,EQ,EQ_ADJUNCT,want
240,0,what are you doing?,1.0,-NONE-ABAR-WH-,T,WH,NP,NP,OBJ,OBJ,WHNP-1-<INANIM>-<THEME-V1>,WHNP,MQ,MQ_OBJ,
245,0,what is that?,1.0,-NONE-ABAR-WH-,T,WH,NP,NP,OBJ,OBJ,WHNP-1-<INANIM>,WHNP,MQ,MQ_OBJ,
251,0,what did you do?,1.0,-NONE-ABAR-WH-,T,WH,NP,NP,OBJ,OBJ,WHNP-1-<INANIM>-<THEME-V1>,WHNP,MQ,MQ_OBJ,
253,0,what do you want?,1.0,-NONE-ABAR-WH-,T,WH,NP,NP,OBJ,OBJ,WHNP-1-<INANIM>-<SUBJMATT-V1>,WHNP,MQ,MQ_OBJ,
262,0,"yes, why don't you go and lay down on the floor?",1.0,-NONE-ABAR-WH-,T,WH,ADVP,ADVP,ADJUNCT,ADJUNCT,WHADVP-1,WHADVP,MQ,MQ_ADJUNCT,
272,0,what's that?,1.0,-NONE-ABAR-WH-,T,WH,NP,NP,OBJ,OBJ,WHNP-1-<INANIM>,WHNP,MQ,MQ_OBJ,
298,0,what is that?,1.0,-NONE-ABAR-WH-,T,WH,NP,NP,OBJ,OBJ,WHNP-1-<INANIM>,WHNP,MQ,MQ_OBJ,
305,0,is that what you want?,1.0,-NONE-ABAR-WH-,T,WH,NP,NP,OBJ,OBJ,WHNP-1-<INANIM>-<SUBJMATT-V1>,WHNP,EQ,EQ_OBJ,want
321,0,what do you want?,1.0,-NONE-ABAR-WH-,T,WH,NP,NP,OBJ,OBJ,WHNP-1-<INANIM>-<SUBJMATT-V1>,WHNP,MQ,MQ_OBJ,
328,0,what is that?,1.0,-NONE-ABAR-WH-,T,WH,NP,NP,OBJ,OBJ,WHNP-1-<INANIM>,WHNP,MQ,MQ_OBJ,
329,0,what is it?,1.0,-NONE-ABAR-WH-,T,WH,NP,NP,OBJ,OBJ,WHNP-1-<INANIM>,WHNP,MQ,MQ_OBJ,
330,0,where is your car going?,1.0,-NONE-ABAR-WH-,T,WH,ADVP,ADVP,ADJUNCT,ADJUNCT,WHADVP-1,WHADVP,MQ,MQ_ADJUNCT,
337,0,what's her name?,1.0,-NONE-ABAR-WH-,T,WH,NP,NP,OBJ,OBJ,WHNP-1-<INANIM>,WHNP,MQ,MQ_OBJ,
338,0,what are you doing?,1.0,-NONE-ABAR-WH-,T,WH,NP,NP,OBJ,OBJ,WHNP-1-<INANIM>-<THEME-V1>,WHNP,MQ,MQ_OBJ,
345,0,what is it?,1.0,-NONE-ABAR-WH-,T,WH,NP,NP,OBJ,OBJ,WHNP-1-<INANIM>,WHNP,MQ,MQ_OBJ,
346,0,what do you want?,1.0,-NONE-ABAR-WH-,T,WH,NP,NP,OBJ,OBJ,WHNP-1-<INANIM>-<SUBJMATT-V1>,WHNP,MQ,MQ_OBJ,
352,0,where's the other one?,1.0,-NONE-ABAR-WH-,T,WH,ADVP,ADVP,ADJUNCT,ADJUNCT,WHADVP-1,WHADVP,MQ,MQ_ADJUNCT,
353,0,where's the other shoe?,1.0,-NONE-ABAR-WH-,T,WH,ADVP,ADVP,ADJUNCT,ADJUNCT,WHADVP-1,WHADVP,MQ,MQ_ADJUNCT,
365,0,what is that?,1.0,-NONE-ABAR-WH-,T,WH,NP,NP,OBJ,OBJ,WHNP-1-<INANIM>,WHNP,MQ,MQ_OBJ,
367,0,where's the top?,1.0,-NONE-ABAR-WH-,T,WH,ADVP,ADVP,ADJUNCT,ADJUNCT,WHADVP-1,WHADVP,MQ,MQ_ADJUNCT,
371,0,what is that?,1.0,-NONE-ABAR-WH-,T,WH,NP,NP,OBJ,OBJ,WHNP-1-<INANIM>,WHNP,MQ,MQ_OBJ,
383,0,"well, let's see if we can find the top.",,,,POLAR,,,,POLAR,,,EQ,EQ_POLAR,see
418,0,let me see if I can find you a pencil there.,,,,POLAR,,,,POLAR,,,EQ,EQ_POLAR,see
423,0,what's that *NULL* you're writing?,2.0,-NONE-ABAR-RC-,T,RC,NP,NP,OBJ,OBJ,WHNP-2-<INANIM>-<PATIENT-V1>,WHNP,RC,RC_OBJ,
423,1,what's that *NULL* you're writing?,1.0,-NONE-ABAR-WH-,T,WH,NP,NP,OBJ,OBJ,WHNP-1-<INANIM>,WHNP,MQ,MQ_OBJ,
428,0,who's that?,1.0,-NONE-ABAR-WH-,T,WH,NP,NP,OBJ,OBJ,WHNP-1-<ANIM>,WHNP,MQ,MQ_OBJ,
434,0,what are you writing?,1.0,-NONE-ABAR-WH-,T,WH,NP,NP,OBJ,OBJ,WHNP-1-<INANIM>-<PATIENT-V1>,WHNP,MQ,MQ_OBJ,
440,0,what kind of a letter is that?,1.0,-NONE-ABAR-WH-,T,WH,NP,NP,OBJ,OBJ,WHNP-1-<INANIM>,WHNP,MQ,MQ_OBJ,
441,0,what did you do?,1.0,-NONE-ABAR-WH-,T,WH,NP,NP,OBJ,OBJ,WHNP-1-<INANIM>-<THEME-V1>,WHNP,MQ,MQ_OBJ,
444,0,what happened?,1.0,-NONE-ABAR-WH-,T,WH,NP,NP,SUBJ,SUBJ,WHNP-1-<INANIM>-<THEME-V1>,WHNP,MQ,MQ_SUBJ,
447,0,what do you want?,1.0,-NONE-ABAR-WH-,T,WH,NP,NP,OBJ,OBJ,WHNP-1-<INANIM>-<SUBJMATT-V1>,WHNP,MQ,MQ_OBJ,
454,0,where's the pencil?,1.0,-NONE-ABAR-WH-,T,WH,ADVP,ADVP,ADJUNCT,ADJUNCT,WHADVP-1,WHADVP,MQ,MQ_ADJUNCT,
455,0,where is the pencil?,1.0,-NONE-ABAR-WH-,T,WH,ADVP,ADVP,ADJUNCT,ADJUNCT,WHADVP-1,WHADVP,MQ,MQ_ADJUNCT,
456,0,where's my pencil?,1.0,-NONE-ABAR-WH-,T,WH,ADVP,ADVP,ADJUNCT,ADJUNCT,WHADVP-1,WHADVP,MQ,MQ_ADJUNCT,
460,0,that's a cough *NULL* you have.,1.0,-NONE-ABAR-RC-,T,RC,NP,NP,OBJ,OBJ,WHNP-1-<THEME-V1>,WHNP,RC,RC_OBJ,
482,0,what's wrong with your finger?,1.0,-NONE-ABAR-WH-,T,WH,NP,NP,SUBJ,SUBJ,WHNP-1-<INANIM>,WHNP,MQ,MQ_SUBJ,
483,0,what do you want me to do with the book?,1.0,-NONE-ABAR-WH-,T,WH,NP,NP,OBJ,OBJ,WHNP-1-<INANIM>-<THEME-V2>,WHNP,MQ,MQ_OBJ,
492,0,where is Eve's paper?,1.0,-NONE-ABAR-WH-,T,WH,ADVP,ADVP,ADJUNCT,ADJUNCT,WHADVP-1,WHADVP,MQ,MQ_ADJUNCT,
497,0,who is that.,1.0,-NONE-ABAR-WH-,T,WH,NP,NP,OBJ,OBJ,WHNP-1-<ANIM>,WHNP,MQ,MQ_OBJ,
508,0,what is that?,1.0,-NONE-ABAR-WH-,T,WH,NP,NP,OBJ,OBJ,WHNP-1-<INANIM>,WHNP,MQ,MQ_OBJ,
513,0,who is that?,1.0,-NONE-ABAR-WH-,T,WH,NP,NP,OBJ,OBJ,WHNP-1-<ANIM>,WHNP,MQ,MQ_OBJ,
518,0,where are you going?,1.0,-NONE-ABAR-WH-,T,WH,ADVP,ADVP,ADJUNCT,ADJUNCT,WHADVP-1,WHADVP,MQ,MQ_ADJUNCT,
521,0,why don't you stay here?,1.0,-NONE-ABAR-WH-,T,WH,ADVP,ADVP,ADJUNCT,ADJUNCT,WHADVP-1,WHADVP,MQ,MQ_ADJUNCT,
530,0,why don't you stay here?,1.0,-NONE-ABAR-WH-,T,WH,ADVP,ADVP,ADJUNCT,ADJUNCT,WHADVP-1,WHADVP,MQ,MQ_ADJUNCT,
535,0,what are we going to do?,1.0,-NONE-A-RAISE-,T,OTHER,NP,NP,SUBJ,SUBJ,WHNP-1-<INANIM>-<THEME-V1>,WHNP,MQ,MQ_SUBJ,
535,1,what are we going to do?,1.0,-NONE-ABAR-WH-,T,WH,NP,NP,OBJ,OBJ,WHNP-1-<INANIM>-<THEME-V1>,WHNP,MQ,MQ_OBJ,
540,0,what is that?,1.0,-NONE-ABAR-WH-,T,WH,NP,NP,OBJ,OBJ,WHNP-1-<INANIM>,WHNP,MQ,MQ_OBJ,
545,0,what did you say?,1.0,-NONE-ABAR-WH-,T,WH,NP,NP,OBJ,OBJ,WHNP-1-<INANIM>-<THEME-V1>,WHNP,MQ,MQ_OBJ,
548,0,what is that?,1.0,-NONE-ABAR-WH-,T,WH,NP,NP,OBJ,OBJ,WHNP-1-<INANIM>,WHNP,MQ,MQ_OBJ,
550,0,what is that?,1.0,-NONE-ABAR-WH-,T,WH,NP,NP,OBJ,OBJ,WHNP-1-<INANIM>,WHNP,MQ,MQ_OBJ,
551,0,what is that?,1.0,-NONE-ABAR-WH-,T,WH,NP,NP,OBJ,OBJ,WHNP-1-<INANIM>,WHNP,MQ,MQ_OBJ,
553,0,what is that?,1.0,-NONE-ABAR-WH-,T,WH,NP,NP,OBJ,OBJ,WHNP-1-<INANIM>,WHNP,MQ,MQ_OBJ,
558,0,what is that?,1.0,-NONE-ABAR-WH-,T,WH,NP,NP,OBJ,OBJ,WHNP-1-<INANIM>,WHNP,MQ,MQ_OBJ,
560,0,what is it?,1.0,-NONE-ABAR-WH-,T,WH,NP,NP,OBJ,OBJ,WHNP-1-<INANIM>,WHNP,MQ,MQ_OBJ,
563,0,what's that?,1.0,-NONE-ABAR-WH-,T,WH,NP,NP,OBJ,OBJ,WHNP-1-<INANIM>,WHNP,MQ,MQ_OBJ,
566,0,what's that?,1.0,-NONE-ABAR-WH-,T,WH,NP,NP,OBJ,OBJ,WHNP-1-<INANIM>,WHNP,MQ,MQ_OBJ,
582,0,who is that?,1.0,-NONE-ABAR-WH-,T,WH,NP,NP,OBJ,OBJ,WHNP-1-<ANIM>,WHNP,MQ,MQ_OBJ,
584,0,what do you want me to do?,1.0,-NONE-ABOVE-WH-,T,OTHER,NP,NP,OBJ,OBJ,WHNP-1-<INANIM>-<THEME-V1>,WHNP,MQ,MQ_OBJ,
588,0,what's that?,1.0,-NONE-ABAR-WH-,T,WH,NP,NP,OBJ,OBJ,WHNP-1-<INANIM>,WHNP,MQ,MQ_OBJ,
591,0,who's that?,1.0,-NONE-ABAR-WH-,T,WH,NP,NP,OBJ,OBJ,WHNP-1-<ANIM>,WHNP,MQ,MQ_OBJ,
597,0,what's that?,1.0,-NONE-ABAR-WH-,T,WH,NP,NP,OBJ,OBJ,WHNP-<INANIM>,WHNP,MQ,MQ_OBJ,
601,0,what is that?,1.0,-NONE-ABAR-WH-,T,WH,NP,NP,OBJ,OBJ,WHNP-1-<INANIM>,WHNP,MQ,MQ_OBJ,
606,0,who is that?,1.0,-NONE-ABAR-WH-,T,WH,NP,NP,OBJ,OBJ,WHNP-1-<ANIM>,WHNP,MQ,MQ_OBJ,
609,0,what do you want me to do?,1.0,-NONE-ABAR-WH-,T,WH,NP,NP,OBJ,OBJ,WHNP-1-<INANIM>-<THEME-V2>,WHNP,MQ,MQ_OBJ,
615,0,what's what?,1.0,-NONE-ABAR-WH-,T,WH,NP,NP,OBJ,OBJ,WHNP-1-<INANIM>,WHNP,MQ,MQ_OBJ,
626,0,what're the fish doing?,1.0,-NONE-ABAR-WH-,T,WH,NP,NP,OBJ,OBJ,WHNP-1-<INANIM>-<THEME-V1>,WHNP,MQ,MQ_OBJ,
636,0,where's Papa's banjo?,1.0,-NONE-ABAR-WH-,T,WH,ADVP,ADVP,ADJUNCT,ADJUNCT,WHADVP-1,WHADVP,MQ,MQ_ADJUNCT,
657,0,why do you want the door open?,1.0,-NONE-ABAR-WH-,T,WH,ADVP,ADVP,ADJUNCT,ADJUNCT,WHADVP-1,WHADVP,MQ,MQ_ADJUNCT,
658,0,where are you going?,1.0,-NONE-ABAR-WH-,T,WH,ADVP,ADVP,ADJUNCT,ADJUNCT,WHADVP-1,WHADVP,MQ,MQ_ADJUNCT,
660,0,where are you going?,1.0,-NONE-ABAR-WH-,T,WH,ADVP,ADVP,ADJUNCT,ADJUNCT,WHADVP-1,WHADVP,MQ,MQ_ADJUNCT,
661,0,where are you going?,1.0,-NONE-ABAR-WH-,T,WH,ADVP,ADVP,ADJUNCT,ADJUNCT,WHADVP-1,WHADVP,MQ,MQ_ADJUNCT,
662,0,what are you doing?,1.0,-NONE-ABAR-WH-,T,WH,NP,NP,OBJ,OBJ,WHNP-1-<INANIM>-<THEME-V1>,WHNP,MQ,MQ_OBJ,
665,0,what are you doing out there?,1.0,-NONE-ABAR-WH-,T,WH,NP,NP,OBJ,OBJ,WHNP-1-<INANIM>-<THEME-V1>,WHNP,MQ,MQ_OBJ,
667,0,"why don't you come in and sit in your chair, huh?",1.0,-NONE-ABAR-WH-,T,WH,ADVP,ADVP,ADJUNCT,ADJUNCT,WHADVP-1,WHADVP,MQ,MQ_ADJUNCT,
676,0,where is your horse?,1.0,-NONE-ABAR-WH-,T,WH,ADVP,ADVP,ADJUNCT,ADJUNCT,WHADVP-1,WHADVP,MQ,MQ_ADJUNCT,
700,0,where's the rest of it?,1.0,-NONE-ABAR-WH-,T,WH,ADVP,ADVP,ADJUNCT,ADJUNCT,WHADVP-1,WHADVP,MQ,MQ_ADJUNCT,
701,0,where's the top?,1.0,-NONE-ABAR-WH-,T,WH,ADVP,ADVP,ADJUNCT,ADJUNCT,WHADVP-1,WHADVP,MQ,MQ_ADJUNCT,
706,0,I don't know where you put it.,1.0,-NONE-ABAR-WH-,T,WH,ADVP,ADVP,ADJUNCT,ADJUNCT,WHADVP-1,WHADVP,EQ,EQ_ADJUNCT,know
714,0,"well not, where's the rest?",1.0,-NONE-ABAR-WH-,T,WH,ADVP,ADVP,ADJUNCT,ADJUNCT,WHADVP-1,WHADVP,MQ,MQ_ADJUNCT,
715,0,where's the other piece?,1.0,-NONE-ABAR-WH-,T,WH,ADVP,ADVP,ADJUNCT,ADJUNCT,WHADVP-1,WHADVP,MQ,MQ_ADJUNCT,
752,0,what do you want?,1.0,-NONE-ABAR-WH-,T,WH,NP,NP,OBJ,OBJ,WHNP-1-<INANIM>-<PATIENT-V1>,WHNP,MQ,MQ_OBJ,
754,0,what do you want?,1.0,-NONE-ABAR-WH-,T,WH,NP,NP,OBJ,OBJ,WHNP-1-<INANIM>-<PATIENT-V1>,WHNP,MQ,MQ_OBJ,
760,0,is that what you want?,1.0,-NONE-ABAR-WH-,T,WH,NP,NP,OBJ,OBJ,WHNP-1-<INANIM>-<SUBJMATT-V1>,WHNP,EQ,EQ_OBJ,want
766,0,who is that man?,1.0,-NONE-ABAR-WH-,T,WH,NP,NP,OBJ,OBJ,WHNP-1-<ANIM>,WHNP,MQ,MQ_OBJ,
767,0,what is that?,1.0,-NONE-ABAR-WH-,T,WH,NP,NP,OBJ,OBJ,WHNP-1-<INANIM>,WHNP,MQ,MQ_OBJ,
794,0,you could have some if you liked it,,,,POLAR,,,,POLAR,,,EQ,EQ_POLAR,have
801,0,you wouldn't eat a wiener if I fixed it for you,,,,POLAR,,,,POLAR,,,EQ,EQ_POLAR,eat
803,0,I don't know what you said.,1.0,-NONE-ABAR-WH-,T,WH,NP,NP,OBJ,OBJ,WHNP-1-<INANIM>-<THEME-V2>,WHNP,EQ,EQ_OBJ,know
815,0,what is that?,1.0,-NONE-ABAR-WH-,T,WH,NP,NP,OBJ,OBJ,WHNP-1-<INANIM>,WHNP,MQ,MQ_OBJ,
816,0,I don't know what you're saying.,1.0,-NONE-ABAR-WH-,T,WH,NP,NP,OBJ,OBJ,WHNP-1-<INANIM>-<THEME-V2>,WHNP,EQ,EQ_OBJ,know
818,0,what is that?,1.0,-NONE-ABAR-WH-,T,WH,NP,NP,OBJ,OBJ,WHNP-1-<INANIM>,WHNP,MQ,MQ_OBJ,
827,0,what are you going to do?,1.0,-NONE-A-RAISE-,T,OTHER,NP,NP,SUBJ,SUBJ,WHNP-1-<INANIM>-<THEME-V1>,WHNP,MQ,MQ_SUBJ,
827,1,what are you going to do?,1.0,-NONE-ABAR-WH-,T,WH,NP,NP,OBJ,OBJ,WHNP-1-<INANIM>-<THEME-V1>,WHNP,MQ,MQ_OBJ,
831,0,that's not for *NULL* babies to play in.,1.0,-NONE-ABAR-RC-,T,RC,NP,NP,OBJ,OBJ,WHNP-1-<INANIM>-<LOC-V1>,WHNP,EQ,EQ_OBJ,play
834,0,what's wrong with your finger?,1.0,-NONE-ABAR-WH-,T,WH,NP,NP,SUBJ,SUBJ,WHNP-1-<INANIM>,WHNP,MQ,MQ_SUBJ,
845,0,"you know how to count, don't you?",1.0,-NONE-ABAR-WH-,T,WH,ADVP,ADVP,ADJUNCT,ADJUNCT,WHADVP-1,WHADVP,EQ,EQ_ADJUNCT,know
856,0,why don't you leave those in there?,1.0,-NONE-ABAR-WH-,T,WH,ADVP,ADVP,ADJUNCT,ADJUNCT,WHADVP-1,WHADVP,MQ,MQ_ADJUNCT,
876,0,what are they doing?,1.0,-NONE-ABAR-WH-,T,WH,NP,NP,OBJ,OBJ,WHNP-1-<INANIM>-<THEME-V1>,WHNP,MQ,MQ_OBJ,
878,0,if that man falls down,,,,POLAR,,,,POLAR,,,EQ,EQ_POLAR,
880,0,what are those?,1.0,-NONE-ABAR-WH-,T,WH,NP,NP,OBJ,OBJ,WHNP-1-<INANIM>,WHNP,MQ,MQ_OBJ,
881,0,and what do you think of that?,1.0,-NONE-ABAR-WH-,T,WH,NP,NP,OBJ,OBJ,WHNP-1-<INANIM>,WHNP,EQ,EQ_OBJ,
898,0,who is that man?,1.0,-NONE-ABAR-WH-,T,WH,NP,NP,OBJ,OBJ,WHNP-1-<ANIM>,WHNP,MQ,MQ_OBJ,
903,0,what's that?,1.0,-NONE-ABAR-WH-,T,WH,NP,NP,OBJ,OBJ,WHNP-1-<INANIM>,WHNP,MQ,MQ_OBJ,
908,0,what's that?,1.0,-NONE-ABAR-WH-,T,WH,NP,NP,OBJ,OBJ,WHNP-1-<INANIM>,WHNP,MQ,MQ_OBJ,
911,0,what does that mean?,1.0,-NONE-ABAR-WH-,T,WH,NP,NP,OBJ,OBJ,WHNP-1-<INANIM>-<SUBJMATT-V1>,WHNP,MQ,MQ_OBJ,
921,0,what's it doing under there?,1.0,-NONE-ABAR-WH-,T,WH,NP,NP,OBJ,OBJ,WHNP-1-<INANIM>-<THEME-V1>,WHNP,MQ,MQ_OBJ,
930,0,we'll see what Lassie's doing.,1.0,-NONE-ABAR-WH-,T,WH,NP,NP,OBJ,OBJ,WHNP-1-<INANIM>-<THEME-V2>,WHNP,EQ,EQ_OBJ,see
932,0,what's that *NULL* you have on your head?,2.0,-NONE-ABAR-RC-,T,RC,NP,NP,OBJ,OBJ,WHNP-2-<INANIM>-<THEME-V1>,WHNP,RC,RC_OBJ,
932,1,what's that *NULL* you have on your head?,1.0,-NONE-ABAR-WH-,T,WH,NP,NP,SUBJ,SUBJ,WHNP-1-<INANIM>,WHNP,MQ,MQ_SUBJ,
936,0,what are you doing?,1.0,-NONE-ABAR-WH-,T,WH,NP,NP,OBJ,OBJ,WHNP-1-<INANIM>-<THEME-V1>,WHNP,MQ,MQ_OBJ,
957,0,look what I have here.,1.0,-NONE-ABAR-WH-,T,WH,NP,NP,OBJ,OBJ,WHNP-1-<INANIM>-<THEME-V2>,WHNP,EQ,EQ_OBJ,look
991,0,where's my pencil?,1.0,-NONE-ABAR-WH-,T,WH,ADVP,ADVP,ADJUNCT,ADJUNCT,WHADVP-1,WHADVP,MQ,MQ_ADJUNCT,
992,0,where's your pencil?,1.0,-NONE-ABAR-WH-,T,WH,ADVP,ADVP,ADJUNCT,ADJUNCT,WHADVP-1,WHADVP,MQ,MQ_ADJUNCT,
1002,0,what is that?,1.0,-NONE-ABAR-WH-,T,WH,NP,NP,OBJ,OBJ,WHNP-1-<INANIM>,WHNP,MQ,MQ_OBJ,
1007,0,what happened to your arm?,1.0,-NONE-ABAR-WH-,T,WH,NP,NP,SUBJ,SUBJ,WHNP-1-<INANIM>-<THEME-V1>,WHNP,MQ,MQ_SUBJ,
1017,0,what's dirty?,1.0,-NONE-ABAR-WH-,T,WH,NP,NP,SUBJ,SUBJ,WHNP-1-<INANIM>,WHNP,MQ,MQ_SUBJ,
1109,0,where is Papa?,1.0,-NONE-ABAR-WH-,T,WH,ADVP,ADVP,ADJUNCT,ADJUNCT,WHADVP-1,WHADVP,MQ,MQ_ADJUNCT,
1124,0,what is that?,1.0,-NONE-ABAR-WH-,T,WH,NP,NP,OBJ,OBJ,WHNP-1-<INANIM>,WHNP,MQ,MQ_OBJ,
1134,0,what's she eating?,1.0,-NONE-ABAR-WH-,T,WH,NP,NP,OBJ,OBJ,WHNP-1-<INANIM>,WHNP,MQ,MQ_OBJ,
1138,0,what do you want to touch?,1.0,-NONE-ABAR-WH-,T,WH,NP,NP,OBJ,OBJ,WHNP-1-<INANIM>-<PATIENT-V2>,WHNP,MQ,MQ_OBJ,
1139,0,what is that?,1.0,-NONE-ABAR-WH-,T,WH,NP,NP,OBJ,OBJ,WHNP-1-<INANIM>,WHNP,MQ,MQ_OBJ,
1153,0,if you're all done you may stand up.,,,,POLAR,,,,POLAR,,,EQ,EQ_POLAR,
1175,0,where are you going?,1.0,-NONE-ABAR-WH-,T,WH,ADVP,ADVP,ADJUNCT,ADJUNCT,WHADVP-1,WHADVP,MQ,MQ_ADJUNCT,
1182,0,what do you want?,1.0,-NONE-ABAR-WH-,T,WH,NP,NP,OBJ,OBJ,WHNP-1-<INANIM>,WHNP,MQ,MQ_OBJ,
1191,0,"what're you doing, Eve?",1.0,-NONE-ABAR-WH-,T,WH,NP,NP,OBJ,OBJ,WHNP-1-<INANIM>-<THEME-V1>,WHNP,MQ,MQ_OBJ,
1192,0,what're you doing on the table?,1.0,-NONE-ABAR-WH-,T,WH,NP,NP,OBJ,OBJ,WHNP-1-<INANIM>-<THEME-V1>,WHNP,MQ,MQ_OBJ,
1197,0,I'll go see if we got letters.,,,,POLAR,,,,POLAR,,,EQ,EQ_POLAR,see
1207,0,I'll see what Nana say.,1.0,-NONE-ABAR-WH-,T,WH,NP,NP,OBJ,OBJ,WHNP-1-<INANIM>-<THEME-V2>,WHNP,EQ,EQ_OBJ,see
1232,0,watch where you're going.,1.0,-NONE-ABAR-WH-,T,WH,NP,NP,OBJ,OBJ,WHADVP-1,WHADVP,EQ,EQ_OBJ,watch
1235,0,what are these?,1.0,-NONE-ABAR-WH-,T,WH,NP,NP,OBJ,OBJ,WHNP-1-<INANIM>,WHNP,MQ,MQ_OBJ,
1236,0,what do you see?,1.0,-NONE-ABAR-WH-,T,WH,NP,NP,OBJ,OBJ,WHNP-1-<INANIM>-<SUBJMATT-V1>,WHNP,MQ,MQ_OBJ,
1242,0,what's that?,1.0,-NONE-ABAR-WH-,T,WH,NP,NP,OBJ,OBJ,WHNP-1-<INANIM>,WHNP,MQ,MQ_OBJ,
1243,0,what are you doing?,1.0,-NONE-ABAR-WH-,T,WH,NP,NP,OBJ,OBJ,WHNP-1-<INANIM>-<THEME-V1>,WHNP,MQ,MQ_OBJ,
1252,0,why don't you sit on the little stool at the take?,1.0,-NONE-ABAR-WH-,T,WH,ADVP,ADVP,ADJUNCT,ADJUNCT,WHADVP-1,WHADVP,MQ,MQ_ADJUNCT,
1264,0,what are we going to do?,1.0,-NONE-A-RAISE-,T,OTHER,NP,NP,SUBJ,SUBJ,WHNP-1-<INANIM>-<THEME-V1>,WHNP,MQ,MQ_SUBJ,
1264,1,what are we going to do?,1.0,-NONE-ABAR-WH-,T,WH,NP,NP,OBJ,OBJ,WHNP-1-<INANIM>-<THEME-V1>,WHNP,MQ,MQ_OBJ,
1271,0,what are you doing?,1.0,-NONE-ABAR-WH-,T,WH,NP,NP,OBJ,OBJ,WHNP-1-<INANIM>-<THEME-V1>,WHNP,MQ,MQ_OBJ,
1276,0,"who's that, Eve?",1.0,-NONE-ABAR-WH-,T,WH,NP,NP,OBJ,OBJ,WHNP-1-<ANIM>,WHNP,MQ,MQ_OBJ,
1277,0,"what's that, Eve?",1.0,-NONE-ABAR-WH-,T,WH,NP,NP,OBJ,OBJ,WHNP-1-<INANIM>,WHNP,MQ,MQ_OBJ,
1279,0,what shall I do with it?,1.0,-NONE-ABAR-WH-,T,WH,NP,NP,OBJ,OBJ,WHNP-1-<INANIM>-<THEME-V1>,WHNP,MQ,MQ_OBJ,
1282,0,what shall I do with it?,1.0,-NONE-ABAR-WH-,T,WH,NP,NP,OBJ,OBJ,WHNP-1-<INANIM>-<THEME-V1>,WHNP,MQ,MQ_OBJ,
1283,0,what shall I do with it?,1.0,-NONE-ABAR-WH-,T,WH,NP,NP,OBJ,OBJ,WHNP-1-<INANIM>-<THEME-V1>,WHNP,MQ,MQ_OBJ,
1289,0,"what's that, Eve?",1.0,-NONE-ABAR-WH-,T,WH,NP,NP,OBJ,OBJ,WHNP-1-<INANIM>,WHNP,MQ,MQ_OBJ,
1290,0,what's that?,1.0,-NONE-ABAR-WH-,T,WH,NP,NP,OBJ,OBJ,WHNP-<INANIM>,WHNP,MQ,MQ_OBJ,
1302,0,"do you know what this is, Eve?",1.0,-NONE-ABAR-WH-,T,WH,NP,NP,ADJUNCT,ADJUNCT,WHNP-1-<INANIM>,WHNP,EQ,EQ_ADJUNCT,know
1308,0,why don't you put your head down on the pillow and take a nap?,1.0,-NONE-ABAR-WH-,T,WH,ADVP,ADVP,ADJUNCT,ADJUNCT,WHADVP-1,WHADVP,MQ,MQ_ADJUNCT,
1316,0,what are you doing with the radio?,1.0,-NONE-ABAR-WH-,T,WH,NP,NP,OBJ,OBJ,WHNP-1-<INANIM>-<THEME-V1>,WHNP,MQ,MQ_OBJ,
1323,0,I've got a book *NULL* you haven't seen before.,2.0,-NONE-ABAR-RC-,T,RC,NP,NP,OBJ,OBJ,WHNP-2-<INANIM>-<SUBJMATT-V2>,WHNP,RC,RC_OBJ,
1324,0,what's that?,1.0,-NONE-ABAR-WH-,T,WH,NP,NP,OBJ,OBJ,WHNP-1-<INANIM>,WHNP,MQ,MQ_OBJ,
1333,0,where's the butterfly?,1.0,-NONE-ABAR-WH-,T,WH,ADVP,ADVP,ADJUNCT,ADJUNCT,WHADVP-1,WHADVP,MQ,MQ_ADJUNCT,
1337,0,where's the butterfly.,1.0,-NONE-ABAR-WH-,T,WH,ADVP,ADVP,ADJUNCT,ADJUNCT,WHADVP-1,WHADVP,MQ,MQ_ADJUNCT,
1347,0,what's this book called?,1.0,-NONE-A-PASS-,T,OTHER,NP,NP,OBJ,OBJ,WHNP-1-<INANIM>-<PATIENT-V1>,WHNP,MQ,MQ_OBJ,
1347,1,what's this book called?,1.0,-NONE-ABAR-WH-,T,WH,NP,NP,OBJ,OBJ,WHNP-1-<INANIM>-<PATIENT-V1>,WHNP,MQ,MQ_OBJ,
1352,0,what's that?,1.0,-NONE-ABAR-WH-,T,WH,NP,NP,OBJ,OBJ,WHNP-1-<INANIM>,WHNP,MQ,MQ_OBJ,
1353,0,who's that?,1.0,-NONE-ABAR-WH-,T,WH,NP,NP,OBJ,OBJ,WHNP-<ANIM>,WHNP,MQ,MQ_OBJ,
1354,0,who's that?,1.0,-NONE-ABAR-WH-,T,WH,NP,NP,OBJ,OBJ,WHNP-1-<ANIM>,WHNP,MQ,MQ_OBJ,
1355,0,what's that?,1.0,-NONE-ABAR-WH-,T,WH,NP,NP,OBJ,OBJ,WHNP-1-<INANIM>,WHNP,MQ,MQ_OBJ,
1357,0,where are you going?,1.0,-NONE-ABAR-WH-,T,WH,ADVP,ADVP,ADJUNCT,ADJUNCT,WHADVP-1,WHADVP,MQ,MQ_ADJUNCT,
1358,0,"oh, what's that?",1.0,-NONE-ABAR-WH-,T,WH,NP,NP,OBJ,OBJ,WHNP-1-<INANIM>,WHNP,MQ,MQ_OBJ,
1368,0,what did you say?,1.0,-NONE-ABAR-WH-,T,WH,NP,NP,OBJ,OBJ,WHNP-1-<INANIM>-<THEME-V1>,WHNP,MQ,MQ_OBJ,
1371,0,who's that?,1.0,-NONE-ABAR-WH-,T,WH,NP,NP,OBJ,OBJ,WHNP-1-<ANIM>,WHNP,MQ,MQ_OBJ,
1389,0,what are those?,1.0,-NONE-ABAR-WH-,T,WH,NP,NP,OBJ,OBJ,WHNP-1-<INANIM>,WHNP,MQ,MQ_OBJ,
1395,0,if you touch it you're going to get burned.,,,,POLAR,,,,POLAR,,,EQ,EQ_POLAR,
1402,0,what's that *NULL* you're doing?,2.0,-NONE-ABAR-RC-,T,RC,NP,NP,OBJ,OBJ,WHNP-2-<INANIM>-<THEME-V1>,WHNP,EQ,EQ_OBJ,doing
1402,1,what's that *NULL* you're doing?,1.0,-NONE-ABAR-WH-,T,WH,NP,NP,SUBJ,SUBJ,WHNP-1-<INANIM>,WHNP,MQ,MQ_SUBJ,
1403,0,what's this?,1.0,-NONE-ABAR-WH-,T,WH,NP,NP,OBJ,OBJ,WHNP-1-<INANIM>,WHNP,MQ,MQ_OBJ,
1407,0,what's that?,1.0,-NONE-ABAR-WH-,T,WH,NP,NP,OBJ,OBJ,WHNP-1-<INANIM>,WHNP,MQ,MQ_OBJ,
1409,0,don't know what that is.,1.0,-NONE-ABAR-WH-,T,WH,NP,NP,OBJ,OBJ,WHNP-1-<INANIM>,WHNP,EQ,EQ_OBJ,know
1419,0,what's that?,1.0,-NONE-ABAR-WH-,T,WH,NP,NP,OBJ,OBJ,WHNP-1-<INANIM>,WHNP,MQ,MQ_OBJ,
1420,0,what's that?,1.0,-NONE-ABAR-WH-,T,WH,NP,NP,OBJ,OBJ,WHNP-1-<INANIM>,WHNP,MQ,MQ_OBJ,
1421,0,what's that?,1.0,-NONE-ABAR-WH-,T,WH,NP,NP,OBJ,OBJ,WHNP-1-<INANIM>,WHNP,MQ,MQ_OBJ,
1423,0,what's that?,1.0,-NONE-ABAR-WH-,T,WH,NP,NP,OBJ,OBJ,WHNP-1-<INANIM>,WHNP,MQ,MQ_OBJ,
1424,0,what's that?,1.0,-NONE-ABAR-WH-,T,WH,NP,NP,OBJ,OBJ,WHNP-1-<INANIM>,WHNP,MQ,MQ_OBJ,
1425,0,what's that?,1.0,-NONE-ABAR-WH-,T,WH,NP,NP,OBJ,OBJ,WHNP-1-<INANIM>,WHNP,MQ,MQ_OBJ,
1426,0,what is this in here?,1.0,-NONE-ABAR-WH-,T,WH,NP,NP,OBJ,OBJ,WHNP-1-<INANIM>,WHNP,MQ,MQ_OBJ,
1427,0,what is that?,1.0,-NONE-ABAR-WH-,T,WH,NP,NP,OBJ,OBJ,WHNP-1-<INANIM>,WHNP,MQ,MQ_OBJ,
1428,0,what are they doing?,1.0,-NONE-ABAR-WH-,T,WH,NP,NP,OBJ,OBJ,WHNP-1-<INANIM>-<THEME-V1>,WHNP,MQ,MQ_OBJ,
1429,0,what are they doing?,1.0,-NONE-ABAR-WH-,T,WH,NP,NP,OBJ,OBJ,WHNP-1-<INANIM>-<THEME-V1>,WHNP,MQ,MQ_OBJ,
1433,0,"where is your celery, Eve?",1.0,-NONE-ABAR-WH-,T,WH,ADVP,ADVP,ADJUNCT,ADJUNCT,WHADVP-1,WHADVP,MQ,MQ_ADJUNCT,
1434,0,where is your celery?,1.0,-NONE-ABAR-WH-,T,WH,ADVP,ADVP,ADJUNCT,ADJUNCT,WHADVP-1,WHADVP,MQ,MQ_ADJUNCT,
1441,0,where is your foot?,1.0,-NONE-ABAR-WH-,T,WH,ADVP,ADVP,ADJUNCT,ADJUNCT,WHADVP-1,WHADVP,MQ,MQ_ADJUNCT,
1446,0,I don't know if you can get out that way or not.,,,,POLAR,,,,POLAR,,,EQ,EQ_POLAR,know
1448,0,now what are you doing?,1.0,-NONE-ABAR-WH-,T,WH,NP,NP,OBJ,OBJ,WHNP-1-<INANIM>-<THEME-V1>,WHNP,MQ,MQ_OBJ,
1453,0,why don't we have lunch?,1.0,-NONE-ABAR-WH-,T,WH,ADVP,ADVP,ADJUNCT,ADJUNCT,WHADVP-1,WHADVP,MQ,MQ_ADJUNCT,
1495,0,what are you eating?,1.0,-NONE-ABAR-WH-,T,WH,NP,NP,OBJ,OBJ,WHNP-<INANIM>-<AGENT-V1>,WHNP,MQ,MQ_OBJ,
1511,0,when you get to be a big girl you can eat at a table too.,2.0,-NONE-ABAR-WH-,T,WH,ADVP,ADVP,ADJUNCT,ADJUNCT,WHADVP-2,WHADVP,EQ,EQ_ADJUNCT,
1513,0,when you get to be a big girl.,1.0,-NONE-ABAR-WH-,T,WH,ADVP,ADVP,ADJUNCT,ADJUNCT,WHADVP-1,WHADVP,EQ,EQ_ADJUNCT,
1526,0,"yes, you take a drink and see if you like it.",,,,POLAR,,,,POLAR,,,EQ,EQ_POLAR,see
1543,0,what's the baby doing?,1.0,-NONE-ABAR-WH-,T,WH,NP,NP,OBJ,OBJ,WHNP-1-<INANIM>-<THEME-V1>,WHNP,MQ,MQ_OBJ,
1547,0,when you get to be a big girl you eat at the table.,2.0,-NONE-ABAR-WH-,T,WH,ADVP,ADVP,ADJUNCT,ADJUNCT,WHADVP-2,WHADVP,EQ,EQ_ADJUNCT,
1552,0,"no, if you're going to eat you have to sit down in your chair.",,,,POLAR,,,,POLAR,,,EQ,EQ_POLAR,
1560,0,now what did you say?,1.0,-NONE-ABAR-WH-,T,WH,NP,NP,OBJ,OBJ,WHNP-1-<INANIM>-<THEME-V1>,WHNP,MQ,MQ_OBJ,
1580,0,what did Mommy do with your eggnog?,1.0,-NONE-ABAR-WH-,T,WH,NP,NP,OBJ,OBJ,WHNP-1-<INANIM>-<THEME-V1>,WHNP,MQ,MQ_OBJ,
1596,0,what are you going to read?,2.0,-NONE-ABAR-WH-,T,WH,NP,NP,OBJ,OBJ,WHNP-2-<INANIM>-<PATIENT-V1>,WHNP,MQ,MQ_OBJ,
1599,0,what are you going to read?,1.0,-NONE-ABAR-WH-,T,WH,NP,NP,OBJ,OBJ,WHNP-1-<INANIM>-<PATIENT-V1>,WHNP,MQ,MQ_OBJ,
1602,0,is that the best *NULL* you can do?,1.0,-NONE-ABAR-RC-,T,RC,VP,VP,ADJUNCT,ADJUNCT,WHNP-1-<INANIM>-<THEME-V1>,WHNP,RC,RC_ADJUNCT,
1604,0,"what do you want, honey?",1.0,-NONE-ABAR-WH-,T,WH,NP,NP,OBJ,OBJ,WHNP-1-<INANIM>-<SUBJMATT-V1>,WHNP,MQ,MQ_OBJ,
1608,0,what's that?,1.0,-NONE-ABAR-WH-,T,WH,NP,NP,OBJ,OBJ,WHNP-1-<INANIM>,WHNP,MQ,MQ_OBJ,
1641,0,where are yours?,1.0,-NONE-ABAR-WH-,T,WH,ADVP-1,ADVP,ADJUNCT,ADJUNCT,WHADVP-1,WHADVP,MQ,MQ_ADJUNCT,
1644,0,what do you want?,1.0,-NONE-ABAR-WH-,T,WH,NP,NP,OBJ,OBJ,WHNP-1-<INANIM>-<SUBJMATT-V1>,WHNP,MQ,MQ_OBJ,
1646,0,what do you say now?,1.0,-NONE-ABAR-WH-,T,WH,NP,NP,OBJ,OBJ,WHNP-1-<INANIM>-<THEME-V1>,WHNP,MQ,MQ_OBJ,
1674,0,"Eve, why don't you drink it out of the cup?",1.0,-NONE-ABAR-WH-,T,WH,ADVP,ADVP,ADJUNCT,ADJUNCT,WHADVP-1,WHADVP,MQ,MQ_ADJUNCT,
1691,0,this is how I drink my coffee.,1.0,-NONE-ABAR-WH-,T,WH,ADVP,ADVP,ADJUNCT,ADJUNCT,WHADVP-1,WHADVP,EQ,EQ_ADJUNCT,drink
1712,0,what happened?,1.0,-NONE-ABAR-WH-,T,WH,NP,NP,SUBJ,SUBJ,WHNP-1-<INANIM>-<THEME-V1>,WHNP,MQ,MQ_SUBJ,
1717,0,what did you hurt?,1.0,-NONE-ABAR-WH-,T,WH,NP,NP,OBJ,OBJ,WHNP-1-<INANIM>-<PATIENT-V1>,WHNP,MQ,MQ_OBJ,
1718,0,what did you hurt?,1.0,-NONE-ABAR-WH-,T,WH,NP,NP,OBJ,OBJ,WHNP-1-<INANIM>-<PATIENT-V1>,WHNP,MQ,MQ_OBJ,
1719,0,what's that?,1.0,-NONE-ABAR-WH-,T,WH,NP,NP,OBJ,OBJ,WHNP-<INANIM>,WHNP,MQ,MQ_OBJ,
1728,0,would you like to have two of those *NULL* to play with?,1.0,-NONE-ABAR-RC-,T,RC,NP,NP,OBJ,OBJ,WHNP-1-<INANIM>-<PATIENT-V3>,WHNP,RC,RC_OBJ,
1730,0,Mommy have two *NULL* to play with too.,1.0,-NONE-ABAR-RC-,T,RC,NP,NP,OBJ,OBJ,WHNP-1-<INANIM>-<PATIENT-V2>,WHNP,RC,RC_OBJ,
1733,0,why don't you count from one?,1.0,-NONE-ABAR-WH-,T,WH,ADVP,ADVP,ADJUNCT,ADJUNCT,WHADVP,WHADVP,MQ,MQ_ADJUNCT,
1734,0,why don't you start from one?,1.0,-NONE-ABAR-WH-,T,WH,ADVP,ADVP,ADJUNCT,ADJUNCT,WHADVP-1,WHADVP,MQ,MQ_ADJUNCT,
1743,0,that's all *NULL* I have.,1.0,-NONE-ABAR-RC-,T,RC,NP,NP,OBJ,OBJ,WHNP-1-<INANIM>-<THEME-V1>,WHNP,RC,RC_OBJ,
1761,0,what are you going to do now?,1.0,-NONE-A-RAISE-,T,OTHER,NP,NP,SUBJ,SUBJ,WHNP-1-<INANIM>-<THEME-V1>,WHNP,MQ,MQ_SUBJ,
1761,1,what are you going to do now?,1.0,-NONE-ABAR-WH-,T,WH,NP,NP,OBJ,OBJ,WHNP-1-<INANIM>-<THEME-V1>,WHNP,MQ,MQ_OBJ,
1773,0,what's that *NULL* you're getting?,2.0,-NONE-ABAR-RC-,T,RC,NP,NP,OBJ,OBJ,WHNP-2-<PATIENT-V1>,WHNP,RC,RC_OBJ,
1773,1,what's that *NULL* you're getting?,1.0,-NONE-ABAR-WH-,T,WH,NP,NP,OBJ,OBJ,WHNP-1-<INANIM>,WHNP,MQ,MQ_OBJ,
1774,0,what is it?,1.0,-NONE-ABAR-WH-,T,WH,NP,NP,OBJ,OBJ,WHNP-<INANIM>,WHNP,MQ,MQ_OBJ,
1786,0,where are the books?,1.0,-NONE-ABAR-WH-,T,WH,ADVP,ADVP,ADJUNCT,ADJUNCT,WHADVP-1,WHADVP,MQ,MQ_ADJUNCT,
1787,0,"Eve, where are the books?",1.0,-NONE-ABAR-WH-,T,WH,ADVP,ADVP,ADJUNCT,ADJUNCT,WHADVP-1,WHADVP,MQ,MQ_ADJUNCT,
1794,0,what's wrong with him?,1.0,-NONE-ABAR-WH-,T,WH,NP,NP,SUBJ,SUBJ,WHNP-1-<INANIM>,WHNP,MQ,MQ_SUBJ,
1811,0,I have things *NULL* to do and then we'll read.,2.0,-NONE-ABAR-RC-,T,RC,NP,NP,OBJ,OBJ,WHNP-2-<INANIM>-<PATIENT-V2>,WHNP,RC,RC_OBJ,
1836,0,what's that?,1.0,-NONE-ABAR-WH-,T,WH,NP,NP,OBJ,OBJ,WHNP-1-<INANIM>,WHNP,MQ,MQ_OBJ,
1848,0,what's happening?,1.0,-NONE-ABAR-WH-,T,WH,NP,NP,SUBJ,SUBJ,WHNP-1-<INANIM>-<THEME-V1>,WHNP,MQ,MQ_SUBJ,
1850,0,what's happening?,1.0,-NONE-ABAR-WH-,T,WH,NP,NP,SUBJ,SUBJ,WHNP-1-<INANIM>-<THEME-V1>,WHNP,MQ,MQ_SUBJ,
1859,0,what are you doing?,1.0,-NONE-ABAR-WH-,T,WH,NP,NP,OBJ,OBJ,WHNP-1-<INANIM>-<THEME-V1>,WHNP,MQ,MQ_OBJ,
1860,0,where is your pencil?,1.0,-NONE-ABAR-WH-,T,WH,ADVP,ADVP,ADJUNCT,ADJUNCT,WHADVP-1,WHADVP,MQ,MQ_ADJUNCT,
1861,0,where's my pencil?,1.0,-NONE-ABAR-WH-,T,WH,ADVP,ADVP,ADJUNCT,ADJUNCT,WHADVP-1,WHADVP,MQ,MQ_ADJUNCT,
1862,0,where's my pencil?,1.0,-NONE-ABAR-WH-,T,WH,ADVP,ADVP,ADJUNCT,ADJUNCT,WHADVP-1,WHADVP,MQ,MQ_ADJUNCT,
1863,0,where's your pencil?,1.0,-NONE-ABAR-WH-,T,WH,ADVP,ADVP,ADJUNCT,ADJUNCT,WHADVP-1,WHADVP,MQ,MQ_ADJUNCT,
1869,0,what's this?,1.0,-NONE-ABAR-WH-,T,WH,NP,NP,OBJ,OBJ,WHNP-1-<INANIM>,WHNP,MQ,MQ_OBJ,
1875,0,what are you doing?,1.0,-NONE-ABAR-WH-,T,WH,NP,NP,OBJ,OBJ,WHNP-1-<INANIM>-<THEME-V1>,WHNP,MQ,MQ_OBJ,
1880,0,"that's a pretty outfit *NULL* you have on, Eve.",1.0,-NONE-ABAR-RC-,T,RC,NP,NP,OBJ,OBJ,WHNP-1-<INANIM>-<PATIENT-V1>,WHNP,RC,RC_OBJ,
1884,0,will you tell me what you've been doing this morning?,1.0,-NONE-ABAR-WH-,T,WH,NP,NP,OBJ,OBJ,WHNP-1-<INANIM>-<THEME-V2>,WHNP,EQ,EQ_OBJ,tell
1892,0,"well, what else have you been doing?",1.0,-NONE-ABAR-WH-,T,WH,NP,NP,OBJ,OBJ,WHNP-1-<INANIM>-<THEME-V1>,WHNP,MQ,MQ_OBJ,
1893,0,"what are you writing, Eve?",1.0,-NONE-ABAR-WH-,T,WH,NP,NP,OBJ,OBJ,WHNP-1-<INANIM>-<PATIENT-V1>,WHNP,MQ,MQ_OBJ,
1901,0,"how are the fishes doing, Eve?",1.0,-NONE-ABAR-WH-,T,WH,ADVP,ADVP,ADJUNCT,ADJUNCT,WHADVP-1,WHADVP,MQ,MQ_ADJUNCT,
1903,0,how are the fish?,1.0,-NONE-ABAR-WH-,T,WH,ADVP,ADVP,ADJUNCT,ADJUNCT,WHADVP-1,WHADVP,MQ,MQ_ADJUNCT,
1917,0,what else are you going To bring?,1.0,-NONE-A-RAISE-,T,OTHER,NP,NP,SUBJ,SUBJ,WHNP-1-<INANIM>-<PATIENT-V1>,WHNP,MQ,MQ_SUBJ,
1917,1,what else are you going To bring?,1.0,-NONE-ABAR-WH-,T,WH,NP,NP,OBJ,OBJ,WHNP-1-<INANIM>-<PATIENT-V1>,WHNP,MQ,MQ_OBJ,
1924,0,what are you going to do with it?,1.0,-NONE-ABAR-WH-,T,WH,NP,NP,OBJ,OBJ,WHNP-1-<INANIM>-<THEME-V1>,WHNP,MQ,MQ_OBJ,
1926,0,what are you going To do with them?,1.0,-NONE-ABAR-WH-,T,WH,NP,NP,OBJ,OBJ,WHNP-1-<INANIM>-<THEME-V1>,WHNP,MQ,MQ_OBJ,
1927,0,where are you going To put them?,1.0,-NONE-ABAR-WH-,T,WH,ADVP,ADVP,ADJUNCT,ADJUNCT,WHADVP-1,WHADVP,MQ,MQ_ADJUNCT,
1948,0,what had happened to Humm?,1.0,-NONE-ABAR-WH-,T,WH,NP,NP,SUBJ,SUBJ,WHNP-1-<INANIM>-<THEME-V1>,WHNP,MQ,MQ_SUBJ,
1950,0,what's that *NULL* he's got on his foot?,2.0,-NONE-ABAR-RC-,T,RC,NP,NP,OBJ,OBJ,WHNP-2-<PATIENT-V1>,WHNP,RC,RC_OBJ,
1950,1,what's that *NULL* he's got on his foot?,1.0,-NONE-ABAR-WH-,T,WH,NP,NP,OBJ,OBJ,WHNP-1-<INANIM>,WHNP,MQ,MQ_OBJ,
1960,0,where is it?,1.0,-NONE-ABAR-WH-,T,WH,ADVP,ADVP,ADJUNCT,ADJUNCT,WHADVP-1,WHADVP,MQ,MQ_ADJUNCT,
1967,0,and cheese *NULL* you're going To have too.,2.0,-NONE-ABAR-RC-,T,RC,NP,NP,OBJ,OBJ,WHNP-2-<INANIM>-<PATIENT-V1>,WHNP,RC,RC_OBJ,
1969,0,what are you doing?,1.0,-NONE-ABAR-WH-,T,WH,NP,NP,OBJ,OBJ,WHNP-1-<INANIM>-<THEME-V1>,WHNP,MQ,MQ_OBJ,
1993,0,what's what?,1.0,-NONE-ABAR-WH-,T,WH,NP,NP,OBJ,OBJ,WHNP-1-<INANIM>,WHNP,MQ,MQ_OBJ,
1996,0,what is this?,1.0,-NONE-ABAR-WH-,T,WH,NP,NP,OBJ,OBJ,WHNP-1-<INANIM>,WHNP,MQ,MQ_OBJ,
2009,0,what is that?,1.0,-NONE-ABAR-WH-,T,WH,NP,NP,OBJ,OBJ,WHNP-1-<INANIM>,WHNP,MQ,MQ_OBJ,
2012,0,what is that?,1.0,-NONE-ABAR-WH-,T,WH,NP,NP,SUBJ,SUBJ,WHNP-1-<INANIM>,WHNP,MQ,MQ_SUBJ,
2056,0,what are you doing?,1.0,-NONE-ABAR-WH-,T,WH,NP,NP,OBJ,OBJ,WHNP-1-<INANIM>-<THEME-V1>,WHNP,MQ,MQ_OBJ,
2084,0,"what did you say, Eve?",1.0,-NONE-ABAR-WH-,T,WH,NP,NP,OBJ,OBJ,WHNP-1-<INANIM>-<THEME-V1>,WHNP,MQ,MQ_OBJ,
2129,0,and what else would you like for lunch?,1.0,-NONE-ABAR-WH-,T,WH,NP,NP,OBJ,OBJ,WHNP-1-<INANIM>-<SUBJMATT-V1>,WHNP,EQ,EQ_OBJ,
2151,0,what's the tape recorder doing eh?,1.0,-NONE-ABAR-WH-,T,WH,NP,NP,OBJ,OBJ,WHNP-1-<INANIM>-<THEME-V1>,WHNP,MQ,MQ_OBJ,
2152,0,what does it do?,1.0,-NONE-ABAR-WH-,T,WH,NP,NP,OBJ,OBJ,WHNP-1-<INANIM>-<THEME-V1>,WHNP,MQ,MQ_OBJ,
2153,0,what does the tape recorder do?,1.0,-NONE-ABAR-WH-,T,WH,NP,NP,OBJ,OBJ,WHNP-1-<INANIM>-<THEME-V1>,WHNP,MQ,MQ_OBJ,
2159,0,that's what the taperecorder's doing.,1.0,-NONE-ABAR-WH-,T,WH,NP,NP,OBJ,OBJ,WHNP-1-<INANIM>-<THEME-V1>,WHNP,EQ,EQ_OBJ,doing
2162,0,there's a round tinkertoy that we build with.,1.0,-NONE-ABAR-RC-,T,RC,NP,NP,OBJ,OBJ,WHNP-1-<INANIM>-<INSTR-V1>,WHNP,RC,RC_OBJ,
2173,0,why don't we change your diaper?,1.0,-NONE-ABAR-WH-,T,WH,ADVP,ADVP,ADJUNCT,ADJUNCT,WHADVP-1,WHADVP,MQ,MQ_ADJUNCT,
2187,0,how many tinkertoys do you have?,1.0,-NONE-ABAR-WH-,T,WH,NP,NP,OBJ,OBJ,WHNP-1-<INANIM>-<THEME-V1>,WHNP,MQ,MQ_OBJ,
2198,0,what's happening to Cromer?,1.0,-NONE-ABAR-WH-,T,WH,NP,NP,SUBJ,SUBJ,WHNP-1-<INANIM>-<THEME-V1>,WHNP,MQ,MQ_SUBJ,
2210,0,why don't you write on your own paper.,1.0,-NONE-ABAR-WH-,T,WH,ADVP,ADVP,ADJUNCT,ADJUNCT,WHADVP-1,WHADVP,MQ,MQ_ADJUNCT,
2232,0,who do you see?,1.0,-NONE-ABAR-WH-,T,WH,NP,NP,OBJ,OBJ,WHNP-1-<ANIM>-<SUBJMATT-V1>,WHNP,MQ,MQ_OBJ,
2248,0,what are you doing?,1.0,-NONE-ABAR-WH-,T,WH,NP,NP,OBJ,OBJ,WHNP-1-<INANIM>-<THEME-V1>,WHNP,MQ,MQ_OBJ,
2292,0,now how many letters do you have?,1.0,-NONE-ABAR-WH-,T,WH,NP,NP,OBJ,OBJ,WHNP-1-<INANIM>-<THEME-V1>,WHNP,MQ,MQ_OBJ,
2294,0,how many letters do I have?,1.0,-NONE-ABAR-WH-,T,WH,NP,NP,OBJ,OBJ,WHNP-1-<INANIM>-<THEME-V1>,WHNP,MQ,MQ_OBJ,
2320,0,"if you get down any further, Eve, I 'm going to have to sit on the",,,,POLAR,,,,POLAR,,,EQ,EQ_POLAR,
2321,0,what is that?,1.0,-NONE-ABAR-WH-,T,WH,NP,NP,OBJ,OBJ,WHNP-1-<INANIM>,WHNP,MQ,MQ_OBJ,
2326,0,"oh, what's that?",1.0,-NONE-ABAR-WH-,T,WH,NP,NP,OBJ,OBJ,WHNP-1-<INANIM>,WHNP,MQ,MQ_OBJ,
2329,0,what is that?,1.0,-NONE-ABAR-WH-,T,WH,NP,NP,OBJ,OBJ,WHNP-1-<INANIM>,WHNP,MQ,MQ_OBJ,
2334,0,what is that?,1.0,-NONE-ABAR-WH-,T,WH,NP,NP,OBJ,OBJ,WHNP-1-<INANIM>,WHNP,MQ,MQ_OBJ,
2336,0,what is that?,1.0,-NONE-ABAR-WH-,T,WH,NP,NP,OBJ,OBJ,WHNP-1-<INANIM>,WHNP,MQ,MQ_OBJ,
2338,0,what is that?,1.0,-NONE-ABAR-WH-,T,WH,NP,NP,OBJ,OBJ,WHNP-1-<INANIM>,WHNP,MQ,MQ_OBJ,
2361,0,why why don't you show it to me?,1.0,-NONE-ABAR-WH-,T,WH,ADVP,ADVP,ADJUNCT,ADJUNCT,WHADVP-1,WHADVP,MQ,MQ_ADJUNCT,
2379,0,what do you want me to do with his shoe?,1.0,-NONE-ABAR-WH-,T,WH,NP,NP,OBJ,OBJ,WHNP-1-<INANIM>-<THEME-V2>,WHNP,MQ,MQ_OBJ,
2381,0,what shall I do with it?,1.0,-NONE-ABAR-WH-,T,WH,NP,NP,OBJ,OBJ,WHNP-1-<INANIM>-<THEME-V1>,WHNP,MQ,MQ_OBJ,
2417,0,"what did you say, Eve?",1.0,-NONE-ABAR-WH-,T,WH,NP,NP,OBJ,OBJ,WHNP-1-<INANIM>-<THEME-V1>,WHNP,MQ,MQ_OBJ,
2420,0,"yeah, I know where you are.",1.0,-NONE-ABAR-WH-,T,WH,ADVP,ADVP,ADJUNCT,ADJUNCT,WHADVP-1,WHADVP,EQ,EQ_ADJUNCT,know
2423,0,you know what that is.,1.0,-NONE-ABAR-WH-,T,WH,NP,NP,OBJ,OBJ,WHNP-1-<INANIM>,WHNP,EQ,EQ_OBJ,know
2424,0,what is that?,1.0,-NONE-ABAR-WH-,T,WH,NP,NP,OBJ,OBJ,WHNP-1-<INANIM>,WHNP,MQ,MQ_OBJ,
2452,0,I'll look and see if can find one.,,,,POLAR,,,,POLAR,,,EQ,EQ_POLAR,see
2458,0,"oh haha, I know what you want.",1.0,-NONE-ABAR-WH-,T,WH,NP,NP,OBJ,OBJ,WHNP-1-<INANIM>-<PATIENT-V2>,WHNP,EQ,EQ_OBJ,know
2459,0,"where's your paper, Eve?",1.0,-NONE-ABAR-WH-,T,WH,ADVP,ADVP,ADJUNCT,ADJUNCT,WHADVP-1,WHADVP,MQ,MQ_ADJUNCT,
2460,0,where is it?,1.0,-NONE-ABAR-WH-,T,WH,ADVP,ADVP,ADJUNCT,ADJUNCT,WHADVP-1,WHADVP,MQ,MQ_ADJUNCT,
2465,0,"no, there's nothing else that's interesting there.",1.0,-NONE-ABAR-RC-,T,RC,NP,NP,SUBJ,SUBJ,WHNP-1-<INANIM>,WHNP,RC,RC_SUBJ,
2476,0,you don't know how to crack the nuts.,1.0,-NONE-ABAR-WH-,T,WH,ADVP,ADVP,ADJUNCT,ADJUNCT,WHADVP-1,WHADVP,EQ,EQ_ADJUNCT,know
2486,0,why don't you see if the tinkertoy would crack the nut.,,,,POLAR,,,,POLAR,,,EQ,EQ_POLAR,see
2486,1,why don't you see if the tinkertoy would crack the nut.,1.0,-NONE-ABAR-WH-,T,WH,ADVP,ADVP,ADJUNCT,ADJUNCT,WHADVP-1,WHADVP,MQ,MQ_ADJUNCT,
2500,0,why don't you use your tinkertoy?,1.0,-NONE-ABAR-WH-,T,WH,ADVP,ADVP,ADJUNCT,ADJUNCT,WHADVP-1,WHADVP,MQ,MQ_ADJUNCT,
2521,0,where is Cromer?,1.0,-NONE-ABAR-WH-,T,WH,ADVP,ADVP,ADJUNCT,ADJUNCT,WHADVP-1,WHADVP,MQ,MQ_ADJUNCT,
2522,0,where is Fraser?,1.0,-NONE-ABAR-WH-,T,WH,ADVP,ADVP,ADJUNCT,ADJUNCT,WHADVP-1,WHADVP,MQ,MQ_ADJUNCT,
2540,0,what are you going to do in there?,1.0,-NONE-ABAR-WH-,T,WH,NP,NP,OBJ,OBJ,WHNP-1-<INANIM>-<THEME-V1>,WHNP,MQ,MQ_OBJ,
2592,0,if you throw it once more I 'm going to take it away.,,,,POLAR,,,,POLAR,,,EQ,EQ_POLAR,
2597,0,"well, what's the difference?",1.0,-NONE-ABAR-WH-,T,WH,NP,NP,OBJ,OBJ,WHNP-1-<INANIM>,WHNP,MQ,MQ_OBJ,
2629,0,"well, what is this?",1.0,-NONE-ABAR-WH-,T,WH,NP,NP,OBJ,OBJ,WHNP-1-<INANIM>,WHNP,MQ,MQ_OBJ,
2665,0,would you go see if Fraser's coffee is all gone?,,,,POLAR,,,,POLAR,,,EQ,EQ_POLAR,see
2671,0,whose coffee's all gone?,1.0,-NONE-ABAR-WH-,T,WH,NP,NP,SUBJ,SUBJ,WHNP-1-<INANIM>,WHNP,MQ,MQ_SUBJ,
2699,0,what are you doing?,1.0,-NONE-ABAR-WH-,T,WH,NP,NP,OBJ,OBJ,WHNP-1-<INANIM>-<THEME-V1>,WHNP,MQ,MQ_OBJ,
2701,0,what are you doing?,1.0,-NONE-ABAR-WH-,T,WH,NP,NP,OBJ,OBJ,WHNP-1-<INANIM>-<THEME-V1>,WHNP,MQ,MQ_OBJ,
2704,0,whose hat is that?,1.0,-NONE-ABAR-WH-,T,WH,NP,NP,OBJ,OBJ,WHNP-1-<INANIM>,WHNP,MQ,MQ_OBJ,
2707,0,where is Eve?,1.0,-NONE-ABAR-WH-,T,WH,ADVP,ADVP,ADJUNCT,ADJUNCT,WHADVP-1,WHADVP,MQ,MQ_ADJUNCT,
2713,0,let's see if we can find the banjo.,,,,POLAR,,,,POLAR,,,EQ,EQ_POLAR,see
2714,0,where is it?,1.0,-NONE-ABAR-WH-,T,WH,ADVP,ADVP,ADJUNCT,ADJUNCT,WHADVP-1,WHADVP,MQ,MQ_ADJUNCT,
2715,0,where is the banjo?,1.0,-NONE-ABAR-WH-,T,WH,ADVP,ADVP,ADJUNCT,ADJUNCT,WHADVP-1,WHADVP,MQ,MQ_ADJUNCT,
2717,0,where is the banjo?,1.0,-NONE-ABAR-WH-,T,WH,ADVP,ADVP,ADJUNCT,ADJUNCT,WHADVP-1,WHADVP,MQ,MQ_ADJUNCT,
2719,0,where are you?,1.0,-NONE-ABAR-WH-,T,WH,ADVP,ADVP,ADJUNCT,ADJUNCT,WHADVP-1,WHADVP,MQ,MQ_ADJUNCT,
2736,0,what's he doing?,1.0,-NONE-ABAR-WH-,T,WH,NP,NP,OBJ,OBJ,WHNP-1-<INANIM>-<THEME-V1>,WHNP,MQ,MQ_OBJ,
2769,0,what are you doing?,1.0,-NONE-ABAR-WH-,T,WH,NP,NP,OBJ,OBJ,WHNP-1-<INANIM>-<THEME-V1>,WHNP,MQ,MQ_OBJ,
2777,0,"well, what do you want me to do?",1.0,-NONE-ABAR-WH-,T,WH,NP,NP,OBJ,OBJ,WHNP-1-<INANIM>-<THEME-V2>,WHNP,MQ,MQ_OBJ,
2780,0,what do you want me to do?,1.0,-NONE-ABAR-WH-,T,WH,NP,NP,OBJ,OBJ,WHNP-1-<INANIM>-<THEME-V2>,WHNP,MQ,MQ_OBJ,
2782,0,"well, what do you want me to do.",1.0,-NONE-ABAR-WH-,T,WH,NP,NP,OBJ,OBJ,WHNP-1-<INANIM>-<THEME-V2>,WHNP,MQ,MQ_OBJ,
2791,0,what are you saying?,1.0,-NONE-ABAR-WH-,T,WH,NP,NP,OBJ,OBJ,WHNP-1-<INANIM>-<THEME-V1>,WHNP,MQ,MQ_OBJ,
2832,0,why don't you play with them on the table.,1.0,-NONE-ABAR-WH-,T,WH,ADVP,ADVP,ADJUNCT,ADJUNCT,WHADVP-1,WHADVP,MQ,MQ_ADJUNCT,
2849,0,you say what I say.,1.0,-NONE-ABAR-WH-,T,WH,NP,NP,OBJ,OBJ,WHNP-1-<INANIM>-<THEME-V2>,WHNP,EQ,EQ_OBJ,say
2861,0,"why willn't you say it, Eve?",1.0,-NONE-ABAR-WH-,T,WH,ADVP,ADVP,ADJUNCT,ADJUNCT,WHADVP-1,WHADVP,MQ,MQ_ADJUNCT,
2865,0,"where's the big one, Eve?",1.0,-NONE-ABAR-WH-,T,WH,ADVP,ADVP,ADJUNCT,ADJUNCT,WHADVP-1,WHADVP,MQ,MQ_ADJUNCT,
2875,0,why did you take it off?,1.0,-NONE-ABAR-WH-,T,WH,ADVP,ADVP,ADJUNCT,ADJUNCT,WHADVP-1,WHADVP,MQ,MQ_ADJUNCT,
2884,0,what are you doing?,1.0,-NONE-ABAR-WH-,T,WH,NP,NP,OBJ,OBJ,WHNP-1-<INANIM>-<THEME-V1>,WHNP,MQ,MQ_OBJ,
2888,0,"what are you doing, Eve?",1.0,-NONE-ABAR-WH-,T,WH,NP,NP,OBJ,OBJ,WHNP-1-<INANIM>-<THEME-V1>,WHNP,MQ,MQ_OBJ,
2890,0,where's the big one?,1.0,-NONE-ABAR-WH-,T,WH,ADVP,ADVP,ADJUNCT,ADJUNCT,WHADVP-1,WHADVP,MQ,MQ_ADJUNCT,
2891,0,where is the big tinkertoy?,1.0,-NONE-ABAR-WH-,T,WH,ADVP,ADVP,ADJUNCT,ADJUNCT,WHADVP-1,WHADVP,MQ,MQ_ADJUNCT,
2892,0,where's the little tinkertoy?,1.0,-NONE-ABAR-WH-,T,WH,ADVP,ADVP,ADJUNCT,ADJUNCT,WHADVP-1,WHADVP,MQ,MQ_ADJUNCT,
2900,0,what's this?,1.0,-NONE-ABAR-WH-,T,WH,NP,NP,OBJ,OBJ,WHNP-1-<INANIM>,WHNP,MQ,MQ_OBJ,
2909,0,what are you going to do now?,1.0,-NONE-ABAR-WH-,T,WH,NP,NP,OBJ,OBJ,WHNP-1-<INANIM>-<THEME-V1>,WHNP,MQ,MQ_OBJ,
2916,0,where are they?,1.0,-NONE-ABAR-WH-,T,WH,ADVP,ADVP,ADJUNCT,ADJUNCT,WHADVP-1,WHADVP,MQ,MQ_ADJUNCT,
2923,0,"where's the little red bicycle, Eve?",1.0,-NONE-ABAR-WH-,T,WH,ADVP,ADVP,ADJUNCT,ADJUNCT,WHADVP-1,WHADVP,MQ,MQ_ADJUNCT,
2924,0,where is it?,1.0,-NONE-ABAR-WH-,T,WH,ADVP,ADVP,ADJUNCT,ADJUNCT,WHADVP-1,WHADVP,MQ,MQ_ADJUNCT,
2932,0,when's Cromer coming?,1.0,-NONE-ABAR-WH-,T,WH,ADVP,ADVP,ADJUNCT,ADJUNCT,WHADVP-1,WHADVP,MQ,MQ_ADJUNCT,
2936,0,why don't you jump in the livingroom?,1.0,-NONE-ABAR-WH-,T,WH,ADVP,ADVP,ADJUNCT,ADJUNCT,WHADVP-1,WHADVP,MQ,MQ_ADJUNCT,
2939,0,what are you doing?,1.0,-NONE-ABAR-WH-,T,WH,NP,NP,OBJ,OBJ,WHNP-1-<INANIM>-<THEME-V1>,WHNP,MQ,MQ_OBJ,
2946,0,what is that?,1.0,-NONE-ABAR-WH-,T,WH,NP,NP,OBJ,OBJ,WHNP-1-<INANIM>,WHNP,MQ,MQ_OBJ,
2948,0,but what is it?,1.0,-NONE-ABAR-WH-,T,WH,NP,NP,OBJ,OBJ,WHNP-1-<INANIM>,WHNP,MQ,MQ_OBJ,
2956,0,what is that?,1.0,-NONE-ABAR-WH-,T,WH,NP,NP,OBJ,OBJ,WHNP-1-<INANIM>,WHNP,MQ,MQ_OBJ,
2960,0,you can play with the bouillon cubes if you put the blocks back in.,,,,POLAR,,,,POLAR,,,EQ,EQ_POLAR,play
2969,0,why were you crying?,1.0,-NONE-ABAR-WH-,T,WH,ADVP,ADVP,ADJUNCT,ADJUNCT,WHADVP-1,WHADVP,MQ,MQ_ADJUNCT,
2972,0,what is that tinkertoy doing in there?,1.0,-NONE-ABAR-WH-,T,WH,NP,NP,OBJ,OBJ,WHNP-1-<INANIM>-<THEME-V1>,WHNP,MQ,MQ_OBJ,
3006,0,ask Fraser if he'll open it for you.,,,,POLAR,,,,POLAR,,,EQ,EQ_POLAR,ask
3007,0,what do you want me to do?,1.0,-NONE-ABAR-WH-,T,WH,NP,NP,OBJ,OBJ,WHNP-1-<INANIM>-<THEME-V2>,WHNP,MQ,MQ_OBJ,
3008,0,what do I have to do?,1.0,-NONE-ABAR-WH-,T,WH,NP,NP,OBJ,OBJ,WHNP-1-<INANIM>-<THEME-V1>,WHNP,MQ,MQ_OBJ,
3009,0,what do I have to do?,1.0,-NONE-ABAR-WH-,T,WH,NP,NP,OBJ,OBJ,WHNP-1-<INANIM>-<THEME-V1>,WHNP,MQ,MQ_OBJ,
3017,0,where do you find the top?,1.0,-NONE-ABAR-WH-,T,WH,ADVP,ADVP,ADJUNCT,ADJUNCT,WHADVP-1,WHADVP,MQ,MQ_ADJUNCT,
3018,0,where is it?,1.0,-NONE-ABAR-WH-,T,WH,ADVP,ADVP,ADJUNCT,ADJUNCT,WHADVP-1,WHADVP,MQ,MQ_ADJUNCT,
3023,0,where is it?,1.0,-NONE-ABAR-WH-,T,WH,ADVP,ADVP,ADJUNCT,ADJUNCT,WHADVP-1,WHADVP,MQ,MQ_ADJUNCT,
3033,0,what top is it *NULL* you're looking for?,2.0,-NONE-ABAR-RC-,T,RC,NP,NP,OBJ,OBJ,WHNP-2-<INANIM>-<PATIENT-V1>,WHNP,RC,RC_OBJ,
3033,1,what top is it *NULL* you're looking for?,1.0,-NONE-ABAR-WH-,T,WH,NP,NP,OBJ,OBJ,WHNP-1-<INANIM>,WHNP,MQ,MQ_OBJ,
3036,0,where is it?,1.0,-NONE-ABAR-WH-,T,WH,ADVP,ADVP,ADJUNCT,ADJUNCT,WHADVP-1,WHADVP,MQ,MQ_ADJUNCT,
3059,0,the big one like *NULL* I 'm sitting on.,1.0,-NONE-ABAR-RC-,T,RC,NP,NP,OBJ,OBJ,WHNP-1-<INANIM>-<LOC-V1>,WHNP,RC,RC_OBJ,
3072,0,the big stool like *NULL* I 'm sitting on.,1.0,-NONE-ABAR-RC-,T,RC,NP,NP,OBJ,OBJ,WHNP-1-<INANIM>-<LOC-V1>,WHNP,RC,RC_OBJ,
3101,0,what's that?,1.0,-NONE-ABAR-WH-,T,WH,NP,NP,OBJ,OBJ,WHNP-1-<INANIM>,WHNP,MQ,MQ_OBJ,
3103,0,what's that?,1.0,-NONE-ABAR-WH-,T,WH,NP,NP,OBJ,OBJ,WHNP-1-<INANIM>,WHNP,MQ,MQ_OBJ,
3105,0,what's that?,1.0,-NONE-ABAR-WH-,T,WH,NP,NP,OBJ,OBJ,WHNP-1-<INANIM>,WHNP,MQ,MQ_OBJ,
3118,0,what do you want?,1.0,-NONE-ABAR-WH-,T,WH,NP,NP,OBJ,OBJ,WHNP-1-<INANIM>-<SUBJMATT-V1>,WHNP,MQ,MQ_OBJ,
3133,0,what are you doing?,1.0,-NONE-ABAR-WH-,T,WH,NP,NP,OBJ,OBJ,WHNP-1-<INANIM>-<THEME-V1>,WHNP,MQ,MQ_OBJ,
3140,0,"well, we'll see if it's in the toy box.",,,,POLAR,,,,POLAR,,,EQ,EQ_POLAR,see
3147,0,why don't you try again?,1.0,-NONE-ABAR-WH-,T,WH,ADVP,ADVP,ADJUNCT,ADJUNCT,WHADVP-1,WHADVP,MQ,MQ_ADJUNCT,
3151,0,what's your name when you're a horsie?,1.0,-NONE-ABAR-WH-,T,WH,NP,NP,OBJ,OBJ,WHNP-1-<INANIM>,WHNP,MQ,MQ_OBJ,
3151,1,what's your name when you're a horsie?,2.0,-NONE-ABAR-WH-,T,WH,ADVP,ADVP,ADJUNCT,ADJUNCT,WHADVP-2,WHADVP,EQ,EQ_ADJUNCT,
3152,0,you're Clip_clop when you're a horsie.,1.0,-NONE-ABAR-WH-,T,WH,ADVP,ADVP,ADJUNCT,ADJUNCT,WHADVP-1,WHADVP,EQ,EQ_ADJUNCT,
3166,0,why don't you put the man in your pocket?,1.0,-NONE-ABAR-WH-,T,WH,ADVP,ADVP,ADJUNCT,ADJUNCT,WHADVP-1,WHADVP,MQ,MQ_ADJUNCT,
3174,0,"well, you ask Fraser if he'd like some more coffee.",,,,POLAR,,,,POLAR,,,EQ,EQ_POLAR,ask
3185,0,where is your pencil?,1.0,-NONE-ABAR-WH-,T,WH,ADVP,ADVP,ADJUNCT,ADJUNCT,WHADVP-1,WHADVP,MQ,MQ_ADJUNCT,
3236,0,what is that?,1.0,-NONE-ABAR-WH-,T,WH,NP,NP,OBJ,OBJ,WHNP-1-<INANIM>,WHNP,MQ,MQ_OBJ,
3238,0,what is it?,1.0,-NONE-ABAR-WH-,T,WH,NP,NP,OBJ,OBJ,WHNP-1-<INANIM>,WHNP,MQ,MQ_OBJ,
3255,0,what do you mean?,1.0,-NONE-ABAR-WH-,T,WH,NP,NP,OBJ,OBJ,WHNP-1-<INANIM>-<PATIENT-V1>,WHNP,MQ,MQ_OBJ,
3275,0,what is it?,1.0,-NONE-ABAR-WH-,T,WH,NP,NP,OBJ,OBJ,WHNP-1-<INANIM>,WHNP,MQ,MQ_OBJ,
3279,0,"well, why don't you go in and get them.",1.0,-NONE-ABAR-WH-,T,WH,ADVP,ADVP,ADJUNCT,ADJUNCT,WHADVP-1,WHADVP,MQ,MQ_ADJUNCT,
3284,0,"mhm, you may have a Christmas tree when you finish your grape.",1.0,-NONE-ABAR-WH-,T,WH,ADVP,ADVP,ADJUNCT,ADJUNCT,WHADVP-1,WHADVP,EQ,EQ_ADJUNCT,have
3297,0,where did Eve go?,1.0,-NONE-ABAR-WH-,T,WH,ADVP,ADVP,ADJUNCT,ADJUNCT,WHADVP-1,WHADVP,MQ,MQ_ADJUNCT,
3298,0,"well, where's Eve?",1.0,-NONE-ABAR-WH-,T,WH,ADVP,ADVP,ADJUNCT,ADJUNCT,WHADVP-1,WHADVP,MQ,MQ_ADJUNCT,
3306,0,what is that?,1.0,-NONE-ABAR-WH-,T,WH,NP,NP,OBJ,OBJ,WHNP-1-<INANIM>,WHNP,MQ,MQ_OBJ,
3307,0,what is it?,1.0,-NONE-ABAR-WH-,T,WH,NP,NP,OBJ,OBJ,WHNP-1-<INANIM>,WHNP,MQ,MQ_OBJ,
3312,0,"no, it's not for *NULL* you to play with.",1.0,-NONE-ABAR-RC-,T,RC,NP,NP,OBJ,OBJ,WHNP-1-<INANIM>-<PATIENT-V1>,WHNP,EQ,EQ_OBJ,play
3338,0,"oh, what are those?",1.0,-NONE-ABAR-WH-,T,WH,NP,NP,OBJ,OBJ,WHNP-1-<INANIM>,WHNP,MQ,MQ_OBJ,
3341,0,what's that?,1.0,-NONE-ABAR-WH-,T,WH,NP,NP,OBJ,OBJ,WHNP-1-<INANIM>,WHNP,MQ,MQ_OBJ,
3344,0,and who's that?,1.0,-NONE-ABAR-WH-,T,WH,NP,NP,OBJ,OBJ,WHNP-1-<ANIM>,WHNP,MQ,MQ_OBJ,
3351,0,what is that?,1.0,-NONE-ABAR-WH-,T,WH,NP,NP,OBJ,OBJ,WHNP-1-<INANIM>,WHNP,MQ,MQ_OBJ,
3352,0,and what's that *NULL* he's eating?,2.0,-NONE-ABAR-RC-,T,RC,NP,NP,OBJ,OBJ,WHNP-2-<INANIM>-<PATIENT-V1>,WHNP,RC,RC_OBJ,
3352,1,and what's that *NULL* he's eating?,1.0,-NONE-ABAR-WH-,T,WH,NP,NP,OBJ,OBJ,WHNP-1-<INANIM>,WHNP,EQ,EQ_OBJ,
3358,0,where do they look for him here?,1.0,-NONE-ABAR-WH-,T,WH,ADVP,ADVP,ADJUNCT,ADJUNCT,WHADVP-1,WHADVP,MQ,MQ_ADJUNCT,
3359,0,where do they look in here?,1.0,-NONE-ABAR-WH-,T,WH,ADVP,ADVP,ADJUNCT,ADJUNCT,WHADVP-1,WHADVP,MQ,MQ_ADJUNCT,
3365,0,what is this?,1.0,-NONE-ABAR-WH-,T,WH,NP,NP,OBJ,OBJ,WHNP-1-<INANIM>,WHNP,MQ,MQ_OBJ,
3371,0,do you know where he's hiding?,1.0,-NONE-ABAR-WH-,T,WH,ADVP,ADVP,ADJUNCT,ADJUNCT,WHADVP-1,WHADVP,EQ,EQ_ADJUNCT,know
3373,0,what is this?,1.0,-NONE-ABAR-WH-,T,WH,NP,NP,OBJ,OBJ,WHNP-1-<INANIM>,WHNP,MQ,MQ_OBJ,
3379,0,and who is that?,1.0,-NONE-ABAR-WH-,T,WH,NP,NP,OBJ,OBJ,WHNP-1-<ANIM>,WHNP,EQ,EQ_OBJ,
3381,0,what is that?,1.0,-NONE-ABAR-WH-,T,WH,NP,NP,OBJ,OBJ,WHNP-1-<INANIM>,WHNP,MQ,MQ_OBJ,
3383,0,what is that?,1.0,-NONE-ABAR-WH-,T,WH,NP,NP,OBJ,OBJ,WHNP-1-<INANIM>,WHNP,MQ,MQ_OBJ,
3390,0,what's he hiding behind?,1.0,-NONE-ABAR-WH-,T,WH,NP,NP,OBJ,OBJ,WHNP-1-<INANIM>-<LOC-V1>,WHNP,MQ,MQ_OBJ,
3408,0,what dropped?,1.0,-NONE-ABAR-WH-,T,WH,NP,NP,SUBJ,SUBJ,WHNP-1-<INANIM>-<THEME-V1>,WHNP,MQ,MQ_SUBJ,
3411,0,what's he holding?,1.0,-NONE-ABAR-WH-,T,WH,NP,NP,OBJ,OBJ,WHNP-1-<INANIM>-<PATIENT-V1>,WHNP,MQ,MQ_OBJ,
3414,0,"oh, what did they use for the eyes?",1.0,-NONE-ABAR-WH-,T,WH,NP,NP,OBJ,OBJ,WHNP-1-<INANIM>-<PATIENT-V1>,WHNP,MQ,MQ_OBJ,
3418,0,what are those?,1.0,-NONE-ABR-WH-,T,OTHER,NP,NP,OBJ,OBJ,WHNP-1-<INANIM>,WHNP,MQ,MQ_OBJ,
3420,0,"oh, look what they found *NULL* for him to wear.",1.0,-NONE-ABAR-WH-,T,WH,NP-<INANIM>,NP,ADJUNCT,ADJUNCT,WHNP-1-<INANIM>-<PATIENT-V2>,WHNP,EQ,EQ_ADJUNCT,look
3422,0,what are they building here?,1.0,-NONE-ABAR-WH-,T,WH,NP,NP,OBJ,OBJ,WHNP-1-<INANIM>-<PATIENT-V1>,WHNP,MQ,MQ_OBJ,
3423,0,"oh, what are they doing here?",1.0,-NONE-ABAR-WH-,T,WH,NP,NP,OBJ,OBJ,WHNP-1-<INANIM>-<THEME-V1>,WHNP,MQ,MQ_OBJ,
3427,0,where are they going in this picture?,1.0,-NONE-ABAR-WH-,T,WH,ADVP,ADVP,ADJUNCT,ADJUNCT,WHADVP-1,WHADVP,MQ,MQ_ADJUNCT,
3430,0,they're going down the street to where the shops were.,1.0,-NONE-ABAR-WH-,T,WH,ADVP,ADVP,ADJUNCT,ADJUNCT,WHADVP-1,WHADVP,EQ,EQ_ADJUNCT,going
3432,0,what are these?,1.0,-NONE-ABAR-WH-,T,WH,NP,NP,OBJ,OBJ,WHNP-1-<INANIM>,WHNP,MQ,MQ_OBJ,
3434,0,who is that?,1.0,-NONE-ABAR-WH-,T,WH,NP,NP,OBJ,OBJ,WHNP-1-<ANIM>,WHNP,MQ,MQ_OBJ,
3438,0,where did Frosty the snowman go?,1.0,-NONE-ABAR-WH-,T,WH,ADVP,ADVP,ADJUNCT,ADJUNCT,WHADVP-1,WHADVP,MQ,MQ_ADJUNCT,
3440,0,who is that?,1.0,-NONE-ABAR-WH-,T,WH,NP,NP,OBJ,OBJ,WHNP-1-<ANIM>,WHNP,MQ,MQ_OBJ,
3444,0,and who is that?,1.0,-NONE-ABAR-WH-,T,WH,NP,NP,OBJ,OBJ,WHNP-1-<ANIM>,WHNP,EQ,EQ_OBJ,
3446,0,what is that?,1.0,-NONE-ABAR-WH-,T,WH,NP,NP,OBJ,OBJ,WHNP-1-<INANIM>,WHNP,MQ,MQ_OBJ,
3448,0,what's that?,1.0,-NONE-ABAR-WH-,T,WH,NP,NP,OBJ,OBJ,WHNP-1-<INANIM>,WHNP,MQ,MQ_OBJ,
3453,0,and what's he saying?,1.0,-NONE-ABAR-WH-,T,WH,NP,NP,OBJ,OBJ,WHNP-1-<INANIM>-<THEME-V1>,WHNP,EQ,EQ_OBJ,
3462,0,and what do they say?,1.0,-NONE-ABAR-WH-,T,WH,NP,NP,OBJ,OBJ,WHNP-1-<INANIM>-<THEME-V1>,WHNP,EQ,EQ_OBJ,
3464,0,what happened to these pages?,1.0,-NONE-ABAR-WH-,T,WH,NP-<INANIM>,NP,SUBJ,SUBJ,WHNP-1-<INANIM>-<THEME-V1>,WHNP,MQ,MQ_SUBJ,
3466,0,where are they?,1.0,-NONE-ABAR-WH-,T,WH,ADVP,ADVP,ADJUNCT,ADJUNCT,WHADVP-1,WHADVP,MQ,MQ_ADJUNCT,
3468,0,where did it go?,1.0,-NONE-ABAR-WH-,T,WH,ADVP,ADVP,ADJUNCT,ADJUNCT,WHADVP-1,WHADVP,MQ,MQ_ADJUNCT,
3470,0,what are these?,1.0,-NONE-ABAR-WH-,T,WH,NP,NP,OBJ,OBJ,WHNP-1-<INANIM>,WHNP,MQ,MQ_OBJ,
3471,0,what are these on the tree?,1.0,-NONE-ABAR-WH-,T,WH,NP,NP,OBJ,OBJ,WHNP-1-<INANIM>,WHNP,MQ,MQ_OBJ,
3474,0,what's old Macdonald going there?,1.0,-NONE-ABAR-WH-,T,WH,NP,NP,OBJ,OBJ,WHNP-1-<INANIM>,WHNP,MQ,MQ_OBJ,
3476,0,what's that?,1.0,-NONE-ABAR-WH-,T,WH,NP,NP,OBJ,OBJ,WHNP-1-<INANIM>,WHNP,MQ,MQ_OBJ,
3478,0,and what's that?,1.0,-NONE-ABAR-WH-,T,WH,NP,NP,OBJ,OBJ,WHNP-1-<INANIM>,WHNP,EQ,EQ_OBJ,
3483,0,and what's that?,1.0,-NONE-ABAR-WH-,T,WH,NP,NP,OBJ,OBJ,WHNP-1-<INANIM>,WHNP,EQ,EQ_OBJ,
3485,0,and what's that?,1.0,-NONE-ABAR-WH-,T,WH,NP,NP,OBJ,OBJ,WHNP-1-<INANIM>,WHNP,EQ,EQ_OBJ,
3489,0,and what's that?,1.0,-NONE-ABAR-WH-,T,WH,NP,NP,OBJ,OBJ,WHNP-1-<INANIM>,WHNP,EQ,EQ_OBJ,
3492,0,what what's that?,1.0,-NONE-ABAR-WH-,T,WH,NP,NP,OBJ,OBJ,WHNP-1-<INANIM>,WHNP,MQ,MQ_OBJ,
3494,0,what did the rooster say?,1.0,-NONE-ABAR-WH-,T,WH,NP,NP,OBJ,OBJ,WHNP-1-<INANIM>-<THEME-V1>,WHNP,MQ,MQ_OBJ,
3502,0,what are those?,1.0,-NONE-ABAR-WH-,T,WH,NP,NP,OBJ,OBJ,WHNP-1-<INANIM>,WHNP,MQ,MQ_OBJ,
3508,0,what is this?,1.0,-NONE-ABAR-WH-,T,WH,NP,NP,OBJ,OBJ,WHNP-1-<INANIM>,WHNP,MQ,MQ_OBJ,
3514,0,who do you see?,1.0,-NONE-ABAR-WH-,T,WH,NP,NP,OBJ,OBJ,WHNP-1-<ANIM>-<SUBJMATT-V1>,WHNP,MQ,MQ_OBJ,
3516,0,and who does Fraser see?,1.0,-NONE-ABAR-WH-,T,WH,NP,NP,OBJ,OBJ,WHNP-1-<ANIM>-<SUBJMATT-V1>,WHNP,EQ,EQ_OBJ,
3518,0,who do you see?,1.0,-NONE-ABAR-WH-,T,WH,NP,NP,OBJ,OBJ,WHNP-1-<ANIM>-<SUBJMATT-V1>,WHNP,MQ,MQ_OBJ,
3519,0,"hey, what are you doing?",1.0,-NONE-ABAR-WH-,T,WH,NP,NP,OBJ,OBJ,WHNP-1-<INANIM>-<THEME-V1>,WHNP,MQ,MQ_OBJ,
3520,0,what is that?,1.0,-NONE-ABAR-WH-,T,WH,NP,NP,OBJ,OBJ,WHNP-1-<INANIM>,WHNP,MQ,MQ_OBJ,
3526,0,what are you doing?,1.0,-NONE-ABAR-WH-,T,WH,NP,NP,OBJ,OBJ,WHNP-1-<INANIM>-<THEME-V1>,WHNP,MQ,MQ_OBJ,
3562,0,what do you mean?,1.0,-NONE-ABAR-WH-,T,WH,NP,NP,OBJ,OBJ,WHNP-1-<INANIM>-<PATIENT-V1>,WHNP,MQ,MQ_OBJ,
3569,0,we could make too much of a noise if we jumped.,,,,POLAR,,,,POLAR,,,EQ,EQ_POLAR,make
3570,0,if we jumped we'd go boomo!,,,,POLAR,,,,POLAR,,,EQ,EQ_POLAR,
3599,0,what's that?,1.0,-NONE-ABAR-WH-,T,WH,NP,NP,OBJ,OBJ,WHNP-1-<INANIM>,WHNP,MQ,MQ_OBJ,
3601,0,and we say a boy *NULL* I know with a.,1.0,-NONE-ABAR-RC-,T,RC,NP,NP,OBJ,OBJ,WHNP-<INANIM>-<SUBJMATT-V2>,WHNP,RC,RC_OBJ,
3603,0,with a truck that can go and a shiny.,1.0,-NONE-ABAR-RC-,T,RC,NP-<INANIM>,NP,SUBJ,SUBJ,WHNP-1-<INANIM>-<THEME-V1>,WHNP,RC,RC_SUBJ,
3610,0,what kind of person do you think that is?,1.0,-NONE-ABAR-WH-,T,WH,NP,NP,OBJ,OBJ,WHNP-1-<ANIM>,WHNP,EQ,EQ_OBJ,think
3614,0,what kind of animal is that?,1.0,-NONE-ABAR-WH-,T,WH,NP,NP,OBJ,OBJ,WHNP-1,WHNP,MQ,MQ_OBJ,
3617,0,and what's that?,1.0,-NONE-ABAR-WH-,T,WH,NP,NP,OBJ,OBJ,WHNP-1-<INANIM>,WHNP,EQ,EQ_OBJ,
3619,0,and what's that?,1.0,-NONE-ABAR-WH-,T,WH,NP,NP,OBJ,OBJ,WHNP-1-<INANIM>,WHNP,EQ,EQ_OBJ,
3623,0,what are these?,1.0,-NONE-ABAR-WH-,T,WH,NP,NP,OBJ,OBJ,WHNP-1-<INANIM>,WHNP,MQ,MQ_OBJ,
3625,0,and what are they doing?,1.0,-NONE-ABAR-WH-,T,WH,NP,NP,OBJ,OBJ,WHNP-1-<INANIM>-<THEME-V1>,WHNP,EQ,EQ_OBJ,
3626,0,what are the cats doing?,1.0,-NONE-ABAR-WH-,T,WH,NP,NP,OBJ,OBJ,WHNP-1-<INANIM>-<THEME-V1>,WHNP,MQ,MQ_OBJ,
3627,0,what are they doing?,1.0,-NONE-ABAR-WH-,T,WH,NP,NP,OBJ,OBJ,WHNP-1-<INANIM>-<THEME-V1>,WHNP,MQ,MQ_OBJ,
3630,0,what are the cats doing?,1.0,-NONE-ABAR-WH-,T,WH,NP,NP,OBJ,OBJ,WHNP-1-<INANIM>-<THEME-V1>,WHNP,MQ,MQ_OBJ,
3634,0,now what's happening?,1.0,-NONE-ABAR-WH-,T,WH,NP,NP,SUBJ,SUBJ,WHNP-1-<INANIM>-<THEME-V1>,WHNP,MQ,MQ_SUBJ,
3636,0,what's the horsie doing?,1.0,-NONE-ABAR-WH-,T,WH,NP,NP,OBJ,OBJ,WHNP-1-<INANIM>-<THEME-V1>,WHNP,MQ,MQ_OBJ,
3637,0,what is the horsie doing?,1.0,-NONE-ABAR-WH-,T,WH,NP,NP,OBJ,OBJ,WHNP-1-<INANIM>-<THEME-V1>,WHNP,MQ,MQ_OBJ,
3638,0,what's this?,1.0,-NONE-ABAR-WH-,T,WH,NP,NP,OBJ,OBJ,WHNP-1-<INANIM>,WHNP,MQ,MQ_OBJ,
3642,0,what are they doing there?,1.0,-NONE-ABAR-WH-,T,WH,NP,NP,OBJ,OBJ,WHNP-1-<INANIM>-<THEME-V1>,WHNP,MQ,MQ_OBJ,
3644,0,what are they doing?,1.0,-NONE-ABAR-WH-,T,WH,NP,NP,OBJ,OBJ,WHNP-1-<INANIM>-<THEME-V1>,WHNP,MQ,MQ_OBJ,
3647,0,now what is happening?,1.0,-NONE-ABAR-WH-,T,WH,NP,NP,SUBJ,SUBJ,WHNP-1-<INANIM>-<THEME-V1>,WHNP,MQ,MQ_SUBJ,
3648,0,what are these people doing?,1.0,-NONE-ABAR-WH-,T,WH,NP,NP,OBJ,OBJ,WHNP-1-<INANIM>-<THEME-V1>,WHNP,MQ,MQ_OBJ,
3649,0,where are they doing?,1.0,-NONE-ABAR-WH-,T,WH,ADVP,ADVP,ADJUNCT,ADJUNCT,WHADVP-1,WHADVP,MQ,MQ_ADJUNCT,
3653,0,what's this man doing?,1.0,-NONE-ABAR-WH-,T,WH,NP,NP,OBJ,OBJ,WHNP-1-<INANIM>-<THEME-V1>,WHNP,MQ,MQ_OBJ,
3654,0,what's he doing?,1.0,-NONE-ABAR-WH-,T,WH,NP,NP,OBJ,OBJ,WHNP-1-<INANIM>-<THEME-V1>,WHNP,MQ,MQ_OBJ,
3656,0,now if he sells popcorn what will we do?,,,,POLAR,,,,POLAR,,,EQ,EQ_POLAR,
3656,1,now if he sells popcorn what will we do?,2.0,-NONE-ABAR-WH-,T,WH,NP,NP,OBJ,OBJ,WHNP-2-<INANIM>-<THEME-V2>,WHNP,MQ,MQ_OBJ,
3660,0,what's he doing?,1.0,-NONE-ABAR-WH-,T,WH,NP,NP,OBJ,OBJ,WHNP-1-<INANIM>-<THEME-V1>,WHNP,MQ,MQ_OBJ,
3664,0,who's this?,1.0,-NONE-ABAR-WH-,T,WH,NP,NP,OBJ,OBJ,WHNP-1-<ANIM>,WHNP,MQ,MQ_OBJ,
3670,0,if he sells icecream what will we do?,,,,POLAR,,,,POLAR,,,EQ,EQ_POLAR,
3670,1,if he sells icecream what will we do?,1.0,-NONE-ABAR-WH-,T,WH,NP,NP,OBJ,OBJ,WHNP-1-<INANIM>-<THEME-V2>,WHNP,MQ,MQ_OBJ,
3699,0,what's this?,1.0,-NONE-ABAR-WH-,T,WH,NP,NP,OBJ,OBJ,WHNP-1-<INANIM>,WHNP,MQ,MQ_OBJ,
3702,0,"Eve, what's this?",1.0,-NONE-ABAR-WH-,T,WH,NP,NP,OBJ,OBJ,WHNP-1-<INANIM>,WHNP,MQ,MQ_OBJ,
3705,0,"okay, what'll you write, Eve?",1.0,-NONE-ABAR-WH-,T,WH,NP,NP,OBJ,OBJ,WHNP-1-<INANIM>-<PATIENT-V1>,WHNP,MQ,MQ_OBJ,
3711,0,what's that?,1.0,-NONE-ABAR-WH-,T,WH,NP,NP,OBJ,OBJ,WHNP-1-<INANIM>,WHNP,MQ,MQ_OBJ,
3716,0,"okay, what do we do now then?",1.0,-NONE-ABAR-WH-,T,WH,NP,NP,OBJ,OBJ,WHNP-1-<INANIM>-<THEME-V1>,WHNP,MQ,MQ_OBJ,
3719,0,"Eve, what's Fraser doing?",1.0,-NONE-ABAR-WH-,T,WH,NP,NP,OBJ,OBJ,WHNP-1-<INANIM>-<THEME-V1>,WHNP,MQ,MQ_OBJ,
3720,0,what's Fraser doing?,1.0,-NONE-ABAR-WH-,T,WH,NP,NP,OBJ,OBJ,WHNP-1-<INANIM>-<THEME-V1>,WHNP,MQ,MQ_OBJ,
3724,0,what's on old Macdonald's farm?,1.0,-NONE-ABAR-WH-,T,WH,NP,NP,SUBJ,SUBJ,WHNP-1-<INANIM>,WHNP,MQ,MQ_SUBJ,
3727,0,what are you writing?,1.0,-NONE-ABAR-WH-,T,WH,NP,NP,OBJ,OBJ,WHNP-1-<INANIM>-<PATIENT-V1>,WHNP,MQ,MQ_OBJ,
3735,0,what's baby Sarah doing?,1.0,-NONE-ABAR-WH-,T,WH,NP,NP,OBJ,OBJ,WHNP-1-<INANIM>-<THEME-V1>,WHNP,MQ,MQ_OBJ,
3746,0,who's crying?,1.0,-NONE-ABAR-WH-,T,WH,NP,NP,SUBJ,SUBJ,WHNP-1-<ANIM>-<THEME-V1>,WHNP,MQ,MQ_SUBJ,
3757,0,"why don't you show Fraser horsie, Eve?",1.0,-NONE-ABAR-WH-,T,WH,ADVP,ADVP,ADJUNCT,ADJUNCT,WHADVP-1,WHADVP,MQ,MQ_ADJUNCT,
3759,0,what do you do on your horse eh?,1.0,-NONE-ABAR-WH-,T,WH,NP,NP,OBJ,OBJ,WHNP-1-<INANIM>-<THEME-V1>,WHNP,MQ,MQ_OBJ,
3760,0,whose pencil is this?,1.0,-NONE-ABAR-WH-,T,WH,NP,NP,OBJ,OBJ,WHNP-1-<INANIM>,WHNP,MQ,MQ_OBJ,
3763,0,whose pencil is that?,1.0,-NONE-ABAR-WH-,T,WH,NP,NP,OBJ,OBJ,WHNP-1-<INANIM>,WHNP,MQ,MQ_OBJ,
3764,0,where's your pencil?,1.0,-NONE-ABAR-WH-,T,WH,ADVP,ADVP,ADJUNCT,ADJUNCT,WHADVP-1,WHADVP,MQ,MQ_ADJUNCT,
3765,0,where's my pencil?,1.0,-NONE-ABAR-WH-,T,WH,ADVP,ADVP,ADJUNCT,ADJUNCT,WHADVP-1,WHADVP,MQ,MQ_ADJUNCT,
3794,0,where're you going?,1.0,-NONE-ABAR-WH-,T,WH,ADVP,ADVP,ADJUNCT,ADJUNCT,WHADVP-1,WHADVP,MQ,MQ_ADJUNCT,
3798,0,where's your penny?,1.0,-NONE-ABAR-WH-,T,WH,NP,NP,OBJ,OBJ,WHADVP-1,WHADVP,MQ,MQ_OBJ,
3811,0,why don't you come down here and see Fraser?,1.0,-NONE-ABAR-WH-,T,WH,ADVP,ADVP,ADJUNCT,ADJUNCT,WHADVP-1,WHADVP,MQ,MQ_ADJUNCT,
3830,0,and what's the lion's name?,1.0,-NONE-ABAR-WH-,T,WH,NP,NP,OBJ,OBJ,WHNP-1-<INANIM>,WHNP,EQ,EQ_OBJ,
3838,0,you show me how to do it.,1.0,-NONE-ABAR-WH-,T,WH,ADVP,ADVP,ADJUNCT,ADJUNCT,WHADVP-1,WHADVP,EQ,EQ_ADJUNCT,show
3842,0,whose boots are in the hall?,1.0,-NONE-ABAR-WH-,T,WH,NP,NP,SUBJ,SUBJ,WHNP-1-<INANIM>,WHNP,MQ,MQ_SUBJ,
3850,0,what is that?,1.0,-NONE-ABAR-WH-,T,WH,NP,NP,OBJ,OBJ,WHNP-1-<INANIM>,WHNP,MQ,MQ_OBJ,
3851,0,what is it?,1.0,-NONE-ABAR-WH-,T,WH,NP,NP,OBJ,OBJ,WHNP-1-<INANIM>,WHNP,MQ,MQ_OBJ,
3852,0,what is this for?,1.0,-NONE-ABAR-WH-,T,WH,NP,NP,OBJ,OBJ,WHNP-1-<INANIM>,WHNP,MQ,MQ_OBJ,
3853,0,where are you going?,1.0,-NONE-ABAR-WH-,T,WH,ADVP,ADVP,ADJUNCT,ADJUNCT,WHADVP-1,WHADVP,MQ,MQ_ADJUNCT,
3856,0,what are you going To do?,1.0,-NONE-ABAR-WH-,T,WH,NP,NP,OBJ,OBJ,WHNP-1-<INANIM>-<THEME-V1>,WHNP,MQ,MQ_OBJ,
3863,0,who's coming?,1.0,-NONE-ABAR-WH-,T,WH,NP,NP,SUBJ,SUBJ,WHNP-1-<ANIM>-<THEME-V1>,WHNP,MQ,MQ_SUBJ,
3871,0,where is it?,1.0,-NONE-ABAR-WH-,T,WH,ADVP,ADVP,ADJUNCT,ADJUNCT,WHADVP-1,WHADVP,MQ,MQ_ADJUNCT,
3872,0,where is the stool?,1.0,-NONE-ABAR-WH-,T,WH,ADVP,ADVP,ADJUNCT,ADJUNCT,WHADVP-1,WHADVP,MQ,MQ_ADJUNCT,
3873,0,what else would you like to have for your lunch?,1.0,-NONE-ABAR-WH-,T,WH,NP,NP,OBJ,OBJ,WHNP-1-<INANIM>-<PATIENT-V2>,WHNP,MQ,MQ_OBJ,
3889,0,what is that?,1.0,-NONE-ABAR-WH-,T,WH,NP,NP,OBJ,OBJ,WHNP-1-<INANIM>,WHNP,MQ,MQ_OBJ,
3924,0,what would you like?,1.0,-NONE-ABAR-WH-,T,WH,NP,NP,OBJ,OBJ,WHNP-1-<INANIM>-<SUBJMATT-V1>,WHNP,MQ,MQ_OBJ,
3936,0,what color is that one?,1.0,-NONE-ABAR-WH-,T,WH,NP,NP,OBJ,OBJ,WHNP-1-<INANIM>,WHNP,MQ,MQ_OBJ,
3944,0,what is it?,1.0,-NONE-ABAR-WH-,T,WH,NP,NP,OBJ,OBJ,WHNP-1-<INANIM>,WHNP,MQ,MQ_OBJ,
3953,0,what're you doing?,1.0,-NONE-ABAR-WH-,T,WH,NP,NP,OBJ,OBJ,WHNP-1-<INANIM>-<THEME-V1>,WHNP,MQ,MQ_OBJ,
3956,0,is that what you are?,1.0,-NONE-ABAR-WH-,T,WH,NP,NP,OBJ,OBJ,WHNP-1-<INANIM>,WHNP,EQ,EQ_OBJ,
3958,0,where's the fire?,1.0,-NONE-ABAR-WH-,T,WH,ADVP,ADVP,ADJUNCT,ADJUNCT,WHADVP-1,WHADVP,MQ,MQ_ADJUNCT,
3959,0,is that what you are?,1.0,-NONE-ABAR-WH-,T,WH,NP,NP,OBJ,OBJ,WHNP-1-<INANIM>,WHNP,EQ,EQ_OBJ,
3962,0,what are you doing?,1.0,-NONE-ABAR-WH-,T,WH,NP,NP,OBJ,OBJ,WHNP-1-<INANIM>-<THEME-V1>,WHNP,MQ,MQ_OBJ,
3970,0,what is that?,1.0,-NONE-ABAR-WH-,T,WH,NP,NP,OBJ,OBJ,WHNP-1-<INANIM>,WHNP,MQ,MQ_OBJ,
3972,0,where is Eve?,1.0,-NONE-ABAR-WH-,T,WH,ADVP,ADVP,ADJUNCT,ADJUNCT,WHADVP-1,WHADVP,MQ,MQ_ADJUNCT,
3976,0,"yeah, where is Eve?",1.0,-NONE-ABAR-WH-,T,WH,ADVP,ADVP,ADJUNCT,ADJUNCT,WHADVP-1,WHADVP,MQ,MQ_ADJUNCT,
3981,0,what do you say?,1.0,-NONE-ABAR-WH-,T,WH,NP,NP,OBJ,OBJ,WHNP-1-<INANIM>-<THEME-V1>,WHNP,MQ,MQ_OBJ,
3982,0,but what's the magic word?,1.0,-NONE-ABAR-WH-,T,WH,NP,NP,OBJ,OBJ,WHNP-1-<INANIM>,WHNP,EQ,EQ_OBJ,
3988,0,what's that one?,1.0,-NONE-ABAR-WH-,T,WH,NP,NP,OBJ,OBJ,WHNP-1-<INANIM>,WHNP,MQ,MQ_OBJ,
4004,0,how many beads are there?,1.0,-NONE-ABAR-WH-,T,WH,NP,NP,SUBJ,SUBJ,WHNP-1-<INANIM>,WHNP,MQ,MQ_SUBJ,
4017,0,where's the water?,1.0,-NONE-ABAR-WH-,T,WH,ADVP,ADVP,ADJUNCT,ADJUNCT,WHADVP-1,WHADVP,MQ,MQ_ADJUNCT,
4039,0,where's my pencil?,1.0,-NONE-ABAR-WH-,T,WH,ADVP,ADVP,ADJUNCT,ADJUNCT,WHADVP-1,WHADVP,MQ,MQ_ADJUNCT,
4040,0,whose pencil is that?,1.0,-NONE-ABAR-WH-,T,WH,NP,NP,OBJ,OBJ,WHNP-1-<INANIM>,WHNP,MQ,MQ_OBJ,
4050,0,what's in there?,1.0,-NONE-ABAR-WH-,T,WH,NP,NP,SUBJ,SUBJ,WHNP-1-<INANIM>,WHNP,MQ,MQ_SUBJ,
4052,0,what's in it?,1.0,-NONE-ABAR-WH-,T,WH,NP,NP,SUBJ,SUBJ,WHNP-1-<INANIM>,WHNP,MQ,MQ_SUBJ,
4055,0,what do you have on your finger?,1.0,-NONE-ABAR-WH-,T,WH,NP,NP,OBJ,OBJ,WHNP-1-<INANIM>-<THEME-V1>,WHNP,MQ,MQ_OBJ,
4057,0,what are you doing?,1.0,-NONE-ABAR-WH-,T,WH,NP,NP,OBJ,OBJ,WHNP-1-<INANIM>-<THEME-V1>,WHNP,MQ,MQ_OBJ,
4070,0,what are you doing?,1.0,-NONE-ABAR-WH-,T,WH,NP,NP,OBJ,OBJ,WHNP-1-<INANIM>-<THEME-V1>,WHNP,MQ,MQ_OBJ,
4072,0,who else is sitting down?,1.0,-NONE-ABAR-WH-,T,WH,NP,NP,SUBJ,SUBJ,WHNP-1-<ANIM>-<THEME-V1>,WHNP,MQ,MQ_SUBJ,
4087,0,what's he busy doing?,1.0,-NONE-ABAR-WH-,T,WH,NP,NP,OBJ,OBJ,WHNP-1-<INANIM>-<THEME-V1>,WHNP,MQ,MQ_OBJ,
4091,0,where did it go?,1.0,-NONE-ABAR-WH-,T,WH,ADVP,ADVP,ADJUNCT,ADJUNCT,WHADVP-1,WHADVP,MQ,MQ_ADJUNCT,
4118,0,what are you doing to dolly?,1.0,-NONE-ABAR-WH-,T,WH,NP,NP,OBJ,OBJ,WHNP-1-<INANIM>-<THEME-V1>,WHNP,MQ,MQ_OBJ,
4122,0,why don't you put one on dolly?,1.0,-NONE-ABAR-WH-,T,WH,ADVP,ADVP,ADJUNCT,ADJUNCT,WHADVP-1,WHADVP,MQ,MQ_ADJUNCT,
4126,0,you're noisy when you drink.,1.0,-NONE-ABAR-WH-,T,WH,ADVP,ADVP,ADJUNCT,ADJUNCT,WHADVP-1,WHADVP,EQ,EQ_ADJUNCT,drink
4145,0,if you want to sit on that you can put the box on the other stool.,,,,POLAR,,,,POLAR,,,EQ,EQ_POLAR,
4164,0,"I don't know what you're saying, sweetie.",1.0,-NONE-ABAR-WH-,T,WH,NP,NP,OBJ,OBJ,WHNP-1-<INANIM>-<THEME-V2>,WHNP,EQ,EQ_OBJ,know
4166,0,"Eve, what are you doing?",1.0,-NONE-ABAR-WH-,T,WH,NP,NP,OBJ,OBJ,WHNP-1-<INANIM>-<THEME-V1>,WHNP,MQ,MQ_OBJ,
4175,0,"Eve, what did you say?",1.0,-NONE-ABAR-WH-,T,WH,NP,NP,OBJ,OBJ,WHNP-1-<INANIM>-<THEME-V1>,WHNP,MQ,MQ_OBJ,
4176,0,where did Papa go?,1.0,-NONE-ABAR-WH-,T,WH,ADVP,ADVP,ADJUNCT,ADJUNCT,WHADVP-1,WHADVP,MQ,MQ_ADJUNCT,
4179,0,what was that *NULL* she said?,2.0,-NONE-ABAR-RC-,T,RC,NP,NP,OBJ,OBJ,WHNP-2-<INANIM>-<THEME-V1>,WHNP,RC,RC_OBJ,
4179,1,what was that *NULL* she said?,1.0,-NONE-ABAR-WH-,T,WH,NP,NP,OBJ,OBJ,WHNP-1-<INANIM>,WHNP,MQ,MQ_OBJ,
4181,0,what's that mess?,1.0,-NONE-ABAR-WH-,T,WH,NP,NP,OBJ,OBJ,WHNP-1-<INANIM>,WHNP,MQ,MQ_OBJ,
4187,0,what's this?,1.0,-NONE-ABAR-WH-,T,WH,NP,NP,OBJ,OBJ,WHNP-1-<INANIM>,WHNP,MQ,MQ_OBJ,
4204,0,what did you say I 'm doing?,1.0,-NONE-ABAR-WH-,T,WH,NP,NP,OBJ,OBJ,WHNP-1-<INANIM>-<THEME-V2>,WHNP,EQ,EQ_OBJ,say
4220,0,what's that *NULL* you have?,2.0,-NONE-ABAR-RC-,T,RC,NP,NP,OBJ,OBJ,WHNP-2-<INANIM>-<THEME-V1>,WHNP,RC,RC_OBJ,
4220,1,what's that *NULL* you have?,1.0,-NONE-ABAR-WH-,T,WH,NP,NP,OBJ,OBJ,WHNP-1-<INANIM>,WHNP,MQ,MQ_OBJ,
4234,0,what are you doing?,1.0,-NONE-ABAR-WH-,T,WH,NP,NP,OBJ,OBJ,WHNP-1-<INANIM>-<THEME-V1>,WHNP,MQ,MQ_OBJ,
4247,0,what's that rockingchair doing?,1.0,-NONE-ABAR-WH-,T,WH,NP,NP,OBJ,OBJ,WHNP-1-<INANIM>-<THEME-V1>,WHNP,MQ,MQ_OBJ,
4250,0,what are you doing?,1.0,-NONE-ABAR-WH-,T,WH,NP,NP,OBJ,OBJ,WHNP-1-<INANIM>-<THEME-V1>,WHNP,MQ,MQ_OBJ,
4261,0,what is this with your nose?,1.0,-NONE-ABAR-WH-,T,WH,NP,NP,OBJ,OBJ,WHNP-1-<INANIM>,WHNP,MQ,MQ_OBJ,
4276,0,then put it in your pocket when you're finished.,1.0,-NONE-ABAR-WH-,T,WH,ADVP,ADVP,ADJUNCT,ADJUNCT,WHADVP-1,WHADVP,EQ,EQ_ADJUNCT,put
4295,0,what is that?,1.0,-NONE-ABAR-WH-,T,WH,NP,NP,OBJ,OBJ,WHNP-1-<INANIM>,WHNP,MQ,MQ_OBJ,
4296,0,what is that noise?,1.0,-NONE-ABAR-WH-,T,WH,NP,NP,OBJ,OBJ,WHNP-1-<INANIM>,WHNP,MQ,MQ_OBJ,
4299,0,what did Lassie do?,1.0,-NONE-ABAR-WH-,T,WH,NP,NP,OBJ,OBJ,WHNP-1-<INANIM>-<THEME-V1>,WHNP,MQ,MQ_OBJ,
4312,0,why don't you get the stool?,1.0,-NONE-ABAR-WH-,T,WH,ADVP,ADVP,ADJUNCT,ADJUNCT,WHADVP-1,WHADVP,MQ,MQ_ADJUNCT,
4322,0,what am I doing?,1.0,-NONE-ABAR-WH-,T,WH,NP,NP,OBJ,OBJ,WHNP-1-<INANIM>-<THEME-V1>,WHNP,MQ,MQ_OBJ,
4333,0,that's what she puts in her mouth.,1.0,-NONE-ABAR-WH-,T,WH,NP,NP,OBJ,OBJ,WHNP-1-<INANIM>-<PATIENT-V1>,WHNP,EQ,EQ_OBJ,puts
4349,0,let's see if Sarah would like to have a drink.,,,,POLAR,,,,POLAR,,,EQ,EQ_POLAR,see
4369,0,she doesn't know how to drink out of a glass.,1.0,-NONE-ABAR-WH-,T,WH,ADVP,ADVP,ADJUNCT,ADJUNCT,WHADVP-1,WHADVP,EQ,EQ_ADJUNCT,know
4389,0,what are you doing?,1.0,-NONE-ABAR-WH-,T,WH,NP,NP,OBJ,OBJ,WHNP-1-<INANIM>-<THEME-V1>,WHNP,MQ,MQ_OBJ,
4393,0,why don't we have lunch?,1.0,-NONE-ABAR-WH-,T,WH,ADVP,ADVP,ADJUNCT,ADJUNCT,WHADVP-1,WHADVP,MQ,MQ_ADJUNCT,
4409,0,"well, what are you trying to do, huh?",1.0,-NONE-ABAR-WH-,T,WH,NP,NP,OBJ,OBJ,WHNP-1-<INANIM>-<THEME-V2>,WHNP,MQ,MQ_OBJ,
4423,0,"well, what're you doing, Eve?",1.0,-NONE-ABAR-WH-,T,WH,NP,NP,OBJ,OBJ,WHNP-1-<INANIM>-<THEME-V1>,WHNP,MQ,MQ_OBJ,
4425,0,what are you drinking?,1.0,-NONE-ABAR-WH-,T,WH,NP,NP,OBJ,OBJ,WHNP-1-<INANIM>-<THEME-V1>,WHNP,MQ,MQ_OBJ,
4442,0,and whens Sarah's a big girl so can she.,1.0,-NONE-ABAR-WH-,T,WH,ADVP,ADVP,ADJUNCT,ADJUNCT,WHADVP-1,WHADVP,EQ,EQ_ADJUNCT,
4448,0,where're her fingers?,1.0,-NONE-ABAR-WH-,T,WH,ADVP,ADVP,ADJUNCT,ADJUNCT,WHADVP-1,WHADVP,MQ,MQ_ADJUNCT,
4452,0,Papa will fix it for you if you like.,,,,POLAR,,,,POLAR,,,EQ,EQ_POLAR,fix
4459,0,what do you have?,1.0,-NONE-ABAR-WH-,T,WH,NP,NP,OBJ,OBJ,WHNP-1-<INANIM>-<THEME-V1>,WHNP,MQ,MQ_OBJ,
4460,0,how many crackers do you have?,1.0,-NONE-ABAR-WH-,T,WH,NP,NP,OBJ,OBJ,WHNP-1-<INANIM>-<THEME-V1>,WHNP,MQ,MQ_OBJ,
4471,0,where is Papa?,1.0,-NONE-ABAR-WH-,T,WH,ADVP,ADVP,ADJUNCT,ADJUNCT,WHADVP-1,WHADVP,MQ,MQ_ADJUNCT,
4477,0,whose is that?,1.0,-NONE-ABAR-WH-,T,WH,NP,NP,OBJ,OBJ,WHNP-1-<INANIM>,WHNP,MQ,MQ_OBJ,
4496,0,where is Papa?,1.0,-NONE-ABAR-WH-,T,WH,ADVP,ADVP,ADJUNCT,ADJUNCT,WHADVP-1,WHADVP,MQ,MQ_ADJUNCT,
4511,0,what is that?,1.0,-NONE-ABAR-WH-,T,WH,NP,NP,OBJ,OBJ,WHNP-1-<INANIM>,WHNP,MQ,MQ_OBJ,
4515,0,where is your penny?,1.0,-NONE-ABAR-WH-,T,WH,ADVP,ADVP,ADJUNCT,ADJUNCT,WHADVP-1,WHADVP,MQ,MQ_ADJUNCT,
4516,0,where is your penny?,1.0,-NONE-ABAR-WH-,T,WH,ADVP,ADVP,ADJUNCT,ADJUNCT,WHADVP-1,WHADVP,MQ,MQ_ADJUNCT,
4539,0,when you're big you drink out of a cup.,2.0,-NONE-ABAR-WH-,T,WH,ADVP,ADVP,ADJUNCT,ADJUNCT,WHADVP-2,WHADVP,EQ,EQ_ADJUNCT,
4546,0,whose cup is that?,1.0,-NONE-ABAR-WH-,T,WH,NP,NP,OBJ,OBJ,WHNP-1-<INANIM>,WHNP,MQ,MQ_OBJ,
4578,0,"hi, who do you see?",1.0,-NONE-ABAR-WH-,T,WH,NP,NP,OBJ,OBJ,WHNP-1-<ANIM>-<SUBJMATT-V1>,WHNP,MQ,MQ_OBJ,
4585,0,now what is that?,1.0,-NONE-ABAR-WH-,T,WH,NP,NP,OBJ,OBJ,WHNP-1-<INANIM>,WHNP,MQ,MQ_OBJ,
4596,0,where is he?,1.0,-NONE-ABAR-WH-,T,WH,ADVP,ADVP,ADJUNCT,ADJUNCT,WHADVP-1,WHADVP,MQ,MQ_ADJUNCT,
4603,0,what is that?,1.0,-NONE-ABAR-WH-,T,WH,NP,NP,OBJ,OBJ,WHNP-1-<INANIM>,WHNP,MQ,MQ_OBJ,
4605,0,where is Clip_clop?,1.0,-NONE-ABAR-WH-,T,WH,ADVP,ADVP,ADJUNCT,ADJUNCT,WHADVP-1,WHADVP,MQ,MQ_ADJUNCT,
4641,0,what's Eve doing?,1.0,-NONE-ABAR-WH-,T,WH,NP,NP,OBJ,OBJ,WHNP-1-<INANIM>-<THEME-V1>,WHNP,MQ,MQ_OBJ,
4643,0,where are you going?,1.0,-NONE-ABAR-WH-,T,WH,ADVP,ADVP,ADJUNCT,ADJUNCT,WHADVP-1,WHADVP,MQ,MQ_ADJUNCT,
4656,0,what are you doing?,1.0,-NONE-ABAR-WH-,T,WH,NP,NP,OBJ,OBJ,WHNP-1-<INANIM>-<THEME-V1>,WHNP,MQ,MQ_OBJ,
4677,0,what do you want me to do.,1.0,-NONE-ABAR-WH-,T,WH,NP,NP,OBJ,OBJ,WHNP-1-<INANIM>-<THEME-V2>,WHNP,MQ,MQ_OBJ,
4684,0,what's that?,1.0,-NONE-ABAR-WH-,T,WH,NP,NP,OBJ,OBJ,WHNP-1-<INANIM>,WHNP,MQ,MQ_OBJ,
4689,0,when you get to be a lady then you can have a ring.,1.0,-NONE-ABAR-WH-,T,WH,ADVP,ADVP,ADJUNCT,ADJUNCT,WHADVP-1,WHADVP,EQ,EQ_ADJUNCT,
4690,0,when you grow great big.,1.0,-NONE-ABAR-WH-,T,WH,ADVP,ADVP,ADJUNCT,ADJUNCT,WHADVP-1,WHADVP,EQ,EQ_ADJUNCT,
4691,0,wanT To go see if the coffee's ready?,,,,POLAR,,,,POLAR,,,EQ,EQ_POLAR,see
4702,0,I don't know whether it did.,,,,POLAR,,,,POLAR,,,EQ,EQ_POLAR,know
4713,0,what's Becky's name?,1.0,-NONE-ABAR-WH-,T,WH,NP,NP,OBJ,OBJ,WHNP-1-<INANIM>,WHNP,MQ,MQ_OBJ,
4714,0,what's Becky's name when she's a horse?,1.0,-NONE-ABAR-WH-,T,WH,NP,NP,OBJ,OBJ,WHNP-1-<INANIM>,WHNP,MQ,MQ_OBJ,
4714,1,what's Becky's name when she's a horse?,2.0,-NONE-ABAR-WH-,T,WH,ADVP,ADVP,ADJUNCT,ADJUNCT,WHADVP-2,WHADVP,EQ,EQ_ADJUNCT,
4716,0,what's Becky's name when she's a horse?,1.0,-NONE-ABAR-WH-,T,WH,NP,NP,OBJ,OBJ,WHNP-1-<INANIM>,WHNP,MQ,MQ_OBJ,
4716,1,what's Becky's name when she's a horse?,2.0,-NONE-ABAR-WH-,T,WH,ADVP,ADVP,ADJUNCT,ADJUNCT,WHADVP-2,WHADVP,EQ,EQ_ADJUNCT,
4741,0,what happened?,1.0,-NONE-ABAR-WH-,T,WH,NP,NP,SUBJ,SUBJ,WHNP-1-<INANIM>-<THEME-V1>,WHNP,MQ,MQ_SUBJ,
4744,0,and what do you do?,1.0,-NONE-ABAR-WH-,T,WH,NP,NP,OBJ,OBJ,WHNP-1-<INANIM>-<THEME-V1>,WHNP,EQ,EQ_OBJ,
4746,0,what is your name?,1.0,-NONE-ABAR-WH-,T,WH,NP,NP,OBJ,OBJ,WHNP-1-<INANIM>,WHNP,MQ,MQ_OBJ,
4747,0,what is it?,1.0,-NONE-ABAR-WH-,T,WH,NP,NP,OBJ,OBJ,WHNP-1-<INANIM>,WHNP,MQ,MQ_OBJ,
4749,0,what was your name?,1.0,-NONE-ABAR-WH-,T,WH,NP,NP,OBJ,OBJ,WHNP-1-<INANIM>,WHNP,MQ,MQ_OBJ,
4750,0,what is your name?,1.0,-NONE-ABAR-WH-,T,WH,NP,NP,OBJ,OBJ,WHNP-1-<INANIM>,WHNP,MQ,MQ_OBJ,
4754,0,what is this?,1.0,-NONE-ABAR-WH-,T,WH,NP,NP,OBJ,OBJ,WHNP-1-<INANIM>,WHNP,MQ,MQ_OBJ,
4779,0,oh and what's this?,1.0,-NONE-ABAR-WH-,T,WH,NP,NP,OBJ,OBJ,WHNP-1-<INANIM>,WHNP,MQ,MQ_OBJ,
4784,0,what's he doing?,1.0,-NONE-ABAR-WH-,T,WH,NP,NP,OBJ,OBJ,WHNP-1-<INANIM>-<THEME-V1>,WHNP,MQ,MQ_OBJ,
4788,0,what animal is this?,1.0,-NONE-ABAR-WH-,T,WH,NP,NP,OBJ,OBJ,WHNP-1-<ANIM>,WHNP,MQ,MQ_OBJ,
4789,0,what's he doing?,1.0,-NONE-ABAR-WH-,T,WH,NP,NP,OBJ,OBJ,WHNP-1-<INANIM>-<THEME-V1>,WHNP,MQ,MQ_OBJ,
4790,0,what's he doing?,1.0,-NONE-ABAR-WH-,T,WH,NP,NP,OBJ,OBJ,WHNP-1-<INANIM>-<THEME-V1>,WHNP,MQ,MQ_OBJ,
4797,0,that's what it was.,1.0,-NONE-ABAR-WH-,T,WH,NP,NP,OBJ,OBJ,WHNP-1-<INANIM>,WHNP,EQ,EQ_OBJ,
4806,0,that's what it is.,1.0,-NONE-ABAR-WH-,T,WH,NP,NP,OBJ,OBJ,WHNP-1-<INANIM>,WHNP,EQ,EQ_OBJ,
4809,0,what is that?,1.0,-NONE-ABAR-WH-,T,WH,NP,NP,OBJ,OBJ,WHNP-1-<INANIM>,WHNP,MQ,MQ_OBJ,
4811,0,what am I supposed to do with it?,1.0,-NONE-A-RAISE-,T,OTHER,NP,NP,SUBJ,SUBJ,WHNP-1-<INANIM>-<THEME-V1>,WHNP,MQ,MQ_SUBJ,
4811,1,what am I supposed to do with it?,1.0,-NONE-ABAR-WH-,T,WH,NP,NP,OBJ,OBJ,WHNP-1-<INANIM>-<THEME-V1>,WHNP,MQ,MQ_OBJ,
4813,0,"Rick, whose spoon is this?",1.0,-NONE-ABAR-WH-,T,WH,NP,NP,OBJ,OBJ,WHNP-1-<INANIM>,WHNP,MQ,MQ_OBJ,
4815,0,and whose spoon is that?,1.0,-NONE-ABAR-WH-,T,WH,NP,NP,OBJ,OBJ,WHNP-1-<INANIM>,WHNP,EQ,EQ_OBJ,
4817,0,what's that spoon?,1.0,-NONE-ABAR-WH-,T,WH,NP,NP,OBJ,OBJ,WHNP-1-<INANIM>,WHNP,MQ,MQ_OBJ,
4821,0,"Eve, whose spoon is this?",1.0,-NONE-ABAR-WH-,T,WH,NP,NP,OBJ,OBJ,WHNP-1-<INANIM>,WHNP,MQ,MQ_OBJ,
4822,0,"Rick, whose spoon is this?",1.0,-NONE-ABAR-WH-,T,WH,NP,NP,OBJ,OBJ,WHNP-1-<INANIM>,WHNP,MQ,MQ_OBJ,
4824,0,"Eve, whose spoon is this?",1.0,-NONE-ABAR-WH-,T,WH,NP,NP,OBJ,OBJ,WHNP-1-<INANIM>,WHNP,MQ,MQ_OBJ,
4825,0,"no, who is this?",1.0,-NONE-ABAR-WH-,T,WH,NP,NP,OBJ,OBJ,WHNP-1-<ANIM>,WHNP,MQ,MQ_OBJ,
4828,0,where's your paper?,1.0,-NONE-ABAR-WH-,T,WH,ADVP,ADVP,ADJUNCT,ADJUNCT,WHADVP-1,WHADVP,MQ,MQ_ADJUNCT,
4831,0,"well, what do you want?",1.0,-NONE-ABAR-WH-,T,WH,NP,NP,OBJ,OBJ,WHNP-1-<INANIM>-<SUBJMATT-V1>,WHNP,MQ,MQ_OBJ,
4833,0,who's that?,1.0,-NONE-ABAR-WH-,T,WH,NP,NP,OBJ,OBJ,WHNP-1-<ANIM>,WHNP,MQ,MQ_OBJ,
4834,0,and who's that?,1.0,-NONE-ABAR-WH-,T,WH,NP,NP,OBJ,OBJ,WHNP-1-<ANIM>,WHNP,EQ,EQ_OBJ,
4836,0,what are you doing?,1.0,-NONE-ABAR-WH-,T,WH,NP,NP,OBJ,OBJ,WHNP-1-<INANIM>-<THEME-V1>,WHNP,MQ,MQ_OBJ,
4838,0,where are you?,1.0,-NONE-ABAR-WH-,T,WH,ADVP,ADVP,ADJUNCT,ADJUNCT,WHADVP-1,WHADVP,MQ,MQ_ADJUNCT,
4839,0,where are you in those pictures?,1.0,-NONE-ABAR-WH-,T,WH,ADVP,ADVP,ADJUNCT,ADJUNCT,WHADVP-1,WHADVP,MQ,MQ_ADJUNCT,
4840,0,where are you sitting?,1.0,-NONE-ABAR-WH-,T,WH,ADVP,ADVP,ADJUNCT,ADJUNCT,WHADVP-1,WHADVP,MQ,MQ_ADJUNCT,
4841,0,where are you sitting in the pictures?,1.0,-NONE-ABAR-WH-,T,WH,ADVP,ADVP,ADJUNCT,ADJUNCT,WHADVP-1,WHADVP,MQ,MQ_ADJUNCT,
4842,0,where are you sitting?,1.0,-NONE-ABAR-WH-,T,WH,ADVP,ADVP,ADJUNCT,ADJUNCT,WHADVP-1,WHADVP,MQ,MQ_ADJUNCT,
4844,0,who's that?,1.0,-NONE-ABAR-WH-,T,WH,NP,NP,OBJ,OBJ,WHNP-1-<ANIM>,WHNP,MQ,MQ_OBJ,
4845,0,what are you doing there?,1.0,-NONE-ABAR-WH-,T,WH,NP,NP,OBJ,OBJ,WHNP-1-<INANIM>-<THEME-V1>,WHNP,MQ,MQ_OBJ,
4846,0,what do you have on your head?,1.0,-NONE-ABAR-WH-,T,WH,NP,NP,OBJ,OBJ,WHNP-1-<INANIM>-<PATIENT-V1>,WHNP,MQ,MQ_OBJ,
4850,0,what do you want?,1.0,-NONE-ABAR-WH-,T,WH,NP,NP,OBJ,OBJ,WHNP-1-<INANIM>-<SUBJMATT-V1>,WHNP,MQ,MQ_OBJ,
4868,0,what do you want?,1.0,-NONE-ABAR-WH-,T,WH,NP,NP,OBJ,OBJ,WHNP-1-<INANIM>-<SUBJMATT-V1>,WHNP,MQ,MQ_OBJ,
4886,0,what would you like?,1.0,-NONE-ABAR-WH-,T,WH,NP,NP,OBJ,OBJ,WHNP-1-<INANIM>-<SUBJMATT-V1>,WHNP,MQ,MQ_OBJ,
4888,0,what would you like for lunch?,1.0,-NONE-ABAR-WH-,T,WH,NP,NP,OBJ,OBJ,WHNP-1-<INANIM>-<SUBJMATT-V1>,WHNP,MQ,MQ_OBJ,
4894,0,I know what I'll give you.,1.0,-NONE-ABAR-WH-,T,WH,NP,NP,OBJ,OBJ,WHNP-1-<INANIM>-<PATIENT-V2>,WHNP,EQ,EQ_OBJ,know
4895,0,I know what I'll give you.,1.0,-NONE-ABAR-WH-,T,WH,NP,NP,OBJ,OBJ,WHNP-1-<INANIM>-<PATIENT-V2>,WHNP,EQ,EQ_OBJ,know
4900,0,what would you like?,1.0,-NONE-ABAR-WH-,T,WH,NP,NP,OBJ,OBJ,WHNP-1-<INANIM>-<SUBJMATT-V1>,WHNP,MQ,MQ_OBJ,
4919,0,what are you eating?,1.0,-NONE-ABAR-WH-,T,WH,NP,NP,OBJ,OBJ,WHNP-1-<INANIM>-<PATIENT-V1>,WHNP,MQ,MQ_OBJ,
4920,0,what's wrong?,1.0,-NONE-ABAR-WH-,T,WH,NP,NP,SUBJ,SUBJ,WHNP-1-<INANIM>,WHNP,MQ,MQ_SUBJ,
4921,0,what's the trouble?,1.0,-NONE-ABAR-WH-,T,WH,NP,NP,SUBJ,SUBJ,WHNP-1-<INANIM>,WHNP,MQ,MQ_SUBJ,
4938,0,whose icecream is it?,1.0,-NONE-ABAR-WH-,T,WH,NP,NP,OBJ,OBJ,WHNP-1-<INANIM>,WHNP,MQ,MQ_OBJ,
4940,0,"whose icecream is it, Eve?",1.0,-NONE-ABAR-WH-,T,WH,NP,NP,OBJ,OBJ,WHNP-1-<INANIM>,WHNP,MQ,MQ_OBJ,
4943,0,whose icecream is it?,1.0,-NONE-ABAR-WH-,T,WH,NP,NP,OBJ,OBJ,WHNP-1-<INANIM>,WHNP,MQ,MQ_OBJ,
4954,0,what do you see out there?,1.0,-NONE-ABAR-WH-,T,WH,NP,NP,OBJ,OBJ,WHNP-1-<INANIM>-<SUBJMATT-V1>,WHNP,MQ,MQ_OBJ,
4963,0,where's his spoon?,1.0,-NONE-ABAR-WH-,T,WH,ADVP,ADVP,ADJUNCT,ADJUNCT,WHADVP-1,WHADVP,MQ,MQ_ADJUNCT,
4964,0,where's his spoon?,1.0,-NONE-ABAR-WH-,T,WH,ADVP,ADVP,ADJUNCT,ADJUNCT,WHADVP-1,WHADVP,MQ,MQ_ADJUNCT,
4970,0,what are we doing now?,1.0,-NONE-ABAR-WH-,T,WH,NP,NP,OBJ,OBJ,WHNP-1-<INANIM>-<THEME-V1>,WHNP,MQ,MQ_OBJ,
4971,0,what am I doing now?,1.0,-NONE-ABAR-WH-,T,WH,NP,NP,OBJ,OBJ,WHNP-1-<INANIM>-<THEME-V1>,WHNP,MQ,MQ_OBJ,
4973,0,what will we do in a minute?,1.0,-NONE-ABAR-WH-,T,WH,NP,NP,OBJ,OBJ,WHNP-1-<INANIM>-<THEME-V1>,WHNP,MQ,MQ_OBJ,
4975,0,where is Papa?,1.0,-NONE-ABAR-WH-,T,WH,ADVP,ADVP,ADJUNCT,ADJUNCT,WHADVP-1,WHADVP,MQ,MQ_ADJUNCT,
4977,0,where'd he go?,1.0,-NONE-ABAR-WH-,T,WH,ADVP,ADVP,ADJUNCT,ADJUNCT,WHADVP-1,WHADVP,MQ,MQ_ADJUNCT,
4980,0,what's Papa doing in Chicago?,1.0,-NONE-ABAR-WH-,T,WH,NP,NP,OBJ,OBJ,WHNP-1-<INANIM>-<THEME-V1>,WHNP,MQ,MQ_OBJ,
4982,0,what is that?,1.0,-NONE-ABAR-WH-,T,WH,NP,NP,OBJ,OBJ,WHNP-1-<INANIM>,WHNP,MQ,MQ_OBJ,
4984,0,what do you see?,1.0,-NONE-ABAR-WH-,T,WH,NP,NP,OBJ,OBJ,WHNP-1-<INANIM>-<SUBJMATT-V1>,WHNP,MQ,MQ_OBJ,
4987,0,who do you see?,1.0,-NONE-ABAR-WH-,T,WH,NP,NP,OBJ,OBJ,WHNP-1-<ANIM>-<SUBJMATT-V1>,WHNP,MQ,MQ_OBJ,
4988,0,what are you going to do?,1.0,-NONE-ABAR-WH-,T,WH,NP,NP,OBJ,OBJ,WHNP-1-<INANIM>-<THEME-V1>,WHNP,MQ,MQ_OBJ,
5033,0,that's what I asked.,1.0,-NONE-ABAR-WH-,T,WH,NP,NP,OBJ,OBJ,WHNP-1-<INANIM>-<THEME-V1>,WHNP,EQ,EQ_OBJ,asked
5044,0,who has new socks?,1.0,-NONE-ABAR-WH-,T,WH,NP,NP,SUBJ,SUBJ,WHNP-1-<ANIM>-<POSSESS-V1>,WHNP,MQ,MQ_SUBJ,
5047,0,what do we not have?,1.0,-NONE-ABAR-WH-,T,WH,NP,NP,OBJ,OBJ,WHNP-1-<INANIM>-<THEME-V1>,WHNP,MQ,MQ_OBJ,
5052,0,I'll bring them on Wednesday when Cromer comes.,1.0,-NONE-ABAR-WH-,T,WH,ADVP,ADVP,ADJUNCT,ADJUNCT,WHADVP-1,WHADVP,EQ,EQ_ADJUNCT,bring
5055,0,"oh, what are these?",1.0,-NONE-ABAR-WH-,T,WH,NP,NP,OBJ,OBJ,WHNP-1-<INANIM>,WHNP,MQ,MQ_OBJ,
5056,0,and what do you do with them?,1.0,-NONE-ABAR-WH-,T,WH,NP,NP,OBJ,OBJ,WHNP-1-<INANIM>-<THEME-V1>,WHNP,EQ,EQ_OBJ,
5059,0,where's Cromer?,1.0,-NONE-ABAR-WH-,T,WH,ADVP,ADVP,ADJUNCT,ADJUNCT,WHADVP-1,WHADVP,MQ,MQ_ADJUNCT,
5062,0,"oh yes, what did you do?",1.0,-NONE-ABAR-WH-,T,WH,NP,NP,OBJ,OBJ,WHNP-1-<INANIM>-<THEME-V1>,WHNP,MQ,MQ_OBJ,
5064,0,he's going to go to see if we have any mail.,,,,POLAR,,,,POLAR,,,EQ,EQ_POLAR,see
5069,0,where is it?,1.0,-NONE-ABAR-WH-,T,WH,ADVP,ADVP,ADJUNCT,ADJUNCT,WHADVP-1,WHADVP,MQ,MQ_ADJUNCT,
5072,0,and what does the sponge do?,1.0,-NONE-ABAR-WH-,T,WH,NP,NP,OBJ,OBJ,WHNP-1-<INANIM>-<THEME-V1>,WHNP,EQ,EQ_OBJ,
5075,0,what are you doing to the sponge?,1.0,-NONE-ABAR-WH-,T,WH,NP,NP,OBJ,OBJ,WHNP-1-<INANIM>-<THEME-V1>,WHNP,MQ,MQ_OBJ,
5083,0,all *NULL* you do is go and look at it.,1.0,-NONE-ABAR-RC-,T,RC,NP,NP,OBJ,OBJ,WHNP-1-<INANIM>-<THEME-V1>,WHNP,RC,RC_OBJ,
5086,0,"oh, what have you there?",1.0,-NONE-ABAR-WH-,T,WH,NP,NP,OBJ,OBJ,WHNP-1-<INANIM>-<THEME-V1>,WHNP,MQ,MQ_OBJ,
5087,0,what are you doing?,1.0,-NONE-ABAR-WH-,T,WH,NP,NP,OBJ,OBJ,WHNP-1-<INANIM>-<THEME-V1>,WHNP,MQ,MQ_OBJ,
5108,0,what are you doing?,1.0,-NONE-ABAR-WH-,T,WH,NP,NP,OBJ,OBJ,WHNP-1-<INANIM>-<THEME-V1>,WHNP,MQ,MQ_OBJ,
5120,0,where's the hole?,1.0,-NONE-ABAR-WH-,T,WH,ADVP,ADVP,ADJUNCT,ADJUNCT,WHADVP-1,WHADVP,MQ,MQ_ADJUNCT,
5121,0,how'd that hole get in there?,1.0,-NONE-ABAR-WH-,T,WH,ADVP,ADVP,ADJUNCT,ADJUNCT,WHADVP-1,WHADVP,MQ,MQ_ADJUNCT,
5123,0,I know it's in the carriage but how'd it get there?,1.0,-NONE-ABAR-WH-,T,WH,ADVP,ADVP,ADJUNCT,ADJUNCT,WHADVP-1,WHADVP,MQ,MQ_ADJUNCT,
5129,0,why did you do it?,1.0,-NONE-ABAR-WH-,T,WH,ADVP,ADVP,ADJUNCT,ADJUNCT,WHADVP-1,WHADVP,MQ,MQ_ADJUNCT,
5134,0,but there's nothing in it that's interesting.,1.0,-NONE-ABAR-RC-,T,RC,NP,NP,SUBJ,SUBJ,WHNP-1-<INANIM>,WHNP,RC,RC_SUBJ,
5143,0,what are you doing to Fraser's paper?,1.0,-NONE-ABAR-WH-,T,WH,NP,NP,OBJ,OBJ,WHNP-1-<INANIM>-<THEME-V1>,WHNP,MQ,MQ_OBJ,
5144,0,what are you doing?,1.0,-NONE-ABAR-WH-,T,WH,NP,NP,OBJ,OBJ,WHNP-1-<INANIM>-<THEME-V1>,WHNP,MQ,MQ_OBJ,
5145,0,"yeah, what are you doing?",1.0,-NONE-ABAR-WH-,T,WH,NP,NP,OBJ,OBJ,WHNP-1-<INANIM>-<THEME-V1>,WHNP,MQ,MQ_OBJ,
5146,0,"yeah, what are you doing?",1.0,-NONE-ABAR-WH-,T,WH,NP,NP,OBJ,OBJ,WHNP-1-<INANIM>-<THEME-V1>,WHNP,MQ,MQ_OBJ,
5172,0,how do you know that's Fraser's?,1.0,-NONE-ABAR-WH-,T,WH,ADVP,ADVP,ADJUNCT,ADJUNCT,WHADVP-1,WHADVP,MQ,MQ_ADJUNCT,
5174,0,but how do you know this is Fraser's?,1.0,-NONE-ABAR-WH-,T,WH,ADVP,ADVP,ADJUNCT,ADJUNCT,WHADVP-1,WHADVP,EQ,EQ_ADJUNCT,
5185,0,what do we have here?,1.0,-NONE-ABAR-WH-,T,WH,NP,NP,OBJ,OBJ,WHNP-1-<INANIM>-<THEME-V1>,WHNP,MQ,MQ_OBJ,
5195,0,we'll fix it when we get out there.,1.0,-NONE-ABAR-WH-,T,WH,ADVP,ADVP,ADJUNCT,ADJUNCT,WHADVP-1,WHADVP,EQ,EQ_ADJUNCT,fix
5225,0,"what are you looking for, Eve?",1.0,-NONE-ABAR-WH-,T,WH,NP,NP,OBJ,OBJ,WHNP-1-<INANIM>-<PATIENT-V1>,WHNP,MQ,MQ_OBJ,
5239,0,"oh, when I said darn it?",1.0,-NONE-ABAR-WH-,T,WH,ADVP,ADVP,ADJUNCT,ADJUNCT,WHADVP-1,WHADVP,EQ,EQ_ADJUNCT,
5251,0,who's sitting in your chair?,1.0,-NONE-ABAR-WH-,T,WH,NP,NP,SUBJ,SUBJ,WHNP-1-<ANIM>-<THEME-V1>,WHNP,MQ,MQ_SUBJ,
5264,0,"what did I do with your cup, Eve?",1.0,-NONE-ABAR-WH-,T,WH,NP,NP,OBJ,OBJ,WHNP-1-<INANIM>-<THEME-V1>,WHNP,MQ,MQ_OBJ,
5273,0,what did you say before that?,1.0,-NONE-ABAR-WH-,T,WH,NP,NP,OBJ,OBJ,WHNP-1-<INANIM>-<THEME-V1>,WHNP,MQ,MQ_OBJ,
5296,0,what are we having?,1.0,-NONE-ABAR-WH-,T,WH,NP,NP,OBJ,OBJ,WHNP-1-<INANIM>-<THEME-V1>,WHNP,MQ,MQ_OBJ,
5345,0,where's what toy?,1.0,-NONE-ABAR-WH-,T,WH,ADVP,ADVP,ADJUNCT,ADJUNCT,WHADVP-1,WHADVP,MQ,MQ_ADJUNCT,
5364,0,how's that?,1.0,-NONE-ABAR-WH-,T,WH,ADVP,ADVP,ADJUNCT,ADJUNCT,WHADVP-1,WHADVP,MQ,MQ_ADJUNCT,
5387,0,what are you doing?,1.0,-NONE-ABAR-WH-,T,WH,NP,NP,OBJ,OBJ,WHNP-1-<INANIM>-<THEME-V1>,WHNP,MQ,MQ_OBJ,
5392,0,what's he doing?,1.0,-NONE-ABAR-WH-,T,WH,NP,NP,OBJ,OBJ,WHNP-1-<INANIM>-<THEME-V1>,WHNP,MQ,MQ_OBJ,
5399,0,and what's in the briefcase?,1.0,-NONE-ABAR-WH-,T,WH,NP,NP,SUBJ,SUBJ,WHNP-1-<INANIM>,WHNP,EQ,EQ_SUBJ,
5400,0,what's in the briefcase?,1.0,-NONE-ABAR-WH-,T,WH,NP,NP,SUBJ,SUBJ,WHNP-1-<INANIM>,WHNP,MQ,MQ_SUBJ,
5401,0,what did I bring today?,1.0,-NONE-ABAR-WH-,T,WH,NP,NP,OBJ,OBJ,WHNP-1-<INANIM>-<PATIENT-V1>,WHNP,MQ,MQ_OBJ,
5402,0,what did I say I would bring on Wednesday?,1.0,-NONE-ABAR-WH-,T,WH,NP,NP,OBJ,OBJ,WHNP-1-<INANIM>-<PATIENT-V2>,WHNP,EQ,EQ_OBJ,say
5409,0,who's that?,1.0,-NONE-ABAR-WH-,T,WH,NP,NP,OBJ,OBJ,WHNP-1-<ANIM>,WHNP,MQ,MQ_OBJ,
5411,0,who's that?,1.0,-NONE-ABAR-WH-,T,WH,NP,NP,OBJ,OBJ,WHNP-1-<ANIM>,WHNP,MQ,MQ_OBJ,
5417,0,"now you tell me, who is that?",1.0,-NONE-ABAR-WH-,T,WH,NP,NP,OBJ,OBJ,WHNP-1-<ANIM>,WHNP,MQ,MQ_OBJ,
5419,0,who is that?,1.0,-NONE-ABAR-WH-,T,WH,NP,NP,OBJ,OBJ,WHNP-1-<ANIM>,WHNP,MQ,MQ_OBJ,
5422,0,who is that?,1.0,-NONE-ABAR-WH-,T,WH,NP,NP,OBJ,OBJ,WHNP-1-<ANIM>,WHNP,MQ,MQ_OBJ,
5424,0,who is that?,1.0,-NONE-ABAR-WH-,T,WH,NP,NP,OBJ,OBJ,WHNP-1-<ANIM>,WHNP,MQ,MQ_OBJ,
5426,0,and who is that?,1.0,-NONE-ABAR-WH-,T,WH,NP,NP,OBJ,OBJ,WHNP-1-<ANIM>,WHNP,EQ,EQ_OBJ,
5439,0,Papa will fix it when he comes home.,1.0,-NONE-ABAR-WH-,T,WH,ADVP,ADVP,ADJUNCT,ADJUNCT,WHADVP-1,WHADVP,EQ,EQ_ADJUNCT,fix
5443,0,what's the Mommy doing?,1.0,-NONE-ABAR-WH-,T,WH,NP,NP,OBJ,OBJ,WHNP-1-<INANIM>-<THEME-V1>,WHNP,MQ,MQ_OBJ,
5446,0,"what are you doing, Eve?",1.0,-NONE-ABAR-WH-,T,WH,NP,NP,OBJ,OBJ,WHNP-1-<INANIM>-<THEME-V1>,WHNP,MQ,MQ_OBJ,
5463,0,what's happened to it?,1.0,-NONE-ABAR-WH-,T,WH,NP,NP,SUBJ,SUBJ,WHNP-1-<INANIM>-<THEME-V1>,WHNP,MQ,MQ_SUBJ,
5478,0,what do you want?,1.0,-NONE-ABAR-WH-,T,WH,NP,NP,OBJ,OBJ,WHNP-1-<INANIM>-<SUBJMATT-V1>,WHNP,MQ,MQ_OBJ,
5482,0,what did you do?,1.0,-NONE-ABAR-WH-,T,WH,NP,NP,OBJ,OBJ,WHNP-1-<INANIM>-<THEME-V1>,WHNP,MQ,MQ_OBJ,
5485,0,how are you?,1.0,-NONE-ABAR-WH-,T,WH,ADVP,ADVP,ADJUNCT,ADJUNCT,WHADVP-1,WHADVP,MQ,MQ_ADJUNCT,
5507,0,if I may.,,,,POLAR,,,,POLAR,,,EQ,EQ_POLAR,
5514,0,what's she doing?,1.0,-NONE-ABAR-WH-,T,WH,NP,NP,OBJ,OBJ,WHNP-1-<INANIM>-<THEME-V1>,WHNP,MQ,MQ_OBJ,
5521,0,what's he doing?,1.0,-NONE-ABAR-WH-,T,WH,NP,NP,OBJ,OBJ,WHNP-1-<INANIM>-<THEME-V1>,WHNP,MQ,MQ_OBJ,
5537,0,what do you want that I do with it?,1.0,-NONE-ABAR-WH-,T,WH,NP,NP,OBJ,OBJ,WHNP-1-<INANIM>-<THEME-V2>,WHNP,EQ,EQ_OBJ,want
5550,0,we'll bring them on Wednesday when Cromer comes.,1.0,-NONE-ABAR-WH-,T,WH,ADVP,ADVP,ADJUNCT,ADJUNCT,WHADVP-1,WHADVP,EQ,EQ_ADJUNCT,bring
5561,0,what'll happen on Wednesday?,1.0,-NONE-ABAR-WH-,T,WH,NP,NP,SUBJ,SUBJ,WHNP-1-<INANIM>-<THEME-V1>,WHNP,MQ,MQ_SUBJ,
5571,0,who is that?,1.0,-NONE-ABAR-WH-,T,WH,NP,NP,OBJ,OBJ,WHNP-1-<ANIM>,WHNP,MQ,MQ_OBJ,
5574,0,I 'm fixing the box *NULL* to send to Sheila.,1.0,-NONE-ABAR-WH-,T,WH,NP,NP,OBJ,OBJ,WHNP-1-<INANIM>-<THEME-V2>,WHNP,RC,RC_OBJ,
5578,0,what is it?,1.0,-NONE-ABAR-WH-,T,WH,NP,NP,OBJ,OBJ,WHNP-1-<INANIM>,WHNP,MQ,MQ_OBJ,
5585,0,I don't know whether it'll work.,,,,POLAR,,,,POLAR,,,EQ,EQ_POLAR,know
5597,0,what happened to it?,1.0,-NONE-ABAR-WH-,T,WH,NP,NP,SUBJ,SUBJ,WHNP-1-<INANIM>-<THEME-V1>,WHNP,MQ,MQ_SUBJ,
5598,0,what happened to it?,1.0,-NONE-ABAR-WH-,T,WH,NP,NP,SUBJ,SUBJ,WHNP-1-<INANIM>-<THEME-V1>,WHNP,MQ,MQ_SUBJ,
5626,0,what's that?,1.0,-NONE-ABAR-WH-,T,WH,NP,NP,OBJ,OBJ,WHNP-1-<INANIM>,WHNP,MQ,MQ_OBJ,
5644,0,what do I write with if I put it down?,,,,POLAR,,,,POLAR,,,EQ,EQ_POLAR,write
5644,1,what do I write with if I put it down?,1.0,-NONE-ABAR-WH-,T,WH,NP,NP,OBJ,OBJ,WHNP-1-<INANIM>-<INSTR-V1>,WHNP,MQ,MQ_OBJ,
5655,0,do you remember what we did yesterday?,1.0,-NONE-ABAR-WH-,T,WH,NP,NP,OBJ,OBJ,WHNP-1-<INANIM>-<THEME-V2>,WHNP,EQ,EQ_OBJ,remember
5656,0,do you remember what we did yesterday?,1.0,-NONE-ABAR-WH-,T,WH,NP,NP,OBJ,OBJ,WHNP-1-<INANIM>-<THEME-V2>,WHNP,EQ,EQ_OBJ,remember
5658,0,and what did Cathy have?,1.0,-NONE-ABAR-WH-,T,WH,NP,NP,OBJ,OBJ,WHNP-1-<INANIM>-<THEME-V1>,WHNP,EQ,EQ_OBJ,
5659,0,what was on Cathy's table when we got there?,1.0,-NONE-ABAR-WH-,T,WH,NP,NP,SUBJ,SUBJ,WHNP-1-<INANIM>,WHNP,MQ,MQ_SUBJ,
5659,1,what was on Cathy's table when we got there?,2.0,-NONE-ABAR-WH-,T,WH,ADVP,ADVP,ADJUNCT,ADJUNCT,WHADVP-2,WHADVP,EQ,EQ_ADJUNCT,got
5664,0,what was it?,1.0,-NONE-ABAR-WH-,T,WH,NP,NP,OBJ,OBJ,WHNP-1-<INANIM>,WHNP,MQ,MQ_OBJ,
5667,0,who is that?,1.0,-NONE-ABAR-WH-,T,WH,NP,NP,OBJ,OBJ,WHNP-1-<ANIM>,WHNP,MQ,MQ_OBJ,
5668,0,what's he doing?,1.0,-NONE-ABAR-WH-,T,WH,NP,NP,OBJ,OBJ,WHNP-1-<INANIM>-<THEME-V1>,WHNP,MQ,MQ_OBJ,
5670,0,what is Fraser doing?,1.0,-NONE-ABAR-WH-,T,WH,NP,NP,OBJ,OBJ,WHNP-1-<INANIM>-<THEME-V1>,WHNP,MQ,MQ_OBJ,
5673,0,what's he writing on?,1.0,-NONE-ABAR-WH-,T,WH,NP,NP,OBJ,OBJ,WHNP-1-<INANIM>-<LOC-V1>,WHNP,MQ,MQ_OBJ,
5678,0,look what I have.,1.0,-NONE-ABAR-WH-,T,WH,NP,NP,OBJ,OBJ,WHNP-1-<INANIM>-<THEME-V2>,WHNP,EQ,EQ_OBJ,look
5690,0,who has the crayons?,1.0,-NONE-ABAR-WH-,T,WH,NP,NP,SUBJ,SUBJ,WHNP-1-<ANIM>-<POSSESS-V1>,WHNP,MQ,MQ_SUBJ,
5702,0,where are your toys?,1.0,-NONE-ABAR-WH-,T,WH,ADVP,ADVP,ADJUNCT,ADJUNCT,WHADVP-1,WHADVP,MQ,MQ_ADJUNCT,
5704,0,do you know where they are?,1.0,-NONE-ABAR-WH-,T,WH,ADVP,ADVP,ADJUNCT,ADJUNCT,WHADVP-1,WHADVP,EQ,EQ_ADJUNCT,know
5708,0,what is this?,1.0,-NONE-ABAR-WH-,T,WH,NP,NP,OBJ,OBJ,WHNP-1-<INANIM>,WHNP,MQ,MQ_OBJ,
5710,0,what do you put on the floor?,1.0,-NONE-ABAR-WH-,T,WH,NP,NP,OBJ,OBJ,WHNP-1-<INANIM>-<PATIENT-V1>,WHNP,MQ,MQ_OBJ,
5711,0,what do you want me to do?,1.0,-NONE-ABAR-WH-,T,WH,NP,NP,OBJ,OBJ,WHNP-1-<INANIM>-<THEME-V2>,WHNP,MQ,MQ_OBJ,
5741,0,who're you going To talk to?,1.0,-NONE-ABAR-WH-,T,WH,NP,NP,OBJ,OBJ,WHNP-1-<ANIM>-<GOAL-V1>,WHNP,MQ,MQ_OBJ,
5752,0,how are they?,1.0,-NONE-ABAR-WH-,T,WH,ADVP,ADVP,ADJUNCT,ADJUNCT,WHADVP-1,WHADVP,MQ,MQ_ADJUNCT,
5753,0,what are they doing?,1.0,-NONE-ABAR-WH-,T,WH,NP,NP,OBJ,OBJ,WHNP-1-<INANIM>-<THEME-V1>,WHNP,MQ,MQ_OBJ,
5772,0,what do we do now then?,1.0,-NONE-ABAR-WH-,T,WH,NP,NP,OBJ,OBJ,WHNP-1-<INANIM>-<THEME-V1>,WHNP,MQ,MQ_OBJ,
5782,0,where are the Christmas cookies?,1.0,-NONE-ABAR-WH-,T,WH,ADVP,ADVP,ADJUNCT,ADJUNCT,WHADVP-1,WHADVP,MQ,MQ_ADJUNCT,
5785,0,where are they?,1.0,-NONE-ABAR-WH-,T,WH,ADVP,ADVP,ADJUNCT,ADJUNCT,WHADVP-1,WHADVP,MQ,MQ_ADJUNCT,
5792,0,what's all gone?,1.0,-NONE-ABAR-WH-,T,WH,NP,NP,SUBJ,SUBJ,WHNP-1-<INANIM>,WHNP,MQ,MQ_SUBJ,
5800,0,what is there?,1.0,-NONE-ABAR-WH-,T,WH,NP,NP,SUBJ,SUBJ,WHNP-1-<INANIM>,WHNP,MQ,MQ_SUBJ,
5804,0,what's happening?,1.0,-NONE-ABAR-WH-,T,WH,NP,NP,SUBJ,SUBJ,WHNP-1-<INANIM>-<THEME-V1>,WHNP,MQ,MQ_SUBJ,
5805,0,where are his feet?,1.0,-NONE-ABAR-WH-,T,WH,ADVP,ADVP,ADJUNCT,ADJUNCT,WHADVP-1,WHADVP,MQ,MQ_ADJUNCT,
5807,0,where is the bicycle?,1.0,-NONE-ABAR-WH-,T,WH,ADVP,ADVP,ADJUNCT,ADJUNCT,WHADVP-1,WHADVP,MQ,MQ_ADJUNCT,
5811,0,what's he doing there?,1.0,-NONE-ABAR-WH-,T,WH,NP,NP,OBJ,OBJ,WHNP-1-<INANIM>-<THEME-V1>,WHNP,MQ,MQ_OBJ,
5815,0,what does Fraser have in his new bag over there?,1.0,-NONE-ABAR-WH-,T,WH,NP,NP,OBJ,OBJ,WHNP-1-<INANIM>-<THEME-V1>,WHNP,MQ,MQ_OBJ,
5816,0,what does Fraser have in that new bag?,1.0,-NONE-ABAR-WH-,T,WH,NP,NP,OBJ,OBJ,WHNP-1-<INANIM>-<THEME-V1>,WHNP,MQ,MQ_OBJ,
5823,0,that's what Jim does.,1.0,-NONE-ABAR-WH-,T,WH,NP,NP,OBJ,OBJ,WHNP-1-<INANIM>-<THEME-V1>,WHNP,EQ,EQ_OBJ,does
5825,0,do you hear the funny noise *NULL* he makes?,1.0,-NONE-ABAR-RC-,T,RC,NP,NP,OBJ,OBJ,WHNP-1-<INANIM>-<PATIENT-V2>,WHNP,RC,RC_OBJ,
5831,0,do you hear the noise *NULL* he makes?,1.0,-NONE-ABAR-RC-,T,RC,NP,NP,OBJ,OBJ,WHNP-1-<INANIM>-<PATIENT-V2>,WHNP,RC,RC_OBJ,
5832,0,do you know what that is?,1.0,-NONE-ABAR-WH-,T,WH,NP,NP,OBJ,OBJ,WHNP-1-<INANIM>,WHNP,EQ,EQ_OBJ,know
5853,0,"what did he do, Eve?",1.0,-NONE-ABAR-WH-,T,WH,NP,NP,OBJ,OBJ,WHNP-1-<INANIM>-<THEME-V1>,WHNP,MQ,MQ_OBJ,
5854,0,what did he do?,1.0,-NONE-ABAR-WH-,T,WH,NP,NP,OBJ,OBJ,WHNP-1-<INANIM>-<THEME-V1>,WHNP,MQ,MQ_OBJ,
5858,0,what are you doing?,1.0,-NONE-ABAR-WH-,T,WH,NP,NP,OBJ,OBJ,WHNP-1-<INANIM>-<THEME-V1>,WHNP,MQ,MQ_OBJ,
5862,0,what's that?,1.0,-NONE-ABAR-WH-,T,WH,NP,NP,OBJ,OBJ,WHNP-1-<INANIM>,WHNP,MQ,MQ_OBJ,
5865,0,and what's this?,1.0,-NONE-ABAR-WH-,T,WH,NP,NP,OBJ,OBJ,WHNP-1-<INANIM>,WHNP,EQ,EQ_OBJ,
5900,0,what else would you like?,1.0,-NONE-ABAR-WH-,T,WH,NP,NP,OBJ,OBJ,WHNP-1-<INANIM>-<SUBJMATT-V1>,WHNP,MQ,MQ_OBJ,
5901,0,what happened?,1.0,-NONE-ABAR-WH-,T,WH,NP,NP,SUBJ,SUBJ,WHNP-1-<INANIM>-<THEME-V1>,WHNP,MQ,MQ_SUBJ,
5928,0,who is that?,1.0,-NONE-ABAR-WH-,T,WH,NP,NP,OBJ,OBJ,WHNP-1-<ANIM>,WHNP,MQ,MQ_OBJ,
5929,0,what's he doing?,1.0,-NONE-ABAR-WH-,T,WH,NP,NP,OBJ,OBJ,WHNP-1-<INANIM>-<THEME-V1>,WHNP,MQ,MQ_OBJ,
5952,0,what else did he do?,1.0,-NONE-ABAR-WH-,T,WH,NP,NP,OBJ,OBJ,WHNP-1-<INANIM>-<THEME-V1>,WHNP,MQ,MQ_OBJ,
5953,0,what did he do?,1.0,-NONE-ABAR-WH-,T,WH,NP,NP,OBJ,OBJ,WHNP-1-<INANIM>-<THEME-V1>,WHNP,MQ,MQ_OBJ,
5954,0,what noise did he make?,1.0,-NONE-ABAR-WH-,T,WH,NP,NP,OBJ,OBJ,WHNP-1-<INANIM>-<PATIENT-V1>,WHNP,MQ,MQ_OBJ,
5956,0,what was that?,1.0,-NONE-ABAR-WH-,T,WH,NP,NP,OBJ,OBJ,WHNP-1-<INANIM>,WHNP,MQ,MQ_OBJ,
5971,0,who's bobbing up and down?,1.0,-NONE-ABAR-WH-,T,WH,NP,NP,SUBJ,SUBJ,WHNP-1-<ANIM>-<THEME-V1>,WHNP,MQ,MQ_SUBJ,
5983,0,you only take aspirins when Mommy gives them to you.,1.0,-NONE-ABAR-WH-,T,WH,ADVP,ADVP,ADJUNCT,ADJUNCT,WHADVP-1,WHADVP,EQ,EQ_ADJUNCT,take
5987,0,what's he doing?,1.0,-NONE-ABAR-WH-,T,WH,NP,NP,OBJ,OBJ,WHNP-1-<INANIM>-<THEME-V1>,WHNP,MQ,MQ_OBJ,
5988,0,what is it?,1.0,-NONE-ABAR-WH-,T,WH,NP,NP,OBJ,OBJ,WHNP-1-<INANIM>,WHNP,MQ,MQ_OBJ,
6005,0,what are they doing in your tapioca?,1.0,-NONE-ABAR-WH-,T,WH,NP,NP,OBJ,OBJ,WHNP-1-<INANIM>-<THEME-V1>,WHNP,MQ,MQ_OBJ,
6006,0,what are they doing in your tapioca?,1.0,-NONE-ABAR-WH-,T,WH,NP,NP,OBJ,OBJ,WHNP-1-<INANIM>-<THEME-V1>,WHNP,MQ,MQ_OBJ,
6036,0,"no, where is it?",1.0,-NONE-ABAR-WH-,T,WH,ADVP,ADVP,ADJUNCT,ADJUNCT,WHADVP-1,WHADVP,MQ,MQ_ADJUNCT,
6038,0,where is your blanket?,1.0,-NONE-ABAR-WH-,T,WH,ADVP,ADVP,ADJUNCT,ADJUNCT,WHADVP-1,WHADVP,MQ,MQ_ADJUNCT,
6039,0,what's it doing in Cromer's livingroom.,1.0,-NONE-ABAR-WH-,T,WH,NP,NP,OBJ,OBJ,WHNP-1-<INANIM>-<THEME-V1>,WHNP,MQ,MQ_OBJ,
6040,0,who put it there?,1.0,-NONE-ABAR-WH-,T,WH,NP,NP,SUBJ,SUBJ,WHNP-1-<ANIM>-<AGENT-V1>,WHNP,MQ,MQ_SUBJ,
6042,0,where is your blanket?,1.0,-NONE-ABAR-WH-,T,WH,ADVP,ADVP,ADJUNCT,ADJUNCT,WHADVP-1,WHADVP,MQ,MQ_ADJUNCT,
6043,0,what's it doing in Cromer's livingroom.,1.0,-NONE-ABAR-WH-,T,WH,NP,NP,OBJ,OBJ,WHNP-1-<INANIM>-<THEME-V1>,WHNP,MQ,MQ_OBJ,
6044,0,who put it there?,1.0,-NONE-ABAR-WH-,T,WH,NP,NP,SUBJ,SUBJ,WHNP-1-<ANIM>-<AGENT-V1>,WHNP,MQ,MQ_SUBJ,
6045,0,who put your blanket in Fraser's livingroom?,1.0,-NONE-ABAR-WH-,T,WH,NP,NP,SUBJ,SUBJ,WHNP-1-<ANIM>-<AGENT-V1>,WHNP,MQ,MQ_SUBJ,
6048,0,where's the green car?,1.0,-NONE-ABAR-WH-,T,WH,ADVP,ADVP,ADJUNCT,ADJUNCT,WHADVP-1,WHADVP,MQ,MQ_ADJUNCT,
6054,0,how many taxis were there?,1.0,-NONE-ABAR-WH-,T,WH,NP,NP,SUBJ,SUBJ,WHNP-1-<INANIM>,WHNP,MQ,MQ_SUBJ,
6056,0,but how many taxis were there?,1.0,-NONE-ABAR-WH-,T,WH,NP,NP,SUBJ,SUBJ,WHNP-1-<INANIM>,WHNP,EQ,EQ_SUBJ,
6064,0,who's this?,1.0,-NONE-ABAR-WH-,T,WH,NP,NP,OBJ,OBJ,WHNP-1-<ANIM>,WHNP,MQ,MQ_OBJ,
6065,0,what are you doing in that picture?,1.0,-NONE-ABAR-WH-,T,WH,NP,NP,OBJ,OBJ,WHNP-1-<INANIM>-<THEME-V1>,WHNP,MQ,MQ_OBJ,
6066,0,what do you have on there?,1.0,-NONE-ABAR-WH-,T,WH,NP,NP,OBJ,OBJ,WHNP-1-<INANIM>-<PATIENT-V1>,WHNP,MQ,MQ_OBJ,
6068,0,what's that?,1.0,-NONE-ABAR-WH-,T,WH,NP,NP,OBJ,OBJ,WHNP-1-<INANIM>,WHNP,MQ,MQ_OBJ,
6079,0,what did you do?,1.0,-NONE-ABAR-WH-,T,WH,NP,NP,OBJ,OBJ,WHNP-1-<INANIM>-<THEME-V1>,WHNP,MQ,MQ_OBJ,
6090,0,what is that?,1.0,-NONE-ABAR-WH-,T,WH,NP,NP,OBJ,OBJ,WHNP-1-<INANIM>,WHNP,MQ,MQ_OBJ,
6091,0,"yes, what is that?",1.0,-NONE-ABAR-WH-,T,WH,NP,NP,OBJ,OBJ,WHNP-1-<INANIM>,WHNP,MQ,MQ_OBJ,
6102,0,"Eve, tell me what this is.",1.0,-NONE-ABAR-WH-,T,WH,NP,NP,OBJ,OBJ,WHNP-1-<INANIM>,WHNP,EQ,EQ_OBJ,tell
6103,0,what is it.,1.0,-NONE-ABAR-WH-,T,WH,NP,NP,OBJ,OBJ,WHNP-1-<INANIM>,WHNP,MQ,MQ_OBJ,
6107,0,"when will I bring the toys eh, Eve?",1.0,-NONE-ABAR-WH-,T,WH,ADVP,ADVP,ADJUNCT,ADJUNCT,WHADVP-1,WHADVP,MQ,MQ_ADJUNCT,
6117,0,what happened?,1.0,-NONE-ABAR-WH-,T,WH,NP,NP,SUBJ,SUBJ,WHNP-1-<INANIM>-<THEME-V1>,WHNP,MQ,MQ_SUBJ,
6118,0,is that what you did?,1.0,-NONE-ABAR-WH-,T,WH,NP,NP,OBJ,OBJ,WHNP-1-<INANIM>-<THEME-V1>,WHNP,EQ,EQ_OBJ,did
6121,0,who did then?,1.0,-NONE-ABAR-WH-,T,WH,NP,NP,SUBJ,SUBJ,WHNP-1-<ANIM>,WHNP,MQ,MQ_SUBJ,
6125,0,what's fl?,1.0,-NONE-ABAR-WH-,T,WH,NP,NP,OBJ,OBJ,WHNP-1-<INANIM>,WHNP,MQ,MQ_OBJ,
6129,0,why did you have to put it back?,1.0,-NONE-ABAR-WH-,T,WH,ADVP,ADVP,ADJUNCT,ADJUNCT,WHADVP-1,WHADVP,MQ,MQ_ADJUNCT,
6130,0,why do you have to get another one?,1.0,-NONE-ABAR-WH-,T,WH,ADVP,ADVP,ADJUNCT,ADJUNCT,WHADVP-1,WHADVP,MQ,MQ_ADJUNCT,
6136,0,why cann't you write?,1.0,-NONE-ABAR-WH-,T,WH,ADVP,ADVP,ADJUNCT,ADJUNCT,WHADVP-1,WHADVP,MQ,MQ_ADJUNCT,
6141,0,what do you want?,1.0,-NONE-ABAR-WH-,T,WH,NP,NP,OBJ,OBJ,WHNP-1-<INANIM>-<SUBJMATT-V1>,WHNP,MQ,MQ_OBJ,
6144,0,"well, what do you want to drink?",1.0,-NONE-ABAR-WH-,T,WH,NP,NP,OBJ,OBJ,WHNP-1-<INANIM>-<SUBJMATT-V1>,WHNP,MQ,MQ_OBJ,
6147,0,would you eat it if I fixed it for you?,,,,POLAR,,,,POLAR,,,EQ,EQ_POLAR,eat
6149,0,where is Papa?,1.0,-NONE-ABAR-WH-,T,WH,ADVP,ADVP,ADJUNCT,ADJUNCT,WHADVP-1,WHADVP,MQ,MQ_ADJUNCT,
6155,0,"well, why are you reaching for it?",1.0,-NONE-ABAR-WH-,T,WH,ADVP,ADVP,ADJUNCT,ADJUNCT,WHADVP-1,WHADVP,MQ,MQ_ADJUNCT,
6164,0,why don't you leave it right there?,1.0,-NONE-ABAR-WH-,T,WH,ADVP,ADVP,ADJUNCT,ADJUNCT,WHADVP-1,WHADVP,MQ,MQ_ADJUNCT,
6181,0,what are you doing?,1.0,-NONE-ABAR-WH-,T,WH,NP,NP,OBJ,OBJ,WHNP-1-<INANIM>-<THEME-V1>,WHNP,MQ,MQ_OBJ,
6193,0,what shall I do with it?,1.0,-NONE-ABAR-WH-,T,WH,NP,NP,OBJ,OBJ,WHNP-1-<INANIM>-<THEME-V1>,WHNP,MQ,MQ_OBJ,
6206,0,they just weren't there when you were looking.,1.0,-NONE-ABAR-WH-,T,WH,ADVP,ADVP,ADJUNCT,ADJUNCT,WHADVP-1,WHADVP,EQ,EQ_ADJUNCT,looking
6207,0,what did you do?,1.0,-NONE-ABAR-WH-,T,WH,NP,NP,OBJ,OBJ,WHNP-1-<INANIM>-<THEME-V1>,WHNP,MQ,MQ_OBJ,
6208,0,what did you do?,1.0,-NONE-ABAR-WH-,T,WH,NP,NP,OBJ,OBJ,WHNP-1-<INANIM>-<THEME-V1>,WHNP,MQ,MQ_OBJ,
6251,0,what is it?,1.0,-NONE-ABAR-WH-,T,WH,NP,NP,OBJ,OBJ,WHNP-1-<INANIM>,WHNP,MQ,MQ_OBJ,
6254,0,what did you say?,1.0,-NONE-ABAR-WH-,T,WH,NP,NP,OBJ,OBJ,WHNP-1-<INANIM>-<THEME-V1>,WHNP,MQ,MQ_OBJ,
6276,0,what did you do yesterday?,1.0,-NONE-ABAR-WH-,T,WH,NP,NP,OBJ,OBJ,WHNP-1-<INANIM>-<THEME-V1>,WHNP,MQ,MQ_OBJ,
6280,0,where does she eat?,1.0,-NONE-ABAR-WH-,T,WH,ADVP,ADVP,ADJUNCT,ADJUNCT,WHADVP-1,WHADVP,MQ,MQ_ADJUNCT,
6284,0,if it's too heavy you should put it down.,,,,POLAR,,,,POLAR,,,EQ,EQ_POLAR,
6289,0,where's your teeth?,1.0,-NONE-ABAR-WH-,T,WH,ADVP,ADVP,ADJUNCT,ADJUNCT,WHADVP-1,WHADVP,MQ,MQ_ADJUNCT,
6291,0,what do you have teeth for?,1.0,-NONE-ABAR-WH-,T,WH,NP,NP,OBJ,OBJ,WHNP-1-<INANIM>,WHNP,MQ,MQ_OBJ,
6292,0,what do you have teeth for?,1.0,-NONE-ABAR-WH-,T,WH,NP,NP,OBJ,OBJ,WHNP-1-<INANIM>,WHNP,MQ,MQ_OBJ,
6310,0,what are you going To do today?,1.0,-NONE-ABAR-WH-,T,WH,NP,NP,OBJ,OBJ,WHNP-1-<INANIM>-<THEME-V1>,WHNP,MQ,MQ_OBJ,
6314,0,Cromer's bringing them when he comes.,1.0,-NONE-ABAR-WH-,T,WH,ADVP,ADVP,ADJUNCT,ADJUNCT,WHADVP-1,WHADVP,EQ,EQ_ADJUNCT,bringing
6326,0,how do you like me to write?,1.0,-NONE-ABAR-WH-,T,WH,ADVP,ADVP,ADJUNCT,ADJUNCT,WHADVP-1,WHADVP,MQ,MQ_ADJUNCT,
6343,0,"yes, that's what it is.",1.0,-NONE-ABAR-WH-,T,WH,NP,NP,OBJ,OBJ,WHNP-1-<INANIM>,WHNP,EQ,EQ_OBJ,
6344,0,"hi, what are you doing?",1.0,-NONE-ABAR-WH-,T,WH,NP,NP,OBJ,OBJ,WHNP-1-<INANIM>-<THEME-V1>,WHNP,MQ,MQ_OBJ,
6348,0,"oh, where are the beads?",1.0,-NONE-ABAR-WH-,T,WH,ADVP,ADVP,ADJUNCT,ADJUNCT,WHADVP-1,WHADVP,MQ,MQ_ADJUNCT,
6350,0,what happened?,1.0,-NONE-ABAR-WH-,T,WH,NP,NP,SUBJ,SUBJ,WHNP-1-<INANIM>-<THEME-V1>,WHNP,MQ,MQ_SUBJ,
6354,0,what do you do?,1.0,-NONE-ABAR-WH-,T,WH,NP,NP,OBJ,OBJ,WHNP-1-<INANIM>-<THEME-V1>,WHNP,MQ,MQ_OBJ,
6356,0,what color's that one?,1.0,-NONE-ABAR-WH-,T,WH,NP,NP,OBJ,OBJ,WHNP-1-<INANIM>,WHNP,MQ,MQ_OBJ,
6357,0,know you have it in your hand but what color is it?,1.0,-NONE-ABAR-WH-,T,WH,NP,NP,OBJ,OBJ,WHNP-1-<INANIM>,WHNP,MQ,MQ_OBJ,
6358,0,what color is it?,1.0,-NONE-ABAR-WH-,T,WH,NP,NP,OBJ,OBJ,WHNP-1-<INANIM>,WHNP,MQ,MQ_OBJ,
6366,0,Papa'll fix it when he comes home because he has the clippers.,1.0,-NONE-ABAR-WH-,T,WH,ADVP,ADVP,ADJUNCT,ADJUNCT,WHADVP-1,WHADVP,EQ,EQ_ADJUNCT,fix
6369,0,"what are you going To fix it with, Eve?",1.0,-NONE-ABAR-WH-,T,WH,NP,NP,OBJ,OBJ,WHNP-1-<INANIM>-<INSTR-V1>,WHNP,MQ,MQ_OBJ,
6370,0,"yeah, what's Papa going to use?",1.0,-NONE-ABAR-WH-,T,WH,NP,NP,OBJ,OBJ,WHNP-1-<INANIM>-<PATIENT-V1>,WHNP,MQ,MQ_OBJ,
6371,0,what's he going to fix it with?,1.0,-NONE-ABAR-WH-,T,WH,NP,NP,OBJ,OBJ,WHNP-1-<INANIM>-<INSTR-V1>,WHNP,MQ,MQ_OBJ,
6377,0,what is it?,1.0,-NONE-ABAR-WH-,T,WH,NP,NP,OBJ,OBJ,WHNP-1-<INANIM>,WHNP,MQ,MQ_OBJ,
6378,0,what is it?,1.0,-NONE-ABAR-WH-,T,WH,NP,NP,OBJ,OBJ,WHNP-1-<INANIM>,WHNP,MQ,MQ_OBJ,
6379,0,what is it?,1.0,-NONE-ABAR-WH-,T,WH,NP,NP,OBJ,OBJ,WHNP-1-<INANIM>,WHNP,MQ,MQ_OBJ,
6390,0,who is it?,1.0,-NONE-ABAR-WH-,T,WH,NP,NP,OBJ,OBJ,WHNP-1-<ANIM>,WHNP,MQ,MQ_OBJ,
6417,0,that's what I was asking you.,1.0,-NONE-ABAR-WH-,T,WH,NP,NP,OBJ,OBJ,WHNP-1-<INANIM>-<THEME-V1>,WHNP,EQ,EQ_OBJ,asking
6419,0,and what's that?,1.0,-NONE-ABAR-WH-,T,WH,NP,NP,OBJ,OBJ,WHNP-1-<INANIM>,WHNP,EQ,EQ_OBJ,
6421,0,what is it?,1.0,-NONE-ABAR-WH-,T,WH,NP,NP,OBJ,OBJ,WHNP-1-<INANIM>,WHNP,MQ,MQ_OBJ,
6434,0,I don't know where he is.,1.0,-NONE-ABAR-WH-,T,WH,ADVP,ADVP,ADJUNCT,ADJUNCT,WHADVP-1,WHADVP,EQ,EQ_ADJUNCT,know
6440,0,tell me what you want.,1.0,-NONE-ABAR-WH-,T,WH,NP,NP,OBJ,OBJ,WHNP-1-<INANIM>-<SUBJMATT-V2>,WHNP,EQ,EQ_OBJ,tell
6441,0,what's wrong with your ear?,1.0,-NONE-ABAR-WH-,T,WH,NP,NP,SUBJ,SUBJ,WHNP-1-<INANIM>,WHNP,MQ,MQ_SUBJ,
6448,0,"ah, what's that?",1.0,-NONE-ABAR-WH-,T,WH,NP,NP,OBJ,OBJ,WHNP-1-<INANIM>,WHNP,MQ,MQ_OBJ,
6449,0,who is it?,1.0,-NONE-ABAR-WH-,T,WH,NP,NP,OBJ,OBJ,WHNP-1-<ANIM>,WHNP,MQ,MQ_OBJ,
6451,0,"okay, what's he doing, Eve?",1.0,-NONE-ABAR-WH-,T,WH,NP,NP,OBJ,OBJ,WHNP-1-<INANIM>-<THEME-V1>,WHNP,MQ,MQ_OBJ,
6466,0,why don't we take two of them and put them on the table.,1.0,-NONE-ABAR-WH-,T,WH,ADVP,ADVP,ADJUNCT,ADJUNCT,WHADVP-1,WHADVP,MQ,MQ_ADJUNCT,
6468,0,why don't we take this?,1.0,-NONE-ABAR-WH-,T,WH,ADVP,ADVP,ADJUNCT,ADJUNCT,WHADVP-1,WHADVP,MQ,MQ_ADJUNCT,
6473,0,"okay, which two shall we take.",1.0,-NONE-ABAR-WH-,T,WH,NP,NP,OBJ,OBJ,WHNP-1-<INANIM>-<PATIENT-V1>,WHNP,MQ,MQ_OBJ,
6475,0,"okay, why don't we play with those two?",1.0,-NONE-ABAR-WH-,T,WH,ADVP,ADVP,ADJUNCT,ADJUNCT,WHADVP-1,WHADVP,MQ,MQ_ADJUNCT,
6479,0,and then who's this one?,1.0,-NONE-ABAR-WH-,T,WH,NP,NP,OBJ,OBJ,WHNP-1-<INANIM>,WHNP,EQ,EQ_OBJ,
6480,0,"Eve, if we take two we can play the game.",,,,POLAR,,,,POLAR,,,EQ,EQ_POLAR,
6488,0,what's that?,1.0,-NONE-ABAR-WH-,T,WH,NP,NP,OBJ,OBJ,WHNP-1-<INANIM>,WHNP,MQ,MQ_OBJ,
6490,0,and what's that one.,1.0,-NONE-ABAR-WH-,T,WH,NP,NP,OBJ,OBJ,WHNP-1-<INANIM>,WHNP,EQ,EQ_OBJ,
6491,0,what happened?,1.0,-NONE-ABAR-WH-,T,WH,NP,NP,SUBJ,SUBJ,WHNP-1-<INANIM>-<THEME-V1>,WHNP,MQ,MQ_SUBJ,
6498,0,who's going to play a game?,1.0,-NONE-ABAR-WH-,T,WH,NP-1,NP,SUBJ,SUBJ,WHNP-1-<ANIM>-<AGENT-V1>,WHNP,MQ,MQ_SUBJ,
6498,1,who's going to play a game?,1.0,-NONE-A-RAISE-,T,OTHER,NP-1,NP,SUBJ,SUBJ,WHNP-1-<ANIM>-<AGENT-V1>,WHNP,MQ,MQ_SUBJ,
6499,0,"what do I have, Eve?",1.0,-NONE-ABAR-WH-,T,WH,NP,NP,OBJ,OBJ,WHNP-1-<INANIM>-<THEME-V1>,WHNP,MQ,MQ_OBJ,
6502,0,what's that?,1.0,-NONE-ABAR-WH-,T,WH,NP,NP,OBJ,OBJ,WHNP-1-<INANIM>,WHNP,MQ,MQ_OBJ,
6514,0,why don't we put some of these away so_that we willn't sit.,1.0,-NONE-ABAR-WH-,T,WH,ADVP,ADVP,ADJUNCT,ADJUNCT,WHADVP-1,WHADVP,MQ,MQ_ADJUNCT,
6518,0,why don't we leave these two out for now okay?,1.0,-NONE-ABAR-WH-,T,WH,ADVP,ADVP,ADJUNCT,ADJUNCT,WHADVP-1,WHADVP,MQ,MQ_ADJUNCT,
6533,0,what's he doing?,1.0,-NONE-ABAR-WH-,T,WH,NP,NP,OBJ,OBJ,WHNP-1-<INANIM>-<THEME-V1>,WHNP,MQ,MQ_OBJ,
6543,0,"Eve, what are you doing?",1.0,-NONE-ABAR-WH-,T,WH,NP,NP,OBJ,OBJ,WHNP-1-<INANIM>-<THEME-V1>,WHNP,MQ,MQ_OBJ,
6544,0,what should I do?,1.0,-NONE-ABAR-WH-,T,WH,NP,NP,OBJ,OBJ,WHNP-1-<INANIM>-<THEME-V1>,WHNP,MQ,MQ_OBJ,
6546,0,what's that?,1.0,-NONE-ABAR-WH-,T,WH,NP,NP,OBJ,OBJ,WHNP-1-<INANIM>,WHNP,MQ,MQ_OBJ,
6548,0,it says what time it is.,1.0,-NONE-ABAR-WH-,T,WH,NP,NP,OBJ,OBJ,WHNP-1-<INANIM>,WHNP,EQ,EQ_OBJ,says
6552,0,it tells what time it is.,1.0,-NONE-ABAR-WH-,T,WH,NP,NP,OBJ,OBJ,WHNP-1-<INANIM>,WHNP,EQ,EQ_OBJ,tells
6554,0,it tells what time it is.,1.0,-NONE-ABAR-WH-,T,WH,NP,NP,OBJ,OBJ,WHNP-1-<INANIM>,WHNP,EQ,EQ_OBJ,tells
6557,0,what would you like?,1.0,-NONE-ABAR-WH-,T,WH,NP,NP,OBJ,OBJ,WHNP-1-<INANIM>-<SUBJMATT-V1>,WHNP,MQ,MQ_OBJ,
6564,0,what're you going To do?,1.0,-NONE-ABAR-WH-,T,WH,NP,NP,OBJ,OBJ,WHNP-1-<INANIM>-<THEME-V1>,WHNP,MQ,MQ_OBJ,
6565,0,what's that *NULL* you're writing?,1.0,-NONE-ABAR-RC-,T,RC,NP,NP,OBJ,OBJ,WHNP-1-<INANIM>,WHNP,EQ,EQ_OBJ,writing
6565,1,what's that *NULL* you're writing?,1.0,-NONE-ABAR-WH-,T,WH,NP,NP,OBJ,OBJ,WHNP-1-<INANIM>,WHNP,EQ,EQ_OBJ,writing
6569,0,what are you going To do with it?,1.0,-NONE-ABAR-WH-,T,WH,NP,NP,OBJ,OBJ,WHNP-1-<INANIM>-<THEME-V1>,WHNP,MQ,MQ_OBJ,
6584,0,"what's that, Eve?",1.0,-NONE-ABAR-WH-,T,WH,NP,NP,OBJ,OBJ,WHNP-1-<INANIM>,WHNP,MQ,MQ_OBJ,
6586,0,what is that?,1.0,-NONE-ABAR-WH-,T,WH,NP,NP,OBJ,OBJ,WHNP-1-<INANIM>,WHNP,MQ,MQ_OBJ,
6594,0,"yes, when we go out for a walk this afternoon.",1.0,-NONE-ABAR-WH-,T,WH,ADVP,ADVP,ADJUNCT,ADJUNCT,WHADVP-1,WHADVP,EQ,EQ_ADJUNCT,
6606,0,what is that?,1.0,-NONE-ABAR-WH-,T,WH,NP,NP,OBJ,OBJ,WHNP-1-<INANIM>,WHNP,MQ,MQ_OBJ,
6614,0,where's your train?,1.0,-NONE-ABAR-WH-,T,WH,ADVP,ADVP,ADJUNCT,ADJUNCT,WHADVP-1,WHADVP,MQ,MQ_ADJUNCT,
6615,0,what is that?,1.0,-NONE-ABAR-WH-,T,WH,NP,NP,OBJ,OBJ,WHNP-1-<INANIM>,WHNP,MQ,MQ_OBJ,
6617,0,what's that?,1.0,-NONE-ABAR-WH-,T,WH,NP,NP,OBJ,OBJ,WHNP-1-<INANIM>,WHNP,MQ,MQ_OBJ,
6622,0,when you wake up from your nap?,1.0,-NONE-ABAR-WH-,T,WH,ADVP,ADVP,ADJUNCT,ADJUNCT,WHADVP-1,WHADVP,EQ,EQ_ADJUNCT,
6624,0,"well, what is it?",1.0,-NONE-ABAR-WH-,T,WH,NP,NP,OBJ,OBJ,WHNP-1-<INANIM>,WHNP,MQ,MQ_OBJ,
6627,0,what is it?,1.0,-NONE-ABAR-WH-,T,WH,NP,NP,OBJ,OBJ,WHNP-1-<INANIM>,WHNP,MQ,MQ_OBJ,
6629,0,"well, if it's a dooc we'll put it back then *T*-1.",,,,POLAR,,,,POLAR,,,EQ,EQ_POLAR,
6633,0,why would you put my glasses in the mailbox?,1.0,-NONE-ABAR-WH-,T,WH,ADVP,ADVP,ADJUNCT,ADJUNCT,WHADVP-1,WHADVP,MQ,MQ_ADJUNCT,
6636,0,but why do you want to put them in the mailbox?,1.0,-NONE-ABAR-WH-,T,WH,ADVP,ADVP,ADJUNCT,ADJUNCT,WHADVP-1,WHADVP,EQ,EQ_ADJUNCT,
6648,0,you may have that one to play with.,1.0,-NONE-ABAR-RC-,T,RC,NP,NP,OBJ,OBJ,WHNP-1-<INANIM>-<PATIENT-V2>,WHNP,EQ,EQ_OBJ,have
6650,0,what are you doing?,1.0,-NONE-ABAR-WH-,T,WH,NP,NP,OBJ,OBJ,WHNP-1-<INANIM>-<THEME-V1>,WHNP,MQ,MQ_OBJ,
6654,0,where are you going To put them in?,1.0,-NONE-ABAR-WH-,T,WH,NP,NP,OBJ,OBJ,WHNP-1,WHNP,MQ,MQ_OBJ,
6664,0,"what happened yesterday, Eve?",1.0,-NONE-ABAR-WH-,T,WH,NP,NP,SUBJ,SUBJ,WHNP-1-<INANIM>-<THEME-V1>,WHNP,MQ,MQ_SUBJ,
6666,0,what else did you do?,1.0,-NONE-ABAR-WH-,T,WH,NP,NP,OBJ,OBJ,WHNP-1-<INANIM>-<THEME-V1>,WHNP,MQ,MQ_OBJ,
6669,0,what's in it today?,1.0,-NONE-ABAR-WH-,T,WH,NP,NP,SUBJ,SUBJ,WHNP-1-<INANIM>,WHNP,MQ,MQ_SUBJ,
6679,0,what's he going to do?,1.0,-NONE-A-RAISE-,T,OTHER,NP,NP,SUBJ,SUBJ,WHNP-1-<INANIM>-<THEME-V1>,WHNP,MQ,MQ_SUBJ,
6679,1,what's he going to do?,1.0,-NONE-ABAR-WH-,T,WH,NP,NP,OBJ,OBJ,WHNP-1-<INANIM>-<THEME-V1>,WHNP,MQ,MQ_OBJ,
6687,0,why she crying?,1.0,-NONE-ABAR-WH-,T,WH,ADVP,ADVP,ADJUNCT,ADJUNCT,WHADVP-1,WHADVP,EQ,EQ_ADJUNCT,
6703,0,who's it from?,1.0,-NONE-ABAR-WH-,T,WH,NP,NP,OBJ,OBJ,WHNP-1-<ANIM>,WHNP,MQ,MQ_OBJ,
6704,0,who sent you that card?,1.0,-NONE-ABAR-WH-,T,WH,NP,NP,SUBJ,SUBJ,WHNP-1-<ANIM>-<AGENT-V1>,WHNP,MQ,MQ_SUBJ,
6706,0,"well, who did?",1.0,-NONE-ABAR-WH-,T,WH,NP,NP,ADJUNCT,ADJUNCT,WHNP-1-<ANIM>,WHNP,MQ,MQ_ADJUNCT,
6709,0,"oh, I know what they are.",1.0,-NONE-ABAR-WH-,T,WH,NP,NP,OBJ,OBJ,WHNP-1-<INANIM>,WHNP,EQ,EQ_OBJ,know
6714,0,where's the other one?,1.0,-NONE-ABAR-WH-,T,WH,ADVP,ADVP,ADJUNCT,ADJUNCT,WHADVP-1,WHADVP,MQ,MQ_ADJUNCT,
6715,0,what are these?,1.0,-NONE-ABAR-WH-,T,WH,NP,NP,OBJ,OBJ,WHNP-1-<INANIM>,WHNP,MQ,MQ_OBJ,
6717,0,what is that?,1.0,-NONE-ABAR-WH-,T,WH,NP,NP,OBJ,OBJ,WHNP-1-<INANIM>,WHNP,MQ,MQ_OBJ,
6718,0,what's on that card?,1.0,-NONE-ABAR-WH-,T,WH,NP,NP,SUBJ,SUBJ,WHNP-1-<INANIM>,WHNP,MQ,MQ_SUBJ,
6720,0,I'll tell you what they are.,1.0,-NONE-ABAR-WH-,T,WH,NP,NP,OBJ,OBJ,WHNP-1-<INANIM>,WHNP,EQ,EQ_OBJ,tell
6725,0,you know what I said.,1.0,-NONE-ABAR-WH-,T,WH,NP,NP,OBJ,OBJ,WHNP-1-<INANIM>-<THEME-V2>,WHNP,EQ,EQ_OBJ,know
6738,0,what is it?,1.0,-NONE-ABAR-WH-,T,WH,NP,NP,OBJ,OBJ,WHNP-1-<INANIM>,WHNP,MQ,MQ_OBJ,
6740,0,where's the piece *NULL* you eat?,1.0,-NONE-ABAR-RC-,T,RC,NP,NP,OBJ,OBJ,WHADVP-1,WHADVP,RC,RC_OBJ,
6740,1,where's the piece *NULL* you eat?,1.0,-NONE-ABAR-WH-,T,WH,ADVP,ADVP,ADJUNCT,ADJUNCT,WHADVP-1,WHADVP,MQ,MQ_ADJUNCT,
6747,0,what do you want?,1.0,-NONE-ABAR-WH-,T,WH,NP,NP,OBJ,OBJ,WHNP-1-<INANIM>-<SUBJMATT-V1>,WHNP,MQ,MQ_OBJ,
6750,0,"what did you do, my dear?",1.0,-NONE-ABAR-WH-,T,WH,NP,NP,OBJ,OBJ,WHNP-1-<INANIM>-<THEME-V1>,WHNP,MQ,MQ_OBJ,
6753,0,"what's in the snow, darling?",1.0,-NONE-ABAR-WH-,T,WH,NP,NP,SUBJ,SUBJ,WHNP-1-<INANIM>,WHNP,MQ,MQ_SUBJ,
6761,0,what's fun?,1.0,-NONE-ABAR-WH-,T,WH,NP,NP,SUBJ,SUBJ,WHNP-1-<INANIM>,WHNP,MQ,MQ_SUBJ,
6786,0,"now what else can I get for you, Eve?",1.0,-NONE-ABAR-WH-,T,WH,NP,NP,OBJ,OBJ,WHNP-1-<INANIM>-<PATIENT-V1>,WHNP,MQ,MQ_OBJ,
6787,0,what else can I get for you?,1.0,-NONE-ABAR-WH-,T,WH,NP,NP,OBJ,OBJ,WHNP-1-<INANIM>-<PATIENT-V1>,WHNP,MQ,MQ_OBJ,
6799,0,where's your Mom?,1.0,-NONE-ABAR-WH-,T,WH,ADVP,ADVP,ADJUNCT,ADJUNCT,WHADVP-1,WHADVP,MQ,MQ_ADJUNCT,
6802,0,"oh, that's where your Mom is.",1.0,-NONE-ABAR-WH-,T,WH,ADVP,ADVP,ADJUNCT,ADJUNCT,WHADVP-1,WHADVP,EQ,EQ_ADJUNCT,
6805,0,what's hot?,1.0,-NONE-ABAR-WH-,T,WH,NP,NP,SUBJ,SUBJ,WHNP-1-<INANIM>,WHNP,MQ,MQ_SUBJ,
6839,0,where is she?,1.0,-NONE-ABAR-WH-,T,WH,ADVP,ADVP,ADJUNCT,ADJUNCT,WHADVP-1,WHADVP,MQ,MQ_ADJUNCT,
6840,0,where did she go?,1.0,-NONE-ABAR-WH-,T,WH,ADVP,ADVP,ADJUNCT,ADJUNCT,WHADVP-1,WHADVP,MQ,MQ_ADJUNCT,
6852,0,what's the what's name?,1.0,-NONE-ABAR-WH-,T,WH,NP,NP,OBJ,OBJ,WHNP-1-<INANIM>,WHNP,MQ,MQ_OBJ,
6855,0,is it Colin *NULL* you said?,1.0,-NONE-ABAR-RC-,T,RC,NP,NP,OBJ,OBJ,WHNP-<INANIM>-THEME-V1>,WHNP,RC,RC_OBJ,
6856,0,what's Eve's name?,1.0,-NONE-ABAR-WH-,T,WH,NP,NP,OBJ,OBJ,WHNP-1-<INANIM>,WHNP,MQ,MQ_OBJ,
6879,0,I 'm going to see if Sarah's asleep.,,,,POLAR,,,,POLAR,,,EQ,EQ_POLAR,see
6881,0,what kind of hat is it?,1.0,-NONE-ABAR-WH-,T,WH,NP,NP,SUBJ,SUBJ,WHNP-1-<INANIM>,WHNP,MQ,MQ_SUBJ,
6887,0,"Eve, would you see if Fraser would like one of your birthday.",,,,POLAR,,,,POLAR,,,EQ,EQ_POLAR,see
6903,0,and what's that?,1.0,-NONE-ABAR-WH-,T,WH,NP,NP,OBJ,OBJ,WHNP-1-<INANIM>,WHNP,EQ,EQ_OBJ,
6909,0,why don't you put it on the dolly then?,1.0,-NONE-ABAR-WH-,T,WH,ADVP,ADVP,ADJUNCT,ADJUNCT,WHADVP-1,WHADVP,MQ,MQ_ADJUNCT,
6930,0,what is it?,1.0,-NONE-ABAR-WH-,T,WH,NP,NP,OBJ,OBJ,WHNP-1-<INANIM>,WHNP,MQ,MQ_OBJ,
6939,0,but then what do I write with?,1.0,-NONE-ABAR-WH-,T,WH,NP,NP,OBJ,OBJ,WHNP-1-<INANIM>,WHNP,EQ,EQ_OBJ,
6944,0,who sees you?,1.0,-NONE-ABAR-WH-,T,WH,NP,NP,SUBJ,SUBJ,WHNP-1-<ANIM>-<EXPER-V1>,WHNP,MQ,MQ_SUBJ,
6954,0,what are you doing to yourself?,1.0,-NONE-ABAR-WH-,T,WH,NP,NP,OBJ,OBJ,WHNP-1-<INANIM>-<THEME-V1>,WHNP,MQ,MQ_OBJ,
6960,0,"well, I don't want any if you put a pencil in it no.",,,,POLAR,,,,POLAR,,,EQ,EQ_POLAR,want
6991,0,"where's what, Eve sweet?",1.0,-NONE-ABAR-WH-,T,WH,ADVP,ADVP,ADJUNCT,ADJUNCT,WHADVP-1,WHADVP,MQ,MQ_ADJUNCT,
6994,0,where is the stick?,1.0,-NONE-ABAR-WH-,T,WH,ADVP,ADVP,ADJUNCT,ADJUNCT,WHADVP-1,WHADVP,MQ,MQ_ADJUNCT,
7015,0,what are you going To do with them?,1.0,-NONE-ABAR-WH-,T,WH,NP,NP,OBJ,OBJ,WHNP-1-<INANIM>-<THEME-V1>,WHNP,MQ,MQ_OBJ,
7019,0,you don't have an envelope *NULL* to put them in.,1.0,-NONE-ABAR-RC-,T,RC,NP,NP,OBJ,OBJ,WHNP-1-<INANIM>-<LOC-V2>,WHNP,RC,RC_OBJ,
7028,0,where are the al-s?,1.0,-NONE-ABAR-WH-,T,WH,ADVP,ADVP,ADJUNCT,ADJUNCT,WHADVP-1,WHADVP,MQ,MQ_ADJUNCT,
7031,0,where's the al?,1.0,-NONE-ABAR-WH-,T,WH,ADVP,ADVP,ADJUNCT,ADJUNCT,WHADVP-1,WHADVP,MQ,MQ_ADJUNCT,
7033,0,where are the other ones?,1.0,-NONE-ABAR-WH-,T,WH,ADVP,ADVP,ADJUNCT,ADJUNCT,WHADVP-1,WHADVP,MQ,MQ_ADJUNCT,
7036,0,where's the other one?,1.0,-NONE-ABAR-WH-,T,WH,ADVP,ADVP,ADJUNCT,ADJUNCT,WHADVP-1,WHADVP,MQ,MQ_ADJUNCT,
7039,0,I'll be very angry if you do.,,,,POLAR,,,,POLAR,,,EQ,EQ_POLAR,
7040,0,what are you going To do with it?,1.0,-NONE-ABAR-WH-,T,WH,NP,NP,OBJ,OBJ,WHNP-1-<INANIM>-<THEME-V1>,WHNP,MQ,MQ_OBJ,
7044,0,now I 'm going To have to smack your fingers if you eat them.,,,,POLAR,,,,POLAR,,,EQ,EQ_POLAR,smack
7055,0,what words are you making?,1.0,-NONE-ABAR-WH-,T,WH,NP,NP,OBJ,OBJ,WHNP-1-<INANIM>-<PATIENT-V1>,WHNP,MQ,MQ_OBJ,
7092,0,is that what it's doing?,1.0,-NONE-ABAR-RC-,T,RC,NP,NP,OBJ,OBJ,WHNP-1-<INANIM>-<THEME-V1>,WHNP,EQ,EQ_OBJ,doing
7097,0,what are you going to do?,1.0,-NONE-ABAR-WH-,T,WH,NP,NP,OBJ,OBJ,WHNP-1-<INANIM>-<THEME-V1>,WHNP,MQ,MQ_OBJ,
7105,0,what's this?,1.0,-NONE-ABAR-WH-,T,WH,NP,NP,OBJ,OBJ,WHNP-1-<INANIM>,WHNP,MQ,MQ_OBJ,
7112,0,what does the dolly have?,1.0,-NONE-ABAR-WH-,T,WH,NP,NP,OBJ,OBJ,WHNP-1-<INANIM>-<THEME-V1>,WHNP,MQ,MQ_OBJ,
7116,0,just the things that are always there.,1.0,-NONE-ABAR-RC-,T,RC,NP,NP,SUBJ,SUBJ,WHNP-1-<INANIM>,WHNP,RC,RC_SUBJ,
7136,0,what is this?,1.0,-NONE-ABAR-WH-,T,WH,NP,NP,OBJ,OBJ,WHNP-1-<INANIM>,WHNP,MQ,MQ_OBJ,
7143,0,and what's that?,1.0,-NONE-ABAR-WH-,T,WH,NP,NP,OBJ,OBJ,WHNP-1-<INANIM>,WHNP,EQ,EQ_OBJ,
7169,0,where's Frosty?,1.0,-NONE-ABAR-WH-,T,WH,ADVP,ADVP,ADJUNCT,ADJUNCT,WHADVP-1,WHADVP,MQ,MQ_ADJUNCT,
7170,0,where is Frosty?,1.0,-NONE-ABAR-WH-,T,WH,ADVP,ADVP,ADJUNCT,ADJUNCT,WHADVP-1,WHADVP,MQ,MQ_ADJUNCT,
7172,0,"what did he do, Eve?",1.0,-NONE-ABAR-WH-,T,WH,NP,NP,OBJ,OBJ,WHNP-1-<INANIM>-<THEME-V1>,WHNP,MQ,MQ_OBJ,
7173,0,is that what he did?,1.0,-NONE-ABAR-RC-,T,RC,NP,NP,OBJ,OBJ,WHNP-1-<INANIM>-<THEME-V1>,WHNP,EQ,EQ_OBJ,did
7188,0,what is it?,1.0,-NONE-ABAR-WH-,T,WH,NP,NP,OBJ,OBJ,WHNP-1-<INANIM>,WHNP,MQ,MQ_OBJ,
7197,0,that's the same kind of cracker *NULL* I have.,1.0,-NONE-ABAR-RC-,T,RC,NP,NP,OBJ,OBJ,WHNP-1-<INANIM>-<THEME-V1>,WHNP,EQ,EQ_OBJ,have
7206,0,what's your name?,1.0,-NONE-ABAR-WH-,T,WH,NP,NP,OBJ,OBJ,WHNP-1-<INANIM>,WHNP,MQ,MQ_OBJ,
7208,0,what's my name?,1.0,-NONE-ABAR-WH-,T,WH,NP,NP,OBJ,OBJ,WHNP-1-<INANIM>,WHNP,MQ,MQ_OBJ,
7209,0,"yeah, what's Cromer's name?",1.0,-NONE-ABAR-WH-,T,WH,NP,NP,OBJ,OBJ,WHNP-1-<INANIM>,WHNP,MQ,MQ_OBJ,
7210,0,what's Mom's name?,1.0,-NONE-ABAR-WH-,T,WH,NP,NP,OBJ,OBJ,WHNP-1-<INANIM>,WHNP,MQ,MQ_OBJ,
7219,0,where did he go?,1.0,-NONE-ABAR-WH-,T,WH,ADVP,ADVP,ADJUNCT,ADJUNCT,WHADVP-1,WHADVP,MQ,MQ_ADJUNCT,
7220,0,"well, where did he go?",1.0,-NONE-ABAR-WH-,T,WH,ADVP,ADVP,ADJUNCT,ADJUNCT,WHADVP-1,WHADVP,MQ,MQ_ADJUNCT,
7243,0,what's all done?,1.0,-NONE-ABAR-WH-,T,WH,NP,NP,SUBJ,SUBJ,WHNP-1-<INANIM>,WHNP,MQ,MQ_SUBJ,
7253,0,is it ml bl cl *NULL* you're writing or al bl cl?,1.0,-NONE-ABAR-RC-,T,RC,NP,NP,OBJ,OBJ,WHNP-1-<INANIM>-<PATIENT-V1>,WHNP,RC,RC_OBJ,
7255,0,what kind of a pencil is this?,1.0,-NONE-ABAR-WH-,T,WH,NP,NP,ADJUNCT,ADJUNCT,WHNP-1-<INANIM>,WHNP,MQ,MQ_ADJUNCT,
7259,0,where did I buy it?,1.0,-NONE-ABAR-WH-,T,WH,ADVP,ADVP,ADJUNCT,ADJUNCT,WHADVP-1,WHADVP,MQ,MQ_ADJUNCT,
7266,0,what are you going to do with the crayons?,1.0,-NONE-ABAR-WH-,T,WH,NP,NP,OBJ,OBJ,WHNP-1-<INANIM>-<THEME-V1>,WHNP,MQ,MQ_OBJ,
7272,0,what color is that?,1.0,-NONE-ABAR-WH-,T,WH,NP,NP,ADJUNCT,ADJUNCT,WHNP-1-<INANIM>,WHNP,MQ,MQ_ADJUNCT,
7276,0,I have to go see if Sarah.,,,,POLAR,,,,POLAR,,,EQ,EQ_POLAR,see
7284,0,what did you do?,1.0,-NONE-ABAR-WH-,T,WH,NP,NP,OBJ,OBJ,WHNP-1-<INANIM>-<THEME-V1>,WHNP,MQ,MQ_OBJ,
7285,0,why can you not cut?,1.0,-NONE-ABAR-WH-,T,WH,ADVP,ADVP,ADJUNCT,ADJUNCT,WHADVP-1,WHADVP,MQ,MQ_ADJUNCT,
7298,0,what else are you going to do Eve?,1.0,-NONE-ABAR-WH-,T,WH,NP,NP,OBJ,OBJ,WHNP-1-<INANIM>-<THEME-V1>,WHNP,MQ,MQ_OBJ,
7303,0,what did you say?,1.0,-NONE-ABAR-WH-,T,WH,NP,NP,OBJ,OBJ,WHNP-1-<INANIM>-<THEME-V1>,WHNP,MQ,MQ_OBJ,
7304,0,what did you say?,1.0,-NONE-ABAR-WH-,T,WH,NP,NP,OBJ,OBJ,WHNP-1-<INANIM>-<THEME-1V>,WHNP,MQ,MQ_OBJ,
7306,0,that's a piece of paper that someone's been drawing on.,1.0,-NONE-ABAR-RC-,T,RC,NP,NP,ADJUNCT,ADJUNCT,WHNP-1-<INANIM>-<LOC-V1>,WHNP,RC,RC_ADJUNCT,
7307,0,who's been drawing on that paper?,1.0,-NONE-ABAR-WH-,T,WH,NP,NP,SUBJ,SUBJ,WHNP-1-<ANIM>-<AGENT-V1>,WHNP,MQ,MQ_SUBJ,
7308,0,what's she been writing?,1.0,-NONE-ABAR-WH-,T,WH,NP,NP,OBJ,OBJ,WHNP-1-<INANIM>-<PATIENT-V1>,WHNP,MQ,MQ_OBJ,
7311,0,"what did you do in Boston, Eve?",1.0,-NONE-ABAR-WH-,T,WH,NP,NP,OBJ,OBJ,WHNP-1-<INANIM>-<THEME-V1>,WHNP,MQ,MQ_OBJ,
7320,0,what is it?,1.0,-NONE-ABAR-WH-,T,WH,NP,NP,ADJUNCT,ADJUNCT,WHNP-1-<INANIM>,WHNP,MQ,MQ_ADJUNCT,
7322,0,"what is that, Eve?",1.0,-NONE-ABAR-WH-,T,WH,NP,NP,ADJUNCT,ADJUNCT,WHNP-1-<INANIM>,WHNP,MQ,MQ_ADJUNCT,
7324,0,what's that?,1.0,-NONE-ABAR-WH-,T,WH,NP,NP,OBJ,OBJ,WHNP-1-<INANIM>,WHNP,MQ,MQ_OBJ,
7326,0,what's that?,1.0,-NONE-ABAR-WH-,T,WH,NP,NP,OBJ,OBJ,WHNP-1-<INANIM>,WHNP,MQ,MQ_OBJ,
7327,0,well what's that?,1.0,-NONE-ABAR-WH-,T,WH,NP,NP,OBJ,OBJ,WHNP-1-<INANIM>,WHNP,MQ,MQ_OBJ,
7329,0,what one do we need?,1.0,-NONE-ABAR-WH-,T,WH,NP,NP,OBJ,OBJ,WHNP-1-<INANIM>-<SUBJMATT-V1>,WHNP,MQ,MQ_OBJ,
7339,0,how do you spell cat?,1.0,-NONE-ABAR-WH-,T,WH,ADVP,ADVP,ADJUNCT,ADJUNCT,WHADVP-1,WHADVP,MQ,MQ_ADJUNCT,
7342,0,what do you need?,1.0,-NONE-ABAR-WH-,T,WH,NP,NP,OBJ,OBJ,WHNP-1-<INANIM>-<SUBJMATT-V1>,WHNP,MQ,MQ_OBJ,
7377,0,what are you spelling now?,1.0,-NONE-ABAR-WH-,T,WH,NP,NP,OBJ,OBJ,WHNP-1-<INANIM>-<PATIENT-V1>,WHNP,MQ,MQ_OBJ,
7378,0,what is that?,1.0,-NONE-ABAR-WH-,T,WH,NP,NP,ADJUNCT,ADJUNCT,WHNP-1-<INANIM>,WHNP,MQ,MQ_ADJUNCT,
7410,0,what's the name of that soup?,1.0,-NONE-ABAR-WH-,T,WH,NP,NP,OBJ,OBJ,WHNP-1-<INANIM>,WHNP,MQ,MQ_OBJ,
7417,0,what are you going to have after you eat your lunch?,1.0,-NONE-ABAR-WH-,T,WH,NP,NP,OBJ,OBJ,WHNP-1-<INANIM>-<PATIENT-V1>,WHNP,MQ,MQ_OBJ,
7426,0,that's what you're doing.,1.0,-NONE-ABAR-RC-,T,RC,NP,NP,OBJ,OBJ,WHNP-1-<INANIM>-<THEME-V1>,WHNP,EQ,EQ_OBJ,doing
7434,0,it didn't have holes in it when I gave it to you.,1.0,-NONE-ABAR-RC-,T,RC,ADVP,ADVP,ADJUNCT,ADJUNCT,WHADVP-1,WHADVP,EQ,EQ_ADJUNCT,have
7492,0,that's why you call them green beans.,1.0,-NONE-ABAR-RC-,T,RC,ADVP,ADVP,ADJUNCT,ADJUNCT,WHADVP-1,WHADVP,EQ,EQ_ADJUNCT,call
7496,0,what're you doing?,1.0,-NONE-ABAR-WH-,T,WH,NP,NP,OBJ,OBJ,WHNP-1-<INANIM>-<THEME-V1>,WHNP,MQ,MQ_OBJ,
7502,0,who want some milk out of the cup?,1.0,-NONE-ABAR-WH-,T,WH,NP,NP,SUBJ,SUBJ,WHNP-1-<ANIM>-<EXPER-V1>,WHNP,MQ,MQ_SUBJ,
7511,0,what's wrong with you?,1.0,-NONE-ABAR-WH-,T,WH,NP,NP,SUBJ,SUBJ,WHNP-1-<INANIM>,WHNP,MQ,MQ_SUBJ,
7512,0,why are you getting sick?,1.0,-NONE-ABAR-WH-,T,WH,ADVP,ADVP,ADJUNCT,ADJUNCT,WHADVP-1,WHADVP,MQ,MQ_ADJUNCT,
7514,0,what did you do to get sick?,1.0,-NONE-ABAR-WH-,T,WH,NP,NP,OBJ,OBJ,WHNP-1-<INANIM>-<THEME-V1>,WHNP,MQ,MQ_OBJ,
7520,0,if you want to do something hit your own self.,,,,POLAR,,,,POLAR,,,EQ,EQ_POLAR,
7527,0,you don't care if you put your sticky fingers on your cheek.,,,,POLAR,,,,POLAR,,,EQ,EQ_POLAR,care
7545,0,well when he eats then it'll be full.,1.0,-NONE-ABAR-WH-,T,WH,ADVP,ADVP,ADJUNCT,ADJUNCT,WHADVP-1,WHADVP,EQ,EQ_ADJUNCT,
7556,0,what are you?,1.0,-NONE-ABAR-WH-,T,WH,NP,NP,ADJUNCT,ADJUNCT,WHNP-1-<INANIM>,WHNP,MQ,MQ_ADJUNCT,
7560,0,is that what you are?,1.0,-NONE-ABAR-RC-,T,RC,NP,NP,OBJ,OBJ,WHNP-1-<INANIM>,WHNP,EQ,EQ_OBJ,
7578,0,you may have them when you come down.,1.0,-NONE-ABAR-RC-,T,RC,ADVP,ADVP,ADJUNCT,ADJUNCT,WHADVP-1,WHADVP,EQ,EQ_ADJUNCT,have
7581,0,you may have them when you come down.,1.0,-NONE-ABAR-RC-,T,RC,ADVP,ADVP,ADJUNCT,ADJUNCT,WHADVP-1,WHADVP,EQ,EQ_ADJUNCT,have
7605,0,what are you doing?,1.0,-NONE-ABAR-WH-,T,WH,NP,NP,OBJ,OBJ,WHNP-1-<INANIM>-<THEME-V1>,WHNP,MQ,MQ_OBJ,
7612,0,who's going to bring them for me?,1.0,-NONE-ABAR-WH-,T,WH,NP-2,NP,SUBJ,SUBJ,WHNP-1-<ANIM>-<AGENT-V1>,WHNP,MQ,MQ_SUBJ,
7618,0,when's your Mom getting the bucket for you?,1.0,-NONE-ABAR-WH-,T,WH,ADVP,ADVP,ADJUNCT,ADJUNCT,WHADVP-1,WHADVP,MQ,MQ_ADJUNCT,
7648,0,what am I doing now?,1.0,-NONE-ABAR-WH-,T,WH,NP,NP,OBJ,OBJ,WHNP-1-<INANIM>-<THEME-V1>,WHNP,MQ,MQ_OBJ,
7653,0,what'll I write there?,1.0,-NONE-ABAR-WH-,T,WH,NP,NP,OBJ,OBJ,WHNP-1-<INANIM>-<PATIENT-V1>,WHNP,MQ,MQ_OBJ,
7656,0,"why is that, Mom?",1.0,-NONE-ABAR-WH-,T,WH,ADVP,ADVP,ADJUNCT,ADJUNCT,WHADVP-1,WHADVP,MQ,MQ_ADJUNCT,
7661,0,what did I do?,1.0,-NONE-ABAR-WH-,T,WH,NP,NP,OBJ,OBJ,WHNP-1-<INANIM>-<THEME-V1>,WHNP,MQ,MQ_OBJ,
7678,0,what happened to it?,1.0,-NONE-ABAR-WH-,T,WH,NP,NP,SUBJ,SUBJ,WHNP-1-<INANIM>-<THEME-V1>,WHNP,MQ,MQ_SUBJ,
7685,0,do you know do you want to know where she put the pudding?,1.0,-NONE-ABAR-RC-,T,RC,ADVP,ADVP,ADJUNCT,ADJUNCT,WHADVP-1,WHADVP,EQ,EQ_ADJUNCT,know
7691,0,that's what you're having.,1.0,-NONE-ABAR-RC-,T,RC,NP,NP,OBJ,OBJ,WHNP-1-<INANIM>-<PATIENT-V1>,WHNP,EQ,EQ_OBJ,having
7697,0,what would you like?,1.0,-NONE-ABAR-WH-,T,WH,NP,NP,OBJ,OBJ,WHNP-1-<INANIM>-<SUBJMATT-V1>,WHNP,MQ,MQ_OBJ,
7698,0,what would you like to color?,1.0,-NONE-ABAR-WH-,T,WH,NP,NP,OBJ,OBJ,WHNP-1-<INANIM>-<PATIENT-V2>,WHNP,EQ,EQ_OBJ,like
7701,0,what happened to it?,1.0,-NONE-ABAR-WH-,T,WH,NP,NP,SUBJ,SUBJ,WHNP-1-<INANIM>-<THEME-V1>,WHNP,MQ,MQ_SUBJ,
7703,0,eh what happened to it?,1.0,-NONE-ABAR-WH-,T,WH,NP,NP,ADJUNCT,ADJUNCT,WHNP-1-<INANIM>-<THEME-V1>,WHNP,EQ,EQ_ADJUNCT,
7704,0,what are you doing?,1.0,-NONE-ABAR-WH-,T,WH,NP,NP,OBJ,OBJ,WHNP-1-<INANIM>-<THEME-V1>,WHNP,MQ,MQ_OBJ,
7724,0,and what's that *NULL* you're drawing?,2.0,-NONE-ABAR-WH-,T,WH,NP,NP,OBJ,OBJ,WHNP-2-<PATIENT-V1>,WHNP,RC,RC_OBJ,
7724,1,and what's that *NULL* you're drawing?,1.0,-NONE-ABAR-WH-,T,WH,NP,NP,OBJ,OBJ,WHNP-1-<INANIM>,WHNP,EQ,EQ_OBJ,
7732,0,what color is this?,1.0,-NONE-ABAR-WH-,T,WH,NP,NP,ADJUNCT,ADJUNCT,WHNP-1-<INANIM>,WHNP,MQ,MQ_ADJUNCT,
7734,0,what color is that?,1.0,-NONE-ABAR-WH-,T,WH,NP,NP,ADJUNCT,ADJUNCT,WHNP-1-<INANIM>,WHNP,MQ,MQ_ADJUNCT,
7738,0,it's red grass *NULL* I see.,1.0,-NONE-ABAR-RC-,T,RC,NP,NP,OBJ,OBJ,WHNP-1-<INANIM>-<SUBJMATT-V1>,WHNP,EQ,EQ_OBJ,see
7745,0,if you want to poke someone in the face you poke yourself.,,,,POLAR,,,,POLAR,,,EQ,EQ_POLAR,
7748,0,what is that?,1.0,-NONE-ABAR-WH-,T,WH,NP,NP,ADJUNCT,ADJUNCT,WHNP-1-<INANIM>,WHNP,MQ,MQ_ADJUNCT,
7751,0,if it had stripes it would be like a zebra wouldn't it?,,,,POLAR,,,,POLAR,,,EQ,EQ_POLAR,
7752,0,if it had stripes then it would look like a zebra.,,,,POLAR,,,,POLAR,,,EQ,EQ_POLAR,
7771,0,what are you doing?,1.0,-NONE-ABAR-WH-,T,WH,NP,NP,OBJ,OBJ,WHNP-1-<INANIM>-<THEME-V1>,WHNP,MQ,MQ_OBJ,
7776,0,what do you have in your pocket?,1.0,-NONE-ABAR-WH-,T,WH,NP,NP,OBJ,OBJ,WHNP-1-<INANIM>-<THEME-V1>,WHNP,MQ,MQ_OBJ,
7794,0,that's what you did.,1.0,-NONE-ABAR-RC-,T,RC,NP,NP,OBJ,OBJ,WHNP-1-<INANIM>-<THEME-V1>,WHNP,EQ,EQ_OBJ,did
7810,0,who fixed your chin?,1.0,-NONE-ABAR-WH-,T,WH,NP,NP,SUBJ,SUBJ,WHNP-1-<ANIM>-<AGENT-V1>,WHNP,MQ,MQ_SUBJ,
7823,0,who bought it?,1.0,-NONE-ABAR-WH-,T,WH,NP,NP,SUBJ,SUBJ,WHNP-1-<ANIM>-<AGENT-V1>,WHNP,MQ,MQ_SUBJ,
7826,0,where are the bunnies?,1.0,-NONE-ABAR-WH-,T,WH,ADVP,ADVP,ADJUNCT,ADJUNCT,WHADVP-1,WHADVP,MQ,MQ_ADJUNCT,
7828,0,how many bunnies are there?,1.0,-NONE-ABAR-WH-,T,WH,NP,NP,OBJ,OBJ,WHNP-1-<ANIM>,WHNP,MQ,MQ_OBJ,
7837,0,what is it doing?,1.0,-NONE-ABAR-WH-,T,WH,NP,NP,OBJ,OBJ,WHNP-1-<INANIM>-<THEME-V1>,WHNP,MQ,MQ_OBJ,
7846,0,what are you doing?,1.0,-NONE-ABAR-WH-,T,WH,NP,NP,OBJ,OBJ,WHNP-1-<INANIM>-<THEME-V1>,WHNP,MQ,MQ_OBJ,
7859,0,do you know what I have for you?,1.0,-NONE-ABAR-RC-,T,RC,NP,NP,OBJ,OBJ,WHNP-1-<INANIM>-<THEME-V2>,WHNP,EQ,EQ_OBJ,know
7878,0,okay do you wanT To go outside then?,,,,POLAR,,,,POLAR,,,MQ,MQ_POLAR,
7884,0,you tell Marcia when you see her that she's not to play with your bucket.,1.0,-NONE-ABAR-RC-,T,RC,ADVP,ADVP,ADJUNCT,ADJUNCT,WHADVP-1,WHADVP,EQ,EQ_ADJUNCT,tell
7905,0,what's that?,1.0,-NONE-ABAR-WH-,T,WH,NP,NP,OBJ,OBJ,WHNP-1-<INANIM>,WHNP,MQ,MQ_OBJ,
7916,0,what were they doing?,1.0,-NONE-ABAR-WH-,T,WH,NP,NP,OBJ,OBJ,WHNP-1-<INANIM>-<THEME-V1>,WHNP,MQ,MQ_OBJ,
7919,0,what else did you do?,1.0,-NONE-ABAR-WH-,T,WH,NP,NP,OBJ,OBJ,WHNP-1-<INANIM>-<THEME-V1>,WHNP,MQ,MQ_OBJ,
7921,0,what did you eat?,1.0,-NONE-ABAR-WH-,T,WH,NP,NP,OBJ,OBJ,WHNP-1-<INANIM>-<THEME-V1>,WHNP,MQ,MQ_OBJ,
7936,0,what is in there?,1.0,-NONE-ABAR-WH-,T,WH,NP,NP,SUBJ,SUBJ,WHNP-1-<INANIM>,WHNP,MQ,MQ_SUBJ,
7939,0,what else is in there?,1.0,-NONE-ABAR-WH-,T,WH,NP,NP,SUBJ,SUBJ,WHNP-1-<INANIM>,WHNP,MQ,MQ_SUBJ,
7941,0,see what else is in the box.,1.0,-NONE-ABAR-RC-,T,RC,NP,NP,SUBJ,SUBJ,WHNP-1-<INANIM>,WHNP,EQ,EQ_SUBJ,see
7942,0,what else is in there?,1.0,-NONE-ABAR-WH-,T,WH,NP,NP,SUBJ,SUBJ,WHNP-1-<INANIM>,WHNP,MQ,MQ_SUBJ,
7947,0,what is that?,1.0,-NONE-ABAR-WH-,T,WH,NP,NP,OBJ,OBJ,WHNP-1-<INANIM>,WHNP,MQ,MQ_OBJ,
7948,0,where is the baby?,1.0,-NONE-ABAR-WH-,T,WH,ADVP,ADVP,ADJUNCT,ADJUNCT,WHADVP-1,WHADVP,MQ,MQ_ADJUNCT,
7949,0,what is it in?,1.0,-NONE-ABAR-WH-,T,WH,NP,NP,OBJ,OBJ,WHNP-1-<INANIM>,WHNP,MQ,MQ_OBJ,
7984,0,what would you like to play at?,1.0,-NONE-ABAR-WH-,T,WH,NP,NP,OBJ,OBJ,WHNP-1-<INANIM>-<PATIENT-V2>,WHNP,MQ,MQ_OBJ,
7985,0,what kind of a duck is that?,1.0,-NONE-ABAR-WH-,T,WH,NP,NP,OBJ,OBJ,WHNP-1-<INANIM>,WHNP,MQ,MQ_OBJ,
7987,0,what kind of a duck is that?,1.0,-NONE-ABAR-WH-,T,WH,NP,NP,OBJ,OBJ,WHNP-1-<INANIM>,WHNP,MQ,MQ_OBJ,
7994,0,there's something else in the bag that's squeaky.,1.0,-NONE-ABAR-RC-,T,RC,NP,NP,SUBJ,SUBJ,WHNP-1-<INANIM>,WHNP,RC,RC_SUBJ,
7995,0,what else is squeaky?,1.0,-NONE-ABAR-WH-,T,WH,NP,NP,SUBJ,SUBJ,WHNP-1-<INANIM>,WHNP,MQ,MQ_SUBJ,
8011,0,what do you think it is?,1.0,-NONE-ABAR-WH-,T,WH,NP,NP,OBJ,OBJ,WHNP-1-<INANIM>,WHNP,EQ,EQ_OBJ,think
8016,0,what is it?,1.0,-NONE-ABAR-WH-,T,WH,NP,NP,OBJ,OBJ,WHNP-1-<INANIM>,WHNP,MQ,MQ_OBJ,
8019,0,why don't you ask Fraser if he know how.,,,,POLAR,,,,POLAR,,,EQ,EQ_POLAR,ask
8019,1,why don't you ask Fraser if he know how.,1.0,-NONE-ABAR-WH-,T,WH,ADVP,ADVP,ADJUNCT,ADJUNCT,WHADVP-1,WHADVP,MQ,MQ_ADJUNCT,
8020,0,ask Fraser if he can wind it.,,,,POLAR,,,,POLAR,,,EQ,EQ_POLAR,ask
8022,0,well you ask Fraser if he can do it.,,,,POLAR,,,,POLAR,,,EQ,EQ_POLAR,ask
8026,0,"tell you what, we'll find out by next time how it works.",1.0,-NONE-ABAR-WH-,T,WH,ADVP,ADVP,ADJUNCT,ADJUNCT,WHADVP-1,WHADVP,EQ,EQ_ADJUNCT,find
8041,0,that's what's supposed to happen.,1.0,-NONE-ABAR-WH-,T,WH,NP-2,NP,SUBJ,SUBJ,WHNP-1-<INANIM>-<THEME-V1>,WHNP,EQ,EQ_SUBJ,supposed
8044,0,what do you do with the pans?,1.0,-NONE-ABAR-WH-,T,WH,NP,NP,OBJ,OBJ,WHNP-1-<INANIM>-<THEME-V1>,WHNP,MQ,MQ_OBJ,
8047,0,how many pans are there?,1.0,-NONE-ABAR-WH-,T,WH,NP,NP,OBJ,OBJ,WHNP-1-<INANIM>,WHNP,MQ,MQ_OBJ,
8054,0,that's what you do with them.,1.0,-NONE-ABAR-WH-,T,WH,NP,NP,OBJ,OBJ,WHNP-1-<INANIM>-<THEME-V1>,WHNP,EQ,EQ_OBJ,do
8061,0,what did you do?,1.0,-NONE-ABAR-WH-,T,WH,NP,NP,OBJ,OBJ,WHNP-1-<INANIM>-<THEME-V1>,WHNP,MQ,MQ_OBJ,
8063,0,and what are you making?,1.0,-NONE-ABAR-WH-,T,WH,NP,NP,OBJ,OBJ,WHNP-1-<INANIM>-<PATIENT-V1>,WHNP,EQ,EQ_OBJ,
8078,0,hey where's my noodle soup?,1.0,-NONE-ABAR-WH-,T,WH,ADVP,ADVP,ADJUNCT,ADJUNCT,WHADVP-1,WHADVP,MQ,MQ_ADJUNCT,
8083,0,what do you have in there?,1.0,-NONE-ABAR-WH-,T,WH,NP,NP,OBJ,OBJ,WHNP-1-<INANIM>-<THEME-V1>,WHNP,MQ,MQ_OBJ,
8091,0,who hurt her chin?,1.0,-NONE-ABAR-WH-,T,WH,NP,NP,SUBJ,SUBJ,WHNP-1-<ANIM>-<AGENT-V1>,WHNP,MQ,MQ_SUBJ,
8093,0,she cried in the basement when she fell down.,1.0,-NONE-ABAR-WH-,T,WH,ADVP,ADVP,ADJUNCT,ADJUNCT,WHADVP-1,WHADVP,EQ,EQ_ADJUNCT,cried
8094,0,when she fell down in the basement she cried.,2.0,-NONE-ABAR-WH-,T,WH,ADVP,ADVP,ADJUNCT,ADJUNCT,WHADVP-2,WHADVP,EQ,EQ_ADJUNCT,
8096,0,"Eve, where's the duck that Marcia gave you for your birthday?",2.0,-NONE-ABAR-RC-,T,RC,NP,NP,OBJ,OBJ,WHNP-2-<ANIM>-<PATIENT-V1>,WHNP,RC,RC_OBJ,
8096,1,"Eve, where's the duck that Marcia gave you for your birthday?",1.0,-NONE-ABAR-WH-,T,WH,ADVP,ADVP,ADJUNCT,ADJUNCT,WHADVP-1,WHADVP,MQ,MQ_ADJUNCT,
8097,0,where is it?,1.0,-NONE-ABAR-WH-,T,WH,ADVP,ADVP,ADJUNCT,ADJUNCT,WHADVP-1,WHADVP,MQ,MQ_ADJUNCT,
8099,0,there's one that does though I 'm sure.,1.0,-NONE-ABAR-RC-,T,RC,NP,NP,SUBJ,SUBJ,WHNP-1-<INANIM>,WHNP,RC,RC_SUBJ,
8141,0,well it's not a peanut butter sandwich *NULL* folded over.,1.0,-NONE-ABAR-RC-,T,RC,NP,NP,SUBJ,SUBJ,WHNP-<INANIM>-<THEME-V1>,WHNP,RC,RC_SUBJ,
8171,0,which do you want?,1.0,-NONE-ABAR-WH-,T,WH,NP,NP,OBJ,OBJ,WHNP-1-<INANIM>-<SUBJMATT-V1>,WHNP,MQ,MQ_OBJ,
8180,0,now where are they?,1.0,-NONE-ABAR-WH-,T,WH,ADVP,ADVP,ADJUNCT,ADJUNCT,WHADVP-1,WHADVP,MQ,MQ_ADJUNCT,
8183,0,I don't know if they're having noodle soup or not.,,,,POLAR,,,,POLAR,,,EQ,EQ_POLAR,know
8200,0,what'd I give for Papa?,1.0,-NONE-ABAR-WH-,T,WH,NP,NP,OBJ,OBJ,WHNP-1-<INANIM>-<PATIENT-V1>,WHNP,MQ,MQ_OBJ,
8209,0,what would you like for dessert?,1.0,-NONE-ABAR-WH-,T,WH,NP,NP,OBJ,OBJ,WHNP-1-<INANIM>-<SUBJMATT-V1>,WHNP,MQ,MQ_OBJ,
8227,0,what are you doing?,1.0,-NONE-ABAR-WH-,T,WH,NP,NP,OBJ,OBJ,WHNP-1-<INANIM>-<THEME-V1>,WHNP,MQ,MQ_OBJ,
8233,0,what's going on?,1.0,-NONE-ABAR-WH-,T,WH,NP,NP,SUBJ,SUBJ,WHNP-1-<INANIM>-<THEME-V1>,WHNP,MQ,MQ_SUBJ,
8240,0,is it next door that you wonder what's going on?,1.0,-NONE-ABAR-WH-,T,WH,NP,NP,SUBJ,SUBJ,WHNP-1-<INANIM>-<THEME-V2>,WHNP,EQ,EQ_SUBJ,wonder
8275,0,"well, let's find out what it is.",1.0,-NONE-ABAR-WH-,T,WH,NP,NP,OBJ,OBJ,WHNP-1-<INANIM>,WHNP,EQ,EQ_OBJ,find
8276,0,where is it?,1.0,-NONE-ABAR-WH-,T,WH,ADVP,ADVP,ADJUNCT,ADJUNCT,WHADVP-1,WHADVP,MQ,MQ_ADJUNCT,
8290,0,what did you get?,1.0,-NONE-ABAR-WH-,T,WH,NP,NP,OBJ,OBJ,WHNP-1-<INANIM>-<PATIENT-V1>,WHNP,MQ,MQ_OBJ,
8292,0,what does that spell?,1.0,-NONE-ABAR-WH-,T,WH,NP,NP,OBJ,OBJ,WHNP-1-<INANIM>-<PATIENT-V1>,WHNP,MQ,MQ_OBJ,
8304,0,what are you going To do with it?,1.0,-NONE-ABAR-WH-,T,WH,NP,NP,OBJ,OBJ,WHNP-1-<INANIM>-<THEME-V1>,WHNP,MQ,MQ_OBJ,
8316,0,if you're going to cry go in the hall.,,,,POLAR,,,,POLAR,,,EQ,EQ_POLAR,
8319,0,"alright, if it's time for lunch you have to wash your hands.",,,,POLAR,,,,POLAR,,,EQ,EQ_POLAR,
8329,0,"well, if you just wait a minute I'll get it for you.",,,,POLAR,,,,POLAR,,,EQ,EQ_POLAR,
8354,0,what am I doing?,1.0,-NONE-ABAR-WH-,T,WH,NP,NP,OBJ,OBJ,WHNP-1-<INANIM>-<THEME-V1>,WHNP,MQ,MQ_OBJ,
8357,0,where did you spill it?,1.0,-NONE-ABAR-WH-,T,WH,ADVP,ADVP,ADJUNCT,ADJUNCT,WHADVP-1,WHADVP,MQ,MQ_ADJUNCT,
8361,0,what's he doing?,1.0,-NONE-ABAR-WH-,T,WH,NP,NP,OBJ,OBJ,WHNP-1-<INANIM>-<THEME-V1>,WHNP,MQ,MQ_OBJ,
8362,0,what's he doing?,1.0,-NONE-ABAR-WH-,T,WH,NP,NP,OBJ,OBJ,WHNP-1-<INANIM>-<THEME-V1>,WHNP,MQ,MQ_OBJ,
8379,0,what were you doing?,1.0,-NONE-ABAR-WH-,T,WH,NP,NP,OBJ,OBJ,WHNP-1-<INANIM>-<THEME-V1>,WHNP,MQ,MQ_OBJ,
8381,0,but what did you do outside?,1.0,-NONE-ABAR-WH-,T,WH,NP,NP,OBJ,OBJ,WHNP-1-<INANIM>-<THEME-V1>,WHNP,EQ,EQ_OBJ,
8387,0,but what were you playing?,1.0,-NONE-ABAR-WH-,T,WH,NP,NP,OBJ,OBJ,WHNP-1-<INANIM>-<THEME-V1>,WHNP,EQ,EQ_OBJ,
8388,0,"what were you playing, not who.",1.0,-NONE-ABAR-WH-,T,WH,NP,NP,OBJ,OBJ,WHNP-1-<INANIM>-<THEME-V1>,WHNP,MQ,MQ_OBJ,
8393,0,but what were you doing?,1.0,-NONE-ABAR-WH-,T,WH,NP,NP,OBJ,OBJ,WHNP-1-<INANIM>-<THEME-V1>,WHNP,EQ,EQ_OBJ,
8412,0,why don't you eat it?,1.0,-NONE-ABAR-WH-,T,WH,ADVP,ADVP,ADJUNCT,ADJUNCT,WHADVP-1,WHADVP,MQ,MQ_ADJUNCT,
8413,0,what is he doing?,1.0,-NONE-ABAR-WH-,T,WH,NP,NP,OBJ,OBJ,WHNP-1-<INANIM>-<THEME-V1>,WHNP,MQ,MQ_OBJ,
8414,0,what do you think I see out of the window?,1.0,-NONE-ABAR-WH-,T,WH,NP,NP,OBJ,OBJ,WHNP-1-<INANIM>-<SUBJMATT-V2>,WHNP,EQ,EQ_OBJ,think
8424,0,we'll have to look and see if we can find him.,,,,POLAR,,,,POLAR,,,EQ,EQ_POLAR,see
8434,0,"yes, that's what you have.",1.0,-NONE-ABAR-WH-,T,WH,NP,NP,OBJ,OBJ,WHNP-1-<INANIM>-<THEME-V1>,WHNP,EQ,EQ_OBJ,have
8436,0,what kind of teeth do you have?,1.0,-NONE-ABAR-WH-,T,WH,NP,NP,OBJ,OBJ,WHNP-1-<INANIM>-<THEME-V1>,WHNP,MQ,MQ_OBJ,
8448,0,and what kind of hair do you have?,1.0,-NONE-ABAR-WH-,T,WH,NP,NP,OBJ,OBJ,WHNP-1-<INANIM>-<THEME-V1>,WHNP,EQ,EQ_OBJ,
8453,0,may I have it *NULL* to eat?,1.0,-NONE-ABAR-RC-,T,RC,NP,NP,OBJ,OBJ,WHNP-<INANIM>-PATIENT-V2>,WHNP,EQ,EQ_OBJ,have
8468,0,where's your friend Papa?,1.0,-NONE-ABAR-WH-,T,WH,ADVP,ADVP,ADJUNCT,ADJUNCT,WHADVP-1,WHADVP,MQ,MQ_ADJUNCT,
8470,0,"hey, what are you doing?",1.0,-NONE-ABAR-WH-,T,WH,NP,NP,OBJ,OBJ,WHNP-1-<INANIM>-<THEME-V1>,WHNP,MQ,MQ_OBJ,
8478,0,"well, Eve, where do you get these splinters.",1.0,-NONE-ABAR-WH-,T,WH,ADVP,ADVP,ADJUNCT,ADJUNCT,WHADVP-1,WHADVP,MQ,MQ_ADJUNCT,
8489,0,what is it?,1.0,-NONE-ABAR-WH-,T,WH,NP,NP,OBJ,OBJ,WHNP-1-<INANIM>,WHNP,MQ,MQ_OBJ,
8492,0,what happened to Jack?,1.0,-NONE-ABAR-WH-,T,WH,NP,NP,SUBJ,SUBJ,WHNP-1-<INANIM>-<THEME-V1>,WHNP,MQ,MQ_SUBJ,
8496,0,who do you see?,1.0,-NONE-ABAR-WH-,T,WH,NP,NP,OBJ,OBJ,WHNP-1-<ANIM>-<SUBJMATT-V1>,WHNP,MQ,MQ_OBJ,
8498,0,who do I see?,1.0,-NONE-ABAR-WH-,T,WH,NP,NP,OBJ,OBJ,WHNP-1-<ANIM>-<SUBJMATT-V1>,WHNP,MQ,MQ_OBJ,
8499,0,"eh, who do I see?",1.0,-NONE-ABAR-WH-,T,WH,NP,NP,OBJ,OBJ,WHNP-1-<ANIM>-<SUBJMATT-V1>,WHNP,MQ,MQ_OBJ,
8511,0,what is she doing?,1.0,-NONE-ABAR-WH-,T,WH,NP,NP,OBJ,OBJ,WHNP-1-<INANIM>-<THEME-V1>,WHNP,MQ,MQ_OBJ,
8517,0,what am I doing?,1.0,-NONE-ABAR-WH-,T,WH,NP,NP,OBJ,OBJ,WHNP-1-<INANIM>-<THEME-V1>,WHNP,MQ,MQ_OBJ,
8519,0,what am I doing?,1.0,-NONE-ABAR-WH-,T,WH,NP,NP,OBJ,OBJ,WHNP-1-<INANIM>-<THEME-V1>,WHNP,MQ,MQ_OBJ,
8526,0,do you remember what happened last time?,1.0,-NONE-ABAR-WH-,T,WH,NP,NP,SUBJ,SUBJ,WHNP-1-<INANIM>-<THEME-V2>,WHNP,EQ,EQ_SUBJ,remember
8545,0,then you must stop crying if you're going to stay in the livingroom,,,,POLAR,,,,POLAR,,,EQ,EQ_POLAR,crying
8546,0,if you're good you may stay up but if you cry it's then time to,,,,POLAR,,,,POLAR,,,EQ,EQ_POLAR,
8546,1,if you're good you may stay up but if you cry it's then time to,,,,POLAR,,,,POLAR,,,EQ,EQ_POLAR,
8550,0,"you be real good, is that what you say?",1.0,-NONE-ABAR-WH-,T,WH,NP,NP,OBJ,OBJ,WHNP-1-<INANIM>-<THEME-V1>,WHNP,EQ,EQ_OBJ,say
8559,0,that's Sarah's new toy that she got in the mail this morning.,1.0,-NONE-ABAR-RC-,T,RC,NP,NP,OBJ,OBJ,WHNP-1-<INANIM>-<THEME-V1>,WHNP,RC,RC_OBJ,
8579,0,when will you take out your Easter basket again?,1.0,-NONE-ABAR-WH-,T,WH,ADVP,ADVP,ADJUNCT,ADJUNCT,WHADVP-1,WHADVP,MQ,MQ_ADJUNCT,
8580,0,what are you doing?,1.0,-NONE-ABAR-WH-,T,WH,NP,NP,OBJ,OBJ,WHNP-1-<INANIM>-<THEME-V1>,WHNP,MQ,MQ_OBJ,
8599,0,what are we going to color?,1.0,-NONE-ABAR-WH-,T,WH,NP,NP,OBJ,OBJ,WHNP-1-<INANIM>-<PATIENT-V1>,WHNP,MQ,MQ_OBJ,
8601,0,what would you like to color?,1.0,-NONE-ABAR-WH-,T,WH,NP,NP,OBJ,OBJ,WHNP-1-<INANIM>-<PATIENT-V2>,WHNP,MQ,MQ_OBJ,
8612,0,"well, what can you color?",1.0,-NONE-ABAR-WH-,T,WH,NP,NP,OBJ,OBJ,WHNP-1-<INANIM>-<PATIENT-V1>,WHNP,MQ,MQ_OBJ,
8613,0,what can you color?,1.0,-NONE-ABAR-WH-,T,WH,NP,NP,OBJ,OBJ,WHNP-1-<INANIM>-<PATIENT-V1>,WHNP,MQ,MQ_OBJ,
8623,0,"do you remember what that is, Eve?",1.0,-NONE-ABAR-WH-,T,WH,NP,NP,OBJ,OBJ,WHNP-1-<INANIM>,WHNP,EQ,EQ_OBJ,remember
8624,0,what's that?,1.0,-NONE-ABAR-WH-,T,WH,NP,NP,OBJ,OBJ,WHNP-1-<INANIM>,WHNP,MQ,MQ_OBJ,
8637,0,what happened to this turtle?,1.0,-NONE-ABAR-WH-,T,WH,NP,NP,SUBJ,SUBJ,WHNP-1-<INANIM>-<THEME-V1>,WHNP,MQ,MQ_SUBJ,
8638,0,last time what happened,1.0,-NONE-ABAR-WH-,T,WH,NP,NP,SUBJ,SUBJ,WHNP-1-<INANIM>-<THEME-V1>,WHNP,MQ,MQ_SUBJ,
8639,0,when you turned it?,1.0,-NONE-ABAR-WH-,T,WH,ADVP,ADVP,ADJUNCT,ADJUNCT,WHADVP-1,WHADVP,EQ,EQ_ADJUNCT,
8647,0,why is he tired?,1.0,-NONE-ABAR-WH-,T,WH,ADVP,ADVP,ADJUNCT,ADJUNCT,WHADVP-1,WHADVP,MQ,MQ_ADJUNCT,
8648,0,do you think he'll walk if we wind him up?,,,,POLAR,,,,POLAR,,,EQ,EQ_POLAR,think
8648,1,do you think he'll walk if we wind him up?,,,,POLAR,,,,POLAR,,,EQ,EQ_POLAR,walk
8651,0,what should we do?,1.0,-NONE-ABAR-WH-,T,WH,NP,NP,OBJ,OBJ,WHNP-1-<INANIM>-<THEME-V1>,WHNP,MQ,MQ_OBJ,
8653,0,what should we do with that?,1.0,-NONE-ABAR-WH-,T,WH,NP,NP,OBJ,OBJ,WHNP-1-<INANIM>-<THEME-V1>,WHNP,MQ,MQ_OBJ,
8659,0,what is Rick going to do?,1.0,-NONE-ABAR-WH-,T,WH,NP,NP,OBJ,OBJ,WHNP-1-<INANIM>-<THEME-V1>,WHNP,MQ,MQ_OBJ,
8666,0,why don't we make the ground with this one.,1.0,-NONE-ABAR-WH-,T,WH,ADVP,ADVP,ADJUNCT,ADJUNCT,WHADVP-1,WHADVP,MQ,MQ_ADJUNCT,
8672,0,now if we get the red one,,,,POLAR,,,,POLAR,,,EQ,EQ_POLAR,
8676,0,why don't we get a red one then?,1.0,-NONE-ABAR-WH-,T,WH,ADVP,ADVP,ADJUNCT,ADJUNCT,WHADVP-1,WHADVP,MQ,MQ_ADJUNCT,
8687,0,"let's make that, what color should we make that?",1.0,-NONE-ABAR-WH-,T,WH,NP,NP,ADJUNCT,ADJUNCT,WHNP-1-<INANIM>,WHNP,MQ,MQ_ADJUNCT,
8688,0,what did you do?,1.0,-NONE-ABAR-WH-,T,WH,NP,NP,OBJ,OBJ,WHNP-1-<INANIM>-<THEME-V1>,WHNP,MQ,MQ_OBJ,
8689,0,if we had a green one we'll make the leaves green.,,,,POLAR,,,,POLAR,,,EQ,EQ_POLAR,
8708,0,what do you wanT To draw?,1.0,-NONE-ABAR-WH-,T,WH,NP,NP,OBJ,OBJ,WHNP-1-<INANIM>-<PATIENT-V2>,WHNP,MQ,MQ_OBJ,
8710,0,what do we need on it?,1.0,-NONE-ABAR-WH-,T,WH,NP,NP,OBJ,OBJ,WHNP-1-<INANIM>-<SUBJMATT-V1>,WHNP,MQ,MQ_OBJ,
8712,0,what should we put on the house?,1.0,-NONE-ABAR-WH-,T,WH,NP,NP,OBJ,OBJ,WHNP-1-<INANIM>-<PATIENT-V1>,WHNP,MQ,MQ_OBJ,
8715,0,why do you want cream on the house?,1.0,-NONE-ABAR-WH-,T,WH,ADVP,ADVP,ADJUNCT,ADJUNCT,WHADVP-1,WHADVP,MQ,MQ_ADJUNCT,
8728,0,what's that?,1.0,-NONE-ABAR-WH-,T,WH,NP,NP,OBJ,OBJ,WHNP-1-<INANIM>,WHNP,MQ,MQ_OBJ,
8731,0,what should we draw with it?,1.0,-NONE-ABAR-WH-,T,WH,NP,NP,OBJ,OBJ,WHNP-1-<INANIM>-<PATIENT-V1>,WHNP,MQ,MQ_OBJ,
8738,0,what does it need?,1.0,-NONE-ABAR-WH-,T,WH,NP,NP,OBJ,OBJ,WHNP-1-<INANIM>-<SUBJMATT-V1>,WHNP,MQ,MQ_OBJ,
8746,0,if we make another window how many will we have?,,,,POLAR,,,,POLAR,,,EQ,EQ_POLAR,
8746,1,if we make another window how many will we have?,1.0,-NONE-ABAR-WH-,T,WH,NP,NP,OBJ,OBJ,WHNP-1-<INANIM>-<THEME-V2>,WHNP,MQ,MQ_OBJ,
8760,0,"Eve, if you had another suitcase what would you have?",,,,POLAR,,,,POLAR,,,EQ,EQ_POLAR,
8760,1,"Eve, if you had another suitcase what would you have?",1.0,-NONE-ABAR-WH-,T,WH,NP,NP,OBJ,OBJ,WHNP-1-<INANIM>-<THEME-V2>,WHNP,MQ,MQ_OBJ,
8761,0,what were you doing this morning?,1.0,-NONE-ABAR-WH-,T,WH,NP,NP,OBJ,OBJ,WHNP-1-<INANIM>-<THEME-V1>,WHNP,MQ,MQ_OBJ,
8762,0,"what did you do this morning, Eve?",1.0,-NONE-ABAR-WH-,T,WH,NP,NP,OBJ,OBJ,WHNP-1-<INANIM>-<THEME-V1>,WHNP,MQ,MQ_OBJ,
8763,0,"what were you doing, Eve?",1.0,-NONE-ABAR-WH-,T,WH,NP,NP,OBJ,OBJ,WHNP-1-<INANIM>-<THEME-V1>,WHNP,MQ,MQ_OBJ,
8769,0,what are you making?,1.0,-NONE-ABAR-WH-,T,WH,NP,NP,OBJ,OBJ,WHNP-1-<INANIM>-<PATIENT-V1>,WHNP,MQ,MQ_OBJ,
8772,0,"Cathy, the paper on the crayon that's torn.",1.0,-NONE-ABAR-RC-,T,RC,NP,NP,SUBJ,SUBJ,WHNP-1-<INANIM>,WHNP,RC,RC_SUBJ,
8777,0,what shall I write?,1.0,-NONE-ABAR-WH-,T,WH,NP,NP,OBJ,OBJ,WHNP-1-<INANIM>-<PATIENT-V1>,WHNP,MQ,MQ_OBJ,
8815,0,"Eve, look what I've got.",1.0,-NONE-ABAR-WH-,T,WH,NP,NP,OBJ,OBJ,WHNP-1-<INANIM>-<THEME-V2>,WHNP,EQ,EQ_OBJ,look
8820,0,so what have I got.,1.0,-NONE-ABAR-WH-,T,WH,NP,NP,OBJ,OBJ,WHNP-1-<INANIM>-<THEME-V1>,WHNP,MQ,MQ_OBJ,
8822,0,what is that?,1.0,-NONE-ABAR-WH-,T,WH,NP,NP,OBJ,OBJ,WHNP-1-<INANIM>,WHNP,MQ,MQ_OBJ,
8825,0,what am I doing?,1.0,-NONE-ABAR-WH-,T,WH,NP,NP,OBJ,OBJ,WHNP-1-<INANIM>-<THEME-V1>,WHNP,MQ,MQ_OBJ,
8832,0,remember when we did what?,1.0,-NONE-ABAR-WH-,T,WH,ADVP,ADVP,ADJUNCT,ADJUNCT,WHADVP-1,WHADVP,EQ,EQ_ADJUNCT,remember
8835,0,what did we see when we went to Rhode Island?,1.0,-NONE-ABAR-WH-,T,WH,NP,NP,OBJ,OBJ,WHNP-1-<INANIM>-<SUBJMATT-V1>,WHNP,MQ,MQ_OBJ,
8835,1,what did we see when we went to Rhode Island?,2.0,-NONE-ABAR-WH-,T,WH,ADVP,ADVP,ADJUNCT,ADJUNCT,WHADVP-2,WHADVP,EQ,EQ_ADJUNCT,see
8850,0,why don't you eat it both together instead of opening it.,1.0,-NONE-ABAR-WH-,T,WH,ADVP,ADVP,ADJUNCT,ADJUNCT,WHADVP-1,WHADVP,MQ,MQ_ADJUNCT,
8859,0,did you tell Fraser what happened to your chin?,1.0,-NONE-ABAR-WH-,T,WH,NP,NP,SUBJ,SUBJ,WHNP-1-<INANIM>-<THEME-V2>,WHNP,EQ,EQ_SUBJ,tell
8860,0,what did you do to your chin?,1.0,-NONE-ABAR-WH-,T,WH,NP,NP,OBJ,OBJ,WHNP-1-<INANIM>-<THEME-V1>,WHNP,MQ,MQ_OBJ,
8862,0,and where did you go?,1.0,-NONE-ABAR-WH-,T,WH,ADVP,ADVP,ADJUNCT,ADJUNCT,WHADVP-1,WHADVP,EQ,EQ_ADJUNCT,
8863,0,where did you go and have them fix it?,1.0,-NONE-ABAR-WH-,T,WH,ADVP,ADVP,ADJUNCT,ADJUNCT,WHADVP-1,WHADVP,MQ,MQ_ADJUNCT,
8871,0,do you say where's Papa?,1.0,-NONE-ABAR-WH-,T,WH,ADVP,ADVP,ADJUNCT,ADJUNCT,WHADVP-1,WHADVP,EQ,EQ_ADJUNCT,say
8882,0,who's going home?,1.0,-NONE-ABAR-WH-,T,WH,NP,NP,SUBJ,SUBJ,WHNP-1-<ANIM>-<THEME-V1>,WHNP,MQ,MQ_SUBJ,
8895,0,what did you spill?,1.0,-NONE-ABAR-WH-,T,WH,NP,NP,OBJ,OBJ,WHNP-1-<INANIM>-<PATIENT-V1>,WHNP,MQ,MQ_OBJ,
8897,0,what did you do?,1.0,-NONE-ABAR-WH-,T,WH,NP,NP,OBJ,OBJ,WHNP-1-<INANIM>-<THEME-V1>,WHNP,MQ,MQ_OBJ,
8912,0,what's wrong?,1.0,-NONE-ABAR-WH-,T,WH,NP,NP,SUBJ,SUBJ,WHNP-1-<INANIM>,WHNP,MQ,MQ_SUBJ,
8914,0,what did I do?,1.0,-NONE-ABAR-WH-,T,WH,NP,NP,OBJ,OBJ,WHNP-1-<INANIM>-<THEME-V1>,WHNP,MQ,MQ_OBJ,
8919,0,see if I can get it off the stick.,,,,POLAR,,,,POLAR,,,EQ,EQ_POLAR,see
8921,0,see if can get it untied.,,,,POLAR,,,,POLAR,,,EQ,EQ_POLAR,see
8924,0,"well, if I can get it untied you can blow it up.",,,,POLAR,,,,POLAR,,,EQ,EQ_POLAR,
8944,0,because there's knot in the balloon that I can not get untied.,1.0,-NONE-ABAR-RC-A-PASS-,T,RC,NP,NP,OBJ,OBJ,WHNP-1-<INANIM>-<THEME-V2>,WHNP,RC,RC_OBJ,
8950,0,what are you doing?,1.0,-NONE-ABAR-WH-,T,WH,NP,NP,OBJ,OBJ,WHNP-1-<INANIM>-<THEME-V1>,WHNP,MQ,MQ_OBJ,
8972,0,now what do I do?,1.0,-NONE-ABAR-WH-,T,WH,NP,NP,OBJ,OBJ,WHNP-1-<INANIM>-<THEME-V1>,WHNP,MQ,MQ_OBJ,
8973,0,now what do I do?,1.0,-NONE-ABAR-WH-,T,WH,NP,NP,OBJ,OBJ,WHNP-1-<INANIM>-<THEME-V1>,WHNP,MQ,MQ_OBJ,
8975,0,is that the way *NULL* it goes?,1.0,-NONE-ABAR-RC-,T,RC,NP,NP,OBJ,OBJ,WHNP-1-<INANIM>-,WHNP,RC,RC_OBJ,
8988,0,where are the pencils?,1.0,-NONE-ABAR-WH-,T,WH,ADVP,ADVP,ADJUNCT,ADJUNCT,WHADVP-1,WHADVP,MQ,MQ_ADJUNCT,
8989,0,where are they?,1.0,-NONE-ABAR-WH-,T,WH,ADVP,ADVP,ADJUNCT,ADJUNCT,WHADVP-1,WHADVP,MQ,MQ_ADJUNCT,
8993,0,"well, I don't know where the other ones are.",1.0,-NONE-ABAR-WH-,T,WH,ADVP,ADVP,ADJUNCT,ADJUNCT,WHADVP-1,WHADVP,EQ,EQ_ADJUNCT,know
8994,0,they're probably in your toy box if I know you.,,,,POLAR,,,,POLAR,,,EQ,EQ_POLAR,know
8995,0,what did he forget and where is it?,1.0,-NONE-ABAR-WH-,T,WH,NP,NP,OBJ,OBJ,WHNP-1-<INANIM>-<PATIENT-V1>,WHNP,MQ,MQ_OBJ,
8995,1,what did he forget and where is it?,2.0,-NONE-ABAR-WH-,T,WH,ADVP,ADVP,ADJUNCT,ADJUNCT,WHADVP-2,WHADVP,MQ,MQ_ADJUNCT,
8996,0,do you know what it is?,1.0,-NONE-ABAR-WH-,T,WH,NP,NP,OBJ,OBJ,WHNP-1-<INANIM>,WHNP,EQ,EQ_OBJ,know
9004,0,what are you looking for?,1.0,-NONE-ABAR-WH-,T,WH,NP,NP,OBJ,OBJ,WHNP-1-<INANIM>-<PATIENT-V1>,WHNP,MQ,MQ_OBJ,
9006,0,what is it?,1.0,-NONE-ABAR-WH-,T,WH,NP,NP,OBJ,OBJ,WHNP-1-<INANIM>,WHNP,MQ,MQ_OBJ,
9021,0,now we'll see what happens this time.,1.0,-NONE-ABAR-WH-,T,WH,NP,NP,SUBJ,SUBJ,WHNP-1-<INANIM>-<THEME-V2>,WHNP,EQ,EQ_SUBJ,see
9024,0,where is it?,1.0,-NONE-ABAR-WH-,T,WH,ADVP,ADVP,ADJUNCT,ADJUNCT,WHADVP-1,WHADVP,MQ,MQ_ADJUNCT,
9027,0,who's in there?,1.0,-NONE-ABAR-WH-,T,WH,NP,NP,SUBJ,SUBJ,WHNP-1-<ANIM>,WHNP,MQ,MQ_SUBJ,
9046,0,what am I doing?,1.0,-NONE-ABAR-WH-,T,WH,NP,NP,OBJ,OBJ,WHNP-1-<INANIM>-<THEME-V1>,WHNP,MQ,MQ_OBJ,
9052,0,next year when we go to New_Brunswick we'll take it along.,1.0,-NONE-ABAR-WH-,T,WH,ADVP,ADVP,ADJUNCT,ADJUNCT,WHADVP-1,WHADVP,EQ,EQ_ADJUNCT,
9055,0,who's too big?,1.0,-NONE-ABAR-WH-,T,WH,NP,NP,SUBJ,SUBJ,WHNP-1-<INANIM>,WHNP,MQ,MQ_SUBJ,
9056,0,what bed's too big?,1.0,-NONE-ABAR-WH-,T,WH,NP,NP,SUBJ,SUBJ,WHNP-1-<INANIM>,WHNP,MQ,MQ_SUBJ,
9058,0,"yes, Eve'll sleep in a big bed when we get there.",1.0,-NONE-ABAR-WH-,T,WH,ADVP,ADVP,ADJUNCT,ADJUNCT,WHADVP-1,WHADVP,EQ,EQ_ADJUNCT,sleep
9064,0,you know the bed that Becky has?,1.0,-NONE-ABAR-RC-,T,RC,NP,NP,OBJ,OBJ,WHNP-1-<INANIM>-<THEME-V2>,WHNP,RC,RC_OBJ,
9065,0,that Becky sleeps in.,1.0,-NONE-ABAR-RC-,T,RC,NP,NP,OBJ,OBJ,WHNP-1-<INANIM>-<LOC-V1>,WHNP,EQ,EQ_OBJ,
9070,0,what are you going play?,1.0,-NONE-ABAR-WH-,T,WH,NP,NP,OBJ,OBJ,WHNP-1-<INANIM>-<THEME-V1>,WHNP,MQ,MQ_OBJ,
9118,0,what are you doing?,1.0,-NONE-ABAR-WH-,T,WH,NP,NP,OBJ,OBJ,WHNP-1-<INANIM>-<THEME-V1>,WHNP,MQ,MQ_OBJ,
9119,0,what are you doing with the green things?,1.0,-NONE-ABAR-WH-,T,WH,NP,NP,OBJ,OBJ,WHNP-1-<INANIM>-<THEME-V1>,WHNP,MQ,MQ_OBJ,
9120,0,"what are you doing, Eve?",1.0,-NONE-ABAR-WH-,T,WH,NP,NP,OBJ,OBJ,WHNP-1-<INANIM>-<THEME-V1>,WHNP,MQ,MQ_OBJ,
9121,0,"what happened to your balloon, Eve?",1.0,-NONE-ABAR-WH-,T,WH,NP,NP,SUBJ,SUBJ,WHNP-1-<INANIM>-<THEME-V1>,WHNP,MQ,MQ_SUBJ,
9122,0,why cann't you blow it up?,1.0,-NONE-ABAR-WH-,T,WH,ADVP,ADVP,ADJUNCT,ADJUNCT,WHADVP-1,WHADVP,MQ,MQ_ADJUNCT,
9128,0,why cann't you blow it up?,1.0,-NONE-ABAR-WH-,T,WH,ADVP,ADVP,ADJUNCT,ADJUNCT,WHADVP-1,WHADVP,MQ,MQ_ADJUNCT,
9130,0,"why doesn't it have any air in it, Eve?",1.0,-NONE-ABAR-WH-,T,WH,ADVP,ADVP,ADJUNCT,ADJUNCT,WHADVP-1,WHADVP,MQ,MQ_ADJUNCT,
9131,0,don't know where you put what?,1.0,-NONE-ABAR-WH-,T,WH,ADVP,ADVP,ADJUNCT,ADJUNCT,WHADVP-1,WHADVP,EQ,EQ_ADJUNCT,know
9135,0,"Eve, what did you do this morning?",1.0,-NONE-ABAR-WH-,T,WH,NP,NP,OBJ,OBJ,WHNP-1-<INANIM>-<THEME-V1.,WHNP,MQ,MQ_OBJ,
9137,0,what did you do this morning while I was gone?,1.0,-NONE-ABAR-WH-,T,WH,NP,NP,OBJ,OBJ,WHNP-1-<INANIM>-<THEME-V1>,WHNP,MQ,MQ_OBJ,
9138,0,what did you make in the sandbox?,1.0,-NONE-ABAR-WH-,T,WH,NP,NP,OBJ,OBJ,WHNP-1-<INANIM>-<THEME-<V1>,WHNP,MQ,MQ_OBJ,
9139,0,who was the cake for?,1.0,-NONE-ABAR-WH-,T,WH,NP,NP,OBJ,OBJ,WHNP-1-<ANIM>,WHNP,MQ,MQ_OBJ,
9141,0,what's that got to do with the birthday cake?,1.0,-NONE-ABAR-WH-,T,WH,NP,NP,OBJ,OBJ,WHNP-1-<INANIM>-<THEME-V2>,WHNP,MQ,MQ_OBJ,
9145,0,where did you make the birthday cake?,1.0,-NONE-ABAR-WH-,T,WH,ADVP,ADVP,ADJUNCT,ADJUNCT,WHADVP-1,WHADVP,MQ,MQ_ADJUNCT,
9152,0,what else did you do?,1.0,-NONE-ABAR-WH-,T,WH,NP,NP,OBJ,OBJ,WHNP-1-<INANIM>-<THEME-V1>,WHNP,MQ,MQ_OBJ,
9156,0,why don't you put some of these cups under the bridge?,1.0,-NONE-ABAR-WH-,T,WH,ADVP,ADVP,ADJUNCT,ADJUNCT,WHADVP-1,WHADVP,MQ,MQ_ADJUNCT,
9157,0,why don't you put some of these cups under the bridge bridge?,1.0,-NONE-ABAR-WH-,T,WH,ADVP,ADVP,ADJUNCT,ADJUNCT,WHADVP-1,WHADVP,MQ,MQ_ADJUNCT,
9158,0,did you tell Fraser what you did yesterday?,1.0,-NONE-ABAR-WH-,T,WH,NP,NP,OBJ,OBJ,WHNP-1-<INANIM>-<THEME-V2>,WHNP,EQ,EQ_OBJ,tell
9159,0,did you tell Fraser who was here last week?,1.0,-NONE-ABAR-WH-,T,WH,NP,NP,SUBJ,SUBJ,WHNP-1-<ANIM>,WHNP,EQ,EQ_SUBJ,tell
9160,0,who was visiting us last week?,1.0,-NONE-ABAR-WH-,T,WH,NP,NP,SUBJ,SUBJ,WHNP-1-<ANIM>-<AGENT-V1>,WHNP,MQ,MQ_SUBJ,
9161,0,who was staying in our house?,1.0,-NONE-ABAR-WH-,T,WH,NP,NP,SUBJ,SUBJ,WHNP-1-<ANIM>-<THEME-V1>,WHNP,MQ,MQ_SUBJ,
9163,0,where are they now?,1.0,-NONE-ABAR-WH-,T,WH,ADVP,ADVP,ADJUNCT,ADJUNCT,WHADVP-1,WHADVP,MQ,MQ_ADJUNCT,
9164,0,where are they now?,1.0,-NONE-ABAR-WH-,T,WH,ADVP,ADVP,ADJUNCT,ADJUNCT,WHADVP-1,WHADVP,MQ,MQ_ADJUNCT,
9169,0,"where's Ohio, Eve?",1.0,-NONE-ABAR-WH-,T,WH,ADVP,ADVP,ADJUNCT,ADJUNCT,WHADVP-1,WHADVP,MQ,MQ_ADJUNCT,
9170,0,where's Ohio?,1.0,-NONE-ABAR-WH-,T,WH,ADVP,ADVP,ADJUNCT,ADJUNCT,WHADVP-1,WHADVP,MQ,MQ_ADJUNCT,
9171,0,what is that?,1.0,-NONE-ABAR-WH-,T,WH,NP,NP,OBJ,OBJ,WHNP-1-<INANIM>,WHNP,MQ,MQ_OBJ,
9174,0,where is Ohio?,1.0,-NONE-ABAR-WH-,T,WH,ADVP,ADVP,ADJUNCT,ADJUNCT,WHADVP-1,WHADVP,MQ,MQ_ADJUNCT,
9175,0,where's Ohio?,1.0,-NONE-ABAR-WH-,T,WH,ADVP,ADVP,ADJUNCT,ADJUNCT,WHADVP-1,WHADVP,MQ,MQ_ADJUNCT,
9188,0,what did you do to it?,1.0,-NONE-ABAR-WH-,T,WH,NP,NP,OBJ,OBJ,WHNP-1-<INANIM>-<THEME-V1>,WHNP,MQ,MQ_OBJ,
9197,0,where's what?,1.0,-NONE-ABAR-WH-,T,WH,ADVP,ADVP,ADJUNCT,ADJUNCT,WHADVP-1,WHADVP,MQ,MQ_ADJUNCT,
9198,0,where is Ohio?,1.0,-NONE-ABAR-WH-,T,WH,ADVP,ADVP,ADJUNCT,ADJUNCT,WHADVP-1,WHADVP,MQ,MQ_ADJUNCT,
9199,0,where is Ohio?,1.0,-NONE-ABAR-WH-,T,WH,ADVP,ADVP,ADJUNCT,ADJUNCT,WHADVP-1,WHADVP,MQ,MQ_ADJUNCT,
9202,0,I don't know where Ohio is.,1.0,-NONE-ABAR-WH-,T,WH,ADVP,ADVP,ADJUNCT,ADJUNCT,WHADVP-1,WHADVP,EQ,EQ_ADJUNCT,know
9227,0,why don't you go and have Papa wipe your nose?,1.0,-NONE-ABAR-WH-,T,WH,ADVP,ADVP,ADJUNCT,ADJUNCT,WHADVP-1,WHADVP,MQ,MQ_ADJUNCT,
9240,0,why cann't you?,1.0,-NONE-ABAR-WH-,T,WH,ADVP,ADVP,ADJUNCT,ADJUNCT,WHADVP-1,WHADVP,MQ,MQ_ADJUNCT,
9247,0,what did you hear about pizzeronic?,1.0,-NONE-ABAR-WH-,T,WH,NP,NP,OBJ,OBJ,WHNP-1-<INANIM>-<SUBJMATT-V1>,WHNP,MQ,MQ_OBJ,
9252,0,where's Cromer?,1.0,-NONE-ABAR-WH-,T,WH,ADVP,ADVP,ADJUNCT,ADJUNCT,WHADVP-1,WHADVP,MQ,MQ_ADJUNCT,
9253,0,when's he coming?,1.0,-NONE-ABAR-WH-,T,WH,ADVP,ADVP,ADJUNCT,ADJUNCT,WHADVP-1,WHADVP,MQ,MQ_ADJUNCT,
9254,0,when does Cromer come?,1.0,-NONE-ABAR-WH-,T,WH,ADVP,ADVP,ADJUNCT,ADJUNCT,WHADVP-1,WHADVP,MQ,MQ_ADJUNCT,
9258,0,what is today?,1.0,-NONE-ABAR-WH-,T,WH,NP,NP,OBJ,OBJ,WHNP-1-<INANIM>,WHNP,MQ,MQ_OBJ,
9284,0,let me see how hot it is.,1.0,-NONE-ABAR-WH-,T,WH,ADJP,ADJP,ADJUNCT,ADJUNCT,WHADJP-1,WHADJP,EQ,EQ_ADJUNCT,see
9288,0,not when you have lunch.,1.0,-NONE-ABAR-WH-,T,WH,ADVP,ADVP,ADJUNCT,ADJUNCT,WHADVP-1,WHADVP,EQ,EQ_ADJUNCT,
9292,0,who needs it?,1.0,-NONE-ABAR-WH-,T,WH,NP,NP,SUBJ,SUBJ,WHNP-1-<ANIM>-<EXPER-V1>,WHNP,MQ,MQ_SUBJ,
9321,0,"well, what am I pouring for them?",1.0,-NONE-ABAR-WH-,T,WH,NP,NP,OBJ,OBJ,WHNP-1-<INANIM>-<PATIENT-V1>,WHNP,MQ,MQ_OBJ,
9324,0,what color would you like?,1.0,-NONE-ABAR-WH-,T,WH,NP,NP,OBJ,OBJ,WHNP-1-<INANIM>-<SUBJMATT-V1>,WHNP,MQ,MQ_OBJ,
9330,0,you'll have to show him how it works.,2.0,-NONE-ABAR-WH-,T,WH,ADVP,ADVP,ADJUNCT,ADJUNCT,WHADVP-2,WHADVP,EQ,EQ_ADJUNCT,show
9337,0,what were you doing besides digging in the dirt?,1.0,-NONE-ABAR-WH-,T,WH,NP,NP,OBJ,OBJ,WHNP-1-<INANIM>-<THEME-V1>,WHNP,MQ,MQ_OBJ,
9339,0,what did you catch?,1.0,-NONE-ABAR-WH-,T,WH,NP,NP,OBJ,OBJ,WHNP-1-<INANIM>-<PATIENT-V1>,WHNP,MQ,MQ_OBJ,
9341,0,where was it?,1.0,-NONE-ABAR-WH-,T,WH,ADVP,ADVP,ADJUNCT,ADJUNCT,WHADVP-1,WHADVP,MQ,MQ_ADJUNCT,
9343,0,what else did you do?,1.0,-NONE-ABAR-WH-,T,WH,NP,NP,OBJ,OBJ,WHNP-1-<INANIM>-<THEME-V1>,WHNP,MQ,MQ_OBJ,
9345,0,what are you going To have?,1.0,-NONE-ABAR-WH-,T,WH,NP,NP,OBJ,OBJ,WHNP-1-<INANIM>-<PATIENT-V1>,WHNP,MQ,MQ_OBJ,
9369,0,what am I folding?,1.0,-NONE-ABAR-WH-,T,WH,NP,NP,OBJ,OBJ,WHNP-1-<INANIM>-<PATIENT-V1>,WHNP,MQ,MQ_OBJ,
9371,0,what kind of clothes is this?,1.0,-NONE-ABAR-WH-,T,WH,NP,NP,OBJ,OBJ,WHNP-1-<INANIM>,WHNP,MQ,MQ_OBJ,
9376,0,what is that?,1.0,-NONE-ABAR-WH-,T,WH,NP,NP,OBJ,OBJ,WHNP-1-<INANIM>,WHNP,MQ,MQ_OBJ,
9380,0,why don't you let Mom do it?,1.0,-NONE-ABAR-WH-,T,WH,ADVP,ADVP,ADJUNCT,ADJUNCT,WHADVP-1,WHADVP,MQ,MQ_ADJUNCT,
9395,0,we said what's wrong to Cathy Dodie?,1.0,-NONE-ABAR-WH-,T,WH,NP,NP,SUBJ,SUBJ,WHNP-1-<INANIM>,WHNP,EQ,EQ_SUBJ,said
9397,0,"oh, you and Becky said what's wrong?",1.0,-NONE-ABAR-WH-,T,WH,NP,NP,SUBJ,SUBJ,WHNP-1-<INANIM>,WHNP,EQ,EQ_SUBJ,said
9400,0,where did you get the water?,1.0,-NONE-ABAR-WH-,T,WH,ADVP,ADVP,ADJUNCT,ADJUNCT,WHADVP-1,WHADVP,MQ,MQ_ADJUNCT,
9405,0,I wondered where you got the water.,1.0,-NONE-ABAR-WH-,T,WH,ADVP,ADVP,ADJUNCT,ADJUNCT,WHADVP-1,WHADVP,EQ,EQ_ADJUNCT,wondered
9406,0,that's where you got the water.,1.0,-NONE-ABAR-WH-,T,WH,ADVP,ADVP,ADJUNCT,ADJUNCT,WHADVP-1,WHADVP,EQ,EQ_ADJUNCT,got
9407,0,what did you do with it?,1.0,-NONE-ABAR-WH-,T,WH,NP,NP,OBJ,OBJ,WHNP-1-<INANIM>-<THEME-V1>,WHNP,MQ,MQ_OBJ,
9420,0,what did you say?,1.0,-NONE-ABAR-WH-,T,WH,NP,NP,OBJ,OBJ,WHNP-1-<INANIM>-<THEME-V1>,WHNP,MQ,MQ_OBJ,
9422,0,you fold that one that you have.,1.0,-NONE-ABAR-RC-,T,RC,NP,NP,OBJ,OBJ,WHNP-1-<INANIM>-<THEME-V2>,WHNP,RC,RC_OBJ,
9448,0,would you put them away when we go upstairs.,1.0,-NONE-ABAR-WH-,T,WH,ADVP,ADVP,ADJUNCT,ADJUNCT,WHADVP-1,WHADVP,EQ,EQ_ADJUNCT,put
9451,0,what is that?,1.0,-NONE-ABAR-WH-,T,WH,NP,NP,OBJ,OBJ,WHNP-1-<INANIM>,WHNP,MQ,MQ_OBJ,
9466,0,all *NULL* we have to fold is the sheet and that's too big for you?,2.0,-NONE-ABAR-RC-,T,RC,NP,NP,OBJ,OBJ,WHNP-2-<INANIM>-<PATIENT-V1>,WHNP,RC,RC_OBJ,
9474,0,when you get bigger you can do it.,1.0,-NONE-ABAR-WH-,T,WH,ADVP,ADVP,ADJUNCT,ADJUNCT,WHADVP-1,WHADVP,EQ,EQ_ADJUNCT,
9476,0,when you get big like Mom.,1.0,-NONE-ABAR-WH-,T,WH,ADVP,ADVP,ADJUNCT,ADJUNCT,WHADVP-1,WHADVP,EQ,EQ_ADJUNCT,
9486,0,how are you?,1.0,-NONE-ABAR-WH-,T,WH,ADVP,ADVP,ADJUNCT,ADJUNCT,WHADVP-1,WHADVP,MQ,MQ_ADJUNCT,
9491,0,we'll take them up when we go upstairs.,1.0,-NONE-ABAR-WH-,T,WH,ADVP,ADVP,ADJUNCT,ADJUNCT,WHADVP-1,WHADVP,EQ,EQ_ADJUNCT,take
9503,0,why cann't you?,1.0,-NONE-ABAR-WH-,T,WH,ADVP,ADVP,ADJUNCT,ADJUNCT,WHADVP-1,WHADVP,MQ,MQ_ADJUNCT,
9508,0,if you want to see her you run up and look.,,,,POLAR,,,,POLAR,,,EQ,EQ_POLAR,
9509,0,you be very quiet when you get there.,1.0,-NONE-ABAR-WH-,T,WH,ADVP,ADVP,ADJUNCT,ADJUNCT,WHADVP-1,WHADVP,EQ,EQ_ADJUNCT,get
9513,0,what are you doing?,1.0,-NONE-ABAR-WH-,T,WH,NP,NP,OBJ,OBJ,WHNP-1-<INANIM>-<THEME-V1>,WHNP,MQ,MQ_OBJ,
9516,0,where've you been?,1.0,-NONE-ABAR-WH-,T,WH,ADVP,ADVP,ADJUNCT,ADJUNCT,WHADVP-1,WHADVP,MQ,MQ_ADJUNCT,
9517,0,what's she doing?,1.0,-NONE-ABAR-WH-,T,WH,NP,NP,OBJ,OBJ,WHNP-1-<INANIM>-<THEME-V1>,WHNP,MQ,MQ_OBJ,
9535,0,that's a six that just went by.,1.0,-NONE-ABAR-RC-,T,RC,NP,NP,SUBJ,SUBJ,WHNP-1-<INANIM>-<THEME-V1>,WHNP,RC,RC_SUBJ,
9540,0,how was Sarah?,1.0,-NONE-ABAR-WH-,T,WH,ADVP,ADVP,ADJUNCT,ADJUNCT,WHADVP-1,WHADVP,MQ,MQ_ADJUNCT,
9553,0,what's wrong with it?,1.0,-NONE-ABAR-WH-,T,WH,NP,NP,SUBJ,SUBJ,WHNP-1-<INANIM>,WHNP,MQ,MQ_SUBJ,
9554,0,what's wrong?,1.0,-NONE-ABAR-WH-,T,WH,NP,NP,SUBJ,SUBJ,WHNP-1-<INANIM>,WHNP,MQ,MQ_SUBJ,
9558,0,what else do you want?,1.0,-NONE-ABAR-WH-,T,WH,NP,NP,OBJ,OBJ,WHNP-1-<INANIM>-<SUBJMATT-V1>,WHNP,MQ,MQ_OBJ,
9572,0,what am I going To do?,1.0,-NONE-ABAR-WH-,T,WH,NP,NP,OBJ,OBJ,WHNP-1-<INANIM>-<THEME-V1>,WHNP,MQ,MQ_OBJ,
9598,0,what's he doing then?,1.0,-NONE-ABAR-WH-,T,WH,NP,NP,OBJ,OBJ,WHNP-1-<INANIM>-<THEME-V1>,WHNP,MQ,MQ_OBJ,
9605,0,ask Fraser if he has some.,,,,POLAR,,,,POLAR,,,EQ,EQ_POLAR,ask
9611,0,he asked you if you had some glasses.,,,,POLAR,,,,POLAR,,,EQ,EQ_POLAR,asked
9619,0,"what did we do, Eve?",1.0,-NONE-ABAR-WH-,T,WH,NP,NP,OBJ,OBJ,WHNP-1-<INANIM>-<THEME-V1>,WHNP,MQ,MQ_OBJ,
9625,0,let me go up and see what Sarah's doing.,1.0,-NONE-ABAR-WH-,T,WH,NP,NP,OBJ,OBJ,WHNP-1-<INANIM>-<THEME-V4>,WHNP,EQ,EQ_OBJ,see
9633,0,remember when you broke my glasses?,1.0,-NONE-ABAR-WH-,T,WH,ADVP,ADVP,ADJUNCT,ADJUNCT,WHADVP-1,WHADVP,EQ,EQ_ADJUNCT,remember
9657,0,don't know what it was.,1.0,-NONE-ABAR-WH-,T,WH,NP,NP,OBJ,OBJ,WHNP-1-<INANIM>,WHNP,EQ,EQ_OBJ,know
9668,0,what am I doing?,1.0,-NONE-ABAR-WH-,T,WH,NP,NP,OBJ,OBJ,WHNP-1-<INANIM>-<THEME-V1>,WHNP,MQ,MQ_OBJ,
9678,0,when Papa comes home you say.,1.0,-NONE-ABAR-WH-,T,WH,ADVP,ADVP,ADJUNCT,ADJUNCT,WHADVP-1,WHADVP,EQ,EQ_ADJUNCT,
9684,0,what's that got to do with it?,1.0,-NONE-ABAR-WH-,T,WH,NP,NP,OBJ,OBJ,WHNP-1-<INANIM>-<THEME-V2>,WHNP,MQ,MQ_OBJ,
9687,0,all *NULL* you have to do is open your mouth and say.,2.0,-NONE-ABAR-WH-,T,WH,NP,NP,OBJ,OBJ,WHNP-2-<INANIM>-<THEME-V1>,WHNP,RC,RC_OBJ,
9693,0,what are you doing to me?,1.0,-NONE-ABAR-WH-,T,WH,NP,NP,OBJ,OBJ,WHNP-1-<INANIM>-<THEME-V1>,WHNP,MQ,MQ_OBJ,
9734,0,when we have pork chops or lamb chops then you chew on the bones,1.0,-NONE-ABAR-WH-,T,WH,ADVP,ADVP,ADJUNCT,ADJUNCT,WHADVP-1,WHADVP,EQ,EQ_ADJUNCT,
9755,0,what am I doing?,1.0,-NONE-ABAR-WH-,T,WH,NP,NP,OBJ,OBJ,WHNP-1-<INANIM>-<THEME-V1>,WHNP,MQ,MQ_OBJ,
9760,0,"why do you say that, Eve?",1.0,-NONE-ABAR-WH-,T,WH,ADVP,ADVP,ADJUNCT,ADJUNCT,WHADVP-1,WHADVP,MQ,MQ_ADJUNCT,
9763,0,when do you say that?,1.0,-NONE-ABAR-WH-,T,WH,ADVP,ADVP,ADJUNCT,ADJUNCT,WHADVP-1,WHADVP,MQ,MQ_ADJUNCT,
9764,0,"oh, on Saturday when you go on the seesaw.",1.0,-NONE-ABAR-WH-,T,WH,ADVP,ADVP,ADJUNCT,ADJUNCT,WHADVP-1,WHADVP,EQ,EQ_ADJUNCT,
9782,0,what is it?,1.0,-NONE-ABAR-WH-,T,WH,NP,NP,OBJ,OBJ,WHNP-1-<INANIM>,WHNP,MQ,MQ_OBJ,
9785,0,"yes, I know that's what you're saying.",1.0,-NONE-ABAR-WH-,T,WH,NP,NP,OBJ,OBJ,WHNP-1-<INANIM>-<THEME-V2>,WHNP,EQ,EQ_OBJ,saying
9786,0,why don't you say something else?,1.0,-NONE-ABAR-WH-,T,WH,ADVP,ADVP,ADJUNCT,ADJUNCT,WHADVP-1,WHADVP,MQ,MQ_ADJUNCT,
9793,0,that's what keeps it cold.,1.0,-NONE-ABAR-WH-,T,WH,NP,NP,SUBJ,SUBJ,WHNP-1-<INANIM>-<CAUSER-V1>,WHNP,EQ,EQ_SUBJ,keeps
9812,0,what were you doing outside?,1.0,-NONE-ABAR-WH-,T,WH,NP,NP,OBJ,OBJ,WHNP-1-<INANIM>-<THEME-V1>,WHNP,MQ,MQ_OBJ,
9815,0,what were you doing out there with Becky?,1.0,-NONE-ABAR-WH-,T,WH,NP,NP,OBJ,OBJ,WHNP-1-<INANIM>-<THEME-V1>,WHNP,MQ,MQ_OBJ,
9817,0,what were you doing out there with Becky?,1.0,-NONE-ABAR-WH-,T,WH,NP,NP,OBJ,OBJ,WHNP-1-<INANIM>-<THEME-V1>,WHNP,MQ,MQ_OBJ,
9819,0,why were they sick?,1.0,-NONE-ABAR-WH-,T,WH,ADVP,ADVP,ADJUNCT,ADJUNCT,WHADVP-1,WHADVP,MQ,MQ_ADJUNCT,
9837,0,you don't wear jammies when you take a nap.,1.0,-NONE-ABAR-WH-,T,WH,ADVP,ADVP,ADJUNCT,ADJUNCT,WHADVP-1,WHADVP,EQ,EQ_ADJUNCT,wear
9840,0,"yes, Noel wears pajammies when she takes a nap.",1.0,-NONE-ABAR-WH-,T,WH,ADVP,ADVP,ADJUNCT,ADJUNCT,WHADVP-1,WHADVP,EQ,EQ_ADJUNCT,wears
9842,0,what are you doing?,1.0,-NONE-ABAR-WH-,T,WH,NP,NP,OBJ,OBJ,WHNP-1-<INANIM>-<THEME-V1>,WHNP,MQ,MQ_OBJ,
9847,0,"why don't you take the bibs out onto the counter for me, please?",1.0,-NONE-ABAR-WH-,T,WH,ADVP,ADVP,ADJUNCT,ADJUNCT,WHADVP-1,WHADVP,MQ,MQ_ADJUNCT,
9870,0,how's that?,1.0,-NONE-ABAR-WH-,T,WH,ADVP,ADVP,ADJUNCT,ADJUNCT,WHADVP-1-<INANIM>,WHADVP,MQ,MQ_ADJUNCT,
9873,0,"hey, what are you doing?",1.0,-NONE-ABAR-WH-,T,WH,NP,NP,OBJ,OBJ,WHNP-1-<INANIM>-<THEME-V1>,WHNP,MQ,MQ_OBJ,
9877,0,"no, I open the window so I can hear Sarah when she wakes up.",1.0,-NONE-ABAR-WH-,T,WH,ADVP,ADVP,ADJUNCT,ADJUNCT,WHADVP-1,WHADVP,EQ,EQ_ADJUNCT,hear
9878,0,what are you doing?,1.0,-NONE-ABAR-WH-,T,WH,NP,NP,OBJ,OBJ,WHNP-1-<INANIM>-<THEME-V1>,WHNP,MQ,MQ_OBJ,
9884,0,what's that *NULL* I 'm drawing?,2.0,-NONE-ABAR-RC-,T,RC,NP,NP,OBJ,OBJ,WHNP-2-<INANIM>-<PATIENT-V1>,WHNP,RC,RC_OBJ,
9884,1,what's that *NULL* I 'm drawing?,1.0,-NONE-ABAR-WH-,T,WH,NP,NP,ADJUNCT,ADJUNCT,WHNP-1-<INANIM>,WHNP,MQ,MQ_ADJUNCT,
9885,0,what's that *NULL* I 'm drawing?,2.0,-NONE-ABAR-RC-,T,RC,NP,NP,OBJ,OBJ,WHNP-2-<INANIM>-<PATIENT-V1>,WHNP,RC,RC_OBJ,
9885,1,what's that *NULL* I 'm drawing?,1.0,-NONE-ABAR-WH-,T,WH,NP,NP,OBJ,OBJ,WHNP-1-<INANIM>,WHNP,MQ,MQ_OBJ,
9886,0,where's the lady?,1.0,-NONE-ABAR-WH-,T,WH,ADVP,ADVP,ADJUNCT,ADJUNCT,WHADVP-1,WHADVP,MQ,MQ_ADJUNCT,
9891,0,what's that?,1.0,-NONE-ABAR-WH-,T,WH,NP,NP,OBJ,OBJ,WHNP-1-<INANIM>,WHNP,MQ,MQ_OBJ,
9900,0,which is the big one?,1.0,-NONE-ABAR-WH-,T,WH,NP,NP,OBJ,OBJ,WHNP-1-<INANIM>,WHNP,MQ,MQ_OBJ,
9905,0,when it's one it's and when there're two it's,2.0,-NONE-ABAR-WH-,T,WH,ADVP,ADVP,ADJUNCT,ADJUNCT,WHADVP-2,WHADVP,EQ,EQ_ADJUNCT,
9905,1,when it's one it's and when there're two it's,2.0,-NONE-ABAR-WH-,T,WH,ADVP,ADVP,ADJUNCT,ADJUNCT,WHADVP-2,WHADVP,EQ,EQ_ADJUNCT,
9915,0,where is the birthday cake?,1.0,-NONE-ABAR-WH-,T,WH,ADVP,ADVP,ADJUNCT,ADJUNCT,WHADVP-1,WHADVP,MQ,MQ_ADJUNCT,
9917,0,what did you do with it?,1.0,-NONE-ABAR-WH-,T,WH,NP,NP,OBJ,OBJ,WHNP-1-<INANIM>-<THEME-V1>,WHNP,MQ,MQ_OBJ,
9920,0,it will make a great big hole if you put it in there again.,,,,POLAR,,,,POLAR,,,EQ,EQ_POLAR,make
9923,0,I'll smack your bottom if you make a hole in there.,,,,POLAR,,,,POLAR,,,EQ,EQ_POLAR,smack
9935,0,where did it go?,1.0,-NONE-ABAR-WH-,T,WH,ADVP,ADVP,ADJUNCT,ADJUNCT,WHADVP-1,WHADVP,MQ,MQ_ADJUNCT,
9938,0,why do you want to bite it?,1.0,-NONE-ABAR-WH-,T,WH,ADVP,ADVP,ADJUNCT,ADJUNCT,WHADVP-1,WHADVP,MQ,MQ_ADJUNCT,
9940,0,why do you want to bite the pencil?,1.0,-NONE-ABAR-WH-,T,WH,ADVP,ADVP,ADJUNCT,ADJUNCT,WHADVP,WHADVP,MQ,MQ_ADJUNCT,
9943,0,who was singing that?,1.0,-NONE-ABAR-WH-,T,WH,NP,NP,SUBJ,SUBJ,WHNP-1-<ANIM>-<AGENT-V1>,WHNP,MQ,MQ_SUBJ,
9944,0,when do you say that?,1.0,-NONE-ABAR-WH-,T,WH,ADVP,ADVP,ADJUNCT,ADJUNCT,WHADVP-1,WHADVP,MQ,MQ_ADJUNCT,
9947,0,what do you do when you say that?,1.0,-NONE-ABAR-WH-,T,WH,NP,NP,OBJ,OBJ,WHNP-1-<INANIM>-<THEME-V1>,WHNP,MQ,MQ_OBJ,
9947,1,what do you do when you say that?,2.0,-NONE-ABAR-WH-,T,WH,ADVP,ADVP,ADJUNCT,ADJUNCT,WHADVP-2,WHADVP,EQ,EQ_ADJUNCT,do
9948,0,what are you doing when you say that?,1.0,-NONE-ABAR-WH-,T,WH,NP,NP,OBJ,OBJ,WHNP-1-<INANIM>-<THEME-V1>,WHNP,MQ,MQ_OBJ,
9948,1,what are you doing when you say that?,2.0,-NONE-ABAR-WH-,T,WH,ADVP,ADVP,ADJUNCT,ADJUNCT,WHADVP-2,WHADVP,EQ,EQ_ADJUNCT,doing
9957,0,what do you wanT To sing?,1.0,-NONE-ABAR-WH-,T,WH,NP,NP,OBJ,OBJ,WHNP-1-<INANIM>-<THEME-V2>,WHNP,MQ,MQ_OBJ,
9972,0,"what are you doing, miss?",1.0,-NONE-ABAR-WH-,T,WH,NP,NP,OBJ,OBJ,WHNP-1-<INANIM>-<THEME-V1>,WHNP,MQ,MQ_OBJ,
9981,0,how's your tummy feeling?,1.0,-NONE-ABAR-WH-,T,WH,ADVP,ADVP,ADJUNCT,ADJUNCT,WHADVP-1,WHADVP,MQ,MQ_ADJUNCT,
9985,0,how's it feel inside?,1.0,-NONE-ABAR-WH-,T,WH,ADVP,ADVP,ADJUNCT,ADJUNCT,WHADVP-1,WHADVP,MQ,MQ_ADJUNCT,
9988,0,how's it feel?,1.0,-NONE-ABAR-WH-,T,WH,ADVP,ADVP,ADJUNCT,ADJUNCT,WHADVP-1,WHADVP,MQ,MQ_ADJUNCT,
9991,0,how's it feel?,1.0,-NONE-ABAR-WH-,T,WH,ADVP,ADVP,ADJUNCT,ADJUNCT,WHADVP-1,WHADVP,MQ,MQ_ADJUNCT,
10001,0,because I know how much you like it.,1.0,-NONE-ABAR-WH-,T,WH,ADJP,ADJP,ADJUNCT,ADJUNCT,WHADJP-1,WHADJP,EQ,EQ_ADJUNCT,know
10003,0,what did you do?,1.0,-NONE-ABAR-WH-,T,WH,NP,NP,OBJ,OBJ,WHNP-1-<INANIM>-<THEME-V1>,WHNP,MQ,MQ_OBJ,
10005,0,what did you do?,1.0,-NONE-ABAR-WH-,T,WH,NP,NP,OBJ,OBJ,WHNP-1-<INANIM>-<THEME-V1>,WHNP,MQ,MQ_OBJ,
10006,0,how'd it get dirty.,1.0,-NONE-ABAR-WH-,T,WH,ADVP,ADVP,ADJUNCT,ADJUNCT,WHADVP-1,WHADVP,MQ,MQ_ADJUNCT,
10013,0,what have you been doing?,1.0,-NONE-ABAR-WH-,T,WH,NP,NP,OBJ,OBJ,WHNP-1-<INANIM>-<THEME-V1>,WHNP,MQ,MQ_OBJ,
10014,0,"oh, what did you do, Eve?",1.0,-NONE-ABAR-WH-,T,WH,NP,NP,OBJ,OBJ,WHNP-1-<INANIM>-<THEME-V1>,WHNP,MQ,MQ_OBJ,
10025,0,"well, if you wait for just a minute I'll get a spoon.",,,,POLAR,,,,POLAR,,,EQ,EQ_POLAR,
10051,0,what is he doing?,1.0,-NONE-ABAR-WH-,T,WH,NP,NP,OBJ,OBJ,WHNP-1-<INANIM>-<THEME-V1>,WHNP,MQ,MQ_OBJ,
10052,0,"yeah, what 'm I doing?",1.0,-NONE-ABAR-WH-,T,WH,NP,NP,OBJ,OBJ,WHNP-1-<INANIM>-<THEME-V1>,WHNP,MQ,MQ_OBJ,
10054,0,"well, why don't you take a bite of the cracker?",1.0,-NONE-ABAR-WH-,T,WH,ADVP,ADVP,ADJUNCT,ADJUNCT,WHADVP-1,WHADVP,MQ,MQ_ADJUNCT,
10060,0,what did you have at the Peabody School?,1.0,-NONE-ABAR-WH-,T,WH,NP,NP,OBJ,OBJ,WHNP-1-<INANIM>-<PATIENT-V1>,WHNP,MQ,MQ_OBJ,
10062,0,what did you get when you went there?,1.0,-NONE-ABAR-WH-,T,WH,NP,NP,OBJ,OBJ,WHNP-1-<INANIM>-<THEME-V1>,WHNP,MQ,MQ_OBJ,
10062,1,what did you get when you went there?,1.0,-NONE-ABAR-WH-,T,WH,ADVP,ADVP,ADJUNCT,ADJUNCT,WHNP-1-<INANIM>-<THEME-V1>,WHNP,EQ,EQ_ADJUNCT,get
10069,0,"this afternoon when you wake up your nap, what?",1.0,-NONE-ABAR-WH-,T,WH,ADVP,ADVP,ADJUNCT,ADJUNCT,WHADVP-1,WHADVP,RC,RC_ADJUNCT,
10092,0,what's that man doing?,1.0,-NONE-ABAR-WH-,T,WH,NP,NP,OBJ,OBJ,WHNP-1-<INANIM>-<THEME-V1>,WHNP,MQ,MQ_OBJ,
10100,0,where will I get them?,1.0,-NONE-ABAR-WH-,T,WH,ADVP,ADVP,ADJUNCT,ADJUNCT,WHADVP-1,WHADVP,MQ,MQ_ADJUNCT,
10102,0,another piece of cheese *NULL* to make another man?,1.0,-NONE-ABAR-RC-,T,RC,NP,NP,SUBJ,SUBJ,WHNP-1-<INANIM>-<AGENT-V1>,WHNP,RC,RC_SUBJ,
10122,0,"what do you want there, please?",1.0,-NONE-ABAR-WH-,T,WH,NP,NP,OBJ,OBJ,WHNP-1-<INANIM>-<SUBJMATT-V1>,WHNP,MQ,MQ_OBJ,
10145,0,when you wake up from your nap you can have clay.,1.0,-NONE-ABAR-WH-,T,WH,ADVP,ADVP,ADJUNCT,ADJUNCT,WHADVP-1,WHADVP,EQ,EQ_ADJUNCT,
10154,0,what kind of man do you want?,1.0,-NONE-ABAR-WH-,T,WH,NP,NP,OBJ,OBJ,WHNP-1-<INANIM>-<SUBJMATT-V1>,WHNP,MQ,MQ_OBJ,
10158,0,what else did Papa make with the clay?,1.0,-NONE-ABAR-WH-,T,WH,NP,NP,OBJ,OBJ,WHNP-1-<INANIM>-<PATIENT-V1>,WHNP,MQ,MQ_OBJ,
10159,0,what did Papa make with the clay?,1.0,-NONE-ABAR-WH-,T,WH,NP,NP,OBJ,OBJ,WHNP-1-<INANIM>-<PATIENT-V1>,WHNP,MQ,MQ_OBJ,
10161,0,what else did Papa make?,1.0,-NONE-ABAR-WH-,T,WH,NP,NP,OBJ,OBJ,WHNP-1-<INANIM>-<PATIENT-V1>,WHNP,MQ,MQ_OBJ,
10169,0,maybe after you wake up from your nap if you ask him.,,,,POLAR,,,,POLAR,,,EQ,EQ_POLAR,
10169,1,maybe after you wake up from your nap if you ask him.,,,,POLAR,,,,POLAR,,,EQ,EQ_POLAR,wake
10186,0,it's not something *NULL* you see.,1.0,-NONE-ABAR-RC-,T,RC,NP,NP,OBJ,OBJ,WHNP-1-<INANIM>-<SUBJMATT-V1>,WHNP,RC,RC_OBJ,
10200,0,why do you want that on?,1.0,-NONE-ABAR-WH-,T,WH,ADVP,ADVP,ADJUNCT,ADJUNCT,WHADVP-1,WHADVP,MQ,MQ_ADJUNCT,
10216,0,because if you don't eat it I will.,,,,POLAR,,,,POLAR,,,EQ,EQ_POLAR,
10218,0,just a little part of it that fell off.,1.0,-NONE-ABAR-RC-,T,RC,NP,NP,SUBJ,SUBJ,WHNP-1-<INANIM>-<THEME-V1>,WHNP,RC,RC_SUBJ,
10240,0,who's daughters.,1.0,-NONE-ABAR-WH-,T,WH,NP,NP,SUBJ,SUBJ,WHNP-1-<ANIM>,WHNP,MQ,MQ_SUBJ,
10241,0,who's that.,1.0,-NONE-ABAR-WH-,T,WH,NP,NP,SUBJ,SUBJ,WHNP-1-<ANIM>,WHNP,MQ,MQ_SUBJ,
10242,0,what's that?,1.0,-NONE-ABAR-WH-,T,WH,NP,NP,SUBJ,SUBJ,WHNP-1-<INANIM>,WHNP,MQ,MQ_SUBJ,
10285,0,"well, I 'm not sure if Cromer will manage or not.",,,,POLAR,,,,POLAR,,,EQ,EQ_POLAR,manage
10288,0,what is it doing?,1.0,-NONE-ABAR-WH-,T,WH,NP,NP,OBJ,OBJ,WHNP-1-<INANIM>-<THEME-V1>,WHNP,MQ,MQ_OBJ,
10293,0,what happened to it in the hole?,1.0,-NONE-ABAR-WH-,T,WH,NP,NP,SUBJ,SUBJ,WHNP-1-<INANIM>-<THEME-V1>,WHNP,MQ,MQ_SUBJ,
10312,0,"no, not when you wake up from your nap.",1.0,-NONE-ABAR-WH-,T,WH,ADVP,ADVP,ADJUNCT,ADJUNCT,WHADVP-1,WHADVP,EQ,EQ_ADJUNCT,
10359,0,she's just gone to see how Sarah is.,1.0,-NONE-ABAR-WH-,T,WH,ADVP,ADVP,ADJUNCT,ADJUNCT,WHADVP-1,WHADVP,EQ,EQ_ADJUNCT,see
10367,0,"well, ask Papa if.",,,,POLAR,,,,POLAR,,,EQ,EQ_POLAR,ask
10374,0,"well, I don't know what he's doing.",1.0,-NONE-ABAR-WH-,T,WH,NP,NP,OBJ,OBJ,WHNP-1-<INANIM>-<THEME-V2>,WHNP,EQ,EQ_OBJ,know
10375,0,what is he doing?,1.0,-NONE-ABAR-WH-,T,WH,NP,NP,OBJ,OBJ,WHNP-1-<INANIM>-<THEME-V1>,WHNP,MQ,MQ_OBJ,
10378,0,I wonder if it's feeling better in the band aid.,,,,POLAR,,,,POLAR,,,EQ,EQ_POLAR,wonder
10396,0,how's your thumb?,1.0,-NONE-ABAR-WH-,T,WH,ADVP,ADVP,ADJUNCT,ADJUNCT,WHADVP-1,WHADVP,MQ,MQ_ADJUNCT,
10403,0,how's your foot?,1.0,-NONE-ABAR-WH-,T,WH,ADVP,ADVP,ADJUNCT,ADJUNCT,WHADVP-1,WHADVP,MQ,MQ_ADJUNCT,
10409,0,is that what you're going to do?,1.0,-NONE-ABAR-WH-,T,WH,NP,NP,OBJ,OBJ,WHNP-1-<INANIM>-<THEME-V1>,WHNP,EQ,EQ_OBJ,going
10421,0,what is he doing over there?,1.0,-NONE-ABAR-WH-,T,WH,NP,NP,OBJ,OBJ,WHNP-1-<INANIM>-<THEME-V1>,WHNP,MQ,MQ_OBJ,
10424,0,what's a bapc?,1.0,-NONE-ABAR-WH-,T,WH,NP,NP,OBJ,OBJ,WHNP-1-<INANIM>,WHNP,MQ,MQ_OBJ,
10431,0,who's sitting on that?,1.0,-NONE-ABAR-WH-,T,WH,NP,NP,SUBJ,SUBJ,WHNP-1-<ANIM>-<THEME-V1>,WHNP,MQ,MQ_SUBJ,
10436,0,get around in the front and get in if you want in.,,,,POLAR,,,,POLAR,,,EQ,EQ_POLAR,get
10441,0,that's how you get in.,1.0,-NONE-ABAR-WH-,T,WH,ADVP,ADVP,ADJUNCT,ADJUNCT,WHADVP-1,WHADVP,EQ,EQ_ADJUNCT,get
10449,0,what're you doing?,1.0,-NONE-ABAR-WH-,T,WH,NP,NP,OBJ,OBJ,WHNP-1-<INANIM>-<THEME-V1>,WHNP,MQ,MQ_OBJ,
10450,0,"well, what are they doing?",1.0,-NONE-ABAR-WH-,T,WH,NP,NP,OBJ,OBJ,WHNP-1-<INANIM>-<THEME-V1>,WHNP,MQ,MQ_OBJ,
10453,0,you know where it is.,1.0,-NONE-ABAR-WH-,T,WH,ADVP,ADVP,ADJUNCT,ADJUNCT,WHADVP-1,WHADVP,EQ,EQ_ADJUNCT,know
10459,0,"what are you doing, Eve?",1.0,-NONE-ABAR-WH-,T,WH,NP,NP,OBJ,OBJ,WHNP-1-<INANIM>-<THEME-V1>,WHNP,MQ,MQ_OBJ,
10460,0,what are you writing?,1.0,-NONE-ABAR-WH-,T,WH,NP,NP,OBJ,OBJ,WHNP-1-<INANIM>-<PATIENT-V1>,WHNP,MQ,MQ_OBJ,
10461,0,"where's your pad, Eve?",1.0,-NONE-ABAR-WH-,T,WH,ADVP,ADVP,ADJUNCT,ADJUNCT,WHADVP-1,WHADVP,MQ,MQ_ADJUNCT,
10463,0,but where is yours?,1.0,-NONE-ABAR-WH-,T,WH,ADVP,ADVP,ADJUNCT,ADJUNCT,WHADVP-1,WHADVP,EQ,EQ_ADJUNCT,
10477,0,where is it?,1.0,-NONE-ABAR-WH-,T,WH,ADVP,ADVP,ADJUNCT,ADJUNCT,WHADVP-1,WHADVP,MQ,MQ_ADJUNCT,
10493,0,"I'll write it on the, when I come to the next page.",1.0,-NONE-ABAR-WH-,T,WH,ADVP,ADVP,ADJUNCT,ADJUNCT,WHADVP-1,WHADVP,EQ,EQ_ADJUNCT,
10497,0,"what have you been writing on that pad, Eve?",1.0,-NONE-ABAR-WH-,T,WH,NP,NP,OBJ,OBJ,WHNP-1-<INANIM>-<THEME-V1>,WHNP,MQ,MQ_OBJ,
10498,0,what have you been writing?,1.0,-NONE-ABAR-WH-,T,WH,NP,NP,OBJ,OBJ,WHNP-1-<INANIM>-<THEME-V1>,WHNP,MQ,MQ_OBJ,
10500,0,that's what I asked you.,1.0,-NONE-ABAR-WH-,T,WH,NP,NP,OBJ,OBJ,WHNP-1-<INANIM>-<THEME-V1>,WHNP,EQ,EQ_OBJ,asked
10501,0,what've you been writing?,1.0,-NONE-ABAR-WH-,T,WH,NP,NP,OBJ,OBJ,WHNP-1-<INANIM>-<PATIENT-V1>,WHNP,MQ,MQ_OBJ,
10505,0,we'll wash that off tonight when we give you a bath.,1.0,-NONE-ABAR-WH-,T,WH,ADVP,ADVP,ADJUNCT,ADJUNCT,WHADVP-1,WHADVP,EQ,EQ_ADJUNCT,wash
10514,0,what happened?,1.0,-NONE-ABAR-WH-,T,WH,NP,NP,SUBJ,SUBJ,WHNP-1-<INANIM>-<THEME-V1>,WHNP,MQ,MQ_SUBJ,
10526,0,what was in a bag?,1.0,-NONE-ABAR-WH-,T,WH,NP,NP,SUBJ,SUBJ,WHNP-1-<INANIM>,WHNP,MQ,MQ_SUBJ,
10546,0,"what do you want, Sarah dear?",1.0,-NONE-ABAR-WH-,T,WH,NP,NP,OBJ,OBJ,WHNP-1-<INANIM>-<SUBJMATT-V1>,WHNP,MQ,MQ_OBJ,
10554,0,"well, when gets a little bigger she can have one.",1.0,-NONE-ABAR-WH-,T,WH,ADVP,ADVP,ADJUNCT,ADJUNCT,WHADVP-1,WHADVP,EQ,EQ_ADJUNCT,
10561,0,what are you doing?,1.0,-NONE-ABAR-WH-,T,WH,NP,NP,OBJ,OBJ,WHNP-1-<INANIM>-<THEME-V1>,WHNP,MQ,MQ_OBJ,
10565,0,why aren't you a maam?,1.0,-NONE-ABAR-WH-,T,WH,ADVP,ADVP,ADJUNCT,ADJUNCT,WHADVP-1,WHADVP,MQ,MQ_ADJUNCT,
10569,0,where is Eve Cummings?,1.0,-NONE-ABAR-WH-,T,WH,ADVP,ADVP,ADJUNCT,ADJUNCT,WHADVP-1,WHADVP,MQ,MQ_ADJUNCT,
10585,0,what is he doing?,1.0,-NONE-ABAR-WH-,T,WH,NP,NP,OBJ,OBJ,WHNP-1-<INANIM>-<THEME-V1>,WHNP,MQ,MQ_OBJ,
10591,0,what is he doing?,1.0,-NONE-ABAR-WH-,T,WH,NP,NP,OBJ,OBJ,WHNP-1-<INANIM>-<THEME-V1>,WHNP,MQ,MQ_OBJ,
10609,0,I don't want to know whether he has glasses.,,,,POLAR,,,,POLAR,,,EQ,EQ_POLAR,know
10629,0,what was he doing?,1.0,-NONE-ABAR-WH-,T,WH,NP,NP,OBJ,OBJ,WHNP-1-<INANIM>-<THEME-V1>,WHNP,MQ,MQ_OBJ,
10630,0,what's he doing?,1.0,-NONE-ABAR-WH-,T,WH,NP,NP,OBJ,OBJ,WHNP-1-<INANIM>-<THEME-V1>,WHNP,MQ,MQ_OBJ,
10633,0,"well, he's being quiet when they're talking.",1.0,-NONE-ABAR-WH-,T,WH,ADVP,ADVP,ADJUNCT,ADJUNCT,WHADVP-1,WHADVP,EQ,EQ_ADJUNCT,talking
10646,0,where's what?,1.0,-NONE-ABAR-WH-,T,WH,ADVP,ADVP,ADJUNCT,ADJUNCT,WHADVP-1,WHADVP,MQ,MQ_ADJUNCT,
10663,0,why don't you eat it on the table?,1.0,-NONE-ABAR-WH-,T,WH,ADVP,ADVP,ADJUNCT,ADJUNCT,WHADVP-1,WHADVP,MQ,MQ_ADJUNCT,
10696,0,that's who it is.,1.0,-NONE-ABAR-WH-,T,WH,NP,NP,OBJ,OBJ,WHNP-1-<ANIM>,WHNP,EQ,EQ_OBJ,
10698,0,where is she?,1.0,-NONE-ABAR-WH-,T,WH,ADVP,ADVP,ADJUNCT,ADJUNCT,WHADVP-1,WHADVP,MQ,MQ_ADJUNCT,
10699,0,"oh, look what I've got.",1.0,-NONE-ABAR-WH-,T,WH,NP,NP,OBJ,OBJ,WHNP-1-<INANIM>-<THEME-V1>,WHNP,EQ,EQ_OBJ,look
10700,0,what's this?,1.0,-NONE-ABAR-WH-,T,WH,NP,NP,OBJ,OBJ,WHNP-1-<INANIM>,WHNP,MQ,MQ_OBJ,
10701,0,what is that?,1.0,-NONE-ABAR-WH-,T,WH,NP,NP,OBJ,OBJ,WHNP-1-<INANIM>,WHNP,MQ,MQ_OBJ,
10702,0,what's that?,1.0,-NONE-ABAR-WH-,T,WH,NP,NP,OBJ,OBJ,WHNP-1-<INANIM>,WHNP,MQ,MQ_OBJ,
10705,0,who fixed it for you?,1.0,-NONE-ABAR-WH-,T,WH,NP,NP,SUBJ,SUBJ,WHNP-1-<ANIM>-<AGENT-V1>,WHNP,MQ,MQ_SUBJ,
10708,0,I don't know how to use it.,1.0,-NONE-ABAR-WH-,T,WH,ADVP,ADVP,ADJUNCT,ADJUNCT,WHADVP-1,WHADVP,EQ,EQ_ADJUNCT,know
10711,0,"and what do you do with the plane, Eve?",1.0,-NONE-ABAR-WH-,T,WH,NP,NP,OBJ,OBJ,WHNP-1-<INANIM>-<THEME-V1>,WHNP,EQ,EQ_OBJ,
10715,0,"what's this, Eve?",1.0,-NONE-ABAR-WH-,T,WH,NP,NP,OBJ,OBJ,WHNP-1-<INANIM>,WHNP,MQ,MQ_OBJ,
10716,0,what's this?,1.0,-NONE-ABAR-WH-,T,WH,NP,NP,OBJ,OBJ,WHNP-1-<INANIM>,WHNP,MQ,MQ_OBJ,
10717,0,"what do you do with it, Eve?",1.0,-NONE-ABAR-WH-,T,WH,NP,NP,OBJ,OBJ,WHNP-1-<INANIM>-<THEME-V1>,WHNP,MQ,MQ_OBJ,
10718,0,what is that?,1.0,-NONE-ABAR-WH-,T,WH,NP,NP,OBJ,OBJ,WHNP-1-<INANIM>,WHNP,MQ,MQ_OBJ,
10743,0,where is he?,1.0,-NONE-ABAR-WH-,T,WH,ADVP,ADVP,ADJUNCT,ADJUNCT,WHADVP-1,WHADVP,MQ,MQ_ADJUNCT,
10746,0,do you know where he is?,1.0,-NONE-ABAR-WH-,T,WH,ADVP,ADVP,ADJUNCT,ADJUNCT,WHADVP-1,WHADVP,EQ,EQ_ADJUNCT,know
10749,0,I bet you know where it is.,1.0,-NONE-ABAR-WH-,T,WH,ADVP,ADVP,ADJUNCT,ADJUNCT,WHADVP-1,WHADVP,EQ,EQ_ADJUNCT,know
10751,0,where did he come from?,1.0,-NONE-ABAR-WH-,T,WH,ADVP,ADVP,ADJUNCT,ADJUNCT,WHADVP-1,WHADVP,MQ,MQ_ADJUNCT,
10753,0,and then what does he do?,1.0,-NONE-ABAR-WH-,T,WH,NP,NP,OBJ,OBJ,WHNP-1-<INANIM>-<THEME-V1>,WHNP,EQ,EQ_OBJ,
10756,0,what's he doing there?,1.0,-NONE-ABAR-WH-,T,WH,NP,NP,OBJ,OBJ,WHNP-1-<INANIM>-<THEME-V1>,WHNP,MQ,MQ_OBJ,
10759,0,what is that?,1.0,-NONE-ABAR-WH-,T,WH,NP,NP,OBJ,OBJ,WHNP-1-<INANIM>,WHNP,MQ,MQ_OBJ,
10764,0,where's he wunning to?,1.0,-NONE-ABAR-WH-,T,WH,ADVP,ADVP,ADJUNCT,ADJUNCT,WHADVP-1,WHADVP,MQ,MQ_ADJUNCT,
10767,0,where's the gingerbread man?,1.0,-NONE-ABAR-WH-,T,WH,ADVP,ADVP,ADJUNCT,ADJUNCT,WHADVP-1,WHADVP,MQ,MQ_ADJUNCT,
10769,0,and what's he doing there?,1.0,-NONE-ABAR-WH-,T,WH,NP,NP,OBJ,OBJ,WHNP-1-<INANIM>-<THEME-V1>,WHNP,EQ,EQ_OBJ,
10776,0,what's he doing there?,1.0,-NONE-ABAR-WH-,T,WH,NP,NP,OBJ,OBJ,WHNP-1-<INANIM>-<THEME-V1>,WHNP,MQ,MQ_OBJ,
10780,0,what's that one?,1.0,-NONE-ABAR-WH-,T,WH,NP,NP,OBJ,OBJ,WHNP-1-<INANIM>,WHNP,MQ,MQ_OBJ,
10782,0,"tell me what it is again, Eve.",1.0,-NONE-ABAR-WH-,T,WH,NP,NP,OBJ,OBJ,WHNP-1-<INANIM>,WHNP,EQ,EQ_OBJ,tell
10784,0,which story do you like best?,1.0,-NONE-ABAR-WH-,T,WH,NP,NP,OBJ,OBJ,WHNP-1-<INANIM>-<SUBJMATT-V1>,WHNP,MQ,MQ_OBJ,
10785,0,which book do you like the best?,1.0,-NONE-ABAR-WH-,T,WH,NP,NP,OBJ,OBJ,WHNP-1-<INANIM>-<SUBJMATT-V1>,WHNP,MQ,MQ_OBJ,
10786,0,what's that?,1.0,-NONE-ABAR-WH-,T,WH,NP,NP,OBJ,OBJ,WHNP-1-<INANIM>,WHNP,MQ,MQ_OBJ,
10788,0,do you know who the lady is?,1.0,-NONE-ABAR-WH-,T,WH,NP,NP,OBJ,OBJ,WHNP-1-<ANIM>,WHNP,EQ,EQ_OBJ,know
10792,0,who is the little boy?,1.0,-NONE-ABAR-WH-,T,WH,NP,NP,OBJ,OBJ,WHNP-1-<ANIM>,WHNP,MQ,MQ_OBJ,
10795,0,what's he doing there?,1.0,-NONE-ABAR-WH-,T,WH,NP,NP,OBJ,OBJ,WHNP-1-<INANIM>-<THEME-V1>,WHNP,MQ,MQ_OBJ,
10797,0,what did you do this morning?,1.0,-NONE-ABAR-WH-,T,WH,NP,NP,OBJ,OBJ,WHNP-1-<INANIM>-<THEME-V1>,WHNP,MQ,MQ_OBJ,
10798,0,"where did you go this morning, Eve?",1.0,-NONE-ABAR-WH-,T,WH,ADVP,ADVP,ADJUNCT,ADJUNCT,WHADVP-1,WHADVP,MQ,MQ_ADJUNCT,
10805,0,where is it?,1.0,-NONE-ABAR-WH-,T,WH,ADVP,ADVP,ADJUNCT,ADJUNCT,WHADVP-1,WHADVP,MQ,MQ_ADJUNCT,
10808,0,what happened when they took your picture?,1.0,-NONE-ABAR-WH-,T,WH,NP,NP,SUBJ,SUBJ,WHNP-1-<INANIM>-<THEME-V1>,WHNP,MQ,MQ_SUBJ,
10808,1,what happened when they took your picture?,2.0,-NONE-ABAR-WH-,T,WH,ADVP,ADVP,ADJUNCT,ADJUNCT,WHADVP-2,WHADVP,EQ,EQ_ADJUNCT,happened
10810,0,where were you when they took pictures of Papa?,1.0,-NONE-ABAR-WH-,T,WH,ADVP,ADVP,ADJUNCT,ADJUNCT,WHADVP-1,WHADVP,MQ,MQ_ADJUNCT,
10810,1,where were you when they took pictures of Papa?,2.0,-NONE-ABAR-WH-,T,WH,ADVP,ADVP,ADJUNCT,ADJUNCT,WHADVP-2,WHADVP,EQ,EQ_ADJUNCT,took
10813,0,what are you doing over there?,1.0,-NONE-ABAR-WH-,T,WH,NP,NP,OBJ,OBJ,WHNP-1-<INANIM>-<THEME-V1>,WHNP,MQ,MQ_OBJ,
10819,0,what is that?,1.0,-NONE-ABAR-WH-,T,WH,NP,NP,OBJ,OBJ,WHNP-1-<INANIM>,WHNP,MQ,MQ_OBJ,
10823,0,what is Humm?,1.0,-NONE-ABAR-WH-,T,WH,NP,NP,OBJ,OBJ,WHNP-1-<INANIM>,WHNP,MQ,MQ_OBJ,
10825,0,what's Humm doing here?,1.0,-NONE-ABAR-WH-,T,WH,NP,NP,OBJ,OBJ,WHNP-1-<INANIM>-<THEME-V1>,WHNP,MQ,MQ_OBJ,
10827,0,what's he doing here?,1.0,-NONE-ABAR-WH-,T,WH,NP,NP,OBJ,OBJ,WHNP-1-<INANIM>-<THEME-V1>,WHNP,MQ,MQ_OBJ,
10829,0,what's he eating?,1.0,-NONE-ABAR-WH-,T,WH,NP,NP,OBJ,OBJ,WHNP-1-<INANIM>-<PATIENT-V1>,WHNP,MQ,MQ_OBJ,
10832,0,what's Humm doing there?,1.0,-NONE-ABAR-WH-,T,WH,NP,NP,OBJ,OBJ,WHNP-1-<INANIM>-<THEME-V1>,WHNP,MQ,MQ_OBJ,
10835,0,and what's Humm doing there?,1.0,-NONE-ABAR-WH-,T,WH,NP,NP,OBJ,OBJ,WHNP-1-<INANIM>-<THEME-V1>,WHNP,EQ,EQ_OBJ,
10838,0,"oh, what's that, Eve?",1.0,-NONE-ABAR-WH-,T,WH,NP,NP,ADJUNCT,ADJUNCT,WHNP-1-<INANIM>,WHNP,MQ,MQ_ADJUNCT,
10839,0,who are all these people?,1.0,-NONE-ABAR-WH-,T,WH,NP,NP,OBJ,OBJ,WHNP-1-<ANIM>,WHNP,MQ,MQ_OBJ,
10841,0,what happened over there?,1.0,-NONE-ABAR-WH-,T,WH,NP,NP,SUBJ,SUBJ,WHNP-1-<INANIM>-<THEME-V1>,WHNP,MQ,MQ_SUBJ,
10843,0,what was in it?,1.0,-NONE-ABAR-WH-,T,WH,NP,NP,SUBJ,SUBJ,WHNP-1-<INANIM>,WHNP,MQ,MQ_SUBJ,
10844,0,"what happened to it, Eve?",1.0,-NONE-ABAR-WH-,T,WH,NP,NP,SUBJ,SUBJ,WHNP-1-<INANIM>-<THEME-V1>,WHNP,MQ,MQ_SUBJ,
10846,0,what's that little boy doing?,1.0,-NONE-ABAR-WH-,T,WH,NP,NP,OBJ,OBJ,WHNP-1-<INANIM>-<THEME-V1>,WHNP,MQ,MQ_OBJ,
10848,0,"and what's that little girl doing, Eve?",1.0,-NONE-ABAR-WH-,T,WH,NP,NP,OBJ,OBJ,WHNP-1-<INANIM>-<THEME-V1>,WHNP,EQ,EQ_OBJ,
10850,0,what are the children doing here?,1.0,-NONE-ABAR-WH-,T,WH,NP,NP,OBJ,OBJ,WHNP-1-<INANIM>-<THEME-V1>,WHNP,MQ,MQ_OBJ,
10852,0,what happened to Humm?,1.0,-NONE-ABAR-WH-,T,WH,NP,NP,SUBJ,SUBJ,WHNP-1-<INANIM>-<THEME-V1>,WHNP,MQ,MQ_SUBJ,
10854,0,why did he go to school?,1.0,-NONE-ABAR-WH-,T,WH,ADVP,ADVP,ADJUNCT,ADJUNCT,WHADVP-1,WHADVP,MQ,MQ_ADJUNCT,
10858,0,what do you think he's doing?,1.0,-NONE-ABAR-WH-,T,WH,NP,NP,OBJ,OBJ,WHNP-1-<INANIM>-<THEME-V2>,WHNP,EQ,EQ_OBJ,think
10860,0,who are these people?,1.0,-NONE-ABAR-WH-,T,WH,NP,NP,OBJ,OBJ,WHNP-1-<ANIM>,WHNP,MQ,MQ_OBJ,
10861,0,"why are they sad, Eve?",1.0,-NONE-ABAR-WH-,T,WH,ADVP,ADVP,ADJUNCT,ADJUNCT,WHADVP-1,WHADVP,MQ,MQ_ADJUNCT,
10868,0,who are those people?,1.0,-NONE-ABAR-WH-,T,WH,NP,NP,OBJ,OBJ,WHNP-1-<ANIM>,WHNP,MQ,MQ_OBJ,
10872,0,what are the girls and boys doing?,1.0,-NONE-ABAR-WH-,T,WH,NP,NP,OBJ,OBJ,WHNP-1-<INANIM>-<THEME-V1>,WHNP,MQ,MQ_OBJ,
10875,0,what does Humm have there?,1.0,-NONE-ABAR-WH-,T,WH,NP,NP,OBJ,OBJ,WHNP-1-<INANIM>-<THEME-V1>,WHNP,MQ,MQ_OBJ,
10877,0,what's in the Hummburger?,1.0,-NONE-ABAR-WH-,T,WH,NP,NP,SUBJ,SUBJ,WHNP-1-<INANIM>,WHNP,MQ,MQ_SUBJ,
10879,0,what kind of food is in the Hamburger?,1.0,-NONE-ABAR-WH-,T,WH,NP,NP,SUBJ,SUBJ,WHNP-1-<INANIM>,WHNP,MQ,MQ_SUBJ,
10881,0,what's this?,1.0,-NONE-ABAR-WH-,T,WH,NP,NP,OBJ,OBJ,WHNP-1-<INANIM>,WHNP,MQ,MQ_OBJ,
10893,0,and what's that?,1.0,-NONE-ABAR-WH-,T,WH,NP,NP,OBJ,OBJ,WHNP-1-<INANIM>,WHNP,EQ,EQ_OBJ,
10894,0,what do you do in a boat?,1.0,-NONE-ABAR-WH-,T,WH,NP,NP,OBJ,OBJ,WHNP-1-<INANIM>-<THEME-V1>,WHNP,MQ,MQ_OBJ,
10896,0,what do you do then?,1.0,-NONE-ABAR-WH-,T,WH,NP,NP,OBJ,OBJ,WHNP-1-<INANIM>-<THEME-V1>,WHNP,MQ,MQ_OBJ,
10899,0,what do you do with it?,1.0,-NONE-ABAR-WH-,T,WH,NP,NP,OBJ,OBJ,WHNP-1-<INANIM>-<THEME-V1>,WHNP,MQ,MQ_OBJ,
10905,0,where did it go?,1.0,-NONE-ABAR-WH-,T,WH,ADVP,ADVP,ADJUNCT,ADJUNCT,WHADVP-1,WHADVP,MQ,MQ_ADJUNCT,
10911,0,"who could that be making all that noise, Colin?",1.0,-NONE-ABAR-WH-,T,WH,NP,NP,SUBJ,SUBJ,WHNP-1-<ANIM>,WHNP,MQ,MQ_SUBJ,
10912,0,I don't know who's making all that noise?,1.0,-NONE-ABAR-WH-,T,WH,NP,NP,SUBJ,SUBJ,WHNP-1-<ANIM>-<AGENT-V2>,WHNP,EQ,EQ_SUBJ,know
10913,0,who was making all that noise?,1.0,-NONE-ABAR-WH-,T,WH,NP,NP,SUBJ,SUBJ,WHNP-1-<ANIM>-<AGENT-V1>,WHNP,MQ,MQ_SUBJ,
10915,0,"Sarah, who's making that noise.",1.0,-NONE-ABAR-WH-,T,WH,NP,NP,SUBJ,SUBJ,WHNP-1-<ANIM>-<AGENT-V1>,WHNP,MQ,MQ_SUBJ,
10917,0,what're you doing.,1.0,-NONE-ABAR-WH-,T,WH,NP,NP,OBJ,OBJ,WHNP-1-<INANIM>-<THEME-V1>,WHNP,MQ,MQ_OBJ,
10919,0,who's the little girl?,1.0,-NONE-ABAR-WH-,T,WH,NP,NP,SUBJ,SUBJ,WHNP-1-<ANIM>,WHNP,MQ,MQ_SUBJ,
10920,0,who's that little girl?,1.0,-NONE-ABAR-WH-,T,WH,NP,NP,SUBJ,SUBJ,WHNP-1-<ANIM>,WHNP,MQ,MQ_SUBJ,
10921,0,who's that little baby?,1.0,-NONE-ABAR-WH-,T,WH,NP,NP,SUBJ,SUBJ,WHNP-1-<ANIM>,WHNP,MQ,MQ_SUBJ,
10924,0,what does your baby sister do?,1.0,-NONE-ABAR-WH-,T,WH,NP,NP,OBJ,OBJ,WHNP-1-<INANIM>-<THEME-V1>,WHNP,MQ,MQ_OBJ,
10926,0,what else does she do?,1.0,-NONE-ABAR-WH-,T,WH,NP,NP,OBJ,OBJ,WHNP-1-<INANIM>-<THEME-V1>,WHNP,MQ,MQ_OBJ,
10929,0,what else does she do?,1.0,-NONE-ABAR-WH-,T,WH,NP,NP,OBJ,OBJ,WHNP-1-<INANIM>-<THEME-V1>,WHNP,MQ,MQ_OBJ,
10932,0,what's Sarah doing now?,1.0,-NONE-ABAR-WH-,T,WH,NP,NP,OBJ,OBJ,WHNP-1-<INANIM>-<THEME-V1>,WHNP,MQ,MQ_OBJ,
10934,0,what's your Mommy doing?,1.0,-NONE-ABAR-WH-,T,WH,NP,NP,OBJ,OBJ,WHNP-1-<INANIM>-<THEME-V1>,WHNP,MQ,MQ_OBJ,
10937,0,what're you doing?,1.0,-NONE-ABAR-WH-,T,WH,NP,NP,OBJ,OBJ,WHNP-1-<INANIM>-<THEME-V1>,WHNP,MQ,MQ_OBJ,
10939,0,what's that?,1.0,-NONE-ABAR-WH-,T,WH,NP,NP,OBJ,OBJ,WHNP-1-<INANIM>,WHNP,MQ,MQ_OBJ,
10941,0,what's that?,1.0,-NONE-ABAR-WH-,T,WH,NP,NP,OBJ,OBJ,WHNP-1-<INANIM>,WHNP,MQ,MQ_OBJ,
10945,0,what is it?,1.0,-NONE-ABAR-WH-,T,WH,NP,NP,OBJ,OBJ,WHNP-1-<INANIM>,WHNP,MQ,MQ_OBJ,
10946,0,what is it?,1.0,-NONE-ABAR-WH-,T,WH,NP,NP,OBJ,OBJ,WHNP-1-<INANIM>,WHNP,MQ,MQ_OBJ,
10947,0,"what is that, something *NULL* the man has?",1.0,-NONE-ABAR-WH-,T,WH,NP,NP,OBJ,OBJ,WHNP-1-<INANIM>,WHNP,MQ,MQ_OBJ,
10947,1,"what is that, something *NULL* the man has?",1.0,-NONE-ABAR-RC-,T,RC,NP,NP,OBJ,OBJ,WHNP-1-<INANIM>,WHNP,RC,RC_OBJ,
10950,0,"well, I know you said it wasn't but what is it?",1.0,-NONE-ABAR-WH-,T,WH,NP,NP,OBJ,OBJ,WHNP-1-<INANIM>,WHNP,MQ,MQ_OBJ,
10959,0,"what's it doing, Eve?",1.0,-NONE-ABAR-WH-,T,WH,NP,NP,OBJ,OBJ,WHNP-1-<INANIM>-<THEME-V1>,WHNP,MQ,MQ_OBJ,
10961,0,where did you go?,1.0,-NONE-ABAR-WH-,T,WH,ADVP,ADVP,ADJUNCT,ADJUNCT,WHADVP-1,WHADVP,MQ,MQ_ADJUNCT,
10962,0,"what are you doing, Eve?",1.0,-NONE-ABAR-WH-,T,WH,NP,NP,OBJ,OBJ,WHNP-1-<INANIM>-<THEME-V1>,WHNP,MQ,MQ_OBJ,
10963,0,what happened to you?,1.0,-NONE-ABAR-WH-,T,WH,NP,NP,SUBJ,SUBJ,WHNP-1-<INANIM>-<THEME-V1>,WHNP,MQ,MQ_SUBJ,
10964,0,what happened to you again?,1.0,-NONE-ABAR-WH-,T,WH,NP,NP,SUBJ,SUBJ,WHNP-1-<INANIM>-<THEME-V1>,WHNP,MQ,MQ_SUBJ,
10965,0,and what happened to you?,1.0,-NONE-ABAR-WH-,T,WH,NP,NP,SUBJ,SUBJ,WHNP-1-<INANIM>-<THEME-V1>,WHNP,EQ,EQ_SUBJ,
10966,0,"show me what to do with this, Eve.",1.0,-NONE-ABAR-WH-,T,WH,NP,NP,OBJ,OBJ,WHNP-1-<INANIM>-<THEME-V2>,WHNP,EQ,EQ_OBJ,show
10967,0,I don't know what to do with that.,1.0,-NONE-ABAR-WH-,T,WH,NP,NP,OBJ,OBJ,WHNP-1-<INANIM>-<THEME-V2>,WHNP,EQ,EQ_OBJ,know
10968,0,what does it do?,1.0,-NONE-ABAR-WH-,T,WH,NP,NP,OBJ,OBJ,WHNP-1-<INANIM>-<THEME-V1>,WHNP,MQ,MQ_OBJ,
10972,0,how did you get down the stairs so fast?,1.0,-NONE-ABAR-WH-,T,WH,ADVP,ADVP,ADJUNCT,ADJUNCT,WHADVP-1,WHADVP,MQ,MQ_ADJUNCT,
10973,0,where's the airplane?,1.0,-NONE-ABAR-WH-,T,WH,ADVP,ADVP,ADJUNCT,ADJUNCT,WHADVP-1,WHADVP,MQ,MQ_ADJUNCT,
10975,0,"what did it do, Eve?",1.0,-NONE-ABAR-WH-,T,WH,NP,NP,OBJ,OBJ,WHNP-1-<INANIM>-<THEME-V1>,WHNP,MQ,MQ_OBJ,
10979,0,where did it go?,1.0,-NONE-ABAR-WH-,T,WH,ADVP,ADVP,ADJUNCT,ADJUNCT,WHADVP-1,WHADVP,MQ,MQ_ADJUNCT,
10980,0,and who did it hit?,1.0,-NONE-ABAR-WH-,T,WH,NP,NP,OBJ,OBJ,WHNP-1-<ANIM>-<PATIENT-V1>,WHNP,EQ,EQ_OBJ,
10984,0,where's it going?,1.0,-NONE-ABAR-WH-,T,WH,ADVP,ADVP,ADJUNCT,ADJUNCT,WHADVP-1,WHADVP,MQ,MQ_ADJUNCT,
10987,0,what's Colin doing?,1.0,-NONE-ABAR-WH-,T,WH,NP,NP,OBJ,OBJ,WHNP-1-<INANIM>-<THEME-V1>,WHNP,MQ,MQ_OBJ,
10988,0,what's Fraser doing?,1.0,-NONE-ABAR-WH-,T,WH,NP,NP,OBJ,OBJ,WHNP-1-<INANIM>-<THEME-V1>,WHNP,MQ,MQ_OBJ,
10998,0,what are you going to write?,1.0,-NONE-ABAR-WH-,T,WH,NP,NP,OBJ,OBJ,WHNP-1-<INANIM>-<PATIENT-V1>,WHNP,MQ,MQ_OBJ,
10999,0,"oh gee, what's your father doing?",1.0,-NONE-ABAR-WH-,T,WH,NP,NP,OBJ,OBJ,WHNP-1-<INANIM>-<THEME-V1>,WHNP,MQ,MQ_OBJ,
11004,0,what do you want me to do?,1.0,-NONE-ABAR-WH-,T,WH,NP,NP,OBJ,OBJ,WHNP-1-<INANIM>-<THEME-V2>,WHNP,MQ,MQ_OBJ,
11012,0,how many fingers do you have?,1.0,-NONE-ABAR-WH-,T,WH,NP,NP,OBJ,OBJ,WHNP-1-<INANIM>-<THEME-V1>,WHNP,MQ,MQ_OBJ,
11015,0,"what're you doing, Eve?",1.0,-NONE-ABAR-WH-,T,WH,NP,NP,OBJ,OBJ,WHNP-1-<INANIM>-<THEME-V1>,WHNP,MQ,MQ_OBJ,
11016,0,what's in your mouth?,1.0,-NONE-ABAR-WH-,T,WH,NP,NP,SUBJ,SUBJ,WHNP-1-<INANIM>,WHNP,MQ,MQ_SUBJ,
11017,0,what is that in your mouth?,1.0,-NONE-ABAR-WH-,T,WH,NP,NP,SUBJ,SUBJ,WHNP-1-<INANIM>,WHNP,MQ,MQ_SUBJ,
11019,0,what's that?,1.0,-NONE-ABAR-WH-,T,WH,NP,NP,SUBJ,SUBJ,WHNP-1-<INANIM>,WHNP,MQ,MQ_SUBJ,
11020,0,is that what it is?,1.0,-NONE-ABAR-WH-,T,WH,NP,NP,OBJ,OBJ,WHNP-1-<INANIM>,WHNP,EQ,EQ_OBJ,
11021,0,how'd it get so black?,1.0,-NONE-ABAR-WH-,T,WH,ADVP,ADVP,ADJUNCT,ADJUNCT,WHADVP-1,WHADVP,MQ,MQ_ADJUNCT,
11025,0,you must to ask her please if you could see her tongue.,,,,POLAR,,,,POLAR,,,EQ,EQ_POLAR,ask
11028,0,that's what I 'm using *NULL* to knit with.,1.0,-NONE-ABAR-WH-,T,WH,NP,NP,OBJ,OBJ,WHNP-1-<INANIM>-<PATIENT-V1>,WHNP,EQ,EQ_OBJ,using
11028,1,that's what I 'm using *NULL* to knit with.,2.0,-NONE-ABAR-RC-,T,RC,NP,NP,OBJ,OBJ,WHNP-2-<INANIM>-<INSTR-V2>,WHNP,EQ,EQ_OBJ,using
11032,0,are you going to ask Gloria what her tongue is like?,1.0,-NONE-ABAR-WH-,T,WH,NP,NP,OBJ,OBJ,WHNP-1-<INANIM>,WHNP,EQ,EQ_OBJ,ask
11033,0,if you'd ask her please I'd bet she'd do it.,,,,POLAR,,,,POLAR,,,EQ,EQ_POLAR,
11044,0,why don't you show me the book and you ask me questions?,1.0,-NONE-ABAR-WH-,T,WH,ADVP,ADVP,ADJUNCT,ADJUNCT,WHADVP-1,WHADVP,MQ,MQ_ADJUNCT,
11115,0,you might like it when you get a little bit bigger.,1.0,-NONE-ABAR-WH-,T,WH,ADVP,ADVP,ADJUNCT,ADJUNCT,WHADVP-1,WHADVP,EQ,EQ_ADJUNCT,like
11116,0,"yeah, when Sarah gets a little bigger too.",1.0,-NONE-ABAR-WH-,T,WH,ADVP,ADVP,ADJUNCT,ADJUNCT,WHADVP-1,WHADVP,EQ,EQ_ADJUNCT,
11117,0,"well, I 'm going To see if she'd like have a piece of toast.",,,,POLAR,,,,POLAR,,,EQ,EQ_POLAR,see
11118,0,I don't know whether she likes them or not but we'll try.,,,,POLAR,,,,POLAR,,,EQ,EQ_POLAR,know
11119,0,what is Sarah having?,1.0,-NONE-ABAR-WH-,T,WH,NP,NP,OBJ,OBJ,WHNP-1-<INANIM>-<PATIENT-V1>,WHNP,MQ,MQ_OBJ,
11123,0,what am I doing?,1.0,-NONE-ABAR-WH-,T,WH,NP,NP,OBJ,OBJ,WHNP-1-<INANIM>-<THEME-V1>,WHNP,MQ,MQ_OBJ,
11124,0,what's exactly what I 'm doing.,2.0,-NONE-ABAR-WH-,T,WH,NP,NP,OBJ,OBJ,WHNP-2-<INANIM>-<THEME-V1>,WHNP,EQ,EQ_OBJ,doing
11134,0,what did I do?,1.0,-NONE-ABAR-WH-,T,WH,NP,NP,OBJ,OBJ,WHNP-1-<INANIM>-<THEME-V1>,WHNP,MQ,MQ_OBJ,
11149,0,that's what she's having.,1.0,-NONE-ABAR-WH-,T,WH,NP,NP,OBJ,OBJ,WHNP-1-<INANIM>-<PATIENT-V1>,WHNP,EQ,EQ_OBJ,having
11162,0,ask her if she's coming back again.,,,,POLAR,,,,POLAR,,,EQ,EQ_POLAR,ask
11165,0,when will she be back?,1.0,-NONE-ABAR-WH-,T,WH,ADVP,ADVP,ADJUNCT,ADJUNCT,WHADVP-1,WHADVP,MQ,MQ_ADJUNCT,
11167,0,what's she going To do?,1.0,-NONE-ABAR-WH-,T,WH,NP,NP,OBJ,OBJ,WHNP-1-<INANIM>-<THEME-V1>,WHNP,MQ,MQ_OBJ,
11169,0,what did you tell Fraser?,1.0,-NONE-ABAR-WH-,T,WH,NP,NP,OBJ,OBJ,WHNP-1-<INANIM>-<THEME-V1>,WHNP,MQ,MQ_OBJ,
11170,0,why don't you tell your mother?,1.0,-NONE-ABAR-WH-,T,WH,ADVP,ADVP,ADJUNCT,ADJUNCT,WHADVP-1,WHADVP,MQ,MQ_ADJUNCT,
11171,0,"no, she's not going To come back when she wakes up from her nap.",1.0,-NONE-ABAR-WH-,T,WH,ADVP,ADVP,ADJUNCT,ADJUNCT,WHADVP-1,WHADVP,EQ,EQ_ADJUNCT,come
11174,0,when Fraser comes another time then she'll come.,2.0,-NONE-ABAR-WH-,T,WH,ADVP,ADVP,ADJUNCT,ADJUNCT,WHADVP-2,WHADVP,EQ,EQ_ADJUNCT,
11196,0,you may see it when I give it to her.,1.0,-NONE-ABAR-WH-,T,WH,ADVP,ADVP,ADJUNCT,ADJUNCT,WHADVP-1,WHADVP,EQ,EQ_ADJUNCT,see
11197,0,you forgot to tell Fraser where we went.,1.0,-NONE-ABAR-WH-,T,WH,ADVP,ADVP,ADJUNCT,ADJUNCT,WHADVP-1,WHADVP,EQ,EQ_ADJUNCT,tell
11198,0,remember when we were sleeping?,1.0,-NONE-ABAR-WH-,T,WH,ADVP,ADVP,ADJUNCT,ADJUNCT,WHADVP-1,WHADVP,EQ,EQ_ADJUNCT,remember
11201,0,tell him what we did.,1.0,-NONE-ABAR-WH-,T,WH,NP,NP,OBJ,OBJ,WHNP-1-<INANIM>-<THEME-V2>,WHNP,EQ,EQ_OBJ,tell
11202,0,tell him where we went and what we did.,1.0,-NONE-ABAR-WH-,T,WH,ADVP,ADVP,ADJUNCT,ADJUNCT,WHADVP-1,WHADVP,EQ,EQ_ADJUNCT,tell
11202,1,tell him where we went and what we did.,2.0,-NONE-ABAR-WH-,T,WH,NP,NP,OBJ,OBJ,WHNP-2-<INANIM>-<THEME-V3>,WHNP,EQ,EQ_OBJ,went
11205,0,tell him what we did.,1.0,-NONE-ABAR-WH-,T,WH,NP,NP,OBJ,OBJ,WHNP-1-<INANIM>-<THEME-V2>,WHNP,EQ,EQ_OBJ,tell
11209,0,and what did we do?,1.0,-NONE-ABAR-WH-,T,WH,NP,NP,OBJ,OBJ,WHNP-1-<INANIM>-<THEME-V1>,WHNP,EQ,EQ_OBJ,
11215,0,Fraser'd like to know what you did when you went to the beach.,1.0,-NONE-ABAR-WH-,T,WH,NP,NP,OBJ,OBJ,WHNP-1-<INANIM>-<THEME-V3>,WHNP,EQ,EQ_OBJ,know
11215,1,Fraser'd like to know what you did when you went to the beach.,2.0,-NONE-ABAR-WH-,T,WH,ADVP,ADVP,ADJUNCT,ADJUNCT,WHADVP-2,WHADVP,EQ,EQ_ADJUNCT,did
11216,0,"what was it, what did you do?",1.0,-NONE-ABAR-WH-,T,WH,NP,NP,OBJ,OBJ,WHNP-1-<INANIM>,WHNP,MQ,MQ_OBJ,
11216,1,"what was it, what did you do?",1.0,-NONE-ABAR-WH-,T,WH,NP,NP,OBJ,OBJ,WHNP-1-<INANIM>,WHNP,MQ,MQ_OBJ,
11218,0,so what did you do then?,1.0,-NONE-ABAR-WH-,T,WH,NP,NP,OBJ,OBJ,WHNP-1-<INANIM>-<THEME-V1>,WHNP,MQ,MQ_OBJ,
11219,0,what did we see?,1.0,-NONE-ABAR-WH-,T,WH,NP,NP,OBJ,OBJ,WHNP-1-<INANIM>-<SUBJMATT-V1>,WHNP,MQ,MQ_OBJ,
11221,0,but who was there?,1.0,-NONE-ABAR-WH-,T,WH,NP,NP,SUBJ,SUBJ,WHNP-1-<ANIM>,WHNP,EQ,EQ_SUBJ,
11222,0,who was there?,1.0,-NONE-ABAR-WH-,T,WH,NP,NP,SUBJ,SUBJ,WHNP-1-<ANIM>,WHNP,MQ,MQ_SUBJ,
11228,0,what are you doing?,1.0,-NONE-ABAR-WH-,T,WH,NP,NP,OBJ,OBJ,WHNP-1-<INANIM>-<THEME-V1>,WHNP,MQ,MQ_OBJ,
11229,0,and do you know what I did?,1.0,-NONE-ABAR-WH-,T,WH,NP,NP,OBJ,OBJ,WHNP-1-<INANIM>-<THEME-V2>,WHNP,EQ,EQ_OBJ,know
11232,0,that's what I did.,1.0,-NONE-ABAR-WH-,T,WH,NP,NP,OBJ,OBJ,WHNP-1-<INANIM>-<THEME-V1>,WHNP,EQ,EQ_OBJ,did
11234,0,"oh, what did I do there?",1.0,-NONE-ABAR-WH-,T,WH,NP,NP,OBJ,OBJ,WHNP-1-<INANIM>-<THEME-V1>,WHNP,MQ,MQ_OBJ,
11238,0,and when everybody was inside the airplane they closed the door,1.0,-NONE-ABAR-WH-,T,WH,ADVP,ADVP,ADJUNCT,ADJUNCT,WHADVP-1,WHADVP,EQ,EQ_ADJUNCT,
11263,0,I know that's what I am.,1.0,-NONE-ABAR-WH-,T,WH,NP,NP,OBJ,OBJ,WHNP-1-<INANIM>,WHNP,EQ,EQ_OBJ,
11265,0,what's that one?,1.0,-NONE-ABAR-WH-,T,WH,NP,NP,OBJ,OBJ,WHNP-1-<INANIM>,WHNP,MQ,MQ_OBJ,
11266,0,what color of blouse is that?,1.0,-NONE-ABAR-WH-,T,WH,NP,NP,OBJ,OBJ,WHNP-1-<INANIM>,WHNP,MQ,MQ_OBJ,
11267,0,what color of coat is that?,1.0,-NONE-ABAR-WH-,T,WH,NP,NP,OBJ,OBJ,WHNP-1-<INANIM>,WHNP,MQ,MQ_OBJ,
11277,0,why don't you say another one?,1.0,-NONE-ABAR-WH-,T,WH,ADVP,ADVP,ADJUNCT,ADJUNCT,WHADVP-1,WHADVP,MQ,MQ_ADJUNCT,
11291,0,"yep, that's who I am.",1.0,-NONE-ABAR-WH-,T,WH,NP,NP,OBJ,OBJ,WHNP-1-<ANIM>,WHNP,EQ,EQ_OBJ,
11301,0,what did we forget?,1.0,-NONE-ABAR-WH-,T,WH,NP,NP,OBJ,OBJ,WHNP-1-<INANIM>-<PATIENT-V1>,WHNP,MQ,MQ_OBJ,
11323,0,that's just a little statue *NULL* we have in the window.,1.0,-NONE-ABAR-RC-,T,RC,NP,NP,OBJ,OBJ,WHNP-<INANIM>-<THEME-V1>,WHNP,RC,RC_OBJ,
11330,0,what was that?,1.0,-NONE-ABAR-WH-,T,WH,NP,NP,OBJ,OBJ,WHNP-1-<INANIM>,WHNP,MQ,MQ_OBJ,
11341,0,what are you doing to me?,1.0,-NONE-ABAR-WH-,T,WH,NP,NP,OBJ,OBJ,WHNP-1-<INANIM>-<THEME-V1>,WHNP,MQ,MQ_OBJ,
11344,0,why are you doing that?,1.0,-NONE-ABAR-WH-,T,WH,ADVP,ADVP,ADJUNCT,ADJUNCT,WHADVP-1,WHADVP,MQ,MQ_ADJUNCT,
11348,0,how will we get out.,1.0,-NONE-ABAR-WH-,T,WH,ADVP,ADVP,ADJUNCT,ADJUNCT,WHADVP-1,WHADVP,MQ,MQ_ADJUNCT,
11349,0,"well, I know you're in but how will we get out?",1.0,-NONE-ABAR-WH-,T,WH,ADVP,ADVP,ADJUNCT,ADJUNCT,WHADVP-1,WHADVP,MQ,MQ_ADJUNCT,
11355,0,"oh, I see what you're doing now.",1.0,-NONE-ABAR-WH-,T,WH,NP,NP,OBJ,OBJ,WHNP-1-<INANIM>-<THEME-V2>,WHNP,EQ,EQ_OBJ,see
11357,0,"well, I don't know how you'll get in.",1.0,-NONE-ABAR-WH-,T,WH,ADVP,ADVP,ADJUNCT,ADJUNCT,WHADVP-1,WHADVP,EQ,EQ_ADJUNCT,know
11359,0,how will you push it back?,1.0,-NONE-ABAR-WH-,T,WH,ADVP,ADVP,ADJUNCT,ADJUNCT,WHADVP-1,WHADVP,MQ,MQ_ADJUNCT,
11376,0,"yeah, that's who I am.",1.0,-NONE-ABAR-WH-,T,WH,NP,NP,OBJ,OBJ,WHNP-1-<ANIM>,WHNP,EQ,EQ_OBJ,
11386,0,it doesn't work if you write on the peg and then try to write with,,,,POLAR,,,,POLAR,,,EQ,EQ_POLAR,work
11390,0,what do you have?,1.0,-NONE-ABAR-WH-,T,WH,NP,NP,OBJ,OBJ,WHNP-1-<INANIM>-<THEME-V1>,WHNP,MQ,MQ_OBJ,
11398,0,what are you doing?,1.0,-NONE-ABAR-WH-,T,WH,NP,NP,OBJ,OBJ,WHNP-1-<INANIM>-<THEME-V1>,WHNP,MQ,MQ_OBJ,
11405,0,what's what?,1.0,-NONE-ABAR-WH-,T,WH,NP,NP,SUBJ,SUBJ,WHNP-1-<INANIM>,WHNP,MQ,MQ_SUBJ,
11423,0,what hurts?,1.0,-NONE-ABAR-WH-,T,WH,NP,NP,SUBJ,SUBJ,WHNP-1-<INANIM>-<THEME-V1>,WHNP,MQ,MQ_SUBJ,
11431,0,what's wrong with it?,1.0,-NONE-ABAR-WH-,T,WH,NP,NP,SUBJ,SUBJ,WHNP-1-<INANIM>,WHNP,MQ,MQ_SUBJ,
11450,0,how'll that be?,1.0,-NONE-ABAR-WH-,T,WH,ADVP,ADVP,ADJUNCT,ADJUNCT,WHADVP-1,WHADVP,MQ,MQ_ADJUNCT,
11454,0,who can read them to you?,1.0,-NONE-ABAR-WH-,T,WH,NP,NP,SUBJ,SUBJ,WHNP-1-<ANIM>-<AGENT-V1>,WHNP,MQ,MQ_SUBJ,
11459,0,did you show Fraser the pretty pictures *NULL* you were drawing for me,1.0,-NONE-ABAR-RC-,T,RC,NP,NP,OBJ,OBJ,WHNP-1-<INANIM>-<PATIENT-V2>,WHNP,RC,RC_OBJ,
11462,0,"well, you show him what you drew.",1.0,-NONE-ABAR-WH-,T,WH,NP,NP,OBJ,OBJ,WHNP-1-<INANIM>-<PATIENT-V2>,WHNP,EQ,EQ_OBJ,show
11463,0,you show him the pictures *NULL* you drew this morning.,1.0,-NONE-ABAR-RC-,T,RC,NP,NP,OBJ,OBJ,WHNP-1-<INANIM>-<PATIENT-V2>,WHNP,RC,RC_OBJ,
11469,0,what would you like me to do?,1.0,-NONE-ABAR-WH-,T,WH,NP,NP,OBJ,OBJ,WHNP-1-<INANIM>-<THEME-V2>,WHNP,MQ,MQ_OBJ,
11487,0,why cann't you make one?,1.0,-NONE-ABAR-WH-,T,WH,ADVP,ADVP,ADJUNCT,ADJUNCT,WHADVP-1,WHADVP,MQ,MQ_ADJUNCT,
11493,0,what'll we write on next?,1.0,-NONE-ABAR-WH-,T,WH,NP,NP,OBJ,OBJ,WHNP-1-<INANIM>-<LOC-V1>,WHNP,MQ,MQ_OBJ,
11497,0,what is it?,1.0,-NONE-ABAR-WH-,T,WH,NP,NP,OBJ,OBJ,WHNP-1-<INANIM>,WHNP,MQ,MQ_OBJ,
11498,0,what 'm I drawing?,1.0,-NONE-ABAR-WH-,T,WH,NP,NP,OBJ,OBJ,WHNP-1-<INANIM>-<PATIENT-V1>,WHNP,MQ,MQ_OBJ,
11510,0,why did you throw those down?,1.0,-NONE-ABAR-WH-,T,WH,ADVP,ADVP,ADJUNCT,ADJUNCT,WHADVP-1,WHADVP,MQ,MQ_ADJUNCT,
11519,0,if you bounce too hard you might fall right off on your head.,,,,POLAR,,,,POLAR,,,EQ,EQ_POLAR,
11521,0,"what are we going To get, Eve?",1.0,-NONE-ABAR-WH-,T,WH,NP,NP,OBJ,OBJ,WHNP-1-<INANIM>-<PATIENT-V1>,WHNP,MQ,MQ_OBJ,
11522,0,what are you going To do with the paint?,1.0,-NONE-ABAR-WH-,T,WH,NP,NP,OBJ,OBJ,WHNP-1-<INANIM>-<THEME-V1>,WHNP,MQ,MQ_OBJ,
11525,0,why don't you take your socks off while you're at it?,1.0,-NONE-ABAR-WH-,T,WH,ADVP,ADVP,ADJUNCT,ADJUNCT,WHADVP-1,WHADVP,MQ,MQ_ADJUNCT,
11550,0,where did you go?,1.0,-NONE-ABAR-WH-,T,WH,ADVP,ADVP,ADJUNCT,ADJUNCT,WHADVP-1,WHADVP,MQ,MQ_ADJUNCT,
11552,0,what did you do?,1.0,-NONE-ABAR-WH-,T,WH,NP,NP,OBJ,OBJ,WHNP-1-<INANIM>-<THEME-V1>,WHNP,MQ,MQ_OBJ,
11558,0,and what did you do when you were on the subway?,1.0,-NONE-ABAR-WH-,T,WH,NP,NP,OBJ,OBJ,WHNP-1-<INANIM>-<THEME-V1>,WHNP,EQ,EQ_OBJ,
11558,1,and what did you do when you were on the subway?,2.0,-NONE-ABAR-WH-,T,WH,ADVP,ADVP,ADJUNCT,ADJUNCT,WHADVP-2,WHADVP,EQ,EQ_ADJUNCT,do
11561,0,are you telling Fraser what you and Papa did yesterday?,1.0,-NONE-ABAR-WH-,T,WH,NP,NP,OBJ,OBJ,WHNP-1-<INANIM>-<THEME-V2>,WHNP,EQ,EQ_OBJ,telling
11562,0,when you went to get the car?,1.0,-NONE-ABAR-WH-,T,WH,ADVP,ADVP,ADJUNCT,ADJUNCT,WHADVP-1,WHADVP,EQ,EQ_ADJUNCT,
11572,0,then what'll we have?,1.0,-NONE-ABAR-WH-,T,WH,NP,NP,OBJ,OBJ,WHNP-1-<INANIM>-<THEME-V1>,WHNP,MQ,MQ_OBJ,
11582,0,"yeah, that's what it is.",1.0,-NONE-ABAR-WH-,T,WH,NP,NP,OBJ,OBJ,WHNP-1-<INANIM>,WHNP,EQ,EQ_OBJ,
11588,0,what's that in your mouth?,1.0,-NONE-ABAR-WH-,T,WH,NP,NP,ADJUNCT,ADJUNCT,WHNP-1-<INANIM>,WHNP,MQ,MQ_ADJUNCT,
11615,0,you may have the rest of the tapioca if you wish.,,,,POLAR,,,,POLAR,,,EQ,EQ_POLAR,have
11642,0,what's this picture about?,1.0,-NONE-ABAR-WH-,T,WH,NP,NP,OBJ,OBJ,WHNP-1-<INANIM>,WHNP,MQ,MQ_OBJ,
11643,0,who's going home?,1.0,-NONE-ABAR-WH-,T,WH,NP,NP,SUBJ,SUBJ,WHNP-1-<ANIM>-<THEME-V1>,WHNP,MQ,MQ_SUBJ,
11647,0,what are you going to do with your tapioca?,1.0,-NONE-ABAR-WH-,T,WH,NP,NP,OBJ,OBJ,WHNP-1-<INANIM>-<THEME-V1>,WHNP,MQ,MQ_OBJ,
11650,0,when visitors came it so vexed her.,2.0,-NONE-ABAR-WH-,T,WH,ADVP,ADVP,ADJUNCT,ADJUNCT,WHADVP-2,WHADVP,EQ,EQ_ADJUNCT,
11664,0,who wants to have lunch?,1.0,-NONE-ABAR-WH-,T,WH,NP,NP,SUBJ,SUBJ,WHNP-1-<ANIM>-<EXPER-V1>,WHNP,MQ,MQ_SUBJ,
11666,0,what does Eve want for lunch?,1.0,-NONE-ABAR-WH-,T,WH,NP,NP,OBJ,OBJ,WHNP-1-<INANIM>-<SUBJMATT-V1>,WHNP,MQ,MQ_OBJ,
11674,0,did you tell Fraser what you did for me this morning?,1.0,-NONE-ABAR-WH-,T,WH,NP,NP,OBJ,OBJ,WHNP-1-<INANIM>-<THEME-V2>,WHNP,EQ,EQ_OBJ,tell
11703,0,that's what it is.,1.0,-NONE-ABAR-WH-,T,WH,NP,NP,OBJ,OBJ,WHNP-1-<INANIM>,WHNP,EQ,EQ_OBJ,
11723,0,what's she doing in the tree?,1.0,-NONE-ABAR-WH-,T,WH,NP,NP,OBJ,OBJ,WHNP-1-<INANIM>-<THEME-V1>,WHNP,MQ,MQ_OBJ,
11725,0,I know what you're saying.,1.0,-NONE-ABAR-WH-,T,WH,NP,NP,OBJ,OBJ,WHNP-1-<INANIM>-<THEME-V2>,WHNP,EQ,EQ_OBJ,know
11728,0,why do I have to say it.,1.0,-NONE-ABAR-WH-,T,WH,ADVP,ADVP,ADJUNCT,ADJUNCT,WHADVP-1,WHADVP,MQ,MQ_ADJUNCT,
11732,0,who does?,1.0,-NONE-ABAR-WH-,T,WH,NP,NP,SUBJ,SUBJ,WHNP-1-<ANIM>,WHNP,MQ,MQ_SUBJ,
11783,0,this is what was in the refrigerator.,1.0,-NONE-ABAR-WH-,T,WH,NP,NP,SUBJ,SUBJ,WHNP-1-<INANIM>,WHNP,EQ,EQ_SUBJ,
11799,0,what are you going To do with it then?,1.0,-NONE-ABAR-WH-,T,WH,NP,NP,OBJ,OBJ,WHNP-1-<INANIM>-<THEME-V1>,WHNP,MQ,MQ_OBJ,
11844,0,what are you pointing to?,1.0,-NONE-ABAR-WH-,T,WH,NP,NP,OBJ,OBJ,WHNP-1-<INANIM>-<LOC-V1>,WHNP,MQ,MQ_OBJ,
11846,0,"what do you want, darling?",1.0,-NONE-ABAR-WH-,T,WH,NP,NP,OBJ,OBJ,WHNP-1-<INANIM>-<SUBJMATT-V1>,WHNP,MQ,MQ_OBJ,
11848,0,what do you want?,1.0,-NONE-ABAR-WH-,T,WH,NP,NP,OBJ,OBJ,WHNP-1-<INANIM>-<SUBJMATT-V1>,WHNP,MQ,MQ_OBJ,
11851,0,what do you want?,1.0,-NONE-ABAR-WH-,T,WH,NP,NP,OBJ,OBJ,WHNP-1-<INANIM>-<SUBJMATT-V1>,WHNP,MQ,MQ_OBJ,
11880,0,would you ask Colin if he'd like to have some coffee?,,,,POLAR,,,,POLAR,,,EQ,EQ_POLAR,ask
11881,0,why don't you get in there and ask him?,1.0,-NONE-ABAR-WH-,T,WH,ADVP,ADVP,ADJUNCT,ADJUNCT,WHADVP-1,WHADVP,MQ,MQ_ADJUNCT,
11891,0,then I'll have to ask him if you willn't.,,,,POLAR,,,,POLAR,,,EQ,EQ_POLAR,ask
11921,0,I remember when we had macaroni.,1.0,-NONE-ABAR-WH-,T,WH,ADVP,ADVP,ADJUNCT,ADJUNCT,WHADVP-1,WHADVP,EQ,EQ_ADJUNCT,remember
11960,0,where is the peanut butter?,1.0,-NONE-ABAR-WH-,T,WH,ADVP,ADVP,ADJUNCT,ADJUNCT,WHADVP-1,WHADVP,MQ,MQ_ADJUNCT,
11977,0,what are they Eve?,1.0,-NONE-ABAR-WH-,T,WH,NP,NP,OBJ,OBJ,WHNP-1-<INANIM>,WHNP,MQ,MQ_OBJ,
11985,0,what did you say?,1.0,-NONE-ABAR-WH-,T,WH,NP,NP,OBJ,OBJ,WHNP-1-<INANIM>-<THEME-V1>,WHNP,MQ,MQ_OBJ,
11997,0,what's that Eve?,1.0,-NONE-ABAR-WH-,T,WH,NP,NP,OBJ,OBJ,WHNP-1-<INANIM>,WHNP,MQ,MQ_OBJ,
12000,0,"what is this, Eve?",1.0,-NONE-ABAR-WH-,T,WH,NP,NP,OBJ,OBJ,WHNP-1-<INANIM>,WHNP,MQ,MQ_OBJ,
12003,0,and what do you put on it?,1.0,-NONE-ABAR-WH-,T,WH,NP,NP,OBJ,OBJ,WHNP-1-<INANIM>-<PATIENT-V1>,WHNP,EQ,EQ_OBJ,
12006,0,that's what you do.,1.0,-NONE-ABAR-WH-,T,WH,NP,NP,OBJ,OBJ,WHNP-1-<INANIM>-<THEME-V1>,WHNP,EQ,EQ_OBJ,do
12010,0,what's that?,1.0,-NONE-ABAR-WH-,T,WH,NP,NP,OBJ,OBJ,WHNP-1-<INANIM>,WHNP,MQ,MQ_OBJ,
12012,0,what's this?,1.0,-NONE-ABAR-WH-,T,WH,NP,NP,OBJ,OBJ,WHNP-1-<INANIM>,WHNP,MQ,MQ_OBJ,
12016,0,and what's that *NULL* you have around your neck?,2.0,-NONE-ABAR-RC-,T,RC,NP,NP,OBJ,OBJ,WHNP-2-<INANIM>-<THEME-V1>,WHNP,RC,RC_OBJ,
12016,1,and what's that *NULL* you have around your neck?,1.0,-NONE-ABAR-WH-,T,WH,NP,NP,ADJUNCT,ADJUNCT,WHNP-1-<INANIM>,WHNP,EQ,EQ_ADJUNCT,
12020,0,what's that?,1.0,-NONE-ABAR-WH-,T,WH,NP,NP,OBJ,OBJ,WHNP-1-<INANIM>,WHNP,MQ,MQ_OBJ,
12022,0,oh that's what it is.,1.0,-NONE-ABAR-WH-,T,WH,NP,NP,OBJ,OBJ,WHNP-1-<INANIM>,WHNP,EQ,EQ_OBJ,
12060,0,oh yesterday when we fixed the beans,1.0,-NONE-ABAR-WH-,T,WH,ADVP,ADVP,ADJUNCT,ADJUNCT,WHADVP-1,WHADVP,EQ,EQ_ADJUNCT,
12064,0,what didn't I do?,1.0,-NONE-ABAR-WH-,T,WH,NP,NP,OBJ,OBJ,WHNP-1-<INANIM>-<THEME-V1>,WHNP,MQ,MQ_OBJ,
12070,0,what is it?,1.0,-NONE-ABAR-WH-,T,WH,NP,NP,OBJ,OBJ,WHNP-1-<INANIM>,WHNP,MQ,MQ_OBJ,
12080,0,did you tell Fraser what you and Papa did this morning?,1.0,-NONE-ABAR-WH-,T,WH,NP,NP,OBJ,OBJ,WHNP-1-<INANIM>-<THEME-V2>,WHNP,EQ,EQ_OBJ,tell
12083,0,what did you do?,1.0,-NONE-ABAR-WH-,T,WH,NP,NP,OBJ,OBJ,WHNP-1-<INANIM>-<THEME-V1>,WHNP,MQ,MQ_OBJ,
12088,0,and what did you see in the subway?,1.0,-NONE-ABAR-WH-,T,WH,NP,NP,OBJ,OBJ,WHNP-1-<INANIM>-<SUBJMATT-V1>,WHNP,EQ,EQ_OBJ,
12091,0,what do the people go into?,1.0,-NONE-ABAR-WH-,T,WH,NP,NP,OBJ,OBJ,WHNP-1-<INANIM>-<GOAL-V1>,WHNP,MQ,MQ_OBJ,
12094,0,in the subway what do the people sit down in?,1.0,-NONE-ABAR-WH-,T,WH,NP,NP,OBJ,OBJ,WHNP-1-<INANIM>-<LOC-V1>,WHNP,MQ,MQ_OBJ,
12097,0,what's it called?,1.0,-NONE-ABAR-WH-,T,WH,NP,NP,OBJ,OBJ,WHNP-1-<INANIM>-<PATIENT-V1>,WHNP,MQ,MQ_OBJ,
12099,0,what's two al?,1.0,-NONE-ABAR-WH-,T,WH,NP,NP,OBJ,OBJ,WHNP-1-<INANIM>,WHNP,MQ,MQ_OBJ,
12102,0,I don't know what that is.,1.0,-NONE-ABAR-WH-,T,WH,NP,NP,OBJ,OBJ,WHNP-1-<INANIM>,WHNP,EQ,EQ_OBJ,know
12103,0,what do we get on when we go down the stairs in the subway when,1.0,-NONE-ABAR-WH-,T,WH,NP,NP,OBJ,OBJ,WHNP-1-<INANIM>-<GOAL-V1>,WHNP,EQ,EQ_OBJ,
12103,1,what do we get on when we go down the stairs in the subway when,2.0,-NONE-ABAR-WH-,T,WH,ADVP,ADVP,ADJUNCT,ADJUNCT,WHADVP-2,WHADVP,EQ,EQ_ADJUNCT,get
12109,0,what goes on the tracks?,1.0,-NONE-ABAR-WH-,T,WH,NP,NP,SUBJ,SUBJ,WHNP-1-<INANIM>-<THEME-V1>,WHNP,MQ,MQ_SUBJ,
12110,0,what goes on the tracks?,1.0,-NONE-ABAR-WH-,T,WH,NP,NP,SUBJ,SUBJ,WHNP-1-<INANIM>-<THEME-V1>,WHNP,MQ,MQ_SUBJ,
12118,0,what am I almost finished?,1.0,-NONE-ABAR-WH-,T,WH,NP,NP,OBJ,OBJ,WHNP-1-<INANIM>-<PATIENT-V1>,WHNP,MQ,MQ_OBJ,
12119,0,what am I drinking?,1.0,-NONE-ABAR-WH-,T,WH,NP,NP,OBJ,OBJ,WHNP-1-<INANIM>-<PATIENT-V1>,WHNP,MQ,MQ_OBJ,
12121,0,that's what you are.,1.0,-NONE-ABAR-WH-,T,WH,NP,NP,OBJ,OBJ,WHNP-1-<INANIM>,WHNP,EQ,EQ_OBJ,
12155,0,that was the bowl *NULL* my soup was in.,1.0,-NONE-ABAR-RC-,T,RC,NP,NP,OBJ,OBJ,WHNP-1-<INANIM>,WHNP,RC,RC_OBJ,
12157,0,what's that?,1.0,-NONE-ABAR-WH-,T,WH,NP,NP,OBJ,OBJ,WHNP-1-<INANIM>,WHNP,MQ,MQ_OBJ,
12158,0,what's that?,1.0,-NONE-ABAR-WH-,T,WH,NP,NP,OBJ,OBJ,WHNP-1-<INANIM>,WHNP,MQ,MQ_OBJ,
12160,0,and what's that there?,1.0,-NONE-ABAR-WH-,T,WH,NP,NP,OBJ,OBJ,WHNP-1-<INANIM>,WHNP,EQ,EQ_OBJ,
12162,0,and what's this here?,1.0,-NONE-ABAR-WH-,T,WH,NP,NP,OBJ,OBJ,WHNP-1-<INANIM>,WHNP,EQ,EQ_OBJ,
12165,0,and what's that there?,1.0,-NONE-ABAR-WH-,T,WH,NP,NP,OBJ,OBJ,WHNP-1-<INANIM>,WHNP,EQ,EQ_OBJ,
12170,0,what is it?,1.0,-NONE-ABAR-WH-,T,WH,NP,NP,OBJ,OBJ,WHNP-1-<INANIM>,WHNP,MQ,MQ_OBJ,
12176,0,you only need one *NULL* to write with dear.,1.0,-NONE-ABAR-RC-,T,RC,NP,NP,OBJ,OBJ,WHNP-1-<INANIM>-<INSTR-V2>,WHNP,RC,RC_OBJ,
12181,0,okay what would you like to do?,1.0,-NONE-ABAR-WH-,T,WH,NP,NP,OBJ,OBJ,WHNP-1-<INANIM>-<THEME-V2>,WHNP,MQ,MQ_OBJ,
12187,0,what would you like me to draw here?,1.0,-NONE-ABAR-WH-,T,WH,NP,NP,OBJ,OBJ,WHNP-1-<INANIM>-<PATIENT-V2>,WHNP,MQ,MQ_OBJ,
12188,0,how if I draw a funny face eh?,,,,POLAR,,,,POLAR,,,EQ,EQ_POLAR,
12190,0,what's that?,1.0,-NONE-ABAR-WH-,T,WH,NP,NP,OBJ,OBJ,WHNP-1-<INANIM>,WHNP,MQ,MQ_OBJ,
12200,0,what did you say?,1.0,-NONE-ABAR-WH-,T,WH,NP,NP,OBJ,OBJ,WHNP-1-<INANIM>-<THEME-V1>,WHNP,MQ,MQ_OBJ,
12202,0,yep that's what it does.,1.0,-NONE-ABAR-WH-,T,WH,NP,NP,OBJ,OBJ,WHNP-1-<INANIM>-<THEME-V1>,WHNP,EQ,EQ_OBJ,does
12206,0,now what am I going To do?,1.0,-NONE-A-RAISE-,T,OTHER,NP,NP,SUBJ,SUBJ,WHNP-1-<INANIM>-<THEME-V1>,WHNP,MQ,MQ_SUBJ,
12206,1,now what am I going To do?,1.0,-NONE-ABAR-WH-,T,WH,NP,NP,OBJ,OBJ,WHNP-1-<INANIM>-<THEME-V1>,WHNP,MQ,MQ_OBJ,
12208,0,what are you going To do?,1.0,-NONE-ABAR-WH-,T,WH,NP,NP,OBJ,OBJ,WHNP-1-<INANIM>-<THEME-V1>,WHNP,MQ,MQ_OBJ,
12211,0,now whose is this?,1.0,-NONE-ABAR-WH-,T,WH,NP,NP,OBJ,OBJ,WHNP-1-<INANIM>,WHNP,MQ,MQ_OBJ,
12215,0,what's that?,1.0,-NONE-ABAR-WH-,T,WH,NP,NP,OBJ,OBJ,WHNP-1-<INANIM>,WHNP,MQ,MQ_OBJ,
12217,0,and what's that?,1.0,-NONE-ABAR-WH-,T,WH,NP,NP,OBJ,OBJ,WHNP-1-<INANIM>,WHNP,EQ,EQ_OBJ,
12220,0,what am I pulling?,1.0,-NONE-ABAR-WH-,T,WH,NP,NP,OBJ,OBJ,WHNP-1-<INANIM>-<PATIENT-V1>,WHNP,MQ,MQ_OBJ,
12221,0,what is that?,1.0,-NONE-ABAR-WH-,T,WH,NP,NP,OBJ,OBJ,WHNP-1-<INANIM>,WHNP,MQ,MQ_OBJ,
12222,0,what are you pulling?,1.0,-NONE-ABAR-WH-,T,WH,NP,NP,OBJ,OBJ,WHNP-1-<INANIM>-<PATIENT-V1>,WHNP,MQ,MQ_OBJ,
12230,0,what are you going to write for me?,1.0,-NONE-ABAR-WH-,T,WH,NP,NP,OBJ,OBJ,WHNP-1-<INANIM>-<PATIENT-V1>,WHNP,MQ,MQ_OBJ,
12232,0,how does all the swimming come in?,1.0,-NONE-ABAR-WH-,T,WH,ADVP,ADVP,ADJUNCT,ADJUNCT,WHADVP-1,WHADVP,MQ,MQ_ADJUNCT,
12235,0,that's just exactly what I 'm singing.,1.0,-NONE-ABAR-WH-,T,WH,NP,NP,OBJ,OBJ,WHNP-1-<INANIM>-<THEME-V1>,WHNP,EQ,EQ_OBJ,singing
12240,0,what is it?,1.0,-NONE-ABAR-WH-,T,WH,NP,NP,OBJ,OBJ,WHNP-1-<INANIM>,WHNP,MQ,MQ_OBJ,
12241,0,and what's that on this page?,1.0,-NONE-ABAR-WH-,T,WH,NP,NP,OBJ,OBJ,WHNP-1-<INANIM>,WHNP,EQ,EQ_OBJ,
12243,0,no what's this part?,1.0,-NONE-ABAR-WH-,T,WH,NP,NP,OBJ,OBJ,WHNP-1-<INANIM>,WHNP,MQ,MQ_OBJ,
12246,0,where's his other ear?,1.0,-NONE-ABAR-WH-,T,WH,ADVP,ADVP,ADJUNCT,ADJUNCT,WHADVP-1,WHADVP,MQ,MQ_ADJUNCT,
12251,0,why don't you put it down by the dog sweetie and maybe she'll,1.0,-NONE-ABAR-WH-,T,WH,ADVP,ADVP,ADJUNCT,ADJUNCT,WHADVP-1,WHADVP,EQ,EQ_ADJUNCT,put
12267,0,that's what she's got.,1.0,-NONE-ABAR-WH-,T,WH,NP,NP,OBJ,OBJ,WHNP-1-<INANIM>-<THEME-V1>,WHNP,EQ,EQ_OBJ,got
12270,0,oh oh what's that?,1.0,-NONE-ABAR-WH-,T,WH,NP,NP,OBJ,OBJ,WHNP-1-<INANIM>,WHNP,MQ,MQ_OBJ,
12271,0,what's that part there?,1.0,-NONE-ABAR-WH-,T,WH,NP,NP,OBJ,OBJ,WHNP-1-<INANIM>,WHNP,MQ,MQ_OBJ,
12272,0,it's what?,,,,POLAR,,,,POLAR,,,MQ,MQ_POLAR,
12274,0,and what's this part?,1.0,-NONE-ABAR-WH-,T,WH,NP,NP,OBJ,OBJ,WHNP-1-<INANIM>,WHNP,EQ,EQ_OBJ,
12283,0,well what does this look like?,1.0,-NONE-ABAR-WH-,T,WH,NP,NP,OBJ,OBJ,WHNP-1-<INANIM>-<SUBJMATT-V1>,WHNP,MQ,MQ_OBJ,
12293,0,what'd you do to it?,1.0,-NONE-ABAR-WH-,T,WH,NP,NP,OBJ,OBJ,WHNP-1-<INANIM>-<THEME-V1>,WHNP,MQ,MQ_OBJ,
12295,0,what's your name?,1.0,-NONE-ABAR-WH-,T,WH,NP,NP,OBJ,OBJ,WHNP-1-<INANIM>,WHNP,MQ,MQ_OBJ,
12297,0,what's your name?,1.0,-NONE-ABAR-WH-,T,WH,NP,NP,OBJ,OBJ,WHNP-1-<INANIM>,WHNP,MQ,MQ_OBJ,
12304,0,how many do you have?,1.0,-NONE-ABAR-WH-,T,WH,NP,NP,OBJ,OBJ,WHNP-1-<INANIM>-<THEME-V1>,WHNP,MQ,MQ_OBJ,
12305,0,why're you saying that?,1.0,-NONE-ABAR-WH-,T,WH,ADVP,ADVP,ADJUNCT,ADJUNCT,WHADVP-1,WHADVP,MQ,MQ_ADJUNCT,
12306,0,who's?,1.0,-NONE-ABAR-WH-,T,WH,NP,NP,SUBJ,SUBJ,WHNP-1-<ANIM>,WHNP,MQ,MQ_SUBJ,
12307,0,what's this?,1.0,-NONE-ABAR-WH-,T,WH,NP,NP,OBJ,OBJ,WHNP-1-<INANIM>,WHNP,MQ,MQ_OBJ,
12309,0,what is that?,1.0,-NONE-ABAR-WH-,T,WH,NP,NP,OBJ,OBJ,WHNP-1-<INANIM>,WHNP,MQ,MQ_OBJ,
12310,0,and what have you put on the table?,1.0,-NONE-ABAR-WH-,T,WH,NP,NP,OBJ,OBJ,WHNP-1-<INANIM>-<PATIENT-V1>,WHNP,EQ,EQ_OBJ,
12327,0,what's going,1.0,-NONE-ABAR-WH-,T,WH,NP,NP,SUBJ,SUBJ,WHNP-1-<INANIM>-<THEME-V1>,WHNP,MQ,MQ_SUBJ,
12333,0,what are you doing?,1.0,-NONE-ABAR-WH-,T,WH,NP,NP,OBJ,OBJ,WHNP-1-<INANIM>-<PATIENT-V1>,WHNP,MQ,MQ_OBJ,
12335,0,but what is it?,1.0,-NONE-ABAR-WH-,T,WH,NP,NP,OBJ,OBJ,WHNP-1-<INANIM>,WHNP,EQ,EQ_OBJ,
12336,0,what are you doing?,1.0,-NONE-ABAR-WH-,T,WH,NP,NP,OBJ,OBJ,WHNP-1-<INANIM>-<THEME-V1>,WHNP,MQ,MQ_OBJ,
12337,0,what did you do?,1.0,-NONE-ABAR-WH-,T,WH,NP,NP,OBJ,OBJ,WHNP-1-<INANIM>-<THEME-V1>,WHNP,MQ,MQ_OBJ,
12338,0,what did you do to yourself?,1.0,-NONE-ABAR-WH-,T,WH,NP,NP,OBJ,OBJ,WHNP-1-<INANIM>-<THEME-V1>,WHNP,MQ,MQ_OBJ,
12339,0,"Eve, what did you do to yourself?",1.0,-NONE-ABAR-WH-,T,WH,NP,NP,OBJ,OBJ,WHNP-1-<INANIM>-<THEME-V1>,WHNP,MQ,MQ_OBJ,
12357,0,what way is that?,1.0,-NONE-ABAR-WH-,T,WH,NP,NP,OBJ,OBJ,WHNP-1-<INANIM>,WHNP,MQ,MQ_OBJ,
12373,0,what are you going to make it?,1.0,-NONE-ABAR-WH-,T,WH,NP,NP,ADJUNCT,ADJUNCT,WHNP-1-<INANIM>,WHNP,MQ,MQ_ADJUNCT,
12376,0,if you throw it once more I 'm goING To smack your bottom and we'll,,,,POLAR,,,,POLAR,,,EQ,EQ_POLAR,
12378,0,no you throw it again and see what happens.,1.0,-NONE-ABAR-WH-,T,WH,NP,NP,SUBJ,SUBJ,WHNP-1-<INANIM>-<THEME-V3>,WHNP,EQ,EQ_SUBJ,see
12380,0,smack your bottom and we'll give it back to Becky if you throw it,,,,POLAR,,,,POLAR,,,EQ,EQ_POLAR,give
12382,0,well what's going to happen when you throw it again?,1.0,-NONE-ABAR-WH-,T,WH,NP-2,NP,SUBJ,SUBJ,WHNP-1-<INANIM>-<THEME-V1>,WHNP,MQ,MQ_SUBJ,
12382,1,well what's going to happen when you throw it again?,3.0,-NONE-ABAR-WH-,T,WH,ADVP,ADVP,ADJUNCT,ADJUNCT,WHADVP-3,WHADVP,EQ,EQ_ADJUNCT,happen
12383,0,and what am I going to do when you throw it again?,1.0,-NONE-ABAR-WH-,T,WH,NP,NP,OBJ,OBJ,WHNP-1-<INANIM>-<THEME-V1>,WHNP,EQ,EQ_OBJ,
12383,1,and what am I going to do when you throw it again?,3.0,-NONE-ABAR-WH-,T,WH,ADVP,ADVP,ADJUNCT,ADJUNCT,WHADVP-3,WHADVP,EQ,EQ_ADJUNCT,do
12386,0,what's your Mommy going To hit?,1.0,-NONE-ABAR-WH-,T,WH,NP,NP,OBJ,OBJ,WHNP-1-<INANIM>-<PATIENT-V1>,WHNP,MQ,MQ_OBJ,
12411,0,what's that little animal there?,1.0,-NONE-ABAR-WH-,T,WH,NP,NP,OBJ,OBJ,WHNP-1-<INANIM>,WHNP,MQ,MQ_OBJ,
12416,0,what is what?,1.0,-NONE-ABAR-WH-,T,WH,NP,NP,OBJ,OBJ,WHNP-1-<INANIM>,WHNP,MQ,MQ_OBJ,
12426,0,where did Cromer go?,1.0,-NONE-ABAR-WH-,T,WH,ADVP,ADVP,ADJUNCT,ADJUNCT,WHADVP-1,WHADVP,MQ,MQ_ADJUNCT,
12428,0,where did Mom tell you he went?,1.0,-NONE-ABAR-WH-,T,WH,ADVP,ADVP,ADJUNCT,ADJUNCT,WHADVP-1,WHADVP,EQ,EQ_ADJUNCT,tell
12429,0,where did he go?,1.0,-NONE-ABAR-WH-,T,WH,ADVP,ADVP,ADJUNCT,ADJUNCT,WHADVP-1,WHADVP,MQ,MQ_ADJUNCT,
12440,0,what are you going to do in New_Brunswick eh?,1.0,-NONE-ABAR-WH-,T,WH,NP,NP,OBJ,OBJ,WHNP-1-<INANIM>-<THEME-V1>,WHNP,MQ,MQ_OBJ,
12446,0,what's not going to be big?,1.0,-NONE-ABAR-WH-,T,WH,NP-2,NP,SUBJ,SUBJ,WHNP-1-<INANIM>,WHNP,MQ,MQ_SUBJ,
12449,0,who did?,1.0,-NONE-ABAR-WH-,T,WH,NP,NP,SUBJ,SUBJ,WHNP-1-<ANIM>,WHNP,MQ,MQ_SUBJ,
12451,0,who went to Colorado?,1.0,-NONE-ABAR-WH-,T,WH,NP,NP,SUBJ,SUBJ,WHNP-1-<ANIM>-<THEME-V1>,WHNP,MQ,MQ_SUBJ,
12454,0,is that what she was saying?,1.0,-NONE-ABAR-WH-,T,WH,NP,NP,OBJ,OBJ,WHNP-1-<INANIM>-<THEME-V1>,WHNP,EQ,EQ_OBJ,saying
12472,0,you may have what's there.,1.0,-NONE-ABAR-WH-,T,WH,NP,NP,SUBJ,SUBJ,WHNP-1-<INANIM>,WHNP,EQ,EQ_SUBJ,have
12475,0,what were you doing outside playing this morning?,1.0,-NONE-ABAR-WH-,T,WH,NP,NP,OBJ,OBJ,WHNP-1-<INANIM>-<THEME-V1>,WHNP,MQ,MQ_OBJ,
12479,0,why were you getting her medicine then?,1.0,-NONE-ABAR-WH-,T,WH,ADVP,ADVP,ADJUNCT,ADJUNCT,WHADVP-1,WHADVP,MQ,MQ_ADJUNCT,
12481,0,what did you do with it?,1.0,-NONE-ABAR-WH-,T,WH,NP,NP,OBJ,OBJ,WHNP-1-<INANIM>-<THEME-V1>,WHNP,MQ,MQ_OBJ,
12493,0,well I suppose you'll have to have it *NULL* to eat with.,1.0,-NONE-A-RAISE-,T,OTHER,NP,NP,SUBJ,SUBJ,WHNP-1-<INANIM>-<INSTR-V1>,WHNP,EQ,EQ_SUBJ,suppose
12493,1,well I suppose you'll have to have it *NULL* to eat with.,1.0,-NONE-ABAR-RC-,T,RC,NP,NP,OBJ,OBJ,WHNP-1-<INANIM>-<INSTR-V1>,WHNP,RC,RC_OBJ,
12501,0,what was that *NULL* you were doing?,2.0,-NONE-ABAR-RC-,T,RC,NP,NP,OBJ,OBJ,WHNP-2-<THEME-V1>,WHNP,RC,RC_OBJ,
12501,1,what was that *NULL* you were doing?,1.0,-NONE-ABAR-WH-,T,WH,NP,NP,OBJ,OBJ,WHNP-1-<INANIM>,WHNP,MQ,MQ_OBJ,
12504,0,"now Eve, what else do you want?",1.0,-NONE-ABAR-WH-,T,WH,NP,NP,OBJ,OBJ,WHNP-1-<INANIM>-<SUBJMATT-V1>,WHNP,MQ,MQ_OBJ,
12513,0,I'll see if I can fix that pool.,,,,POLAR,,,,POLAR,,,EQ,EQ_POLAR,see
12525,0,we'll see if they can come.,,,,POLAR,,,,POLAR,,,EQ,EQ_POLAR,see
12529,0,what are you doing to your celery?,1.0,-NONE-ABAR-WH-,T,WH,NP,NP,OBJ,OBJ,WHNP-1-<INANIM>-<THEME-V1>,WHNP,MQ,MQ_OBJ,
12532,0,what are you doing to it with your teeth?,1.0,-NONE-ABAR-WH-,T,WH,NP,NP,OBJ,OBJ,WHNP-1-<INANIM>-<THEME-V1>,WHNP,MQ,MQ_OBJ,
12535,0,what are you doing with your celery?,1.0,-NONE-ABAR-WH-,T,WH,NP,NP,OBJ,OBJ,WHNP-1-<INANIM>-<THEME-V1>,WHNP,MQ,MQ_OBJ,
12537,0,why it isn't a gun.,1.0,-NONE-ABAR-WH-,T,WH,ADVP,ADVP,ADJUNCT,ADJUNCT,WHADVP-1,WHADVP,MQ,MQ_ADJUNCT,
12544,0,if you shoot me with your celery I'll shoot you with my finger.,,,,POLAR,,,,POLAR,,,EQ,EQ_POLAR,
12547,0,what'd you do?,1.0,-NONE-ABAR-WH-,T,WH,NP,NP,OBJ,OBJ,WHNP-1-<INANIM>-<THEME-V1>,WHNP,MQ,MQ_OBJ,
12576,0,what're you doing Eve?,1.0,-NONE-ABAR-WH-,T,WH,NP,NP,OBJ,OBJ,WHNP-1-<INANIM>-<THEME-V1>,WHNP,MQ,MQ_OBJ,
12581,0,where are you going Eve?,1.0,-NONE-ABAR-WH-,T,WH,ADVP,ADVP,ADJUNCT,ADJUNCT,WHADVP-1,WHADVP,MQ,MQ_ADJUNCT,
12582,0,what's wrong with your leg?,1.0,-NONE-ABAR-WH-,T,WH,NP,NP,SUBJ,SUBJ,WHNP-1-<INANIM>,WHNP,MQ,MQ_SUBJ,
12599,0,what do you want?,1.0,-NONE-ABAR-WH-,T,WH,NP,NP,OBJ,OBJ,WHNP-1-<INANIM>-<SUBJMATT-V1>,WHNP,MQ,MQ_OBJ,
12617,0,where is he?,1.0,-NONE-ABAR-WH-,T,WH,ADVP,ADVP,ADJUNCT,ADJUNCT,WHADVP-1,WHADVP,MQ,MQ_ADJUNCT,
12619,0,"oh what's the wise idea, yourself.",1.0,-NONE-ABAR-WH-,T,WH,NP,NP,SUBJ,SUBJ,WHNP-1-<INANIM>,WHNP,MQ,MQ_SUBJ,
12620,0,I don't know where Papa is Eve.,1.0,-NONE-ABAR-WH-,T,WH,ADVP,ADVP,ADJUNCT,ADJUNCT,WHADVP-1,WHADVP,EQ,EQ_ADJUNCT,know
12646,0,what kind a talk's that?,1.0,-NONE-ABAR-WH-,T,WH,NP,NP,SUBJ,SUBJ,WHNP-1-<INANIM>,WHNP,MQ,MQ_SUBJ,
12647,0,how if you sit over here and get your picture taken eh?,,,,POLAR,,,,POLAR,,,EQ,EQ_POLAR,
12651,0,oh those are pictures that Papa's taking.,1.0,-NONE-ABAR-RC-,T,RC,NP,NP,OBJ,OBJ,WHNP-1-<INANIM>-<PATIENT-V1>,WHNP,RC,RC_OBJ,
12660,0,what did you paint?,1.0,-NONE-ABAR-WH-,T,WH,NP,NP,OBJ,OBJ,WHNP-1-<INANIM>-<PATIENT-V1>,WHNP,MQ,MQ_OBJ,
12697,0,well it's laying right there until we have a fly *NULL* to kill.,1.0,-NONE-ABAR-RC-,T,RC,NP,NP,OBJ,OBJ,WHNP-1-<ANIM>-<PATIENT-V3>,WHNP,RC,RC_OBJ,
12706,0,what are you doing to Sarah?,1.0,-NONE-ABAR-WH-,T,WH,NP,NP,OBJ,OBJ,WHNP-1-<INANIM>-<THEME-V1>,WHNP,MQ,MQ_OBJ,
12719,0,why don't we put one up in your room?,1.0,-NONE-ABAR-WH-,T,WH,ADVP,ADVP,ADJUNCT,ADJUNCT,WHADVP-1,WHADVP,MQ,MQ_ADJUNCT,
12725,0,we'll put it upstairs by the bed when we go up to take a nap.,1.0,-NONE-ABAR-WH-,T,WH,ADVP,ADVP,ADJUNCT,ADJUNCT,WHADVP-1,WHADVP,EQ,EQ_ADJUNCT,put
12726,0,when we go up to take a nap we'll put it by the bed so you and,2.0,-NONE-ABAR-WH-,T,WH,ADVP,ADVP,ADJUNCT,ADJUNCT,WHADVP-2,WHADVP,EQ,EQ_ADJUNCT,
12727,0,"Eve, what's that *NULL* your Papa has in his hand?",2.0,-NONE-ABAR-RC-,T,RC,NP,NP,OBJ,OBJ,WHNP-2-<INANIM>-<THEME-V1>,WHNP,RC,RC_OBJ,
12727,1,"Eve, what's that *NULL* your Papa has in his hand?",1.0,-NONE-ABAR-WH-,T,WH,NP,NP,OBJ,OBJ,WHNP-1-<INANIM>,WHNP,MQ,MQ_OBJ,
12729,0,what is that?,1.0,-NONE-ABAR-WH-,T,WH,NP,NP,OBJ,OBJ,WHNP-1-<INANIM>,WHNP,MQ,MQ_OBJ,
12731,0,that's what it is.,1.0,-NONE-ABAR-WH-,T,WH,NP,NP,OBJ,OBJ,WHNP-1-<INANIM>,WHNP,EQ,EQ_OBJ,
12739,0,do you know what this would be?,1.0,-NONE-ABAR-WH-,T,WH,NP,NP,OBJ,OBJ,WHNP-1-<INANIM>,WHNP,EQ,EQ_OBJ,know
12742,0,do you know what this is?,1.0,-NONE-ABAR-WH-,T,WH,NP,NP,OBJ,OBJ,WHNP-1-<INANIM>,WHNP,EQ,EQ_OBJ,know
12744,0,what do you think this is?,1.0,-NONE-ABAR-WH-,T,WH,NP,NP,OBJ,OBJ,WHNP-1-<INANIM>,WHNP,EQ,EQ_OBJ,think
12746,0,when you're dirty your Mommy puts you in it.,1.0,-NONE-ABAR-WH-,T,WH,ADVP,ADVP,ADJUNCT,ADJUNCT,WHADVP-1,WHADVP,EQ,EQ_ADJUNCT,
12746,1,when you're dirty your Mommy puts you in it.,1.0,-NONE-ABAR-OTHER-,T,OTHER,SBAR,SBAR,ADJUNCT,ADJUNCT,WHADVP-1,WHADVP,EQ,EQ_ADJUNCT,puts
12747,0,what is it?,1.0,-NONE-ABAR-WH-,T,WH,NP,NP,OBJ,OBJ,WHNP-1-<INANIM>,WHNP,MQ,MQ_OBJ,
12750,0,what is this funny thing?,1.0,-NONE-ABAR-WH-,T,WH,NP,NP,OBJ,OBJ,WHNP-1-<INANIM>,WHNP,MQ,MQ_OBJ,
12751,0,what is this funny thing?,1.0,-NONE-ABAR-WH-,T,WH,NP,NP,OBJ,OBJ,WHNP-1-<INANIM>,WHNP,MQ,MQ_OBJ,
12752,0,what is that?,1.0,-NONE-ABAR-WH-,T,WH,NP,NP,OBJ,OBJ,WHNP-1-<INANIM>,WHNP,MQ,MQ_OBJ,
12757,0,what is that?,1.0,-NONE-ABAR-WH-,T,WH,NP,NP,OBJ,OBJ,WHNP-1-<INANIM>,WHNP,MQ,MQ_OBJ,
12763,0,then when you've got another pair of pants on with pockets then you,1.0,-NONE-ABAR-WH-,T,WH,ADVP,ADVP,ADJUNCT,ADJUNCT,WHADVP-1,WHADVP,EQ,EQ_ADJUNCT,
12771,0,I wonder if you'll know what this is.,,,,POLAR,,,,POLAR,,,EQ,EQ_POLAR,wonder
12771,1,I wonder if you'll know what this is.,1.0,-NONE-ABAR-WH-,T,WH,NP,NP,OBJ,OBJ,WHNP-1-<INANIM>,WHNP,EQ,EQ_OBJ,know
12775,0,you want something *NULL* to write?,1.0,-NONE-ABAR-RC-,T,RC,NP,NP,OBJ,OBJ,WHNP-1-<INANIM>-<PATIENT-V2>,WHNP,RC,RC_OBJ,
12776,0,well what would you like?,1.0,-NONE-ABAR-WH-,T,WH,NP,NP,OBJ,OBJ,WHNP-1-<INANIM>-<SUBJMATT-V1>,WHNP,MQ,MQ_OBJ,
12779,0,what is that *NULL* your Mommy has on her finger?,2.0,-NONE-ABAR-RC-,T,RC,NP,NP,OBJ,OBJ,WHNP-2-<INANIM>-<THEME-V1>,WHNP,RC,RC_OBJ,
12779,1,what is that *NULL* your Mommy has on her finger?,1.0,-NONE-ABAR-WH-,T,WH,NP,NP,OBJ,OBJ,WHNP-1-<INANIM>,WHNP,MQ,MQ_OBJ,
12780,0,what's that?,1.0,-NONE-ABAR-WH-,T,WH,NP,NP,OBJ,OBJ,WHNP-1-<INANIM>,WHNP,MQ,MQ_OBJ,
12782,0,what is it?,1.0,-NONE-ABAR-WH-,T,WH,NP,NP,OBJ,OBJ,WHNP-1-<INANIM>,WHNP,MQ,MQ_OBJ,
12783,0,what is that?,1.0,-NONE-ABAR-WH-,T,WH,NP,NP,OBJ,OBJ,WHNP-1-<INANIM>,WHNP,MQ,MQ_OBJ,
12794,0,do you know what time it is?,1.0,-NONE-ABAR-WH-,T,WH,NP,NP,OBJ,OBJ,WHNP-1-<INANIM>,WHNP,EQ,EQ_OBJ,know
12802,0,what is it?,1.0,-NONE-ABAR-WH-,T,WH,NP,NP,OBJ,OBJ,WHNP-1-<INANIM>,WHNP,MQ,MQ_OBJ,
12804,0,what's that?,1.0,-NONE-ABAR-WH-,T,WH,NP,NP,OBJ,OBJ,WHNP-1-<INANIM>,WHNP,MQ,MQ_OBJ,
12810,0,and what's that?,1.0,-NONE-ABAR-WH-,T,WH,NP,NP,OBJ,OBJ,WHNP-1-<INANIM>,WHNP,EQ,EQ_OBJ,
12813,0,and what's that one?,1.0,-NONE-ABAR-WH-,T,WH,NP,NP,OBJ,OBJ,WHNP-1-<INANIM>,WHNP,EQ,EQ_OBJ,
12832,0,you may put it away if you like.,,,,POLAR,,,,POLAR,,,EQ,EQ_POLAR,put
12845,0,well why did you untie it?,1.0,-NONE-ABAR-WH-,T,WH,ADVP,ADVP,ADJUNCT,ADJUNCT,WHADVP-1,WHADVP,MQ,MQ_ADJUNCT,
12847,0,what do you mean it's not better?,1.0,-NONE-ABAR-WH-,T,WH,NP,NP,OBJ,OBJ,WHNP-1-<INANIM>-<PATIENT-V1>,WHNP,MQ,MQ_OBJ,
12850,0,where is Eve?,1.0,-NONE-ABAR-WH-,T,WH,ADVP,ADVP,ADJUNCT,ADJUNCT,WHADVP-1,WHADVP,MQ,MQ_ADJUNCT,
12853,0,where are you?,1.0,-NONE-ABAR-WH-,T,WH,ADVP,ADVP,ADJUNCT,ADJUNCT,WHADVP-1,WHADVP,MQ,MQ_ADJUNCT,
12859,0,why don't you tell Colin what is that picture?,1.0,-NONE-ABAR-WH-,T,WH,ADVP,ADVP,ADJUNCT,ADJUNCT,WHADVP-1,WHADVP,MQ,MQ_ADJUNCT,
12859,1,why don't you tell Colin what is that picture?,2.0,-NONE-ABAR-WH-,T,WH,NP,NP,OBJ,OBJ,WHNP-2-<INANIM>,WHNP,EQ,EQ_OBJ,tell
12868,0,what was it?,1.0,-NONE-ABAR-WH-,T,WH,NP,NP,OBJ,OBJ,WHNP-1-<INANIM>,WHNP,MQ,MQ_OBJ,
12891,0,yes what kind of a cookie is it?,1.0,-NONE-ABAR-WH-,T,WH,NP,NP,OBJ,OBJ,WHNP-1-<INANIM>,WHNP,MQ,MQ_OBJ,
12898,0,what is that?,1.0,-NONE-ABAR-WH-,T,WH,NP,NP,OBJ,OBJ,WHNP-1-<INANIM>,WHNP,MQ,MQ_OBJ,
12901,0,well we'll be able to hear Sarah when she wakes up.,1.0,-NONE-ABAR-WH-,T,WH,ADVP,ADVP,ADJUNCT,ADJUNCT,WHADVP-1,WHADVP,EQ,EQ_ADJUNCT,hear
12908,0,where did you hear that?,1.0,-NONE-ABAR-WH-,T,WH,ADVP,ADVP,ADJUNCT,ADJUNCT,WHADVP-1,WHADVP,MQ,MQ_ADJUNCT,
12909,0,and then what do you do?,1.0,-NONE-ABAR-WH-,T,WH,NP,NP,OBJ,OBJ,WHNP-1-<INANIM>-<THEME-V1>,WHNP,EQ,EQ_OBJ,
12911,0,I don't know what you're talking about.,1.0,-NONE-ABAR-WH-,T,WH,NP,NP,OBJ,OBJ,WHNP-1-<INANIM>-<PATIENT-V2>,WHNP,EQ,EQ_OBJ,know
12927,0,what're you going to ask me?,1.0,-NONE-ABAR-WH-,T,WH,NP,NP,OBJ,OBJ,WHNP-1-<INANIM>-<THEME-V1>,WHNP,MQ,MQ_OBJ,
12929,0,well what did you do with the one *NULL* you had?,1.0,-NONE-ABAR-WH-,T,WH,NP,NP,OBJ,OBJ,WHNP-1-<INANIM>-<THEME-V1>,WHNP,MQ,MQ_OBJ,
12929,1,well what did you do with the one *NULL* you had?,1.0,-NONE-ABAR-RC-,T,RC,NP,NP,OBJ,OBJ,WHNP-1-<INANIM>-<THEME-V1>,WHNP,RC,RC_OBJ,
12938,0,is that what you're writing?,1.0,-NONE-ABAR-WH-,T,WH,NP,NP,OBJ,OBJ,WHNP-1-<INANIM>-<PATIENT-V1>,WHNP,RC,RC_OBJ,
12951,0,see if you can make one.,,,,POLAR,,,,POLAR,,,EQ,EQ_POLAR,see
12952,0,you look at Fraser's lady and see if you can make one.,,,,POLAR,,,,POLAR,,,EQ,EQ_POLAR,see
12962,0,what happens when you put it in the hole.,1.0,-NONE-ABAR-WH-,T,WH,NP,NP,SUBJ,SUBJ,WHNP-1-<INANIM>-<THEME-V1>,WHNP,MQ,MQ_SUBJ,
12962,1,what happens when you put it in the hole.,2.0,-NONE-ABAR-WH-,T,WH,ADVP,ADVP,ADJUNCT,ADJUNCT,WHADVP-2,WHADVP,EQ,EQ_ADJUNCT,happens
12964,0,and then what happens?,1.0,-NONE-ABAR-WH-,T,WH,NP,NP,SUBJ,SUBJ,WHNP-1-<INANIM>-<THEME-V1>,WHNP,EQ,EQ_SUBJ,
12965,0,that's what it does?,1.0,-NONE-ABAR-WH-,T,WH,NP,NP,OBJ,OBJ,WHNP-1-<INANIM>,WHNP,EQ,EQ_OBJ,
12973,0,I know you're rolling it but that's not what you do with pencils,1.0,-NONE-ABAR-WH-,T,WH,NP,NP,OBJ,OBJ,WHNP-1-<INANIM>-<THEME-V3>,WHNP,EQ,EQ_OBJ,do
12990,0,I'll tell you what's going to happen.,1.0,-NONE-ABAR-WH-,T,WH,NP-2,NP,SUBJ,SUBJ,WHNP-1-<INANIM>-<THEME-V2>,WHNP,EQ,EQ_SUBJ,tell
12995,0,why don't you tell me about this picture are you sleepy?,1.0,-NONE-ABAR-WH-,T,WH,ADVP,ADVP,ADJUNCT,ADJUNCT,WHADVP-1,WHADVP,EQ,EQ_ADJUNCT,
13004,0,how many ears do you want?,1.0,-NONE-ABAR-WH-,T,WH,NP,NP,OBJ,OBJ,WHNP-1-<INANIM>-<SUBJMATT-V1>,WHNP,MQ,MQ_OBJ,
13017,0,now what do you do after supper?,1.0,-NONE-ABAR-WH-,T,WH,NP,NP,OBJ,OBJ,WHNP-1-<INANIM>-<THEME-V1>,WHNP,MQ,MQ_OBJ,
13019,0,and what do you do once you get there?,1.0,-NONE-ABAR-WH-,T,WH,NP,NP,OBJ,OBJ,WHNP-1-<INANIM>-<THEME-V1>,WHNP,EQ,EQ_OBJ,
13024,0,I think she was just telling me what she sometimes does.,1.0,-NONE-ABAR-WH-,T,WH,NP,NP,OBJ,OBJ,WHNP-1-<INANIM>-<THEME-V3>,WHNP,EQ,EQ_OBJ,telling
13027,0,where is our new house?,1.0,-NONE-ABAR-WH-,T,WH,ADVP,ADVP,ADJUNCT,ADJUNCT,WHADVP-1,WHADVP,MQ,MQ_ADJUNCT,
13041,0,do you know where Ohio is?,1.0,-NONE-ABAR-WH-,T,WH,ADVP,ADVP,ADJUNCT,ADJUNCT,WHADVP-1,WHADVP,EQ,EQ_ADJUNCT,know
13043,0,who else are we going to see when we go to Ohio?,1.0,-NONE-ABAR-WH-,T,WH,NP,NP,OBJ,OBJ,WHNP-1-<ANIM>-<SUBJMATT-V1>,WHNP,MQ,MQ_OBJ,
13043,1,who else are we going to see when we go to Ohio?,3.0,-NONE-ABAR-WH-,T,WH,ADVP,ADVP,ADJUNCT,ADJUNCT,WHADVP-3,WHADVP,EQ,EQ_ADJUNCT,see
13047,0,what're you going to do when you see Peter?,1.0,-NONE-ABAR-WH-,T,WH,NP,NP,OBJ,OBJ,WHNP-1-<INANIM>-<THEME-V1>,WHNP,MQ,MQ_OBJ,
13047,1,what're you going to do when you see Peter?,3.0,-NONE-ABAR-WH-,T,WH,ADVP,ADVP,ADJUNCT,ADJUNCT,WHADVP-3,WHADVP,EQ,EQ_ADJUNCT,do
13083,0,Papa used to be a boy when he was little.,2.0,-NONE-ABAR-WH-,T,WH,ADVP,ADVP,ADJUNCT,ADJUNCT,WHADVP-2,WHADVP,EQ,EQ_ADJUNCT,
13094,0,no when I was little I was a boy.,1.0,-NONE-ABAR-WH-,T,WH,ADVP,ADVP,ADJUNCT,ADJUNCT,WHADVP-1,WHADVP,EQ,EQ_ADJUNCT,
13105,0,who willn't blow the horn?,1.0,-NONE-ABAR-WH-,T,WH,NP,NP,SUBJ,SUBJ,WHNP-1-<ANIM>-<AGENT-V1>,WHNP,MQ,MQ_SUBJ,
13111,0,what're you?,1.0,-NONE-ABAR-WH-,T,WH,NP,NP,OBJ,OBJ,WHNP-1-<INANIM>,WHNP,MQ,MQ_OBJ,
13115,0,who's a boy?,1.0,-NONE-ABAR-WH-,T,WH,NP,NP,SUBJ,SUBJ,WHNP-1-<ANIM>,WHNP,MQ,MQ_SUBJ,
13117,0,and what's Sarah?,1.0,-NONE-ABAR-WH-,T,WH,NP,NP,OBJ,OBJ,WHNP-1-<INANIM>,WHNP,EQ,EQ_OBJ,
13119,0,and what am I?,1.0,-NONE-ABAR-WH-,T,WH,NP,NP,OBJ,OBJ,WHNP-1-<INANIM>,WHNP,EQ,EQ_OBJ,
13121,0,and what're you?,1.0,-NONE-ABAR-WH-,T,WH,NP,NP,OBJ,OBJ,WHNP-1-<INANIM>,WHNP,EQ,EQ_OBJ,
13122,0,and what's Becky?,1.0,-NONE-ABAR-WH-,T,WH,NP,NP,OBJ,OBJ,WHNP-1-<INANIM>,WHNP,EQ,EQ_OBJ,
13133,0,what kind of monkey was that?,1.0,-NONE-ABAR-WH-,T,WH,NP,NP,OBJ,OBJ,WHNP-1-<INANIM>,WHNP,MQ,MQ_OBJ,
13135,0,what was he doing?,1.0,-NONE-ABAR-WH-,T,WH,NP,NP,OBJ,OBJ,WHNP-1-<INANIM>-<THEME-V1>,WHNP,MQ,MQ_OBJ,
13137,0,why was he doing that?,1.0,-NONE-ABAR-WH-,T,WH,ADVP,ADVP,ADJUNCT,ADJUNCT,WHADVP-1,WHADVP,MQ,MQ_ADJUNCT,
13142,0,no when you're big you're a lady.,1.0,-NONE-ABAR-WH-,T,WH,ADVP,ADVP,ADJUNCT,ADJUNCT,WHADVP-1,WHADVP,EQ,EQ_ADJUNCT,
13144,0,well she'll go right there when I fix your lunch.,1.0,-NONE-ABAR-WH-,T,WH,ADVP,ADVP,ADJUNCT,ADJUNCT,WHADVP-1,WHADVP,EQ,EQ_ADJUNCT,go
13161,0,when you're a boy and you grow up then you're a man.,1.0,-NONE-ABAR-WH-,T,WH,ADVP,ADVP,ADJUNCT,ADJUNCT,WHADVP-1,WHADVP,EQ,EQ_ADJUNCT,
13162,0,but when you're a little girl and you grow up then you're a lady,1.0,-NONE-ABAR-WH-,T,WH,ADVP,ADVP,ADJUNCT,ADJUNCT,WHADVP-1,WHADVP,EQ,EQ_ADJUNCT,
13166,0,well then when he gets a little bit bigger then he'll be a man,1.0,-NONE-ABAR-WH-,T,WH,ADVP,ADVP,ADJUNCT,ADJUNCT,WHADVP-1,WHADVP,EQ,EQ_ADJUNCT,
13168,0,what's Fraser?,1.0,-NONE-ABAR-WH-,T,WH,NP,NP,OBJ,OBJ,WHNP-1-<INANIM>,WHNP,MQ,MQ_OBJ,
13182,0,what kind do you want?,1.0,-NONE-ABAR-WH-,T,WH,NP,NP,OBJ,OBJ,WHNP-1-<INANIM>-<SUBJMATT-V1>,WHNP,MQ,MQ_OBJ,
13184,0,well let me see where a green one is.,1.0,-NONE-ABAR-WH-,T,WH,ADVP,ADVP,ADJUNCT,ADJUNCT,WHADVP-1,WHADVP,EQ,EQ_ADJUNCT,see
13203,0,let's see what she says.,1.0,-NONE-ABAR-WH-,T,WH,NP,NP,OBJ,OBJ,WHNP-1-<INANIM>-<THEME-V3>,WHNP,EQ,EQ_OBJ,see
13210,0,what did you do with all of them?,1.0,-NONE-ABAR-WH-,T,WH,NP,NP,OBJ,OBJ,WHNP-1-<INANIM>-<THEME-V1>,WHNP,MQ,MQ_OBJ,
13237,0,what's Fraser doing?,1.0,-NONE-ABAR-WH-,T,WH,NP,NP,OBJ,OBJ,WHNP-1-<INANIM>-<THEME-V1>,WHNP,MQ,MQ_OBJ,
13251,0,when he comes back.,1.0,-NONE-ABAR-WH-,T,WH,NP,NP,OBJ,OBJ,WHADVP-1-,WHADVP,EQ,EQ_OBJ,
13255,0,why wait until he comes back?,1.0,-NONE-ABAR-WH-,T,WH,ADVP,ADVP,ADJUNCT,ADJUNCT,WHADVP-1,WHADVP,EQ,EQ_ADJUNCT,wait
13259,0,how are you Eve?,1.0,-NONE-ABAR-WH-,T,WH,ADVP,ADVP,ADJUNCT,ADJUNCT,WHADVP-1,WHADVP,MQ,MQ_ADJUNCT,
13269,0,heard you saying why are you saying it?,1.0,-NONE-ABAR-WH-,T,WH,ADVP,ADVP,ADJUNCT,ADJUNCT,WHADVP-1,WHADVP,MQ,MQ_ADJUNCT,
13281,0,what're you cooking for supper?,1.0,-NONE-ABAR-WH-,T,WH,NP,NP,OBJ,OBJ,WHNP-1-<INANIM>-<PATIENT-V1>,WHNP,MQ,MQ_OBJ,
13283,0,what kind of meat are we having?,1.0,-NONE-ABAR-WH-,T,WH,NP,NP,OBJ,OBJ,WHNP-1-<INANIM>-<PATIENT-V1>,WHNP,MQ,MQ_OBJ,
13288,0,who knows what that is.,1.0,-NONE-ABAR-WH-,T,WH,NP,NP,SUBJ,SUBJ,WHNP-1-<ANIM>-<EXPER-V1>,WHNP,MQ,MQ_SUBJ,
13288,1,who knows what that is.,2.0,-NONE-ABAR-WH-,T,WH,NP,NP,OBJ,OBJ,WHNP-2-<INANIM>,WHNP,EQ,EQ_OBJ,knows
13295,0,what is the cooking place.,1.0,-NONE-ABAR-WH-,T,WH,NP,NP,OBJ,OBJ,WHNP-1-<INANIM>,WHNP,MQ,MQ_OBJ,
13296,0,that's where you cook the meat?,1.0,-NONE-ABAR-WH-,T,WH,ADVP,ADVP,ADJUNCT,ADJUNCT,WHADVP-1,WHADVP,EQ,EQ_ADJUNCT,cook
13299,0,what do we like to eat?,1.0,-NONE-ABAR-WH-,T,WH,NP,NP,OBJ,OBJ,WHNP-1-<INANIM>-<PATIENT-V2>,WHNP,MQ,MQ_OBJ,
13302,0,why don't you cook something else.,1.0,-NONE-ABAR-WH-,T,WH,ADVP,ADVP,ADJUNCT,ADJUNCT,WHADVP-1,WHADVP,MQ,MQ_ADJUNCT,
13308,0,what is the refrigerator?,1.0,-NONE-ABAR-WH-,T,WH,NP,NP,OBJ,OBJ,WHNP-1-<INANIM>,WHNP,MQ,MQ_OBJ,
13328,0,I want something *NULL* to eat!,1.0,-NONE-ABAR-RC-,T,RC,NP,NP,OBJ,OBJ,WHNP-1-<INANIM>-<PATIENT-V2>,WHNP,RC,RC_OBJ,
13329,0,hurry up I want something *NULL* to eat right now.,1.0,-NONE-ABAR-RC-,T,RC,NP,NP,OBJ,OBJ,WHNP-1-<INANIM>-<PATIENT-V2>,WHNP,RC,RC_OBJ,
13330,0,I want something *NULL* right now to eat.,1.0,-NONE-ABAR-RC-,T,RC,NP,NP,OBJ,OBJ,WHNP-1-<INANIM>-<PATIENT-V2>,WHNP,RC,RC_OBJ,
13333,0,where is it?,1.0,-NONE-ABAR-WH-,T,WH,ADVP,ADVP,ADJUNCT,ADJUNCT,WHADVP-1,WHADVP,MQ,MQ_ADJUNCT,
13341,0,I didn't know where they were.,1.0,-NONE-ABAR-WH-,T,WH,ADVP,ADVP,ADJUNCT,ADJUNCT,WHADVP-1,WHADVP,EQ,EQ_ADJUNCT,know
13342,0,you forgot to tell me what you'd done with them.,1.0,-NONE-ABAR-WH-,T,WH,NP,NP,OBJ,OBJ,WHNP-1-<INANIM>-<THEME-V3>,WHNP,EQ,EQ_OBJ,tell
13352,0,please give me something *NULL* to eat.,1.0,-NONE-ABAR-RC-,T,RC,NP,NP,OBJ,OBJ,WHNP-1-<INANIM>-<PATIENT-V2>,WHNP,RC,RC_OBJ,
13354,0,better give your father something *NULL* to eat.,1.0,-NONE-ABAR-RC-,T,RC,NP,NP,OBJ,OBJ,WHNP-1-<INANIM>-<PATIENT-V2>,WHNP,RC,RC_OBJ,
13355,0,what would you have?,1.0,-NONE-ABAR-WH-,T,WH,NP,NP,OBJ,OBJ,WHNP-1-<INANIM>-<PATIENT-V1>,WHNP,MQ,MQ_OBJ,
13356,0,well guess what I made for you.,1.0,-NONE-ABAR-WH-,T,WH,NP,NP,OBJ,OBJ,WHNP-1-<INANIM>-<PATIENT-V2>,WHNP,EQ,EQ_OBJ,guess
13358,0,what do you like best of all?,1.0,-NONE-ABAR-WH-,T,WH,NP,NP,OBJ,OBJ,WHNP-1-<INANIM>-<SUBJMATT-V1>,WHNP,MQ,MQ_OBJ,
13360,0,and that's what I made for you.,1.0,-NONE-ABAR-WH-,T,WH,NP,NP,OBJ,OBJ,WHNP-1-<INANIM>-<PATIENT-V1>,WHNP,EQ,EQ_OBJ,made
13362,0,well that's the one *NULL* you wouldn't let Papa have.,1.0,-NONE-ABAR-RC-,T,RC,NP,NP,OBJ,OBJ,WHNP-1-<INANIM>-<THEME-V2>,WHNP,RC,RC_OBJ,
13375,0,that's why I 'm cutting it off.,1.0,-NONE-ABAR-WH-,T,WH,ADVP,ADVP,ADJUNCT,ADJUNCT,WHADVP-1,WHADVP,EQ,EQ_ADJUNCT,cutting
13418,0,what do you want dear?,1.0,-NONE-ABAR-WH-,T,WH,NP,NP,OBJ,OBJ,WHNP-1-<INANIM>-<SUBJMATT-V1>,WHNP,MQ,MQ_OBJ,
13439,0,where's David?,1.0,-NONE-ABAR-WH-,T,WH,ADVP,ADVP,ADJUNCT,ADJUNCT,WHADVP-1,WHADVP,MQ,MQ_ADJUNCT,
13442,0,where's Colin?,1.0,-NONE-ABAR-WH-,T,WH,ADVP,ADVP,ADJUNCT,ADJUNCT,WHADVP-1,WHADVP,MQ,MQ_ADJUNCT,
13443,0,where's Fraser?,1.0,-NONE-ABAR-WH-,T,WH,ADVP,ADVP,ADJUNCT,ADJUNCT,WHADVP-1,WHADVP,MQ,MQ_ADJUNCT,
13444,0,where's Colin Fraser?,1.0,-NONE-ABAR-WH-,T,WH,ADVP,ADVP,ADJUNCT,ADJUNCT,WHADVP-1,WHADVP,MQ,MQ_ADJUNCT,
13454,0,what were you doing outside this morning?,1.0,-NONE-ABAR-WH-,T,WH,NP,NP,OBJ,OBJ,WHNP-1-<INANIM>-<THEME-V1>,WHNP,MQ,MQ_OBJ,
13459,0,where're you going there toots?,1.0,-NONE-ABAR-WH-,T,WH,ADVP,ADVP,ADJUNCT,ADJUNCT,WHADVP-1,WHADVP,MQ,MQ_ADJUNCT,
13467,0,why you can so see the fish tank.,,,,POLAR,,,,POLAR,,,MQ,MQ_POLAR,
13474,0,why don't you take your shoes and socks off so when you go upstairs,1.0,-NONE-ABAR-WH-,T,WH,ADVP,ADVP,ADJUNCT,ADJUNCT,WHADVP-1,WHADVP,EQ,EQ_ADJUNCT,
13474,1,why don't you take your shoes and socks off so when you go upstairs,2.0,-NONE-ABAR-WH-,T,WH,ADVP,ADVP,ADJUNCT,ADJUNCT,WHADVP-2,WHADVP,EQ,EQ_ADJUNCT,
13480,0,it's a hard thing *NULL* to do.,1.0,-NONE-ABAR-RC-,T,RC,NP,NP,OBJ,OBJ,WHNP-1-<INANIM>-<THEME-V1>,WHNP,RC,RC_OBJ,
13482,0,you ask Fraser if he'll do it for you.,,,,POLAR,,,,POLAR,,,EQ,EQ_POLAR,ask
13484,0,he doesn't know what do.,1.0,-NONE-ABAR-WH-,T,WH,NP,NP,OBJ,OBJ,WHNP-1-<INANIM>-<THEME-V2>,WHNP,EQ,EQ_OBJ,know
13500,0,why do they have dirt in them then?,1.0,-NONE-ABAR-WH-,T,WH,ADVP,ADVP,ADJUNCT,ADJUNCT,WHADVP-1,WHADVP,MQ,MQ_ADJUNCT,
13513,0,what's the wise idea.,1.0,-NONE-ABAR-WH-,T,WH,NP,NP,OBJ,OBJ,WHNP-1-<INANIM>,WHNP,MQ,MQ_OBJ,
13522,0,see if you can get it.,,,,POLAR,,,,POLAR,,,EQ,EQ_POLAR,see
13524,0,how are you this morning dear.,1.0,-NONE-ABAR-WH-,T,WH,ADVP,ADVP,ADJUNCT,ADJUNCT,WHADVP-1,WHADVP,MQ,MQ_ADJUNCT,
13529,0,and what's in the nice big glass?,1.0,-NONE-ABAR-WH-,T,WH,NP,NP,SUBJ,SUBJ,WHNP-1-<INANIM>,WHNP,EQ,EQ_SUBJ,
13530,0,what does it taste like?,1.0,-NONE-ABAR-WH-,T,WH,NP,NP,OBJ,OBJ,WHNP-1-<INANIM>,WHNP,MQ,MQ_OBJ,
13532,0,what are you thinking about?,1.0,-NONE-ABAR-WH-,T,WH,NP,NP,OBJ,OBJ,WHNP-1-<INANIM>-<SUBJMATT-V1>,WHNP,MQ,MQ_OBJ,
13542,0,what kind of Fizzie do you have today?,1.0,-NONE-ABAR-WH-,T,WH,NP,NP,OBJ,OBJ,WHNP-1-<INANIM>-<THEME-V1>,WHNP,MQ,MQ_OBJ,
13544,0,which do you like better?,1.0,-NONE-ABAR-WH-,T,WH,NP,NP,OBJ,OBJ,WHNP-1-<INANIM>-<SUBJMATT-V1>,WHNP,MQ,MQ_OBJ,
13547,0,what else is inside your glass?,1.0,-NONE-ABAR-WH-,T,WH,NP,NP,SUBJ,SUBJ,WHNP-1-<INANIM>,WHNP,MQ,MQ_SUBJ,
13555,0,and what's she doing there?,1.0,-NONE-ABAR-WH-,T,WH,NP,NP,OBJ,OBJ,WHNP-1-<INANIM>-<THEME-V1>,WHNP,EQ,EQ_OBJ,
13556,0,what kind of truck is she on?,1.0,-NONE-ABAR-WH-,T,WH,NP,NP,OBJ,OBJ,WHNP-1-<INANIM>,WHNP,MQ,MQ_OBJ,
13562,0,how are you Eve?,1.0,-NONE-ABAR-WH-,T,WH,ADVP,ADVP,ADJUNCT,ADJUNCT,WHADVP-1,WHADVP,MQ,MQ_ADJUNCT,
13563,0,what's that she's sitting on?,1.0,-NONE-ABAR-WH-,T,WH,NP,NP,OBJ,OBJ,WHNP-1-<INANIM>-<LOC-V1>,WHNP,EQ,EQ_OBJ,sitting
13572,0,in fact there's a new baby *NULL* I've not seen but only heard.,1.0,-NONE-ABAR-RC-,T,RC,NP,NP,OBJ,OBJ,WHNP-1-<ANIM>-<SUBJMATT-V1>-<SUBJMATT-V2>,WHNP,RC,RC_OBJ,
13572,1,in fact there's a new baby *NULL* I've not seen but only heard.,1.0,-NONE-ABAR-RC-,T,RC,NP,NP,OBJ,OBJ,WHNP-1-<ANIM>-<SUBJMATT-V1>-<SUBJMATT-V2>,WHNP,RC,RC_OBJ,
13583,0,Eve what's this over here?,1.0,-NONE-ABAR-WH-,T,WH,NP,NP,OBJ,OBJ,WHNP-1-<INANIM>,WHNP,MQ,MQ_OBJ,
13599,0,what is Papa doing?,1.0,-NONE-ABAR-WH-,T,WH,NP,NP,OBJ,OBJ,WHNP-1-<INANIM>-<THEME-V1>,WHNP,MQ,MQ_OBJ,
13600,0,who's that?,1.0,-NONE-ABAR-WH-,T,WH,NP,NP,OBJ,OBJ,WHNP-1-<ANIM>,WHNP,MQ,MQ_OBJ,
13608,0,what's Sarah doing?,1.0,-NONE-ABAR-WH-,T,WH,NP,NP,OBJ,OBJ,WHNP-1-<INANIM>-<THEME-V1>,WHNP,MQ,MQ_OBJ,
13611,0,why don't you sit here and you write there?,1.0,-NONE-ABAR-WH-,T,WH,ADVP,ADVP,ADJUNCT,ADJUNCT,WHADVP-1,WHADVP,MQ,MQ_ADJUNCT,
13613,0,where's your crayon Eve?,1.0,-NONE-ABAR-WH-,T,WH,ADVP,ADVP,ADJUNCT,ADJUNCT,WHADVP-1,WHADVP,MQ,MQ_ADJUNCT,
13614,0,where's your writing pad Eve?,1.0,-NONE-ABAR-WH-,T,WH,ADVP,ADVP,ADJUNCT,ADJUNCT,WHADVP-1,WHADVP,MQ,MQ_ADJUNCT,
13615,0,let's see what can we let you write on?,1.0,-NONE-ABAR-WH-,T,WH,NP,NP,OBJ,OBJ,WHNP-1-<INANIM>-<LOC-V4>,WHNP,MQ,MQ_OBJ,
13620,0,what's the baby doing?,1.0,-NONE-ABAR-WH-,T,WH,NP,NP,OBJ,OBJ,WHNP-1-<INANIM>-<THEME-V1>,WHNP,MQ,MQ_OBJ,
13623,0,what's the baby doing.,1.0,-NONE-ABAR-WH-,T,WH,NP,NP,OBJ,OBJ,WHNP-1-<INANIM>-<THEME-V1>,WHNP,MQ,MQ_OBJ,
13636,0,how's that?,1.0,-NONE-ABAR-WH-,T,WH,ADVP,ADVP,ADJUNCT,ADJUNCT,WHADVP-1,WHADVP,MQ,MQ_ADJUNCT,
13640,0,what's that?,1.0,-NONE-ABAR-WH-,T,WH,NP,NP,OBJ,OBJ,WHNP-1-<INANIM>,WHNP,MQ,MQ_OBJ,
13648,0,what's Sarah doing?,1.0,-NONE-ABAR-WH-,T,WH,NP,NP,OBJ,OBJ,WHNP-1-<INANIM>-<THEME-V1>,WHNP,MQ,MQ_OBJ,
13649,0,what does she have?,1.0,-NONE-ABAR-WH-,T,WH,NP,NP,OBJ,OBJ,WHNP-1-<INANIM>-<THEME-V1>,WHNP,MQ,MQ_OBJ,
13652,0,what'd you do?,1.0,-NONE-ABAR-WH-,T,WH,NP,NP,OBJ,OBJ,WHNP-1-<INANIM>-<THEME-V1>,WHNP,MQ,MQ_OBJ,
13687,0,look at what you did.,1.0,-NONE-ABAR-WH-,T,WH,NP,NP,OBJ,OBJ,WHNP-1-<INANIM>-<THEME-V2>,WHNP,EQ,EQ_OBJ,look
13705,0,how many eyes do you have?,1.0,-NONE-ABAR-WH-,T,WH,NP,NP,OBJ,OBJ,WHNP-1-<INANIM>-<THEME-V1>,WHNP,MQ,MQ_OBJ,
13715,0,how's that?,1.0,-NONE-ABAR-WH-,T,WH,ADVP,ADVP,ADJUNCT,ADJUNCT,WHADVP-1,WHADVP,MQ,MQ_ADJUNCT,
13724,0,what kind of Fizzie is it?,1.0,-NONE-ABAR-WH-,T,WH,NP,NP,OBJ,OBJ,WHNP-1-<INANIM>,WHNP,MQ,MQ_OBJ,
13728,0,how many icecubes do we have?,1.0,-NONE-ABAR-WH-,T,WH,NP,NP,OBJ,OBJ,WHNP-1-<INANIM>-<THEME-V1>,WHNP,MQ,MQ_OBJ,
13734,0,I think Eve the top fell on the floor if that's what you're,,,,POLAR,,,,POLAR,,,EQ,EQ_POLAR,think
13734,1,I think Eve the top fell on the floor if that's what you're,,,,POLAR,,,,POLAR,,,EQ,EQ_POLAR,fell
13737,0,where is it?,1.0,-NONE-ABAR-WH-,T,WH,ADVP,ADVP,ADJUNCT,ADJUNCT,WHADVP-1,WHADVP,MQ,MQ_ADJUNCT,
13743,0,and what'll we put in the bottle?,1.0,-NONE-ABAR-WH-,T,WH,NP,NP,OBJ,OBJ,WHNP-1-<INANIM>-<PATIENT-V1>,WHNP,EQ,EQ_OBJ,
13748,0,what shall we put in that bottle?,1.0,-NONE-ABAR-WH-,T,WH,NP,NP,OBJ,OBJ,WHNP-1-<INANIM>-<PATIENT-V1>,WHNP,MQ,MQ_OBJ,
13750,0,what's a matter?,1.0,-NONE-ABAR-WH-,T,WH,NP,NP,OBJ,OBJ,WHNP-1-<INANIM>,WHNP,MQ,MQ_OBJ,
13751,0,what're you putting in?,1.0,-NONE-ABAR-WH-,T,WH,NP,NP,OBJ,OBJ,WHNP-1-<INANIM>-<PATIENT-V1>,WHNP,MQ,MQ_OBJ,
13755,0,where's your toy?,1.0,-NONE-ABAR-WH-,T,WH,ADVP,ADVP,ADJUNCT,ADJUNCT,WHADVP-1,WHADVP,MQ,MQ_ADJUNCT,
13779,0,what'd you put on the spoon?,1.0,-NONE-ABAR-WH-,T,WH,NP,NP,OBJ,OBJ,WHNP-1-<INANIM>-<PATIENT-V1>,WHNP,MQ,MQ_OBJ,
13804,0,which side will we begin?,1.0,-NONE-ABAR-WH-,T,WH,NP,NP,OBJ,OBJ,WHNP-1-<INANIM>-<PATIENT-V1>,WHNP,MQ,MQ_OBJ,
13807,0,what's this Eve?,1.0,-NONE-ABAR-WH-,T,WH,NP,NP,OBJ,OBJ,WHNP-1-<INANIM>,WHNP,MQ,MQ_OBJ,
13808,0,what's that?,1.0,-NONE-ABAR-WH-,T,WH,NP,NP,OBJ,OBJ,WHNP-1-<INANIM>,WHNP,MQ,MQ_OBJ,
13811,0,what is it?,1.0,-NONE-ABAR-WH-,T,WH,NP,NP,OBJ,OBJ,WHNP-1-<INANIM>,WHNP,MQ,MQ_OBJ,
13813,0,where's he going to ride?,1.0,-NONE-ABAR-WH-,T,WH,ADVP,ADVP,ADJUNCT,ADJUNCT,WHADVP-1,WHADVP,MQ,MQ_ADJUNCT,
13814,0,where's he going to ride the bicycle?,1.0,-NONE-ABAR-WH-,T,WH,ADVP,ADVP,ADJUNCT,ADJUNCT,WHADVP-1,WHADVP,MQ,MQ_ADJUNCT,
13817,0,then where is he going?,1.0,-NONE-ABAR-WH-,T,WH,ADVP,ADVP,ADJUNCT,ADJUNCT,WHADVP-1,WHADVP,MQ,MQ_ADJUNCT,
13820,0,you want to sit on a chair you mean?,,,,POLAR,,,,POLAR,,,MQ,MQ_POLAR,
13826,0,how closer can you get?,1.0,-NONE-ABAR-WH-,T,WH,ADVP,ADVP,ADJUNCT,ADJUNCT,WHADVP-1,WHADVP,MQ,MQ_ADJUNCT,
13830,0,what is that?,1.0,-NONE-ABAR-WH-,T,WH,NP,NP,OBJ,OBJ,WHNP-1-<INANIM>,WHNP,MQ,MQ_OBJ,
13834,0,what's our car doing at Granny's house?,1.0,-NONE-ABAR-WH-,T,WH,NP,NP,OBJ,OBJ,WHNP-1-<INANIM>-<THEME-V1>,WHNP,MQ,MQ_OBJ,
13835,0,what's our car doing at Granny's house?,1.0,-NONE-ABAR-WH-,T,WH,NP,NP,OBJ,OBJ,WHNP-1-<INANIM>-<THEME-V1>,WHNP,MQ,MQ_OBJ,
13837,0,and look who's looking out the window at Granny's house?,1.0,-NONE-ABAR-WH-,T,WH,NP,NP,SUBJ,SUBJ,WHNP-1-<ANIM>-<AGENT-V2>,WHNP,EQ,EQ_SUBJ,look
13838,0,look who's looking out the window at Granny's house.,1.0,-NONE-ABAR-WH-,T,WH,NP,NP,SUBJ,SUBJ,WHNP-1-<ANIM>-<AGENT-V2>,WHNP,EQ,EQ_SUBJ,look
13839,0,who's that?,1.0,-NONE-ABAR-WH-,T,WH,NP,NP,SUBJ,SUBJ,WHNP-1-<ANIM>,WHNP,MQ,MQ_SUBJ,
13847,0,and who's this?,1.0,-NONE-ABAR-WH-,T,WH,NP,NP,OBJ,OBJ,WHNP-1-<ANIM>,WHNP,EQ,EQ_OBJ,
13848,0,walking up to the door who lives there?,1.0,-NONE-ABAR-WH-,T,WH,NP,NP,SUBJ,SUBJ,WHNP-1-<ANIM>-<THEME-V2>,WHNP,MQ,MQ_SUBJ,
13851,0,then who is it?,1.0,-NONE-ABAR-WH-,T,WH,NP,NP,OBJ,OBJ,WHNP-1-<ANIM>,WHNP,MQ,MQ_OBJ,
13857,0,and who's going to eat it when she gets it to Granny's house?,1.0,-NONE-ABAR-WH-,T,WH,NP-2,NP,SUBJ,SUBJ,WHNP-1-<ANIM>-<AGENT-V1>,WHNP,EQ,EQ_SUBJ,
13857,1,and who's going to eat it when she gets it to Granny's house?,3.0,-NONE-ABAR-WH-,T,WH,ADVP,ADVP,ADJUNCT,ADJUNCT,WHADVP-3,WHADVP,EQ,EQ_ADJUNCT,eat
13864,0,show Sarah what's happening.,1.0,-NONE-ABAR-WH-,T,WH,NP,NP,SUBJ,SUBJ,WHNP-1-<INANIM>-<THEME-V2>,WHNP,EQ,EQ_SUBJ,show
13865,0,tell her what's happening.,1.0,-NONE-ABAR-WH-,T,WH,NP,NP,SUBJ,SUBJ,WHNP-1-<INANIM>-<THEME-V2>,WHNP,EQ,EQ_SUBJ,tell
13866,0,tell her what's in the picture.,1.0,-NONE-ABAR-WH-,T,WH,NP,NP,SUBJ,SUBJ,WHNP-1-<INANIM>,WHNP,EQ,EQ_SUBJ,tell
13905,0,what's wrong with fat Sarah?,1.0,-NONE-ABAR-WH-,T,WH,NP,NP,SUBJ,SUBJ,WHNP-1-<INANIM>,WHNP,MQ,MQ_SUBJ,
13940,0,see it has very sharp edges and that would hurt if you fall on it.,,,,POLAR,,,,POLAR,,,EQ,EQ_POLAR,hurt
13942,0,Sarah what's wrong with you?,1.0,-NONE-ABAR-WH-,T,WH,NP,NP,SUBJ,SUBJ,WHNP-1-<INANIM>,WHNP,MQ,MQ_SUBJ,
13943,0,what's wrong with Sarah Eve?,1.0,-NONE-ABAR-WH-,T,WH,NP,NP,SUBJ,SUBJ,WHNP-1-<INANIM>,WHNP,MQ,MQ_SUBJ,
13949,0,I think maybe that's what she wants.,1.0,-NONE-ABAR-WH-,T,WH,NP,NP,OBJ,OBJ,WHNP-1-<INANIM>-<SUBJMATT-V2>,WHNP,EQ,EQ_OBJ,wants
13963,0,what did you say?,1.0,-NONE-ABAR-WH-,T,WH,NP,NP,OBJ,OBJ,WHNP-1-<INANIM>-<THEME-V1>,WHNP,MQ,MQ_OBJ,
13981,0,Sarah what's wrong babe?,1.0,-NONE-ABAR-WH-,T,WH,NP,NP,SUBJ,SUBJ,WHNP-1-<INANIM>,WHNP,MQ,MQ_SUBJ,
13983,0,where's your tablet?,1.0,-NONE-ABAR-WH-,T,WH,ADVP,ADVP,ADJUNCT,ADJUNCT,WHADVP-1,WHADVP,MQ,MQ_ADJUNCT,
13984,0,where's Papa's tablet?,1.0,-NONE-ABAR-WH-,T,WH,ADVP,ADVP,ADJUNCT,ADJUNCT,WHADVP-1,WHADVP,MQ,MQ_ADJUNCT,
13987,0,what's that?,1.0,-NONE-ABAR-WH-,T,WH,NP,NP,OBJ,OBJ,WHNP-1-<INANIM>,WHNP,MQ,MQ_OBJ,
13988,0,what is that?,1.0,-NONE-ABAR-WH-,T,WH,NP,NP,OBJ,OBJ,WHNP-1-<INANIM>,WHNP,MQ,MQ_OBJ,
13989,0,what is that?,1.0,-NONE-ABAR-WH-,T,WH,NP,NP,OBJ,OBJ,WHNP-1-<INANIM>,WHNP,MQ,MQ_OBJ,
13991,0,what's in it?,1.0,-NONE-ABAR-WH-,T,WH,NP,NP,SUBJ,SUBJ,WHNP-1-<INANIM>,WHNP,MQ,MQ_SUBJ,
13993,0,I wonder if Sara would like to see it.,,,,POLAR,,,,POLAR,,,EQ,EQ_POLAR,wonder
13997,0,we'll explain to her what it's all about.,1.0,-NONE-ABAR-WH-,T,WH,NP,NP,OBJ,OBJ,WHNP-1-<INANIM>,WHNP,EQ,EQ_OBJ,explain
14016,0,"oh, what was that?",1.0,-NONE-ABAR-WH-,T,WH,NP,NP,OBJ,OBJ,WHNP-1-<INANIM>,WHNP,EQ,EQ_OBJ,
14019,0,what's a Bx?,1.0,-NONE-ABAR-WH-,T,WH,NP,NP,OBJ,OBJ,WHNP-1-<INANIM>,WHNP,MQ,MQ_OBJ,
14025,0,"indeed, the strangest *NULL* I've ever seen.",1.0,-NONE-ABAR-RC-,T,RC,NP,NP,OBJ,OBJ,WHNP-1-<INANIM>-<SUBJMATT-V1>,WHNP,RC,RC_OBJ,
14028,0,that's no Bx *NULL* I've seen.,1.0,-NONE-ABAR-RC-,T,RC,NP,NP,OBJ,OBJ,WHNP-1-<INANIM>-<SUBJMATT-V1>,WHNP,RC,RC_OBJ,
14032,0,it has sharp edges and it hurts when you touch it.,1.0,-NONE-ABAR-WH-,T,WH,ADVP,ADVP,ADJUNCT,ADJUNCT,WHADVP-1,WHADVP,EQ,EQ_ADJUNCT,hurts
14039,0,what do you want for lunch?,1.0,-NONE-ABAR-WH-,T,WH,NP,NP,OBJ,OBJ,WHNP-1-<INANIM>-<SUBJMATT-V1>,WHNP,MQ,MQ_OBJ,
14061,0,what is it?,1.0,-NONE-ABAR-WH-,T,WH,NP,NP,OBJ,OBJ,WHNP-1-<INANIM>,WHNP,MQ,MQ_OBJ,
14066,0,how's that?,1.0,-NONE-ABAR-WH-,T,WH,ADVP,ADVP,ADJUNCT,ADJUNCT,WHADVP-1,WHADVP,MQ,MQ_ADJUNCT,
14069,0,now let's see how can we make an eggnog.,1.0,-NONE-ABAR-WH-,T,WH,ADVP,ADVP,ADJUNCT,ADJUNCT,WHADVP-1,WHADVP,EQ,EQ_ADJUNCT,see
14071,0,how's that?,1.0,-NONE-ABAR-WH-,T,WH,ADVP,ADVP,ADJUNCT,ADJUNCT,WHADVP-1,WHADVP,MQ,MQ_ADJUNCT,
14072,0,"now what do we need for an eggnog, Eve?",1.0,-NONE-ABAR-WH-,T,WH,NP,NP,OBJ,OBJ,WHNP-1-<INANIM>-<SUBJMATT-V1>,WHNP,MQ,MQ_OBJ,
14086,0,how's that?,1.0,-NONE-ABAR-WH-,T,WH,ADVP,ADVP,ADJUNCT,ADJUNCT,WHADVP-1,WHADVP,MQ,MQ_ADJUNCT,
14095,0,where's the pitcher.,1.0,-NONE-ABAR-WH-,T,WH,ADVP,ADVP,ADJUNCT,ADJUNCT,WHADVP-1,WHADVP,MQ,MQ_ADJUNCT,
14098,0,how's that one?,1.0,-NONE-ABAR-WH-,T,WH,ADVP,ADVP,ADJUNCT,ADJUNCT,WHADVP-1,WHADVP,MQ,MQ_ADJUNCT,
14106,0,"what's that *NULL* you're eating, Eve?",2.0,-NONE-ABAR-RC-,T,RC,NP,NP,OBJ,OBJ,WHNP-2-<INANIM>-<PATIENT-V1>,WHNP,RC,RC_OBJ,
14106,1,"what's that *NULL* you're eating, Eve?",1.0,-NONE-ABAR-WH-,T,WH,NP,NP,OBJ,OBJ,WHNP-1-<INANIM>,WHNP,MQ,MQ_OBJ,
14112,0,what kind of cheese is that?,1.0,-NONE-ABAR-WH-,T,WH,NP,NP,OBJ,OBJ,WHNP-1-<INANIM>>,WHNP,MQ,MQ_OBJ,
14114,0,where is she?,1.0,-NONE-ABAR-WH-,T,WH,ADVP,ADVP,ADJUNCT,ADJUNCT,WHADVP-1,WHADVP,MQ,MQ_ADJUNCT,
14132,0,what's Sara saying?,1.0,-NONE-ABAR-WH-,T,WH,NP,NP,OBJ,OBJ,WHNP-1-<INANIM>-<THEME-V1>,WHNP,MQ,MQ_OBJ,
14134,0,what's the matter?,1.0,-NONE-ABAR-WH-,T,WH,NP,NP,OBJ,OBJ,WHNP-1-<INANIM>,WHNP,MQ,MQ_OBJ,
14143,0,you want to see what I have?,1.0,-NONE-ABAR-WH-,T,WH,NP,NP,OBJ,OBJ,WHNP-1-<INANIM>-<THEME-V3>,WHNP,EQ,EQ_OBJ,see
14146,0,how's your cheese doing?,1.0,-NONE-ABAR-WH-,T,WH,ADVP,ADVP,ADJUNCT,ADJUNCT,WHADVP-1,WHADVP,MQ,MQ_ADJUNCT,
14150,0,what is it?,1.0,-NONE-ABAR-WH-,T,WH,NP,NP,OBJ,OBJ,WHNP-1-<INANIM>,WHNP,MQ,MQ_OBJ,
14153,0,how many fingers do you have?,1.0,-NONE-ABAR-WH-,T,WH,NP,NP,OBJ,OBJ,WHNP-1-<INANIM>-<THEME-V1>,WHNP,MQ,MQ_OBJ,
14162,0,what kind of slippers did David buy you?,1.0,-NONE-ABAR-WH-,T,WH,NP,NP,OBJ,OBJ,WHNP-1-<INANIM>-<PATIENT-V1>,WHNP,MQ,MQ_OBJ,
14163,0,"what kind of slippers did David buy, did Poppa buy you?",1.0,-NONE-ABAR-WH-,T,WH,NP,NP,OBJ,OBJ,WHNP-1-<INANIM>-<PATIENT-V1>,WHNP,MQ,MQ_OBJ,
14177,0,now how's fat Sara?,1.0,-NONE-ABAR-WH-,T,WH,ADVP,ADVP,ADJUNCT,ADJUNCT,WHADVP-1,WHADVP,MQ,MQ_ADJUNCT,
14181,0,"Sara, what could be bothering you, child.",1.0,-NONE-ABAR-WH-,T,WH,NP,NP,SUBJ,SUBJ,WHNP-1-<INANIM>-<CAUSER-V1>,WHNP,EQ,EQ_SUBJ,
14202,0,"what did you say, sweetheart?",1.0,-NONE-ABAR-WH-,T,WH,NP,NP,OBJ,OBJ,WHNP-1-<INANIM>-<THEME-V1>,WHNP,MQ,MQ_OBJ,
14210,0,what are you going to eat next?,1.0,-NONE-ABAR-WH-,T,WH,NP,NP,OBJ,OBJ,WHNP-1-<INANIM>-<PATIENT-V1>,WHNP,MQ,MQ_OBJ,
14211,0,who's cutting?,1.0,-NONE-ABAR-WH-,T,WH,NP,NP,SUBJ,SUBJ,WHNP-1-<ANIM>-<AGENT-V1>,WHNP,MQ,MQ_SUBJ,
14212,0,what's he cutting?,1.0,-NONE-ABAR-WH-,T,WH,NP,NP,OBJ,OBJ,WHNP-1-<INANIM>-<PATIENT-V1>,WHNP,MQ,MQ_OBJ,
14213,0,"what's a matter, Sara?",1.0,-NONE-ABAR-WH-,T,WH,NP,NP,OBJ,OBJ,WHNP-1-<INANIM>,WHNP,MQ,MQ_OBJ,
14216,0,what's the matter?,1.0,-NONE-ABAR-WH-,T,WH,NP,NP,OBJ,OBJ,WHNP-1-<INANIM>,WHNP,MQ,MQ_OBJ,
14221,0,"how did Momma go to Boston, Eve?",1.0,-NONE-ABAR-WH-,T,WH,ADVP,ADVP,ADJUNCT,ADJUNCT,WHADVP-1,WHADVP,MQ,MQ_ADJUNCT,
