tree_id,dep_id,sentence,idx,none_pos,tracekind,family,gap_phrase_label,gap_phrase_base,gap_role,gap_subtype,filler_label,filler_base,construction,final_label,embed_verb
0,0,so you can put it in a notebook if you like.,,,,POLAR,,,,POLAR,,,EQ,EQ_POLAR,put
1,0,what happened?,1.0,-NONE-ABAR-WH-,T,WH,NP,NP,SUBJ,SUBJ,WHNP-1-<INANIM>-<THEME-V1>,WHNP,MQ,MQ_SUBJ,
5,0,what is it?,1.0,-NONE-ABAR-WH-,T,WH,NP,NP,OBJ,OBJ,WHNP-1-<INANIM>,WHNP,MQ,MQ_OBJ,
11,0,what color is this?,1.0,-NONE-ABAR-WH-,T,WH,NP,NP,OBJ,OBJ,WHNP-1-<INANIM>,WHNP,MQ,MQ_OBJ,
18,0,"what is that, Adam?",1.0,-NONE-ABAR-WH-,T,WH,NP,NP,OBJ,OBJ,WHNP-1-<INANIM>,WHNP,MQ,MQ_OBJ,
22,0,what do you see in the mirror?,1.0,-NONE-ABAR-WH-,T,WH,NP,NP,OBJ,OBJ,WHNP-1-<INANIM>,WHNP,MQ,MQ_OBJ,
34,0,"oh, what're you going to do?",1.0,-NONE-ABAR-WH-,T,WH,NP,NP,OBJ,OBJ,WHNP-1-<INANIM>-<THEME-V1>,WHNP,MQ,MQ_OBJ,
46,0,how did you attach that?,1.0,-NONE-ABAR-WH-,T,WH,ADVP,ADVP,ADJUNCT,ADJUNCT,WHADVP-1,WHADVP,MQ,MQ_ADJUNCT,
50,0,what is it?,1.0,-NONE-ABAR-WH-,T,WH,NP,NP,OBJ,OBJ,WHNP-1-<INANIM>,WHNP,MQ,MQ_OBJ,
52,0,show your Mother and ask her if it's safe.,,,,POLAR,,,,POLAR,,,EQ,EQ_POLAR,ask
54,0,I know what you can do.,1.0,-NONE-ABAR-RC-,T,RC,NP,NP,OBJ,OBJ,WHNP-1-<INANIM>-<THEME-V2>,WHNP,EQ,EQ_OBJ,know
55,0,just take one paper and then find one that you'd like to make.,1.0,-NONE-ABAR-RC-,T,RC,NP,NP,OBJ,OBJ,WHNP-1-<INANIM>-<PATIENT-V4>,WHNP,RC,RC_OBJ,
56,0,why don't you use some of the other tape that Ursula gave you?,2.0,-NONE-ABAR-RC-,T,RC,NP,NP,OBJ,OBJ,WHNP-2-<INANIM>-<PATIENT-V2>,WHNP,RC,RC_OBJ,
56,1,why don't you use some of the other tape that Ursula gave you?,1.0,-NONE-ABAR-WH-,T,WH,ADVP,ADVP,ADJUNCT,ADJUNCT,WHADVP-1,WHADVP,MQ,MQ_ADJUNCT,
57,0,why don't you use some of this?,1.0,-NONE-ABAR-WH-,T,WH,ADVP,ADVP,ADJUNCT,ADJUNCT,WHADVP-1,WHADVP,MQ,MQ_ADJUNCT,
66,0,see there where your finger is?,1.0,-NONE-ABAR-RC-,T,RC,ADVP,ADVP,ADJUNCT,ADJUNCT,WHADVP-1,WHADVP,EQ,EQ_ADJUNCT,see
77,0,"oh no, we can make one that's big enough right here.",1.0,-NONE-ABAR-RC-,T,RC,NP,NP,OBJ,OBJ,WHNP-1-<INANIM>,WHNP,RC,RC_OBJ,
78,0,what's my name?,1.0,-NONE-ABAR-WH-,T,WH,NP,NP,OBJ,OBJ,WHNP-1-<INANIM>,WHNP,MQ,MQ_OBJ,
87,0,how will I get to the other side?,1.0,-NONE-ABAR-WH-,T,WH,ADVP,ADVP,ADJUNCT,ADJUNCT,WHADVP-1,WHADVP,MQ,MQ_ADJUNCT,
89,0,what do you have to do when you cross the street?,1.0,-NONE-ABAR-WH-,T,WH,NP,NP,OBJ,OBJ,WHNP-1-<INANIM>-<THEME-V1>,WHNP,MQ,MQ_OBJ,
89,1,what do you have to do when you cross the street?,3.0,-NONE-ABAR-RC-,T,RC,ADVP,ADVP,ADJUNCT,ADJUNCT,WHADVP-3,WHADVP,EQ,EQ_ADJUNCT,do
94,0,why don't you tell us a story?,1.0,-NONE-ABAR-WH-,T,WH,ADVP,ADVP,ADJUNCT,ADJUNCT,WHADVP-1,WHADVP,MQ,MQ_ADJUNCT,
95,0,tell Ursula where you went yesterday.,1.0,-NONE-ABAR-RC-,T,RC,ADVP,ADVP,ADJUNCT,ADJUNCT,WHADVP-1,WHADVP,EQ,EQ_ADJUNCT,tell
96,0,where did you see boats?,1.0,-NONE-ABAR-WH-,T,WH,ADVP,ADVP,ADJUNCT,ADJUNCT,WHADVP-1,WHADVP,MQ,MQ_ADJUNCT,
97,0,where were you?,1.0,-NONE-ABAR-WH-,T,WH,ADVP,ADVP,ADJUNCT,ADJUNCT,WHADVP-1,WHADVP,MQ,MQ_ADJUNCT,
98,0,what else did you see.,1.0,-NONE-ABAR-WH-,T,WH,NP,NP,OBJ,OBJ,WHNP-1-<SUBJMATT-V1>,WHNP,MQ,MQ_OBJ,
101,0,"Adam, where did you see the boats?",1.0,-NONE-ABAR-WH-,T,WH,ADVP,ADVP,ADJUNCT,ADJUNCT,WHADVP-1,WHADVP,MQ,MQ_ADJUNCT,
102,0,tell Ursula where you went yesterday.,1.0,-NONE-ABAR-RC-,T,RC,ADVP,ADVP,ADJUNCT,ADJUNCT,WHADVP-1,WHADVP,EQ,EQ_ADJUNCT,tell
103,0,"where were you, Adam?",1.0,-NONE-ABAR-WH-,T,WH,ADVP,ADVP,ADJUNCT,ADJUNCT,WHADVP-1,WHADVP,MQ,MQ_ADJUNCT,
107,0,what is that?,1.0,-NONE-ABAR-WH-,T,WH,NP,NP,OBJ,OBJ,WHNP-1-<INANIM>,WHNP,MQ,MQ_OBJ,
108,0,see if it can fly.,,,,POLAR,,,,POLAR,,,EQ,EQ_POLAR,see
114,0,what does the duck do in the water?,1.0,-NONE-ABAR-WH-,T,WH,NP,NP,OBJ,OBJ,WHNP-1-<INANIM>-<THEME-V1>,WHNP,MQ,MQ_OBJ,
121,0,how can I make a street light?,1.0,-NONE-ABAR-WH-,T,WH,ADVP,ADVP,ADJUNCT,ADJUNCT,WHADVP-1,WHADVP,MQ,MQ_ADJUNCT,
129,0,don't you think Robin has to look both ways when he crosses the,2.0,-NONE-ABAR-RC-,T,RC,ADVP,ADVP,ADJUNCT,ADJUNCT,WHADVP-2,WHADVP,EQ,EQ_ADJUNCT,look
132,0,because if you don't look both ways a car might come one way and hit,,,,POLAR,,,,POLAR,,,EQ,EQ_POLAR,
132,1,because if you don't look both ways a car might come one way and hit,,,,POLAR,,,,POLAR,,,EQ,EQ_POLAR,
140,0,you didn't tell Ursula where you went yesterday and what else,1.0,-NONE-ABAR-RC-,T,RC,ADVP,ADVP,ADJUNCT,ADJUNCT,WHADVP-1,WHADVP,EQ,EQ_ADJUNCT,tell
143,0,what else did you see?,1.0,-NONE-ABAR-WH-,T,WH,NP,NP,OBJ,OBJ,WHNP-1-<INANIM>-<SUBJMATT-V1>,WHNP,MQ,MQ_OBJ,
144,0,where did you see the ducks?,1.0,-NONE-ABAR-WH-,T,WH,ADVP,ADVP,ADJUNCT,ADJUNCT,WHADVP-1,WHADVP,MQ,MQ_ADJUNCT,
147,0,where was the water?,1.0,-NONE-ABAR-WH-,T,WH,ADVP,ADVP,ADJUNCT,ADJUNCT,WHADVP-1,WHADVP,MQ,MQ_ADJUNCT,
151,0,I know where you went.,1.0,-NONE-ABAR-RC-,T,RC,ADVP,ADVP,ADJUNCT,ADJUNCT,WHADVP-1,WHADVP,EQ,EQ_ADJUNCT,know
158,0,"where was the swan boat, Adam?",1.0,-NONE-ABAR-WH-,T,WH,ADVP,ADVP,ADJUNCT,ADJUNCT,WHADVP-1,WHADVP,MQ,MQ_ADJUNCT,
159,0,do you know where the swan boat was?,1.0,-NONE-ABAR-RC-,T,RC,ADVP,ADVP,ADJUNCT,ADJUNCT,WHADVP-1,WHADVP,EQ,EQ_ADJUNCT,know
171,0,what's an alligator?,1.0,-NONE-ABAR-WH-,T,WH,NP,NP,SUBJ,SUBJ,WHNP-1-<INANIM>,WHNP,MQ,MQ_SUBJ,
176,0,what's an alligator?,1.0,-NONE-ABAR-WH-,T,WH,NP,NP,SUBJ,SUBJ,WHNP-1-<INANIM>,WHNP,MQ,MQ_SUBJ,
177,0,what's an alligator?,1.0,-NONE-ABAR-WH-,T,WH,NP,NP,SUBJ,SUBJ,WHNP-1-<INANIM>,WHNP,MQ,MQ_SUBJ,
178,0,what's an alligator?,1.0,-NONE-ABAR-WH-,T,WH,NP,NP,OBJ,OBJ,WHNP-1-<INANIM>,WHNP,MQ,MQ_OBJ,
182,0,why don't you tell me that story?,1.0,-NONE-ABAR-WH-,T,WH,ADVP,ADVP,ADJUNCT,ADJUNCT,WHADVP-1,WHADVP,MQ,MQ_ADJUNCT,
186,0,what's this doggie's name?,1.0,-NONE-ABAR-WH-,T,WH,NP,NP,SUBJ,SUBJ,WHNP-1-<INANIM>,WHNP,MQ,MQ_SUBJ,
187,0,what kind of doggie was he?,1.0,-NONE-ABAR-WH-,T,WH,NP,NP,OBJ,OBJ,WHNP-1-<INANIM>,WHNP,MQ,MQ_OBJ,
189,0,what kind of house did he live in?,1.0,-NONE-ABAR-WH-,T,WH,NP,NP,OBJ,OBJ,WHNP-1-<INANIM>-<LOC-V1>,WHNP,MQ,MQ_OBJ,
192,0,what did he have?,1.0,-NONE-ABAR-WH-,T,WH,NP,NP,OBJ,OBJ,WHNP-1-<INANIM>-<THEME-V1>,WHNP,MQ,MQ_OBJ,
196,0,what kind of bed did he sleep on?,1.0,-NONE-ABAR-WH-,T,WH,NP,NP,OBJ,OBJ,WHNP-1-<INANIM>-<LOC-V1>,WHNP,MQ,MQ_OBJ,
198,0,what kind of yard did he have?,1.0,-NONE-ABAR-WH-,T,WH,NP,NP,OBJ,OBJ,WHNP-1-<INANIM>-<THEME-V1>,WHNP,MQ,MQ_OBJ,
201,0,why was Peppy lonely?,1.0,-NONE-ABAR-WH-,T,WH,ADVP,ADVP,ADJUNCT,ADJUNCT,WHADVP-1,WHADVP,MQ,MQ_ADJUNCT,
205,0,who is that?,1.0,-NONE-ABAR-WH-,T,WH,NP,NP,OBJ,OBJ,WHNP-1-<ANIM>,WHNP,MQ,MQ_OBJ,
208,0,what's this?,1.0,-NONE-ABAR-WH-,T,WH,NP,NP,OBJ,OBJ,WHNP-1-<INANIM>,WHNP,MQ,MQ_OBJ,
213,0,what are these?,1.0,-NONE-ABAR-WH-,T,WH,NP,NP,OBJ,OBJ,WHNP-1-<INANIM>,WHNP,MQ,MQ_OBJ,
215,0,who is this?,1.0,-NONE-ABAR-WH-,T,WH,NP,NP,OBJ,OBJ,WHNP-1-<ANIM>,WHNP,MQ,MQ_OBJ,
217,0,what would you do with it?,1.0,-NONE-ABAR-WH-,T,WH,NP,NP,OBJ,OBJ,WHNP-1-<INANIM>-<THEME-V1>,WHNP,MQ,MQ_OBJ,
231,0,"Adam, how does your Daddy shave?",1.0,-NONE-ABAR-WH-,T,WH,ADVP,ADVP,ADJUNCT,ADJUNCT,WHADVP-1,WHADVP,MQ,MQ_ADJUNCT,
234,0,ask your Mother if it's alright for you to play with this,,,,POLAR,,,,POLAR,,,EQ,EQ_POLAR,ask
236,0,what is it?,1.0,-NONE-ABAR-WH-,T,WH,NP,NP,OBJ,OBJ,WHNP-1-<INANIM>,WHNP,MQ,MQ_OBJ,
239,0,"what do you find, Adam?",1.0,-NONE-ABAR-WH-,T,WH,NP,NP,OBJ,OBJ,WHNP-1-<INANIM>-<PATIENT-V1>,WHNP,MQ,MQ_OBJ,
247,0,what is it?,1.0,-NONE-ABAR-WH-,T,WH,NP,NP,OBJ,OBJ,WHNP-1-<INANIM>,WHNP,MQ,MQ_OBJ,
249,0,do you know what they call these?,1.0,-NONE-ABAR-RC-,T,RC,NP,NP,OBJ,OBJ,WHNP-1-<INANIM>-<PATIENT-V2>,WHNP,EQ,EQ_OBJ,know
250,0,do you know where they go?,1.0,-NONE-ABAR-RC-,T,RC,ADVP,ADVP,ADJUNCT,ADJUNCT,WHADVP-1,WHADVP,EQ,EQ_ADJUNCT,know
251,0,where do they go?,1.0,-NONE-ABAR-WH-,T,WH,ADVP,ADVP,ADJUNCT,ADJUNCT,WHADVP-1,WHADVP,MQ,MQ_ADJUNCT,
257,0,if you're going to shave I think you'd better put your blade in,,,,POLAR,,,,POLAR,,,EQ,EQ_POLAR,
260,0,isn't that what your Daddy does?,1.0,-NONE-ABAR-RC-,T,RC,NP,NP,OBJ,OBJ,WHNP-1-<INANIM>-<THEME-V1>,WHNP,EQ,EQ_OBJ,does
264,0,"what're you doing, Adam?",1.0,-NONE-ABAR-WH-,T,WH,NP,NP,OBJ,OBJ,WHNP-1-<INANIM>-<THEME-V1>,WHNP,MQ,MQ_OBJ,
266,0,"let me see how you shave, Adam.",1.0,-NONE-ABAR-RC-,T,RC,ADVP,ADVP,ADJUNCT,ADJUNCT,WHADVP-1,WHADVP,EQ,EQ_ADJUNCT,see
271,0,don't you look in the mirror when you shave?,1.0,-NONE-ABAR-RC-,T,RC,ADVP,ADVP,ADJUNCT,ADJUNCT,WHADVP-1,WHADVP,EQ,EQ_ADJUNCT,look
276,0,where did you see ant?,1.0,-NONE-ABAR-WH-,T,WH,ADVP,ADVP,ADJUNCT,ADJUNCT,WHADVP-1,WHADVP,MQ,MQ_ADJUNCT,
282,0,if you're careful you may have some water.,,,,POLAR,,,,POLAR,,,EQ,EQ_POLAR,
290,0,when did you shave just like Daddy?,1.0,-NONE-ABAR-WH-,T,WH,ADVP,ADVP,ADJUNCT,ADJUNCT,WHADVP-1,WHADVP,MQ,MQ_ADJUNCT,
291,0,"oh no, that's where your razor was.",1.0,-NONE-ABAR-RC-,T,RC,ADVP,ADVP,ADJUNCT,ADJUNCT,WHADVP-1,WHADVP,EQ,EQ_ADJUNCT,
297,0,what's your Daddy going to say when he finds shaving cream behind,3.0,-NONE-ABAR-RC-,T,RC,ADVP,ADVP,ADJUNCT,ADJUNCT,WHADVP-3,WHADVP,EQ,EQ_ADJUNCT,say
309,0,what're you drinking?,1.0,-NONE-ABAR-WH-,T,WH,NP,NP,OBJ,OBJ,WHNP-1-<INANIM>-<PATIENT-V1>,WHNP,MQ,MQ_OBJ,
313,0,"Adam, what did you do yesterday afternoon?",1.0,-NONE-ABAR-WH-,T,WH,NP,NP,OBJ,OBJ,WHNP-1-<INANIM>-<THEME-V1>,WHNP,MQ,MQ_OBJ,
314,0,what's that?,1.0,-NONE-ABAR-WH-,T,WH,NP,NP,OBJ,OBJ,WHNP-1-<INANIM>,WHNP,MQ,MQ_OBJ,
320,0,what's this?,1.0,-NONE-ABAR-WH-,T,WH,NP,NP,OBJ,OBJ,WHNP-1-<INANIM>,WHNP,MQ,MQ_OBJ,
323,0,what is that?,1.0,-NONE-ABAR-WH-,T,WH,NP,NP,OBJ,OBJ,WHNP-1-<INANIM>,WHNP,MQ,MQ_OBJ,
329,0,what was it?,1.0,-NONE-ABAR-WH-,T,WH,NP,NP,OBJ,OBJ,WHNP-1-<INANIM>,WHNP,MQ,MQ_OBJ,
330,0,where's the baby stuck?,1.0,-NONE-ABAR-WH-,T,WH,ADVP,ADVP,ADJUNCT,ADJUNCT,WHADVP-1,WHADVP,MQ,MQ_ADJUNCT,
333,0,did you tell Ursula where you went yesterday afternoon?,1.0,-NONE-ABAR-RC-,T,RC,ADVP,ADVP,ADJUNCT,ADJUNCT,WHADVP-1,WHADVP,EQ,EQ_ADJUNCT,tell
349,0,do you know what this is?,1.0,-NONE-ABAR-RC-,T,RC,VP,VP,ADJUNCT,ADJUNCT,WHNP-1-<INANIM>,WHNP,EQ,EQ_ADJUNCT,know
353,0,what happens?,1.0,-NONE-ABAR-WH-,T,WH,NP,NP,SUBJ,SUBJ,WHNP-1-<INANIM>-<THEME-V1>,WHNP,MQ,MQ_SUBJ,
354,0,what did you do?,1.0,-NONE-ABAR-WH-,T,WH,NP,NP,OBJ,OBJ,WHNP-1-<INANIM>-<THEME-V1>,WHNP,MQ,MQ_OBJ,
355,0,what is it?,1.0,-NONE-ABAR-WH-,T,WH,NP,NP,OBJ,OBJ,WHNP-1-<INANIM>,WHNP,MQ,MQ_OBJ,
356,0,put the horse in your hand and let's see if the same thing happens.,,,,POLAR,,,,POLAR,,,EQ,EQ_POLAR,see
357,0,what does the horse do?,1.0,-NONE-ABAR-WH-,T,WH,NP,NP,OBJ,OBJ,WHNP-1-<INANIM>-<THEME-V1>,WHNP,MQ,MQ_OBJ,
361,0,where's a bird?,1.0,-NONE-ABAR-WH-,T,WH,ADVP,ADVP,ADJUNCT,ADJUNCT,WHADVP-1,WHADVP,MQ,MQ_ADJUNCT,
363,0,"what kind of bird is a house_birdc, Adam?",1.0,-NONE-ABAR-WH-,T,WH,NP,NP,OBJ,OBJ,WHNP-1-<INANIM>,WHNP,MQ,MQ_OBJ,
364,0,what's a house_birdc?,1.0,-NONE-ABAR-WH-,T,WH,NP,NP,OBJ,OBJ,WHNP-1-<INANIM>,WHNP,MQ,MQ_OBJ,
369,0,what is he doing?,1.0,-NONE-ABAR-WH-,T,WH,NP,NP,OBJ,OBJ,WHNP-1-<INANIM>-<THEME-V1>,WHNP,MQ,MQ_OBJ,
374,0,who are you?,1.0,-NONE-ABAR-WH-,T,WH,NP,NP,OBJ,OBJ,WHNP-1-<ANIM>,WHNP,MQ,MQ_OBJ,
384,0,what happened?,1.0,-NONE-ABAR-WH-,T,WH,NP,NP,SUBJ,SUBJ,WHNP-1-<INANIM>-<THEME-V1>,WHNP,MQ,MQ_SUBJ,
387,0,"Adam, what's a house_birdc?",1.0,-NONE-ABAR-WH-,T,WH,NP,NP,OBJ,OBJ,WHNP-1-<INANIM>,WHNP,MQ,MQ_OBJ,
388,0,I said what is a house_birdc?,1.0,-NONE-ABAR-RC-,T,RC,NP,NP,OBJ,OBJ,WHNP-1-<INANIM>,WHNP,EQ,EQ_OBJ,said
392,0,"do you know where the little stick is, Adam?",1.0,-NONE-ABAR-RC-,T,RC,ADVP,ADVP,ADJUNCT,ADJUNCT,WHADVP-1,WHADVP,EQ,EQ_ADJUNCT,know
404,0,have you checked to see whether it was open or not?,,,,POLAR,,,,POLAR,,,EQ,EQ_POLAR,see
407,0,not if you're careful.,,,,POLAR,,,,POLAR,,,EQ,EQ_POLAR,
429,0,just a minute and I'll let you see how dirty you are.,1.0,-NONE-ABAR-RC-,T,RC,ADVP,ADVP,ADJUNCT,ADJUNCT,WHADJP-1,WHADJP,EQ,EQ_ADJUNCT,see
431,0,why don't you wash them off?,1.0,-NONE-ABAR-WH-,T,WH,ADVP,ADVP,ADJUNCT,ADJUNCT,WHADVP-1,WHADVP,MQ,MQ_ADJUNCT,
433,0,what does Donald_Duck say about standing up in the bathtub?,1.0,-NONE-ABAR-WH-,T,WH,NP,NP,OBJ,OBJ,WHNP-1-<INANIM>-<PATIENT-V1>,WHNP,MQ,MQ_OBJ,
436,0,what did you play over at the park?,1.0,-NONE-ABAR-WH-,T,WH,NP,NP,OBJ,OBJ,WHNP-1-<INANIM>-<THEME-V1>,WHNP,MQ,MQ_OBJ,
442,0,what happened to Tom?,1.0,-NONE-ABAR-WH-,T,WH,NP,NP,SUBJ,SUBJ,WHNP-1-<INANIM>-<THEME-V1>,WHNP,MQ,MQ_SUBJ,
444,0,what happened to him?,1.0,-NONE-ABAR-WH-,T,WH,NP,NP,SUBJ,SUBJ,WHNP-1-<INANIM>-<THEME-V1>,WHNP,MQ,MQ_SUBJ,
453,0,who are you?,1.0,-NONE-ABAR-WH-,T,WH,NP,NP,OBJ,OBJ,WHNP-1-<ANIM>,WHNP,MQ,MQ_OBJ,
454,0,"well, sit down and let's see if we can get those fingernails clean.",,,,POLAR,,,,POLAR,,,EQ,EQ_POLAR,see
460,0,"well, sit down if you want to.",,,,POLAR,,,,POLAR,,,EQ,EQ_POLAR,sit
477,0,why is there no Adam in the bathtub?,1.0,-NONE-ABAR-WH-,T,WH,ADVP,ADVP,ADJUNCT,ADJUNCT,WHADVP-1,WHADVP,MQ,MQ_ADJUNCT,
481,0,why should we put it in your living room?,1.0,-NONE-ABAR-WH-,T,WH,ADVP,ADVP,ADJUNCT,ADJUNCT,WHADVP-1,WHADVP,MQ,MQ_ADJUNCT,
487,0,what are you saying?,1.0,-NONE-ABAR-WH-,T,WH,NP,NP,OBJ,OBJ,WHNP-1-<INANIM>-<PATIENT-V1>,WHNP,MQ,MQ_OBJ,
488,0,what is that?,1.0,-NONE-ABAR-WH-,T,WH,NP,NP,OBJ,OBJ,WHNP-1-<INANIM>,WHNP,MQ,MQ_OBJ,
490,0,what kind of pies do I bake?,1.0,-NONE-ABAR-WH-,T,WH,NP,NP,OBJ,OBJ,WHNP-1-<INANIM>-<PATIENT-V1>,WHNP,MQ,MQ_OBJ,
491,0,where is the tape recorder?,1.0,-NONE-ABAR-WH-,T,WH,ADVP,ADVP,ADJUNCT,ADJUNCT,WHADVP-1,WHADVP,MQ,MQ_ADJUNCT,
493,0,remember when Twinkles found a treasure chest with jewels and money,1.0,-NONE-ABAR-RC-,T,RC,ADVP,ADVP,ADJUNCT,ADJUNCT,WHADVP-1,WHADVP,EQ,EQ_ADJUNCT,remember
508,0,how does that feel?,1.0,-NONE-ABAR-WH-,T,WH,ADVP,ADVP,ADJUNCT,ADJUNCT,WHADVP-1,WHADVP,MQ,MQ_ADJUNCT,
514,0,what does that mean?,1.0,-NONE-ABAR-WH-,T,WH,NP,NP,OBJ,OBJ,WHNP-1-<INANIM>-<SUBJMATT-V1>,WHNP,MQ,MQ_OBJ,
519,0,are you the kind of nut that a squirrel would eat?,1.0,-NONE-ABAR-RC-,T,RC,NP,NP,OBJ,OBJ,WHNP-1-<INANIM>-<PATIENT-V1>,WHNP,RC,RC_OBJ,
522,0,a squirrel might catch you so he'd have something *NULL* to eat.,1.0,-NONE-ABAR-RC-,T,RC,NP,NP,OBJ,OBJ,WHNP-1-<INANIM>-<PATIENT-V3>,WHNP,RC,RC_OBJ,
525,0,what happens at light time?,1.0,-NONE-ABAR-RC-,T,RC,NP,NP,SUBJ,SUBJ,WHNP-1-<INANIM>-<THEME-V1>,WHNP,MQ,MQ_SUBJ,
526,0,what did you say?,1.0,-NONE-ABAR-WH-,T,WH,NP,NP,OBJ,OBJ,WHNP-1-<INANIM>-<PATIENT-V1>,WHNP,MQ,MQ_OBJ,
532,0,why don't you park it over here?,1.0,-NONE-ABAR-WH-,T,WH,ADVP,ADVP,ADJUNCT,ADJUNCT,WHADVP-1,WHADVP,MQ,MQ_ADJUNCT,
533,0,what story do you want tonight?,1.0,-NONE-ABAR-WH-,T,WH,NP,NP,OBJ,OBJ,WHNP-1-<INANIM>-<SUBJMATT-V1>,WHNP,MQ,MQ_OBJ,
534,0,where is Lassie?,1.0,-NONE-ABAR-WH-,T,WH,ADVP,ADVP,ADJUNCT,ADJUNCT,WHADVP-1,WHADVP,MQ,MQ_ADJUNCT,
537,0,what is it about?,1.0,-NONE-ABAR-WH-,T,WH,NP,NP,OBJ,OBJ,WHNP-1-<INANIM>,WHNP,MQ,MQ_OBJ,
540,0,I went for a walk tonight and what did I see?,1.0,-NONE-ABAR-WH-,T,WH,NP,NP,OBJ,OBJ,WHNP-1-<INANIM>-<SUBJMATT-V2>,WHNP,EQ,EQ_OBJ,
547,0,what is that?,1.0,-NONE-ABAR-WH-,T,WH,NP,NP,OBJ,OBJ,WHNP-1-<INANIM>,WHNP,MQ,MQ_OBJ,
556,0,what is this?,1.0,-NONE-ABAR-WH-,T,WH,NP,NP,OBJ,OBJ,WHNP-1-<INANIM>,WHNP,MQ,MQ_OBJ,
572,0,what did you play?,1.0,-NONE-ABAR-WH-,T,WH,NP,NP,OBJ,OBJ,WHNP-1-<INANIM>-<THEME-V1>,WHNP,MQ,MQ_OBJ,
580,0,what are you doing?,1.0,-NONE-ABAR-WH-,T,WH,NP,NP,OBJ,OBJ,WHNP-1-<INANIM>-<THEME-V1>,WHNP,MQ,MQ_OBJ,
581,0,what are you doing?,1.0,-NONE-ABAR-WH-,T,WH,NP,NP,OBJ,OBJ,WHNP-1-<INANIM>-<THEME-V1>,WHNP,MQ,MQ_OBJ,
582,0,what are you doing?,1.0,-NONE-ABAR-WH-,T,WH,NP,NP,OBJ,OBJ,WHNP-1-<INANIM>-<THEME-V1>,WHNP,MQ,MQ_OBJ,
586,0,how do I know to put your cup up?,1.0,-NONE-ABAR-WH-,T,WH,ADVP,ADVP,ADJUNCT,ADJUNCT,WHADVP-1,WHADVP,MQ,MQ_ADJUNCT,
604,0,remember how we play the surprise game?,1.0,-NONE-ABAR-RC-,T,RC,ADVP,ADVP,ADJUNCT,ADJUNCT,WHADVP-1,WHADVP,EQ,EQ_ADJUNCT,remember
605,0,what do we do?,1.0,-NONE-ABAR-WH-,T,WH,NP,NP,OBJ,OBJ,WHNP-1-<INANIM>-<THEME-V1>,WHNP,MQ,MQ_OBJ,
611,0,"what did you do to the tape recorder, Adam?",1.0,-NONE-ABAR-WH-,T,WH,NP,NP,OBJ,OBJ,WHNP-1-<INANIM>-<THEME-V1>,WHNP,MQ,MQ_OBJ,
614,0,what're you doing?,1.0,-NONE-ABAR-WH-,T,WH,NP,NP,OBJ,OBJ,WHNP-1-<INANIM>-<THEME-V1>,WHNP,MQ,MQ_OBJ,
615,0,what is that?,1.0,-NONE-ABAR-WH-,T,WH,NP,NP,OBJ,OBJ,WHNP-1-<INANIM>,WHNP,MQ,MQ_OBJ,
621,0,what is that?,1.0,-NONE-ABAR-WH-,T,WH,NP,NP,OBJ,OBJ,WHNP-1-<INANIM>,WHNP,MQ,MQ_OBJ,
630,0,"I always write when I come, don't I?",1.0,-NONE-ABAR-RC-,T,RC,ADVP,ADVP,ADJUNCT,ADJUNCT,WHADVP-1,WHADVP,EQ,EQ_ADJUNCT,write
641,0,what goes up?,1.0,-NONE-ABAR-WH-,T,WH,NP,NP,OBJ,OBJ,WHNP-1-<INANIM>-<THEME-V1>,WHNP,MQ,MQ_OBJ,
650,0,what do you mean heavy?,1.0,-NONE-ABAR-WH-,T,WH,NP,NP,OBJ,OBJ,WHNP-1-<INANIM>,WHNP,MQ,MQ_OBJ,
652,0,what're you going to put in it?,1.0,-NONE-A-RAISE-,T,OTHER,NP,NP,SUBJ,SUBJ,WHNP-1-<INANIM>-<PATIENT-V1>,WHNP,MQ,MQ_SUBJ,
652,1,what're you going to put in it?,1.0,-NONE-ABAR-WH-,T,WH,NP,NP,OBJ,OBJ,WHNP-1-<INANIM>-<PATIENT-V1>,WHNP,MQ,MQ_OBJ,
654,0,where's the bus?,1.0,-NONE-ABAR-WH-,T,WH,ADVP,ADVP,ADJUNCT,ADJUNCT,WHADVP-1,WHADVP,MQ,MQ_ADJUNCT,
658,0,how many buttons do you have?,1.0,-NONE-ABAR-WH-,T,WH,NP,NP,OBJ,OBJ,WHNP-1-<INANIM>-<THEME-V1>,WHNP,MQ,MQ_OBJ,
662,0,what're you doing?,1.0,-NONE-ABAR-WH-,T,WH,NP,NP,OBJ,OBJ,WHNP-1-<INANIM>-<THEME-V1>,WHNP,MQ,MQ_OBJ,
665,0,where's the container?,1.0,-NONE-ABAR-WH-,T,WH,ADVP,ADVP,ADJUNCT,ADJUNCT,WHADVP-1,WHADVP,MQ,MQ_ADJUNCT,
670,0,who are those people in that?,1.0,-NONE-ABAR-WH-,T,WH,NP,NP,OBJ,OBJ,WHNP-1-<ANIM>,WHNP,MQ,MQ_OBJ,
671,0,what do they look like?,1.0,-NONE-ABAR-WH-,T,WH,NP,NP,OBJ,OBJ,WHNP-1-<INANIM>-<SUBJMATT-V1>,WHNP,MQ,MQ_OBJ,
672,0,what do you have in your truck?,1.0,-NONE-ABAR-WH-,T,WH,NP,NP,OBJ,OBJ,WHNP-1-<INANIM>-<THEME-V1>,WHNP,MQ,MQ_OBJ,
675,0,where is it going?,1.0,-NONE-ABAR-WH-,T,WH,ADVP,ADVP,ADJUNCT,ADJUNCT,WHADVP-1,WHADVP,MQ,MQ_ADJUNCT,
676,0,where will it be going?,1.0,-NONE-ABAR-WH-,T,WH,ADVP,ADVP,ADJUNCT,ADJUNCT,WHADVP-1,WHADVP,MQ,MQ_ADJUNCT,
677,0,"what're you doing, Adam?",1.0,-NONE-ABAR-WH-,T,WH,NP,NP,OBJ,OBJ,WHNP-1-<INANIM>-<THEME-V1>,WHNP,MQ,MQ_OBJ,
681,0,what did you do?,1.0,-NONE-ABAR-WH-,T,WH,NP,NP,OBJ,OBJ,WHNP-1-<INANIM>-<THEME-V1>,WHNP,MQ,MQ_OBJ,
688,0,because Ursula cann't hear the tape when it's on.,1.0,-NONE-ABAR-RC-,T,RC,ADVP,ADVP,ADJUNCT,ADJUNCT,WHADVP-1,WHADVP,EQ,EQ_ADJUNCT,hear
689,0,"no, what might happen if you knocked it down?",,,,POLAR,,,,POLAR,,,EQ,EQ_POLAR,happen
689,1,"no, what might happen if you knocked it down?",1.0,-NONE-ABAR-WH-,T,WH,NP,NP,OBJ,OBJ,WHNP-1-<INANIM>-<THEME-V1>,WHNP,MQ,MQ_OBJ,
695,0,what do you mean they are the same?,1.0,-NONE-ABAR-WH-,T,WH,NP,NP,OBJ,OBJ,WHNP-1-<INANIM>,WHNP,MQ,MQ_OBJ,
696,0,how does a gentleman roll?,1.0,-NONE-ABAR-WH-,T,WH,ADVP,ADVP,ADJUNCT,ADJUNCT,WHADVP-1,WHADVP,MQ,MQ_ADJUNCT,
705,0,that's why they have those men in there.,1.0,-NONE-ABAR-RC-,T,RC,ADVP,ADVP,ADJUNCT,ADJUNCT,WHADVP-1,WHADVP,EQ,EQ_ADJUNCT,have
710,0,why are those men driving?,1.0,-NONE-ABAR-WH-,T,WH,ADVP,ADVP,ADJUNCT,ADJUNCT,WHADVP-1,WHADVP,MQ,MQ_ADJUNCT,
712,0,"no, that's where you put your money.",1.0,-NONE-ABAR-RC-,T,RC,ADVP,ADVP,ADJUNCT,ADJUNCT,WHADVP-1,WHADVP,EQ,EQ_ADJUNCT,put
720,0,how do you mark something?,1.0,-NONE-ABAR-WH-,T,WH,ADVP,ADVP,ADJUNCT,ADJUNCT,WHADVP-1,WHADVP,MQ,MQ_ADJUNCT,
725,0,why did you tip it over?,1.0,-NONE-ABAR-WH-,T,WH,ADVP,ADVP,ADJUNCT,ADJUNCT,WHADVP-1,WHADVP,MQ,MQ_ADJUNCT,
740,0,"what else is it, Adam?",1.0,-NONE-ABAR-WH-,T,WH,NP,NP,OBJ,OBJ,WHNP-1-<INANIM>,WHNP,MQ,MQ_OBJ,
746,0,where is he going?,1.0,-NONE-ABAR-WH-,T,WH,ADVP,ADVP,ADJUNCT,ADJUNCT,WHADVP-1,WHADVP,MQ,MQ_ADJUNCT,
750,0,"yes, why don't you go get your bus and let's see if the wheels are",,,,POLAR,,,,POLAR,,,EQ,EQ_POLAR,see
750,1,"yes, why don't you go get your bus and let's see if the wheels are",1.0,-NONE-ABAR-WH-,T,WH,ADVP,ADVP,ADJUNCT,ADJUNCT,WHADVP-1,WHADVP,MQ,MQ_ADJUNCT,
759,0,when you're building things you use nails.,1.0,-NONE-ABAR-RC-,T,RC,ADVP,ADVP,ADJUNCT,ADJUNCT,WHADVP-1,WHADVP,EQ,EQ_ADJUNCT,
760,0,you'd like to do that when you get up from your nap?,1.0,-NONE-ABAR-RC-,T,RC,ADVP,ADVP,ADJUNCT,ADJUNCT,WHADVP-1,WHADVP,EQ,EQ_ADJUNCT,do
761,0,what's happening?,1.0,-NONE-ABAR-WH-,T,WH,NP,NP,SUBJ,SUBJ,WHNP-1-<INANIM>-<THEME-V1>,WHNP,MQ,MQ_SUBJ,
764,0,what did you break?,1.0,-NONE-ABAR-WH-,T,WH,NP,NP,OBJ,OBJ,WHNP-1-<INANIM>-<PATIENT-V1>,WHNP,MQ,MQ_OBJ,
766,0,"Adam, where are you?",1.0,-NONE-ABAR-WH-,T,WH,ADVP,ADVP,ADJUNCT,ADJUNCT,WHADVP-1,WHADVP,MQ,MQ_ADJUNCT,
773,0,"no, why don't you hold it?",1.0,-NONE-ABAR-WH-,T,WH,ADVP,ADVP,ADJUNCT,ADJUNCT,WHADVP-1,WHADVP,MQ,MQ_ADJUNCT,
776,0,where did you get this?,1.0,-NONE-ABAR-WH-,T,WH,ADVP,ADVP,ADJUNCT,ADJUNCT,WHADVP-1,WHADVP,MQ,MQ_ADJUNCT,
782,0,what is it?,1.0,-NONE-ABAR-WH-,T,WH,NP,NP,OBJ,OBJ,WHNP-1-<INANIM>,WHNP,MQ,MQ_OBJ,
803,0,"well, what is that?",1.0,-NONE-ABAR-WH-,T,WH,NP,NP,OBJ,OBJ,WHNP-1-<INANIM>,WHNP,MQ,MQ_OBJ,
806,0,what is this.,1.0,-NONE-ABAR-WH-,T,WH,NP,NP,OBJ,OBJ,WHNP-1-<INANIM>,WHNP,MQ,MQ_OBJ,
812,0,you tell me what they are.,1.0,-NONE-ABAR-RC-,T,RC,NP,NP,OBJ,OBJ,WHNP-1-<INANIM>,WHNP,EQ,EQ_OBJ,tell
823,0,what're you doing?,1.0,-NONE-ABAR-WH-,T,WH,NP,NP,OBJ,OBJ,WHNP-1-<INANIM>-<THEME-V1>,WHNP,MQ,MQ_OBJ,
846,0,how am I going to find enough games in the store?,1.0,-NONE-ABAR-WH-,T,WH,ADVP,ADVP,ADJUNCT,ADJUNCT,WHADVP-1,WHADVP,MQ,MQ_ADJUNCT,
856,0,what happened?,1.0,-NONE-ABAR-WH-,T,WH,NP,NP,SUBJ,SUBJ,WHNP-1-<INANIM>-<THEME-V1>,WHNP,MQ,MQ_SUBJ,
858,0,when did it go?,1.0,-NONE-ABAR-WH-,T,WH,ADVP,ADVP,ADJUNCT,ADJUNCT,WHADVP-1,WHADVP,MQ,MQ_ADJUNCT,
859,0,what's it doing in Pembroke?,1.0,-NONE-ABAR-WH-,T,WH,NP,NP,OBJ,OBJ,WHNP-1-<INANIM>-<THEME-V1>,WHNP,MQ,MQ_OBJ,
864,0,what do you think it is?,1.0,-NONE-ABAR-WH-,T,WH,NP,NP,OBJ,OBJ,WHNP-1-<INANIM>,WHNP,EQ,EQ_OBJ,think
865,0,"oh, what is that?",1.0,-NONE-ABAR-WH-,T,WH,NP,NP,OBJ,OBJ,WHNP-1-<INANIM>,WHNP,MQ,MQ_OBJ,
882,0,what happened to the carriage?,1.0,-NONE-ABAR-WH-,T,WH,NP,NP,SUBJ,SUBJ,WHNP-1-<INANIM>-<THEME-V1>,WHNP,MQ,MQ_SUBJ,
885,0,what happened to your finger?,1.0,-NONE-ABAR-WH-,T,WH,NP,NP,SUBJ,SUBJ,WHNP-1-<INANIM>-<THEME-V1>,WHNP,MQ,MQ_SUBJ,
898,0,I 'm looking for what we do next.,1.0,-NONE-ABAR-RC-,T,RC,NP,NP,OBJ,OBJ,WHNP-1-<INANIM>-<THEME-V2>,WHNP,EQ,EQ_OBJ,looking
901,0,why don't you play with something else?,1.0,-NONE-ABAR-WH-,T,WH,ADVP,ADVP,ADJUNCT,ADJUNCT,WHADVP-1,WHADVP,MQ,MQ_ADJUNCT,
902,0,here's the tractor that you took out and here's your tractor too.,1.0,-NONE-ABAR-RC-,T,RC,NP,NP,OBJ,OBJ,WHNP-1-<INANIM>-<PATIENT-V1>,WHNP,RC,RC_OBJ,
927,0,what are they all about?,1.0,-NONE-ABAR-WH-,T,WH,NP,NP,OBJ,OBJ,WHNP-1-<INANIM>,WHNP,MQ,MQ_OBJ,
941,0,where's your drawing board?,1.0,-NONE-ABAR-WH-,T,WH,ADVP,ADVP,ADJUNCT,ADJUNCT,WHADVP-1,WHADVP,MQ,MQ_ADJUNCT,
958,0,will you ask your Mother if you may have some?,,,,POLAR,,,,POLAR,,,EQ,EQ_POLAR,ask
974,0,it's more fun if you do it.,,,,POLAR,,,,POLAR,,,EQ,EQ_POLAR,do
979,0,what is that?,1.0,-NONE-ABAR-WH-,T,WH,NP,NP,OBJ,OBJ,WHNP-1-<INANIM>,WHNP,MQ,MQ_OBJ,
980,0,see what's inside.,1.0,-NONE-ABAR-RC-,T,RC,NP,NP,OBJ,OBJ,WHNP-1-<INANIM>,WHNP,EQ,EQ_OBJ,see
998,0,how many steps did you have to take?,1.0,-NONE-A-RAISE-,T,OTHER,NP,NP,SUBJ,SUBJ,WHNP-1-<INANIM>-<PATIENT-V1>,WHNP,MQ,MQ_SUBJ,
998,1,how many steps did you have to take?,1.0,-NONE-ABAR-WH-,T,WH,NP,NP,OBJ,OBJ,WHNP-1-<INANIM>-<PATIENT-V1>,WHNP,MQ,MQ_OBJ,
1013,0,what happened to the other part of it?,1.0,-NONE-ABAR-WH-,T,WH,NP,NP,SUBJ,SUBJ,WHNP-1-<INANIM>-<THEME-V1>,WHNP,MQ,MQ_SUBJ,
1021,0,how are you today?,1.0,-NONE-ABAR-WH-,T,WH,ADVP,ADVP,ADJUNCT,ADJUNCT,WHADVP-1,WHADVP,MQ,MQ_ADJUNCT,
1023,0,what did he do?,1.0,-NONE-ABAR-WH-,T,WH,NP,NP,OBJ,OBJ,WHNP-1-<INANIM>-<THEME-V1>,WHNP,MQ,MQ_OBJ,
1025,0,what are you going to do to that one?,1.0,-NONE-ABAR-WH-,T,WH,NP,NP,OBJ,OBJ,WHNP-1-<INANIM>-<THEME-V1>,WHNP,MQ,MQ_OBJ,
1038,0,where is a broken one.,1.0,-NONE-ABAR-WH-,T,WH,ADVP,ADVP,ADJUNCT,ADJUNCT,WHADVP-1,WHADVP,MQ,MQ_ADJUNCT,
1061,0,because that's what he wants.,1.0,-NONE-ABAR-RC-,T,RC,NP,NP,OBJ,OBJ,WHNP-1-<INANIM>-<SUBJMATT-V1>,WHNP,EQ,EQ_OBJ,wants
1066,0,where is it?,1.0,-NONE-ABAR-WH-,T,WH,ADVP,ADVP,ADJUNCT,ADJUNCT,WHADVP-1,WHADVP,MQ,MQ_ADJUNCT,
1067,0,where did they go?,1.0,-NONE-ABAR-WH-,T,WH,ADVP,ADVP,ADJUNCT,ADJUNCT,WHADVP-1,WHADVP,MQ,MQ_ADJUNCT,
1069,0,where did the circus people go?,1.0,-NONE-ABAR-WH-,T,WH,ADVP,ADVP,ADJUNCT,ADJUNCT,WHADVP-1,WHADVP,MQ,MQ_ADJUNCT,
1094,0,this is the cheese *NULL* Adam always picks out at the grocery store.,1.0,-NONE-ABAR-RC-,T,RC,NP,NP,OBJ,OBJ,WHNP-1-<ANIM>-<PATIENT-V1>,WHNP,RC,RC_OBJ,
1110,0,who's Happy the Bowl?,1.0,-NONE-ABAR-WH-,T,WH,NP,NP,OBJ,OBJ,WHNP-1-<ANIM>,WHNP,MQ,MQ_OBJ,
1119,0,why does he do that?,1.0,-NONE-ABAR-WH-,T,WH,ADVP,ADVP,ADJUNCT,ADJUNCT,WHADVP-1,WHADVP,MQ,MQ_ADJUNCT,
1122,0,did you like the balloon that you blow up?,1.0,-NONE-ABAR-RC-,T,RC,NP,NP,OBJ,OBJ,WHNP-1-<INANIM>-<PATIENT-V2>,WHNP,RC,RC_OBJ,
1126,0,who's there?,1.0,-NONE-ABAR-WH-,T,WH,NP,NP,OBJ,OBJ,WHNP-1-<ANIM>,WHNP,MQ,MQ_OBJ,
1128,0,who's there?,1.0,-NONE-ABAR-WH-,T,WH,NP,NP,OBJ,OBJ,WHNP-1-<ANIM>,WHNP,MQ,MQ_OBJ,
1130,0,who's there?,1.0,-NONE-ABAR-WH-,T,WH,NP,NP,OBJ,OBJ,WHNP-1-<ANIM>,WHNP,MQ,MQ_OBJ,
1133,0,who's there?,1.0,-NONE-ABAR-WH-,T,WH,NP,NP,OBJ,OBJ,WHNP-1-<ANIM>,WHNP,MQ,MQ_OBJ,
1134,0,who's there?,1.0,-NONE-ABAR-WH-,T,WH,NP,NP,OBJ,OBJ,WHNP-1-<ANIM>,WHNP,MQ,MQ_OBJ,
1138,0,who's there?,1.0,-NONE-ABAR-WH-,T,WH,NP,NP,OBJ,OBJ,WHNP-1-<ANIM>,WHNP,MQ,MQ_OBJ,
1140,0,who's there?,1.0,-NONE-ABAR-WH-,T,WH,NP,NP,OBJ,OBJ,WHNP-1-<ANIM>,WHNP,MQ,MQ_OBJ,
1141,0,who's there?,1.0,-NONE-ABAR-WH-,T,WH,NP,NP,OBJ,OBJ,WHNP-1-<ANIM>,WHNP,MQ,MQ_OBJ,
1144,0,and what will the lion say?,1.0,-NONE-ABAR-WH-,T,WH,NP,NP,OBJ,OBJ,WHNP-1-<INANIM>-<PATIENT-V1>,WHNP,EQ,EQ_OBJ,
1150,0,who's there?,1.0,-NONE-ABAR-WH-,T,WH,NP,NP,OBJ,OBJ,WHNP-1-<ANIM>,WHNP,MQ,MQ_OBJ,
1153,0,who's there?,1.0,-NONE-ABAR-WH-,T,WH,NP,NP,OBJ,OBJ,WHNP-1-<ANIM>,WHNP,MQ,MQ_OBJ,
1154,0,how can Shadow_Gay ride on a pony.,1.0,-NONE-ABAR-WH-,T,WH,ADVP,ADVP,ADJUNCT,ADJUNCT,WHADVP-1,WHADVP,MQ,MQ_ADJUNCT,
1156,0,who is Shadow_Gay?,1.0,-NONE-ABAR-WH-,T,WH,NP,NP,OBJ,OBJ,WHNP-1-<ANIM>,WHNP,MQ,MQ_OBJ,
1161,0,what kind of dog are you?,1.0,-NONE-ABAR-WH-,T,WH,NP,NP,OBJ,OBJ,WHNP-1-<ANIM>,WHNP,MQ,MQ_OBJ,
1182,0,do you have something that's sharp?,1.0,-NONE-ABAR-RC-,T,RC,NP,NP,OBJ,OBJ,WHNP-1-<INANIM>,WHNP,RC,RC_OBJ,
1189,0,I don't know what you said.,1.0,-NONE-ABAR-RC-,T,RC,NP,NP,OBJ,OBJ,WHNP-1-<INANIM>-<PATIENT-V2>,WHNP,EQ,EQ_OBJ,know
1190,0,what did you say?,1.0,-NONE-ABAR-WH-,T,WH,NP,NP,OBJ,OBJ,WHNP-1-<INANIM>-<PATIENT-V1>,WHNP,MQ,MQ_OBJ,
1191,0,now where's the blower?,1.0,-NONE-ABAR-WH-,T,WH,ADVP,ADVP,ADJUNCT,ADJUNCT,WHADVP-1,WHADVP,MQ,MQ_ADJUNCT,
1212,0,how does it ski?,1.0,-NONE-ABAR-WH-,T,WH,ADVP,ADVP,ADJUNCT,ADJUNCT,WHADVP-1,WHADVP,MQ,MQ_ADJUNCT,
1220,0,what did you do?,1.0,-NONE-ABAR-WH-,T,WH,NP,NP,OBJ,OBJ,WHNP-1-<INANIM>-<THEME-V1>,WHNP,MQ,MQ_OBJ,
1229,0,what time is it?,1.0,-NONE-ABAR-WH-,T,WH,NP,NP,OBJ,OBJ,WHNP-1-<INANIM>,WHNP,MQ,MQ_OBJ,
1236,0,"oh, what kind of watch is that?",1.0,-NONE-ABAR-WH-,T,WH,NP,NP,OBJ,OBJ,WHNP-1-<INANIM>,WHNP,MQ,MQ_OBJ,
1238,0,what time do you go to bed?,1.0,-NONE-ABAR-WH-,T,WH,PP,PP,ADJUNCT,ADJUNCT,WHPP-1-<INANIM>,WHPP,MQ,MQ_ADJUNCT,
1242,0,"what time is that, two o' clock?",1.0,-NONE-ABAR-WH-,T,WH,NP,NP,OBJ,OBJ,WHNP-1-<INANIM>,WHNP,MQ,MQ_OBJ,
1243,0,"well, what do you do at twelve o' clock?",1.0,-NONE-ABAR-WH-,T,WH,NP,NP,OBJ,OBJ,WHNP-1-<INANIM>-<THEME-V1>,WHNP,MQ,MQ_OBJ,
1245,0,what do you do at seven o' clock?,1.0,-NONE-ABAR-WH-,T,WH,NP,NP,OBJ,OBJ,WHNP-1-<INANIM>-<THEME-V1>,WHNP,MQ,MQ_OBJ,
1249,0,what else is in the bag?,1.0,-NONE-ABAR-WH-,T,WH,NP,NP,SUBJ,SUBJ,WHNP-1-<INANIM>,WHNP,MQ,MQ_SUBJ,
1252,0,let's see what's in here.,1.0,-NONE-ABAR-RC-,T,RC,NP,NP,SUBJ,SUBJ,WHNP-1-<INANIM>,WHNP,EQ,EQ_SUBJ,see
1253,0,what do you see?,1.0,-NONE-ABAR-WH-,T,WH,NP,NP,OBJ,OBJ,WHNP-1-<INANIM>-<SUBJMATT-V1>,WHNP,MQ,MQ_OBJ,
1257,0,what are you eating?,1.0,-NONE-ABAR-WH-,T,WH,NP,NP,OBJ,OBJ,WHNP-1-<INANIM>-<PATIENT-V1>,WHNP,MQ,MQ_OBJ,
1265,0,"well, that's the noise *NULL* they make when you hit them together.",1.0,-NONE-ABAR-RC-,T,RC,NP,NP,OBJ,OBJ,WHNP-1-<INANIM>-<PATIENT-V1>,WHNP,RC,RC_OBJ,
1265,1,"well, that's the noise *NULL* they make when you hit them together.",2.0,-NONE-ABAR-RC-,T,RC,ADVP,ADVP,ADJUNCT,ADJUNCT,WHADVP-2,WHADVP,EQ,EQ_ADJUNCT,make
1279,0,what do I want?,1.0,-NONE-ABAR-WH-,T,WH,NP,NP,OBJ,OBJ,WHNP-1-<INANIM>-<SUBJMATT-V1>,WHNP,MQ,MQ_OBJ,
1282,0,you didn't ask Ursula what she wanted.,1.0,-NONE-ABAR-WH-,T,WH,NP,NP,OBJ,OBJ,WHNP-1-<INANIM>-<SUBJMATT-V2>,WHNP,EQ,EQ_OBJ,ask
1285,0,what will I use for ketchup tomorrrow if you throw it away?,,,,POLAR,,,,POLAR,,,EQ,EQ_POLAR,use
1285,1,what will I use for ketchup tomorrrow if you throw it away?,1.0,-NONE-ABAR-WH-,T,WH,NP,NP,OBJ,OBJ,WHNP-1-<INANIM>-<PATIENT-V1>,WHNP,MQ,MQ_OBJ,
1289,0,what do you mean what do I want?,1.0,-NONE-ABAR-WH-,T,WH,NP,NP,OBJ,OBJ,WHNP-1-<INANIM>-<PATIENT-V1>,WHNP,MQ,MQ_OBJ,
1289,1,what do you mean what do I want?,2.0,-NONE-ABAR-WH-,T,WH,NP,NP,OBJ,OBJ,WHNP-2-<INANIM>-<SUBJMATT-V2>,WHNP,EQ,EQ_OBJ,mean
1299,0,why're you watching me?,1.0,-NONE-ABAR-WH-,T,WH,ADVP,ADVP,ADJUNCT,ADJUNCT,WHADVP-1,WHADVP,MQ,MQ_ADJUNCT,
1306,0,what kind of meat is this?,1.0,-NONE-ABAR-WH-,T,WH,NP,NP,OBJ,OBJ,WHNP-1-<INANIM>,WHNP,MQ,MQ_OBJ,
1316,0,what kind do you have?,1.0,-NONE-ABAR-WH-,T,WH,NP,NP,OBJ,OBJ,WHNP-1-<INANIM>-<THEME-V1>,WHNP,MQ,MQ_OBJ,
1330,0,what did you give us?,1.0,-NONE-ABAR-WH-,T,WH,NP,NP,OBJ,OBJ,WHNP-1-<INANIM>-<PATIENT-V1>,WHNP,MQ,MQ_OBJ,
1340,0,what kind of coffee is it?,1.0,-NONE-ABAR-WH-,T,WH,NP,NP,OBJ,OBJ,WHNP-1-<INANIM>,WHNP,MQ,MQ_OBJ,
1349,0,where did you see it?,1.0,-NONE-ABAR-WH-,T,WH,ADVP,ADVP,ADJUNCT,ADJUNCT,WHADVP-1,WHADVP,MQ,MQ_ADJUNCT,
1351,0,what was it like?,1.0,-NONE-ABAR-WH-,T,WH,NP,NP,OBJ,OBJ,WHNP-1-<INANIM>,WHNP,MQ,MQ_OBJ,
1352,0,perhaps if you try it the other way it won't fall down.,,,,POLAR,,,,POLAR,,,EQ,EQ_POLAR,
1355,0,do you know what the handle is?,1.0,-NONE-ABAR-WH-,T,WH,NP,NP,OBJ,OBJ,WHNP-1-<INANIM>,WHNP,EQ,EQ_OBJ,know
1361,0,let's see if you know what these things are.,,,,POLAR,,,,POLAR,,,EQ,EQ_POLAR,see
1361,1,let's see if you know what these things are.,1.0,-NONE-ABAR-WH-,T,WH,NP,NP,OBJ,OBJ,WHNP-1-<INANIM>,WHNP,EQ,EQ_OBJ,know
1362,0,what'd you put in this?,1.0,-NONE-ABAR-WH-,T,WH,NP,NP,OBJ,OBJ,WHNP-1-<INANIM>-<PATIENT-V1>,WHNP,MQ,MQ_OBJ,
1363,0,what would you put in there?,1.0,-NONE-ABAR-WH-,T,WH,NP,NP,OBJ,OBJ,WHNP-1-<INANIM>-<PATIENT-V1>,WHNP,MQ,MQ_OBJ,
1365,0,what would you put in here?,1.0,-NONE-ABAR-WH-,T,WH,NP,NP,OBJ,OBJ,WHNP-1-<INANIM>-<PATIENT-V1>,WHNP,MQ,MQ_OBJ,
1367,0,where would you put that?,1.0,-NONE-ABAR-WH-,T,WH,ADVP,ADVP,ADJUNCT,ADJUNCT,WHADVP-1,WHADVP,MQ,MQ_ADJUNCT,
1368,0,do you know what we call this?,1.0,-NONE-ABAR-WH-,T,WH,NP,NP,OBJ,OBJ,WHNP-1-<INANIM>-<PATIENT-V2>,WHNP,EQ,EQ_OBJ,know
1375,0,do you know what you put in that?,1.0,-NONE-ABAR-WH-,T,WH,NP,NP,OBJ,OBJ,WHNP-1-<INANIM>-<PATIENT-V2>,WHNP,EQ,EQ_OBJ,know
1380,0,how are they different?,1.0,-NONE-ABAR-WH-,T,WH,ADVP,ADVP,ADJUNCT,ADJUNCT,WHADVP-1,WHADVP,MQ,MQ_ADJUNCT,
1384,0,what is that?,1.0,-NONE-ABAR-WH-,T,WH,NP,NP,OBJ,OBJ,WHNP-1-<INANIM>,WHNP,MQ,MQ_OBJ,
1386,0,is that where you got it?,1.0,-NONE-ABAR-RC-,T,RC,ADVP,ADVP,ADJUNCT,ADJUNCT,WHADVP-1,WHADVP,EQ,EQ_ADJUNCT,got
1389,0,"Adam, where did you see the lobster?",1.0,-NONE-ABAR-WH-,T,WH,ADVP,ADVP,ADJUNCT,ADJUNCT,WHADVP-1,WHADVP,MQ,MQ_ADJUNCT,
1392,0,because that's what they were born to be.,1.0,-NONE-ABAR-RC-,T,RC,NP,NP,OBJ,OBJ,WHNP-1-<INANIM>,WHNP,EQ,EQ_OBJ,born
1402,0,what kind of fish will they catch?,1.0,-NONE-ABAR-WH-,T,WH,NP,NP,OBJ,OBJ,WHNP-1-<INANIM>-<PATIENT-V1>,WHNP,MQ,MQ_OBJ,
1408,0,what other kind of fish will they get?,1.0,-NONE-ABAR-WH-,T,WH,NP,NP,OBJ,OBJ,WHNP-1-<INANIM>-<PATIENT-V1>,WHNP,MQ,MQ_OBJ,
1413,0,is there a fish *NULL* named Adam?,1.0,-NONE-ABAR-RC-,T,RC,NP-2,NP,SUBJ,SUBJ,WHNP-1-<ANIM>-<THEME-V1>,WHNP,RC,RC_SUBJ,
1414,0,how could there be a fish *NULL* named Adam?,2.0,-NONE-ABAR-RC-,T,RC,NP-3,NP,SUBJ,SUBJ,WHNP-2-<ANIM>-<THEME-V1>,WHNP,RC,RC_SUBJ,
1414,1,how could there be a fish *NULL* named Adam?,1.0,-NONE-ABAR-WH-,T,WH,ADVP,ADVP,ADJUNCT,ADJUNCT,WHADVP-1,WHADVP,MQ,MQ_ADJUNCT,
1420,0,I don't know what she's doing.,1.0,-NONE-ABAR-WH-,T,WH,NP,NP,OBJ,OBJ,WHNP-1-<INANIM>-<THEME-V2>,WHNP,EQ,EQ_OBJ,know
1422,0,what is that?,1.0,-NONE-ABAR-WH-,T,WH,NP,NP,OBJ,OBJ,WHNP-1-<INANIM>,WHNP,MQ,MQ_OBJ,
1430,0,look in the bag and see what you find *NULL* to write on.,1.0,-NONE-ABAR-WH-,T,WH,NP,NP,ADJUNCT,ADJUNCT,WHNP-1-<INANIM>-<PATIENT-V3>,WHNP,EQ,EQ_ADJUNCT,see
1430,1,look in the bag and see what you find *NULL* to write on.,2.0,-NONE-ABAR-RC-,T,RC,NP,NP,OBJ,OBJ,WHNP-2-<INANIM>-<PATIENT-V4>,WHNP,RC,RC_OBJ,
1433,0,what color is this?,1.0,-NONE-ABAR-WH-,T,WH,NP,NP,OBJ,OBJ,WHNP-1-<INANIM>,WHNP,MQ,MQ_OBJ,
1434,0,which one do you want?,1.0,-NONE-ABAR-WH-,T,WH,NP,NP,OBJ,OBJ,WHNP-1-<INANIM>-<SUBJMATT-V1>,WHNP,MQ,MQ_OBJ,
1436,0,why don't you try that one first?,1.0,-NONE-ABAR-WH-,T,WH,ADVP,ADVP,ADJUNCT,ADJUNCT,WHADVP-1,WHADVP,MQ,MQ_ADJUNCT,
1439,0,what do I want?,1.0,-NONE-ABAR-WH-,T,WH,NP,NP,OBJ,OBJ,WHNP-1-<INANIM>-<SUBJMATT-V1>,WHNP,MQ,MQ_OBJ,
1454,0,"I think that's all *NULL* I need today, thank you.",1.0,-NONE-ABAR-RC-,T,RC,NP,NP,OBJ,OBJ,WHNP-1-<INANIM>-<SUBJMATT-V2>,WHNP,RC,RC_OBJ,
1460,0,I think that's about all *NULL* I need.,1.0,-NONE-ABAR-RC-,T,RC,NP,NP,OBJ,OBJ,WHNP-1-<INANIM>-<SUBJMATT-V2>,WHNP,RC,RC_OBJ,
1461,0,can I write down what you want?,1.0,-NONE-ABAR-RC-,T,RC,NP,NP,OBJ,OBJ,WHNP-1-<INANIM>-<SUBJMATT-V2>,WHNP,EQ,EQ_OBJ,write
1462,0,"what else do you want, Adam?",1.0,-NONE-ABAR-WH-,T,WH,NP,NP,OBJ,OBJ,WHNP-1-<INANIM>-<SUBJMATT-V1>,WHNP,MQ,MQ_OBJ,
1463,0,what else do you need from the store?,1.0,-NONE-ABAR-WH-,T,WH,NP,NP,OBJ,OBJ,WHNP-1-<INANIM>-<SUBJMATT-V1>,WHNP,MQ,MQ_OBJ,
1468,0,can you tell Ursula about the little poem *NULL* you made up the other,1.0,-NONE-ABAR-RC-,T,RC,NP,NP,OBJ,OBJ,WHNP-1-<INANIM>-<PATIENT-V2>,WHNP,RC,RC_OBJ,
1469,0,the one *NULL* you were singing at the table.,1.0,-NONE-ABAR-RC-,T,RC,NP,NP,OBJ,OBJ,WHNP-1-<INANIM>-<PATIENT-V1>,WHNP,RC,RC_OBJ,
1470,0,what was it?,1.0,-NONE-ABAR-WH-,T,WH,NP,NP,OBJ,OBJ,WHNP-1-<INANIM>,WHNP,MQ,MQ_OBJ,
1476,0,"which one did you choose, Adam?",1.0,-NONE-ABAR-WH-,T,WH,NP,NP,OBJ,OBJ,WHNP-1-<INANIM>-<PATIENT-V1>,WHNP,MQ,MQ_OBJ,
1480,0,what else do you need?,1.0,-NONE-ABAR-WH-,T,WH,NP,NP,OBJ,OBJ,WHNP-1-<INANIM>-<SUBJMATT-V1>,WHNP,MQ,MQ_OBJ,
1507,0,"Adam, do you remember what this is?",1.0,-NONE-ABAR-WH-,T,WH,NP,NP,OBJ,OBJ,WHNP-1-<INANIM>,WHNP,EQ,EQ_OBJ,remember
1508,0,what does this look like?,1.0,-NONE-ABAR-WH-,T,WH,NP,NP,OBJ,OBJ,WHNP-1-<INANIM>-<SUBJMATT-V1>,WHNP,MQ,MQ_OBJ,
1515,0,I write down how to get here.,1.0,-NONE-ABAR-WH-,T,WH,ADVP,ADVP,ADJUNCT,ADJUNCT,WHADVP-1,WHADVP,EQ,EQ_ADJUNCT,write
1516,0,how to get to your new house.,1.0,-NONE-ABAR-WH-,T,WH,ADVP,ADVP,ADJUNCT,ADJUNCT,WHADVP-1,WHADVP,EQ,EQ_ADJUNCT,
1517,0,"yes, this is the first time *NULL* I've been here.",1.0,-NONE-ABAR-RC-,T,RC,ADVP,ADVP,ADJUNCT,ADJUNCT,WHADVP-1,WHADVP,RC,RC_ADJUNCT,
1520,0,why do you have to cut it?,1.0,-NONE-ABAR-WH-,T,WH,ADVP,ADVP,ADJUNCT,ADJUNCT,WHADVP-1,WHADVP,MQ,MQ_ADJUNCT,
1521,0,"no, why do you have to cut it?",1.0,-NONE-ABAR-WH-,T,WH,ADVP,ADVP,ADJUNCT,ADJUNCT,WHADVP-1,WHADVP,MQ,MQ_ADJUNCT,
1522,0,is there a special reason why it should be cut?,1.0,-NONE-ABAR-RC-,T,RC,ADVP,ADVP,ADJUNCT,ADJUNCT,WHADVP-1,WHADVP,RC,RC_ADJUNCT,
1523,0,what is it?,1.0,-NONE-ABAR-WH-,T,WH,NP,NP,OBJ,OBJ,WHNP-1-<INANIM>,WHNP,MQ,MQ_OBJ,
1535,0,why are you doing that?,1.0,-NONE-ABAR-WH-,T,WH,ADVP,ADVP,ADJUNCT,ADJUNCT,WHADVP-1,WHADVP,MQ,MQ_ADJUNCT,
1537,0,"there are some blue ones and some white ones, but where are the yellow ones?",1.0,-NONE-ABAR-WH-,T,WH,ADVP,ADVP,ADJUNCT,ADJUNCT,WHADVP-1,WHADVP,EQ,EQ_ADJUNCT,
1566,0,where's the other part of it?,1.0,-NONE-ABAR-WH-,T,WH,ADVP,ADVP,ADJUNCT,ADJUNCT,WHADVP-1,WHADVP,MQ,MQ_ADJUNCT,
1567,0,show Cecelia how it works.,1.0,-NONE-ABAR-RC-,T,RC,ADVP,ADVP,ADJUNCT,ADJUNCT,WHADVP-1,WHADVP,EQ,EQ_ADJUNCT,show
1572,0,what's that?,1.0,-NONE-ABAR-WH-,T,WH,NP,NP,OBJ,OBJ,WHNP-1-<INANIM>,WHNP,MQ,MQ_OBJ,
1576,0,what's a green arm?,1.0,-NONE-ABAR-WH-,T,WH,NP,NP,OBJ,OBJ,WHNP-1-<INANIM>,WHNP,MQ,MQ_OBJ,
1577,0,what do you think it was?,1.0,-NONE-ABAR-WH-,T,WH,NP,NP,OBJ,OBJ,WHNP-1-<INANIM>,WHNP,EQ,EQ_OBJ,think
1586,0,"oh, look what you found.",1.0,-NONE-ABAR-WH-,T,WH,NP,NP,OBJ,OBJ,WHNP-1-<INANIM>-<PATIENT-V2>,WHNP,EQ,EQ_OBJ,look
1588,0,what're you going to draw?,1.0,-NONE-ABAR-WH-,T,WH,NP,NP,OBJ,OBJ,WHNP-1-<INANIM>-<PATIENT-V1>,WHNP,MQ,MQ_OBJ,
1589,0,what is it?,1.0,-NONE-ABAR-WH-,T,WH,NP,NP,OBJ,OBJ,WHNP-1-<INANIM>,WHNP,MQ,MQ_OBJ,
1590,0,tell you what I think it is?,1.0,-NONE-ABAR-WH-,T,WH,NP,NP,OBJ,OBJ,WHNP-1-<INANIM>,WHNP,EQ,EQ_OBJ,think
1593,0,what is that?,1.0,-NONE-ABAR-WH-,T,WH,NP,NP,OBJ,OBJ,WHNP-1-<INANIM>,WHNP,MQ,MQ_OBJ,
1596,0,what're you doing?,1.0,-NONE-ABAR-WH-,T,WH,NP,NP,OBJ,OBJ,WHNP-1-<INANIM>-<THEME-V1>,WHNP,MQ,MQ_OBJ,
1606,0,what're they saying?,1.0,-NONE-ABAR-WH-,T,WH,NP,NP,OBJ,OBJ,WHNP-1-<INANIM>-<PATIENT-V1>,WHNP,MQ,MQ_OBJ,
1608,0,what's the boy's name?,1.0,-NONE-ABAR-WH-,T,WH,NP,NP,OBJ,OBJ,WHNP-1-<INANIM>,WHNP,MQ,MQ_OBJ,
1620,0,what are you doing?,1.0,-NONE-ABAR-WH-,T,WH,NP,NP,OBJ,OBJ,WHNP-1-<INANIM>-<THEME-V1>,WHNP,MQ,MQ_OBJ,
1621,0,what are you playing?,1.0,-NONE-ABAR-WH-,T,WH,NP,NP,OBJ,OBJ,WHNP-1-<INANIM>-<THEME-V1>,WHNP,MQ,MQ_OBJ,
1631,0,what is it?,1.0,-NONE-ABAR-WH-,T,WH,NP,NP,OBJ,OBJ,WHNP-1-<INANIM>,WHNP,MQ,MQ_OBJ,
1635,0,what's funny?,1.0,-NONE-ABAR-WH-,T,WH,NP,NP,SUBJ,SUBJ,WHNP-1-<INANIM>,WHNP,MQ,MQ_SUBJ,
1637,0,"yes, yes when she goes home she'll catch the Harvard_Square bus.",2.0,-NONE-ABAR-RC-,T,RC,ADVP,ADVP,ADJUNCT,ADJUNCT,WHADVP-2,WHADVP,EQ,EQ_ADJUNCT,
1652,0,"what do you mean, Adam?",1.0,-NONE-ABAR-WH-,T,WH,NP,NP,OBJ,OBJ,WHNP-1-<INANIM>-<PATIENT-V1>,WHNP,MQ,MQ_OBJ,
1654,0,what would you like for your lunch?,1.0,-NONE-ABAR-WH-,T,WH,NP,NP,OBJ,OBJ,WHNP-1-<INANIM>-<SUBJMATT-V1>,WHNP,MQ,MQ_OBJ,
1675,0,what do you mean it moves?,1.0,-NONE-ABAR-WH-,T,WH,NP,NP,OBJ,OBJ,WHNP-1-<INANIM>-<PATIENT-V1>,WHNP,MQ,MQ_OBJ,
1676,0,what does it do?,1.0,-NONE-ABAR-WH-,T,WH,NP,NP,OBJ,OBJ,WHNP-1-<INANIM>-<THEME-V1>,WHNP,MQ,MQ_OBJ,
1724,0,where's the merrygoround?,1.0,-NONE-ABAR-WH-,T,WH,ADVP,ADVP,ADJUNCT,ADJUNCT,WHADVP-1,WHADVP,MQ,MQ_ADJUNCT,
1725,0,what're you doing?,1.0,-NONE-ABAR-WH-,T,WH,NP,NP,OBJ,OBJ,WHNP-1-<INANIM>-<THEME-V1>,WHNP,MQ,MQ_OBJ,
1734,0,what'd he do?,1.0,-NONE-ABAR-WH-,T,WH,NP,NP,OBJ,OBJ,WHNP-1-<INANIM>-<THEME-V1>,WHNP,MQ,MQ_OBJ,
1736,0,and what did he call it?,1.0,-NONE-ABAR-WH-,T,WH,NP,NP,OBJ,OBJ,WHNP-1-<INANIM>-<THEME-V1>,WHNP,EQ,EQ_OBJ,
1747,0,what do you have on your cracker?,1.0,-NONE-ABAR-WH-,T,WH,NP,NP,OBJ,OBJ,WHNP-1-<INANIM>-<THEME-V1>,WHNP,MQ,MQ_OBJ,
1749,0,why is that Mr Pickle?,1.0,-NONE-ABAR-WH-,T,WH,ADVP,ADVP,ADJUNCT,ADJUNCT,WHADVP-1,WHADVP,MQ,MQ_ADJUNCT,
1753,0,what does he look like?,1.0,-NONE-ABAR-WH-,T,WH,NP,NP,OBJ,OBJ,WHNP-1-<INANIM>-<SUBJMATT-V1>,WHNP,MQ,MQ_OBJ,
1757,0,"what's on your glass, Adam?",1.0,-NONE-ABAR-WH-,T,WH,NP,NP,SUBJ,SUBJ,WHNP-1-<INANIM>,WHNP,MQ,MQ_SUBJ,
1760,0,what're you doing?,1.0,-NONE-ABAR-WH-,T,WH,NP,NP,OBJ,OBJ,WHNP-1-<INANIM>-<THEME-V1>,WHNP,MQ,MQ_OBJ,
1761,0,"who does that, Adam?",1.0,-NONE-ABAR-WH-,T,WH,NP,NP,SUBJ,SUBJ,WHNP-1-<ANIM>-<AGENT-V1>,WHNP,MQ,MQ_SUBJ,
1764,0,how do you watch Cocoamarsh?,1.0,-NONE-ABAR-WH-,T,WH,ADVP,ADVP,ADJUNCT,ADJUNCT,WHADVP-1,WHADVP,MQ,MQ_ADJUNCT,
1769,0,it's a drink *NULL* you mix.,1.0,-NONE-ABAR-RC-,T,RC,NP,NP,OBJ,OBJ,WHNP-1-<INANIM>-<PATIENT-V1>,WHNP,RC,RC_OBJ,
1776,0,the little balcony where you play outside.,1.0,-NONE-ABAR-RC-,T,RC,ADVP,ADVP,ADJUNCT,ADJUNCT,WHADVP-1,WHADVP,RC,RC_ADJUNCT,
1778,0,where was that?,1.0,-NONE-ABAR-WH-,T,WH,ADVP,ADVP,ADJUNCT,ADJUNCT,WHADVP-1,WHADVP,MQ,MQ_ADJUNCT,
1781,0,what was his name?,1.0,-NONE-ABAR-WH-,T,WH,NP,NP,OBJ,OBJ,WHNP-1-<INANIM>,WHNP,MQ,MQ_OBJ,
1783,0,you mean the little children who came to visit you?,1.0,-NONE-ABAR-RC-,T,RC,NP,NP,SUBJ,SUBJ,WHNP-1-<ANIM>-<THEME-V2>,WHNP,RC,RC_SUBJ,
1785,0,what were their names?,1.0,-NONE-ABAR-WH-,T,WH,NP,NP,OBJ,OBJ,WHNP-1-<INANIM>,WHNP,MQ,MQ_OBJ,
1786,0,what is that?,1.0,-NONE-ABAR-WH-,T,WH,NP,NP,OBJ,OBJ,WHNP-1-<INANIM>,WHNP,MQ,MQ_OBJ,
1795,0,let's have something *NULL* to read.,1.0,-NONE-ABAR-RC-,T,RC,NP,NP,OBJ,OBJ,WHNP-1-<INANIM>-<PATIENT-V3>,WHNP,RC,RC_OBJ,
1796,0,I have something *NULL* to read.,1.0,-NONE-ABAR-RC-,T,RC,NP,NP,OBJ,OBJ,WHNP-1-<INANIM>-<PATIENT-V2>,WHNP,RC,RC_OBJ,
1798,0,what are those?,1.0,-NONE-ABAR-WH-,T,WH,NP,NP,OBJ,OBJ,WHNP-1-<INANIM>,WHNP,MQ,MQ_OBJ,
1808,0,"what is that, Adam?",1.0,-NONE-ABAR-WH-,T,WH,NP,NP,OBJ,OBJ,WHNP-1-<INANIM>,WHNP,MQ,MQ_OBJ,
1809,0,do you have some things *NULL* to hang up?,1.0,-NONE-ABAR-RC-,T,RC,NP,NP,OBJ,OBJ,WHNP-1-<INANIM>-<PATIENT-V2>,WHNP,RC,RC_OBJ,
1812,0,do you have something *NULL* to hang up?,1.0,-NONE-ABAR-RC-,T,RC,NP,NP,OBJ,OBJ,WHNP-1-<INANIM>-<PATIENT-V2>,WHNP,RC,RC_OBJ,
1817,0,what're you opening now?,1.0,-NONE-ABAR-WH-,T,WH,NP,NP,OBJ,OBJ,WHNP-1-<INANIM>-<PATIENT-V1>,WHNP,MQ,MQ_OBJ,
1822,0,what do you think that is?,1.0,-NONE-ABAR-WH-,T,WH,NP,NP,OBJ,OBJ,WHNP-1-<INANIM>,WHNP,EQ,EQ_OBJ,think
1825,0,where are you going?,1.0,-NONE-ABAR-WH-,T,WH,ADVP,ADVP,ADJUNCT,ADJUNCT,WHADVP-1,WHADVP,MQ,MQ_ADJUNCT,
1832,0,why don't you hang it up by the heel.,1.0,-NONE-ABAR-WH-,T,WH,ADVP,ADVP,ADJUNCT,ADJUNCT,WHADVP-1,WHADVP,MQ,MQ_ADJUNCT,
1843,0,"yes, when she cries.",1.0,-NONE-ABAR-WH-,T,WH,ADVP,ADVP,ADJUNCT,ADJUNCT,WHADVP-1,WHADVP,EQ,EQ_ADJUNCT,
1846,0,what did you take?,1.0,-NONE-ABAR-WH-,T,WH,NP,NP,OBJ,OBJ,WHNP-1-<INANIM>-<PATIENT-V1>,WHNP,MQ,MQ_OBJ,
1847,0,what is it?,1.0,-NONE-ABAR-WH-,T,WH,NP,NP,OBJ,OBJ,WHNP-1-<INANIM>,WHNP,MQ,MQ_OBJ,
1849,0,what hurt you?,1.0,-NONE-ABAR-WH-,T,WH,NP,NP,SUBJ,SUBJ,WHNP-1-<INANIM>-<AGENT-V1>,WHNP,MQ,MQ_SUBJ,
1855,0,then where will we tie it?,1.0,-NONE-ABAR-WH-,T,WH,ADVP,ADVP,ADJUNCT,ADJUNCT,WHADVP-1,WHADVP,MQ,MQ_ADJUNCT,
1857,0,where will we put it?,1.0,-NONE-ABAR-WH-,T,WH,ADVP,ADVP,ADJUNCT,ADJUNCT,WHADVP-1,WHADVP,MQ,MQ_ADJUNCT,
1860,0,"oh, what would you do with it?",1.0,-NONE-ABAR-WH-,T,WH,NP,NP,OBJ,OBJ,WHNP-1-<INANIM>-<THEME-V1>,WHNP,MQ,MQ_OBJ,
1870,0,what do you think you cook in here?,1.0,-NONE-ABAR-WH-,T,WH,NP,NP,OBJ,OBJ,WHNP-1-<INANIM>-<PATIENT-V2>,WHNP,EQ,EQ_OBJ,think
1871,0,what're you putting him down there for?,1.0,-NONE-ABAR-WH-,T,WH,NP,NP,OBJ,OBJ,WHNP-1-<INANIM>,WHNP,MQ,MQ_OBJ,
1875,0,where is he?,1.0,-NONE-ABAR-WH-,T,WH,ADVP,ADVP,ADJUNCT,ADJUNCT,WHADVP-1,WHADVP,MQ,MQ_ADJUNCT,
1878,0,what do you call that thing?,1.0,-NONE-ABAR-WH-,T,WH,NP,NP,OBJ,OBJ,WHNP-1-<INANIM>-<PATIENT-V1>,WHNP,MQ,MQ_OBJ,
1882,0,"oh, what would hurt him?",1.0,-NONE-ABAR-WH-,T,WH,NP,NP,SUBJ,SUBJ,WHNP-1-<INANIM>-<AGENT-V1>,WHNP,MQ,MQ_SUBJ,
1902,0,what did you cook?,1.0,-NONE-ABAR-WH-,T,WH,NP,NP,OBJ,OBJ,WHNP-1-<INANIM>-<PATIENT-V1>,WHNP,MQ,MQ_OBJ,
1912,0,"what do I have to eat, Adam?",2.0,-NONE-ABAR-WH-,T,WH,NP,NP,OBJ,OBJ,WHNP-2-<INANIM>-<PATIENT-V1>,WHNP,MQ,MQ_OBJ,
1915,0,"Adam, what do I have to eat?",2.0,-NONE-ABAR-WH-,T,WH,NP,NP,OBJ,OBJ,WHNP-2-<INANIM>-<PATIENT-V1>,WHNP,MQ,MQ_OBJ,
1917,0,what is Ursula having?,1.0,-NONE-ABAR-WH-,T,WH,NP,NP,OBJ,OBJ,WHNP-1-<INANIM>-<PATIENT-V1>,WHNP,MQ,MQ_OBJ,
1927,0,what color is that one?,1.0,-NONE-ABAR-WH-,T,WH,NP,NP,OBJ,OBJ,WHNP-1-<INANIM>,WHNP,MQ,MQ_OBJ,
1928,0,what color is this one?,1.0,-NONE-ABAR-WH-,T,WH,NP,NP,OBJ,OBJ,WHNP-1-<INANIM>,WHNP,MQ,MQ_OBJ,
1938,0,what is that?,1.0,-NONE-ABAR-WH-,T,WH,NP,NP,OBJ,OBJ,WHNP-1-<INANIM>,WHNP,MQ,MQ_OBJ,
1944,0,where shall I tie it?,1.0,-NONE-ABAR-WH-,T,WH,ADVP,ADVP,ADJUNCT,ADJUNCT,WHADVP-1,WHADVP,MQ,MQ_ADJUNCT,
1945,0,what happened?,1.0,-NONE-ABAR-WH-,T,WH,NP,NP,SUBJ,SUBJ,WHNP-1-<INANIM>-<THEME-V1>,WHNP,MQ,MQ_SUBJ,
1956,0,how do you fix that?,1.0,-NONE-ABAR-WH-,T,WH,ADVP,ADVP,ADJUNCT,ADJUNCT,WHADVP-1,WHADVP,MQ,MQ_ADJUNCT,
1966,0,what is that?,1.0,-NONE-ABAR-WH-,T,WH,NP,NP,OBJ,OBJ,WHNP-1-<INANIM>,WHNP,MQ,MQ_OBJ,
1969,0,what is that?,1.0,-NONE-ABAR-WH-,T,WH,NP,NP,OBJ,OBJ,WHNP-1-<INANIM>,WHNP,MQ,MQ_OBJ,
1971,0,what is that?,1.0,-NONE-ABAR-WH-,T,WH,NP,NP,OBJ,OBJ,WHNP-1-<INANIM>,WHNP,MQ,MQ_OBJ,
1973,0,what is that?,1.0,-NONE-ABAR-WH-,T,WH,NP,NP,OBJ,OBJ,WHNP-1-<INANIM>,WHNP,MQ,MQ_OBJ,
1974,0,what do you think is happening?,1.0,-NONE-ABAR-WH-,T,WH,NP,NP,SUBJ,SUBJ,WHNP-1-<INANIM>-<THEME-V2>,WHNP,EQ,EQ_SUBJ,think
1978,0,what is this?,1.0,-NONE-ABAR-WH-,T,WH,NP,NP,OBJ,OBJ,WHNP-1-<INANIM>,WHNP,MQ,MQ_OBJ,
1985,0,what is this?,1.0,-NONE-ABAR-WH-,T,WH,NP,NP,OBJ,OBJ,WHNP-1-<INANIM>,WHNP,MQ,MQ_OBJ,
1991,0,what is this?,1.0,-NONE-ABAR-WH-,T,WH,NP,NP,OBJ,OBJ,WHNP-1-<INANIM>,WHNP,MQ,MQ_OBJ,
1992,0,what we call a cook.,1.0,-NONE-ABAR-RC-,T,RC,NP,NP,OBJ,OBJ,WHNP-1-<INANIM>-<PATIENT-V1>,WHNP,EQ,EQ_OBJ,
1993,0,what is it?,1.0,-NONE-ABAR-WH-,T,WH,NP,NP,OBJ,OBJ,WHNP-1-<INANIM>,WHNP,MQ,MQ_OBJ,
1997,0,I've never seen a pony that looked like that.,1.0,-NONE-ABAR-RC-,T,RC,NP,NP,SUBJ,SUBJ,WHNP-1-<INANIM>-<CAUSER-V2>,WHNP,RC,RC_SUBJ,
2000,0,do you know what this is?,1.0,-NONE-ABAR-RC-,T,RC,NP,NP,OBJ,OBJ,WHNP-1-<INANIM>,WHNP,EQ,EQ_OBJ,know
2003,0,where's a seal?,1.0,-NONE-ABAR-WH-,T,WH,ADVP,ADVP,ADJUNCT,ADJUNCT,WHADVP-1,WHADVP,MQ,MQ_ADJUNCT,
2007,0,what is that?,1.0,-NONE-ABAR-WH-,T,WH,NP,NP,OBJ,OBJ,WHNP-1-<INANIM>,WHNP,MQ,MQ_OBJ,
2013,0,do you know what this letter is?,1.0,-NONE-ABAR-WH-,T,WH,NP,NP,OBJ,OBJ,WHNP-1-<INANIM>,WHNP,EQ,EQ_OBJ,know
2025,0,did you tell her about the fire station that we visited?,1.0,-NONE-ABAR-RC-,T,RC,NP,NP,OBJ,OBJ,WHNP-1-<INANIM>-<PATIENT-V2>,WHNP,RC,RC_OBJ,
2027,0,"oh, you know who that is.",1.0,-NONE-ABAR-WH-,T,WH,NP,NP,OBJ,OBJ,WHNP-1-<ANIM>,WHNP,EQ,EQ_OBJ,know
2028,0,and what is this?,1.0,-NONE-ABAR-WH-,T,WH,NP,NP,OBJ,OBJ,WHNP-1-<INANIM,WHNP,EQ,EQ_OBJ,
2029,0,I really don't know why the farmer's running.,1.0,-NONE-ABAR-WH-,T,WH,ADVP,ADVP,ADJUNCT,ADJUNCT,WHADVP-1,WHADVP,EQ,EQ_ADJUNCT,know
2032,0,what kind of flower is that?,1.0,-NONE-ABAR-WH-,T,WH,NP,NP,OBJ,OBJ,WHNP-1-<INANIM>,WHNP,MQ,MQ_OBJ,
2034,0,"and what is this, Adam.",1.0,-NONE-ABAR-WH-,T,WH,NP,NP,OBJ,OBJ,WHNP-1-<INANIM>,WHNP,EQ,EQ_OBJ,
2038,0,what is that?,1.0,-NONE-ABAR-WH-,T,WH,NP,NP,OBJ,OBJ,WHNP-1-<INANIM>,WHNP,MQ,MQ_OBJ,
2039,0,know what this letter is?,1.0,-NONE-ABAR-WH-,T,WH,NP,NP,OBJ,OBJ,WHNP-1-<INANIM>,WHNP,EQ,EQ_OBJ,know
2041,0,what is that?,1.0,-NONE-ABAR-WH-,T,WH,NP,NP,OBJ,OBJ,WHNP-1-<INANIM>,WHNP,MQ,MQ_OBJ,
2046,0,you don't have anything *NULL* to pour it in.,1.0,-NONE-ABAR-RC-,T,RC,NP,NP,OBJ,OBJ,WHNP-1-<INANIM>-<GOAL-V2>,WHNP,RC,RC_OBJ,
2047,0,what are you putting in my coffee?,1.0,-NONE-ABAR-WH-,T,WH,NP,NP,OBJ,OBJ,WHNP-1-<INANIM>-<PATIENT-V1>,WHNP,MQ,MQ_OBJ,
2051,0,what is that?,1.0,-NONE-ABAR-WH-,T,WH,NP,NP,OBJ,OBJ,WHNP-1-<INANIM>,WHNP,MQ,MQ_OBJ,
2058,0,and what is that?,1.0,-NONE-ABAR-WH-,T,WH,NP,NP,OBJ,OBJ,WHNP-1-<INANIM>,WHNP,EQ,EQ_OBJ,
2060,0,do you know what this is?,1.0,-NONE-ABAR-WH-,T,WH,NP,NP,OBJ,OBJ,WHNP-1-<INANIM>,WHNP,EQ,EQ_OBJ,know
2063,0,do you know what this is?,1.0,-NONE-ABAR-WH-,T,WH,NP,NP,OBJ,OBJ,WHNP-1-<INANIM>,WHNP,EQ,EQ_OBJ,know
2068,0,and what is this?,1.0,-NONE-ABAR-WH-,T,WH,NP,NP,OBJ,OBJ,WHNP-1-<INANIM>,WHNP,EQ,EQ_OBJ,
2070,0,what kind of bird is that?,1.0,-NONE-ABAR-WH-,T,WH,NP,NP,OBJ,OBJ,WHNP-1-<ANIM>,WHNP,MQ,MQ_OBJ,
2071,0,what is this?,1.0,-NONE-ABAR-WH-,T,WH,NP,NP,OBJ,OBJ,WHNP-1-<INANIM>,WHNP,MQ,MQ_OBJ,
2073,0,do you know what this is?,1.0,-NONE-ABAR-WH-,T,WH,NP,NP,OBJ,OBJ,WHNP-1-<INANIM>,WHNP,EQ,EQ_OBJ,know
2075,0,what is that?,1.0,-NONE-ABAR-WH-,T,WH,NP,NP,OBJ,OBJ,WHNP-1-<INANIM>,WHNP,MQ,MQ_OBJ,
2081,0,why do you say poor piggie?,1.0,-NONE-ABAR-WH-,T,WH,ADVP,ADVP,ADJUNCT,ADJUNCT,WHADVP-1,WHADVP,MQ,MQ_ADJUNCT,
2082,0,why would you knock that tree down?,1.0,-NONE-ABAR-WH-,T,WH,ADVP,ADVP,ADJUNCT,ADJUNCT,WHADVP-1,WHADVP,MQ,MQ_ADJUNCT,
2085,0,do you know what that is?,1.0,-NONE-ABAR-WH-,T,WH,NP,NP,OBJ,OBJ,WHNP-1-<INANIM>,WHNP,EQ,EQ_OBJ,know
2086,0,what is this?,1.0,-NONE-ABAR-WH-,T,WH,NP,NP,OBJ,OBJ,WHNP-1-<INANIM>,WHNP,MQ,MQ_OBJ,
2090,0,know what that is?,1.0,-NONE-ABAR-WH-,T,WH,NP,NP,OBJ,OBJ,WHNP-1-<INANIM>,WHNP,EQ,EQ_OBJ,know
2093,0,do you know what this is?,1.0,-NONE-ABAR-WH-,T,WH,NP,NP,OBJ,OBJ,WHNP-1-<INANIM>,WHNP,EQ,EQ_OBJ,know
2095,0,what is this?,1.0,-NONE-ABAR-WH-,T,WH,NP,NP,OBJ,OBJ,WHNP-1-<INANIM>,WHNP,MQ,MQ_OBJ,
2098,0,do you know what you call this that they're on?,2.0,-NONE-ABAR-RC-,T,RC,NP,NP,OBJ,OBJ,WHNP-2-<INANIM>,WHNP,RC,RC_OBJ,
2098,1,do you know what you call this that they're on?,1.0,-NONE-ABAR-WH-,T,WH,NP,NP,OBJ,OBJ,WHNP-1-<INANIM>-<PATIENT-V2>,WHNP,EQ,EQ_OBJ,know
2104,0,what is this?,1.0,-NONE-ABAR-WH-,T,WH,NP,NP,OBJ,OBJ,WHNP-1-<INANIM>,WHNP,MQ,MQ_OBJ,
2107,0,"oh, Adam, I see something that you've never seen before.",1.0,-NONE-ABAR-RC-,T,RC,NP,NP,OBJ,OBJ,WHNP-1-<INANIM>-<SUBJMATT-V2>,WHNP,RC,RC_OBJ,
2109,0,but what's happening?,1.0,-NONE-ABAR-WH-,T,WH,NP,NP,SUBJ,SUBJ,WHNP-1-<INANIM>-<THEME-V1>,WHNP,EQ,EQ_SUBJ,
2110,0,who's talking?,1.0,-NONE-ABAR-WH-,T,WH,NP,NP,SUBJ,SUBJ,WHNP-1-<ANIM>-<AGENT-V1>,WHNP,MQ,MQ_SUBJ,
2112,0,what is that?,1.0,-NONE-ABAR-WH-,T,WH,NP,NP,OBJ,OBJ,WHNP-1-<INANIM>,WHNP,MQ,MQ_OBJ,
2119,0,because of the way *NULL* it's made and what it does.,1.0,-NONE-ABAR-RC-,T,RC,ADVP,ADVP,ADJUNCT,ADJUNCT,WHADVP-1,WHADVP,EQ,EQ_ADJUNCT,
2120,0,what does that look like?,1.0,-NONE-ABAR-WH-,T,WH,NP,NP,OBJ,OBJ,WHNP-1-<INANIM>-<SUBJMATT-V1>,WHNP,MQ,MQ_OBJ,
2124,0,if he's not careful.,,,,POLAR,,,,POLAR,,,EQ,EQ_POLAR,
2125,0,what is that spoon?,1.0,-NONE-ABAR-WH-,T,WH,NP,NP,OBJ,OBJ,WHNP-1-<INANIM>,WHNP,MQ,MQ_OBJ,
2126,0,the one *NULL* you were talking about.,1.0,-NONE-ABAR-RC-,T,RC,NP,NP,OBJ,OBJ,WHNP-1-<INANIM>-<PATIENT-V1>,WHNP,RC,RC_OBJ,
2127,0,what is that?,1.0,-NONE-ABAR-WH-,T,WH,NP,NP,OBJ,OBJ,WHNP-1-<INANIM>,WHNP,MQ,MQ_OBJ,
2130,0,do you know what's happening on this page?,1.0,-NONE-ABAR-WH-,T,WH,NP,NP,SUBJ,SUBJ,WHNP-1-<INANIM>-<THEME-V2>,WHNP,EQ,EQ_SUBJ,know
2132,0,who is this sitting up here?,1.0,-NONE-ABAR-WH-,T,WH,NP,NP,OBJ,OBJ,WHNP-1-<ANIM>-<THEME-V1>,WHNP,MQ,MQ_OBJ,
2142,0,what is that?,1.0,-NONE-ABAR-WH-,T,WH,NP,NP,OBJ,OBJ,WHNP-1-<INANIM>,WHNP,MQ,MQ_OBJ,
2145,0,"what place do you think that is, Adam?",1.0,-NONE-ABAR-WH-,T,WH,NP,NP,OBJ,OBJ,WHNP-1-<INANIM>,WHNP,EQ,EQ_OBJ,think
2147,0,what place do you think that is?,1.0,-NONE-ABAR-WH-,T,WH,NP,NP,OBJ,OBJ,WHNP-1-<INANIM>,WHNP,EQ,EQ_OBJ,think
2148,0,where do you think you'd find all those animals?,1.0,-NONE-ABAR-WH-,T,WH,ADVP,ADVP,ADJUNCT,ADJUNCT,WHADVP-1,WHADVP,EQ,EQ_ADJUNCT,think
2150,0,where's Mr Pickle's park?,1.0,-NONE-ABAR-WH-,T,WH,ADVP,ADVP,ADJUNCT,ADJUNCT,WHADVP-1,WHADVP,MQ,MQ_ADJUNCT,
2151,0,where they sell balloons?,1.0,-NONE-ABAR-RC-,T,RC,ADVP,ADVP,ADJUNCT,ADJUNCT,WHADVP-1,WHADVP,EQ,EQ_ADJUNCT,
2152,0,where is that?,1.0,-NONE-ABAR-WH-,T,WH,ADVP,ADVP,ADJUNCT,ADJUNCT,WHADVP-1,WHADVP,MQ,MQ_ADJUNCT,
2155,0,if I had to go to one place and find all those animals where would,,,,POLAR,,,,POLAR,,,EQ,EQ_POLAR,
2160,0,"careful, why don't you move down a bit?",1.0,-NONE-ABAR-WH-,T,WH,ADVP,ADVP,ADJUNCT,ADJUNCT,WHADVP-1,WHADVP,MQ,MQ_ADJUNCT,
2166,0,why would you cut the elephant?,1.0,-NONE-ABAR-WH-,T,WH,ADVP,ADVP,ADJUNCT,ADJUNCT,WHADVP-1,WHADVP,MQ,MQ_ADJUNCT,
2168,0,where do you have a wonderful baby?,1.0,-NONE-ABAR-WH-,T,WH,ADVP,ADVP,ADJUNCT,ADJUNCT,WHADVP-1,WHADVP,MQ,MQ_ADJUNCT,
2171,0,this is a story about an old woman who lived in a shoe.,1.0,-NONE-ABAR-RC-,T,RC,NP,NP,SUBJ,SUBJ,WHNP-1-<ANIM>-<THEME-V1>,WHNP,RC,RC_SUBJ,
2173,0,who lived in a,1.0,-NONE-ABAR-RC-,T,RC,NP,NP,SUBJ,SUBJ,WHNP-1-<ANIM>-<THEME-V1>,WHNP,EQ,EQ_SUBJ,
2177,0,or what's this?,1.0,-NONE-ABAR-WH-,T,WH,NP,NP,OBJ,OBJ,WHNP-1-<INANIM>,WHNP,EQ,EQ_OBJ,
2185,0,do you know what this is?,1.0,-NONE-ABAR-WH-,T,WH,NP,NP,OBJ,OBJ,WHNP-1-<INANIM>,WHNP,EQ,EQ_OBJ,know
2189,0,what happened to necklace?,1.0,-NONE-ABAR-WH-,T,WH,NP,NP,SUBJ,SUBJ,WHNP-1-<INANIM>-<THEME-V1>,WHNP,MQ,MQ_SUBJ,
2190,0,who took it?,1.0,-NONE-ABAR-WH-,T,WH,NP,NP,SUBJ,SUBJ,WHNP-1-<ANIM>-<AGENT-V1>,WHNP,MQ,MQ_SUBJ,
2191,0,where is it?,1.0,-NONE-ABAR-WH-,T,WH,ADVP,ADVP,ADJUNCT,ADJUNCT,WHADVP-1,WHADVP,MQ,MQ_ADJUNCT,
2196,0,what has Celia got?,1.0,-NONE-ABAR-WH-,T,WH,NP,NP,OBJ,OBJ,WHNP-1-<INANIM>-<THEME-V1>,WHNP,MQ,MQ_OBJ,
2197,0,what has Celia got?,1.0,-NONE-ABAR-WH-,T,WH,NP,NP,OBJ,OBJ,WHNP-1-<INANIM>-<THEME-V1>,WHNP,MQ,MQ_OBJ,
2201,0,what is it about?,1.0,-NONE-ABAR-WH-,T,WH,NP,NP,OBJ,OBJ,WHNP-1-<INANIM>,WHNP,MQ,MQ_OBJ,
2206,0,they each knew a game that was jolly to play,1.0,-NONE-ABAR-RC-,T,RC,NP-2,NP,SUBJ,SUBJ,WHNP-1-<INANIM>-<PATIENT-V2>,WHNP,RC,RC_SUBJ,
2217,0,he's a little boy who's painting.,1.0,-NONE-ABAR-RC-,T,RC,NP,NP,SUBJ,SUBJ,WHNP-1-<ANIM>-<AGENT-V1>,WHNP,RC,RC_SUBJ,
2220,0,because it's something *NULL* he likes to do.,1.0,-NONE-ABAR-RC-,T,RC,NP,NP,OBJ,OBJ,WHNP-1-<INANIM>-<THEME-V2>,WHNP,RC,RC_OBJ,
2235,0,what did you get?,1.0,-NONE-ABAR-WH-,T,WH,NP,NP,OBJ,OBJ,WHNP-1-<INANIM>-<PATIENT-V1>,WHNP,MQ,MQ_OBJ,
2237,0,once upon a time there was a little boy *NULL* named Adam.,1.0,-NONE-ABAR-RC-,T,RC,NP-2,NP,SUBJ,SUBJ,WHNP-1-<ANIM>-<THEME-V1>,WHNP,RC,RC_SUBJ,
2239,0,why don't you do your puzzle?,1.0,-NONE-ABAR-WH-,T,WH,ADVP,ADVP,ADJUNCT,ADJUNCT,WHADVP-1,WHADVP,MQ,MQ_ADJUNCT,
2241,0,what is this?,1.0,-NONE-ABAR-WH-,T,WH,NP,NP,OBJ,OBJ,WHNP-1-<INANIM>,WHNP,MQ,MQ_OBJ,
2243,0,what is this?,1.0,-NONE-ABAR-WH-,T,WH,NP,NP,OBJ,OBJ,WHNP-1-<INANIM>,WHNP,MQ,MQ_OBJ,
2245,0,what is that?,1.0,-NONE-ABAR-WH-,T,WH,NP,NP,OBJ,OBJ,WHNP-1-<INANIM>,WHNP,MQ,MQ_OBJ,
2249,0,what is this?,1.0,-NONE-ABAR-WH-,T,WH,NP,NP,OBJ,OBJ,WHNP-1-<INANIM>,WHNP,MQ,MQ_OBJ,
2257,0,"Adam, what do you want?",1.0,-NONE-ABAR-WH-,T,WH,NP,NP,OBJ,OBJ,WHNP-1-<INANIM>-<SUBJMATT-V1>,WHNP,MQ,MQ_OBJ,
2267,0,the kind *NULL* the policeman carry.,1.0,-NONE-ABAR-RC-,T,RC,NP,NP,OBJ,OBJ,WHNP-1-<INANIM>-<PATIENT-V1>,WHNP,RC,RC_OBJ,
2268,0,what do you think they are?,1.0,-NONE-ABAR-WH-,T,WH,NP,NP,OBJ,OBJ,WHNP-1-<INANIM>,WHNP,EQ,EQ_OBJ,think
2289,0,"who are you asking, Adam?",1.0,-NONE-ABAR-WH-,T,WH,NP,NP,OBJ,OBJ,WHNP-1-<ANIM>-<PATIENT-V1>,WHNP,MQ,MQ_OBJ,
2290,0,what did you ask me?,1.0,-NONE-ABAR-WH-,T,WH,NP,NP,OBJ,OBJ,WHNP-1-<INANIM>-<THEME-V1>,WHNP,MQ,MQ_OBJ,
2297,0,isn't that a shirt that's hanging on the line?,1.0,-NONE-ABAR-RC-,T,RC,NP,NP,SUBJ,SUBJ,WHNP-1-<INANIM>-<THEME-V1>,WHNP,RC,RC_SUBJ,
2301,0,where is Adam's house?,1.0,-NONE-ABAR-WH-,T,WH,ADVP,ADVP,ADJUNCT,ADJUNCT,WHADVP-1,WHADVP,MQ,MQ_ADJUNCT,
2303,0,how did your house get turned out?,1.0,-NONE-ABAR-WH-,T,WH,ADVP,ADVP,ADJUNCT,ADJUNCT,WHADVP-1,WHADVP,MQ,MQ_ADJUNCT,
2315,0,"but I 'm not a kangaroo, what're you doing making such a mess on",1.0,-NONE-ABAR-RC-,T,RC,NP,NP,OBJ,OBJ,WHNP-1-<INANIM>-<THEME-V1>,WHNP,EQ,EQ_OBJ,
2318,0,what're dreams?,1.0,-NONE-ABAR-WH-,T,WH,NP,NP,OBJ,OBJ,WHNP-1-<INANIM>,WHNP,MQ,MQ_OBJ,
2321,0,"yes, if it's dirty then it cann't be cleaned.",,,,POLAR,,,,POLAR,,,EQ,EQ_POLAR,
2323,0,how do you know?,1.0,-NONE-ABAR-WH-,T,WH,ADVP,ADVP,ADJUNCT,ADJUNCT,WHADVP-1,WHADVP,MQ,MQ_ADJUNCT,
2326,0,what does the racing car do?,1.0,-NONE-ABAR-WH-,T,WH,NP,NP,OBJ,OBJ,WHNP-1-<INANIM>-<THEME-V1>,WHNP,MQ,MQ_OBJ,
2329,0,who is driving?,1.0,-NONE-ABAR-WH-,T,WH,NP,NP,SUBJ,SUBJ,WHNP-1-<ANIM>-<AGENT-V1>,WHNP,MQ,MQ_SUBJ,
2330,0,who drives the racing car?,1.0,-NONE-ABAR-WH-,T,WH,NP,NP,SUBJ,SUBJ,WHNP-1-<ANIM>-<AGENT-V1>,WHNP,MQ,MQ_SUBJ,
2333,0,what part broke?,1.0,-NONE-ABAR-WH-,T,WH,NP,NP,SUBJ,SUBJ,WHNP-1-<INANIM>-<THEME-V1>,WHNP,MQ,MQ_SUBJ,
2341,0,"I don't know what it is, do you?",1.0,-NONE-ABAR-RC-,T,RC,NP,NP,OBJ,OBJ,WHNP-1-<INANIM>,WHNP,EQ,EQ_OBJ,know
2348,0,what is he saying?,1.0,-NONE-ABAR-WH-,T,WH,NP,NP,OBJ,OBJ,WHNP-1-<INANIM>-<PATIENT-V1>,WHNP,MQ,MQ_OBJ,
2354,0,what does it look like to you?,1.0,-NONE-ABAR-WH-,T,WH,NP,NP,OBJ,OBJ,WHNP-1-<INANIM>-<SUBJMATT-V1>,WHNP,MQ,MQ_OBJ,
2355,0,what is it?,1.0,-NONE-ABAR-WH-,T,WH,NP,NP,OBJ,OBJ,WHNP-1-<INANIM>,WHNP,MQ,MQ_OBJ,
2365,0,what can I have?,1.0,-NONE-ABAR-WH-,T,WH,NP,NP,OBJ,OBJ,WHNP-1-<INANIM>-<THEME-V1>,WHNP,MQ,MQ_OBJ,
2375,0,where's my breakfast?,1.0,-NONE-ABAR-WH-,T,WH,ADVP,ADVP,ADJUNCT,ADJUNCT,WHADVP-1,WHADVP,MQ,MQ_ADJUNCT,
2379,0,what are you going to have?,1.0,-NONE-ABAR-WH-,T,WH,NP,NP,OBJ,OBJ,WHNP-1-<INANIM>-<PATIENT-V1>,WHNP,MQ,MQ_OBJ,
2380,0,what's that?,1.0,-NONE-ABAR-WH-,T,WH,NP,NP,OBJ,OBJ,WHNP-1-<INANIM>,WHNP,MQ,MQ_OBJ,
2382,0,what did you eat for morning supper?,1.0,-NONE-ABAR-WH-,T,WH,NP,NP,OBJ,OBJ,WHNP-1-<INANIM>-<PATIENT-V1>,WHNP,MQ,MQ_OBJ,
2390,0,is that the kind *NULL* you have?,1.0,-NONE-ABAR-RC-,T,RC,NP,NP,OBJ,OBJ,WHNP-1-<INANIM>-<THEME-V1>,WHNP,RC,RC_OBJ,
2392,0,where is it going?,1.0,-NONE-ABAR-WH-,T,WH,ADVP,ADVP,ADJUNCT,ADJUNCT,WHADVP-1,WHADVP,MQ,MQ_ADJUNCT,
2394,0,maybe the lights go on when you push the button.,1.0,-NONE-ABAR-RC-,T,RC,ADVP,ADVP,ADJUNCT,ADJUNCT,WHADVP-1,WHADVP,EQ,EQ_ADJUNCT,go
2400,0,what isn't working?,1.0,-NONE-ABAR-WH-,T,WH,NP,NP,SUBJ,SUBJ,WHNP-1-<INANIM>-<THEME-V1>,WHNP,MQ,MQ_SUBJ,
2410,0,what happened?,1.0,-NONE-ABAR-WH-,T,WH,NP,NP,SUBJ,SUBJ,WHNP-1-<INANIM>-<THEME-V1>,WHNP,MQ,MQ_SUBJ,
2427,0,can you tell Ursula what the lesson is on the blackboard?,1.0,-NONE-ABAR-WH-,T,WH,NP,NP,OBJ,OBJ,WHNP-1-<INANIM>,WHNP,RC,RC_OBJ,
2428,0,there where your hand is.,1.0,-NONE-ABAR-WH-,T,WH,ADVP,ADVP,ADJUNCT,ADJUNCT,WHADVP-1,WHADVP,EQ,EQ_ADJUNCT,
2429,0,who is it?,1.0,-NONE-ABAR-WH-,T,WH,NP,NP,OBJ,OBJ,WHNP-1-<ANIM>,WHNP,MQ,MQ_OBJ,
2439,0,where's the motor?,1.0,-NONE-ABAR-WH-,T,WH,ADVP,ADVP,ADJUNCT,ADJUNCT,WHADVP-1,WHADVP,MQ,MQ_ADJUNCT,
2440,0,where would the motor be?,1.0,-NONE-ABAR-WH-,T,WH,ADVP,ADVP,ADJUNCT,ADJUNCT,WHADVP-1,WHADVP,MQ,MQ_ADJUNCT,
2442,0,what kind of a Rambler is that?,1.0,-NONE-ABAR-WH-,T,WH,NP,NP,OBJ,OBJ,WHNP-1-<ANIM>,WHNP,MQ,MQ_OBJ,
2446,0,"well, if you're alright I think I'll take Paul back and put him in",,,,POLAR,,,,POLAR,,,EQ,EQ_POLAR,
2453,0,that's how the car goes.,1.0,-NONE-ABAR-WH-,T,WH,ADVP,ADVP,ADJUNCT,ADJUNCT,WHADVP-1,WHADVP,EQ,EQ_ADJUNCT,goes
2472,0,when the snow is high you can clear the street.,2.0,-NONE-ABAR-RC-,T,RC,ADVP,ADVP,ADJUNCT,ADJUNCT,WHADVP-2,WHADVP,EQ,EQ_ADJUNCT,
2483,0,what's happened to it?,1.0,-NONE-ABAR-WH-,T,WH,NP,NP,SUBJ,SUBJ,WHNP-1-<INANIM>-<THEME-V1>,WHNP,MQ,MQ_SUBJ,
2485,0,what do you think that is?,1.0,-NONE-ABAR-WH-,T,WH,NP,NP,OBJ,OBJ,WHNP-1-<INANIM>,WHNP,EQ,EQ_OBJ,think
2488,0,you see how it's tied together?,1.0,-NONE-ABAR-RC-,T,RC,ADVP,ADVP,ADJUNCT,ADJUNCT,WHADVP-1,WHADVP,EQ,EQ_ADJUNCT,see
2494,0,who is there?,1.0,-NONE-ABAR-WH-,T,WH,NP,NP,SUBJ,SUBJ,WHNP-1-<ANIM>,WHNP,MQ,MQ_SUBJ,
2502,0,what is that?,1.0,-NONE-ABAR-WH-,T,WH,NP,NP,OBJ,OBJ,WHNP-1-<INANIM>,WHNP,MQ,MQ_OBJ,
2505,0,what do you see?,1.0,-NONE-ABAR-WH-,T,WH,NP,NP,OBJ,OBJ,WHNP-1-<INANIM>-<SUBJMATT-V1>,WHNP,MQ,MQ_OBJ,
2513,0,what does that mean?,1.0,-NONE-ABAR-WH-,T,WH,NP,NP,OBJ,OBJ,WHNP-1-<INANIM>-<CAUSER-V1>,WHNP,MQ,MQ_OBJ,
2521,0,we have more things *NULL* to play with.,1.0,-NONE-ABAR-RC-,T,RC,NP,NP,OBJ,OBJ,WHNP-1-<INANIM>-<PATIENT-V2>,WHNP,RC,RC_OBJ,
2555,0,"yes, if Ursula says it's alright.",,,,POLAR,,,,POLAR,,,EQ,EQ_POLAR,
2561,0,what is that?,1.0,-NONE-ABAR-WH-,T,WH,NP,NP,OBJ,OBJ,WHNP-1-<INANIM>,WHNP,MQ,MQ_OBJ,
2562,0,what is it?,1.0,-NONE-ABAR-WH-,T,WH,NP,NP,OBJ,OBJ,WHNP-1-<INANIM>,WHNP,MQ,MQ_OBJ,
2564,0,"oh, what's driving on me?",1.0,-NONE-ABAR-WH-,T,WH,NP,NP,SUBJ,SUBJ,WHNP-1-<INANIM>-<AGENT-V1>,WHNP,MQ,MQ_SUBJ,
2569,0,what number is that?,1.0,-NONE-ABAR-WH-,T,WH,NP,NP,OBJ,OBJ,WHNP-1-<INANIM>,WHNP,MQ,MQ_OBJ,
2571,0,do you know what those numbers are?,1.0,-NONE-ABAR-RC-,T,RC,NP,NP,OBJ,OBJ,WHNP-1-<INANIM>,WHNP,EQ,EQ_OBJ,know
2576,0,what happened to Wednesday?,1.0,-NONE-ABAR-WH-,T,WH,NP,NP,SUBJ,SUBJ,WHNP-1-<INANIM>-<THEME-V1>,WHNP,MQ,MQ_SUBJ,
2578,0,what happened?,1.0,-NONE-ABAR-WH-,T,WH,NP,NP,SUBJ,SUBJ,WHNP-1-<INANIM>-<THEME-V1>,WHNP,MQ,MQ_SUBJ,
2585,0,if you wish to.,,,,POLAR,,,,POLAR,,,EQ,EQ_POLAR,
2594,0,"who is that, Adam?",1.0,-NONE-ABAR-WH-,T,WH,NP,NP,OBJ,OBJ,WHNP-1-<ANIM>,WHNP,MQ,MQ_OBJ,
2598,0,how are you?,1.0,-NONE-ABAR-WH-,T,WH,ADVP,ADVP,ADJUNCT,ADJUNCT,WHADVP-1,WHADVP,MQ,MQ_ADJUNCT,
2599,0,"oh, what's the chicken's name?",1.0,-NONE-ABAR-WH-,T,WH,NP,NP,OBJ,OBJ,WHNP-1-<INANIM>,WHNP,MQ,MQ_OBJ,
2603,0,what is your name?,1.0,-NONE-ABAR-WH-,T,WH,NP,NP,OBJ,OBJ,WHNP-1-<INANIM>,WHNP,MQ,MQ_OBJ,
2608,0,what is your name?,1.0,-NONE-ABAR-WH-,T,WH,NP,NP,OBJ,OBJ,WHNP-1-<INANIM>,WHNP,MQ,MQ_OBJ,
2610,0,who's there?,1.0,-NONE-ABAR-WH-,T,WH,NP,NP,SUBJ,SUBJ,WHNP-1-<ANIM>,WHNP,MQ,MQ_SUBJ,
2616,0,I know who you look like.,1.0,-NONE-ABAR-RC-,T,RC,NP,NP,OBJ,OBJ,WHNP-1-<ANIM>-<SUBJMATT-V2>,WHNP,EQ,EQ_OBJ,know
2618,0,who's there?,1.0,-NONE-ABAR-WH-,T,WH,NP,NP,SUBJ,SUBJ,WHNP-1-<ANIM>,WHNP,MQ,MQ_SUBJ,
2624,0,when it gets dark?,1.0,-NONE-ABAR-WH-,T,WH,ADVP,ADVP,ADJUNCT,ADJUNCT,WHADVP-1,WHADVP,EQ,EQ_ADJUNCT,
2625,0,what will you do with that when it gets dark?,1.0,-NONE-ABAR-WH-,T,WH,NP,NP,OBJ,OBJ,WHNP-1-<INANIM>-<THEME-V1>,WHNP,MQ,MQ_OBJ,
2625,1,what will you do with that when it gets dark?,2.0,-NONE-ABAR-RC-,T,RC,ADVP,ADVP,ADJUNCT,ADJUNCT,WHADVP-2,WHADVP,EQ,EQ_ADJUNCT,do
2626,0,what will you look at?,1.0,-NONE-ABAR-WH-,T,WH,NP,NP,OBJ,OBJ,WHNP-1-<INANIM>-<PATIENT-V1>,WHNP,MQ,MQ_OBJ,
2632,0,what is that on the drum?,1.0,-NONE-ABAR-WH-,T,WH,NP,NP,OBJ,OBJ,WHNP-1-<INANIM>,WHNP,MQ,MQ_OBJ,
2639,0,"why don't you play a little song on the drum, Adam?",1.0,-NONE-ABAR-WH-,T,WH,ADVP,ADVP,ADJUNCT,ADJUNCT,WHADVP-1,WHADVP,MQ,MQ_ADJUNCT,
2642,0,what shall we sing?,1.0,-NONE-ABAR-WH-,T,WH,NP,NP,OBJ,OBJ,WHNP-1-<INANIM>-<PATIENT-V1>,WHNP,MQ,MQ_OBJ,
2645,0,"did you show your Mother what's on the side of the drum, Adam?",1.0,-NONE-ABAR-WH-,T,WH,NP,NP,SUBJ,SUBJ,WHNP-1-<INANIM>,WHNP,EQ,EQ_SUBJ,show
2651,0,where's your paper?,1.0,-NONE-ABAR-WH-,T,WH,ADVP,ADVP,ADJUNCT,ADJUNCT,WHADVP-1,WHADVP,MQ,MQ_ADJUNCT,
2657,0,the point is the part of the pencil that you write with.,1.0,-NONE-ABAR-RC-,T,RC,NP,NP,OBJ,OBJ,WHNP-1-<INANIM>-<INSTR-V1>,WHNP,RC,RC_OBJ,
2658,0,"do you want me to show you how to use that, Adam?",1.0,-NONE-ABAR-RC-,T,RC,ADVP,ADVP,ADJUNCT,ADJUNCT,WHADVP-1,WHADVP,EQ,EQ_ADJUNCT,show
2665,0,which letter do you want to do?,1.0,-NONE-ABAR-WH-,T,WH,NP,NP,OBJ,OBJ,WHNP-1-<INANIM>-<PATIENT-V2>,WHNP,MQ,MQ_OBJ,
2669,0,which one do you want to do?,1.0,-NONE-ABAR-WH-,T,WH,NP,NP,OBJ,OBJ,WHNP-1-<INANIM>-<THEME-V2>,WHNP,MQ,MQ_OBJ,
2677,0,what do you dream about?,1.0,-NONE-ABAR-WH-,T,WH,NP,NP,OBJ,OBJ,WHNP-1-<INANIM>-<SUBJMATT-V1>,WHNP,MQ,MQ_OBJ,
2694,0,what other letters do you need for your name?,1.0,-NONE-ABAR-WH-,T,WH,NP,NP,OBJ,OBJ,WHNP-1-<INANIM>-<SUBJMATT-V1>,WHNP,MQ,MQ_OBJ,
2696,0,what else is in your name?,1.0,-NONE-ABAR-WH-,T,WH,NP,NP,SUBJ,SUBJ,WHNP-1-<INANIM>,WHNP,MQ,MQ_SUBJ,
2703,0,why're you going to mail them?,1.0,-NONE-ABAR-WH-,T,WH,ADVP,ADVP,ADJUNCT,ADJUNCT,WHADVP-1,WHADVP,MQ,MQ_ADJUNCT,
2711,0,how do you know?,1.0,-NONE-ABAR-WH-,T,WH,ADVP,ADVP,ADJUNCT,ADJUNCT,WHADVP-1,WHADVP,MQ,MQ_ADJUNCT,
2712,0,what happened?,1.0,-NONE-ABAR-WH-,T,WH,NP,NP,SUBJ,SUBJ,WHNP-1-<INANIM>-<THEME-V1>,WHNP,MQ,MQ_SUBJ,
2713,0,how do you know?,1.0,-NONE-ABAR-WH-,T,WH,ADVP,ADVP,ADJUNCT,ADJUNCT,WHADVP-1,WHADVP,MQ,MQ_ADJUNCT,
2727,0,"what's al nl tl, Adam?",1.0,-NONE-ABAR-WH-,T,WH,NP,NP,OBJ,OBJ,WHNP-1-<INANIM>,WHNP,MQ,MQ_OBJ,
2735,0,that you're playing.,1.0,-NONE-ABAR-RC-,T,RC,NP,NP,OBJ,OBJ,WHNP-1-<INANIM>-<THEME-V1>,WHNP,EQ,EQ_OBJ,
2740,0,yes what're you laughing about?,1.0,-NONE-ABAR-WH-,T,WH,NP,NP,OBJ,OBJ,WHNP-1-<INANIM>,WHNP,MQ,MQ_OBJ,
2748,0,"Adam, what else did you play with this morning?",1.0,-NONE-ABAR-WH-,T,WH,NP,NP,OBJ,OBJ,WHNP-1-<INANIM>-<PATIENT-V1>,WHNP,MQ,MQ_OBJ,
2749,0,"Adam, what else did you play with this morning?",1.0,-NONE-ABAR-WH-,T,WH,NP,NP,OBJ,OBJ,WHNP-1-<INANIM>-<PATIENT-V1>,WHNP,MQ,MQ_OBJ,
2751,0,what else did you play with?,1.0,-NONE-ABAR-WH-,T,WH,NP,NP,OBJ,OBJ,WHNP-1-<INANIM>-<PATIENT-V1>,WHNP,MQ,MQ_OBJ,
2753,0,did you tell your Mother what else you played with?,1.0,-NONE-ABAR-WH-,T,WH,NP,NP,OBJ,OBJ,WHNP-1-<INANIM>-<PATIENT-V2>,WHNP,EQ,EQ_OBJ,tell
2755,0,I asked you what else did you play with?,1.0,-NONE-ABAR-WH-,T,WH,NP,NP,OBJ,OBJ,WHNP-1-<INANIM>-<PATIENT-V2>,WHNP,EQ,EQ_OBJ,asked
2756,0,where's your pad?,1.0,-NONE-ABAR-WH-,T,WH,ADVP,ADVP,ADJUNCT,ADJUNCT,WHADVP-1,WHADVP,MQ,MQ_ADJUNCT,
2760,0,where is it?,1.0,-NONE-ABAR-WH-,T,WH,ADVP,ADVP,ADJUNCT,ADJUNCT,WHADVP-1,WHADVP,MQ,MQ_ADJUNCT,
2764,0,can you tell her what's going to happen?,1.0,-NONE-ABAR-RC-,T,RC,NP-2,NP,SUBJ,SUBJ,WHNP-1-<INANIM>-<THEME-V2>,WHNP,EQ,EQ_SUBJ,tell
2766,0,where is the puzzle?,1.0,-NONE-ABAR-WH-,T,WH,ADVP,ADVP,ADJUNCT,ADJUNCT,WHADVP-1,WHADVP,MQ,MQ_ADJUNCT,
2769,0,what's in the bag?,1.0,-NONE-ABAR-WH-,T,WH,NP,NP,SUBJ,SUBJ,WHNP-1-<INANIM>,WHNP,MQ,MQ_SUBJ,
2770,0,look what that picture is.,1.0,-NONE-ABAR-RC-,T,RC,NP,NP,OBJ,OBJ,WHNP-1-<INANIM>,WHNP,EQ,EQ_OBJ,look
2771,0,somebody *NULL* named Linda.,1.0,-NONE-ABAR-RC-,T,RC,NP-2,NP,SUBJ,SUBJ,WHNP-1-<ANIM>-<THEME-V1>,WHNP,RC,RC_SUBJ,
2772,0,somebody *NULL* named Linda.,1.0,-NONE-ABAR-RC-,T,RC,NP-2,NP,SUBJ,SUBJ,WHNP-1-<ANIM>-<THEME-V1>,WHNP,RC,RC_SUBJ,
2773,0,a girl *NULL* named Linda made it but what is it?,1.0,-NONE-ABAR-RC-,T,RC,NP-2,NP,SUBJ,SUBJ,WHNP-1-<ANIM>-<THEME-V1>,WHNP,RC,RC_SUBJ,
2773,1,a girl *NULL* named Linda made it but what is it?,3.0,-NONE-ABAR-WH-,T,WH,NP,NP,OBJ,OBJ,WHNP-3-<INANIM>,WHNP,EQ,EQ_OBJ,
2777,0,"what do you see, Adam?",1.0,-NONE-ABAR-WH-,T,WH,NP,NP,OBJ,OBJ,WHNP-1-<INANIM>-<SUBJMATT-V1>,WHNP,MQ,MQ_OBJ,
2778,0,"look, Adam, these puppets are waiting for something *NULL* to eat.",1.0,-NONE-ABAR-RC-,T,RC,NP,NP,OBJ,OBJ,WHNP-1-<INANIM>-<PATIENT-V2>,WHNP,RC,RC_OBJ,
2780,0,they say what're you going to give me?,1.0,-NONE-ABAR-WH-,T,WH,NP,NP,OBJ,OBJ,WHNP-1-<INANIM>-<PATIENT-V2>,WHNP,EQ,EQ_OBJ,say
2809,0,"oh, what did Mommy say?",1.0,-NONE-ABAR-WH-,T,WH,NP,NP,OBJ,OBJ,WHNP-1-<INANIM>-<PATIENT-V1>,WHNP,MQ,MQ_OBJ,
2817,0,"Adam, what do you have on your sandwich?",1.0,-NONE-ABAR-WH-,T,WH,NP,NP,OBJ,OBJ,WHNP-1-<INANIM>-<THEME-V1>,WHNP,MQ,MQ_OBJ,
2827,0,what is al nl tl?,1.0,-NONE-ABAR-WH-,T,WH,NP,NP,OBJ,OBJ,WHNP-1-<INANIM>,WHNP,MQ,MQ_OBJ,
2828,0,that's the college that Cecelia goes to.,1.0,-NONE-ABAR-RC-,T,RC,NP,NP,OBJ,OBJ,WHNP-1-<INANIM>-<LOC-V1>,WHNP,RC,RC_OBJ,
2833,0,where did you lost it?,1.0,-NONE-ABAR-WH-,T,WH,ADVP,ADVP,ADJUNCT,ADJUNCT,WHADVP-1,WHADVP,MQ,MQ_ADJUNCT,
2840,0,if I close one eye.,,,,POLAR,,,,POLAR,,,EQ,EQ_POLAR,
2844,0,why are you looking at me?,1.0,-NONE-ABAR-WH-,T,WH,ADVP,ADVP,ADJUNCT,ADJUNCT,WHADVP-1,WHADVP,MQ,MQ_ADJUNCT,
2859,0,what is that down in the bottom of the glass?,1.0,-NONE-ABAR-WH-,T,WH,NP,NP,OBJ,OBJ,WHNP-1-<INANIM>,WHNP,MQ,MQ_OBJ,
2861,0,"no, I don't know how to put a glove on.",1.0,-NONE-ABAR-WH-,T,WH,ADVP,ADVP,ADJUNCT,ADJUNCT,WHADVP-1,WHADVP,EQ,EQ_ADJUNCT,know
2862,0,how do you put a glove on?,1.0,-NONE-ABAR-WH-,T,WH,ADVP,ADVP,ADJUNCT,ADJUNCT,WHADVP-1,WHADVP,MQ,MQ_ADJUNCT,
2871,0,did you ask Ursula if she'd like one before you took the last one?,,,,POLAR,,,,POLAR,,,EQ,EQ_POLAR,ask
2872,0,why're you going to take mine apart and give Ursula a little bit,1.0,-NONE-ABAR-WH-,T,WH,ADVP,ADVP,ADJUNCT,ADJUNCT,WHADVP-1,WHADVP,MQ,MQ_ADJUNCT,
2875,0,why did you give her such a little little bit?,1.0,-NONE-ABAR-WH-,T,WH,ADVP,ADVP,ADJUNCT,ADJUNCT,WHADVP-1,WHADVP,MQ,MQ_ADJUNCT,
2880,0,you know what that is.,1.0,-NONE-ABAR-WH-,T,WH,NP,NP,OBJ,OBJ,WHNP-1-<INANIM>,WHNP,EQ,EQ_OBJ,know
2892,0,do you have one *NULL* to put it on?,1.0,-NONE-ABAR-RC-,T,RC,NP,NP,OBJ,OBJ,WHNP-1-<INANIM>-<GOAL-V2>,WHNP,RC,RC_OBJ,
2893,0,what do you have?,1.0,-NONE-ABAR-WH-,T,WH,NP,NP,OBJ,OBJ,WHNP-1-<INANIM>-<THEME-V1>,WHNP,MQ,MQ_OBJ,
2895,0,what do you think it is?,1.0,-NONE-ABAR-WH-,T,WH,NP,NP,OBJ,OBJ,WHNP-1-<INANIM>,WHNP,EQ,EQ_OBJ,think
2897,0,you used to wear this when you were a little baby?,2.0,-NONE-ABAR-RC-,T,RC,ADVP,ADVP,ADJUNCT,ADJUNCT,WHADVP-2,WHADVP,EQ,EQ_ADJUNCT,wear
2899,0,a paper plunge to tell you when the paper comes.,1.0,-NONE-ABAR-RC-,T,RC,ADVP,ADVP,ADJUNCT,ADJUNCT,WHADVP-1,WHADVP,EQ,EQ_ADJUNCT,tell
2900,0,what're you going to do with the crayons?,1.0,-NONE-ABAR-WH-,T,WH,NP,NP,OBJ,OBJ,WHNP-1-<INANIM>-<THEME-V1>,WHNP,MQ,MQ_OBJ,
2901,0,where're you going?,1.0,-NONE-ABAR-WH-,T,WH,ADVP,ADVP,ADJUNCT,ADJUNCT,WHADVP-1,WHADVP,MQ,MQ_ADJUNCT,
2907,0,what do you mean stick you in the feather?,1.0,-NONE-ABAR-WH-,T,WH,NP,NP,OBJ,OBJ,WHNP-1-<INANIM>-<PATIENT-V1>,WHNP,MQ,MQ_OBJ,
2921,0,you know where the Charles River is.,1.0,-NONE-ABAR-WH-,T,WH,ADVP,ADVP,ADJUNCT,ADJUNCT,WHADVP-1,WHADVP,EQ,EQ_ADJUNCT,know
2923,0,where we see the sailboats.,1.0,-NONE-ABAR-RC-,T,RC,ADVP,ADVP,ADJUNCT,ADJUNCT,WHADVP-1,WHADVP,EQ,EQ_ADJUNCT,
2926,0,why should they come from Africa?,1.0,-NONE-ABAR-WH-,T,WH,ADVP,ADVP,ADJUNCT,ADJUNCT,WHADVP-1,WHADVP,MQ,MQ_ADJUNCT,
2929,0,I don't know where that come from.,1.0,-NONE-ABAR-WH-,T,WH,ADVP,ADVP,ADJUNCT,ADJUNCT,WHADVP-1,WHADVP,EQ,EQ_ADJUNCT,know
2930,0,where do you think these came from?,1.0,-NONE-ABAR-WH-,T,WH,ADVP,ADVP,ADJUNCT,ADJUNCT,WHADVP-1,WHADVP,EQ,EQ_ADJUNCT,think
2932,0,look in it and see what you see.,1.0,-NONE-ABAR-RC-,T,RC,NP,NP,OBJ,OBJ,WHNP-1-<INANIM>-<SUBJMATT-V3>,WHNP,EQ,EQ_OBJ,see
2935,0,what is a game?,1.0,-NONE-ABAR-WH-,T,WH,NP,NP,OBJ,OBJ,WHNP-1-<INANIM>,WHNP,MQ,MQ_OBJ,
2942,0,what is it?,1.0,-NONE-ABAR-WH-,T,WH,NP,NP,OBJ,OBJ,WHNP-1-<INANIM>,WHNP,MQ,MQ_OBJ,
2944,0,if you shoot him he won't laugh.,,,,POLAR,,,,POLAR,,,EQ,EQ_POLAR,
2950,0,what are you going to do up there?,1.0,-NONE-ABAR-WH-,T,WH,NP,NP,OBJ,OBJ,WHNP-1-<INANIM>-<THEME-V1>,WHNP,MQ,MQ_OBJ,
2958,0,why do you want to?,1.0,-NONE-ABAR-WH-,T,WH,ADVP,ADVP,ADJUNCT,ADJUNCT,WHADVP-1,WHADVP,MQ,MQ_ADJUNCT,
2959,0,let's see if you know any of the number.,,,,POLAR,,,,POLAR,,,EQ,EQ_POLAR,see
2969,0,what will she have to keep her screws in?,1.0,-NONE-ABAR-WH-,T,WH,NP,NP,OBJ,OBJ,WHNP-1-<INANIM>-<LOC-V1>,WHNP,MQ,MQ_OBJ,
2971,0,where did it go?,1.0,-NONE-ABAR-WH-,T,WH,ADVP,ADVP,ADJUNCT,ADJUNCT,WHADVP-1,WHADVP,MQ,MQ_ADJUNCT,
2974,0,what is that *NULL* you have in your hand?,2.0,-NONE-ABAR-RC-,T,RC,NP,NP,OBJ,OBJ,WHNP-2-<INANIM>-<THEME-V1>,WHNP,RC,RC_OBJ,
2974,1,what is that *NULL* you have in your hand?,1.0,-NONE-ABAR-WH-,T,WH,NP,NP,OBJ,OBJ,WHNP-1-<INANIM>,WHNP,MQ,MQ_OBJ,
2978,0,what kind of wrench is it?,1.0,-NONE-ABAR-WH-,T,WH,NP,NP,OBJ,OBJ,WHNP-1-<INANIM>,WHNP,MQ,MQ_OBJ,
2984,0,what can we take down?,1.0,-NONE-ABAR-WH-,T,WH,NP,NP,OBJ,OBJ,WHNP-1-<INANIM>-<PATIENT-V1>,WHNP,MQ,MQ_OBJ,
2985,0,"oh no, if you take the telephone down we won't have a telephone.",,,,POLAR,,,,POLAR,,,EQ,EQ_POLAR,
2986,0,where's the key?,1.0,-NONE-ABAR-WH-,T,WH,ADVP,ADVP,ADJUNCT,ADJUNCT,WHADVP-1,WHADVP,MQ,MQ_ADJUNCT,
2989,0,if you're careful.,,,,POLAR,,,,POLAR,,,EQ,EQ_POLAR,
2990,0,can you find a key that fits the lock?,1.0,-NONE-ABAR-RC-,T,RC,NP,NP,SUBJ,SUBJ,WHNP-1-<INANIM>-<AGENT-V2>,WHNP,RC,RC_SUBJ,
3000,0,I don't think that's the way *NULL* you put it in.,1.0,-NONE-ABAR-RC-,T,RC,ADVP,ADVP,ADJUNCT,ADJUNCT,WHADVP-1,WHADVP,EQ,EQ_ADJUNCT,put
3012,0,let's see if I could find a board around here and you might,,,,POLAR,,,,POLAR,,,EQ,EQ_POLAR,see
3014,0,if you sit down you can.,,,,POLAR,,,,POLAR,,,EQ,EQ_POLAR,
3016,0,"yes, if you're careful.",,,,POLAR,,,,POLAR,,,EQ,EQ_POLAR,
3017,0,where's my key?,1.0,-NONE-ABAR-WH-,T,WH,ADVP,ADVP,ADJUNCT,ADJUNCT,WHADVP-1,WHADVP,MQ,MQ_ADJUNCT,
3019,0,what do you need this for?,1.0,-NONE-ABAR-WH-,T,WH,NP,NP,OBJ,OBJ,WHNP-1-<INANIM>,WHNP,MQ,MQ_OBJ,
3033,0,what would you use it for?,1.0,-NONE-ABAR-WH-,T,WH,NP,NP,OBJ,OBJ,WHNP-1-<INANIM>,WHNP,MQ,MQ_OBJ,
3044,0,where's your screwdriver?,1.0,-NONE-ABAR-WH-,T,WH,ADVP,ADVP,ADJUNCT,ADJUNCT,WHADVP-1,WHADVP,MQ,MQ_ADJUNCT,
3047,0,what do you see?,1.0,-NONE-ABAR-WH-,T,WH,NP,NP,OBJ,OBJ,WHNP-1-<INANIM>-<SUBJMATT-V1>,WHNP,MQ,MQ_OBJ,
3050,0,"look that way, what do you see?",1.0,-NONE-ABAR-WH-,T,WH,NP,NP,OBJ,OBJ,WHNP-1-<INANIM>-<SUBJMATT-V2>,WHNP,MQ,MQ_OBJ,
3051,0,look through the other end and see what you see.,1.0,-NONE-ABAR-WH-,T,WH,NP,NP,OBJ,OBJ,WHNP-1-<INANIM>-<SUBJMATT-V3>,WHNP,EQ,EQ_OBJ,see
3056,0,we'll see what happens when you put a key in the lock.,1.0,-NONE-ABAR-RC-,T,RC,NP,NP,SUBJ,SUBJ,WHNP-1-<INANIM>-<THEME-V2>,WHNP,EQ,EQ_SUBJ,see
3056,1,we'll see what happens when you put a key in the lock.,2.0,-NONE-ABAR-RC-,T,RC,ADVP,ADVP,ADJUNCT,ADJUNCT,WHADVP-2,WHADVP,EQ,EQ_ADJUNCT,happens
3059,0,where do you put the keys?,1.0,-NONE-ABAR-WH-,T,WH,ADVP,ADVP,ADJUNCT,ADJUNCT,WHADVP-1,WHADVP,MQ,MQ_ADJUNCT,
3065,0,I'll hold it and you turn it and see what happens.,1.0,-NONE-ABAR-WH-,T,WH,NP,NP,SUBJ,SUBJ,WHNP-1-<INANIM>-<THEME-V4>,WHNP,EQ,EQ_SUBJ,see
3068,0,"hello, Adam, how're you today?",1.0,-NONE-ABAR-WH-,T,WH,ADVP,ADVP,ADJUNCT,ADJUNCT,WHADVP-1,WHADVP,MQ,MQ_ADJUNCT,
3070,0,"where were you, Adam?",1.0,-NONE-ABAR-WH-,T,WH,ADVP,ADVP,ADJUNCT,ADJUNCT,WHADVP-1,WHADVP,MQ,MQ_ADJUNCT,
3073,0,what did you do?,1.0,-NONE-ABAR-WH-,T,WH,NP,NP,OBJ,OBJ,WHNP-1-<INANIM>-<THEME-V1>,WHNP,MQ,MQ_OBJ,
3076,0,what was the kitty's name?,1.0,-NONE-ABAR-WH-,T,WH,NP,NP,OBJ,OBJ,WHNP-1-<INANIM>,WHNP,MQ,MQ_OBJ,
3080,0,what else did you do?,1.0,-NONE-ABAR-WH-,T,WH,NP,NP,OBJ,OBJ,WHNP-1-<INANIM>-<THEME-V1>,WHNP,MQ,MQ_OBJ,
3082,0,"oh, what was the name of the rocket ship?",1.0,-NONE-ABAR-WH-,T,WH,NP,NP,OBJ,OBJ,WHNP-1-<INANIM>,WHNP,MQ,MQ_OBJ,
3085,0,where're you going?,1.0,-NONE-ABAR-WH-,T,WH,ADVP,ADVP,ADJUNCT,ADJUNCT,WHADVP-1,WHADVP,MQ,MQ_ADJUNCT,
3086,0,where is Ursula going?,1.0,-NONE-ABAR-WH-,T,WH,ADVP,ADVP,ADJUNCT,ADJUNCT,WHADVP-1,WHADVP,MQ,MQ_ADJUNCT,
3098,0,why should he cry in school?,1.0,-NONE-ABAR-WH-,T,WH,ADVP,ADVP,ADJUNCT,ADJUNCT,WHADVP-1,WHADVP,MQ,MQ_ADJUNCT,
3099,0,why would he want to?,1.0,-NONE-ABAR-WH-,T,WH,ADVP,ADVP,ADJUNCT,ADJUNCT,WHADVP-1,WHADVP,MQ,MQ_ADJUNCT,
3110,0,let's see if I see you.,,,,POLAR,,,,POLAR,,,EQ,EQ_POLAR,see
3117,0,where do you think his arms are?,1.0,-NONE-ABAR-WH-,T,WH,ADVP,ADVP,ADJUNCT,ADJUNCT,WHADVP-1,WHADVP,EQ,EQ_ADJUNCT,think
3118,0,now how do you get the head over in the back?,1.0,-NONE-ABAR-WH-,T,WH,ADVP,ADVP,ADJUNCT,ADJUNCT,WHADVP-1,WHADVP,MQ,MQ_ADJUNCT,
3122,0,why don't you write something?,1.0,-NONE-ABAR-WH-,T,WH,ADVP,ADVP,ADJUNCT,ADJUNCT,WHADVP-1,WHADVP,MQ,MQ_ADJUNCT,
3126,0,what do you write with?,1.0,-NONE-ABAR-WH-,T,WH,NP,NP,OBJ,OBJ,WHNP-1-<INANIM>-<INSTR-V1>,WHNP,MQ,MQ_OBJ,
3128,0,what's the bird doing?,1.0,-NONE-ABAR-WH-,T,WH,NP,NP,OBJ,OBJ,WHNP-1-<INANIM>-<THEME-V1>,WHNP,MQ,MQ_OBJ,
3132,0,whose name are you writing?,1.0,-NONE-ABAR-WH-,T,WH,NP,NP,OBJ,OBJ,WHNP-1-<INANIM>-<PATIENT-V1>,WHNP,MQ,MQ_OBJ,
3134,0,where has Shadow_Gay been?,1.0,-NONE-ABAR-WH-,T,WH,ADVP,ADVP,ADJUNCT,ADJUNCT,WHADVP-1,WHADVP,MQ,MQ_ADJUNCT,
3137,0,"oh, and what did he do there?",1.0,-NONE-ABAR-WH-,T,WH,NP,NP,OBJ,OBJ,WHNP-1-<INANIM>-<THEME-V1>,WHNP,EQ,EQ_OBJ,
3139,0,what did he play?,1.0,-NONE-ABAR-WH-,T,WH,NP,NP,OBJ,OBJ,WHNP-1-<INANIM>-<PATIENT-V1>,WHNP,MQ,MQ_OBJ,
3144,0,what's your bunny's name?,1.0,-NONE-ABAR-WH-,T,WH,NP,NP,OBJ,OBJ,WHNP-1-<INANIM>,WHNP,MQ,MQ_OBJ,
3150,0,what is his name?,1.0,-NONE-ABAR-WH-,T,WH,NP,NP,OBJ,OBJ,WHNP-1-<INANIM>,WHNP,MQ,MQ_OBJ,
3160,0,what's a Boodyc?,1.0,-NONE-ABAR-WH-,T,WH,NP,NP,OBJ,OBJ,WHNP-1-<INANIM>,WHNP,MQ,MQ_OBJ,
3162,0,would you like to do the puzzle that was in this morning's paper?,1.0,-NONE-ABAR-RC-,T,RC,NP,NP,SUBJ,SUBJ,WHNP-1-<INANIM>,WHNP,RC,RC_SUBJ,
3169,0,what did the puzzle say?,1.0,-NONE-ABAR-WH-,T,WH,NP,NP,OBJ,OBJ,WHNP-1-<INANIM>-<PATIENT-V1>,WHNP,MQ,MQ_OBJ,
3183,0,this is where it has to go.,1.0,-NONE-ABAR-WH-,T,WH,ADVP,ADVP,ADJUNCT,ADJUNCT,WHADVP-1,WHADVP,EQ,EQ_ADJUNCT,has
3186,0,how can you get it on?,1.0,-NONE-ABAR-WH-,T,WH,ADVP,ADVP,ADJUNCT,ADJUNCT,WHADVP-1,WHADVP,MQ,MQ_ADJUNCT,
3192,0,why did it frighten you?,1.0,-NONE-ABAR-WH-,T,WH,ADVP,ADVP,ADJUNCT,ADJUNCT,WHADVP-1,WHADVP,MQ,MQ_ADJUNCT,
3196,0,what's the governor's name?,1.0,-NONE-ABAR-WH-,T,WH,NP,NP,OBJ,OBJ,WHNP-1-<INANIM>,WHNP,MQ,MQ_OBJ,
3200,0,what else do we need?,1.0,-NONE-ABAR-WH-,T,WH,NP,NP,OBJ,OBJ,WHNP-1-<INANIM>-<SUBJMATT-V1>,WHNP,MQ,MQ_OBJ,
3204,0,if a carpenter knocks what does a plumber do?,,,,POLAR,,,,POLAR,,,EQ,EQ_POLAR,
3204,1,if a carpenter knocks what does a plumber do?,1.0,-NONE-ABAR-WH-,T,WH,NP,NP,OBJ,OBJ,WHNP-1-<INANIM>-<THEME-V2>,WHNP,MQ,MQ_OBJ,
3205,0,who puts the door in?,1.0,-NONE-ABAR-WH-,T,WH,NP,NP,SUBJ,SUBJ,WHNP-1-<ANIM>-<AGENT-V1>,WHNP,MQ,MQ_SUBJ,
3214,0,what is that?,1.0,-NONE-ABAR-WH-,T,WH,NP,NP,OBJ,OBJ,WHNP-1-<INANIM>,WHNP,MQ,MQ_OBJ,
3222,0,"what do you do when you go to school, Adam?",1.0,-NONE-ABAR-WH-,T,WH,NP,NP,OBJ,OBJ,WHNP-1-<INANIM>-<THEME-V1>,WHNP,MQ,MQ_OBJ,
3222,1,"what do you do when you go to school, Adam?",2.0,-NONE-ABAR-RC-,T,RC,ADVP,ADVP,ADJUNCT,ADJUNCT,WHADVP-2,WHADVP,EQ,EQ_ADJUNCT,do
3223,0,what do you think Robin is doing in school?,1.0,-NONE-ABAR-WH-,T,WH,NP,NP,OBJ,OBJ,WHNP-1-<INANIM>-<THEME-V2>,WHNP,EQ,EQ_OBJ,think
3235,0,"well, how can you throw them away and keep them too?",1.0,-NONE-ABAR-WH-,T,WH,ADVP,ADVP,ADJUNCT,ADJUNCT,WHADVP-1,WHADVP,MQ,MQ_ADJUNCT,
3246,0,why we don't have a lock *NULL* to fit the key.,2.0,-NONE-ABAR-RC-,T,RC,NP,NP,SUBJ,SUBJ,WHNP-2-<INANIM>-<AGENT-V2>,WHNP,RC,RC_SUBJ,
3246,1,why we don't have a lock *NULL* to fit the key.,1.0,-NONE-ABAR-RC-,T,RC,ADVP,ADVP,ADJUNCT,ADJUNCT,WHADVP-1,WHADVP,EQ,EQ_ADJUNCT,
3247,0,because we couldn't find the key *NULL* to fit it.,1.0,-NONE-ABAR-RC-,T,RC,NP,NP,SUBJ,SUBJ,WHNP-1-<INANIM>-<AGENT-V2>,WHNP,RC,RC_SUBJ,
3249,0,"you know how this works, Adam?",1.0,-NONE-ABAR-WH-,T,WH,ADVP,ADVP,ADJUNCT,ADJUNCT,WHADVP-1,WHADVP,EQ,EQ_ADJUNCT,know
3256,0,where's your rain hat?,1.0,-NONE-ABAR-WH-,T,WH,ADVP,ADVP,ADJUNCT,ADJUNCT,WHADVP-1,WHADVP,MQ,MQ_ADJUNCT,
3258,0,where is it?,1.0,-NONE-ABAR-WH-,T,WH,ADVP,ADVP,ADJUNCT,ADJUNCT,WHADVP-1,WHADVP,MQ,MQ_ADJUNCT,
3267,0,it's just where he had his head down on the blanket and it left a,1.0,-NONE-ABAR-RC-,T,RC,ADVP,ADVP,ADJUNCT,ADJUNCT,WHADVP-1,WHADVP,EQ,EQ_ADJUNCT,had
3268,0,"well, sometimes you do when you wake up from your nap.",1.0,-NONE-ABAR-RC-,T,RC,ADVP,ADVP,ADJUNCT,ADJUNCT,WHADVP-1,WHADVP,EQ,EQ_ADJUNCT,do
3277,0,I cann't see what it says.,1.0,-NONE-ABAR-WH-,T,WH,NP,NP,OBJ,OBJ,WHNP-1-<INANIM>-<PATIENT-V2>,WHNP,EQ,EQ_OBJ,see
3278,0,who's that?,1.0,-NONE-ABAR-WH-,T,WH,NP,NP,OBJ,OBJ,WHNP-1-<ANIM>,WHNP,MQ,MQ_OBJ,
3280,0,what's the bunny's name?,1.0,-NONE-ABAR-WH-,T,WH,NP,NP,OBJ,OBJ,WHNP-1-<INANIM>,WHNP,MQ,MQ_OBJ,
3282,0,something *NULL* to drink.,1.0,-NONE-ABAR-RC-,T,RC,NP,NP,OBJ,OBJ,WHNP-1-<INANIM>-<THEME-V1>,WHNP,RC,RC_OBJ,
3285,0,"well, why don't we pick some of the toys up first.",1.0,-NONE-ABAR-WH-,T,WH,ADVP,ADVP,ADJUNCT,ADJUNCT,WHADVP-1,WHADVP,MQ,MQ_ADJUNCT,
3295,0,I found one that you missed.,1.0,-NONE-ABAR-RC-,T,RC,NP,NP,OBJ,OBJ,WHNP-1-<INANIM>-<PATIENT-V2>,WHNP,RC,RC_OBJ,
3301,0,let's see if this is as tall as you are.,,,,POLAR,,,,POLAR,,,EQ,EQ_POLAR,see
3312,0,"why did you miss, Adam?",1.0,-NONE-ABAR-WH-,T,WH,ADVP,ADVP,ADJUNCT,ADJUNCT,WHADVP-1,WHADVP,MQ,MQ_ADJUNCT,
3319,0,what would you like its name to be?,1.0,-NONE-ABAR-WH-,T,WH,NP,NP,OBJ,OBJ,WHNP-1-<INANIM>,WHNP,MQ,MQ_OBJ,
3323,0,what is that?,1.0,-NONE-ABAR-WH-,T,WH,NP,NP,OBJ,OBJ,WHNP-1-<INANIM>,WHNP,MQ,MQ_OBJ,
3328,0,where did you find that?,1.0,-NONE-ABAR-WH-,T,WH,ADVP,ADVP,ADJUNCT,ADJUNCT,WHADVP-1,WHADVP,MQ,MQ_ADJUNCT,
3340,0,where is a story?,1.0,-NONE-ABAR-WH-,T,WH,ADVP,ADVP,ADJUNCT,ADJUNCT,WHADVP-1,WHADVP,MQ,MQ_ADJUNCT,
3352,0,I don't know why he broke his leg.,1.0,-NONE-ABAR-WH-,T,WH,ADVP,ADVP,ADJUNCT,ADJUNCT,WHADVP-1,WHADVP,EQ,EQ_ADJUNCT,know
3371,0,it's something *NULL* to do.,1.0,-NONE-ABAR-RC-,T,RC,NP,NP,OBJ,OBJ,WHNP-1-<INANIM>-<THEME-V1>,WHNP,RC,RC_OBJ,
3386,0,he doesn't know how to go that way.,1.0,-NONE-ABAR-WH-,T,WH,ADVP,ADVP,ADJUNCT,ADJUNCT,WHADVP-1,WHADVP,EQ,EQ_ADJUNCT,know
3388,0,now which one would you like?,1.0,-NONE-ABAR-WH-,T,WH,NP,NP,OBJ,OBJ,WHNP-1-<INANIM>-<SUBJMATT-V1>,WHNP,MQ,MQ_OBJ,
3392,0,which color do you like?,1.0,-NONE-ABAR-WH-,T,WH,NP,NP,OBJ,OBJ,WHNP-1-<INANIM>-<SUBJMATT-V1>,WHNP,MQ,MQ_OBJ,
3397,0,what kind of bird is that?,1.0,-NONE-ABAR-WH-,T,WH,NP,NP,OBJ,OBJ,WHNP-1-<INANIM>,WHNP,MQ,MQ_OBJ,
3398,0,what kind of bird was that?,1.0,-NONE-ABAR-WH-,T,WH,NP,NP,OBJ,OBJ,WHNP-1-<INANIM>,WHNP,MQ,MQ_OBJ,
3403,0,what does this man do?,1.0,-NONE-ABAR-WH-,T,WH,NP,NP,OBJ,OBJ,WHNP-1-<INANIM>-<THEME-V1>,WHNP,MQ,MQ_OBJ,
3405,0,what is he doing?,1.0,-NONE-ABAR-WH-,T,WH,NP,NP,OBJ,OBJ,WHNP-1-<INANIM>-<THEME-V1>,WHNP,MQ,MQ_OBJ,
3406,0,"well, I cann't tell you what he's doing.",1.0,-NONE-ABAR-WH-,T,WH,NP,NP,OBJ,OBJ,WHNP-1-<INANIM>-<THEME-V2>,WHNP,EQ,EQ_OBJ,tell
3407,0,what do you think he's doing?,1.0,-NONE-ABAR-WH-,T,WH,NP,NP,OBJ,OBJ,WHNP-1-<INANIM>-<THEME-V2>,WHNP,EQ,EQ_OBJ,think
3412,0,what is this?,1.0,-NONE-ABAR-WH-,T,WH,NP,NP,OBJ,OBJ,WHNP-1-<INANIM>,WHNP,MQ,MQ_OBJ,
3414,0,what does he raise?,1.0,-NONE-ABAR-WH-,T,WH,NP,NP,OBJ,OBJ,WHNP-1-<INANIM>-<PATIENT-V1>,WHNP,MQ,MQ_OBJ,
3417,0,doesn't he make food *NULL* for you to eat?,1.0,-NONE-ABAR-RC-,T,RC,NP,NP,OBJ,OBJ,WHNP-1-<INANIM>-<PATIENT-V2>,WHNP,RC,RC_OBJ,
3420,0,look who makes the bread.,1.0,-NONE-ABAR-WH-,T,WH,NP,NP,SUBJ,SUBJ,WHNP-1-<ANIM>-<AGENT-V2>,WHNP,EQ,EQ_SUBJ,look
3421,0,who is he?,1.0,-NONE-ABAR-WH-,T,WH,NP,NP,OBJ,OBJ,WHNP-1-<ANIM>,WHNP,MQ,MQ_OBJ,
3422,0,who is he?,1.0,-NONE-ABAR-WH-,T,WH,NP,NP,OBJ,OBJ,WHNP-1-<ANIM>,WHNP,MQ,MQ_OBJ,
3423,0,what did he do?,1.0,-NONE-ABAR-WH-,T,WH,NP,NP,OBJ,OBJ,WHNP-1-<INANIM>-<THEME-V1>,WHNP,MQ,MQ_OBJ,
3424,0,where is he putting that bread?,1.0,-NONE-ABAR-WH-,T,WH,ADVP,ADVP,ADJUNCT,ADJUNCT,WHADVP-1,WHADVP,MQ,MQ_ADJUNCT,
3426,0,where is he going?,1.0,-NONE-ABAR-WH-,T,WH,ADVP,ADVP,ADJUNCT,ADJUNCT,WHADVP-1,WHADVP,MQ,MQ_ADJUNCT,
3428,0,if he drives the airplane what is he called?,,,,POLAR,,,,POLAR,,,EQ,EQ_POLAR,
3428,1,if he drives the airplane what is he called?,2.0,-NONE-ABAR-WH-,T,WH,NP,NP,OBJ,OBJ,WHNP-2-<INANIM>-<PATIENT-V2>,WHNP,MQ,MQ_OBJ,
3429,0,what are you doing with all these birds down here?,1.0,-NONE-ABAR-WH-,T,WH,NP,NP,OBJ,OBJ,WHNP-1-<INANIM>-<THEME-V1>,WHNP,MQ,MQ_OBJ,
3434,0,where would you put it?,1.0,-NONE-ABAR-WH-,T,WH,ADVP,ADVP,ADJUNCT,ADJUNCT,WHADVP-1,WHADVP,MQ,MQ_ADJUNCT,
3435,0,"no, I think you have to leave it where it is.",2.0,-NONE-ABAR-RC-,T,RC,ADVP,ADVP,ADJUNCT,ADJUNCT,WHADVP-2,WHADVP,EQ,EQ_ADJUNCT,leave
3458,0,what kind of knot is that?,1.0,-NONE-ABAR-WH-,T,WH,NP,NP,OBJ,OBJ,WHNP-1-<INANIM>,WHNP,MQ,MQ_OBJ,
3460,0,do you see any letters down here that you know?,1.0,-NONE-ABAR-RC-,T,RC,NP,NP,OBJ,OBJ,WHNP-1-<INANIM>-<SUBJMATT-V2>,WHNP,EQ,EQ_OBJ,see
3471,0,is that where it goes?,1.0,-NONE-ABAR-RC-,T,RC,ADVP,ADVP,ADJUNCT,ADJUNCT,WHADVP-1,WHADVP,EQ,EQ_ADJUNCT,goes
3474,0,you look and see if you can find it.,,,,POLAR,,,,POLAR,,,EQ,EQ_POLAR,see
3475,0,what kind do you think it is?,1.0,-NONE-ABAR-WH-,T,WH,NP,NP,OBJ,OBJ,WHNP-1-<INANIM>,WHNP,EQ,EQ_OBJ,think
3476,0,what do you think he's pretending to be?,1.0,-NONE-ABAR-WH-,T,WH,NP,NP,OBJ,OBJ,WHNP-1-<INANIM>,WHNP,EQ,EQ_OBJ,think
3479,0,why don't you find the dl that's on this line?,2.0,-NONE-ABAR-RC-,T,RC,NP,NP,SUBJ,SUBJ,WHNP-2-<INANIM>,WHNP,RC,RC_SUBJ,
3479,1,why don't you find the dl that's on this line?,1.0,-NONE-ABAR-WH-,T,WH,ADVP,ADVP,ADJUNCT,ADJUNCT,WHADVP-1,WHADVP,MQ,MQ_ADJUNCT,
3480,0,do you know what this spells?,1.0,-NONE-ABAR-WH-,T,WH,NP,NP,OBJ,OBJ,WHNP-1-<INANIM>-<PATIENT-V2>,WHNP,EQ,EQ_OBJ,know
3482,0,who's Michael?,1.0,-NONE-ABAR-WH-,T,WH,NP,NP,OBJ,OBJ,WHNP-1-<ANIM>,WHNP,MQ,MQ_OBJ,
3489,0,why don't you draw with the crayons?,1.0,-NONE-ABAR-WH-,T,WH,ADVP,ADVP,ADJUNCT,ADJUNCT,WHADVP-1,WHADVP,MQ,MQ_ADJUNCT,
3499,0,he stayed at Mrs Major's one time and this is what he was,1.0,-NONE-ABAR-RC-,T,RC,NP,NP,OBJ,OBJ,WHNP-1-<INANIM>,WHNP,EQ,EQ_OBJ,
3504,0,"ok, if you say so.",,,,POLAR,,,,POLAR,,,EQ,EQ_POLAR,
3507,0,what did they find?,1.0,-NONE-ABAR-WH-,T,WH,NP,NP,OBJ,OBJ,WHNP-1-<INANIM>-<PATIENT-V1>,WHNP,MQ,MQ_OBJ,
3509,0,"how many are there, Adam?",1.0,-NONE-ABAR-WH-,T,WH,NP,NP,OBJ,OBJ,WHNP-1-<INANIM>,WHNP,MQ,MQ_OBJ,
3516,0,I'll send them to you and you put them where they belong.,1.0,-NONE-ABAR-RC-,T,RC,ADVP,ADVP,ADJUNCT,ADJUNCT,WHADVP-1,WHADVP,EQ,EQ_ADJUNCT,put
3517,0,I may have the basket where the marbles belong?,1.0,-NONE-ABAR-WH-,T,WH,ADVP,ADVP,ADJUNCT,ADJUNCT,WHADVP-1,WHADVP,RC,RC_ADJUNCT,
3546,0,here's something else *NULL* to look at.,1.0,-NONE-ABAR-RC-,T,RC,NP,NP,OBJ,OBJ,WHNP-1-<INANIM>-<PATIENT-V2>,WHNP,RC,RC_OBJ,
3547,0,I don't know what that is.,1.0,-NONE-ABAR-RC-,T,RC,NP,NP,OBJ,OBJ,WHNP-1-<INANIM>,WHNP,EQ,EQ_OBJ,know
3554,0,what else did you find at the zoo?,1.0,-NONE-ABAR-WH-,T,WH,NP,NP,OBJ,OBJ,WHNP-1-<INANIM>-<PATIENT-V1>,WHNP,MQ,MQ_OBJ,
3557,0,I 'm breaking the stick that the motor of I made.,1.0,-NONE-ABAR-RC-,T,RC,NP,NP,OBJ,OBJ,WHNP-1-<INANIM>-<PATIENT-V2>,WHNP,RC,RC_OBJ,
3558,0,that's what it sounded like.,1.0,-NONE-ABAR-WH-,T,WH,NP,NP,OBJ,OBJ,WHNP-1-<INANIM>-<SUBJMATT-V1>,WHNP,EQ,EQ_OBJ,sounded
3560,0,where's the crayon?,1.0,-NONE-ABAR-WH-,T,WH,ADVP,ADVP,ADJUNCT,ADJUNCT,WHADVP-1,WHADVP,MQ,MQ_ADJUNCT,
3583,0,I want to go where I belong.,1.0,-NONE-ABAR-RC-,T,RC,ADVP,ADVP,ADJUNCT,ADJUNCT,WHADVP-1,WHADVP,EQ,EQ_ADJUNCT,go
3584,0,"alright, where does he belong?",1.0,-NONE-ABAR-WH-,T,WH,ADVP,ADVP,ADJUNCT,ADJUNCT,WHADVP-1,WHADVP,MQ,MQ_ADJUNCT,
3587,0,if you cann't find it then you have to give it to me.,,,,POLAR,,,,POLAR,,,EQ,EQ_POLAR,
3592,0,I see where it goes.,1.0,-NONE-ABAR-WH-,T,WH,ADVP,ADVP,ADJUNCT,ADJUNCT,WHADVP-1,WHADVP,EQ,EQ_ADJUNCT,see
3594,0,if you cann't find it on the first line then look on the second,,,,POLAR,,,,POLAR,,,EQ,EQ_POLAR,
3597,0,what was wrong?,1.0,-NONE-ABAR-WH-,T,WH,NP,NP,SUBJ,SUBJ,WHNP-1-<INANIM>,WHNP,MQ,MQ_SUBJ,
3601,0,what is that?,1.0,-NONE-ABAR-WH-,T,WH,NP,NP,OBJ,OBJ,WHNP-1-<INANIM>,WHNP,MQ,MQ_OBJ,
3602,0,what are they saying to each other?,1.0,-NONE-ABAR-WH-,T,WH,NP,NP,OBJ,OBJ,WHNP-1-<INANIM>-<PATIENT-V1>,WHNP,MQ,MQ_OBJ,
3608,0,where does the cl belong?,1.0,-NONE-ABAR-WH-,T,WH,ADVP,ADVP,ADJUNCT,ADJUNCT,WHADVP-1,WHADVP,MQ,MQ_ADJUNCT,
3620,0,what's doing just like that?,1.0,-NONE-ABAR-WH-,T,WH,NP,NP,SUBJ,SUBJ,WHNP-1-<INANIM>-<AGENT-V1>,WHNP,MQ,MQ_SUBJ,
3628,0,who says meowo.,1.0,-NONE-ABAR-WH-,T,WH,NP,NP,SUBJ,SUBJ,WHNP-1-<ANIM>-<AGENT-V1>,WHNP,MQ,MQ_SUBJ,
3642,0,"when it gets hurt you put it over there and put it, bandage on it?",1.0,-NONE-ABAR-WH-,T,WH,ADVP,ADVP,ADJUNCT,ADJUNCT,WHADVP-1,WHADVP,EQ,EQ_ADJUNCT,
3648,0,that's where the microphone goes.,1.0,-NONE-ABAR-WH-,T,WH,ADVP,ADVP,ADJUNCT,ADJUNCT,WHADVP-1,WHADVP,EQ,EQ_ADJUNCT,goes
3652,0,you can put it in here if you want.,,,,POLAR,,,,POLAR,,,EQ,EQ_POLAR,put
3666,0,what do you see?,1.0,-NONE-ABAR-WH-,T,WH,NP,NP,OBJ,OBJ,WHNP-1-<INANIM>-<SUBJMATT-V1>,WHNP,MQ,MQ_OBJ,
3683,0,"yes, if she says so.",,,,POLAR,,,,POLAR,,,EQ,EQ_POLAR,
3697,0,what would you like to paint on the box?,1.0,-NONE-ABAR-WH-,T,WH,NP,NP,OBJ,OBJ,WHNP-1-<INANIM>-<PATIENT-V2>,WHNP,MQ,MQ_OBJ,
3715,0,why don't you let him sit in the chair.,1.0,-NONE-ABAR-WH-,T,WH,ADVP,ADVP,ADJUNCT,ADJUNCT,WHADVP-1,WHADVP,MQ,MQ_ADJUNCT,
3716,0,why don't you tell him a story.,1.0,-NONE-ABAR-WH-,T,WH,ADVP,ADVP,ADJUNCT,ADJUNCT,WHADVP-1,WHADVP,MQ,MQ_ADJUNCT,
3717,0,do you know a story *NULL* he might like?,1.0,-NONE-ABAR-RC-,T,RC,NP,NP,OBJ,OBJ,WHNP-1-<INANIM>-<SUBJMATT-V2>,WHNP,RC,RC_OBJ,
3726,0,what is what?,1.0,-NONE-ABAR-WH-,T,WH,NP,NP,OBJ,OBJ,WHNP-1-<INANIM>,WHNP,MQ,MQ_OBJ,
3728,0,what do you think is happening?,1.0,-NONE-ABAR-WH-,T,WH,NP,NP,SUBJ,SUBJ,WHNP-1-<INANIM>-<THEME-V2>,WHNP,EQ,EQ_SUBJ,think
3729,0,"alright, you watch and tell us what's happening?",1.0,-NONE-ABAR-RC-,T,RC,NP,NP,SUBJ,SUBJ,WHNP-1-<INANIM>-<THEME-V3>,WHNP,EQ,EQ_SUBJ,tell
3730,0,isn't that what the doctor did to Paul yesterday?,1.0,-NONE-ABAR-RC-,T,RC,NP,NP,OBJ,OBJ,WHNP-1-<INANIM>-<THEME-V1>,WHNP,EQ,EQ_OBJ,did
3731,0,he's checking her to see whether she's alright or not.,,,,POLAR,,,,POLAR,,,EQ,EQ_POLAR,see
3742,0,if he falls like that he'll lose some of his feathers.,,,,POLAR,,,,POLAR,,,EQ,EQ_POLAR,
3755,0,why're you taking them out?,1.0,-NONE-ABAR-WH-,T,WH,ADVP,ADVP,ADJUNCT,ADJUNCT,WHADVP-1,WHADVP,MQ,MQ_ADJUNCT,
3758,0,I don't know how you'll get them out.,1.0,-NONE-ABAR-WH-,T,WH,ADVP,ADVP,ADJUNCT,ADJUNCT,WHADVP-1,WHADVP,EQ,EQ_ADJUNCT,know
3760,0,what is that thing *NULL* they're pushing over?,2.0,-NONE-ABAR-RC-,T,RC,NP,NP,OBJ,OBJ,WHNP-2-<INANIM>-<PATIENT-V1>,WHNP,RC,RC_OBJ,
3760,1,what is that thing *NULL* they're pushing over?,1.0,-NONE-ABAR-WH-,T,WH,NP,NP,OBJ,OBJ,WHNP-1-<INANIM>,WHNP,MQ,MQ_OBJ,
3762,0,"oh, what do you do in your office?",1.0,-NONE-ABAR-WH-,T,WH,NP,NP,OBJ,OBJ,WHNP-1-<INANIM>-<THEME-V1>,WHNP,MQ,MQ_OBJ,
3766,0,when I touch Paul?,1.0,-NONE-ABAR-RC-,T,RC,ADVP,ADVP,ADJUNCT,ADJUNCT,WHADVP-1,WHADVP,EQ,EQ_ADJUNCT,
3770,0,where're they going?,1.0,-NONE-ABAR-WH-,T,WH,ADVP,ADVP,ADJUNCT,ADJUNCT,WHADVP-1,WHADVP,MQ,MQ_ADJUNCT,
3775,0,"well, that's the cover *NULL* to keep the germs out of the nipple.",1.0,-NONE-ABAR-RC-,T,RC,NP,NP,SUBJ,SUBJ,WHNP-1-<INANIM>-<AGENT-V1>,WHNP,RC,RC_SUBJ,
3791,0,what do you think that's for?,1.0,-NONE-ABAR-WH-,T,WH,NP,NP,OBJ,OBJ,WHNP-1-<INANIM>,WHNP,EQ,EQ_OBJ,think
3793,0,where's a train track?,1.0,-NONE-ABAR-WH-,T,WH,ADVP,ADVP,ADJUNCT,ADJUNCT,WHADVP-1,WHADVP,MQ,MQ_ADJUNCT,
3812,0,did you tell Ursula what you did the other day when you were,1.0,-NONE-ABAR-RC-,T,RC,NP,NP,OBJ,OBJ,WHNP-1-<INANIM>-<THEME-V2>,WHNP,EQ,EQ_OBJ,tell
3818,0,what is a buddy cake?,1.0,-NONE-ABAR-WH-,T,WH,NP,NP,OBJ,OBJ,WHNP-1-<INANIM>,WHNP,MQ,MQ_OBJ,
3822,0,he's playing out what happens at suppertime.,1.0,-NONE-ABAR-RC-,T,RC,NP,NP,SUBJ,SUBJ,WHNP-1-<INANIM>-<THEME-V2>,WHNP,EQ,EQ_SUBJ,playing
3823,0,what shall I do?,1.0,-NONE-ABAR-WH-,T,WH,NP,NP,OBJ,OBJ,WHNP-1-<INANIM>-<THEME-V1>,WHNP,MQ,MQ_OBJ,
3835,0,in case *NULL* something tears.,1.0,-NONE-ABAR-RC-,T,RC,ADVP,ADVP,ADJUNCT,ADJUNCT,WHADVP-1,WHADVP,RC,RC_ADJUNCT,
3836,0,I don't know what might tear.,1.0,-NONE-ABAR-WH-,T,WH,NP,NP,SUBJ,SUBJ,WHNP-1-<INANIM>-<THEME-V2>,WHNP,EQ,EQ_SUBJ,know
3843,0,Adam doesn't understand that you don't know what you're doing.,1.0,-NONE-ABAR-RC-,T,RC,NP,NP,OBJ,OBJ,WHNP-1-<INANIM>-<THEME-V3>,WHNP,EQ,EQ_OBJ,know
3844,0,"what kind of fish are you having, Adam?",1.0,-NONE-ABAR-WH-,T,WH,NP,NP,OBJ,OBJ,WHNP-1-<ANIM>-<PATIENT-V1>,WHNP,MQ,MQ_OBJ,
3867,0,where's Ursula going to eat?,1.0,-NONE-ABAR-WH-,T,WH,ADVP,ADVP,ADJUNCT,ADJUNCT,WHADVP-1,WHADVP,MQ,MQ_ADJUNCT,
3869,0,"oh, she's going to eat up there where she's sitting.",1.0,-NONE-ABAR-RC-,T,RC,ADVP,ADVP,ADJUNCT,ADJUNCT,WHADVP-1,WHADVP,EQ,EQ_ADJUNCT,eat
3871,0,why don't you use that tray?,1.0,-NONE-ABAR-WH-,T,WH,ADVP,ADVP,ADJUNCT,ADJUNCT,WHADVP-1,WHADVP,MQ,MQ_ADJUNCT,
3877,0,what are you serving?,1.0,-NONE-ABAR-WH-,T,WH,NP,NP,OBJ,OBJ,WHNP-1-<INANIM>-<PATIENT-V1>,WHNP,MQ,MQ_OBJ,
3888,0,what game is that?,1.0,-NONE-ABAR-WH-,T,WH,NP,NP,OBJ,OBJ,WHNP-1-<INANIM>,WHNP,MQ,MQ_OBJ,
3889,0,what game is it?,1.0,-NONE-ABAR-WH-,T,WH,NP,NP,OBJ,OBJ,WHNP-1-<INANIM>,WHNP,MQ,MQ_OBJ,
3890,0,what is it?,1.0,-NONE-ABAR-WH-,T,WH,NP,NP,OBJ,OBJ,WHNP-1-<INANIM>,WHNP,MQ,MQ_OBJ,
3893,0,let's find someplace *NULL* to put the shells.,1.0,-NONE-ABAR-RC-,T,RC,ADVP,ADVP,ADJUNCT,ADJUNCT,WHADVP-1,WHADVP,RC,RC_ADJUNCT,
3899,0,why don't you pick the things up and put them back in the bag?,1.0,-NONE-ABAR-WH-,T,WH,ADVP,ADVP,ADJUNCT,ADJUNCT,WHADVP-1,WHADVP,MQ,MQ_ADJUNCT,
3904,0,he's teaching us how to talk.,1.0,-NONE-ABAR-RC-,T,RC,ADVP,ADVP,ADJUNCT,ADJUNCT,WHADVP-1,WHADVP,EQ,EQ_ADJUNCT,teaching
3905,0,"how do you say it, Adam?",1.0,-NONE-ABAR-WH-,T,WH,ADVP,ADVP,ADJUNCT,ADJUNCT,WHADVP-1,WHADVP,MQ,MQ_ADJUNCT,
3912,0,the pad that you press that into.,1.0,-NONE-ABAR-RC-,T,RC,NP,NP,OBJ,OBJ,WHNP-1-<INANIM>-<GOAL-V1>,WHNP,RC,RC_OBJ,
3913,0,what did you find?,1.0,-NONE-ABAR-WH-,T,WH,NP,NP,OBJ,OBJ,WHNP-1-<INANIM>-<PATIENT-V1>,WHNP,MQ,MQ_OBJ,
3915,0,what happened to the children?,1.0,-NONE-ABAR-WH-,T,WH,NP,NP,SUBJ,SUBJ,WHNP-1-<INANIM>-<THEME-V1>,WHNP,MQ,MQ_SUBJ,
3917,0,what do you see?,1.0,-NONE-ABAR-WH-,T,WH,NP,NP,OBJ,OBJ,WHNP-1-<INANIM>-<SUBJMATT-V1>,WHNP,MQ,MQ_OBJ,
3921,0,why don't you see if you can get them out?,,,,POLAR,,,,POLAR,,,EQ,EQ_POLAR,see
3921,1,why don't you see if you can get them out?,1.0,-NONE-ABAR-WH-,T,WH,ADVP,ADVP,ADJUNCT,ADJUNCT,WHADVP-1,WHADVP,MQ,MQ_ADJUNCT,
3922,0,"well, my hands are even bigger, so how will we get them out?",1.0,-NONE-ABAR-WH-,T,WH,ADVP,ADVP,ADJUNCT,ADJUNCT,WHADVP-1,WHADVP,EQ,EQ_ADJUNCT,
3940,0,what do you mean not a cup?,1.0,-NONE-ABAR-WH-,T,WH,NP,NP,OBJ,OBJ,WHNP-1-<INANIM>-<PATIENT-V1>,WHNP,MQ,MQ_OBJ,
3942,0,"oh, Adam, what are you saying?",1.0,-NONE-ABAR-WH-,T,WH,NP,NP,OBJ,OBJ,WHNP-1-<INANIM>-<PATIENT-V1>,WHNP,MQ,MQ_OBJ,
3946,0,which one do you want?,1.0,-NONE-ABAR-WH-,T,WH,NP,NP,OBJ,OBJ,WHNP-1-<INANIM>-<SUBJMATT-V1>,WHNP,MQ,MQ_OBJ,
3950,0,what're you going to write?,1.0,-NONE-ABAR-WH-,T,WH,NP,NP,OBJ,OBJ,WHNP-1-<INANIM>-<PATIENT-V1>,WHNP,MQ,MQ_OBJ,
3952,0,what did he say?,1.0,-NONE-ABAR-WH-,T,WH,NP,NP,OBJ,OBJ,WHNP-1-<INANIM>-<PATIENT-V1>,WHNP,MQ,MQ_OBJ,
3956,0,what color is it?,1.0,-NONE-ABAR-WH-,T,WH,NP,NP,OBJ,OBJ,WHNP-1-<INANIM>,WHNP,MQ,MQ_OBJ,
3967,0,if he takes them apart I take them from him.,,,,POLAR,,,,POLAR,,,EQ,EQ_POLAR,
3978,0,he likes to fix things that break.,1.0,-NONE-ABAR-RC-,T,RC,NP,NP,SUBJ,SUBJ,WHNP-1-<INANIM>-<THEME-V3>,WHNP,RC,RC_SUBJ,
3981,0,"well, how did you know it was no good?",1.0,-NONE-ABAR-WH-,T,WH,ADVP,ADVP,ADJUNCT,ADJUNCT,WHADVP-1,WHADVP,MQ,MQ_ADJUNCT,
3987,0,what shall I use?,1.0,-NONE-ABAR-WH-,T,WH,NP,NP,OBJ,OBJ,WHNP-1-<INANIM>-<PATIENT-V1>,WHNP,MQ,MQ_OBJ,
3988,0,what color do you want?,1.0,-NONE-ABAR-WH-,T,WH,NP,NP,OBJ,OBJ,WHNP-1-<INANIM>-<SUBJMATT-V1>,WHNP,MQ,MQ_OBJ,
3989,0,what color is this?,1.0,-NONE-ABAR-WH-,T,WH,NP,NP,OBJ,OBJ,WHNP-1-<INANIM>,WHNP,MQ,MQ_OBJ,
3997,0,what color is that?,1.0,-NONE-ABAR-WH-,T,WH,NP,NP,OBJ,OBJ,WHNP-1-<INANIM>,WHNP,MQ,MQ_OBJ,
3998,0,what happened?,1.0,-NONE-ABAR-WH-,T,WH,NP,NP,SUBJ,SUBJ,WHNP-1-<INANIM>-<THEME-V1>,WHNP,MQ,MQ_SUBJ,
3999,0,which one do you want?,1.0,-NONE-ABAR-WH-,T,WH,NP,NP,OBJ,OBJ,WHNP-1-<INANIM>-<SUBJMATT-V1>,WHNP,MQ,MQ_OBJ,
4004,0,what are you making?,1.0,-NONE-ABAR-WH-,T,WH,NP,NP,OBJ,OBJ,WHNP-1-<INANIM>-<PATIENT-V1>,WHNP,MQ,MQ_OBJ,
4006,0,how would you like to have a piece of red paper?,1.0,-NONE-ABAR-WH-,T,WH,ADVP,ADVP,ADJUNCT,ADJUNCT,WHADVP-1,WHADVP,MQ,MQ_ADJUNCT,
4008,0,what're you making?,1.0,-NONE-ABAR-WH-,T,WH,NP,NP,OBJ,OBJ,WHNP-1-<INANIM>-<PATIENT-V1>,WHNP,MQ,MQ_OBJ,
4011,0,what dropped in the water?,1.0,-NONE-ABAR-WH-,T,WH,NP,NP,SUBJ,SUBJ,WHNP-1-<INANIM>-<THEME-V1>,WHNP,MQ,MQ_SUBJ,
4015,0,where're you going?,1.0,-NONE-ABAR-WH-,T,WH,ADVP,ADVP,ADJUNCT,ADJUNCT,WHADVP-1,WHADVP,MQ,MQ_ADJUNCT,
4017,0,"oh, look, how many do you have now?",1.0,-NONE-ABAR-WH-,T,WH,NP,NP,OBJ,OBJ,WHNP-1-<THEME-V1>,WHNP,MQ,MQ_OBJ,
4022,0,what's that?,1.0,-NONE-ABAR-WH-,T,WH,NP,NP,OBJ,OBJ,WHNP-1-<INANIM>,WHNP,MQ,MQ_OBJ,
4033,0,let her sit up there if she wants to.,,,,POLAR,,,,POLAR,,,EQ,EQ_POLAR,sit
4039,0,what am I going to have for breakfast?,1.0,-NONE-ABAR-WH-,T,WH,NP,NP,OBJ,OBJ,WHNP-1-<INANIM>-<PATIENT-V1>,WHNP,MQ,MQ_OBJ,
4041,0,what are we having for breakfast?,1.0,-NONE-ABAR-WH-,T,WH,NP,NP,OBJ,OBJ,WHNP-1-<INANIM>-<PATIENT-V1>,WHNP,MQ,MQ_OBJ,
4042,0,what're we having?,1.0,-NONE-ABAR-WH-,T,WH,NP,NP,OBJ,OBJ,WHNP-1-<INANIM>-<PATIENT-V1>,WHNP,MQ,MQ_OBJ,
4044,0,what're we having for supper?,1.0,-NONE-ABAR-WH-,T,WH,NP,NP,OBJ,OBJ,WHNP-1-<INANIM>-<PATIENT-V1>,WHNP,MQ,MQ_OBJ,
4054,0,what is it?,1.0,-NONE-ABAR-WH-,T,WH,NP,NP,OBJ,OBJ,WHNP-1-<INANIM>,WHNP,MQ,MQ_OBJ,
4059,0,who are the people on the boat?,1.0,-NONE-ABAR-WH-,T,WH,NP,NP,OBJ,OBJ,WHNP-1-<ANIM>,WHNP,MQ,MQ_OBJ,
4073,0,and how will you fix it?,1.0,-NONE-ABAR-WH-,T,WH,ADVP,ADVP,ADJUNCT,ADJUNCT,WHADVP-1,WHADVP,EQ,EQ_ADJUNCT,
4077,0,which one is getting full?,1.0,-NONE-ABAR-WH-,T,WH,NP,NP,SUBJ,SUBJ,WHNP-1-<INANIM>-<THEME-V1>,WHNP,MQ,MQ_SUBJ,
4079,0,which one is getting full?,1.0,-NONE-ABAR-WH-,T,WH,NP,NP,SUBJ,SUBJ,WHNP-1-<INANIM>-<THEME-V1>,WHNP,MQ,MQ_SUBJ,
4080,0,what's happening to the other one?,1.0,-NONE-ABAR-WH-,T,WH,SQ,SQ,ADJUNCT,ADJUNCT,WHNP-1-<INANIM>-<THEME-V1>,WHNP,MQ,MQ_ADJUNCT,
4084,0,what's happening now?,1.0,-NONE-ABAR-WH-,T,WH,NP,NP,SUBJ,SUBJ,WHNP-1-<INANIM>-<THEME-V1>,WHNP,MQ,MQ_SUBJ,
4087,0,what is that movie about?,1.0,-NONE-ABAR-WH-,T,WH,NP,NP,OBJ,OBJ,WHNP-1-<INANIM>,WHNP,MQ,MQ_OBJ,
4092,0,what does it sound like?,1.0,-NONE-ABAR-WH-,T,WH,NP,NP,OBJ,OBJ,WHNP-1-<INANIM>-<CAUSER-V1>,WHNP,MQ,MQ_OBJ,
4094,0,what you're saying.,1.0,-NONE-ABAR-WH-,T,WH,NP,NP,OBJ,OBJ,WHNP-1-<INANIM>-<PATIENT-V1>,WHNP,EQ,EQ_OBJ,
4095,0,"yes, what are you saying?",1.0,-NONE-ABAR-WH-,T,WH,NP,NP,OBJ,OBJ,WHNP-1-<INANIM>-<PATIENT-V1>,WHNP,MQ,MQ_OBJ,
4098,0,what're you doing now?,1.0,-NONE-ABAR-WH-,T,WH,NP,NP,OBJ,OBJ,WHNP-1-<INANIM>-<THEME-V1>,WHNP,MQ,MQ_OBJ,
4101,0,"no, if you could blow it up.",,,,POLAR,,,,POLAR,,,EQ,EQ_POLAR,
4103,0,I don't know if I can.,,,,POLAR,,,,POLAR,,,EQ,EQ_POLAR,know
4108,0,where is the spider?,1.0,-NONE-ABAR-WH-,T,WH,ADVP,ADVP,ADJUNCT,ADJUNCT,WHADVP-1,WHADVP,MQ,MQ_ADJUNCT,
4111,0,how did he get up there?,1.0,-NONE-ABAR-WH-,T,WH,ADVP,ADVP,ADJUNCT,ADJUNCT,WHADVP-1,WHADVP,MQ,MQ_ADJUNCT,
4113,0,what is that *NULL* you're using?,1.0,-NONE-ABAR-RC-,T,RC,NP,NP,OBJ,OBJ,WHNP-1-<INANIM>,WHNP,RC,RC_OBJ,
4115,0,what are you making with the knife?,1.0,-NONE-ABAR-WH-,T,WH,NP,NP,OBJ,OBJ,WHNP-1-<INANIM>-<PATIENT-V1>,WHNP,MQ,MQ_OBJ,
4118,0,where did you put it?,1.0,-NONE-ABAR-WH-,T,WH,ADVP,ADVP,ADJUNCT,ADJUNCT,WHADVP-1,WHADVP,MQ,MQ_ADJUNCT,
4119,0,and what will you do with the paper?,1.0,-NONE-ABAR-WH-,T,WH,NP,NP,OBJ,OBJ,WHNP-1-<INANIM>-<THEME-V1>,WHNP,EQ,EQ_OBJ,
4137,0,what did I do to him?,1.0,-NONE-ABAR-WH-,T,WH,NP,NP,OBJ,OBJ,WHNP-1-<INANIM>-<THEME-V1>,WHNP,MQ,MQ_OBJ,
4150,0,I just want to see what else is in there.,1.0,-NONE-ABAR-RC-,T,RC,NP,NP,SUBJ,SUBJ,WHNP-1-<INANIM>,WHNP,EQ,EQ_SUBJ,see
4176,0,if you listen very carefully you can hear something that sounds like,,,,POLAR,,,,POLAR,,,EQ,EQ_POLAR,
4176,1,if you listen very carefully you can hear something that sounds like,1.0,-NONE-ABAR-RC-,T,RC,NP,NP,SUBJ,SUBJ,WHNP-1-<INANIM>-<CAUSER-V3>,WHNP,RC,RC_SUBJ,
4183,0,what part of the stove sounds like that?,1.0,-NONE-ABAR-WH-,T,WH,NP,NP,SUBJ,SUBJ,WHNP-1-<INANIM>-<CAUSER-V1>,WHNP,MQ,MQ_SUBJ,
4195,0,what happens when you get married?,1.0,-NONE-ABAR-WH-,T,WH,NP,NP,SUBJ,SUBJ,WHNP-1-<INANIM>-<THEME-V1>,WHNP,MQ,MQ_SUBJ,
4195,1,what happens when you get married?,2.0,-NONE-ABAR-RC-,T,RC,ADVP,ADVP,ADJUNCT,ADJUNCT,WHADVP-2,WHADVP,EQ,EQ_ADJUNCT,happens
4196,0,where's the zipper?,1.0,-NONE-ABAR-WH-,T,WH,ADVP,ADVP,ADJUNCT,ADJUNCT,WHADVP-1,WHADVP,MQ,MQ_ADJUNCT,
4206,0,who's the baby?,1.0,-NONE-ABAR-WH-,T,WH,NP,NP,OBJ,OBJ,WHNP-1-<ANIM>,WHNP,MQ,MQ_OBJ,
4207,0,what do you think that is?,1.0,-NONE-ABAR-WH-,T,WH,NP,NP,OBJ,OBJ,WHNP-1-<INANIM>,WHNP,EQ,EQ_OBJ,think
4210,0,what do I use it for?,1.0,-NONE-ABAR-WH-,T,WH,NP,NP,OBJ,OBJ,WHNP-1-<INANIM>,WHNP,MQ,MQ_OBJ,
4219,0,"oh yes, they will all break if you aren't careful.",,,,POLAR,,,,POLAR,,,EQ,EQ_POLAR,break
4222,0,what did he break?,1.0,-NONE-ABAR-WH-,T,WH,NP,NP,OBJ,OBJ,WHNP-1-<INANIM>-<PATIENT-V1>,WHNP,MQ,MQ_OBJ,
4223,0,when is breakfast time?,1.0,-NONE-ABAR-WH-,T,WH,ADVP,ADVP,ADJUNCT,ADJUNCT,WHADVP-1,WHADVP,MQ,MQ_ADJUNCT,
4226,0,what do we eat at nighttime?,1.0,-NONE-ABAR-WH-,T,WH,NP,NP,OBJ,OBJ,WHNP-1-<INANIM>-<PATIENT-V1>,WHNP,MQ,MQ_OBJ,
4228,0,who drank that milk all up?,1.0,-NONE-ABAR-WH-,T,WH,NP,NP,SUBJ,SUBJ,WHNP-1-<ANIM>-<AGENT-V1>,WHNP,MQ,MQ_SUBJ,
4234,0,what're you going to do with those?,1.0,-NONE-ABAR-WH-,T,WH,NP,NP,OBJ,OBJ,WHNP-1-<INANIM>-<THEME-V1>,WHNP,MQ,MQ_OBJ,
4236,0,what are you going to make?,1.0,-NONE-ABAR-WH-,T,WH,NP,NP,OBJ,OBJ,WHNP-1-<INANIM>-<PATIENT-V1>,WHNP,MQ,MQ_OBJ,
4238,0,what would you like to have?,1.0,-NONE-ABAR-WH-,T,WH,NP,NP,OBJ,OBJ,WHNP-1-<INANIM>-<THEME-V2>,WHNP,MQ,MQ_OBJ,
4245,0,"why do you want one more, Adam?",1.0,-NONE-ABAR-WH-,T,WH,ADVP,ADVP,ADJUNCT,ADJUNCT,WHADVP-1,WHADVP,MQ,MQ_ADJUNCT,
4253,0,what is this?,1.0,-NONE-ABAR-WH-,T,WH,NP,NP,OBJ,OBJ,WHNP-1-<INANIM>,WHNP,MQ,MQ_OBJ,
4256,0,"Adam, how do you make the cookie dough?",1.0,-NONE-ABAR-WH-,T,WH,ADVP,ADVP,ADJUNCT,ADJUNCT,WHADVP-1,WHADVP,MQ,MQ_ADJUNCT,
4279,0,"yes, you may use all *NULL* you can.",1.0,-NONE-ABAR-RC-,T,RC,NP,NP,OBJ,OBJ,WHNP-1-<INANIM>,WHNP,RC,RC_OBJ,
4287,0,why do you have two?,1.0,-NONE-ABAR-WH-,T,WH,ADVP,ADVP,ADJUNCT,ADJUNCT,WHADVP-1,WHADVP,MQ,MQ_ADJUNCT,
4290,0,why is Bozo going to eat with the chickens?,1.0,-NONE-ABAR-WH-,T,WH,ADVP,ADVP,ADJUNCT,ADJUNCT,WHADVP-1,WHADVP,MQ,MQ_ADJUNCT,
4296,0,why are the Indians bad?,1.0,-NONE-ABAR-WH-,T,WH,ADVP,ADVP,ADJUNCT,ADJUNCT,WHADVP-1,WHADVP,MQ,MQ_ADJUNCT,
4297,0,"well, why are the Indians bad?",1.0,-NONE-ABAR-WH-,T,WH,ADVP,ADVP,ADJUNCT,ADJUNCT,WHADVP-1,WHADVP,MQ,MQ_ADJUNCT,
4307,0,what are we having for supper?,1.0,-NONE-ABAR-WH-,T,WH,NP,NP,OBJ,OBJ,WHNP-1-<INANIM>-<PATIENT-V1>,WHNP,MQ,MQ_OBJ,
4319,0,why is the kitchen right here?,1.0,-NONE-ABAR-WH-,T,WH,ADVP,ADVP,ADJUNCT,ADJUNCT,WHADVP-1,WHADVP,MQ,MQ_ADJUNCT,
4321,0,why is the kitchen right here?,1.0,-NONE-ABAR-WH-,T,WH,ADVP,ADVP,ADJUNCT,ADJUNCT,WHADVP-1,WHADVP,MQ,MQ_ADJUNCT,
4341,0,what do you do with a water hydrant?,1.0,-NONE-ABAR-WH-,T,WH,NP,NP,OBJ,OBJ,WHNP-1-<INANIM>-<THEME-V1>,WHNP,MQ,MQ_OBJ,
4346,0,why does your water come from the hydrant there?,1.0,-NONE-ABAR-WH-,T,WH,ADVP,ADVP,ADJUNCT,ADJUNCT,WHADVP-1,WHADVP,MQ,MQ_ADJUNCT,
4347,0,what did you put in the trash can?,1.0,-NONE-ABAR-WH-,T,WH,NP,NP,OBJ,OBJ,WHNP-1-<INANIM>-<PATIENT-V1>,WHNP,MQ,MQ_OBJ,
4349,0,what kind of cup was that that you could put it in the trash can?,1.0,-NONE-ABAR-WH-,T,WH,NP,NP,OBJ,OBJ,WHNP-1-<INANIM>,WHNP,MQ,MQ_OBJ,
4352,0,"what kind of cake do you have, Adam?",1.0,-NONE-ABAR-WH-,T,WH,NP,NP,OBJ,OBJ,WHNP-1-<INANIM>-<THEME-V1>,WHNP,MQ,MQ_OBJ,
4354,0,what kind of cakes are those?,1.0,-NONE-ABAR-WH-,T,WH,NP,NP,OBJ,OBJ,WHNP-1-<INANIM>,WHNP,MQ,MQ_OBJ,
4362,0,I'd like to know what kind of cake you're going to make here.,1.0,-NONE-ABAR-WH-,T,WH,NP,NP,OBJ,OBJ,WHNP-1-<INANIM>-<PATIENT-V3>,WHNP,EQ,EQ_OBJ,know
4384,0,"well, how will the light keep Paul from waking up?",1.0,-NONE-ABAR-WH-,T,WH,ADVP,ADVP,ADJUNCT,ADJUNCT,WHADVP-1,WHADVP,MQ,MQ_ADJUNCT,
4388,0,how long will it grow?,1.0,-NONE-ABAR-WH-,T,WH,ADVP,ADVP,ADJUNCT,ADJUNCT,WHADVP-1,WHADVP,MQ,MQ_ADJUNCT,
4392,0,what did the carpenter say?,1.0,-NONE-ABAR-WH-,T,WH,NP,NP,OBJ,OBJ,WHNP-1-<INANIM>-<PATIENT-V1>,WHNP,MQ,MQ_OBJ,
4393,0,you didn't understand what he said?,1.0,-NONE-ABAR-RC-,T,RC,NP,NP,OBJ,OBJ,WHNP-1-<INANIM>-<PATIENT-V2>,WHNP,EQ,EQ_OBJ,understand
4394,0,what did he say?,1.0,-NONE-ABAR-WH-,T,WH,NP,NP,OBJ,OBJ,WHNP-1-<INANIM>-<PATIENT-V1>,WHNP,MQ,MQ_OBJ,
4395,0,and what did he say?,1.0,-NONE-ABAR-WH-,T,WH,NP,NP,OBJ,OBJ,WHNP-1-<INANIM>-<PATIENT-V1>,WHNP,EQ,EQ_OBJ,
4404,0,so what will you have to do?,1.0,-NONE-ABAR-WH-,T,WH,NP,NP,OBJ,OBJ,WHNP-1-<INANIM>-<THEME-V1>,WHNP,EQ,EQ_OBJ,
4405,0,you can throw it away if you want to.,,,,POLAR,,,,POLAR,,,EQ,EQ_POLAR,throw
4418,0,whose pencil sharpener was that?,1.0,-NONE-ABAR-WH-,T,WH,NP,NP,OBJ,OBJ,WHNP-1-<INANIM>,WHNP,MQ,MQ_OBJ,
4423,0,what does that roll like?,1.0,-NONE-ABAR-WH-,T,WH,NP,NP,OBJ,OBJ,WHNP-1-<INANIM>-<SUBJMATT-V1>,WHNP,MQ,MQ_OBJ,
4439,0,what does that look like?,1.0,-NONE-ABAR-WH-,T,WH,NP,NP,OBJ,OBJ,WHNP-1-<INANIM>-<SUBJMATT-V1>,WHNP,MQ,MQ_OBJ,
4442,0,what makes you think it's lunch time?,1.0,-NONE-ABAR-WH-,T,WH,NP,NP,SUBJ,SUBJ,WHNP-1-<INANIM>-<AGENT-V1>,WHNP,MQ,MQ_SUBJ,
4443,0,why do you think it's lunch time?,1.0,-NONE-ABAR-WH-,T,WH,ADVP,ADVP,ADJUNCT,ADJUNCT,WHADVP-1,WHADVP,MQ,MQ_ADJUNCT,
4444,0,why do you think it's lunch time?,1.0,-NONE-ABAR-WH-,T,WH,ADVP,ADVP,ADJUNCT,ADJUNCT,WHADVP-1,WHADVP,MQ,MQ_ADJUNCT,
4445,0,how do you know?,1.0,-NONE-ABAR-WH-,T,WH,ADVP,ADVP,ADJUNCT,ADJUNCT,WHADVP-1,WHADVP,MQ,MQ_ADJUNCT,
4446,0,how do you know that it's lunch time?,1.0,-NONE-ABAR-WH-,T,WH,ADVP,ADVP,ADJUNCT,ADJUNCT,WHADVP-1,WHADVP,MQ,MQ_ADJUNCT,
4447,0,what statue told you?,1.0,-NONE-ABAR-WH-,T,WH,NP,NP,SUBJ,SUBJ,WHNP-1-<INANIM>-<AGENT-V1>,WHNP,MQ,MQ_SUBJ,
4448,0,I know when it's dinner time because I can tell time but how do,1.0,-NONE-ABAR-RC-,T,RC,ADVP,ADVP,ADJUNCT,ADJUNCT,WHADVP-1,WHADVP,EQ,EQ_ADJUNCT,know
4462,0,how can he play?,1.0,-NONE-ABAR-WH-,T,WH,ADVP,ADVP,ADJUNCT,ADJUNCT,WHADVP-1,WHADVP,MQ,MQ_ADJUNCT,
4463,0,how can he play without a bat?,1.0,-NONE-ABAR-WH-,T,WH,ADVP,ADVP,ADJUNCT,ADJUNCT,WHADVP-1,WHADVP,MQ,MQ_ADJUNCT,
4467,0,what are you?,1.0,-NONE-ABAR-WH-,T,WH,NP,NP,OBJ,OBJ,WHNP-1-<INANIM>,WHNP,MQ,MQ_OBJ,
4471,0,what kind of monster are you?,1.0,-NONE-ABAR-WH-,T,WH,NP,NP,OBJ,OBJ,WHNP-1-<INANIM>,WHNP,MQ,MQ_OBJ,
4474,0,what's a mompsyc?,1.0,-NONE-ABAR-WH-,T,WH,NP,NP,OBJ,OBJ,WHNP-1-<INANIM>,WHNP,MQ,MQ_OBJ,
4476,0,who did use them all?,1.0,-NONE-ABAR-WH-,T,WH,NP,NP,SUBJ,SUBJ,WHNP-1-<ANIM>-<AGENT-V1>,WHNP,MQ,MQ_SUBJ,
4483,0,"oh, what part is that?",1.0,-NONE-ABAR-WH-,T,WH,NP,NP,OBJ,OBJ,WHNP-1-<INANIM>,WHNP,MQ,MQ_OBJ,
4489,0,what's a chicken?,1.0,-NONE-ABAR-WH-,T,WH,NP,NP,OBJ,OBJ,WHNP-1-<INANIM>,WHNP,MQ,MQ_OBJ,
4492,0,how do you know she has any toys?,1.0,-NONE-ABAR-WH-,T,WH,ADVP,ADVP,ADJUNCT,ADJUNCT,WHADVP-1,WHADVP,MQ,MQ_ADJUNCT,
4493,0,how do you know she has any toys?,1.0,-NONE-ABAR-WH-,T,WH,ADVP,ADVP,ADJUNCT,ADJUNCT,WHADVP-1,WHADVP,MQ,MQ_ADJUNCT,
4499,0,what do you think it might have in it?,1.0,-NONE-ABAR-WH-,T,WH,NP,NP,OBJ,OBJ,WHNP-1-<INANIM>-<THEME-V2>,WHNP,EQ,EQ_OBJ,think
4504,0,perhaps if you put them as they were then they would all fit in.,,,,POLAR,,,,POLAR,,,EQ,EQ_POLAR,
4507,0,"no, I think that's the way *NULL* they made it in the factory.",1.0,-NONE-ABAR-RC-,T,RC,ADVP,ADVP,ADJUNCT,ADJUNCT,WHADVP-1,WHADVP,EQ,EQ_ADJUNCT,made
4509,0,I suppose you can have in there whatever you'd like to have.,1.0,-NONE-ABAR-RC-,T,RC,NP,NP,OBJ,OBJ,WHNP-1-<INANIM>-<THEME-V4>,WHNP,EQ,EQ_OBJ,have
4510,0,what would you like to have in there?,1.0,-NONE-ABAR-WH-,T,WH,NP,NP,OBJ,OBJ,WHNP-1-<INANIM>-<THEME-V2>,WHNP,MQ,MQ_OBJ,
4513,0,why're you finished playing with it?,1.0,-NONE-ABAR-WH-,T,WH,ADVP,ADVP,ADJUNCT,ADJUNCT,WHADVP-1,WHADVP,MQ,MQ_ADJUNCT,
4519,0,"oh, who's the man?",1.0,-NONE-ABAR-WH-,T,WH,NP,NP,OBJ,OBJ,WHNP-1-<ANIM>,WHNP,MQ,MQ_OBJ,
4526,0,why don't you leave it on the floor?,1.0,-NONE-ABAR-WH-,T,WH,ADVP,ADVP,ADJUNCT,ADJUNCT,WHADVP-1,WHADVP,MQ,MQ_ADJUNCT,
4530,0,what is that?,1.0,-NONE-ABAR-WH-,T,WH,NP,NP,OBJ,OBJ,WHNP-1-<INANIM>,WHNP,MQ,MQ_OBJ,
4556,0,what kind do you know?,1.0,-NONE-ABAR-WH-,T,WH,NP,NP,OBJ,OBJ,WHNP-1-<INANIM>-<SUBJMATT-V1>,WHNP,MQ,MQ_OBJ,
4558,0,the people at the factory who made the car painted it.,1.0,-NONE-ABAR-RC-,T,RC,NP,NP,SUBJ,SUBJ,WHNP-1-<ANIM>-<AGENT-V2>,WHNP,RC,RC_SUBJ,
4559,0,where are you supposed to park them?,1.0,-NONE-ABAR-WH-,T,WH,ADVP,ADVP,ADJUNCT,ADJUNCT,WHADVP-1,WHADVP,MQ,MQ_ADJUNCT,
4562,0,"well, what're you going to do with these?",1.0,-NONE-ABAR-WH-,T,WH,NP,NP,OBJ,OBJ,WHNP-1-<INANIM>-<THEME-V1>,WHNP,MQ,MQ_OBJ,
4592,0,what takes the car?,1.0,-NONE-ABAR-WH-,T,WH,NP,NP,SUBJ,SUBJ,WHNP-1-<INANIM>-<AGENT-V1>,WHNP,MQ,MQ_SUBJ,
4594,0,what does a truck carrier carry?,1.0,-NONE-ABAR-WH-,T,WH,NP,NP,OBJ,OBJ,WHNP-1-<INANIM>-<PATIENT-V1>,WHNP,MQ,MQ_OBJ,
4601,0,where does the truck run?,1.0,-NONE-ABAR-WH-,T,WH,ADVP,ADVP,ADJUNCT,ADJUNCT,WHADVP-1,WHADVP,MQ,MQ_ADJUNCT,
4602,0,where does the truck run?,1.0,-NONE-ABAR-WH-,T,WH,ADVP,ADVP,ADJUNCT,ADJUNCT,WHADVP-1,WHADVP,MQ,MQ_ADJUNCT,
4606,0,why don't they go down Massachusetts Avenue?,1.0,-NONE-ABAR-WH-,T,WH,ADVP,ADVP,ADJUNCT,ADJUNCT,WHADVP-1,WHADVP,MQ,MQ_ADJUNCT,
4607,0,and then what town will they go to?,1.0,-NONE-ABAR-WH-,T,WH,NP,NP,OBJ,OBJ,WHNP-1-<INANIM>-<GOAL-V1>,WHNP,EQ,EQ_OBJ,
4610,0,why should they?,1.0,-NONE-ABAR-WH-,T,WH,ADVP,ADVP,ADJUNCT,ADJUNCT,WHADVP-1,WHADVP,MQ,MQ_ADJUNCT,
4620,0,where are you going?,1.0,-NONE-ABAR-WH-,T,WH,ADVP,ADVP,ADJUNCT,ADJUNCT,WHADVP-1,WHADVP,MQ,MQ_ADJUNCT,
4621,0,what kind of work are they going to do?,1.0,-NONE-ABAR-WH-,T,WH,NP,NP,OBJ,OBJ,WHNP-1-<INANIM>-<THEME-V1>,WHNP,MQ,MQ_OBJ,
4643,0,the part that you open so that you can pull the kleenex up through,1.0,-NONE-ABAR-RC-,T,RC,NP,NP,OBJ,OBJ,WHNP-1-<INANIM>-<PATIENT-V1>,WHNP,RC,RC_OBJ,
4651,0,"yes, if someone starts a fire.",,,,POLAR,,,,POLAR,,,EQ,EQ_POLAR,
4652,0,or if a fire is started in a building and the firemen don't come.,,,,POLAR,,,,POLAR,,,EQ,EQ_POLAR,
4655,0,and who puts it back up?,1.0,-NONE-ABAR-WH-,T,WH,NP,NP,SUBJ,SUBJ,WHNP-1-<ANIM>-<AGENT-V1>,WHNP,EQ,EQ_SUBJ,
4659,0,how did they put it back up?,1.0,-NONE-ABAR-WH-,T,WH,ADVP,ADVP,ADJUNCT,ADJUNCT,WHADVP-1,WHADVP,MQ,MQ_ADJUNCT,
4662,0,"yes, when they put the fire out.",1.0,-NONE-ABAR-RC-,T,RC,ADVP,ADVP,ADJUNCT,ADJUNCT,WHADVP-1,WHADVP,EQ,EQ_ADJUNCT,
4674,0,what do you think?,1.0,-NONE-ABAR-WH-,T,WH,NP,NP,OBJ,OBJ,WHNP-1-<INANIM>-<SUBJMATT-V1>,WHNP,MQ,MQ_OBJ,
4679,0,where's the rest of the train?,1.0,-NONE-ABAR-WH-,T,WH,ADVP,ADVP,ADJUNCT,ADJUNCT,WHADVP-1,WHADVP,MQ,MQ_ADJUNCT,
4687,0,how can you tell which one is the caboose?,2.0,-NONE-ABAR-RC-,T,RC,NP,NP,SUBJ,SUBJ,WHNP-2-<INANIM>,WHNP,EQ,EQ_SUBJ,tell
4687,1,how can you tell which one is the caboose?,1.0,-NONE-ABAR-WH-,T,WH,ADVP,ADVP,ADJUNCT,ADJUNCT,WHADVP-1,WHADVP,MQ,MQ_ADJUNCT,
4694,0,who was laughing?,1.0,-NONE-ABAR-WH-,T,WH,NP,NP,SUBJ,SUBJ,WHNP-1-<ANIM>-<AGENT-V1>,WHNP,MQ,MQ_SUBJ,
4707,0,see if you can hit it again.,,,,POLAR,,,,POLAR,,,EQ,EQ_POLAR,see
4713,0,but you may be a doctor when you grow up if you'd like to.,,,,POLAR,,,,POLAR,,,EQ,EQ_POLAR,grow
4713,1,but you may be a doctor when you grow up if you'd like to.,1.0,-NONE-ABAR-RC-,T,RC,ADVP,ADVP,ADJUNCT,ADJUNCT,WHADVP-1,WHADVP,EQ,EQ_ADJUNCT,grow
4715,0,what did you have in his office?,1.0,-NONE-ABAR-WH-,T,WH,NP,NP,OBJ,OBJ,WHNP-1-<INANIM>-<THEME-V1>,WHNP,MQ,MQ_OBJ,
4728,0,let's see if I hear something.,,,,POLAR,,,,POLAR,,,EQ,EQ_POLAR,see
4729,0,what do you hear?,1.0,-NONE-ABAR-WH-,T,WH,NP,NP,OBJ,OBJ,WHNP-1-<INANIM>-<SUBJMATT-V1>,WHNP,MQ,MQ_OBJ,
4734,0,what makes you think she brought any toys?,1.0,-NONE-ABAR-WH-,T,WH,NP,NP,SUBJ,SUBJ,WHNP-1-<INANIM>-<AGENT-V1>,WHNP,MQ,MQ_SUBJ,
4746,0,why do you do that sometimes?,1.0,-NONE-ABAR-WH-,T,WH,ADVP,ADVP,ADJUNCT,ADJUNCT,WHADVP-1,WHADVP,MQ,MQ_ADJUNCT,
4753,0,what is that *NULL* you have now?,2.0,-NONE-ABAR-RC-,T,RC,NP,NP,OBJ,OBJ,WHNP-2-<INANIM>-<THEME-V1>,WHNP,RC,RC_OBJ,
4753,1,what is that *NULL* you have now?,1.0,-NONE-ABAR-WH-,T,WH,NP,NP,OBJ,OBJ,WHNP-1-<INANIM>,WHNP,MQ,MQ_OBJ,
4754,0,what kind of machine is that?,1.0,-NONE-ABAR-WH-,T,WH,NP,NP,OBJ,OBJ,WHNP-1-<INANIM>,WHNP,MQ,MQ_OBJ,
4760,0,who was crying last night?,1.0,-NONE-ABAR-WH-,T,WH,NP,NP,SUBJ,SUBJ,WHNP-1-<ANIM>-<THEME-V1>,WHNP,MQ,MQ_SUBJ,
4761,0,what do you think there is?,1.0,-NONE-ABAR-WH-,T,WH,NP,NP,OBJ,OBJ,WHNP-1-<INANIM>,WHNP,EQ,EQ_OBJ,think
4763,0,what do you think it is?,1.0,-NONE-ABAR-WH-,T,WH,NP,NP,OBJ,OBJ,WHNP-1-<INANIM>,WHNP,EQ,EQ_OBJ,think
4771,0,what do you think it is?,1.0,-NONE-ABAR-WH-,T,WH,NP,NP,OBJ,OBJ,WHNP-1-<INANIM>,WHNP,EQ,EQ_OBJ,think
4774,0,"yes, if she's sick.",,,,POLAR,,,,POLAR,,,EQ,EQ_POLAR,
4777,0,what is that?,1.0,-NONE-ABAR-WH-,T,WH,NP,NP,OBJ,OBJ,WHNP-1-<INANIM>,WHNP,MQ,MQ_OBJ,
4782,0,what is that?,1.0,-NONE-ABAR-WH-,T,WH,NP,NP,OBJ,OBJ,WHNP-1-<INANIM>,WHNP,MQ,MQ_OBJ,
4783,0,why don't you read the directions first?,1.0,-NONE-ABAR-WH-,T,WH,ADVP,ADVP,ADJUNCT,ADJUNCT,WHADVP-1,WHADVP,MQ,MQ_ADJUNCT,
4785,0,who is that?,1.0,-NONE-ABAR-WH-,T,WH,NP,NP,OBJ,OBJ,WHNP-1-<ANIM>,WHNP,MQ,MQ_OBJ,
4787,0,what is that?,1.0,-NONE-ABAR-WH-,T,WH,NP,NP,OBJ,OBJ,WHNP-1-<INANIM>,WHNP,MQ,MQ_OBJ,
4790,0,"you know, like the one *NULL* Dr Sherry gave you.",1.0,-NONE-ABAR-RC-,T,RC,NP,NP,OBJ,OBJ,WHNP-1-<INANIM>-<PATIENT-V2>,WHNP,RC,RC_OBJ,
4791,0,what do you think?,1.0,-NONE-ABAR-WH-,T,WH,NP,NP,OBJ,OBJ,WHNP-1-<INANIM>-<SUBJMATT-V1>,WHNP,MQ,MQ_OBJ,
4808,0,why don't you put that in the doctor's kit.,1.0,-NONE-ABAR-WH-,T,WH,ADVP,ADVP,ADJUNCT,ADJUNCT,WHADVP-1,WHADVP,MQ,MQ_ADJUNCT,
4819,0,what do you mean?,1.0,-NONE-ABAR-WH-,T,WH,NP,NP,OBJ,OBJ,WHNP-1-<INANIM>-<PATIENT-V1>,WHNP,MQ,MQ_OBJ,
4833,0,you may have it if she says so.,,,,POLAR,,,,POLAR,,,EQ,EQ_POLAR,have
4846,0,what is it?,1.0,-NONE-ABAR-WH-,T,WH,NP,NP,OBJ,OBJ,WHNP-1-<INANIM>,WHNP,MQ,MQ_OBJ,
4849,0,"this is for checking very closely, this is a check to whether the",,,,POLAR,,,,POLAR,,,EQ,EQ_POLAR,
4857,0,read what it says and you can see all of these germs.,1.0,-NONE-ABAR-RC-,T,RC,NP,NP,OBJ,OBJ,WHNP-1-<INANIM>-<PATIENT-V2>,WHNP,EQ,EQ_OBJ,read
4867,0,what's the word?,1.0,-NONE-ABAR-WH-,T,WH,NP,NP,OBJ,OBJ,WHNP-1-<INANIM>,WHNP,MQ,MQ_OBJ,
4870,0,will I smile about it when I laugh?,1.0,-NONE-ABAR-RC-,T,RC,ADVP,ADVP,ADJUNCT,ADJUNCT,WHADVP-1,WHADVP,EQ,EQ_ADJUNCT,smile
4871,0,what do you mean?,1.0,-NONE-ABAR-WH-,T,WH,NP,NP,OBJ,OBJ,WHNP-1-<INANIM>-<PATIENT-V1>,WHNP,MQ,MQ_OBJ,
4890,0,because that's something that hasn't developed.,1.0,-NONE-ABAR-RC-,T,RC,NP,NP,SUBJ,SUBJ,WHNP-1-<INANIM>-<THEME-V1>,WHNP,RC,RC_SUBJ,
4900,0,you tell him how it tastes.,1.0,-NONE-ABAR-WH-,T,WH,ADVP,ADVP,ADJUNCT,ADJUNCT,WHADVP-1,WHADVP,EQ,EQ_ADJUNCT,tell
4903,0,who is going to become a spider?,1.0,-NONE-ABAR-WH-,T,WH,NP-2,NP,SUBJ,SUBJ,WHNP-1-<ANIM>-<THEME-V1>,WHNP,MQ,MQ_SUBJ,
4908,0,there's a little boy over there who is sick who needs to be,1.0,-NONE-ABAR-RC-,T,RC,NP,NP,SUBJ,SUBJ,WHNP-1-<ANIM>,WHNP,RC,RC_SUBJ,
4908,1,there's a little boy over there who is sick who needs to be,2.0,-NONE-ABAR-RC-,T,RC,NP-3,NP,SUBJ,SUBJ,WHNP-2-<ANIM>,WHNP,RC,RC_SUBJ,
4916,0,"well, what was wrong with him?",1.0,-NONE-ABAR-WH-,T,WH,NP,NP,SUBJ,SUBJ,WHNP-1-<INANIM>,WHNP,MQ,MQ_SUBJ,
4925,0,how much do I have to pay?,1.0,-NONE-ABAR-WH-,T,WH,NP,NP,OBJ,OBJ,WHNP-1-<INANIM>-<PATIENT-V1>,WHNP,MQ,MQ_OBJ,
4938,0,how many did you get out?,1.0,-NONE-ABAR-WH-,T,WH,NP,NP,OBJ,OBJ,WHNP-1-<INANIM>-<PATIENT-V1>,WHNP,MQ,MQ_OBJ,
4939,0,let's see how much you have.,1.0,-NONE-ABAR-WH-,T,WH,NP,NP,OBJ,OBJ,WHNP-1-<INANIM>-<THEME-V3>,WHNP,EQ,EQ_OBJ,see
4951,0,"what germ are you checking now, Doctor?",1.0,-NONE-ABAR-WH-,T,WH,NP,NP,OBJ,OBJ,WHNP-1-<INANIM>-<PATIENT-V1>,WHNP,MQ,MQ_OBJ,
4970,0,what am I going to be?,1.0,-NONE-ABAR-WH-,T,WH,NP,NP,OBJ,OBJ,WHNP-1-<INANIM>,WHNP,MQ,MQ_OBJ,
4971,0,where is Hans?,1.0,-NONE-ABAR-WH-,T,WH,ADVP,ADVP,ADJUNCT,ADJUNCT,WHADVP-1,WHADVP,MQ,MQ_ADJUNCT,
4972,0,why don't you go get Hans and examine him?,1.0,-NONE-ABAR-WH-,T,WH,ADVP,ADVP,ADJUNCT,ADJUNCT,WHADVP-1,WHADVP,MQ,MQ_ADJUNCT,
4989,0,what are you?,1.0,-NONE-ABAR-WH-,T,WH,NP,NP,OBJ,OBJ,WHNP-1-<INANIM>,WHNP,MQ,MQ_OBJ,
4997,0,what do you think they are?,1.0,-NONE-ABAR-WH-,T,WH,NP,NP,OBJ,OBJ,WHNP-1-<INANIM>,WHNP,EQ,EQ_OBJ,think
4999,0,when you give Christmas presents you write the name of the person too,2.0,-NONE-ABAR-RC-,T,RC,ADVP,ADVP,ADJUNCT,ADJUNCT,WHADVP-2,WHADVP,EQ,EQ_ADJUNCT,
5002,0,what does he have in his hand?,1.0,-NONE-ABAR-WH-,T,WH,NP,NP,OBJ,OBJ,WHNP-1-<INANIM>-<THEME-V1>,WHNP,MQ,MQ_OBJ,
5004,0,what are those?,1.0,-NONE-ABAR-WH-,T,WH,NP,NP,OBJ,OBJ,WHNP-1-<INANIM>,WHNP,MQ,MQ_OBJ,
5009,0,he's going around looking to see if he can find some good little,,,,POLAR,,,,POLAR,,,EQ,EQ_POLAR,see
5010,0,"Adam, you didn't ask Ursula if you could open that.",,,,POLAR,,,,POLAR,,,EQ,EQ_POLAR,ask
5015,0,it's a puzzle *NULL* you know.,1.0,-NONE-ABAR-RC-,T,RC,NP,NP,OBJ,OBJ,WHNP-1-<INANIM>-<SUBJMATT-V1>,WHNP,RC,RC_OBJ,
5019,0,why don't we take this up and you look and see if that's right.,,,,POLAR,,,,POLAR,,,EQ,EQ_POLAR,see
5019,1,why don't we take this up and you look and see if that's right.,1.0,-NONE-ABAR-WH-,T,WH,ADVP,ADVP,ADJUNCT,ADJUNCT,WHADVP-1,WHADVP,EQ,EQ_ADJUNCT,
5020,0,see if those are in the right place.,,,,POLAR,,,,POLAR,,,EQ,EQ_POLAR,see
5021,0,what do you think goes there?,1.0,-NONE-ABAR-WH-,T,WH,NP,NP,SUBJ,SUBJ,WHNP-1-<INANIM>-<THEME-V2>,WHNP,MQ,MQ_SUBJ,
5026,0,where do you think that goes?,1.0,-NONE-ABAR-WH-,T,WH,ADVP,ADVP,ADJUNCT,ADJUNCT,WHADVP-1,WHADVP,EQ,EQ_ADJUNCT,think
5028,0,now look at it and see if you can find where it goes.,,,,POLAR,,,,POLAR,,,EQ,EQ_POLAR,see
5028,1,now look at it and see if you can find where it goes.,1.0,-NONE-ABAR-RC-,T,RC,ADVP,ADVP,ADJUNCT,ADJUNCT,WHADVP-1,WHADVP,EQ,EQ_ADJUNCT,find
5031,0,do you see one that might look like a half moon?,1.0,-NONE-ABAR-RC-,T,RC,NP,NP,SUBJ,SUBJ,WHNP-1-<INANIM>-<CAUSER-V2>,WHNP,RC,RC_SUBJ,
5034,0,"well, is that the way *NULL* it goes?",1.0,-NONE-ABAR-WH-,T,WH,ADVP,ADVP,ADJUNCT,ADJUNCT,WHADVP-1,WHADVP,EQ,EQ_ADJUNCT,goes
5038,0,what do you think it looks like?,1.0,-NONE-ABAR-WH-,T,WH,NP,NP,OBJ,OBJ,WHNP-1-<INANIM>-<SUBJMATT-V2>,WHNP,EQ,EQ_OBJ,think
5046,0,whatever it is there must be two.,2.0,-NONE-ABAR-RC-,T,RC,NP,NP,OBJ,OBJ,WHNP-2-<INANIM>,WHNP,EQ,EQ_OBJ,
5049,0,what do you think they are?,1.0,-NONE-ABAR-WH-,T,WH,NP,NP,OBJ,OBJ,WHNP-1-<INANIM>,WHNP,EQ,EQ_OBJ,think
5054,0,"oh, I wonder what this is.",1.0,-NONE-ABAR-WH-,T,WH,NP,NP,OBJ,OBJ,WHNP-1-<INANIM>,WHNP,EQ,EQ_OBJ,wonder
5056,0,I see two shapes that look just like that.,1.0,-NONE-ABAR-RC-,T,RC,NP,NP,SUBJ,SUBJ,WHNP-1-<INANIM>-<CAUSER-V2>,WHNP,RC,RC_SUBJ,
5059,0,you put it where you think it goes.,1.0,-NONE-ABAR-RC-,T,RC,ADVP,ADVP,ADJUNCT,ADJUNCT,WHADVP-1,WHADVP,EQ,EQ_ADJUNCT,think
5067,0,is that where it goes?,1.0,-NONE-ABAR-WH-,T,WH,ADVP,ADVP,ADJUNCT,ADJUNCT,WHADVP-1,WHADVP,EQ,EQ_ADJUNCT,goes
5068,0,here's something *NULL* we didn't take out.,1.0,-NONE-ABAR-RC-,T,RC,NP,NP,OBJ,OBJ,WHNP-1-<INANIM>-<PATIENT-V1>,WHNP,RC,RC_OBJ,
5091,0,"well, that's his suit that he wears to keep him warm and that's",1.0,-NONE-ABAR-RC-,T,RC,NP,NP,OBJ,OBJ,WHNP-1-<INANIM>-<PATIENT-V1>,WHNP,RC,RC_OBJ,
5104,0,where do you think it goes?,1.0,-NONE-ABAR-WH-,T,WH,ADVP,ADVP,ADJUNCT,ADJUNCT,WHADVP-1,WHADVP,EQ,EQ_ADJUNCT,think
5110,0,"yes, that you step on.",1.0,-NONE-ABAR-RC-,T,RC,NP,NP,OBJ,OBJ,WHNP-1-<INANIM>-<LOC-V1>,WHNP,EQ,EQ_OBJ,
5133,0,"oh, why did you put those in your doctor kit?",1.0,-NONE-ABAR-WH-,T,WH,ADVP,ADVP,ADJUNCT,ADJUNCT,WHADVP-1,WHADVP,MQ,MQ_ADJUNCT,
5139,0,did you tell Ursula what we did yesterday?,1.0,-NONE-ABAR-WH-,T,WH,NP,NP,OBJ,OBJ,WHNP-1-<INANIM>-<THEME-V2>,WHNP,EQ,EQ_OBJ,tell
5141,0,where did we go?,1.0,-NONE-ABAR-WH-,T,WH,ADVP,ADVP,ADJUNCT,ADJUNCT,WHADVP-1,WHADVP,MQ,MQ_ADJUNCT,
5143,0,and what did we do outside?,1.0,-NONE-ABAR-WH-,T,WH,NP,NP,OBJ,OBJ,WHNP-1-<INANIM>-<THEME-V1>,WHNP,EQ,EQ_OBJ,
5145,0,where did we go?,1.0,-NONE-ABAR-WH-,T,WH,ADVP,ADVP,ADJUNCT,ADJUNCT,WHADVP-1,WHADVP,MQ,MQ_ADJUNCT,
5148,0,"what did the story say about sharing last night, Adam?",1.0,-NONE-ABAR-WH-,T,WH,NP,NP,OBJ,OBJ,WHNP-1-<INANIM>-<PATIENT-V1>,WHNP,MQ,MQ_OBJ,
5153,0,"no, not if he's careful.",,,,POLAR,,,,POLAR,,,EQ,EQ_POLAR,
5161,0,show Paul how it goes.,1.0,-NONE-ABAR-WH-,T,WH,ADVP,ADVP,ADJUNCT,ADJUNCT,WHADVP-1,WHADVP,EQ,EQ_ADJUNCT,show
5177,0,where's a lobster?,1.0,-NONE-ABAR-WH-,T,WH,ADVP,ADVP,ADJUNCT,ADJUNCT,WHADVP-1,WHADVP,MQ,MQ_ADJUNCT,
5181,0,"what did Daddy say about throwing that ball, Adam?",1.0,-NONE-ABAR-WH-,T,WH,NP,NP,OBJ,OBJ,WHNP-1-<INANIM>-<PATIENT-V1>,WHNP,MQ,MQ_OBJ,
5182,0,"no, he said he wanted to find the ball right where he put it.",1.0,-NONE-ABAR-RC-,T,RC,ADVP,ADVP,ADJUNCT,ADJUNCT,WHADVP-1,WHADVP,EQ,EQ_ADJUNCT,find
5186,0,why are you taking him apart?,1.0,-NONE-ABAR-WH-,T,WH,ADVP,ADVP,ADJUNCT,ADJUNCT,WHADVP-1,WHADVP,MQ,MQ_ADJUNCT,
5191,0,he needs two ears so he can hear what you're saying and a nose for,1.0,-NONE-ABAR-RC-,T,RC,NP,NP,OBJ,OBJ,WHNP-1-<INANIM>-<PATIENT-V3>,WHNP,EQ,EQ_OBJ,hear
5197,0,where are they?,1.0,-NONE-ABAR-WH-,T,WH,ADVP,ADVP,ADJUNCT,ADJUNCT,WHADVP-1,WHADVP,MQ,MQ_ADJUNCT,
5203,0,you didn't tell Ursula yet where you went yesterday.,1.0,-NONE-ABAR-WH-,T,WH,ADVP,ADVP,ADJUNCT,ADJUNCT,WHADVP-1,WHADVP,EQ,EQ_ADJUNCT,tell
5205,0,where were you?,1.0,-NONE-ABAR-WH-,T,WH,ADVP,ADVP,ADJUNCT,ADJUNCT,WHADVP-1,WHADVP,MQ,MQ_ADJUNCT,
5209,0,what did the dentist say to you?,1.0,-NONE-ABAR-WH-,T,WH,NP,NP,OBJ,OBJ,WHNP-1-<INANIM>-<PATIENT-V1>,WHNP,MQ,MQ_OBJ,
5210,0,what did she tell you?,1.0,-NONE-ABAR-WH-,T,WH,NP,NP,OBJ,OBJ,WHNP-1-<INANIM>-<PATIENT-V1>,WHNP,MQ,MQ_OBJ,
5218,0,what do you think it might be?,1.0,-NONE-ABAR-WH-,T,WH,NP,NP,OBJ,OBJ,WHNP-1-<INANIM>,WHNP,EQ,EQ_OBJ,think
5219,0,what is that?,1.0,-NONE-ABAR-WH-,T,WH,NP,NP,OBJ,OBJ,WHNP-1-<INANIM>,WHNP,MQ,MQ_OBJ,
5221,0,what was that?,1.0,-NONE-ABAR-WH-,T,WH,NP,NP,OBJ,OBJ,WHNP-1-<INANIM>,WHNP,MQ,MQ_OBJ,
5223,0,and what lives in there?,1.0,-NONE-ABAR-WH-,T,WH,NP,NP,SUBJ,SUBJ,WHNP-1-<INANIM>-<THEME-V1>,WHNP,EQ,EQ_SUBJ,
5224,0,what lives in that house?,1.0,-NONE-ABAR-WH-,T,WH,NP,NP,SUBJ,SUBJ,WHNP-1-<INANIM>-<THEME-V1>,WHNP,MQ,MQ_SUBJ,
5232,0,what is your problem?,1.0,-NONE-ABAR-WH-,T,WH,NP,NP,OBJ,OBJ,WHNP-1-<INANIM>,WHNP,MQ,MQ_OBJ,
5235,0,when you step on things you break them.,2.0,-NONE-ABAR-RC-,T,RC,ADVP,ADVP,ADJUNCT,ADJUNCT,WHADVP-2,WHADVP,EQ,EQ_ADJUNCT,
5237,0,let's see if it still stands up.,,,,POLAR,,,,POLAR,,,EQ,EQ_POLAR,see
5238,0,what are those?,1.0,-NONE-ABAR-WH-,T,WH,NP,NP,OBJ,OBJ,WHNP-1-<INANIM>,WHNP,MQ,MQ_OBJ,
5241,0,what does he sell?,1.0,-NONE-ABAR-WH-,T,WH,NP,NP,OBJ,OBJ,WHNP-1-<INANIM>-<PATIENT-V1>,WHNP,MQ,MQ_OBJ,
5242,0,what does he sell?,1.0,-NONE-ABAR-WH-,T,WH,NP,NP,OBJ,OBJ,WHNP-1-<INANIM>-<PATIENT-V1>,WHNP,MQ,MQ_OBJ,
5251,0,where're you going with the wagon?,1.0,-NONE-ABAR-WH-,T,WH,ADVP,ADVP,ADJUNCT,ADJUNCT,WHADVP-1,WHADVP,MQ,MQ_ADJUNCT,
5263,0,where does it go?,1.0,-NONE-ABAR-WH-,T,WH,ADVP,ADVP,ADJUNCT,ADJUNCT,WHADVP-1,WHADVP,MQ,MQ_ADJUNCT,
5272,0,"oh, what happens after it goes down there?",1.0,-NONE-ABAR-WH-,T,WH,NP,NP,SUBJ,SUBJ,WHNP-1-<INANIM>-<THEME-V1>,WHNP,MQ,MQ_SUBJ,
5285,0,what is he doing?,1.0,-NONE-ABAR-WH-,T,WH,NP,NP,OBJ,OBJ,WHNP-1-<INANIM>-<THEME-V1>,WHNP,MQ,MQ_OBJ,
5289,0,"oh yes, if you put it down.",,,,POLAR,,,,POLAR,,,EQ,EQ_POLAR,
5291,0,ask Ursula what his name is.,1.0,-NONE-ABAR-WH-,T,WH,NP,NP,OBJ,OBJ,WHNP-1-<INANIM>,WHNP,EQ,EQ_OBJ,ask
5302,0,what happened to it?,1.0,-NONE-ABAR-WH-,T,WH,NP,NP,SUBJ,SUBJ,WHNP-1-<INANIM>-<THEME-V1>,WHNP,MQ,MQ_SUBJ,
5306,0,what happens when you catch them?,1.0,-NONE-ABAR-WH-,T,WH,NP,NP,SUBJ,SUBJ,WHNP-1-<INANIM>-<THEME-V1>,WHNP,MQ,MQ_SUBJ,
5306,1,what happens when you catch them?,2.0,-NONE-ABAR-RC-,T,RC,ADVP,ADVP,ADJUNCT,ADJUNCT,WHADVP-2,WHADVP,EQ,EQ_ADJUNCT,happens
5308,0,if you blow gently I think you'll get more.,,,,POLAR,,,,POLAR,,,EQ,EQ_POLAR,
5310,0,why don't you hold it?,1.0,-NONE-ABAR-WH-,T,WH,ADVP,ADVP,ADJUNCT,ADJUNCT,WHADVP-1,WHADVP,MQ,MQ_ADJUNCT,
5314,0,if you want to.,,,,POLAR,,,,POLAR,,,EQ,EQ_POLAR,
5315,0,"now, what if you blow them up in the air?",,,,POLAR,,,,POLAR,,,EQ,EQ_POLAR,
5323,0,"Adam, we'll have to put it up if you put it in your mouth again.",,,,POLAR,,,,POLAR,,,EQ,EQ_POLAR,put
5331,0,"no, Adam, we cann't play with it any more if you're going to",,,,POLAR,,,,POLAR,,,EQ,EQ_POLAR,play
5337,0,what's happening?,1.0,-NONE-ABAR-WH-,T,WH,NP,NP,SUBJ,SUBJ,WHNP-1-<INANIM>-<THEME-V1>,WHNP,MQ,MQ_SUBJ,
5344,0,is the ball *NULL* you were speaking of in the box with the bowling pin?,1.0,-NONE-ABAR-RC-,T,RC,NP,NP,OBJ,OBJ,WHNP-1-<INANIM>-<PATIENT-V1>,WHNP,RC,RC_OBJ,
5345,0,"well, go see if it looks like that.",,,,POLAR,,,,POLAR,,,EQ,EQ_POLAR,see
5347,0,why would you do that?,1.0,-NONE-ABAR-WH-,T,WH,ADVP,ADVP,ADJUNCT,ADJUNCT,WHADVP-1,WHADVP,MQ,MQ_ADJUNCT,
5351,0,how did you lose yourself?,1.0,-NONE-ABAR-WH-,T,WH,ADVP,ADVP,ADJUNCT,ADJUNCT,WHADVP-1,WHADVP,MQ,MQ_ADJUNCT,
5352,0,why do you say Ursula's words?,1.0,-NONE-ABAR-WH-,T,WH,ADVP,ADVP,ADJUNCT,ADJUNCT,WHADVP-1,WHADVP,MQ,MQ_ADJUNCT,
5353,0,what's that?,1.0,-NONE-ABAR-WH-,T,WH,NP,NP,OBJ,OBJ,WHNP-1-<INANIM>,WHNP,MQ,MQ_OBJ,
5358,0,what color is that?,1.0,-NONE-ABAR-WH-,T,WH,NP,NP,OBJ,OBJ,WHNP-1-<INANIM>,WHNP,MQ,MQ_OBJ,
5361,0,what color is that ball in your hand?,1.0,-NONE-ABAR-WH-,T,WH,NP,NP,OBJ,OBJ,WHNP-1-<INANIM>,WHNP,MQ,MQ_OBJ,
5365,0,because that's the way *NULL* to play the game.,1.0,-NONE-ABAR-RC-,T,RC,ADVP,ADVP,ADJUNCT,ADJUNCT,WHADVP-1,WHADVP,EQ,EQ_ADJUNCT,play
5367,0,look at all of your and see if you have one that matches.,,,,POLAR,,,,POLAR,,,EQ,EQ_POLAR,see
5367,1,look at all of your and see if you have one that matches.,1.0,-NONE-ABAR-RC-,T,RC,NP,NP,SUBJ,SUBJ,WHNP-1-<INANIM>-<THEME-V3>,WHNP,RC,RC_SUBJ,
5373,0,"why don't you make what you want, and I'll make what I want.",2.0,-NONE-ABAR-RC-,T,RC,NP,NP,OBJ,OBJ,WHNP-2-<INANIM>-<SUBJMATT-V2>,WHNP,EQ,EQ_OBJ,make
5373,1,"why don't you make what you want, and I'll make what I want.",1.0,-NONE-ABAR-WH-,T,WH,ADVP,ADVP,ADJUNCT,ADJUNCT,WHADVP-1,WHADVP,EQ,EQ_ADJUNCT,
5373,2,"why don't you make what you want, and I'll make what I want.",3.0,-NONE-ABAR-RC-,T,RC,NP,NP,OBJ,OBJ,WHNP-3-<INANIM>-<SUBJMATT-V4>,WHNP,EQ,EQ_OBJ,make
5377,0,what is it going to carry?,1.0,-NONE-ABAR-WH-,T,WH,NP,NP,OBJ,OBJ,WHNP-1-<INANIM>-<PATIENT-V1>,WHNP,MQ,MQ_OBJ,
5383,0,"what did you see at the pet shop, Adam?",1.0,-NONE-ABAR-WH-,T,WH,NP,NP,OBJ,OBJ,WHNP-1-<INANIM>-<SUBJMATT-V1>,WHNP,MQ,MQ_OBJ,
5389,0,what is your name?,1.0,-NONE-ABAR-WH-,T,WH,NP,NP,OBJ,OBJ,WHNP-1-<INANIM>,WHNP,MQ,MQ_OBJ,
5392,0,what else did you see?,1.0,-NONE-ABAR-WH-,T,WH,NP,NP,OBJ,OBJ,WHNP-1-<INANIM>-<SUBJMATT-V1>,WHNP,MQ,MQ_OBJ,
5402,0,what are you singing about?,1.0,-NONE-ABAR-WH-,T,WH,NP,NP,OBJ,OBJ,WHNP-1-<INANIM>,WHNP,MQ,MQ_OBJ,
5410,0,what did you do?,1.0,-NONE-ABAR-WH-,T,WH,NP,NP,OBJ,OBJ,WHNP-1-<INANIM>-<THEME-V1>,WHNP,MQ,MQ_OBJ,
5414,0,"I really don't know, Adam, if you want to be so specific.",,,,POLAR,,,,POLAR,,,EQ,EQ_POLAR,
5417,0,when you were playing upstairs.,1.0,-NONE-ABAR-RC-,T,RC,ADVP,ADVP,ADJUNCT,ADJUNCT,WHADVP-1,WHADVP,EQ,EQ_ADJUNCT,
5418,0,"I don't remember, what was in it.",1.0,-NONE-ABAR-WH-,T,WH,NP,NP,SUBJ,SUBJ,WHNP-1-<INANIM>,WHNP,MQ,MQ_SUBJ,
5419,0,why don't you let one of the Joes drive.,1.0,-NONE-ABAR-WH-,T,WH,ADVP,ADVP,ADJUNCT,ADJUNCT,WHADVP-1,WHADVP,MQ,MQ_ADJUNCT,
5423,0,and the other one *NULL* he says is just Joe.,1.0,-NONE-ABAR-RC-,T,RC,NP,NP,OBJ,OBJ,WHNP-1-<ANIM>-<PATIENT-V1>,WHNP,RC,RC_OBJ,
5442,0,what do you think it is?,1.0,-NONE-ABAR-WH-,T,WH,NP,NP,OBJ,OBJ,WHNP-1-<INANIM>,WHNP,EQ,EQ_OBJ,think
5443,0,what does it look like to you?,1.0,-NONE-ABAR-WH-,T,WH,NP,NP,OBJ,OBJ,WHNP-1-<INANIM>-<SUBJMATT-V1>,WHNP,MQ,MQ_OBJ,
5445,0,what does it taste like?,1.0,-NONE-ABAR-WH-,T,WH,NP,NP,OBJ,OBJ,WHNP-1-<INANIM>,WHNP,MQ,MQ_OBJ,
5446,0,what do banjos taste like?,1.0,-NONE-ABAR-WH-,T,WH,NP,NP,OBJ,OBJ,WHNP-1-<INANIM>,WHNP,MQ,MQ_OBJ,
5451,0,so who can see it?,1.0,-NONE-ABAR-WH-,T,WH,NP,NP,SUBJ,SUBJ,WHNP-1-<ANIM>-<EXPER-V1>,WHNP,EQ,EQ_SUBJ,
5453,0,I know what it looked like.,1.0,-NONE-ABAR-WH-,T,WH,NP,NP,OBJ,OBJ,WHNP-1-<INANIM>-<SUBJMATT-V2>,WHNP,EQ,EQ_OBJ,know
5457,0,why do you want to put it in your mouth?,1.0,-NONE-ABAR-WH-,T,WH,ADVP,ADVP,ADJUNCT,ADJUNCT,WHADVP-1,WHADVP,MQ,MQ_ADJUNCT,
5460,0,where're the firemen?,1.0,-NONE-ABAR-WH-,T,WH,ADVP,ADVP,ADJUNCT,ADJUNCT,WHADVP-1,WHADVP,MQ,MQ_ADJUNCT,
5463,0,now what happens?,1.0,-NONE-ABAR-WH-,T,WH,NP,NP,SUBJ,SUBJ,WHNP-1-<INANIM>-<THEME-V1>,WHNP,MQ,MQ_SUBJ,
5471,0,how many do you have?,1.0,-NONE-ABAR-WH-,T,WH,NP,NP,OBJ,OBJ,WHNP-1-<INANIM>-<THEME-V1>,WHNP,MQ,MQ_OBJ,
5473,0,where're they going?,1.0,-NONE-ABAR-WH-,T,WH,ADVP,ADVP,ADJUNCT,ADJUNCT,WHADVP-1,WHADVP,MQ,MQ_ADJUNCT,
5484,0,who's there?,1.0,-NONE-ABAR-WH-,T,WH,NP,NP,SUBJ,SUBJ,WHNP-1-<ANIM>,WHNP,MQ,MQ_SUBJ,
5493,0,when the ladder gets up there?,1.0,-NONE-ABAR-RC-,T,RC,ADVP,ADVP,ADJUNCT,ADJUNCT,WHADVP-1,WHADVP,EQ,EQ_ADJUNCT,
5508,0,did you tell Ursula where we went yesterday?,1.0,-NONE-ABAR-WH-,T,WH,ADVP,ADVP,ADJUNCT,ADJUNCT,WHADVP-1,WHADVP,EQ,EQ_ADJUNCT,tell
5509,0,you know where we went yesterday.,1.0,-NONE-ABAR-WH-,T,WH,ADVP,ADVP,ADJUNCT,ADJUNCT,WHADVP-1,WHADVP,EQ,EQ_ADJUNCT,know
5512,0,"where did you go, Adam?",1.0,-NONE-ABAR-WH-,T,WH,ADVP,ADVP,ADJUNCT,ADJUNCT,WHADVP-1,WHADVP,MQ,MQ_ADJUNCT,
5515,0,don't you remember where we went and what we saw?,1.0,-NONE-ABAR-WH-,T,WH,ADVP,ADVP,ADJUNCT,ADJUNCT,WHADVP-1,WHADVP,EQ,EQ_ADJUNCT,remember
5515,1,don't you remember where we went and what we saw?,2.0,-NONE-ABAR-WH-,T,WH,NP,NP,OBJ,OBJ,WHNP-2-<INANIM>-<SUBJMATT-V3>,WHNP,EQ,EQ_OBJ,went
5517,0,what else did we see?,1.0,-NONE-ABAR-WH-,T,WH,NP,NP,OBJ,OBJ,WHNP-1-<INANIM>-<SUBJMATT-V1>,WHNP,MQ,MQ_OBJ,
5518,0,"where were you, Adam?",1.0,-NONE-ABAR-WH-,T,WH,ADVP,ADVP,ADJUNCT,ADJUNCT,WHADVP-1,WHADVP,MQ,MQ_ADJUNCT,
5519,0,can you tell her what else you saw?,1.0,-NONE-ABAR-WH-,T,WH,NP,NP,OBJ,OBJ,WHNP-1-<INANIM>-<SUBJMATT-V2>,WHNP,EQ,EQ_OBJ,tell
5520,0,now that it's all fixed what else did you see?,3.0,-NONE-ABAR-WH-,T,WH,NP,NP,OBJ,OBJ,WHNP-3-<INANIM>-<SUBJMATT-V2>,WHNP,MQ,MQ_OBJ,
5523,0,he's too heavy for *NULL* Mommy to carry.,1.0,-NONE-ABAR-RC-,T,RC,NP,NP,OBJ,OBJ,WHNP-1-<ANIM>-<PATIENT-V1>,WHNP,EQ,EQ_OBJ,carry
5527,0,what I saw yesterday.,1.0,-NONE-ABAR-RC-,T,RC,NP,NP,OBJ,OBJ,WHNP-1-<INANIM>-<SUBJMATT-V1>,WHNP,EQ,EQ_OBJ,
5529,0,"well, tell us, what did you see?",1.0,-NONE-ABAR-WH-,T,WH,NP,NP,OBJ,OBJ,WHNP-1-<INANIM>-<SUBJMATT-V1>,WHNP,MQ,MQ_OBJ,
5536,0,"Paul, what did you see?",1.0,-NONE-ABAR-WH-,T,WH,NP,NP,OBJ,OBJ,WHNP-1-<INANIM>-<SUBJMATT-V1>,WHNP,MQ,MQ_OBJ,
5543,0,what's her name?,1.0,-NONE-ABAR-WH-,T,WH,NP,NP,OBJ,OBJ,WHNP-1-<INANIM>,WHNP,MQ,MQ_OBJ,
5549,0,what do you think the Doctor does when he's sick?,1.0,-NONE-ABAR-WH-,T,WH,NP,NP,OBJ,OBJ,WHNP-1-<INANIM>-<THEME-V2>,WHNP,EQ,EQ_OBJ,think
5549,1,what do you think the Doctor does when he's sick?,2.0,-NONE-ABAR-RC-,T,RC,ADVP,ADVP,ADJUNCT,ADJUNCT,WHADVP-2,WHADVP,EQ,EQ_ADJUNCT,does
5564,0,what does it say?,1.0,-NONE-ABAR-WH-,T,WH,NP,NP,OBJ,OBJ,WHNP-1-<INANIM>-<PATIENT-V1>,WHNP,MQ,MQ_OBJ,
5568,0,what shall I write?,1.0,-NONE-ABAR-WH-,T,WH,NP,NP,OBJ,OBJ,WHNP-1-<INANIM>-<PATIENT-V1>,WHNP,MQ,MQ_OBJ,
5569,0,here's something *NULL* to write on.,1.0,-NONE-ABAR-RC-,T,RC,NP,NP,OBJ,OBJ,WHNP-1-<INANIM>-<LOC-V1>,WHNP,RC,RC_OBJ,
5570,0,where did you put your pen?,1.0,-NONE-ABAR-WH-,T,WH,ADVP,ADVP,ADJUNCT,ADJUNCT,WHADVP-1,WHADVP,MQ,MQ_ADJUNCT,
5584,0,what is it now?,1.0,-NONE-ABAR-WH-,T,WH,NP,NP,OBJ,OBJ,WHNP-1-<INANIM>,WHNP,MQ,MQ_OBJ,
5596,0,what kind of a whale is that?,1.0,-NONE-ABAR-WH-,T,WH,NP,NP,OBJ,OBJ,WHNP-1-<INANIM>,WHNP,MQ,MQ_OBJ,
5601,0,who is that?,1.0,-NONE-ABAR-WH-,T,WH,NP,NP,OBJ,OBJ,WHNP-1-<ANIM>,WHNP,MQ,MQ_OBJ,
5604,0,where's Ducky_Lucky?,1.0,-NONE-ABAR-WH-,T,WH,ADVP,ADVP,ADJUNCT,ADJUNCT,WHADVP-1,WHADVP,MQ,MQ_ADJUNCT,
5607,0,"no, that's the ugly duckling who turned out to be what?",2.0,-NONE-ABAR-RC-,T,RC,NP-1,NP,SUBJ,SUBJ,WHNP-2-<ANIM>,WHNP,RC,RC_SUBJ,
5617,0,what did he find on his head?,1.0,-NONE-ABAR-WH-,T,WH,NP,NP,OBJ,OBJ,WHNP-1-<INANIM>-<PATIENT-V1>,WHNP,MQ,MQ_OBJ,
5618,0,"no, that's where the acorn hit him and he went to tell the king.",1.0,-NONE-ABAR-WH-,T,WH,ADVP,ADVP,ADJUNCT,ADJUNCT,WHADVP-1,WHADVP,EQ,EQ_ADJUNCT,hit
5619,0,what do you think?,1.0,-NONE-ABAR-WH-,T,WH,NP,NP,OBJ,OBJ,WHNP-1-<INANIM>-<SUBJMATT-V1>,WHNP,MQ,MQ_OBJ,
5621,0,who is Pokey_Wokey?,1.0,-NONE-ABAR-WH-,T,WH,NP,NP,OBJ,OBJ,WHNP-1-<ANIM>,WHNP,MQ,MQ_OBJ,
5624,0,but who is that?,1.0,-NONE-ABAR-WH-,T,WH,NP,NP,OBJ,OBJ,WHNP-1-<ANIM>,WHNP,EQ,EQ_OBJ,
5633,0,what is that?,1.0,-NONE-ABAR-WH-,T,WH,NP,NP,OBJ,OBJ,WHNP-1-<INANIM>,WHNP,MQ,MQ_OBJ,
5635,0,what do you think?,1.0,-NONE-ABAR-WH-,T,WH,NP,NP,OBJ,OBJ,WHNP-1-<INANIM>-<SUBJMATT-V1>,WHNP,MQ,MQ_OBJ,
5639,0,"no, what did you make?",1.0,-NONE-ABAR-WH-,T,WH,NP,NP,OBJ,OBJ,WHNP-1-<INANIM>-<PATIENT-V1>,WHNP,MQ,MQ_OBJ,
5644,0,"well, what is that on the back of the train?",1.0,-NONE-ABAR-WH-,T,WH,NP,NP,OBJ,OBJ,WHNP-1-<INANIM>,WHNP,MQ,MQ_OBJ,
5647,0,here's a piece of paper for *NULL* you to draw on.,1.0,-NONE-ABAR-RC-,T,RC,NP,NP,OBJ,OBJ,WHNP-1-<INANIM>-<LOC-V1>,WHNP,RC,RC_OBJ,
5655,0,why do we need two fish?,1.0,-NONE-ABAR-WH-,T,WH,ADVP,ADVP,ADJUNCT,ADJUNCT,WHADVP-1,WHADVP,MQ,MQ_ADJUNCT,
5665,0,you guess what it is.,1.0,-NONE-ABAR-WH-,T,WH,NP,NP,OBJ,OBJ,WHNP-1-<INANIM>,WHNP,EQ,EQ_OBJ,guess
5668,0,what do you think it's for?,1.0,-NONE-ABAR-WH-,T,WH,NP,NP,OBJ,OBJ,WHNP-1-<INANIM>,WHNP,EQ,EQ_OBJ,think
5671,0,what is that?,1.0,-NONE-ABAR-WH-,T,WH,NP,NP,OBJ,OBJ,WHNP-1-<INANIM>,WHNP,MQ,MQ_OBJ,
5679,0,that's what you call chalk.,1.0,-NONE-ABAR-RC-,T,RC,NP,NP,OBJ,OBJ,WHNP-1-<INANIM>-<THEME-V1>,WHNP,EQ,EQ_OBJ,call
5683,0,where's the box?,1.0,-NONE-ABAR-WH-,T,WH,ADVP,ADVP,ADJUNCT,ADJUNCT,WHADVP-1,WHADVP,MQ,MQ_ADJUNCT,
5690,0,where's the eraser?,1.0,-NONE-ABAR-WH-,T,WH,ADVP,ADVP,ADJUNCT,ADJUNCT,WHADVP-1,WHADVP,MQ,MQ_ADJUNCT,
5696,0,"oh, if you wish.",,,,POLAR,,,,POLAR,,,EQ,EQ_POLAR,
5699,0,what is that?,1.0,-NONE-ABAR-WH-,T,WH,NP,NP,OBJ,OBJ,WHNP-1-<INANIM>,WHNP,MQ,MQ_OBJ,
5706,0,"what're you looking for, Adam?",1.0,-NONE-ABAR-WH-,T,WH,NP,NP,OBJ,OBJ,WHNP-1-<INANIM>-<PATIENT-V1>,WHNP,MQ,MQ_OBJ,
5713,0,if you look down at the bottom of the bag there's something there,,,,POLAR,,,,POLAR,,,EQ,EQ_POLAR,
5715,0,I didn't hear you ask her if you could open that.,,,,POLAR,,,,POLAR,,,EQ,EQ_POLAR,ask
5717,0,"goodness, what do you think those are?",1.0,-NONE-ABAR-WH-,T,WH,NP,NP,OBJ,OBJ,WHNP-1-<INANIM>,WHNP,EQ,EQ_OBJ,think
5719,0,"oh, what do they go on?",1.0,-NONE-ABAR-WH-,T,WH,NP,NP,OBJ,OBJ,WHNP-1-<INANIM>-<GOAL-V1>,WHNP,MQ,MQ_OBJ,
5725,0,"well, why don't you see what you need for it first.",1.0,-NONE-ABAR-RC-,T,RC,NP,NP,OBJ,OBJ,WHNP-1-<INANIM>-<SUBJMATT-V2>,WHNP,EQ,EQ_OBJ,see
5725,1,"well, why don't you see what you need for it first.",2.0,-NONE-ABAR-WH-,T,WH,ADVP,ADVP,ADJUNCT,ADJUNCT,WHADVP-2,WHADVP,MQ,MQ_ADJUNCT,
5729,0,what is that?,1.0,-NONE-ABAR-WH-,T,WH,NP,NP,OBJ,OBJ,WHNP-1-<INANIM>,WHNP,MQ,MQ_OBJ,
5746,0,what do you think they might be?,1.0,-NONE-ABAR-WH-,T,WH,NP,NP,OBJ,OBJ,WHNP-1-<INANIM>,WHNP,EQ,EQ_OBJ,think
5756,0,he sees something back there that he would like to have.,1.0,-NONE-ABAR-RC-,T,RC,NP,NP,OBJ,OBJ,WHNP-1-<INANIM>-<THEME-V3>,WHNP,RC,RC_OBJ,
5758,0,the truck *NULL* you're driving.,1.0,-NONE-ABAR-RC-,T,RC,NP,NP,OBJ,OBJ,WHNP-1-<INANIM>-<PATIENT-V1>,WHNP,RC,RC_OBJ,
5763,0,"now, why don't you put some butter on the truck?",1.0,-NONE-ABAR-WH-,T,WH,ADVP,ADVP,ADJUNCT,ADJUNCT,WHADVP-1,WHADVP,MQ,MQ_ADJUNCT,
5767,0,"now, how're you going to put it on there like that?",1.0,-NONE-ABAR-WH-,T,WH,ADVP,ADVP,ADJUNCT,ADJUNCT,WHADVP-1,WHADVP,MQ,MQ_ADJUNCT,
5771,0,and if you cann't bring it I'll just have to get another milkman.,,,,POLAR,,,,POLAR,,,EQ,EQ_POLAR,
5772,0,"no, you don't have what I ordered.",1.0,-NONE-ABAR-RC-,T,RC,NP,NP,OBJ,OBJ,WHNP-1-<INANIM>-<PATIENT-V2>,WHNP,EQ,EQ_OBJ,have
5774,0,where's the milk?,1.0,-NONE-ABAR-WH-,T,WH,ADVP,ADVP,ADJUNCT,ADJUNCT,WHADVP-1,WHADVP,MQ,MQ_ADJUNCT,
5777,0,how do you think they go on the truck so they willn't tip over.,1.0,-NONE-ABAR-WH-,T,WH,ADVP,ADVP,ADJUNCT,ADJUNCT,WHADVP-1,WHADVP,EQ,EQ_ADJUNCT,think
5780,0,I don't want any butter that might fall off the truck.,1.0,-NONE-ABAR-RC-,T,RC,NP,NP,SUBJ,SUBJ,WHNP-1-<INANIM>-<THEME-V2>,WHNP,RC,RC_SUBJ,
5781,0,but you don't have what I asked for.,1.0,-NONE-ABAR-RC-,T,RC,NP,NP,OBJ,OBJ,WHNP-1-<INANIM>,WHNP,EQ,EQ_OBJ,have
5794,0,"what did you say, Adam?",1.0,-NONE-ABAR-WH-,T,WH,NP,NP,OBJ,OBJ,WHNP-1-<INANIM>-<PATIENT-V1>,WHNP,MQ,MQ_OBJ,
5795,0,where're you going to put my butter?,1.0,-NONE-ABAR-WH-,T,WH,ADVP,ADVP,ADJUNCT,ADJUNCT,WHADVP-1,WHADVP,MQ,MQ_ADJUNCT,
5809,0,"oh, now I know where this goes.",1.0,-NONE-ABAR-WH-,T,WH,ADVP,ADVP,ADJUNCT,ADJUNCT,WHADVP-1,WHADVP,EQ,EQ_ADJUNCT,know
5811,0,"oh, why would you do that?",1.0,-NONE-ABAR-WH-,T,WH,ADVP,ADVP,ADJUNCT,ADJUNCT,WHADVP-1,WHADVP,MQ,MQ_ADJUNCT,
5812,0,why don't you put the extra butter and eggs on here.,1.0,-NONE-ABAR-WH-,T,WH,ADVP,ADVP,ADJUNCT,ADJUNCT,WHADVP-1,WHADVP,MQ,MQ_ADJUNCT,
5818,0,"now, do you know what these are?",1.0,-NONE-ABAR-WH-,T,WH,NP,NP,OBJ,OBJ,WHNP-1-<INANIM>,WHNP,EQ,EQ_OBJ,know
5820,0,people who want milk and butter and eggs.,1.0,-NONE-ABAR-RC-,T,RC,NP,NP,SUBJ,SUBJ,WHNP-1-<ANIM>-<EXPER-V1>,WHNP,RC,RC_SUBJ,
5834,0,that's where you keep your milk.,1.0,-NONE-ABAR-WH-,T,WH,ADVP,ADVP,ADJUNCT,ADJUNCT,WHADVP-1,WHADVP,EQ,EQ_ADJUNCT,keep
5840,0,where's the boat and where's the sail?,1.0,-NONE-ABAR-WH-,T,WH,ADVP,ADVP,ADJUNCT,ADJUNCT,WHADVP-1,WHADVP,EQ,EQ_ADJUNCT,
5840,1,where's the boat and where's the sail?,2.0,-NONE-ABAR-WH-,T,WH,ADVP,ADVP,ADJUNCT,ADJUNCT,WHADVP-2,WHADVP,EQ,EQ_ADJUNCT,
5843,0,what do you mean?,1.0,-NONE-ABAR-WH-,T,WH,NP,NP,OBJ,OBJ,WHNP-1-<INANIM>-<PATIENT-V1>,WHNP,MQ,MQ_OBJ,
5846,0,"yes, that's what Paul did.",1.0,-NONE-ABAR-WH-,T,WH,NP,NP,OBJ,OBJ,WHNP-1-<INANIM>-<THEME-V1>,WHNP,EQ,EQ_OBJ,did
5847,0,do you remember what Paul calls you?,1.0,-NONE-ABAR-WH-,T,WH,NP,NP,OBJ,OBJ,WHNP-1-<INANIM>-<PATIENT-V2>,WHNP,EQ,EQ_OBJ,remember
5848,0,what does he call you?,1.0,-NONE-ABAR-WH-,T,WH,NP,NP,OBJ,OBJ,WHNP-1-<INANIM>-<PATIENT-V1>,WHNP,MQ,MQ_OBJ,
5850,0,"no, what does he call you?",1.0,-NONE-ABAR-WH-,T,WH,NP,NP,OBJ,OBJ,WHNP-1-<INANIM>-<PATIENT-V1>,WHNP,MQ,MQ_OBJ,
5851,0,"no, what does he call you?",1.0,-NONE-ABAR-WH-,T,WH,NP,NP,OBJ,OBJ,WHNP-1-<INANIM>-<PATIENT-V1>,WHNP,MQ,MQ_OBJ,
5867,0,why cann't I?,1.0,-NONE-ABAR-WH-,T,WH,ADVP,ADVP,ADJUNCT,ADJUNCT,WHADVP-1,WHADVP,MQ,MQ_ADJUNCT,
5884,0,where're you going to put those?,1.0,-NONE-ABAR-WH-,T,WH,ADVP,ADVP,ADJUNCT,ADJUNCT,WHADVP-1,WHADVP,MQ,MQ_ADJUNCT,
5885,0,where does what go?,1.0,-NONE-ABAR-WH-,T,WH,ADVP,ADVP,ADJUNCT,ADJUNCT,WHADVP-1,WHADVP,MQ,MQ_ADJUNCT,
5886,0,what is it?,1.0,-NONE-ABAR-WH-,T,WH,NP,NP,OBJ,OBJ,WHNP-1-<INANIM>,WHNP,MQ,MQ_OBJ,
5921,0,see if you can put it on top of there.,,,,POLAR,,,,POLAR,,,EQ,EQ_POLAR,see
5922,0,"what's that attached to your belt, Adam?",2.0,-NONE-ABAR-WH-,T,WH,NP-1,NP,ADJUNCT,ADJUNCT,WHNP-2-<INANIM>-<PATIENT-V1>,WHNP,MQ,MQ_ADJUNCT,
5945,0,"no, I don't know what delfc means.",1.0,-NONE-ABAR-WH-,T,WH,NP,NP,OBJ,OBJ,WHNP-1-<INANIM>-<SUBJMATT-V2>,WHNP,EQ,EQ_OBJ,know
5946,0,what does it mean?,1.0,-NONE-ABAR-WH-,T,WH,NP,NP,OBJ,OBJ,WHNP-1-<INANIM>-<SUBJMATT-V1>,WHNP,MQ,MQ_OBJ,
5948,0,"hi, how are you?",1.0,-NONE-ABAR-WH-,T,WH,ADVP,ADVP,ADJUNCT,ADJUNCT,WHADVP-1,WHADVP,MQ,MQ_ADJUNCT,
5949,0,what's that?,1.0,-NONE-ABAR-WH-,T,WH,NP,NP,OBJ,OBJ,WHNP-1-<INANIM>,WHNP,MQ,MQ_OBJ,
5953,0,what're you smiling about?,1.0,-NONE-ABAR-WH-,T,WH,NP,NP,OBJ,OBJ,WHNP-1-<INANIM>,WHNP,MQ,MQ_OBJ,
5958,0,what is one half milk?,1.0,-NONE-ABAR-WH-,T,WH,NP,NP,OBJ,OBJ,WHNP-1-<INANIM>,WHNP,MQ,MQ_OBJ,
5959,0,how do you get one half milk?,1.0,-NONE-ABAR-WH-,T,WH,ADVP,ADVP,ADJUNCT,ADJUNCT,WHADVP-1,WHADVP,MQ,MQ_ADJUNCT,
5960,0,how can I have half a quart of milk?,1.0,-NONE-ABAR-WH-,T,WH,ADVP,ADVP,ADJUNCT,ADJUNCT,WHADVP-1,WHADVP,MQ,MQ_ADJUNCT,
5970,0,"now, how can you give me one half?",1.0,-NONE-ABAR-WH-,T,WH,ADVP,ADVP,ADJUNCT,ADJUNCT,WHADVP-1,WHADVP,MQ,MQ_ADJUNCT,
5979,0,can you tell Ursula some of the things that you did in nursery,1.0,-NONE-ABAR-RC-,T,RC,NP,NP,OBJ,OBJ,WHNP-1-<INANIM>-<THEME-V2>,WHNP,RC,RC_OBJ,
5982,0,are these things *NULL* to ride on at the nursery school?,1.0,-NONE-ABAR-RC-,T,RC,NP,NP,OBJ,OBJ,WHNP-1-<INANIM>-<LOC-V1>,WHNP,RC,RC_OBJ,
5986,0,how do you ride on them then?,1.0,-NONE-ABAR-WH-,T,WH,ADVP,ADVP,ADJUNCT,ADJUNCT,WHADVP-1,WHADVP,MQ,MQ_ADJUNCT,
5990,0,you don't know where your dozen be?,1.0,-NONE-ABAR-WH-,T,WH,ADVP,ADVP,ADJUNCT,ADJUNCT,WHADVP-1,WHADVP,EQ,EQ_ADJUNCT,know
5998,0,didn't you paint those things that you made in clay?,1.0,-NONE-ABAR-RC-,T,RC,NP,NP,OBJ,OBJ,WHNP-1-<INANIM>-<PATIENT-V2>,WHNP,RC,RC_OBJ,
6006,0,you mean when you're having your lunch?,1.0,-NONE-ABAR-RC-,T,RC,ADVP,ADVP,ADJUNCT,ADJUNCT,WHADVP-1,WHADVP,EQ,EQ_ADJUNCT,mean
6007,0,what else do you sing?,1.0,-NONE-ABAR-WH-,T,WH,NP,NP,OBJ,OBJ,WHNP-1-<INANIM>-<PATIENT-V1>,WHNP,MQ,MQ_OBJ,
6013,0,the man who called this morning.,1.0,-NONE-ABAR-RC-,T,RC,NP,NP,SUBJ,SUBJ,WHNP-1-<ANIM>-<AGENT-V1>,WHNP,RC,RC_SUBJ,
6026,0,how much butter do you think the children might need?,1.0,-NONE-ABAR-WH-,T,WH,NP,NP,OBJ,OBJ,WHNP-1-<INANIM>-<SUBJMATT-V2>,WHNP,EQ,EQ_OBJ,think
6063,0,where're you going?,1.0,-NONE-ABAR-WH-,T,WH,ADVP,ADVP,ADJUNCT,ADJUNCT,WHADVP-1,WHADVP,MQ,MQ_ADJUNCT,
6070,0,"oh, what is that in the Jeep?",1.0,-NONE-ABAR-WH-,T,WH,NP,NP,OBJ,OBJ,WHNP-1-<INANIM>,WHNP,MQ,MQ_OBJ,
6084,0,"oh, Adam, what is that?",1.0,-NONE-ABAR-WH-,T,WH,NP,NP,OBJ,OBJ,WHNP-1-<INANIM>,WHNP,MQ,MQ_OBJ,
6086,0,what do you think the string is for?,1.0,-NONE-ABAR-WH-,T,WH,NP,NP,OBJ,OBJ,WHNP-1-<INANIM>,WHNP,EQ,EQ_OBJ,think
6087,0,for what you do?,1.0,-NONE-ABAR-RC-,T,RC,NP,NP,OBJ,OBJ,WHNP-1-<INANIM>-<THEME-V1>,WHNP,EQ,EQ_OBJ,
6090,0,what do I think it is for?,1.0,-NONE-ABAR-WH-,T,WH,NP,NP,OBJ,OBJ,WHNP-1-<INANIM>,WHNP,EQ,EQ_OBJ,think
6093,0,what do you think it is for?,1.0,-NONE-ABAR-WH-,T,WH,NP,NP,OBJ,OBJ,WHNP-1-<INANIM>,WHNP,EQ,EQ_OBJ,think
6096,0,what do you think he's doing now?,1.0,-NONE-ABAR-WH-,T,WH,NP,NP,OBJ,OBJ,WHNP-1-<INANIM>-<THEME-V2>,WHNP,EQ,EQ_OBJ,think
6107,0,what are all those things behind you there?,1.0,-NONE-ABAR-WH-,T,WH,NP,NP,OBJ,OBJ,WHNP-1-<INANIM>,WHNP,MQ,MQ_OBJ,
6130,0,what do you think he's saying?,1.0,-NONE-ABAR-WH-,T,WH,NP,NP,OBJ,OBJ,WHNP-1-<INANIM>-<PATIENT-V1>,WHNP,EQ,EQ_OBJ,think
6131,0,what do owls say?,1.0,-NONE-ABAR-WH-,T,WH,NP,NP,OBJ,OBJ,WHNP-1-<INANIM>-<PATIENT-V1>,WHNP,MQ,MQ_OBJ,
6145,0,what is it?,1.0,-NONE-ABAR-WH-,T,WH,NP,NP,OBJ,OBJ,WHNP-1-<INANIM>,WHNP,MQ,MQ_OBJ,
6150,0,what is it?,1.0,-NONE-ABAR-WH-,T,WH,NP,NP,OBJ,OBJ,WHNP-1-<INANIM>,WHNP,MQ,MQ_OBJ,
6153,0,what shall we play?,1.0,-NONE-ABAR-WH-,T,WH,NP,NP,OBJ,OBJ,WHNP-1-<INANIM>-<THEME-V1>,WHNP,MQ,MQ_OBJ,
6158,0,what kind of flowers do you like?,1.0,-NONE-ABAR-WH-,T,WH,NP,NP,OBJ,OBJ,WHNP-1-<INANIM>-<SUBJMATT-V1>,WHNP,MQ,MQ_OBJ,
6163,0,now what happens?,1.0,-NONE-ABAR-WH-,T,WH,NP,NP,SUBJ,SUBJ,WHNP-1-<INANIM>-<THEME-V1>,WHNP,MQ,MQ_SUBJ,
6167,0,what does the jeep do?,1.0,-NONE-ABAR-WH-,T,WH,NP,NP,OBJ,OBJ,WHNP-1-<INANIM>-<THEME-V1>,WHNP,MQ,MQ_OBJ,
6181,0,I didn't know what it was.,1.0,-NONE-ABAR-WH-,T,WH,NP,NP,OBJ,OBJ,WHNP-1-<INANIM>,WHNP,EQ,EQ_OBJ,know
6186,0,dat how it goes.,1.0,-NONE-ABAR-RC-,T,RC,ADVP,ADVP,ADJUNCT,ADJUNCT,WHADVP-1,WHADVP,EQ,EQ_ADJUNCT,
6194,0,"what's a nervous driver, Adam?",1.0,-NONE-ABAR-WH-,T,WH,NP,NP,OBJ,OBJ,WHNP-1-<INANIM>,WHNP,MQ,MQ_OBJ,
6199,0,did you tell Ursula what a nervous driver is?,1.0,-NONE-ABAR-WH-,T,WH,NP,NP,OBJ,OBJ,WHNP-1-<INANIM>,WHNP,EQ,EQ_OBJ,tell
6203,0,"oh, what do you have to keep it for?",1.0,-NONE-ABAR-WH-,T,WH,NP,NP,OBJ,OBJ,WHNP-1-<INANIM>,WHNP,MQ,MQ_OBJ,
6204,0,"oh, where're you going?",1.0,-NONE-ABAR-WH-,T,WH,ADVP,ADVP,ADJUNCT,ADJUNCT,WHADVP-1,WHADVP,MQ,MQ_ADJUNCT,
6206,0,"oh, where do you work?",1.0,-NONE-ABAR-WH-,T,WH,ADVP,ADVP,ADJUNCT,ADJUNCT,WHADVP-1,WHADVP,MQ,MQ_ADJUNCT,
6209,0,where do we work?,1.0,-NONE-ABAR-WH-,T,WH,ADVP,ADVP,ADJUNCT,ADJUNCT,WHADVP-1,WHADVP,MQ,MQ_ADJUNCT,
6220,0,that's the box *NULL* they put the food in?,1.0,-NONE-ABAR-RC-,T,RC,NP,NP,OBJ,OBJ,WHNP-1-<INANIM>-<GOAL-V1>,WHNP,RC,RC_OBJ,
6231,0,"oh, what kind of church is that?",1.0,-NONE-ABAR-WH-,T,WH,NP,NP,OBJ,OBJ,WHNP-1-<INANIM>,WHNP,MQ,MQ_OBJ,
6232,0,dat where you work.,1.0,-NONE-ABAR-WH-,T,WH,ADVP,ADVP,ADJUNCT,ADJUNCT,WHADVP-1,WHADVP,EQ,EQ_ADJUNCT,
6243,0,and why are you taking my garage?,1.0,-NONE-ABAR-WH-,T,WH,ADVP,ADVP,ADJUNCT,ADJUNCT,WHADVP-1,WHADVP,EQ,EQ_ADJUNCT,
6275,0,do you know what that is?,1.0,-NONE-ABAR-WH-,T,WH,NP,NP,OBJ,OBJ,WHNP-1-<INANIM>,WHNP,EQ,EQ_OBJ,know
6277,0,what is it?,1.0,-NONE-ABAR-WH-,T,WH,NP,NP,OBJ,OBJ,WHNP-1-<INANIM>,WHNP,MQ,MQ_OBJ,
6281,0,what do you think it looks like?,1.0,-NONE-ABAR-WH-,T,WH,NP,NP,OBJ,OBJ,WHNP-1-<INANIM>-<SUBJMATT-V2>,WHNP,EQ,EQ_OBJ,think
6289,0,did you tell Ursula what happened in the barber shop?,1.0,-NONE-ABAR-RC-,T,RC,NP,NP,SUBJ,SUBJ,WHNP-1-<INANIM>-<THEME-V2>,WHNP,EQ,EQ_SUBJ,tell
6290,0,what happened?,1.0,-NONE-ABAR-WH-,T,WH,NP,NP,SUBJ,SUBJ,WHNP-1-<INANIM>-<THEME-V1>,WHNP,MQ,MQ_SUBJ,
6292,0,what happened in the barber shop?,1.0,-NONE-ABAR-WH-,T,WH,NP,NP,SUBJ,SUBJ,WHNP-1-<INANIM>-<THEME-V1>,WHNP,MQ,MQ_SUBJ,
6297,0,what are you looking for?,1.0,-NONE-ABAR-WH-,T,WH,NP,NP,OBJ,OBJ,WHNP-1-<INANIM>-<PATIENT-V1>,WHNP,MQ,MQ_OBJ,
6299,0,"oh, what's that?",1.0,-NONE-ABAR-WH-,T,WH,NP,NP,OBJ,OBJ,WHNP-1-<INANIM>,WHNP,MQ,MQ_OBJ,
6302,0,that you just put in.,1.0,-NONE-ABAR-RC-,T,RC,NP,NP,OBJ,OBJ,WHNP-1-<INANIM>-<PATIENT-V1>,WHNP,EQ,EQ_OBJ,
6307,0,what is that?,1.0,-NONE-ABAR-WH-,T,WH,NP,NP,OBJ,OBJ,WHNP-1-<INANIM>,WHNP,MQ,MQ_OBJ,
6317,0,Adam wants Ursula to see if you can walk.,,,,POLAR,,,,POLAR,,,EQ,EQ_POLAR,see
6325,0,what can he say?,1.0,-NONE-ABAR-WH-,T,WH,NP,NP,OBJ,OBJ,WHNP-1-<INANIM>-<PATIENT-V1>,WHNP,MQ,MQ_OBJ,
6339,0,why is it easier to do it that way?,1.0,-NONE-ABAR-WH-,T,WH,ADVP,ADVP,ADJUNCT,ADJUNCT,WHADVP-1,WHADVP,MQ,MQ_ADJUNCT,
6347,0,do you remember what you told Mommy about this?,1.0,-NONE-ABAR-RC-,T,RC,NP,NP,OBJ,OBJ,WHNP-1-<INANIM>-<THEME-V2>,WHNP,EQ,EQ_OBJ,remember
6356,0,"what're you going to do with that, Paul?",1.0,-NONE-ABAR-WH-,T,WH,NP,NP,OBJ,OBJ,WHNP-1-<INANIM>-<THEME-V1>,WHNP,MQ,MQ_OBJ,
6363,0,you might be able to see what you write better if you use that.,,,,POLAR,,,,POLAR,,,EQ,EQ_POLAR,write
6363,1,you might be able to see what you write better if you use that.,1.0,-NONE-ABAR-RC-,T,RC,NP,NP,OBJ,OBJ,WHNP-1-<INANIM>-<PATIENT-V2>,WHNP,EQ,EQ_OBJ,see
6364,0,I don't understand why you want that.,1.0,-NONE-ABAR-WH-,T,WH,ADVP,ADVP,ADJUNCT,ADJUNCT,WHADVP-1,WHADVP,EQ,EQ_ADJUNCT,understand
6376,0,"oh, what do bugs like to eat?",1.0,-NONE-ABAR-WH-,T,WH,NP,NP,OBJ,OBJ,WHNP-1-<INANIM>-<PATIENT-V2>,WHNP,MQ,MQ_OBJ,
6377,0,who is Michael?,1.0,-NONE-ABAR-WH-,T,WH,NP,NP,OBJ,OBJ,WHNP-1-<ANIM>,WHNP,MQ,MQ_OBJ,
6381,0,how are you doing with it?,1.0,-NONE-ABAR-WH-,T,WH,ADVP,ADVP,ADJUNCT,ADJUNCT,WHADVP-1,WHADVP,MQ,MQ_ADJUNCT,
6393,0,"Paul, why don't you come over here.",1.0,-NONE-ABAR-WH-,T,WH,ADVP,ADVP,ADJUNCT,ADJUNCT,WHADVP-1,WHADVP,MQ,MQ_ADJUNCT,
6404,0,"what is this, Adam?",1.0,-NONE-ABAR-WH-,T,WH,NP,NP,OBJ,OBJ,WHNP-1-<INANIM>,WHNP,MQ,MQ_OBJ,
6407,0,when does Walt Disney come on?,1.0,-NONE-ABAR-WH-,T,WH,ADVP,ADVP,ADJUNCT,ADJUNCT,WHADVP-1,WHADVP,MQ,MQ_ADJUNCT,
6426,0,what else happened?,1.0,-NONE-ABAR-WH-,T,WH,NP,NP,SUBJ,SUBJ,WHNP-1-<INANIM>-<THEME-V1>,WHNP,MQ,MQ_SUBJ,
6429,0,what was it?,1.0,-NONE-ABAR-WH-,T,WH,NP,NP,OBJ,OBJ,WHNP-1-<INANIM>,WHNP,MQ,MQ_OBJ,
6434,0,why are you doing that?,1.0,-NONE-ABAR-WH-,T,WH,ADVP,ADVP,ADJUNCT,ADJUNCT,WHADVP-1,WHADVP,MQ,MQ_ADJUNCT,
6435,0,is that the way *NULL* you dash away?,1.0,-NONE-ABAR-RC-,T,RC,ADVP,ADVP,ADJUNCT,ADJUNCT,WHADVP-1,WHADVP,EQ,EQ_ADJUNCT,dash
6437,0,what are you eating?,1.0,-NONE-ABAR-WH-,T,WH,NP,NP,OBJ,OBJ,WHNP-1-<INANIM>-<PATIENT-V1>,WHNP,MQ,MQ_OBJ,
6439,0,why are you eating an apple?,1.0,-NONE-ABAR-WH-,T,WH,ADVP,ADVP,ADJUNCT,ADJUNCT,WHADVP-1,WHADVP,MQ,MQ_ADJUNCT,
6445,0,do you know what that is?,1.0,-NONE-ABAR-WH-,T,WH,NP,NP,OBJ,OBJ,WHNP-1-<INANIM>,WHNP,EQ,EQ_OBJ,know
6447,0,"no, do you know what this spells?",1.0,-NONE-ABAR-WH-,T,WH,NP,NP,OBJ,OBJ,WHNP-1-<INANIM>-<PATIENT-V2>,WHNP,EQ,EQ_OBJ,know
6449,0,what does that spell?,1.0,-NONE-ABAR-WH-,T,WH,NP,NP,OBJ,OBJ,WHNP-1-<INANIM>-<PATIENT-V1>,WHNP,MQ,MQ_OBJ,
6451,0,what does that spell?,1.0,-NONE-ABAR-WH-,T,WH,NP,NP,OBJ,OBJ,WHNP-1-<INANIM>-<PATIENT-V1>,WHNP,MQ,MQ_OBJ,
6456,0,let's see if I can find enough letters to spell your name.,,,,POLAR,,,,POLAR,,,EQ,EQ_POLAR,see
6461,0,whose glove is that?,1.0,-NONE-ABAR-WH-,T,WH,NP,NP,OBJ,OBJ,WHNP-1-<INANIM>,WHNP,MQ,MQ_OBJ,
6466,0,who said your gloves were pretty?,1.0,-NONE-ABAR-WH-,T,WH,NP,NP,SUBJ,SUBJ,WHNP-1-<ANIM>-<AGENT-V1>,WHNP,MQ,MQ_SUBJ,
6475,0,what is that?,1.0,-NONE-ABAR-WH-,T,WH,NP,NP,OBJ,OBJ,WHNP-1-<INANIM>,WHNP,MQ,MQ_OBJ,
6479,0,what does a snail do?,1.0,-NONE-ABAR-WH-,T,WH,NP,NP,OBJ,OBJ,WHNP-1-<INANIM>-<THEME-V1>,WHNP,MQ,MQ_OBJ,
6483,0,where is four?,1.0,-NONE-ABAR-WH-,T,WH,ADVP,ADVP,ADJUNCT,ADJUNCT,WHADVP-1,WHADVP,MQ,MQ_ADJUNCT,
6484,0,what do you mean?,1.0,-NONE-ABAR-WH-,T,WH,NP,NP,OBJ,OBJ,WHNP-1-<INANIM>-<PATIENT-V1>,WHNP,MQ,MQ_OBJ,
6491,0,how is what?,1.0,-NONE-ABAR-WH-,T,WH,ADVP,ADVP,ADJUNCT,ADJUNCT,WHADVP-1,WHADVP,MQ,MQ_ADJUNCT,
6493,0,"oh, why don't you go get some?",1.0,-NONE-ABAR-WH-,T,WH,ADVP,ADVP,ADJUNCT,ADJUNCT,WHADVP-1,WHADVP,MQ,MQ_ADJUNCT,
6495,0,what do you mean channel four stops on two.,1.0,-NONE-ABAR-WH-,T,WH,NP,NP,OBJ,OBJ,WHNP-1-<INANIM>-<PATIENT-V1>,WHNP,MQ,MQ_OBJ,
6496,0,why are you hiding behind there?,1.0,-NONE-ABAR-WH-,T,WH,ADVP,ADVP,ADJUNCT,ADJUNCT,WHADVP-1,WHADVP,MQ,MQ_ADJUNCT,
6498,0,what goes next?,1.0,-NONE-ABAR-WH-,T,WH,NP,NP,SUBJ,SUBJ,WHNP-1-<INANIM>-<THEME-V1>,WHNP,MQ,MQ_SUBJ,
6500,0,what is that?,1.0,-NONE-ABAR-WH-,T,WH,NP,NP,OBJ,OBJ,WHNP-1-<INANIM>,WHNP,MQ,MQ_OBJ,
6506,0,what does vl sound like?,1.0,-NONE-ABAR-WH-,T,WH,NP,NP,OBJ,OBJ,WHNP-1-<INANIM>-<SUBJMATT-V1>,WHNP,MQ,MQ_OBJ,
6508,0,do you know what that sounds like?,1.0,-NONE-ABAR-WH-,T,WH,NP,NP,OBJ,OBJ,WHNP-1-<INANIM>-<SUBJMATT-V2>,WHNP,EQ,EQ_OBJ,know
6514,0,what do you think it is?,1.0,-NONE-ABAR-WH-,T,WH,NP,NP,OBJ,OBJ,WHNP-1-<INANIM>,WHNP,EQ,EQ_OBJ,think
6518,0,why are you putting your head on the dresser?,1.0,-NONE-ABAR-WH-,T,WH,ADVP,ADVP,ADJUNCT,ADJUNCT,WHADVP-1,WHADVP,MQ,MQ_ADJUNCT,
6524,0,what colors do you have?,1.0,-NONE-ABAR-WH-,T,WH,NP,NP,OBJ,OBJ,WHNP-1-<INANIM>-<THEME-V1>,WHNP,MQ,MQ_OBJ,
6529,0,if you leave the box there then we'll know where it is.,,,,POLAR,,,,POLAR,,,EQ,EQ_POLAR,
6529,1,if you leave the box there then we'll know where it is.,1.0,-NONE-ABAR-WH-,T,WH,ADVP,ADVP,ADJUNCT,ADJUNCT,WHADVP-1,WHADVP,EQ,EQ_ADJUNCT,know
6532,0,what did you see on television last night?,1.0,-NONE-ABAR-WH-,T,WH,NP,NP,OBJ,OBJ,WHNP-1-<INANIM>-<SUBJMATT-V1>,WHNP,MQ,MQ_OBJ,
6540,0,do you know why those people wanted to go see the wizard?,1.0,-NONE-ABAR-WH-,T,WH,ADVP,ADVP,ADJUNCT,ADJUNCT,WHADVP-1,WHADVP,EQ,EQ_ADJUNCT,know
6544,0,do you know what the lion wanted?,1.0,-NONE-ABAR-WH-,T,WH,NP,NP,OBJ,OBJ,WHNP-1-<INANIM>-<SUBJMATT-V2>,WHNP,EQ,EQ_OBJ,know
6574,0,the same way *NULL* you put it together.,1.0,-NONE-ABAR-RC-,T,RC,ADVP,ADVP,ADJUNCT,ADJUNCT,WHADVP-1,WHADVP,RC,RC_ADJUNCT,
6576,0,why don't you leave it together?,1.0,-NONE-ABAR-WH-,T,WH,ADVP,ADVP,ADJUNCT,ADJUNCT,WHADVP-1,WHADVP,MQ,MQ_ADJUNCT,
6584,0,it's what you call a Sky_Dart.,1.0,-NONE-ABAR-RC-,T,RC,NP,NP,OBJ,OBJ,WHNP-1-<INANIM>-<THEME-V1>,WHNP,EQ,EQ_OBJ,call
6585,0,that's why the wings aren't straight.,1.0,-NONE-ABAR-RC-,T,RC,ADVP,ADVP,ADJUNCT,ADJUNCT,WHADVP-1,WHADVP,EQ,EQ_ADJUNCT,
6596,0,which part don't you like?,1.0,-NONE-ABAR-WH-,T,WH,NP,NP,OBJ,OBJ,WHNP-1-<INANIM>-<SUBJMATT-V1>,WHNP,MQ,MQ_OBJ,
6607,0,"well, he likes it but he doesn't know how to handle it carefully.",1.0,-NONE-ABAR-WH-,T,WH,ADVP,ADVP,ADJUNCT,ADJUNCT,WHADVP-1,WHADVP,EQ,EQ_ADJUNCT,know
6610,0,see how the band is being twisted?,1.0,-NONE-ABAR-RC-,T,RC,ADVP,ADVP,ADJUNCT,ADJUNCT,WHADVP-1,WHADVP,EQ,EQ_ADJUNCT,see
6612,0,what are those?,1.0,-NONE-ABAR-WH-,T,WH,NP,NP,OBJ,OBJ,WHNP-1-<INANIM>,WHNP,MQ,MQ_OBJ,
6619,0,I guess when it hits the floor it hits so hard that it falls off.,1.0,-NONE-ABAR-WH-,T,WH,ADVP,ADVP,ADJUNCT,ADJUNCT,WHADVP-1,WHADVP,EQ,EQ_ADJUNCT,guess
6622,0,that's the place *NULL* to attach the dart to the propeller.,2.0,-NONE-ABAR-RC-,T,RC,ADVP,ADVP,ADJUNCT,ADJUNCT,WHADVP-2,WHADVP,RC,RC_ADJUNCT,
6626,0,why did it think that?,1.0,-NONE-ABAR-WH-,T,WH,ADVP,ADVP,ADJUNCT,ADJUNCT,WHADVP-1,WHADVP,MQ,MQ_ADJUNCT,
6630,0,Paul wouldn't know what to do with an airplane.,1.0,-NONE-ABAR-WH-,T,WH,NP,NP,OBJ,OBJ,WHNP-1-<INANIM>-<THEME-V2>,WHNP,EQ,EQ_OBJ,know
6633,0,"oh yes, when it snaps.",1.0,-NONE-ABAR-RC-,T,RC,ADVP,ADVP,ADJUNCT,ADJUNCT,WHADVP-1,WHADVP,EQ,EQ_ADJUNCT,
6644,0,who made it?,1.0,-NONE-ABAR-WH-,T,WH,NP,NP,SUBJ,SUBJ,WHNP-1-<ANIM>-<AGENT-V1>,WHNP,MQ,MQ_SUBJ,
6647,0,a little boy *NULL* named George.,1.0,-NONE-ABAR-RC-,T,RC,NP-2,NP,SUBJ,SUBJ,WHNP-1-<ANIM>-<THEME-V1>,WHNP,RC,RC_SUBJ,
6648,0,and he had a sister *NULL* named what?,1.0,-NONE-ABAR-RC-,T,RC,NP-2,NP,SUBJ,SUBJ,WHNP-1-<ANIM>-<THEME-V2>,WHNP,RC,RC_SUBJ,
6663,0,pick the one *NULL* you dropped on the floor up.,1.0,-NONE-ABAR-RC-,T,RC,NP,NP,OBJ,OBJ,WHNP-1-<INANIM>-<PATIENT-V2>,WHNP,RC,RC_OBJ,
6664,0,what do you think that is?,1.0,-NONE-ABAR-WH-,T,WH,NP,NP,OBJ,OBJ,WHNP-1-<INANIM>,WHNP,EQ,EQ_OBJ,think
6673,0,I don't know why the black should be on the yellow.,1.0,-NONE-ABAR-WH-,T,WH,ADVP,ADVP,ADJUNCT,ADJUNCT,WHADVP-1,WHADVP,EQ,EQ_ADJUNCT,know
6681,0,what are you going to do with it?,1.0,-NONE-ABAR-WH-,T,WH,NP,NP,OBJ,OBJ,WHNP-1-<INANIM>-<THEME-V1>,WHNP,MQ,MQ_OBJ,
6690,0,why would you want to break them?,1.0,-NONE-ABAR-WH-,T,WH,ADVP,ADVP,ADJUNCT,ADJUNCT,WHADVP-1,WHADVP,MQ,MQ_ADJUNCT,
6699,0,where did you magic them to?,1.0,-NONE-ABAR-WH-,T,WH,ADVP,ADVP,ADJUNCT,ADJUNCT,WHADVP-1,WHADVP,MQ,MQ_ADJUNCT,
6701,0,who has to leave and get them?,1.0,-NONE-ABAR-WH-,T,WH,NP-2,NP,SUBJ,SUBJ,WHNP-1-<ANIM>-<AGENT-V1>-<AGENT-V2>,WHNP,MQ,MQ_SUBJ,
6705,0,"well, I need my bricks if I have to build my building.",,,,POLAR,,,,POLAR,,,EQ,EQ_POLAR,need
6726,0,"Paul, Adam wants to know if you can say airplane.",,,,POLAR,,,,POLAR,,,EQ,EQ_POLAR,know
6733,0,"no, why would you take it apart?",1.0,-NONE-ABAR-WH-,T,WH,ADVP,ADVP,ADJUNCT,ADJUNCT,WHADVP-1,WHADVP,MQ,MQ_ADJUNCT,
6747,0,now how can you fly the Sky_Dart?,1.0,-NONE-ABAR-WH-,T,WH,ADVP,ADVP,ADJUNCT,ADJUNCT,WHADVP-1,WHADVP,MQ,MQ_ADJUNCT,
6752,0,now what do I do?,1.0,-NONE-ABAR-WH-,T,WH,NP,NP,OBJ,OBJ,WHNP-1-<INANIM>-<THEME-V1>,WHNP,MQ,MQ_OBJ,
6778,0,is that what he's doing?,1.0,-NONE-ABAR-RC-,T,RC,NP,NP,OBJ,OBJ,WHNP-1-<INANIM>-<THEME-V1>,WHNP,EQ,EQ_OBJ,doing
6794,0,what do you suppose this is?,1.0,-NONE-ABAR-WH-,T,WH,NP,NP,OBJ,OBJ,WHNP-1-<INANIM>,WHNP,EQ,EQ_OBJ,suppose
6801,0,that's the way *NULL* he fights.,1.0,-NONE-ABAR-RC-,T,RC,ADVP,ADVP,ADJUNCT,ADJUNCT,WHADVP-1,WHADVP,RC,RC_ADJUNCT,
6802,0,that's the way *NULL* he has to get his food.,2.0,-NONE-ABAR-RC-,T,RC,ADVP,ADVP,ADJUNCT,ADJUNCT,WHADVP-2,WHADVP,RC,RC_ADJUNCT,
6803,0,if he's in a cage.,,,,POLAR,,,,POLAR,,,EQ,EQ_POLAR,
6814,0,"well, that's part of the dress that some people wear.",1.0,-NONE-ABAR-RC-,T,RC,NP,NP,OBJ,OBJ,WHNP-1-<INANIM>-<PATIENT-V1>,WHNP,RC,RC_OBJ,
6832,0,what time is it?,1.0,-NONE-ABAR-WH-,T,WH,NP,NP,OBJ,OBJ,WHNP-1-<INANIM>,WHNP,MQ,MQ_OBJ,
6835,0,you come over here and let me see if you can tell time.,,,,POLAR,,,,POLAR,,,EQ,EQ_POLAR,see
6837,0,what time is it now?,1.0,-NONE-ABAR-WH-,T,WH,NP,NP,OBJ,OBJ,WHNP-1-<INANIM>,WHNP,MQ,MQ_OBJ,
6849,0,what do you mean?,1.0,-NONE-ABAR-WH-,T,WH,NP,NP,OBJ,OBJ,WHNP-1-<INANIM>-<PATIENT-V1>,WHNP,MQ,MQ_OBJ,
6850,0,what do you mean?,1.0,-NONE-ABAR-WH-,T,WH,NP,NP,OBJ,OBJ,WHNP-1-<INANIM>-<PATIENT-V1>,WHNP,MQ,MQ_OBJ,
6856,0,what kind of things would you put in it?,1.0,-NONE-ABAR-WH-,T,WH,NP,NP,OBJ,OBJ,WHNP-1-<INANIM>-<PATIENT-V1>,WHNP,MQ,MQ_OBJ,
6859,0,what are you catching?,1.0,-NONE-ABAR-WH-,T,WH,NP,NP,OBJ,OBJ,WHNP-1-<INANIM>-<PATIENT-V1>,WHNP,MQ,MQ_OBJ,
6860,0,what kind of fish did you catch?,1.0,-NONE-ABAR-WH-,T,WH,NP,NP,OBJ,OBJ,WHNP-1-<INANIM>-<PATIENT-V1>,WHNP,MQ,MQ_OBJ,
6864,0,what kind of fish is this?,1.0,-NONE-ABAR-WH-,T,WH,NP,NP,OBJ,OBJ,WHNP-1-<INANIM>,WHNP,MQ,MQ_OBJ,
6872,0,why do you think they don't?,1.0,-NONE-ABAR-WH-,T,WH,ADVP,ADVP,ADJUNCT,ADJUNCT,WHADVP-1,WHADVP,EQ,EQ_ADJUNCT,think
6878,0,why don't you put it some place so that you willn't forget it.,1.0,-NONE-ABAR-WH-,T,WH,ADVP,ADVP,ADJUNCT,ADJUNCT,WHADVP-1,WHADVP,MQ,MQ_ADJUNCT,
6883,0,what else shall we have for supper?,1.0,-NONE-ABAR-WH-,T,WH,NP,NP,OBJ,OBJ,WHNP-1-<INANIM>-<PATIENT-V1>,WHNP,MQ,MQ_OBJ,
6889,0,what would I like from the store?,1.0,-NONE-ABAR-WH-,T,WH,NP,NP,OBJ,OBJ,WHNP-1-<INANIM>-<SUBJMATT-V1>,WHNP,MQ,MQ_OBJ,
6900,0,"Adam, why don't you show Ursula what you did yesterday?",2.0,-NONE-ABAR-WH-,T,WH,NP,NP,OBJ,OBJ,WHNP-2-<INANIM>-<THEME-V2>,WHNP,EQ,EQ_OBJ,show
6900,1,"Adam, why don't you show Ursula what you did yesterday?",1.0,-NONE-ABAR-WH-,T,WH,ADVP,ADVP,ADJUNCT,ADJUNCT,WHADVP-1,WHADVP,MQ,MQ_ADJUNCT,
6918,0,what kind of soup did you buy for me?,1.0,-NONE-ABAR-WH-,T,WH,NP,NP,OBJ,OBJ,WHNP-1-<INANIM>-<PATIENT-V1>,WHNP,MQ,MQ_OBJ,
6921,0,what was it?,1.0,-NONE-ABAR-WH-,T,WH,NP,NP,OBJ,OBJ,WHNP-1-<INANIM>,WHNP,MQ,MQ_OBJ,
6923,0,"oh, did Paul say what was it?",1.0,-NONE-ABAR-WH-,T,WH,NP,NP,OBJ,OBJ,WHNP-1-<INANIM>,WHNP,EQ,EQ_OBJ,say
6924,0,"no, I said what was it.",1.0,-NONE-ABAR-WH-,T,WH,NP,NP,OBJ,OBJ,WHNP-1-<INANIM>,WHNP,EQ,EQ_OBJ,said
6930,0,what do you have on your neck?,1.0,-NONE-ABAR-WH-,T,WH,NP,NP,OBJ,OBJ,WHNP-1-<INANIM>-<THEME-V1>,WHNP,MQ,MQ_OBJ,
6934,0,how're you going *T*-2 to get it off if I put it on?,,,,POLAR,,,,POLAR,,,EQ,EQ_POLAR,get
6934,1,how're you going *T*-2 to get it off if I put it on?,1.0,-NONE-ABAR-WH-,T,WH,ADVP,ADVP,ADJUNCT,ADJUNCT,WHADVP-1,WHADVP,MQ,MQ_ADJUNCT,
6936,0,what did you forget?,1.0,-NONE-ABAR-WH-,T,WH,NP,NP,OBJ,OBJ,WHNP-1-<INANIM>-<PATIENT-V1>,WHNP,MQ,MQ_OBJ,
6937,0,is that what he did?,1.0,-NONE-ABAR-RC-,T,RC,NP,NP,OBJ,OBJ,WHNP-1-<INANIM>-<THEME-V1>,WHNP,EQ,EQ_OBJ,did
6938,0,did he ever remember what he forgot?,1.0,-NONE-ABAR-RC-,T,RC,NP,NP,OBJ,OBJ,WHNP-1-<INANIM>-<PATIENT-V2>,WHNP,EQ,EQ_OBJ,remember
6941,0,what do I have to do right now?,1.0,-NONE-ABAR-WH-,T,WH,NP,NP,OBJ,OBJ,WHNP-1-<INANIM>-<THEME-V1>,WHNP,MQ,MQ_OBJ,
6942,0,what do you have to do?,1.0,-NONE-ABAR-WH-,T,WH,NP,NP,OBJ,OBJ,WHNP-1-<INANIM>-<THEME-V1>,WHNP,MQ,MQ_OBJ,
6943,0,what're you going to cook for supper tonight?,1.0,-NONE-ABAR-WH-,T,WH,NP,NP,OBJ,OBJ,WHNP-1-<INANIM>-<PATIENT-V1>,WHNP,MQ,MQ_OBJ,
6946,0,why don't you use the other part of the shelf there for a stove?,1.0,-NONE-ABAR-WH-,T,WH,ADVP,ADVP,ADJUNCT,ADJUNCT,WHADVP-1,WHADVP,MQ,MQ_ADJUNCT,
6949,0,how do you cook macaroni?,1.0,-NONE-ABAR-WH-,T,WH,ADVP,ADVP,ADJUNCT,ADJUNCT,WHADVP-1,WHADVP,MQ,MQ_ADJUNCT,
6950,0,how do you cook it?,1.0,-NONE-ABAR-WH-,T,WH,ADVP,ADVP,ADJUNCT,ADJUNCT,WHADVP-1,WHADVP,MQ,MQ_ADJUNCT,
6963,0,why do you call those sunglasses?,1.0,-NONE-ABAR-WH-,T,WH,ADVP,ADVP,ADJUNCT,ADJUNCT,WHADVP-1,WHADVP,MQ,MQ_ADJUNCT,
6968,0,you have sunglasses that she gave you.,1.0,-NONE-ABAR-RC-,T,RC,NP,NP,OBJ,OBJ,WHNP-1-<INANIM>-<PATIENT-V2>,WHNP,RC,RC_OBJ,
6971,0,why do you think she looks like a raccoon with the glasses on?,1.0,-NONE-ABAR-WH-,T,WH,ADVP,ADVP,ADJUNCT,ADJUNCT,WHADVP-1,WHADVP,MQ,MQ_ADJUNCT,
6974,0,we saw a puppy in the pet shop that had spots around his eyes.,1.0,-NONE-ABAR-RC-,T,RC,NP,NP,SUBJ,SUBJ,WHNP-1-<ANIM>-<POSSESS-V2>,WHNP,RC,RC_SUBJ,
6982,0,did you tell Ursula why you call a scarecrow a scarecrow?,1.0,-NONE-ABAR-WH-,T,WH,ADVP,ADVP,ADJUNCT,ADJUNCT,WHADVP-1,WHADVP,EQ,EQ_ADJUNCT,tell
6994,0,where's the other part?,1.0,-NONE-ABAR-WH-,T,WH,ADVP,ADVP,ADJUNCT,ADJUNCT,WHADVP-1,WHADVP,MQ,MQ_ADJUNCT,
6996,0,why does the other part leave?,1.0,-NONE-ABAR-WH-,T,WH,ADVP,ADVP,ADJUNCT,ADJUNCT,WHADVP-1,WHADVP,MQ,MQ_ADJUNCT,
6997,0,that's the way *NULL* a rocket blasts off.,1.0,-NONE-ABAR-RC-,T,RC,ADVP,ADVP,ADJUNCT,ADJUNCT,WHADVP-1,WHADVP,RC,RC_ADJUNCT,
6999,0,what was his name?,1.0,-NONE-ABAR-WH-,T,WH,NP,NP,OBJ,OBJ,WHNP-1-<INANIM>,WHNP,MQ,MQ_OBJ,
7001,0,then what will I keep my food in?,1.0,-NONE-ABAR-WH-,T,WH,NP,NP,OBJ,OBJ,WHNP-1-<INANIM>-<LOC-V1>,WHNP,MQ,MQ_OBJ,
7003,0,"well, if I keep butter on the shelf it will melt, will it?",,,,POLAR,,,,POLAR,,,EQ,EQ_POLAR,
7014,0,I don't have anything *NULL* to put water in right now.,1.0,-NONE-ABAR-RC-,T,RC,NP,NP,OBJ,OBJ,WHNP-1-<INANIM>-<GOAL-V2>,WHNP,RC,RC_OBJ,
7023,0,what's a space boat?,1.0,-NONE-ABAR-WH-,T,WH,NP,NP,OBJ,OBJ,WHNP-1-<INANIM>,WHNP,MQ,MQ_OBJ,
7024,0,"no, what was that that we watched?",2.0,-NONE-ABAR-RC-,T,RC,NP,NP,OBJ,OBJ,WHNP-2-<INANIM>-<PATIENT-V1>,WHNP,RC,RC_OBJ,
7024,1,"no, what was that that we watched?",1.0,-NONE-ABAR-WH-,T,WH,NP,NP,OBJ,OBJ,WHNP-1-<INANIM>,WHNP,MQ,MQ_OBJ,
7026,0,and where are they going?,1.0,-NONE-ABAR-WH-,T,WH,ADVP,ADVP,ADJUNCT,ADJUNCT,WHADVP-1,WHADVP,EQ,EQ_ADJUNCT,
7027,0,"oh, what is he doing out in the sailboat anyway?",1.0,-NONE-ABAR-WH-,T,WH,NP,NP,OBJ,OBJ,WHNP-1-<INANIM>-<THEME-V1>,WHNP,MQ,MQ_OBJ,
7028,0,that's not where they live?,1.0,-NONE-ABAR-RC-,T,RC,ADVP,ADVP,ADJUNCT,ADJUNCT,WHADVP-1,WHADVP,EQ,EQ_ADJUNCT,live
7039,0,where's the oar?,1.0,-NONE-ABAR-WH-,T,WH,ADVP,ADVP,ADJUNCT,ADJUNCT,WHADVP-1,WHADVP,MQ,MQ_ADJUNCT,
7042,0,do you know why the boat has a sail on it?,1.0,-NONE-ABAR-WH-,T,WH,ADVP,ADVP,ADJUNCT,ADJUNCT,WHADVP-1,WHADVP,EQ,EQ_ADJUNCT,know
7043,0,what do you think?,1.0,-NONE-ABAR-WH-,T,WH,NP,NP,OBJ,OBJ,WHNP-1-<INANIM>-<SUBJMATT-V1>,WHNP,MQ,MQ_OBJ,
7048,0,"oh, is that what's happening?",1.0,-NONE-ABAR-RC-,T,RC,NP,NP,SUBJ,SUBJ,WHNP-1-<INANIM>-<THEME-V1>,WHNP,EQ,EQ_SUBJ,happening
7060,0,throw over on the bed where no one is sitting.,1.0,-NONE-ABAR-RC-,T,RC,ADVP,ADVP,ADJUNCT,ADJUNCT,WHADVP-1,WHADVP,RC,RC_ADJUNCT,
7062,0,what color are yours?,1.0,-NONE-ABAR-WH-,T,WH,NP,NP,OBJ,OBJ,WHNP-1-<INANIM>,WHNP,MQ,MQ_OBJ,
7063,0,what color is this?,1.0,-NONE-ABAR-WH-,T,WH,NP,NP,OBJ,OBJ,WHNP-1-<INANIM>,WHNP,MQ,MQ_OBJ,
7064,0,what color is this?,1.0,-NONE-ABAR-WH-,T,WH,NP,NP,OBJ,OBJ,WHNP-1-<INANIM>,WHNP,MQ,MQ_OBJ,
7065,0,what color is that one in your hand?,1.0,-NONE-ABAR-WH-,T,WH,NP,NP,OBJ,OBJ,WHNP-1-<INANIM>,WHNP,MQ,MQ_OBJ,
7066,0,what color is the other one?,1.0,-NONE-ABAR-WH-,T,WH,NP,NP,OBJ,OBJ,WHNP-1-<INANIM>,WHNP,MQ,MQ_OBJ,
7067,0,what color is this?,1.0,-NONE-ABAR-WH-,T,WH,NP,NP,OBJ,OBJ,WHNP-1-<INANIM>,WHNP,MQ,MQ_OBJ,
7068,0,what color is this?,1.0,-NONE-ABAR-WH-,T,WH,NP,NP,OBJ,OBJ,WHNP-1-<INANIM>,WHNP,MQ,MQ_OBJ,
7072,0,see if you can get your spears onto the bed.,,,,POLAR,,,,POLAR,,,EQ,EQ_POLAR,see
7073,0,why would you throw bugs?,1.0,-NONE-ABAR-WH-,T,WH,ADVP,ADVP,ADJUNCT,ADJUNCT,WHADVP-1,WHADVP,MQ,MQ_ADJUNCT,
7075,0,*NULL* you put them in the back and they go what?,2.0,-NONE-ABAR-RC-,T,RC,ADVP,ADVP,ADJUNCT,ADJUNCT,WHADVP-2,WHADVP,EQ,EQ_ADJUNCT,
7078,0,let's see who can get theirs on the bed.,1.0,-NONE-ABAR-WH-,T,WH,NP,NP,SUBJ,SUBJ,WHNP-1-<ANIM>-<AGENT-V3>,WHNP,EQ,EQ_SUBJ,see
7080,0,why would you do that?,1.0,-NONE-ABAR-WH-,T,WH,ADVP,ADVP,ADJUNCT,ADJUNCT,WHADVP-1,WHADVP,MQ,MQ_ADJUNCT,
7091,0,what's the matter?,1.0,-NONE-ABAR-WH-,T,WH,NP,NP,OBJ,OBJ,WHNP-1-<INANIM>,WHNP,MQ,MQ_OBJ,
7105,0,why would you want to do that?,1.0,-NONE-ABAR-WH-,T,WH,ADVP,ADVP,ADJUNCT,ADJUNCT,WHADVP-1,WHADVP,MQ,MQ_ADJUNCT,
7108,0,why would you want to hurt him?,1.0,-NONE-ABAR-WH-,T,WH,ADVP,ADVP,ADJUNCT,ADJUNCT,WHADVP-1,WHADVP,MQ,MQ_ADJUNCT,
7109,0,how can you play with him if he's not in here?,,,,POLAR,,,,POLAR,,,EQ,EQ_POLAR,play
7109,1,how can you play with him if he's not in here?,1.0,-NONE-ABAR-WH-,T,WH,ADVP,ADVP,ADJUNCT,ADJUNCT,WHADVP-1,WHADVP,MQ,MQ_ADJUNCT,
7113,0,why do you want to shoot him?,1.0,-NONE-ABAR-WH-,T,WH,ADVP,ADVP,ADJUNCT,ADJUNCT,WHADVP-1,WHADVP,MQ,MQ_ADJUNCT,
7114,0,"well, he willn't like to play with you if you keep doing things like",,,,POLAR,,,,POLAR,,,EQ,EQ_POLAR,play
7116,0,"what do you do with those little animals, Adam?",1.0,-NONE-ABAR-WH-,T,WH,NP,NP,OBJ,OBJ,WHNP-1-<INANIM>-<THEME-V1>,WHNP,MQ,MQ_OBJ,
7118,0,where are the other ones?,1.0,-NONE-ABAR-WH-,T,WH,ADVP,ADVP,ADJUNCT,ADJUNCT,WHADVP-1,WHADVP,MQ,MQ_ADJUNCT,
7121,0,"what did you do with the animals, Adam?",1.0,-NONE-ABAR-WH-,T,WH,NP,NP,OBJ,OBJ,WHNP-1-<INANIM>-<THEME-V1>,WHNP,MQ,MQ_OBJ,
7123,0,"what kind of bird is that, Adam?",1.0,-NONE-ABAR-WH-,T,WH,NP,NP,OBJ,OBJ,WHNP-1-<INANIM>,WHNP,MQ,MQ_OBJ,
7124,0,what kind of bird is that?,1.0,-NONE-ABAR-WH-,T,WH,NP,NP,OBJ,OBJ,WHNP-1-<INANIM>,WHNP,MQ,MQ_OBJ,
7126,0,"why are there so many, Adam?",1.0,-NONE-ABAR-WH-,T,WH,ADVP,ADVP,ADJUNCT,ADJUNCT,WHADVP-1,WHADVP,MQ,MQ_ADJUNCT,
7131,0,why're there so many?,1.0,-NONE-ABAR-WH-,T,WH,ADVP,ADVP,ADJUNCT,ADJUNCT,WHADVP-1,WHADVP,MQ,MQ_ADJUNCT,
7136,0,just try it and see if you can get the block to stay there.,,,,POLAR,,,,POLAR,,,EQ,EQ_POLAR,see
7141,0,"what are you waiting for, Adam?",1.0,-NONE-ABAR-WH-,T,WH,NP,NP,OBJ,OBJ,WHNP-1-<INANIM>-<PATIENT-V1>,WHNP,MQ,MQ_OBJ,
7150,0,tell her where you went this morning.,1.0,-NONE-ABAR-RC-,T,RC,ADVP,ADVP,ADJUNCT,ADJUNCT,WHADVP-1,WHADVP,EQ,EQ_ADJUNCT,tell
7153,0,and what did Paul get?,1.0,-NONE-ABAR-WH-,T,WH,NP,NP,OBJ,OBJ,WHNP-1-<INANIM>-<THEME-V1>,WHNP,EQ,EQ_OBJ,
7155,0,"Adam, where are you going?",1.0,-NONE-ABAR-WH-,T,WH,ADVP,ADVP,ADJUNCT,ADJUNCT,WHADVP-1,WHADVP,MQ,MQ_ADJUNCT,
7157,0,"oh, Adam, what're all those things over there by your bed?",1.0,-NONE-ABAR-WH-,T,WH,NP,NP,OBJ,OBJ,WHNP-1-<INANIM>,WHNP,MQ,MQ_OBJ,
7158,0,what kind of toys do you think she must have in the bag?,1.0,-NONE-ABAR-WH-,T,WH,NP,NP,OBJ,OBJ,WHNP-1-<INANIM>-<THEME-V2>,WHNP,EQ,EQ_OBJ,think
7161,0,"oh, Adam, what is this?",1.0,-NONE-ABAR-WH-,T,WH,NP,NP,OBJ,OBJ,WHNP-1-<INANIM>,WHNP,MQ,MQ_OBJ,
7162,0,what is this?,1.0,-NONE-ABAR-WH-,T,WH,NP,NP,OBJ,OBJ,WHNP-1-<INANIM>,WHNP,MQ,MQ_OBJ,
7163,0,what is this?,1.0,-NONE-ABAR-WH-,T,WH,NP,NP,OBJ,OBJ,WHNP-1-<INANIM>,WHNP,MQ,MQ_OBJ,
7164,0,what is this?,1.0,-NONE-ABAR-WH-,T,WH,NP,NP,OBJ,OBJ,WHNP-1-<INANIM>,WHNP,MQ,MQ_OBJ,
7166,0,you show him how they dance.,1.0,-NONE-ABAR-WH-,T,WH,ADVP,ADVP,ADJUNCT,ADJUNCT,WHADVP-1,WHADVP,EQ,EQ_ADJUNCT,show
7169,0,"oh, what is this, Adam?",1.0,-NONE-ABAR-WH-,T,WH,NP,NP,OBJ,OBJ,WHNP-1-<INANIM>,WHNP,MQ,MQ_OBJ,
7172,0,what is it?,1.0,-NONE-ABAR-WH-,T,WH,NP,NP,OBJ,OBJ,WHNP-1-<INANIM>,WHNP,MQ,MQ_OBJ,
7179,0,what popped out?,1.0,-NONE-ABAR-WH-,T,WH,NP,NP,SUBJ,SUBJ,WHNP-1-<INANIM>-<THEME-V1>,WHNP,MQ,MQ_SUBJ,
7182,0,if it were real but this is a plastic flower.,,,,POLAR,,,,POLAR,,,EQ,EQ_POLAR,
7184,0,perhaps if it were a real flower a bug might get in there too.,,,,POLAR,,,,POLAR,,,EQ,EQ_POLAR,
7185,0,"Adam, who is this?",1.0,-NONE-ABAR-WH-,T,WH,NP,NP,OBJ,OBJ,WHNP-1-<ANIM>,WHNP,MQ,MQ_OBJ,
7192,0,"Adam, what is this?",1.0,-NONE-ABAR-WH-,T,WH,NP,NP,OBJ,OBJ,WHNP-1-<INANIM>,WHNP,MQ,MQ_OBJ,
7197,0,what shall we do?,1.0,-NONE-ABAR-WH-,T,WH,NP,NP,OBJ,OBJ,WHNP-1-<INANIM>-<THEME-V1>,WHNP,MQ,MQ_OBJ,
7198,0,"what do you think you could do with them, Adam?",1.0,-NONE-ABAR-WH-,T,WH,NP,NP,OBJ,OBJ,WHNP-1-<INANIM>-<THEME-V2>,WHNP,EQ,EQ_OBJ,think
7200,0,what's a booboo clock?,1.0,-NONE-ABAR-WH-,T,WH,NP,NP,OBJ,OBJ,WHNP-1-<INANIM>,WHNP,MQ,MQ_OBJ,
7220,0,"wasn't there a story about a giraffe who couldn't talk, and he",1.0,-NONE-ABAR-RC-,T,RC,NP,NP,SUBJ,SUBJ,WHNP-1-<ANIM>-<AGENT-V1>,WHNP,RC,RC_SUBJ,
7230,0,what happened?,1.0,-NONE-ABAR-WH-,T,WH,NP,NP,SUBJ,SUBJ,WHNP-1-<INANIM>-<THEME-V1>,WHNP,MQ,MQ_SUBJ,
7234,0,"no, what does that mean?",1.0,-NONE-ABAR-WH-,T,WH,NP,NP,OBJ,OBJ,WHNP-1-<INANIM>-<SUBJMATT-V1>,WHNP,MQ,MQ_OBJ,
7235,0,yesterday he said something that sounded like Tallahassee.,1.0,-NONE-ABAR-RC-,T,RC,NP,NP,SUBJ,SUBJ,WHNP-1-<INANIM>-<CAUSER-V2>,WHNP,RC,RC_SUBJ,
7236,0,yesterday he said something that sounded like Tallahassee.,1.0,-NONE-ABAR-RC-,T,RC,NP,NP,SUBJ,SUBJ,WHNP-1-<INANIM>-<CAUSER-V2>,WHNP,RC,RC_SUBJ,
7238,0,what do you say about Tallahassee?,1.0,-NONE-ABAR-WH-,T,WH,NP,NP,OBJ,OBJ,WHNP-1-<INANIM>-<PATIENT-V1>,WHNP,MQ,MQ_OBJ,
7240,0,"Adam, what's a hassyc boy.",1.0,-NONE-ABAR-WH-,T,WH,NP,NP,OBJ,OBJ,WHNP-1-<INANIM>,WHNP,MQ,MQ_OBJ,
7241,0,what's a hassyc?,1.0,-NONE-ABAR-WH-,T,WH,NP,NP,OBJ,OBJ,WHNP-1-<INANIM>,WHNP,MQ,MQ_OBJ,
7243,0,what's a genie?,1.0,-NONE-ABAR-WH-,T,WH,NP,NP,OBJ,OBJ,WHNP-1-<INANIM>,WHNP,MQ,MQ_OBJ,
7252,0,why're you going to do that?,1.0,-NONE-ABAR-WH-,T,WH,ADVP,ADVP,ADJUNCT,ADJUNCT,WHADVP-1,WHADVP,MQ,MQ_ADJUNCT,
7257,0,"what're you doing, Adam?",1.0,-NONE-ABAR-WH-,T,WH,NP,NP,OBJ,OBJ,WHNP-1-<INANIM>-<THEME-V1>,WHNP,MQ,MQ_OBJ,
7266,0,why are you so tired?,1.0,-NONE-ABAR-WH-,T,WH,ADVP,ADVP,ADJUNCT,ADJUNCT,WHADVP-1,WHADVP,MQ,MQ_ADJUNCT,
7267,0,I was trying to see if she would walk and I broke her legs.,,,,POLAR,,,,POLAR,,,EQ,EQ_POLAR,see
7282,0,"mmhm, that people bring.",1.0,-NONE-ABAR-RC-,T,RC,NP,NP,OBJ,OBJ,WHNP-1-<INANIM>-<PATIENT-V1>,WHNP,EQ,EQ_OBJ,
7287,0,what was it doing?,1.0,-NONE-ABAR-WH-,T,WH,NP,NP,OBJ,OBJ,WHNP-1-<INANIM>-<THEME-V1>,WHNP,MQ,MQ_OBJ,
7289,0,what is that turning?,1.0,-NONE-ABAR-WH-,T,WH,NP,NP,OBJ,OBJ,WHNP-1-<INANIM>-<PATIENT-V1>,WHNP,MQ,MQ_OBJ,
7299,0,and who is he?,1.0,-NONE-ABAR-WH-,T,WH,NP,NP,OBJ,OBJ,WHNP-1-<ANIM>,WHNP,EQ,EQ_OBJ,
7300,0,"well, why did you give him the broken doll?",1.0,-NONE-ABAR-WH-,T,WH,ADVP,ADVP,ADJUNCT,ADJUNCT,WHADVP-1,WHADVP,MQ,MQ_ADJUNCT,
7302,0,the salesman who breaks dolls.,1.0,-NONE-ABAR-RC-,T,RC,NP,NP,SUBJ,SUBJ,WHNP-1-<ANIM>-<AGENT-V1>,WHNP,RC,RC_SUBJ,
7308,0,what kind of fish did you catch?,1.0,-NONE-ABAR-WH-,T,WH,NP,NP,OBJ,OBJ,WHNP-1-<INANIM>-<PATIENT-V1>,WHNP,MQ,MQ_OBJ,
7311,0,what kind of big fish is it?,1.0,-NONE-ABAR-WH-,T,WH,NP,NP,OBJ,OBJ,WHNP-1-<INANIM>,WHNP,MQ,MQ_OBJ,
7314,0,what kind of fish is that?,1.0,-NONE-ABAR-WH-,T,WH,NP,NP,OBJ,OBJ,WHNP-1-<INANIM>,WHNP,MQ,MQ_OBJ,
7318,0,"oh, what kind of fish is this?",1.0,-NONE-ABAR-WH-,T,WH,NP,NP,OBJ,OBJ,WHNP-1-<INANIM>,WHNP,MQ,MQ_OBJ,
7319,0,what was that *NULL* breaking?,2.0,-NONE-ABAR-RC-,T,RC,NP,NP,SUBJ,SUBJ,WHNP-2-<INANIM>-<THEME-V1>,WHNP,RC,RC_SUBJ,
7319,1,what was that *NULL* breaking?,1.0,-NONE-ABAR-WH-,T,WH,NP,NP,OBJ,OBJ,WHNP-1-<INANIM>,WHNP,MQ,MQ_OBJ,
7320,0,is that what it was?,1.0,-NONE-ABAR-RC-,T,RC,NP,NP,OBJ,OBJ,WHNP-1-<INANIM>,WHNP,EQ,EQ_OBJ,
7322,0,what kind of fish is this?,1.0,-NONE-ABAR-WH-,T,WH,NP,NP,OBJ,OBJ,WHNP-1-<INANIM>,WHNP,MQ,MQ_OBJ,
7333,0,Paul reminds me of the cat in Peter and the Wolf wondering if it was,,,,POLAR,,,,POLAR,,,EQ,EQ_POLAR,wondering
7335,0,he had a little toy that rolled away from him and he sat there.,1.0,-NONE-ABAR-RC-,T,RC,NP,NP,SUBJ,SUBJ,WHNP-1-<INANIM>-<THEME-V2>,WHNP,RC,RC_SUBJ,
7336,0,the toy that rolls.,1.0,-NONE-ABAR-RC-,T,RC,NP,NP,SUBJ,SUBJ,WHNP-1-<INANIM>-<THEME-V1>,WHNP,RC,RC_SUBJ,
7353,0,I don't know what it was part of.,1.0,-NONE-ABAR-WH-,T,WH,NP,NP,OBJ,OBJ,WHNP-1-<INANIM>,WHNP,EQ,EQ_OBJ,know
7356,0,I don't know who broke it.,1.0,-NONE-ABAR-WH-,T,WH,NP,NP,SUBJ,SUBJ,WHNP-1-<ANIM>-<AGENT-V2>,WHNP,EQ,EQ_SUBJ,know
7359,0,it looks like the one that was on our rug that came back from the,1.0,-NONE-ABAR-RC-,T,RC,NP,NP,SUBJ,SUBJ,WHNP-1-<INANIM>,WHNP,RC,RC_SUBJ,
7359,1,it looks like the one that was on our rug that came back from the,2.0,-NONE-ABAR-RC-,T,RC,NP,NP,SUBJ,SUBJ,WHNP-2-<INANIM>-<THEME-V2>,WHNP,RC,RC_SUBJ,
7365,0,what're they advertising?,1.0,-NONE-ABAR-WH-,T,WH,NP,NP,OBJ,OBJ,WHNP-1-<INANIM>-<PATIENT-V1>,WHNP,MQ,MQ_OBJ,
7367,0,what is that now?,1.0,-NONE-ABAR-WH-,T,WH,NP,NP,OBJ,OBJ,WHNP-1-<INANIM>,WHNP,MQ,MQ_OBJ,
7372,0,why would you tie the poor Indians up?,1.0,-NONE-ABAR-WH-,T,WH,ADVP,ADVP,ADJUNCT,ADJUNCT,WHADVP-1,WHADVP,MQ,MQ_ADJUNCT,
7376,0,why are they going to do that?,1.0,-NONE-ABAR-WH-,T,WH,ADVP,ADVP,ADJUNCT,ADJUNCT,WHADVP-1,WHADVP,MQ,MQ_ADJUNCT,
7378,0,how're you goING To catch those.,1.0,-NONE-ABAR-WH-,T,WH,ADVP,ADVP,ADJUNCT,ADJUNCT,WHADVP-1,WHADVP,MQ,MQ_ADJUNCT,
7381,0,why would you put that in your mouth?,1.0,-NONE-ABAR-WH-,T,WH,ADVP,ADVP,ADJUNCT,ADJUNCT,WHADVP-1,WHADVP,MQ,MQ_ADJUNCT,
7382,0,why would you put that in your mouth?,1.0,-NONE-ABAR-WH-,T,WH,ADVP,ADVP,ADJUNCT,ADJUNCT,WHADVP-1,WHADVP,MQ,MQ_ADJUNCT,
7384,0,these go on paper that you put in notebooks.,1.0,-NONE-ABAR-RC-,T,RC,NP,NP,OBJ,OBJ,WHNP-1-<INANIM>-<PATIENT-V2>,WHNP,RC,RC_OBJ,
7392,0,"what're you doing, Adam?",1.0,-NONE-ABAR-WH-,T,WH,NP,NP,OBJ,OBJ,WHNP-1-<INANIM>-<THEME-V1>,WHNP,MQ,MQ_OBJ,
7393,0,"Adam, what're you doing?",1.0,-NONE-ABAR-WH-,T,WH,NP,NP,OBJ,OBJ,WHNP-1-<INANIM>-<THEME-V1>,WHNP,MQ,MQ_OBJ,
7394,0,if you break the pencil what will you have to write with?,,,,POLAR,,,,POLAR,,,EQ,EQ_POLAR,
7394,1,if you break the pencil what will you have to write with?,2.0,-NONE-ABAR-WH-,T,WH,NP-3,NP,SUBJ,SUBJ,WHNP-2-<INANIM>-<INSTR-V2>,WHNP,MQ,MQ_SUBJ,
7395,0,how could you write with it if you break it?,,,,POLAR,,,,POLAR,,,EQ,EQ_POLAR,write
7395,1,how could you write with it if you break it?,1.0,-NONE-ABAR-WH-,T,WH,ADVP,ADVP,ADJUNCT,ADJUNCT,WHADVP-1,WHADVP,MQ,MQ_ADJUNCT,
7399,0,she has to do lots of writing and she needs every pencil *NULL* she has.,2.0,-NONE-ABAR-RC-,T,RC,NP,NP,OBJ,OBJ,WHNP-2-<INANIM>-<THEME-V3>,WHNP,RC,RC_OBJ,
7400,0,"no, you don't know what to do with pencils any more.",1.0,-NONE-ABAR-WH-,T,WH,NP,NP,OBJ,OBJ,WHNP-1-<INANIM>-<THEME-V2>,WHNP,EQ,EQ_OBJ,know
7402,0,why would you do that?,1.0,-NONE-ABAR-WH-,T,WH,ADVP,ADVP,ADJUNCT,ADJUNCT,WHADVP-1,WHADVP,MQ,MQ_ADJUNCT,
7403,0,you tell Ursula why you cann't play with pencils anymore?,1.0,-NONE-ABAR-WH-,T,WH,ADVP,ADVP,ADJUNCT,ADJUNCT,WHADVP-1,WHADVP,EQ,EQ_ADJUNCT,tell
7404,0,"no, I 'm talking about the ones *NULL* you used for writing on the walls.",1.0,-NONE-ABAR-RC-,T,RC,NP,NP,OBJ,OBJ,WHNP-1-<INANIM>-<PATIENT-V2>,WHNP,RC,RC_OBJ,
7414,0,what did you have for lunch at school today?,1.0,-NONE-ABAR-WH-,T,WH,NP,NP,OBJ,OBJ,WHNP-1-<INANIM>-<PATIENT-V1>,WHNP,MQ,MQ_OBJ,
7417,0,if I were you?,,,,POLAR,,,,POLAR,,,EQ,EQ_POLAR,
7419,0,why does your tummy cry?,1.0,-NONE-ABAR-WH-,T,WH,ADVP,ADVP,ADJUNCT,ADJUNCT,WHADVP-1,WHADVP,MQ,MQ_ADJUNCT,
7420,0,"Adam, what are you peeking at already?",1.0,-NONE-ABAR-WH-,T,WH,NP,NP,OBJ,OBJ,WHNP-1-<INANIM>-<PATIENT-V1>,WHNP,MQ,MQ_OBJ,
7423,0,why do you want something *NULL* to eat?,2.0,-NONE-ABAR-RC-,T,RC,NP,NP,OBJ,OBJ,WHNP-2-<INANIM>-<PATIENT-V2>,WHNP,RC,RC_OBJ,
7423,1,why do you want something *NULL* to eat?,1.0,-NONE-ABAR-WH-,T,WH,ADVP,ADVP,ADJUNCT,ADJUNCT,WHADVP-1,WHADVP,MQ,MQ_ADJUNCT,
7425,0,how many do you have?,1.0,-NONE-ABAR-WH-,T,WH,NP,NP,OBJ,OBJ,WHNP-1-<INANIM>-<THEME-V1>,WHNP,MQ,MQ_OBJ,
7430,0,"well, what's the difference in looking and peeking?",1.0,-NONE-ABAR-WH-,T,WH,NP,NP,OBJ,OBJ,WHNP-1-<INANIM>,WHNP,MQ,MQ_OBJ,
7434,0,"where's the hole, Adam?",1.0,-NONE-ABAR-WH-,T,WH,ADVP,ADVP,ADJUNCT,ADJUNCT,WHADVP-1,WHADVP,MQ,MQ_ADJUNCT,
7435,0,where's one hole?,1.0,-NONE-ABAR-WH-,T,WH,ADVP,ADVP,ADJUNCT,ADJUNCT,WHADVP-1,WHADVP,MQ,MQ_ADJUNCT,
7436,0,"oh, you mean one place *NULL* to put things.",1.0,-NONE-ABAR-RC-,T,RC,ADVP,ADVP,ADJUNCT,ADJUNCT,WHADVP-1,WHADVP,RC,RC_ADJUNCT,
7438,0,what are they?,1.0,-NONE-ABAR-WH-,T,WH,NP,NP,OBJ,OBJ,WHNP-1-<INANIM>,WHNP,MQ,MQ_OBJ,
7440,0,"did you tell Ursula what we did Sunday, Adam?",1.0,-NONE-ABAR-WH-,T,WH,NP,NP,OBJ,OBJ,WHNP-1-<INANIM>-<THEME-V2>,WHNP,EQ,EQ_OBJ,tell
7441,0,what else did you do?,1.0,-NONE-ABAR-WH-,T,WH,NP,NP,OBJ,OBJ,WHNP-1-<INANIM>-<THEME-V1>,WHNP,MQ,MQ_OBJ,
7448,0,what do you think that is?,1.0,-NONE-ABAR-WH-,T,WH,NP,NP,OBJ,OBJ,WHNP-1-<INANIM>,WHNP,EQ,EQ_OBJ,think
7451,0,but it's something that goes along with the train.,1.0,-NONE-ABAR-RC-,T,RC,NP,NP,SUBJ,SUBJ,WHNP-1-<INANIM>-<THEME-V1>,WHNP,RC,RC_SUBJ,
7453,0,what did you tell me?,1.0,-NONE-ABAR-WH-,T,WH,NP,NP,OBJ,OBJ,WHNP-1-<INANIM>-<THEME-V1>,WHNP,MQ,MQ_OBJ,
7455,0,what do you think it's for?,1.0,-NONE-ABAR-WH-,T,WH,NP,NP,OBJ,OBJ,WHNP-1-<INANIM>,WHNP,EQ,EQ_OBJ,think
7461,0,two weeks ago there was a little doll that was made in Italy.,1.0,-NONE-ABAR-RC-,T,RC,NP-2,NP,SUBJ,SUBJ,WHNP-1-<INANIM>-<THEME-V1>,WHNP,RC,RC_SUBJ,
7466,0,because most of the train tracks that are outside are black aren't,1.0,-NONE-ABAR-RC-,T,RC,NP,NP,SUBJ,SUBJ,WHNP-1-<INANIM>,WHNP,RC,RC_SUBJ,
7468,0,"oh, you know how to put that together.",1.0,-NONE-ABAR-WH-,T,WH,ADVP,ADVP,ADJUNCT,ADJUNCT,WHADVP-1,WHADVP,EQ,EQ_ADJUNCT,know
7469,0,why don't you know how?,1.0,-NONE-ABAR-WH-,T,WH,ADVP,ADVP,ADJUNCT,ADJUNCT,WHADVP-1,WHADVP,MQ,MQ_ADJUNCT,
7474,0,what's a finger toe?,1.0,-NONE-ABAR-WH-,T,WH,NP,NP,OBJ,OBJ,WHNP-1-<INANIM>,WHNP,MQ,MQ_OBJ,
7476,0,what kind of people are those?,1.0,-NONE-ABAR-WH-,T,WH,NP,NP,OBJ,OBJ,WHNP-1-<INANIM>,WHNP,MQ,MQ_OBJ,
7478,0,what did you say?,1.0,-NONE-ABAR-WH-,T,WH,NP,NP,OBJ,OBJ,WHNP-1-<INANIM>-<PATIENT-V1>,WHNP,MQ,MQ_OBJ,
7479,0,I know you said Italy but what did you say before you said Italy.,1.0,-NONE-ABAR-WH-,T,WH,NP,NP,OBJ,OBJ,WHNP-1-<INANIM>-<PATIENT-V3>,WHNP,MQ,MQ_OBJ,
7482,0,"oh, when did you go to Italy?",1.0,-NONE-ABAR-WH-,T,WH,ADVP,ADVP,ADJUNCT,ADJUNCT,WHADVP-1,WHADVP,MQ,MQ_ADJUNCT,
7483,0,what did you see in Italy?,1.0,-NONE-ABAR-WH-,T,WH,NP,NP,OBJ,OBJ,WHNP-1-<INANIM>-<SUBJMATT-V1>,WHNP,MQ,MQ_OBJ,
7487,0,how are they different?,1.0,-NONE-ABAR-WH-,T,WH,ADVP,ADVP,ADJUNCT,ADJUNCT,WHADVP-1,WHADVP,MQ,MQ_ADJUNCT,
7488,0,"oh, they're different than those *NULL* we have here in Boston?",1.0,-NONE-ABAR-RC-,T,RC,NP,NP,OBJ,OBJ,WHNP-1-<INANIM>-<THEME-V1>,WHNP,RC,RC_OBJ,
7490,0,what do you mean?,1.0,-NONE-ABAR-WH-,T,WH,NP,NP,OBJ,OBJ,WHNP-1-<INANIM>-<PATIENT-V1>,WHNP,MQ,MQ_OBJ,
7493,0,what do you know about Italy?,1.0,-NONE-ABAR-WH-,T,WH,NP,NP,OBJ,OBJ,WHNP-1-<INANIM>-<SUBJMATT-V1>,WHNP,MQ,MQ_OBJ,
7500,0,did you tell Ursula what you heard this morning.,1.0,-NONE-ABAR-WH-,T,WH,NP,NP,OBJ,OBJ,WHNP-1-<INANIM>-<SUBJMATT-V2>,WHNP,EQ,EQ_OBJ,tell
7502,0,what was a motor boat doing out on the street?,1.0,-NONE-ABAR-WH-,T,WH,NP,NP,OBJ,OBJ,WHNP-1-<INANIM>-<THEME-V1>,WHNP,MQ,MQ_OBJ,
7509,0,"what did you do at nursery school this morning, Adam?",1.0,-NONE-ABAR-WH-,T,WH,NP,NP,OBJ,OBJ,WHNP-1-<INANIM>-<THEME-V1>,WHNP,MQ,MQ_OBJ,
7511,0,what did you do outside?,1.0,-NONE-ABAR-WH-,T,WH,NP,NP,OBJ,OBJ,WHNP-1-<INANIM>-<THEME-V1>,WHNP,MQ,MQ_OBJ,
7513,0,what did you do?,1.0,-NONE-ABAR-WH-,T,WH,NP,NP,OBJ,OBJ,WHNP-1-<INANIM>-<THEME-V1>,WHNP,MQ,MQ_OBJ,
7517,0,I don't know what a Dodge car is.,1.0,-NONE-ABAR-WH-,T,WH,NP,NP,OBJ,OBJ,WHNP-1-<INANIM>,WHNP,EQ,EQ_OBJ,know
7526,0,how do you flash them?,1.0,-NONE-ABAR-WH-,T,WH,ADVP,ADVP,ADJUNCT,ADJUNCT,WHADVP-1,WHADVP,MQ,MQ_ADJUNCT,
7531,0,I don't remember what goes first on the train.,1.0,-NONE-ABAR-WH-,T,WH,NP,NP,SUBJ,SUBJ,WHNP-1-<INANIM>-<THEME-V2>,WHNP,EQ,EQ_SUBJ,remember
7532,0,what comes first on the train?,1.0,-NONE-ABAR-WH-,T,WH,NP,NP,SUBJ,SUBJ,WHNP-1-<INANIM>-<THEME-V1>,WHNP,MQ,MQ_SUBJ,
7533,0,what is that?,1.0,-NONE-ABAR-WH-,T,WH,NP,NP,OBJ,OBJ,WHNP-1-<INANIM>,WHNP,MQ,MQ_OBJ,
7534,0,"Adam, you put it under that place where the track goes up, look.",1.0,-NONE-ABAR-RC-,T,RC,ADVP,ADVP,ADJUNCT,ADJUNCT,WHADVP-1,WHADVP,RC,RC_ADJUNCT,
7540,0,for the cars that are waiting to cross the track maybe.,1.0,-NONE-ABAR-RC-,T,RC,NP,NP,SUBJ,SUBJ,WHNP-1-<INANIM>-<AGENT-V1>,WHNP,RC,RC_SUBJ,
7542,0,when there's a train track across a street you have to cross part of,3.0,-NONE-ABAR-WH-,T,WH,ADVP,ADVP,ADJUNCT,ADJUNCT,WHADVP-3,WHADVP,EQ,EQ_ADJUNCT,
7552,0,here's a piece that isn't broken.,1.0,-NONE-ABAR-RC-,T,RC,NP-2,NP,SUBJ,SUBJ,WHNP-1-<INANIM>-<THEME-V1>,WHNP,RC,RC_SUBJ,
7565,0,"just the way *NULL* you put the track on, look.",1.0,-NONE-ABAR-RC-,T,RC,ADVP,ADVP,ADJUNCT,ADJUNCT,WHADVP-1,WHADVP,RC,RC_ADJUNCT,
7571,0,"what're you doing, Adam?",1.0,-NONE-ABAR-WH-,T,WH,NP,NP,OBJ,OBJ,WHNP-1-<INANIM>-<THEME-V1>,WHNP,MQ,MQ_OBJ,
7572,0,"what are you using it for, Adam?",1.0,-NONE-ABAR-WH-,T,WH,NP,NP,OBJ,OBJ,WHNP-1-<INANIM>,WHNP,MQ,MQ_OBJ,
7581,0,"oh, Adam, why did you do that?",1.0,-NONE-ABAR-WH-,T,WH,ADVP,ADVP,ADJUNCT,ADJUNCT,WHADVP-1,WHADVP,MQ,MQ_ADJUNCT,
7583,0,how did your hands get so dirty?,1.0,-NONE-ABAR-WH-,T,WH,ADVP,ADVP,ADJUNCT,ADJUNCT,WHADVP-1,WHADVP,MQ,MQ_ADJUNCT,
7585,0,if you don't put that down that's part of my bed.,,,,POLAR,,,,POLAR,,,EQ,EQ_POLAR,
7586,0,what do you need a rifle for?,1.0,-NONE-ABAR-WH-,T,WH,NP,NP,OBJ,OBJ,WHNP-1-<INANIM>,WHNP,MQ,MQ_OBJ,
7587,0,why do you want to shoot?,1.0,-NONE-ABAR-WH-,T,WH,ADVP,ADVP,ADJUNCT,ADJUNCT,WHADVP-1,WHADVP,MQ,MQ_ADJUNCT,
7590,0,then what will you do for milk?,1.0,-NONE-ABAR-WH-,T,WH,NP,NP,OBJ,OBJ,WHNP-1-<INANIM>-<THEME-V1>,WHNP,MQ,MQ_OBJ,
7591,0,how do you know which cows are bad cows?,2.0,-NONE-ABAR-RC-,T,RC,NP,NP,OBJ,OBJ,WHNP-2-<ANIM>,WHNP,EQ,EQ_OBJ,know
7591,1,how do you know which cows are bad cows?,1.0,-NONE-ABAR-WH-,T,WH,ADVP,ADVP,ADJUNCT,ADJUNCT,WHADVP-1,WHADVP,MQ,MQ_ADJUNCT,
7592,0,"well, how will you know which ones to fight?",2.0,-NONE-ABAR-RC-,T,RC,NP,NP,OBJ,OBJ,WHNP-2-<INANIM>-<PATIENT-V2>,WHNP,EQ,EQ_OBJ,know
7592,1,"well, how will you know which ones to fight?",1.0,-NONE-ABAR-WH-,T,WH,ADVP,ADVP,ADJUNCT,ADJUNCT,WHADVP-1,WHADVP,MQ,MQ_ADJUNCT,
7601,0,why would you want to pull that anyway?,1.0,-NONE-ABAR-WH-,T,WH,ADVP,ADVP,ADJUNCT,ADJUNCT,WHADVP-1,WHADVP,MQ,MQ_ADJUNCT,
7604,0,"oh, what is that?",1.0,-NONE-ABAR-WH-,T,WH,NP,NP,OBJ,OBJ,WHNP-1-<INANIM>,WHNP,MQ,MQ_OBJ,
7605,0,why do you need to flash the light?,1.0,-NONE-ABAR-WH-,T,WH,ADVP,ADVP,ADJUNCT,ADJUNCT,WHADVP-1,WHADVP,MQ,MQ_ADJUNCT,
7611,0,what does that mean?,1.0,-NONE-ABAR-WH-,T,WH,NP,NP,OBJ,OBJ,WHNP-1-<INANIM>-<SUBJMATT-V1>,WHNP,MQ,MQ_OBJ,
7613,0,what's the Koolaid song?,1.0,-NONE-ABAR-WH-,T,WH,NP,NP,OBJ,OBJ,WHNP-1-<INAINM>,WHNP,MQ,MQ_OBJ,
7619,0,here's a turntable *NULL* you haven't even put on yet.,1.0,-NONE-ABAR-RC-,T,RC,NP,NP,OBJ,OBJ,WHNP-1-<INANIM>-<PATIENT-V1>,WHNP,RC,RC_OBJ,
7620,0,"Adam, do you know why that doesn't fit in there?",1.0,-NONE-ABAR-WH-,T,WH,ADVP,ADVP,ADJUNCT,ADJUNCT,WHADVP-1,WHADVP,EQ,EQ_ADJUNCT,know
7622,0,you know how to put that in.,1.0,-NONE-ABAR-WH-,T,WH,ADVP,ADVP,ADJUNCT,ADJUNCT,WHADVP-1,WHADVP,EQ,EQ_ADJUNCT,know
7625,0,"well, why don't you try pushing this down.",1.0,-NONE-ABAR-WH-,T,WH,ADVP,ADVP,ADJUNCT,ADJUNCT,WHADVP-1,WHADVP,MQ,MQ_ADJUNCT,
7635,0,why don't you go get your cards.,1.0,-NONE-ABAR-WH-,T,WH,ADVP,ADVP,ADJUNCT,ADJUNCT,WHADVP-1,WHADVP,MQ,MQ_ADJUNCT,
7641,0,what are you going to do with that?,1.0,-NONE-ABAR-WH-,T,WH,NP,NP,OBJ,OBJ,WHNP-1-<INANIM>-<THEME-V1>,WHNP,MQ,MQ_OBJ,
7644,0,"Adam, what did the lady say when she told you that story.",1.0,-NONE-ABAR-WH-,T,WH,NP,NP,OBJ,OBJ,WHNP-1-<INANIM>-<PATIENT-V1>,WHNP,MQ,MQ_OBJ,
7644,1,"Adam, what did the lady say when she told you that story.",2.0,-NONE-ABAR-WH-,T,WH,ADVP,ADVP,ADJUNCT,ADJUNCT,WHADVP-2,WHADVP,EQ,EQ_ADJUNCT,say
7646,0,whoever read that story to you?,1.0,-NONE-ABAR-WH-,T,WH,NP,NP,SUBJ,SUBJ,WHNP-1-<ANIM>-<AGENT-V1>,WHNP,MQ,MQ_SUBJ,
7657,0,but you chop outside where there are trees.,1.0,-NONE-ABAR-RC-,T,RC,ADVP,ADVP,ADJUNCT,ADJUNCT,WHADVP-1,WHADVP,EQ,EQ_ADJUNCT,chop
7666,0,what did I do to those?,1.0,-NONE-ABAR-WH-,T,WH,NP,NP,OBJ,OBJ,WHNP-<INANIM>-<THEME-V1>,WHNP,MQ,MQ_OBJ,
7675,0,why did you do that?,1.0,-NONE-ABAR-WH-,T,WH,ADVP,ADVP,ADJUNCT,ADJUNCT,WHADVP-1,WHADVP,MQ,MQ_ADJUNCT,
7678,0,what's the panjoc?,1.0,-NONE-ABAR-WH-,T,WH,NP,NP,OBJ,OBJ,WHNP-1-<INANIM>,WHNP,MQ,MQ_OBJ,
7679,0,why do you call it the panjoc?,1.0,-NONE-ABAR-WH-,T,WH,ADVP,ADVP,ADJUNCT,ADJUNCT,WHADVP-1,WHADVP,MQ,MQ_ADJUNCT,
7682,0,why are they wrong?,1.0,-NONE-ABAR-WH-,T,WH,ADVP,ADVP,ADJUNCT,ADJUNCT,WHADVP-1,WHADVP,MQ,MQ_ADJUNCT,
7684,0,what puzzle would you like to do?,1.0,-NONE-ABAR-WH-,T,WH,NP,NP,OBJ,OBJ,WHNP-1-<INANIM>-<THEME-V2>,WHNP,MQ,MQ_OBJ,
7685,0,what puzzle is that?,1.0,-NONE-ABAR-WH-,T,WH,NP,NP,OBJ,OBJ,WHNP-<INANIM>,WHNP,MQ,MQ_OBJ,
7686,0,I don't know what puzzle that is.,1.0,-NONE-ABAR-WH-,T,WH,NP,NP,OBJ,OBJ,WHNP-1-<INANIM>,WHNP,EQ,EQ_OBJ,know
7693,0,how did you get a broken leg?,1.0,-NONE-ABAR-WH-,T,WH,ADVP,ADVP,ADJUNCT,ADJUNCT,WHADVP-1,WHADVP,MQ,MQ_ADJUNCT,
7698,0,what do you think it's for?,1.0,-NONE-ABAR-WH-,T,WH,NP,NP,OBJ,OBJ,WHNP-1-<INANIM>,WHNP,EQ,EQ_OBJ,think
7700,0,"then perhaps you're not big enough to play with those, if those are",,,,POLAR,,,,POLAR,,,EQ,EQ_POLAR,play
7710,0,where is a stretching office?,1.0,-NONE-ABAR-WH-,T,WH,ADVP,ADVP,ADJUNCT,ADJUNCT,WHADVP-1,WHADVP,MQ,MQ_ADJUNCT,
7722,0,does it look like anything *NULL* you've seen before?,1.0,-NONE-ABAR-RC-,T,RC,NP,NP,OBJ,OBJ,WHNP-<INANIM>-<SUBJMATT-V2>,WHNP,RC,RC_OBJ,
7726,0,look at the things *NULL* you can make.,1.0,-NONE-ABAR-RC-,T,RC,NP,NP,OBJ,OBJ,WHNP-1-<INANIM>-<PATIENT-V2>,WHNP,RC,RC_OBJ,
7727,0,what is this?,1.0,-NONE-ABAR-WH-,T,WH,NP,NP,OBJ,OBJ,WHNP-1-<INANIM>,WHNP,MQ,MQ_OBJ,
7734,0,what will I do with that?,1.0,-NONE-ABAR-WH-,T,WH,NP,NP,OBJ,OBJ,WHNP-1-<INANIM>-<THEME-V1>,WHNP,MQ,MQ_OBJ,
7745,0,what are you making?,1.0,-NONE-ABAR-WH-,T,WH,NP,NP,OBJ,OBJ,WHNP-1-<INANIM>-<PATIENT-V1>,WHNP,MQ,MQ_OBJ,
7746,0,why don't you want to cut it?,1.0,-NONE-ABAR-WH-,T,WH,ADVP,ADVP,ADJUNCT,ADJUNCT,WHADVP-1,WHADVP,MQ,MQ_ADJUNCT,
7755,0,which hand do you use?,1.0,-NONE-ABAR-WH-,T,WH,NP,NP,OBJ,OBJ,WHNP-1-<INANIM>-<PATIENT-V1>,WHNP,MQ,MQ_OBJ,
7759,0,look at the edge and you see something like teeth and when you pull,1.0,-NONE-ABAR-WH-,T,WH,ADVP,ADVP,ADJUNCT,ADJUNCT,WHADVP-1,WHADVP,EQ,EQ_ADJUNCT,
7767,0,why would you hold it with that?,1.0,-NONE-ABAR-WH-,T,WH,ADVP,ADVP,ADJUNCT,ADJUNCT,WHADVP-1,WHADVP,MQ,MQ_ADJUNCT,
7773,0,if you had a big what?,,,,POLAR,,,,POLAR,,,EQ,EQ_POLAR,
7780,0,where's the fish?,1.0,-NONE-ABAR-WH-,T,WH,ADVP,ADVP,ADJUNCT,ADJUNCT,WHADVP-1,WHADVP,MQ,MQ_ADJUNCT,
7783,0,why did he stop?,1.0,-NONE-ABAR-WH-,T,WH,ADVP,ADVP,ADJUNCT,ADJUNCT,WHADVP-1,WHADVP,MQ,MQ_ADJUNCT,
7805,0,why don't you write with it first?,1.0,-NONE-ABAR-WH-,T,WH,ADVP,ADVP,ADJUNCT,ADJUNCT,WHADVP-1,WHADVP,MQ,MQ_ADJUNCT,
7808,0,"oh well, there are lots of things that are hard to do that we have",1.0,-NONE-ABAR-RC-,T,RC,NP-2,NP,SUBJ,SUBJ,WHNP-1-<INANIM>-<THEME-V1>,WHNP,RC,RC_SUBJ,
7822,0,that's the way *NULL* you screw.,1.0,-NONE-ABAR-RC-,T,RC,ADVP,ADVP,ADJUNCT,ADJUNCT,WHADVP-1,WHADVP,RC,RC_ADJUNCT,
7823,0,now how can you unscrew it?,1.0,-NONE-ABAR-WH-,T,WH,ADVP,ADVP,ADJUNCT,ADJUNCT,WHADVP-1,WHADVP,MQ,MQ_ADJUNCT,
7824,0,if you had to unscrew how would you do it?,,,,POLAR,,,,POLAR,,,EQ,EQ_POLAR,
7824,1,if you had to unscrew how would you do it?,2.0,-NONE-ABAR-WH-,T,WH,ADVP,ADVP,ADJUNCT,ADJUNCT,WHADVP-2,WHADVP,MQ,MQ_ADJUNCT,
7832,0,where's your screwdriver?,1.0,-NONE-ABAR-WH-,T,WH,ADVP,ADVP,ADJUNCT,ADJUNCT,WHADVP-1,WHADVP,MQ,MQ_ADJUNCT,
7836,0,why did you knock it?,1.0,-NONE-ABAR-WH-,T,WH,ADVP,ADVP,ADJUNCT,ADJUNCT,WHADVP-1,WHADVP,MQ,MQ_ADJUNCT,
7849,0,how can it be an old hole when you just made it?,1.0,-NONE-ABAR-WH-,T,WH,ADVP,ADVP,ADJUNCT,ADJUNCT,WHADVP-1,WHADVP,MQ,MQ_ADJUNCT,
7849,1,how can it be an old hole when you just made it?,2.0,-NONE-ABAR-WH-,T,WH,ADVP,ADVP,ADJUNCT,ADJUNCT,WHADVP-2,WHADVP,EQ,EQ_ADJUNCT,made
7851,0,what do you need to open it for?,1.0,-NONE-ABAR-WH-,T,WH,NP,NP,OBJ,OBJ,WHNP-1-<INANIM>,WHNP,MQ,MQ_OBJ,
7853,0,what are you going to put in there anyway?,1.0,-NONE-ABAR-WH-,T,WH,NP,NP,OBJ,OBJ,WHNP-1-<INANIM>-<PATIENT-V1>,WHNP,MQ,MQ_OBJ,
7854,0,what would you want to put?,1.0,-NONE-ABAR-WH-,T,WH,NP,NP,OBJ,OBJ,WHNP-1-<INANIM>-<PATIENT-V2>,WHNP,MQ,MQ_OBJ,
7861,0,to see if something is straight.,,,,POLAR,,,,POLAR,,,EQ,EQ_POLAR,see
7863,0,where's your saw?,1.0,-NONE-ABAR-WH-,T,WH,ADVP,ADVP,ADJUNCT,ADJUNCT,WHADVP-1,WHADVP,MQ,MQ_ADJUNCT,
7864,0,you can make a door that opens.,1.0,-NONE-ABAR-RC-,T,RC,NP,NP,SUBJ,SUBJ,WHNP-1-<INANIM>-<THEME-V2>,WHNP,RC,RC_SUBJ,
7873,0,I think you have a car up there on the shelf that might just fit in.,1.0,-NONE-ABAR-RC-,T,RC,NP,NP,SUBJ,SUBJ,WHNP-1-<INANIM>-<THEME-V3>,WHNP,RC,RC_SUBJ,
7881,0,one *NULL* named Joe?,1.0,-NONE-ABAR-RC-,T,RC,NP-2,NP,SUBJ,SUBJ,WHNP-1-<INANIM>-<THEME-V1>,WHNP,RC,RC_SUBJ,
7882,0,and what's the other one's name?,1.0,-NONE-ABAR-WH-,T,WH,NP,NP,OBJ,OBJ,WHNP-1-<INANIM>,WHNP,EQ,EQ_OBJ,
7883,0,what was that *NULL* you were doing Adam?,2.0,-NONE-ABAR-RC-,T,RC,NP,NP,OBJ,OBJ,WHNP-2-<INANIM>-<THEME-V1>,WHNP,RC,RC_OBJ,
7883,1,what was that *NULL* you were doing Adam?,1.0,-NONE-ABAR-WH-,T,WH,NP,NP,OBJ,OBJ,WHNP-1-<INANIM>,WHNP,MQ,MQ_OBJ,
7885,0,how does that go?,1.0,-NONE-ABAR-WH-,T,WH,ADVP,ADVP,ADJUNCT,ADJUNCT,WHADVP-1,WHADVP,MQ,MQ_ADJUNCT,
7886,0,what are two little birdies?,1.0,-NONE-ABAR-WH-,T,WH,NP,NP,OBJ,OBJ,WHNP-1-<INANIM>,WHNP,MQ,MQ_OBJ,
7897,0,how can that be a key?,1.0,-NONE-ABAR-WH-,T,WH,ADVP,ADVP,ADJUNCT,ADJUNCT,WHADVP-1,WHADVP,MQ,MQ_ADJUNCT,
7908,0,what birdies would live in a tree with a hole in it?,1.0,-NONE-ABAR-WH-,T,WH,NP,NP,SUBJ,SUBJ,WHNP-1-<ANIM>-<THEME-V1>,WHNP,MQ,MQ_SUBJ,
7911,0,look what's happening.,1.0,-NONE-ABAR-WH-,T,WH,NP,NP,SUBJ,SUBJ,WHNP-1-<INANIM>-<THEME-V2>,WHNP,EQ,EQ_SUBJ,look
7913,0,just what *NULL*'s on the paper is changing color.,1.0,-NONE-ABAR-RC-,T,RC,NP,NP,SUBJ,SUBJ,WHNP-1-<INANIM>,WHNP,RC,RC_SUBJ,
7919,0,why would you want to do that?,1.0,-NONE-ABAR-WH-,T,WH,ADVP,ADVP,ADJUNCT,ADJUNCT,WHADVP-1,WHADVP,MQ,MQ_ADJUNCT,
7921,0,you can eat yourself if you want to.,,,,POLAR,,,,POLAR,,,EQ,EQ_POLAR,eat
7925,0,why are you going to do that?,1.0,-NONE-ABAR-WH-,T,WH,ADVP,ADVP,ADJUNCT,ADJUNCT,WHADVP-1,WHADVP,MQ,MQ_ADJUNCT,
7928,0,that's what I thought.,1.0,-NONE-ABAR-RC-,T,RC,NP,NP,OBJ,OBJ,WHNP-1-<INANIM>-<SUBJMATT-V1>,WHNP,EQ,EQ_OBJ,thought
7931,0,what made you get up so early?,1.0,-NONE-ABAR-WH-,T,WH,NP,NP,SUBJ,SUBJ,WHNP-1-<INANIM>-<CAUSER-V1>,WHNP,MQ,MQ_SUBJ,
7935,0,where's your refrigerator?,1.0,-NONE-ABAR-WH-,T,WH,ADVP,ADVP,ADJUNCT,ADJUNCT,WHADVP-1,WHADVP,MQ,MQ_ADJUNCT,
7940,0,"where are they, Adam?",1.0,-NONE-ABAR-WH-,T,WH,ADVP,ADVP,ADJUNCT,ADJUNCT,WHADVP-1,WHADVP,MQ,MQ_ADJUNCT,
7941,0,when the hammer knocked you down.,1.0,-NONE-ABAR-RC-,T,RC,ADVP,ADVP,ADJUNCT,ADJUNCT,WHADVP-1,WHADVP,EQ,EQ_ADJUNCT,
7954,0,what do you think?,1.0,-NONE-ABAR-WH-,T,WH,NP,NP,OBJ,OBJ,WHNP-1-<INANIM>-<SUBJMATT-V1>,WHNP,MQ,MQ_OBJ,
7956,0,perhaps there's a tiny one *NULL* to go in the tiny hole.,1.0,-NONE-ABAR-RC-,T,RC,NP,NP,SUBJ,SUBJ,WHNP-1-<INANIM>-<THEME-V1>,WHNP,RC,RC_SUBJ,
7962,0,why don't you turn it over?,1.0,-NONE-ABAR-WH-,T,WH,ADVP,ADVP,ADJUNCT,ADJUNCT,WHADVP-1,WHADVP,MQ,MQ_ADJUNCT,
7968,0,"what do you want, Adam?",1.0,-NONE-ABAR-WH-,T,WH,NP,NP,OBJ,OBJ,WHNP-1-<INANIM>-<SUBJMATT-V1>,WHNP,MQ,MQ_OBJ,
7969,0,that's what I thought.,1.0,-NONE-ABAR-RC-,T,RC,NP,NP,OBJ,OBJ,WHNP-1-<INANIM>-<SUBJMATT-V1>,WHNP,EQ,EQ_OBJ,thought
7971,0,I don't quite know how that fits on there.,1.0,-NONE-ABAR-WH-,T,WH,ADVP,ADVP,ADJUNCT,ADJUNCT,WHADVP-1,WHADVP,EQ,EQ_ADJUNCT,know
7972,0,what is it?,1.0,-NONE-ABAR-WH-,T,WH,NP,NP,OBJ,OBJ,WHNP-1-<INANIM>,WHNP,MQ,MQ_OBJ,
7975,0,what's missing?,1.0,-NONE-ABAR-WH-,T,WH,NP,NP,SUBJ,SUBJ,WHNP-1-<INANIM>,WHNP,MQ,MQ_SUBJ,
7976,0,I don't know what you'd call that.,1.0,-NONE-ABAR-WH-,T,WH,NP,NP,OBJ,OBJ,WHNP-1-<INAIM>-<PATIENT-V2>,WHNP,EQ,EQ_OBJ,know
7978,0,what do you think it is?,1.0,-NONE-ABAR-WH-,T,WH,NP,NP,OBJ,OBJ,WHNP-1-<INANIM>,WHNP,EQ,EQ_OBJ,think
7980,0,what does he need if he jumps out?,,,,POLAR,,,,POLAR,,,EQ,EQ_POLAR,need
7980,1,what does he need if he jumps out?,1.0,-NONE-ABAR-WH-,T,WH,NP,NP,OBJ,OBJ,WHNP-1-<INANIM>-<SUBJMATT-V1>,WHNP,MQ,MQ_OBJ,
7981,0,what is it saying?,1.0,-NONE-ABAR-WH-,T,WH,NP,NP,OBJ,OBJ,WHNP-1-<INANIM>-<PATIENT-V1>,WHNP,MQ,MQ_OBJ,
7983,0,did you remember what this is on his back?,1.0,-NONE-ABAR-RC-,T,RC,NP,NP,OBJ,OBJ,WHNP-1-<INANIM>,WHNP,EQ,EQ_OBJ,remember
7985,0,and when you throw it up in the air what happens?,3.0,-NONE-ABAR-WH-,T,WH,ADVP,ADVP,ADJUNCT,ADJUNCT,WHADVP-3,WHADVP,EQ,EQ_ADJUNCT,
7985,1,and when you throw it up in the air what happens?,1.0,-NONE-ABAR-WH-,T,WH,NP,NP,SUBJ,SUBJ,WHNP-1-<INANIM>-<THEME-V2>,WHNP,EQ,EQ_SUBJ,
7986,0,I don't know where you put it.,1.0,-NONE-ABAR-WH-,T,WH,ADVP,ADVP,ADJUNCT,ADJUNCT,WHADVP-1,WHADVP,EQ,EQ_ADJUNCT,know
7987,0,"Adam, when it opens it looks like this.",2.0,-NONE-ABAR-RC-,T,RC,ADVP,ADVP,ADJUNCT,ADJUNCT,WHADVP-2,WHADVP,EQ,EQ_ADJUNCT,
7995,0,"look, what is that?",1.0,-NONE-ABAR-WH-,T,WH,NP,NP,OBJ,OBJ,WHNP-1-<INANIM>,WHNP,MQ,MQ_OBJ,
7997,0,what is that?,1.0,-NONE-ABAR-WH-,T,WH,NP,NP,OBJ,OBJ,WHNP-1-<INANIM>,WHNP,MQ,MQ_OBJ,
8000,0,what is this?,1.0,-NONE-ABAR-WH-,T,WH,NP,NP,OBJ,OBJ,WHNP-1-<INANIM>,WHNP,MQ,MQ_OBJ,
8005,0,do you remember what it is?,1.0,-NONE-ABAR-WH-,T,WH,NP,NP,OBJ,OBJ,WHNP-1-<INANIM>,WHNP,EQ,EQ_OBJ,remember
8016,0,and what is this?,1.0,-NONE-ABAR-WH-,T,WH,NP,NP,OBJ,OBJ,WHNP-<INANIM>,WHNP,EQ,EQ_OBJ,
8022,0,what is this?,1.0,-NONE-ABAR-WH-,T,WH,NP,NP,OBJ,OBJ,WHNP-1-<INANIM>,WHNP,MQ,MQ_OBJ,
8025,0,"oh, I've never seen a bear that looked like that.",1.0,-NONE-ABAR-RC-,T,RC,NP,NP,SUBJ,SUBJ,WHNP-1-<INANIM>-<CAUSER-V2>,WHNP,RC,RC_SUBJ,
8027,0,what is this?,1.0,-NONE-ABAR-WH-,T,WH,NP,NP,OBJ,OBJ,WHNP-1-<INANIM>,WHNP,MQ,MQ_OBJ,
8028,0,what are these?,1.0,-NONE-ABAR-WH-,T,WH,NP,NP,OBJ,OBJ,WHNP-1-<INANIM>,WHNP,MQ,MQ_OBJ,
8029,0,if this is a drum and you have these with the drum what do you call,,,,POLAR,,,,POLAR,,,EQ,EQ_POLAR,
8031,0,"no, what would you call those?",1.0,-NONE-ABAR-WH-,T,WH,NP,NP,OBJ,OBJ,WHNP-1-<INANIM>-<PATIENT-V1>,WHNP,MQ,MQ_OBJ,
8032,0,if you have a drum and you play the drum with these what would you,,,,POLAR,,,,POLAR,,,EQ,EQ_POLAR,
8035,0,and what are these?,1.0,-NONE-ABAR-WH-,T,WH,NP,NP,OBJ,OBJ,WHNP-1-<INANIM>,WHNP,EQ,EQ_OBJ,
8040,0,and what are these?,1.0,-NONE-ABAR-WH-,T,WH,NP,NP,OBJ,OBJ,WHNP-1-<INANIM>,WHNP,EQ,EQ_OBJ,
8043,0,what is this?,1.0,-NONE-ABAR-WH-,T,WH,NP,NP,OBJ,OBJ,WHNP-1-<INANIM>,WHNP,MQ,MQ_OBJ,
8046,0,we'll see one next time *NULL* we go the grocery store.,1.0,-NONE-ABAR-RC-,T,RC,ADVP,ADVP,ADJUNCT,ADJUNCT,WHADVP-1,WHADVP,RC,RC_ADJUNCT,
8047,0,what is this?,1.0,-NONE-ABAR-WH-,T,WH,NP,NP,OBJ,OBJ,WHNP-1-<INANIM>,WHNP,MQ,MQ_OBJ,
8051,0,and what is this?,1.0,-NONE-ABAR-WH-,T,WH,NP,NP,OBJ,OBJ,WHNP-1-<INANIM>,WHNP,EQ,EQ_OBJ,
8052,0,what is that?,1.0,-NONE-ABAR-WH-,T,WH,NP,NP,OBJ,OBJ,WHNP-<INANIM>,WHNP,MQ,MQ_OBJ,
8057,0,if you turn one they all turn.,,,,POLAR,,,,POLAR,,,EQ,EQ_POLAR,
8062,0,what do you think he might be?,1.0,-NONE-ABAR-WH-,T,WH,NP,NP,OBJ,OBJ,WHNP-1-<INANIM>,WHNP,EQ,EQ_OBJ,think
8065,0,what are these?,1.0,-NONE-ABAR-WH-,T,WH,NP,NP,OBJ,OBJ,WHNP-1-<INANIM>,WHNP,MQ,MQ_OBJ,
8069,0,what is that?,1.0,-NONE-ABAR-WH-,T,WH,NP,NP,OBJ,OBJ,WHNP-1-<INANIM>,WHNP,MQ,MQ_OBJ,
8071,0,what is this?,1.0,-NONE-ABAR-WH-,T,WH,NP,NP,OBJ,OBJ,WHNP-1-<INANIM>,WHNP,MQ,MQ_OBJ,
8076,0,what is this?,1.0,-NONE-ABAR-WH-,T,WH,NP,NP,OBJ,OBJ,WHNP-1-<INANIM>,WHNP,MQ,MQ_OBJ,
8080,0,what is this?,1.0,-NONE-ABAR-WH-,T,WH,NP,NP,OBJ,OBJ,WHNP-1-<INANIM>,WHNP,MQ,MQ_OBJ,
8081,0,what is that?,1.0,-NONE-ABAR-WH-,T,WH,NP,NP,OBJ,OBJ,WHNP-1-<INANIM>,WHNP,MQ,MQ_OBJ,
8082,0,and what is the house on?,1.0,-NONE-ABAR-WH-,T,WH,NP,NP,OBJ,OBJ,WHNP-1-<INANIM>,WHNP,EQ,EQ_OBJ,
8086,0,"it would be a nice place *NULL* to slide in winter, wouldn't it?",1.0,-NONE-ABAR-RC-,T,RC,NP,NP,OBJ,OBJ,WHNP-1-<INANIM>-<LOC-V1>,WHNP,RC,RC_OBJ,
8087,0,and what is this?,1.0,-NONE-ABAR-WH-,T,WH,NP,NP,OBJ,OBJ,WHNP-1-<INANIM>,WHNP,EQ,EQ_OBJ,
8088,0,who's there?,1.0,-NONE-ABAR-WH-,T,WH,NP,NP,SUBJ,SUBJ,WHNP-1-<ANIM>,WHNP,MQ,MQ_SUBJ,
8091,0,what are these?,1.0,-NONE-ABAR-WH-,T,WH,NP,NP,OBJ,OBJ,WHNP-1-<INANIM>,WHNP,MQ,MQ_OBJ,
8093,0,what is that?,1.0,-NONE-ABAR-WH-,T,WH,NP,NP,OBJ,OBJ,WHNP-1-<INANIM>,WHNP,MQ,MQ_OBJ,
8095,0,and what is this?,1.0,-NONE-ABAR-WH-,T,WH,NP,NP,OBJ,OBJ,WHNP-1-<INANIM>,WHNP,EQ,EQ_OBJ,
8097,0,what are those?,1.0,-NONE-ABAR-WH-,T,WH,NP,NP,OBJ,OBJ,WHNP-1-<INANIM>,WHNP,MQ,MQ_OBJ,
8101,0,"yes, but what is it?",1.0,-NONE-ABAR-WH-,T,WH,NP,NP,OBJ,OBJ,WHNP-1-<INANIM>,WHNP,EQ,EQ_OBJ,
8109,0,he's a little animal who lives outside.,1.0,-NONE-ABAR-RC-,T,RC,NP,NP,SUBJ,SUBJ,WHNP-1-<ANIM>-<THEME-V1>,WHNP,RC,RC_SUBJ,
8112,0,what is this?,1.0,-NONE-ABAR-WH-,T,WH,NP,NP,OBJ,OBJ,WHNP-1-<INANIM>,WHNP,MQ,MQ_OBJ,
8113,0,"what are those, Adam?",1.0,-NONE-ABAR-WH-,T,WH,NP,NP,OBJ,OBJ,WHNP-1-<INANIM>,WHNP,MQ,MQ_OBJ,
8117,0,what is this?,1.0,-NONE-ABAR-WH-,T,WH,NP,NP,OBJ,OBJ,WHNP-1-<INANIM>,WHNP,MQ,MQ_OBJ,
8123,0,what is this?,1.0,-NONE-ABAR-WH-,T,WH,NP,NP,OBJ,OBJ,WHNP-1-<INANIM>,WHNP,MQ,MQ_OBJ,
8126,0,how many arms does he have?,1.0,-NONE-ABAR-WH-,T,WH,NP,NP,OBJ,OBJ,WHNP-1-<INANIM>-<THEME-V1>,WHNP,MQ,MQ_OBJ,
8129,0,what is that?,1.0,-NONE-ABAR-WH-,T,WH,NP,NP,OBJ,OBJ,WHNP-1-<INANIM>,WHNP,MQ,MQ_OBJ,
8134,0,what is this?,1.0,-NONE-ABAR-WH-,T,WH,NP,NP,OBJ,OBJ,WHNP-1-<INANIM>,WHNP,MQ,MQ_OBJ,
8137,0,where are two?,1.0,-NONE-ABAR-WH-,T,WH,ADVP,ADVP,ADJUNCT,ADJUNCT,WHADVP-1,WHADVP,MQ,MQ_ADJUNCT,
8138,0,where is a peach?,1.0,-NONE-ABAR-WH-,T,WH,ADVP,ADVP,ADJUNCT,ADJUNCT,WHADVP-1,WHADVP,MQ,MQ_ADJUNCT,
8139,0,what's that?,1.0,-NONE-ABAR-WH-,T,WH,NP,NP,OBJ,OBJ,WHNP-1-<INANIM>,WHNP,MQ,MQ_OBJ,
8142,0,what is this?,1.0,-NONE-ABAR-WH-,T,WH,NP,NP,OBJ,OBJ,WHNP-1-<INANIM>,WHNP,MQ,MQ_OBJ,
8143,0,"oh, you don't know what that is?",1.0,-NONE-ABAR-WH-,T,WH,NP,NP,OBJ,OBJ,WHNP-1-<INANIM>,WHNP,EQ,EQ_OBJ,know
8144,0,what is it?,1.0,-NONE-ABAR-WH-,T,WH,NP,NP,OBJ,OBJ,WHNP-1-<INANIM>,WHNP,MQ,MQ_OBJ,
8146,0,what does that look like?,1.0,-NONE-ABAR-WH-,T,WH,NP,NP,OBJ,OBJ,WHNP-1-<INANIM>-<SUBJMATT-V1>,WHNP,MQ,MQ_OBJ,
8148,0,do you know who this is?,1.0,-NONE-ABAR-WH-,T,WH,NP,NP,OBJ,OBJ,WHNP-1-<ANIM>,WHNP,EQ,EQ_OBJ,know
8159,0,what is that?,1.0,-NONE-ABAR-WH-,T,WH,NP,NP,OBJ,OBJ,WHNP-1-<INANIM>,WHNP,MQ,MQ_OBJ,
8163,0,because that's the way *NULL* a snake has to move.,1.0,-NONE-ABAR-RC-,T,RC,ADVP,ADVP,ADJUNCT,ADJUNCT,WHADVP-1,WHADVP,RC,RC_ADJUNCT,
8168,0,and what is this?,1.0,-NONE-ABAR-WH-,T,WH,NP,NP,OBJ,OBJ,WHNP-1-<INANIM>,WHNP,EQ,EQ_OBJ,
8170,0,if he's not a snapping turtle.,,,,POLAR,,,,POLAR,,,EQ,EQ_POLAR,
8172,0,I guess if you wanted to.,,,,POLAR,,,,POLAR,,,EQ,EQ_POLAR,guess
8173,0,if you knew where his Mother was.,,,,POLAR,,,,POLAR,,,EQ,EQ_POLAR,
8173,1,if you knew where his Mother was.,1.0,-NONE-ABAR-WH-,T,WH,ADVP,ADVP,ADJUNCT,ADJUNCT,WHADVP-1,WHADVP,EQ,EQ_ADJUNCT,knew
8174,0,what is that?,1.0,-NONE-ABAR-WH-,T,WH,NP,NP,OBJ,OBJ,WHNP-1-<INANIM>,WHNP,MQ,MQ_OBJ,
8180,0,who're you going to put in the bag with you?,1.0,-NONE-ABAR-WH-,T,WH,NP,NP,OBJ,OBJ,WHNP-1-<ANIM>-<PATIENT-V1>,WHNP,MQ,MQ_OBJ,
8199,0,"who's going down, Adam?",1.0,-NONE-ABAR-WH-,T,WH,NP,NP,SUBJ,SUBJ,WHNP-1-<ANIM>-<THEME-V1>,WHNP,MQ,MQ_SUBJ,
8205,0,"why does it fall apart, Adam?",1.0,-NONE-ABAR-WH-,T,WH,ADVP,ADVP,ADJUNCT,ADJUNCT,WHADVP-1,WHADVP,MQ,MQ_ADJUNCT,
8206,0,why does it?,1.0,-NONE-ABAR-WH-,T,WH,ADVP,ADVP,ADJUNCT,ADJUNCT,WHADVP-1,WHADVP,MQ,MQ_ADJUNCT,
8209,0,the part that comes out of the blower.,1.0,-NONE-ABAR-RC-,T,RC,NP,NP,SUBJ,SUBJ,WHNP-1-<INANIM>-<THEME-V1>,WHNP,RC,RC_SUBJ,
8212,0,what happens when you laugh?,1.0,-NONE-ABAR-WH-,T,WH,NP,NP,SUBJ,SUBJ,WHNP-1-<INANIM>-<THEME-V1>,WHNP,MQ,MQ_SUBJ,
8212,1,what happens when you laugh?,2.0,-NONE-ABAR-WH-,T,WH,ADVP,ADVP,ADJUNCT,ADJUNCT,WHADVP-2,WHADVP,EQ,EQ_ADJUNCT,happens
8216,0,is this what you said you wanted to make?,1.0,-NONE-ABAR-RC-,T,RC,NP,NP,OBJ,OBJ,WHNP-1-<INANIM>-<PATIENT-V3>,WHNP,EQ,EQ_OBJ,said
8220,0,I'll make one if you like.,,,,POLAR,,,,POLAR,,,EQ,EQ_POLAR,make
8234,0,what do you think it's for?,1.0,-NONE-ABAR-WH-,T,WH,NP,NP,OBJ,OBJ,WHNP-1-<INANIM>,WHNP,EQ,EQ_OBJ,think
8255,0,what is it?,1.0,-NONE-ABAR-WH-,T,WH,NP,NP,OBJ,OBJ,WHNP-1-<INANIM>,WHNP,MQ,MQ_OBJ,
8258,0,what does he have?,1.0,-NONE-ABAR-WH-,T,WH,NP,NP,OBJ,OBJ,WHNP-1-<INANIM>-<THEME-V1>,WHNP,MQ,MQ_OBJ,
8262,0,the little girl with whom you were playing the other day.,1.0,-NONE-ABAR-RC-,T,RC,PP,PP,ADJUNCT,ADJUNCT,WHPP-1-<PATIENT-V1>,WHPP,RC,RC_ADJUNCT,
8270,0,where is the al?,1.0,-NONE-ABAR-WH-,T,WH,ADVP,ADVP,ADJUNCT,ADJUNCT,WHADVP-1,WHADVP,MQ,MQ_ADJUNCT,
8274,0,I think there's an advertisement that says.,1.0,-NONE-ABAR-RC-,T,RC,NP,NP,SUBJ,SUBJ,WHNP-1-<INANIM>-<THEME-V1>,WHNP,RC,RC_SUBJ,
8278,0,there's a dot that says cross your printing set?,1.0,-NONE-ABAR-RC-,T,RC,NP,NP,SUBJ,SUBJ,WHNP-1-<INANIM>-<AGENT-V1>,WHNP,RC,RC_SUBJ,
8279,0,"oh, Adam, what is this?",1.0,-NONE-ABAR-WH-,T,WH,NP,NP,OBJ,OBJ,WHNP-1-<INANIM>,WHNP,MQ,MQ_OBJ,
8282,0,what is this the top to?,1.0,-NONE-ABAR-WH-,T,WH,NP,NP,OBJ,OBJ,WHNP-1-<INANIM>,WHNP,MQ,MQ_OBJ,
8284,0,where's the bottom?,1.0,-NONE-ABAR-WH-,T,WH,ADVP,ADVP,ADJUNCT,ADJUNCT,WHADVP-1,WHADVP,MQ,MQ_ADJUNCT,
8293,0,what is that?,1.0,-NONE-ABAR-WH-,T,WH,NP,NP,OBJ,OBJ,WHNP-1-<INANIM>,WHNP,MQ,MQ_OBJ,
8297,0,"no, what did he used to have?",1.0,-NONE-ABAR-WH-,T,WH,NP,NP,OBJ,OBJ,WHNP-1-<INANIM>-<THEME-V1>,WHNP,MQ,MQ_OBJ,
8298,0,what did he have that for?,1.0,-NONE-ABAR-WH-,T,WH,NP,NP,OBJ,OBJ,WHNP-1-<INANIM>,WHNP,MQ,MQ_OBJ,
8300,0,what did he do?,1.0,-NONE-ABAR-WH-,T,WH,NP,NP,OBJ,OBJ,WHNP-1-<INANIM>-<THEME-V1>,WHNP,MQ,MQ_OBJ,
8302,0,what is that?,1.0,-NONE-ABAR-WH-,T,WH,NP,NP,OBJ,OBJ,WHNP-1-<INANIM>,WHNP,MQ,MQ_OBJ,
8312,0,do you know whose name that is?,1.0,-NONE-ABAR-WH-,T,WH,NP,NP,OBJ,OBJ,WHNP-1-<INANIM>,WHNP,EQ,EQ_OBJ,know
8319,0,you're the doggie who ran away?,1.0,-NONE-ABAR-RC-,T,RC,NP,NP,SUBJ,SUBJ,WHNP-1-<ANIM>-<AGENT-V1>,WHNP,RC,RC_SUBJ,
8320,0,what's your name?,1.0,-NONE-ABAR-WH-,T,WH,NP,NP,OBJ,OBJ,WHNP-1-<INANIM>,WHNP,MQ,MQ_OBJ,
8322,0,"oh, perhaps that's the kind *NULL* you look through.",1.0,-NONE-ABAR-RC-,T,RC,NP,NP,OBJ,OBJ,WHNP-1-<INANIM>-<LOC-V1>,WHNP,RC,RC_OBJ,
8323,0,what was it?,1.0,-NONE-ABAR-WH-,T,WH,NP,NP,OBJ,OBJ,WHNP-1-<INANIM>,WHNP,MQ,MQ_OBJ,
8326,0,what is it?,1.0,-NONE-ABAR-WH-,T,WH,NP,NP,OBJ,OBJ,WHNP-1-<INANIM>,WHNP,MQ,MQ_OBJ,
8331,0,what do you think it is?,1.0,-NONE-ABAR-WH-,T,WH,NP,NP,OBJ,OBJ,WHNP-1-<INANIM>,WHNP,EQ,EQ_OBJ,think
8333,0,what made you think that was a joke?,1.0,-NONE-ABAR-WH-,T,WH,NP,NP,SUBJ,SUBJ,WHNP-1-<INANIM>-<CAUSER-V1>,WHNP,MQ,MQ_SUBJ,
8334,0,"is that really what that is, Adam?",1.0,-NONE-ABAR-RC-,T,RC,NP,NP,OBJ,OBJ,WHNP-1-<INANIM>,WHNP,EQ,EQ_OBJ,
8336,0,what do you think it is?,1.0,-NONE-ABAR-WH-,T,WH,NP,NP,OBJ,OBJ,WHNP-1-<INANIM>,WHNP,EQ,EQ_OBJ,think
8337,0,what does it look like?,1.0,-NONE-ABAR-WH-,T,WH,NP,NP,OBJ,OBJ,WHNP-1-<INANIM>-<SUBJMATT-V1>,WHNP,MQ,MQ_OBJ,
8338,0,what is it?,1.0,-NONE-ABAR-WH-,T,WH,NP,NP,OBJ,OBJ,WHNP-1-<INANIM>,WHNP,MQ,MQ_OBJ,
8340,0,what does it look like?,1.0,-NONE-ABAR-WH-,T,WH,NP,NP,OBJ,OBJ,WHNP-1-<INANIM>-<SUBJMATT-V1>,WHNP,MQ,MQ_OBJ,
8341,0,is that what I look like?,1.0,-NONE-ABAR-RC-,T,RC,NP,NP,OBJ,OBJ,WHNP-1-<INANIM>-<SUBJMATT-V1>,WHNP,EQ,EQ_OBJ,look
8343,0,"let's see, Adam, what the next one is.",1.0,-NONE-ABAR-WH-,T,WH,NP,NP,OBJ,OBJ,WHNP-1-<ANIM>,WHNP,EQ,EQ_OBJ,see
8344,0,you tell me what they look like and I'll tell you what they are.,1.0,-NONE-ABAR-RC-,T,RC,NP,NP,OBJ,OBJ,WHNP-1-<INANIM>-<SUBJMATT-V2>,WHNP,EQ,EQ_OBJ,tell
8344,1,you tell me what they look like and I'll tell you what they are.,2.0,-NONE-ABAR-RC-,T,RC,NP,NP,OBJ,OBJ,WHNP-2-<INANIM>,WHNP,EQ,EQ_OBJ,tell
8345,0,what's that?,1.0,-NONE-ABAR-WH-,T,WH,NP,NP,OBJ,OBJ,WHNP-<INANIM>,WHNP,MQ,MQ_OBJ,
8348,0,whoever saw a stone fly?,1.0,-NONE-ABAR-WH-,T,WH,NP,NP,SUBJ,SUBJ,WHNP-1-<ANIM>-<EXPER-V1>,WHNP,MQ,MQ_SUBJ,
8350,0,how did you see a stone fly?,1.0,-NONE-ABAR-WH-,T,WH,ADVP,ADVP,ADJUNCT,ADJUNCT,WHADVP-1,WHADVP,MQ,MQ_ADJUNCT,
8359,0,what do you think it is?,1.0,-NONE-ABAR-WH-,T,WH,NP,NP,OBJ,OBJ,WHNP-1-<INANIM>,WHNP,EQ,EQ_OBJ,think
8368,0,what is it?,1.0,-NONE-ABAR-WH-,T,WH,NP,NP,OBJ,OBJ,WHNP-1-<INANIM>,WHNP,MQ,MQ_OBJ,
8370,0,what's your brother's name?,1.0,-NONE-ABAR-WH-,T,WH,NP,NP,OBJ,OBJ,WHNP-1-<INANIM>,WHNP,MQ,MQ_OBJ,
8371,0,what's your brother's name?,1.0,-NONE-ABAR-WH-,T,WH,NP,NP,OBJ,OBJ,WHNP-1-<INANIM>,WHNP,MQ,MQ_OBJ,
8374,0,what's his name?,1.0,-NONE-ABAR-WH-,T,WH,NP,NP,OBJ,OBJ,WHNP-1-<INANIM>,WHNP,MQ,MQ_OBJ,
8375,0,what's your sister's name?,1.0,-NONE-ABAR-WH-,T,WH,NP,NP,OBJ,OBJ,WHNP-1-<INANIM>,WHNP,MQ,MQ_OBJ,
8388,0,what is so dangerous?,1.0,-NONE-ABAR-WH-,T,WH,NP,NP,SUBJ,SUBJ,WHNP-1-<INANIM>,WHNP,MQ,MQ_SUBJ,
8396,0,what did you get?,1.0,-NONE-ABAR-WH-,T,WH,NP,NP,OBJ,OBJ,WHNP-1-<INANIM>-<PATIENT-V1>,WHNP,MQ,MQ_OBJ,
8403,0,what does that look like?,1.0,-NONE-ABAR-WH-,T,WH,NP,NP,OBJ,OBJ,WHNP-1-<INANIM>-<SUBJMATT-V1>,WHNP,MQ,MQ_OBJ,
8404,0,what do you think?,1.0,-NONE-ABAR-WH-,T,WH,NP,NP,OBJ,OBJ,WHNP-1-<INANIM>-<SUBJMATT-V1>,WHNP,MQ,MQ_OBJ,
8405,0,what do you think that is?,1.0,-NONE-ABAR-WH-,T,WH,NP,NP,OBJ,OBJ,WHNP-1-<INANIM>,WHNP,EQ,EQ_OBJ,think
8406,0,did you tell Ursula what the doctor found in your ears the other,1.0,-NONE-ABAR-WH-,T,WH,NP,NP,OBJ,OBJ,WHNP-1-<INANIM>-<PATIENT-V2>,WHNP,EQ,EQ_OBJ,tell
8416,0,why don't you take two?,1.0,-NONE-ABAR-WH-,T,WH,ADVP,ADVP,ADJUNCT,ADJUNCT,WHADVP-1,WHADVP,MQ,MQ_ADJUNCT,
8417,0,how many do you have?,1.0,-NONE-ABAR-WH-,T,WH,NP,NP,OBJ,OBJ,WHNP-1-<INANIM>-<THEME-V1>,WHNP,MQ,MQ_OBJ,
8423,0,I guess I put all the air in Bobof when I blew him up yesterday.,1.0,-NONE-ABAR-WH-,T,WH,ADVP,ADVP,ADJUNCT,ADJUNCT,WHADVP-1,WHADVP,EQ,EQ_ADJUNCT,put
8425,0,how do you know it's big air?,1.0,-NONE-ABAR-WH-,T,WH,ADVP,ADVP,ADJUNCT,ADJUNCT,WHADVP-1,WHADVP,MQ,MQ_ADJUNCT,
8438,0,she willn't have any *NULL* to give to Robin and David.,1.0,-NONE-ABAR-RC-,T,RC,NP,NP,OBJ,OBJ,WHNP-1-<INANIM>-<PATIENT-V2>,WHNP,RC,RC_OBJ,
8440,0,what color are these?,1.0,-NONE-ABAR-WH-,T,WH,NP,NP,OBJ,OBJ,WHNP-1-<INANIM>,WHNP,MQ,MQ_OBJ,
8441,0,what color is this?,1.0,-NONE-ABAR-WH-,T,WH,NP,NP,OBJ,OBJ,WHNP-1-<INANIM>,WHNP,MQ,MQ_OBJ,
8445,0,why don't you sing that song?,1.0,-NONE-ABAR-WH-,T,WH,ADVP,ADVP,ADJUNCT,ADJUNCT,WHADVP-1,WHADVP,MQ,MQ_ADJUNCT,
8447,0,why don't you sing that song for Ursula?,1.0,-NONE-ABAR-WH-,T,WH,ADVP,ADVP,ADJUNCT,ADJUNCT,WHADVP-1,WHADVP,MQ,MQ_ADJUNCT,
8448,0,what is that song?,1.0,-NONE-ABAR-WH-,T,WH,NP,NP,OBJ,OBJ,WHNP-1-<INANIM>,WHNP,MQ,MQ_OBJ,
8452,0,what is that in your shoe?,1.0,-NONE-ABAR-WH-,T,WH,NP,NP,OBJ,OBJ,WHNP-1-<INANIM>,WHNP,MQ,MQ_OBJ,
8458,0,where's my farmyard truck?,1.0,-NONE-ABAR-WH-,T,WH,ADVP,ADVP,ADJUNCT,ADJUNCT,WHADVP-1,WHADVP,MQ,MQ_ADJUNCT,
8462,0,what did you play outside?,1.0,-NONE-ABAR-WH-,T,WH,NP,NP,OBJ,OBJ,WHNP-1-<INANIM>-<THEME-V1>,WHNP,MQ,MQ_OBJ,
8475,0,I thought perhaps if you looked you could tell me.,,,,POLAR,,,,POLAR,,,EQ,EQ_POLAR,thought
8478,0,what kind of bird is it?,1.0,-NONE-ABAR-WH-,T,WH,NP,NP,OBJ,OBJ,WHNP-1-<INANIM>,WHNP,MQ,MQ_OBJ,
8479,0,what do you mean on my bone leg?,1.0,-NONE-ABAR-WH-,T,WH,NP,NP,OBJ,OBJ,WHNP-1-<INANIM>-<PATIENT-V1>,WHNP,MQ,MQ_OBJ,
8480,0,how can you throw snowballs.,1.0,-NONE-ABAR-WH-,T,WH,ADVP,ADVP,ADJUNCT,ADJUNCT,WHADVP-1,WHADVP,MQ,MQ_ADJUNCT,
8484,0,why do you say that?,1.0,-NONE-ABAR-WH-,T,WH,ADVP,ADVP,ADJUNCT,ADJUNCT,WHADVP-1,WHADVP,MQ,MQ_ADJUNCT,
8488,0,how does snow feel?,1.0,-NONE-ABAR-WH-,T,WH,ADVP,ADVP,ADJUNCT,ADJUNCT,WHADVP-1,WHADVP,MQ,MQ_ADJUNCT,
8489,0,how does snow feel?,1.0,-NONE-ABAR-WH-,T,WH,ADVP,ADVP,ADJUNCT,ADJUNCT,WHADVP-1,WHADVP,MQ,MQ_ADJUNCT,
8490,0,did you tell Ursula what movie you saw Saturday?,1.0,-NONE-ABAR-RC-,T,RC,NP,NP,OBJ,OBJ,WHNP-1-<INANIM>-<SUBJMATT-V2>,WHNP,EQ,EQ_OBJ,tell
8491,0,you were telling me about a movie that you saw.,1.0,-NONE-ABAR-RC-,T,RC,NP,NP,OBJ,OBJ,WHNP-1-<INANIM>-<SUBJMATT-V2>,WHNP,RC,RC_OBJ,
8505,0,why don't you try to throw an animal in the bag?,1.0,-NONE-ABAR-WH-,T,WH,ADVP,ADVP,ADJUNCT,ADJUNCT,WHADVP-1,WHADVP,MQ,MQ_ADJUNCT,
8516,0,why would you do that?,1.0,-NONE-ABAR-WH-,T,WH,ADVP,ADVP,ADJUNCT,ADJUNCT,WHADVP-1,WHADVP,MQ,MQ_ADJUNCT,
8524,0,what's the matter?,1.0,-NONE-ABAR-WH-,T,WH,NP,NP,OBJ,OBJ,WHNP-1-<INANIM>,WHNP,MQ,MQ_OBJ,
8525,0,why did you ask me to do that?,1.0,-NONE-ABAR-WH-,T,WH,ADVP,ADVP,ADJUNCT,ADJUNCT,WHADVP-1,WHADVP,MQ,MQ_ADJUNCT,
8528,0,what do you want to play?,1.0,-NONE-ABAR-WH-,T,WH,NP,NP,OBJ,OBJ,WHNP-1-<INANIM>-<THEME-V2>,WHNP,MQ,MQ_OBJ,
8530,0,why don't you ask Ursula where she got this?,2.0,-NONE-ABAR-RC-,T,RC,ADVP,ADVP,ADJUNCT,ADJUNCT,WHADVP-2,WHADVP,EQ,EQ_ADJUNCT,ask
8530,1,why don't you ask Ursula where she got this?,1.0,-NONE-ABAR-WH-,T,WH,ADVP,ADVP,ADJUNCT,ADJUNCT,WHADVP-1,WHADVP,MQ,MQ_ADJUNCT,
8537,0,I think she has an interesting story *NULL* to tell about those.,1.0,-NONE-ABAR-RC-,T,RC,NP,NP,OBJ,OBJ,WHNP-1-<INANIM>-<THEME-V3>,WHNP,RC,RC_OBJ,
8540,0,if you ate all of those animals certainly you must have a big,,,,POLAR,,,,POLAR,,,EQ,EQ_POLAR,
8546,0,where does that go?,1.0,-NONE-ABAR-WH-,T,WH,ADVP,ADVP,ADJUNCT,ADJUNCT,WHADVP-1,WHADVP,MQ,MQ_ADJUNCT,
8551,0,"what's the matter with your finger, Adam?",1.0,-NONE-ABAR-WH-,T,WH,NP,NP,OBJ,OBJ,WHNP-1-<INANIM>,WHNP,MQ,MQ_OBJ,
8556,0,why does your finger hurt?,1.0,-NONE-ABAR-WH-,T,WH,ADVP,ADVP,ADJUNCT,ADJUNCT,WHADVP-1,WHADVP,MQ,MQ_ADJUNCT,
8561,0,how do you play baseball?,1.0,-NONE-ABAR-WH-,T,WH,ADVP,ADVP,ADJUNCT,ADJUNCT,WHADVP-1,WHADVP,MQ,MQ_ADJUNCT,
8563,0,and what do you do?,1.0,-NONE-ABAR-WH-,T,WH,NP,NP,OBJ,OBJ,WHNP-1-<INANIM>-<THEME-V1>,WHNP,EQ,EQ_OBJ,
8566,0,why do you swing the bat?,1.0,-NONE-ABAR-WH-,T,WH,ADVP,ADVP,ADJUNCT,ADJUNCT,WHADVP-1,WHADVP,MQ,MQ_ADJUNCT,
8568,0,how do you play golf?,1.0,-NONE-ABAR-WH-,T,WH,ADVP,ADVP,ADJUNCT,ADJUNCT,WHADVP-1,WHADVP,MQ,MQ_ADJUNCT,
8571,0,"OH, what is that *NULL* you have in your hand?",2.0,-NONE-ABAR-RC-,T,RC,NP,NP,OBJ,OBJ,WHNP-2-<INANIM>-<THEME-V1>,WHNP,RC,RC_OBJ,
8571,1,"OH, what is that *NULL* you have in your hand?",1.0,-NONE-ABAR-WH-,T,WH,NP,NP,OBJ,OBJ,WHNP-1-<INANIM>,WHNP,MQ,MQ_OBJ,
8572,0,why don't you show Ursula your puppets?,1.0,-NONE-ABAR-WH-,T,WH,ADVP,ADVP,ADJUNCT,ADJUNCT,WHADVP-1,WHADVP,MQ,MQ_ADJUNCT,
8573,0,what kind of puppets are they?,1.0,-NONE-ABAR-WH-,T,WH,NP,NP,OBJ,OBJ,WHNP-1-<INANIM>,WHNP,MQ,MQ_OBJ,
8574,0,what is she doing?,1.0,-NONE-ABAR-WH-,T,WH,NP,NP,OBJ,OBJ,WHNP-1-<INANIM>-<THEME-V1>,WHNP,MQ,MQ_OBJ,
8578,0,how did you hurt your finger?,1.0,-NONE-ABAR-WH-,T,WH,ADVP,ADVP,ADJUNCT,ADJUNCT,WHADVP-1,WHADVP,MQ,MQ_ADJUNCT,
8580,0,why don't you tell Ursula about the television program *NULL* you saw?,2.0,-NONE-ABAR-RC-,T,RC,NP,NP,OBJ,OBJ,WHNP-2-<INANIM>-<SUBJMATT-V2>,WHNP,RC,RC_OBJ,
8580,1,why don't you tell Ursula about the television program *NULL* you saw?,1.0,-NONE-ABAR-WH-,T,WH,ADVP,ADVP,ADJUNCT,ADJUNCT,WHADVP-1,WHADVP,MQ,MQ_ADJUNCT,
8588,0,I don't know where the book is now.,1.0,-NONE-ABAR-WH-,T,WH,ADVP,ADVP,ADJUNCT,ADJUNCT,WHADVP-1,WHADVP,EQ,EQ_ADJUNCT,know
8589,0,why did it do that?,1.0,-NONE-ABAR-WH-,T,WH,ADVP,ADVP,ADJUNCT,ADJUNCT,WHADVP-1,WHADVP,MQ,MQ_ADJUNCT,
8594,0,what do you think?,1.0,-NONE-ABAR-WH-,T,WH,NP,NP,OBJ,OBJ,WHNP-1-<INANIM>-<SUBJMATT-V1>,WHNP,MQ,MQ_OBJ,
8595,0,why don't you get it and see what it does?,2.0,-NONE-ABAR-RC-,T,RC,NP,NP,OBJ,OBJ,WHNP-2-<INANIM>-<THEME-V3>,WHNP,EQ,EQ_OBJ,see
8595,1,why don't you get it and see what it does?,1.0,-NONE-ABAR-WH-,T,WH,ADVP,ADVP,ADJUNCT,ADJUNCT,WHADVP-1,WHADVP,MQ,MQ_ADJUNCT,
8596,0,what's the matter?,1.0,-NONE-ABAR-WH-,T,WH,NP,NP,OBJ,OBJ,WHNP-1-<INANIM>,WHNP,MQ,MQ_OBJ,
8598,0,what do you think it is?,1.0,-NONE-ABAR-WH-,T,WH,NP,NP,OBJ,OBJ,WHNP-1-<INANIM>,WHNP,EQ,EQ_OBJ,think
8600,0,look how nice and soft it is.,1.0,-NONE-ABAR-RC-,T,RC,ADJP,ADJP,ADJUNCT,ADJUNCT,WHADJP-1,WHADJP,EQ,EQ_ADJUNCT,look
8602,0,why don't we name it something.,1.0,-NONE-ABAR-WH-,T,WH,ADVP,ADVP,ADJUNCT,ADJUNCT,WHADVP-1,WHADVP,MQ,MQ_ADJUNCT,
8603,0,"no, you tell me what it is.",1.0,-NONE-ABAR-WH-,T,WH,NP,NP,OBJ,OBJ,WHNP-1-<INANIM>,WHNP,EQ,EQ_OBJ,tell
8604,0,it's something *NULL* you've seen.,1.0,-NONE-ABAR-RC-,T,RC,NP,NP,OBJ,OBJ,WHNP-1-<INANIM>-<SUBJMATT-V1>,WHNP,RC,RC_OBJ,
8606,0,what is the music *NULL* it's playing?,2.0,-NONE-ABAR-RC-,T,RC,NP,NP,OBJ,OBJ,WHNP-2-<INANIM>-<THEME-V1>,WHNP,RC,RC_OBJ,
8606,1,what is the music *NULL* it's playing?,1.0,-NONE-ABAR-WH-,T,WH,NP,NP,OBJ,OBJ,WHNP-1-<INANIM>,WHNP,MQ,MQ_OBJ,
8607,0,"oh, tell me why you're frightened.",1.0,-NONE-ABAR-WH-,T,WH,ADVP,ADVP,ADJUNCT,ADJUNCT,WHADVP-1,WHADVP,EQ,EQ_ADJUNCT,tell
8610,0,why don't you get your book and see if you see anything that looks,,,,POLAR,,,,POLAR,,,EQ,EQ_POLAR,see
8610,1,why don't you get your book and see if you see anything that looks,2.0,-NONE-ABAR-RC-,T,RC,NP,NP,SUBJ,SUBJ,WHNP-2-<INANIM>-<SUBJMATT-V4>,WHNP,RC,RC_SUBJ,
8619,0,"ask Ursula if that's, it is.",,,,POLAR,,,,POLAR,,,EQ,EQ_POLAR,ask
8628,0,what's the name of the song?,1.0,-NONE-ABAR-WH-,T,WH,NP,NP,OBJ,OBJ,WHNP-1-<INANIM>,WHNP,MQ,MQ_OBJ,
8634,0,do they have beginning sounds that are alike?,1.0,-NONE-ABAR-RC-,T,RC,NP,NP,SUBJ,SUBJ,WHNP-1-<INANIM>,WHNP,RC,RC_SUBJ,
8637,0,I don't know what kind they are.,1.0,-NONE-ABAR-WH-,T,WH,NP,NP,OBJ,OBJ,WHNP-1-<INANIM>,WHNP,EQ,EQ_OBJ,know
8643,0,what shall we do?,1.0,-NONE-ABAR-WH-,T,WH,NP,NP,OBJ,OBJ,WHNP-1-<INANIM>-<THEME-V1>,WHNP,MQ,MQ_OBJ,
8647,0,I think it would be much more fun if you find out.,,,,POLAR,,,,POLAR,,,EQ,EQ_POLAR,think
8647,1,I think it would be much more fun if you find out.,,,,POLAR,,,,POLAR,,,EQ,EQ_POLAR,find
8650,0,I don't know if it's that way.,,,,POLAR,,,,POLAR,,,EQ,EQ_POLAR,know
8651,0,what is this?,1.0,-NONE-ABAR-WH-,T,WH,NP,NP,OBJ,OBJ,WHNP-1-<INANIM>,WHNP,MQ,MQ_OBJ,
8655,0,you tell me what sound they make as you pick them up.,1.0,-NONE-ABAR-WH-,T,WH,NP,NP,OBJ,OBJ,WHNP-1-<INANIM>-<PATIENT-V2>,WHNP,EQ,EQ_OBJ,tell
8666,0,what do we make in our factory?,1.0,-NONE-ABAR-WH-,T,WH,NP,NP,OBJ,OBJ,WHNP-1-<INANIM>-<PATIENT-V1>,WHNP,MQ,MQ_OBJ,
8667,0,"oh, what is that?",1.0,-NONE-ABAR-WH-,T,WH,NP,NP,OBJ,OBJ,WHNP-1-<INANIM>,WHNP,MQ,MQ_OBJ,
8668,0,what is that?,1.0,-NONE-ABAR-WH-,T,WH,NP,NP,OBJ,OBJ,WHNP-1-<INANIM>,WHNP,MQ,MQ_OBJ,
8680,0,what did?,1.0,-NONE-ABAR-WH-,T,WH,NP,NP,SUBJ,SUBJ,WHNP-1-<INANIM>,WHNP,MQ,MQ_SUBJ,
8681,0,what ate all the farm animals up?,1.0,-NONE-ABAR-WH-,T,WH,NP,NP,SUBJ,SUBJ,WHNP-1-<INANIM>-<AGENT-V1>,WHNP,MQ,MQ_SUBJ,
8684,0,what do you mean?,1.0,-NONE-ABAR-WH-,T,WH,NP,NP,OBJ,OBJ,WHNP-1-<INANIM>-<PATIENT-V1>,WHNP,MQ,MQ_OBJ,
8685,0,is that a dance *NULL* he's doing?,1.0,-NONE-ABAR-RC-,T,RC,NP,NP,OBJ,OBJ,WHNP-1-<INANIM>-<THEME-V1>,WHNP,RC,RC_OBJ,
8687,0,what is that?,1.0,-NONE-ABAR-WH-,T,WH,NP,NP,OBJ,OBJ,WHNP-1-<INANIM>,WHNP,MQ,MQ_OBJ,
8689,0,when they were cutting the animal out.,1.0,-NONE-ABAR-RC-,T,RC,ADVP,ADVP,ADJUNCT,ADJUNCT,WHADVP-1,WHADVP,EQ,EQ_ADJUNCT,
8701,0,how shall we do it?,1.0,-NONE-ABAR-WH-,T,WH,ADVP,ADVP,ADJUNCT,ADJUNCT,WHADVP-1,WHADVP,MQ,MQ_ADJUNCT,
8706,0,what melted?,1.0,-NONE-ABAR-WH-,T,WH,NP,NP,SUBJ,SUBJ,WHNP-1-<INANIM>-<THEME-V1>,WHNP,MQ,MQ_SUBJ,
8707,0,is that how it goes?,1.0,-NONE-ABAR-RC-,T,RC,ADVP,ADVP,ADJUNCT,ADJUNCT,WHADVP-1,WHADVP,EQ,EQ_ADJUNCT,goes
8712,0,is that where you want the door to be?,1.0,-NONE-ABAR-RC-,T,RC,ADVP,ADVP,ADJUNCT,ADJUNCT,WHADVP-1,WHADVP,EQ,EQ_ADJUNCT,want
8726,0,do you have a tractor that's smaller than that one?,1.0,-NONE-ABAR-RC-,T,RC,NP,NP,SUBJ,SUBJ,WHNP-<INANIM>,WHNP,RC,RC_SUBJ,
8731,0,not on the farm when the animals are out.,2.0,-NONE-ABAR-RC-,T,RC,ADVP,ADVP,ADJUNCT,ADJUNCT,WHADVP-2,WHADVP,EQ,EQ_ADJUNCT,
8736,0,what is it?,1.0,-NONE-ABAR-WH-,T,WH,NP,NP,OBJ,OBJ,WHNP-1-<INANIM>,WHNP,MQ,MQ_OBJ,
8738,0,what is it?,1.0,-NONE-ABAR-WH-,T,WH,NP,NP,OBJ,OBJ,WHNP-1-<INANIM>,WHNP,MQ,MQ_OBJ,
8742,0,"Adam, I hear something over here *NULL* talking in your farm yard.",2.0,-NONE-ABAR-RC-,T,RC,NP,NP,SUBJ,SUBJ,WHNP-2-<INANIM>-<AGENT-V2>,WHNP,RC,RC_SUBJ,
8744,0,what was that?,1.0,-NONE-ABAR-WH-,T,WH,NP,NP,OBJ,OBJ,WHNP-1-<INANIM>,WHNP,MQ,MQ_OBJ,
8749,0,I hear something *NULL* saying gobble gobble gobble gobble gobble gobble.,1.0,-NONE-ABAR-RC-,T,RC,NP,NP,SUBJ,SUBJ,WHNP-1-<INANIM>-<AGENT-V2>,WHNP,RC,RC_SUBJ,
8751,0,"no, I don't hear that *NULL* saying gobble gobble gobble gobble.",1.0,-NONE-ABAR-RC-,T,RC,NP,NP,SUBJ,SUBJ,WHNP-1-<INANIM>-<AGENT-V2>,WHNP,RC,RC_SUBJ,
8752,0,what says gobble gobble?,1.0,-NONE-ABAR-WH-,T,WH,NP,NP,SUBJ,SUBJ,WHNP-1-<INANIM>-<AGENT-V1>,WHNP,MQ,MQ_SUBJ,
8754,0,what does that say?,1.0,-NONE-ABAR-WH-,T,WH,NP,NP,OBJ,OBJ,WHNP-1-<INANIM>-<PATIENT-V1>,WHNP,MQ,MQ_OBJ,
8757,0,where is it?,1.0,-NONE-ABAR-WH-,T,WH,ADVP,ADVP,ADJUNCT,ADJUNCT,WHADVP-1,WHADVP,MQ,MQ_ADJUNCT,
8765,0,why do you need a camera?,1.0,-NONE-ABAR-WH-,T,WH,ADVP,ADVP,ADJUNCT,ADJUNCT,WHADVP-1,WHADVP,MQ,MQ_ADJUNCT,
8779,0,is that what a rooster does?,1.0,-NONE-ABAR-RC-,T,RC,NP,NP,OBJ,OBJ,WHNP-1-<INANIM>-<THEME-V1>,WHNP,EQ,EQ_OBJ,does
8780,0,"he crows, but when he crows what does he say?",3.0,-NONE-ABAR-RC-,T,RC,ADVP,ADVP,ADJUNCT,ADJUNCT,WHADVP-3,WHADVP,EQ,EQ_ADJUNCT,
8780,1,"he crows, but when he crows what does he say?",1.0,-NONE-ABAR-WH-,T,WH,NP,NP,OBJ,OBJ,WHNP-1-<INANIM>-<PATIENT-V3>,WHNP,EQ,EQ_OBJ,
8785,0,why do you think they they have windows?,1.0,-NONE-ABAR-WH-,T,WH,ADVP,ADVP,ADJUNCT,ADJUNCT,WHADVP-1,WHADVP,EQ,EQ_ADJUNCT,think
8787,0,why do you have windows in your house?,1.0,-NONE-ABAR-WH-,T,WH,ADVP,ADVP,ADJUNCT,ADJUNCT,WHADVP-1,WHADVP,MQ,MQ_ADJUNCT,
8790,0,why should there be men in there?,1.0,-NONE-ABAR-WH-,T,WH,ADVP,ADVP,ADJUNCT,ADJUNCT,WHADVP-1,WHADVP,MQ,MQ_ADJUNCT,
8791,0,what's that?,1.0,-NONE-ABAR-WH-,T,WH,NP,NP,OBJ,OBJ,WHNP-1-<INANIM>,WHNP,MQ,MQ_OBJ,
8797,0,how many did you knock down?,1.0,-NONE-ABAR-WH-,T,WH,NP,NP,OBJ,OBJ,WHNP-1-<INANIM>-<PATIENT-V1>,WHNP,MQ,MQ_OBJ,
8801,0,"well, who knocked more down?",1.0,-NONE-ABAR-WH-,T,WH,NP,NP,SUBJ,SUBJ,WHNP-1-<ANIM>-<AGENT-V1>,WHNP,MQ,MQ_SUBJ,
8811,0,why're you doing that?,1.0,-NONE-ABAR-WH-,T,WH,ADVP,ADVP,ADJUNCT,ADJUNCT,WHADVP-1,WHADVP,MQ,MQ_ADJUNCT,
8812,0,what was that that ran away from you?,2.0,-NONE-ABAR-RC-,T,RC,NP,NP,SUBJ,SUBJ,WHNP-2-<INANIM>-<AGENT-V1>,WHNP,RC,RC_SUBJ,
8812,1,what was that that ran away from you?,1.0,-NONE-ABAR-WH-,T,WH,NP,NP,OBJ,OBJ,WHNP-1-<INANIM>,WHNP,MQ,MQ_OBJ,
8813,0,why is that a baby barn?,1.0,-NONE-ABAR-WH-,T,WH,ADVP,ADVP,ADJUNCT,ADJUNCT,WHADVP-1,WHADVP,MQ,MQ_ADJUNCT,
8817,0,if he cann't make them better then he takes them to a doctor who,,,,POLAR,,,,POLAR,,,EQ,EQ_POLAR,
8819,0,but what's his name?,1.0,-NONE-ABAR-WH-,T,WH,NP,NP,OBJ,OBJ,WHNP-1-<INANIM>,WHNP,EQ,EQ_OBJ,
8824,0,you don't know what a field is?,1.0,-NONE-ABAR-WH-,T,WH,NP,NP,OBJ,OBJ,WHNP-1-<INANIM>,WHNP,EQ,EQ_OBJ,know
8826,0,that's just the way *NULL* it was made.,1.0,-NONE-ABAR-RC-,T,RC,ADVP,ADVP,ADJUNCT,ADJUNCT,WHADVP-1,WHADVP,RC,RC_ADJUNCT,
8830,0,what can you see in dark woods?,1.0,-NONE-ABAR-WH-,T,WH,NP,NP,OBJ,OBJ,WHNP-1-<INANIM>-<SUBJMATT-V1>,WHNP,MQ,MQ_OBJ,
8837,0,what kind of game is that?,1.0,-NONE-ABAR-WH-,T,WH,NP,NP,OBJ,OBJ,WHNP-1-<INANIM>,WHNP,MQ,MQ_OBJ,
8839,0,just push down on this when you want to change the picture.,1.0,-NONE-ABAR-RC-,T,RC,ADVP,ADVP,ADJUNCT,ADJUNCT,WHADVP-1,WHADVP,EQ,EQ_ADJUNCT,push
8841,0,what do you think that is?,1.0,-NONE-ABAR-WH-,T,WH,NP,NP,OBJ,OBJ,WHNP-1-<INANIM>,WHNP,EQ,EQ_OBJ,think
8842,0,tell me what you see.,1.0,-NONE-ABAR-WH-,T,WH,NP,NP,OBJ,OBJ,WHNP-1-<INANIM>-<SUBJMATT-V2>,WHNP,EQ,EQ_OBJ,tell
8845,0,what do you see?,1.0,-NONE-ABAR-WH-,T,WH,NP,NP,OBJ,OBJ,WHNP-1-<INANIM>-<SUBJMATT-V1>,WHNP,MQ,MQ_OBJ,
8852,0,what do you see?,1.0,-NONE-ABAR-WH-,T,WH,NP,NP,OBJ,OBJ,WHNP-1-<INANIM>-<SUBJMATT-V1>,WHNP,MQ,MQ_OBJ,
8853,0,what does it look like?,1.0,-NONE-ABAR-WH-,T,WH,NP,NP,OBJ,OBJ,WHNP-1-<INANIM>-<SUBJMATT-V1>,WHNP,MQ,MQ_OBJ,
8855,0,what happened?,1.0,-NONE-ABAR-WH-,T,WH,NP,NP,SUBJ,SUBJ,WHNP-1-<INANIM>-<THEME-V1>,WHNP,MQ,MQ_SUBJ,
8856,0,what does it look like?,1.0,-NONE-ABAR-WH-,T,WH,NP,NP,OBJ,OBJ,WHNP-1-<INANIM>-<SUBJMATT-V1>,WHNP,MQ,MQ_OBJ,
8859,0,what does it look like?,1.0,-NONE-ABAR-WH-,T,WH,NP,NP,OBJ,OBJ,WHNP-1-<INANIM>-<SUBJMATT-V1>,WHNP,MQ,MQ_OBJ,
8864,0,why do you think that's dark?,1.0,-NONE-ABAR-WH-,T,WH,ADVP,ADVP,ADJUNCT,ADJUNCT,WHADVP-1,WHADVP,EQ,EQ_ADJUNCT,think
8866,0,is that the first one *NULL* you saw?,1.0,-NONE-ABAR-RC-,T,RC,NP,NP,OBJ,OBJ,WHNP-1-<INANIM>-<SUBJMATT-V1>,WHNP,RC,RC_OBJ,
8871,0,what was that?,1.0,-NONE-ABAR-WH-,T,WH,NP,NP,OBJ,OBJ,WHNP-1-<INANIM>,WHNP,MQ,MQ_OBJ,
8876,0,any particular city *NULL* you'd like to see?,1.0,-NONE-ABAR-RC-,T,RC,NP,NP,OBJ,OBJ,WHNP-1-<INANIM>-<SUBJMATT-V2>,WHNP,RC,RC_OBJ,
8890,0,what is Goldilocks doing?,1.0,-NONE-ABAR-WH-,T,WH,NP,NP,OBJ,OBJ,WHNP-1-<INANIM>-<THEME-V1>,WHNP,MQ,MQ_OBJ,
8892,0,what's happening now?,1.0,-NONE-ABAR-WH-,T,WH,NP,NP,SUBJ,SUBJ,WHNP-1-<INANIM>-<THEME-V1>,WHNP,MQ,MQ_SUBJ,
8912,0,that's a little boy *NULL* taking the cow to market.,1.0,-NONE-ABAR-RC-,T,RC,NP,NP,SUBJ,SUBJ,WHNP-1-<ANIM>-<AGENT-V1>,WHNP,RC,RC_SUBJ,
8914,0,that's the part of the machine that moves that part over.,1.0,-NONE-ABAR-RC-,T,RC,NP-<INANIM>,NP,SUBJ,SUBJ,WHNP-<INANIM>-<AGENT-V1>,WHNP,RC,RC_SUBJ,
8919,0,why it's dark?,1.0,-NONE-ABAR-WH-,T,WH,ADVP,ADVP,ADJUNCT,ADJUNCT,WHADVP-1,WHADVP,EQ,EQ_ADJUNCT,
8923,0,how can you tell the difference between morning and night?,1.0,-NONE-ABAR-WH-,T,WH,ADVP,ADVP,ADJUNCT,ADJUNCT,WHADVP-1,WHADVP,MQ,MQ_ADJUNCT,
8940,0,how do you mean?,1.0,-NONE-ABAR-WH-,T,WH,ADVP,ADVP,ADJUNCT,ADJUNCT,WHADVP-1,WHADVP,MQ,MQ_ADJUNCT,
8943,0,can you turn and see what happens?,1.0,-NONE-ABAR-RC-,T,RC,NP,NP,SUBJ,SUBJ,WHNP-<INANIM>-<THEME-V3>,WHNP,EQ,EQ_SUBJ,see
8946,0,any particular city *NULL* you'd like to see?,1.0,-NONE-ABAR-RC-,T,RC,NP,NP,OBJ,OBJ,WHNP-1-<INANIM>-<SUBJMATT-V2>,WHNP,RC,RC_OBJ,
8957,0,this is where the Declarations_of_Independence was signed.,1.0,-NONE-ABAR-RC-,T,RC,ADVP,ADVP,ADJUNCT,ADJUNCT,WHADVP-1,WHADVP,EQ,EQ_ADJUNCT,signed
8968,0,where are they?,1.0,-NONE-ABAR-WH-,T,WH,ADVP,ADVP,ADJUNCT,ADJUNCT,WHADVP-1,WHADVP,MQ,MQ_ADJUNCT,
8969,0,where are they?,1.0,-NONE-ABAR-WH-,T,WH,ADVP,ADVP,ADJUNCT,ADJUNCT,WHADVP-1,WHADVP,MQ,MQ_ADJUNCT,
8973,0,how do you know you don't like Arizona?,1.0,-NONE-ABAR-WH-,T,WH,ADVP,ADVP,ADJUNCT,ADJUNCT,WHADVP-1,WHADVP,MQ,MQ_ADJUNCT,
8982,0,do you know what a guitar is?,1.0,-NONE-ABAR-WH-,T,WH,NP,NP,OBJ,OBJ,WHNP-1-<INANIM>,WHNP,EQ,EQ_OBJ,know
8985,0,what happened to the cowboy?,1.0,-NONE-ABAR-WH-,T,WH,NP,NP,SUBJ,SUBJ,WHNP-1-<INANIM>-<THEME-V1>,WHNP,MQ,MQ_SUBJ,
8988,0,what is that?,1.0,-NONE-ABAR-WH-,T,WH,NP,NP,OBJ,OBJ,WHNP-1-<INANIM>,WHNP,MQ,MQ_OBJ,
8991,0,that doesn't look like what Mr Greenjeans plays.,1.0,-NONE-ABAR-RC-,T,RC,NP,NP,OBJ,OBJ,WHNP-1-<INANIM>-<PATIENT-V2>,WHNP,EQ,EQ_OBJ,look
8993,0,what is that?,1.0,-NONE-ABAR-WH-,T,WH,NP,NP,OBJ,OBJ,WHNP-1-<INANIM>,WHNP,MQ,MQ_OBJ,
8998,0,why do you say that?,1.0,-NONE-ABAR-WH-,T,WH,ADVP,ADVP,ADJUNCT,ADJUNCT,WHADVP-1,WHADVP,MQ,MQ_ADJUNCT,
9008,0,what do you hear?,1.0,-NONE-ABAR-WH-,T,WH,NP,NP,OBJ,OBJ,WHNP-1-<INANIM>-<SUBJMATT-V1>,WHNP,MQ,MQ_OBJ,
9014,0,we have a Cub_Scout *NULL* named Israel.,1.0,-NONE-ABAR-RC-,T,RC,NP-2,NP,SUBJ,SUBJ,WHNP-1-<ANIM>-<THEME-V2>,WHNP,RC,RC_SUBJ,
9016,0,it's about the little country that we call the state of Israel.,1.0,-NONE-ABAR-RC-,T,RC,NP,NP,OBJ,OBJ,WHNP-1-<INANIM>-<THEME-V1>,WHNP,RC,RC_OBJ,
9019,0,what does your Mommy teach?,1.0,-NONE-ABAR-WH-,T,WH,NP,NP,OBJ,OBJ,WHNP-1-<INANIM>-<PATIENT-V1>,WHNP,MQ,MQ_OBJ,
9020,0,what does she teach them to do?,1.0,-NONE-ABAR-WH-,T,WH,NP,NP,OBJ,OBJ,WHNP-1-<INANIM>-<THEME-V2>,WHNP,MQ,MQ_OBJ,
9030,0,there are some flowers here that you've seen before.,2.0,-NONE-ABAR-RC-,T,RC,NP,NP,OBJ,OBJ,WHNP-2-<INANIM>-<SUBJMATT-V1>,WHNP,RC,RC_OBJ,
9031,0,see if you can tell me what kind they are.,,,,POLAR,,,,POLAR,,,EQ,EQ_POLAR,see
9031,1,see if you can tell me what kind they are.,1.0,-NONE-ABAR-WH-,T,WH,NP,NP,OBJ,OBJ,WHNP-1-<INANIM>,WHNP,EQ,EQ_OBJ,tell
9042,0,"how does that work, Adam?",1.0,-NONE-ABAR-WH-,T,WH,ADVP,ADVP,ADJUNCT,ADJUNCT,WHADVP-1,WHADVP,MQ,MQ_ADJUNCT,
9046,0,I don't know if I know how.,,,,POLAR,,,,POLAR,,,EQ,EQ_POLAR,know
9047,0,which goes on top?,1.0,-NONE-ABAR-WH-,T,WH,NP,NP,SUBJ,SUBJ,WHNP-1-<INANIM>-<THEME-V1>,WHNP,MQ,MQ_SUBJ,
9051,0,"Adam, do you remember what I told you I saw at the museum?",1.0,-NONE-ABAR-WH-,T,WH,NP,NP,OBJ,OBJ,WHNP-1-<INANIM>-<SUBJMATT-V3>,WHNP,EQ,EQ_OBJ,told
9052,0,why don't you tell Ursula about it?,1.0,-NONE-ABAR-WH-,T,WH,ADVP,ADVP,ADJUNCT,ADJUNCT,WHADVP-1,WHADVP,MQ,MQ_ADJUNCT,
9053,0,what is a squirmc?,1.0,-NONE-ABAR-WH-,T,WH,NP,NP,OBJ,OBJ,WHNP-1-<INANIM>,WHNP,MQ,MQ_OBJ,
9054,0,what is a squirmc worm?,1.0,-NONE-ABAR-WH-,T,WH,NP,NP,OBJ,OBJ,WHNP-1-<INANIM>,WHNP,MQ,MQ_OBJ,
9058,0,why is that a church hat?,1.0,-NONE-ABAR-WH-,T,WH,ADVP,ADVP,ADJUNCT,ADJUNCT,WHADVP-1,WHADVP,MQ,MQ_ADJUNCT,
9063,0,where are your marbles?,1.0,-NONE-ABAR-WH-,T,WH,ADVP,ADVP,ADJUNCT,ADJUNCT,WHADVP-1,WHADVP,MQ,MQ_ADJUNCT,
9066,0,where's the other one?,1.0,-NONE-ABAR-WH-,T,WH,ADVP,ADVP,ADJUNCT,ADJUNCT,WHADVP-1,WHADVP,MQ,MQ_ADJUNCT,
9067,0,what is an earache?,1.0,-NONE-ABAR-WH-,T,WH,NP,NP,OBJ,OBJ,WHNP-1-<INANIM>,WHNP,MQ,MQ_OBJ,
9070,0,where's yours?,1.0,-NONE-ABAR-WH-,T,WH,ADVP,ADVP,ADJUNCT,ADJUNCT,WHADVP-1,WHADVP,MQ,MQ_ADJUNCT,
9072,0,this is a fix if you want yours in a particular place.,,,,POLAR,,,,POLAR,,,EQ,EQ_POLAR,want
9084,0,what is this?,1.0,-NONE-ABAR-WH-,T,WH,NP,NP,OBJ,OBJ,WHNP-1-<INANIM>,WHNP,MQ,MQ_OBJ,
9085,0,what is this?,1.0,-NONE-ABAR-WH-,T,WH,NP,NP,OBJ,OBJ,WHNP-1-<INANIM>,WHNP,MQ,MQ_OBJ,
9086,0,what is this?,1.0,-NONE-ABAR-WH-,T,WH,NP,NP,OBJ,OBJ,WHNP-1-<INANIM>,WHNP,MQ,MQ_OBJ,
9088,0,what is this?,1.0,-NONE-ABAR-WH-,T,WH,NP,NP,OBJ,OBJ,WHNP-1-<INANIM>,WHNP,MQ,MQ_OBJ,
9096,0,"well, what are you?",1.0,-NONE-ABAR-WH-,T,WH,NP,NP,OBJ,OBJ,WHNP-1-<INANIM>,WHNP,MQ,MQ_OBJ,
9099,0,what is this?,1.0,-NONE-ABAR-WH-,T,WH,NP,NP,OBJ,OBJ,WHNP-1-<INANIM>,WHNP,MQ,MQ_OBJ,
9100,0,what is this?,1.0,-NONE-ABAR-WH-,T,WH,NP,NP,OBJ,OBJ,WHNP-1-<INANIM>,WHNP,MQ,MQ_OBJ,
9101,0,"yes, how did you know?",1.0,-NONE-ABAR-WH-,T,WH,ADVP,ADVP,ADJUNCT,ADJUNCT,WHADVP-1,WHADVP,MQ,MQ_ADJUNCT,
9103,0,who is that?,1.0,-NONE-ABAR-WH-,T,WH,NP,NP,OBJ,OBJ,WHNP-1-<ANIM>,WHNP,MQ,MQ_OBJ,
9104,0,where does the al go?,1.0,-NONE-ABAR-WH-,T,WH,ADVP,ADVP,ADJUNCT,ADJUNCT,WHADVP-1,WHADVP,MQ,MQ_ADJUNCT,
9105,0,what is that?,1.0,-NONE-ABAR-WH-,T,WH,NP,NP,OBJ,OBJ,WHNP-1-<INANIM>,WHNP,MQ,MQ_OBJ,
9110,0,what do you mean the top floor?,1.0,-NONE-ABAR-WH-,T,WH,NP,NP,OBJ,OBJ,WHNP-1-<INANIM>-<PATIENT-V1>,WHNP,MQ,MQ_OBJ,
9121,0,what're you doing?,1.0,-NONE-ABAR-WH-,T,WH,NP,NP,OBJ,OBJ,WHNP-1-<INANIM>-<THEME-V1>,WHNP,MQ,MQ_OBJ,
9123,0,why *NULL*n't cha sing the song *NULL* you heard last night?,2.0,-NONE-ABAR-RC-,T,RC,NP,NP,OBJ,OBJ,WHNP-2-<INANIM>-<SUBJMATT-V2>,WHNP,RC,RC_OBJ,
9123,1,why *NULL*n't cha sing the song *NULL* you heard last night?,1.0,-NONE-ABAR-WH-,T,WH,ADVP,ADVP,ADJUNCT,ADJUNCT,WHADVP-1,WHADVP,MQ,MQ_ADJUNCT,
9125,0,cowboy who needs a hat.,1.0,-NONE-ABAR-RC-,T,RC,NP,NP,SUBJ,SUBJ,WHNP-1-<ANIM>-<EXPER-V1>,WHNP,RC,RC_SUBJ,
9133,0,what happened?,1.0,-NONE-ABAR-WH-,T,WH,NP,NP,SUBJ,SUBJ,WHNP-1-<INANIM>-<THEME-V1>,WHNP,MQ,MQ_SUBJ,
9140,0,why do you say he has wheels?,1.0,-NONE-ABAR-WH-,T,WH,ADVP,ADVP,ADJUNCT,ADJUNCT,WHADVP-1,WHADVP,MQ,MQ_ADJUNCT,
9142,0,what color are his eyes.,1.0,-NONE-ABAR-WH-,T,WH,NP,NP,OBJ,OBJ,WHNP-1-<INANIM>,WHNP,MQ,MQ_OBJ,
9145,0,"well, how would you turn it?",1.0,-NONE-ABAR-WH-,T,WH,ADVP,ADVP,ADJUNCT,ADJUNCT,WHADVP-1,WHADVP,MQ,MQ_ADJUNCT,
9157,0,what are you going to put in your garage?,1.0,-NONE-ABAR-WH-,T,WH,NP,NP,OBJ,OBJ,WHNP-1-<INANIM>-<PATIENT-V1>,WHNP,MQ,MQ_OBJ,
9170,0,why are you doing that?,1.0,-NONE-ABAR-WH-,T,WH,ADVP,ADVP,ADJUNCT,ADJUNCT,WHADVP-1,WHADVP,MQ,MQ_ADJUNCT,
9171,0,where is the pie?,1.0,-NONE-ABAR-WH-,T,WH,ADVP,ADVP,ADJUNCT,ADJUNCT,WHADVP-1,WHADVP,MQ,MQ_ADJUNCT,
9173,0,what kind of horse is this?,1.0,-NONE-ABAR-WH-,T,WH,NP,NP,OBJ,OBJ,WHNP-<INANIM>,WHNP,MQ,MQ_OBJ,
9179,0,what's his name?,1.0,-NONE-ABAR-WH-,T,WH,NP,NP,OBJ,OBJ,WHNP-1-<INANIM>,WHNP,MQ,MQ_OBJ,
9185,0,what is the horse killing?,1.0,-NONE-ABAR-WH-,T,WH,NP,NP,OBJ,OBJ,WHNP-1-<INANIM>-<PATIENT-V1>,WHNP,MQ,MQ_OBJ,
9187,0,"oh, what is it *NULL* you're killing?",2.0,-NONE-ABAR-RC-,T,RC,NP,NP,OBJ,OBJ,WHNP-2-<INANIM>-<PATIENT-V1>,WHNP,RC,RC_OBJ,
9187,1,"oh, what is it *NULL* you're killing?",1.0,-NONE-ABAR-WH-,T,WH,NP,NP,OBJ,OBJ,WHNP-1-<INANIM>,WHNP,MQ,MQ_OBJ,
9189,0,"yes, but what is it supposed to be?",1.0,-NONE-ABAR-WH-,T,WH,NP,NP,OBJ,OBJ,WHNP-1-<INANIM>,WHNP,EQ,EQ_OBJ,
9192,0,because that's the way *NULL* it's made.,1.0,-NONE-ABAR-RC-,T,RC,ADVP,ADVP,ADJUNCT,ADJUNCT,WHADVP-1,WHADVP,RC,RC_ADJUNCT,
9195,0,how do they do what?,1.0,-NONE-ABAR-WH-,T,WH,ADVP,ADVP,ADJUNCT,ADJUNCT,WHADVP-1,WHADVP,MQ,MQ_ADJUNCT,
9196,0,you put your foot like the policeman *NULL* we saw.,1.0,-NONE-ABAR-RC-,T,RC,NP,NP,OBJ,OBJ,WHNP-1-<ANIM>-<SUBJMATT-V2>,WHNP,RC,RC_OBJ,
9198,0,there's a make-believe place right there where you put your foot.,2.0,-NONE-ABAR-RC-,T,RC,ADVP,ADVP,ADJUNCT,ADJUNCT,WHADVP-2,WHADVP,RC,RC_ADJUNCT,
9200,0,what did you say?,1.0,-NONE-ABAR-WH-,T,WH,NP,NP,OBJ,OBJ,WHNP-1-<INANIM>-<PATIENT-V1>,WHNP,MQ,MQ_OBJ,
9202,0,"yes, if there's nothing in your way.",,,,POLAR,,,,POLAR,,,EQ,EQ_POLAR,
9205,0,where're you going?,1.0,-NONE-ABAR-WH-,T,WH,ADVP,ADVP,ADJUNCT,ADJUNCT,WHADVP-1,WHADVP,MQ,MQ_ADJUNCT,
9234,0,"oh, why is it doing that?",1.0,-NONE-ABAR-WH-,T,WH,ADVP,ADVP,ADJUNCT,ADJUNCT,WHADVP-1,WHADVP,MQ,MQ_ADJUNCT,
9236,0,how does an airplane come down?,1.0,-NONE-ABAR-WH-,T,WH,ADVP,ADVP,ADJUNCT,ADJUNCT,WHADVP-1,WHADVP,MQ,MQ_ADJUNCT,
9239,0,why does he do that?,1.0,-NONE-ABAR-WH-,T,WH,ADVP,ADVP,ADJUNCT,ADJUNCT,WHADVP-1,WHADVP,MQ,MQ_ADJUNCT,
9242,0,I don't really know where a motor is on an airplane.,1.0,-NONE-ABAR-WH-,T,WH,ADVP,ADVP,ADJUNCT,ADJUNCT,WHADVP-1,WHADVP,EQ,EQ_ADJUNCT,know
9243,0,why don't you ask Ursula.,1.0,-NONE-ABAR-WH-,T,WH,ADVP,ADVP,ADJUNCT,ADJUNCT,WHADVP-1,WHADVP,MQ,MQ_ADJUNCT,
9247,0,because it has a motor and it has a pilot *NULL* to drive it.,1.0,-NONE-ABAR-RC-,T,RC,NP,NP,SUBJ,SUBJ,WHNP-1-<ANIM>-<AGENT-V3>,WHNP,RC,RC_SUBJ,
9251,0,what doesn't move?,1.0,-NONE-ABAR-WH-,T,WH,NP,NP,SUBJ,SUBJ,WHNP-1-<INANIM>-<THEME-V1>,WHNP,MQ,MQ_SUBJ,
9252,0,"what's the matter, Paulie?",1.0,-NONE-ABAR-WH-,T,WH,NP,NP,OBJ,OBJ,WHNP-1-<INANIM>,WHNP,MQ,MQ_OBJ,
9256,0,why do I put my hand on it?,1.0,-NONE-ABAR-WH-,T,WH,ADVP,ADVP,ADJUNCT,ADJUNCT,WHADVP-1,WHADVP,MQ,MQ_ADJUNCT,
9261,0,why cann't you?,1.0,-NONE-ABAR-WH-,T,WH,ADVP,ADVP,ADJUNCT,ADJUNCT,WHADVP-1,WHADVP,MQ,MQ_ADJUNCT,
9263,0,get an airplane when it's up in the sky?,1.0,-NONE-ABAR-WH-,T,WH,ADVP,ADVP,ADJUNCT,ADJUNCT,WHADVP-1,WHADVP,EQ,EQ_ADJUNCT,get
9265,0,what does an airplane do?,1.0,-NONE-ABAR-WH-,T,WH,NP,NP,OBJ,OBJ,WHNP-1-<INANIM>-<THEME-V1>,WHNP,MQ,MQ_OBJ,
9271,0,"Adam, why don't you want to do this yourself?",1.0,-NONE-ABAR-WH-,T,WH,ADVP,ADVP,ADJUNCT,ADJUNCT,WHADVP-1,WHADVP,MQ,MQ_ADJUNCT,
9279,0,"yes, perhaps he can if he can run that fast.",,,,POLAR,,,,POLAR,,,EQ,EQ_POLAR,run
9282,0,why don't you stand back a little further?,1.0,-NONE-ABAR-WH-,T,WH,ADVP,ADVP,ADJUNCT,ADJUNCT,WHADVP-1,WHADVP,MQ,MQ_ADJUNCT,
9291,0,but if you take one of mine how many will you have?,,,,POLAR,,,,POLAR,,,EQ,EQ_POLAR,
9291,1,but if you take one of mine how many will you have?,1.0,-NONE-ABAR-WH-,T,WH,NP,NP,OBJ,OBJ,WHNP-1-<INANIM>-<THEME-V2>,WHNP,EQ,EQ_OBJ,
9292,0,"now, how many do you have?",1.0,-NONE-ABAR-WH-,T,WH,NP,NP,OBJ,OBJ,WHNP-1-<INANIM>-<THEME-V1>,WHNP,MQ,MQ_OBJ,
9295,0,how many do you have?,1.0,-NONE-ABAR-WH-,T,WH,NP,NP,OBJ,OBJ,WHNP-1-<INANIM>-<THEME-V1>,WHNP,MQ,MQ_OBJ,
9306,0,if Paul gets one how can you have four if there are only four?,,,,POLAR,,,,POLAR,,,EQ,EQ_POLAR,
9306,1,if Paul gets one how can you have four if there are only four?,,,,POLAR,,,,POLAR,,,EQ,EQ_POLAR,have
9306,2,if Paul gets one how can you have four if there are only four?,1.0,-NONE-ABAR-WH-,T,WH,ADVP,ADVP,ADJUNCT,ADJUNCT,WHADVP-1,WHADVP,MQ,MQ_ADJUNCT,
9311,0,why did you have to do that?,2.0,-NONE-ABAR-WH-,T,WH,ADVP,ADVP,ADJUNCT,ADJUNCT,WHADVP-2,WHADVP,MQ,MQ_ADJUNCT,
9312,0,"it doesn't matter how they fall, does it, as long as they're on?",1.0,-NONE-ABAR-WH-,T,WH,ADVP,ADVP,ADJUNCT,ADJUNCT,WHADVP-1,WHADVP,EQ,EQ_ADJUNCT,matter
9314,0,what kind of cake is it?,1.0,-NONE-ABAR-WH-,T,WH,NP,NP,OBJ,OBJ,WHNP-1-<INANIM>,WHNP,MQ,MQ_OBJ,
9316,0,how old is Mommy?,1.0,-NONE-ABAR-WH-,T,WH,NP,NP,OBJ,OBJ,WHNP-1-<INANIM>,WHNP,MQ,MQ_OBJ,
9318,0,what are you shooting or are you just cooking?,1.0,-NONE-ABAR-WH-,T,WH,NP,NP,OBJ,OBJ,WHNP-1-<INANIM>-<PATIENT-V1>,WHNP,MQ,MQ_OBJ,
9319,0,what kind of gun is that?,1.0,-NONE-ABAR-WH-,T,WH,NP,NP,OBJ,OBJ,WHNP-<INANIM>,WHNP,MQ,MQ_OBJ,
9322,0,what does a bullet gun do?,1.0,-NONE-ABAR-WH-,T,WH,NP,NP,OBJ,OBJ,WHNP-1-<INANIM>-<THEME-V1>,WHNP,MQ,MQ_OBJ,
9328,0,"well, what is that?",1.0,-NONE-ABAR-WH-,T,WH,NP,NP,OBJ,OBJ,WHNP-1-<INANIM>,WHNP,MQ,MQ_OBJ,
9329,0,what is that?,1.0,-NONE-ABAR-WH-,T,WH,NP,NP,OBJ,OBJ,WHNP-1-<INANIM>,WHNP,MQ,MQ_OBJ,
9331,0,what happened?,1.0,-NONE-ABAR-WH-,T,WH,NP,NP,SUBJ,SUBJ,WHNP-1-<INANIM>-<THEME-V1>,WHNP,MQ,MQ_SUBJ,
9334,0,what do you call that?,1.0,-NONE-ABAR-WH-,T,WH,NP,NP,OBJ,OBJ,WHNP-1-<INANIM>-<PATIENT-V1>,WHNP,MQ,MQ_OBJ,
9336,0,what's too big?,1.0,-NONE-ABAR-WH-,T,WH,NP,NP,SUBJ,SUBJ,WHNP-1-<INANIM>,WHNP,MQ,MQ_SUBJ,
9339,0,how do I smell?,1.0,-NONE-ABAR-WH-,T,WH,ADVP,ADVP,ADJUNCT,ADJUNCT,WHADVP-1,WHADVP,MQ,MQ_ADJUNCT,
9342,0,what does difficult smell like?,1.0,-NONE-ABAR-WH-,T,WH,NP,NP,OBJ,OBJ,WHNP-1-<INANIM>-<SUBJMATT-V1>,WHNP,MQ,MQ_OBJ,
9343,0,you didn't tell Ursula yet what Mommy burned.,1.0,-NONE-ABAR-WH-,T,WH,NP,NP,OBJ,OBJ,WHNP-1-<INANIM>-<PATIENT-V2>,WHNP,EQ,EQ_OBJ,tell
9344,0,that's the strange odor *NULL* you smelled.,1.0,-NONE-ABAR-RC-,T,RC,NP,NP,OBJ,OBJ,WHNP-1-<INANIM>-<SUBJMATT-V1>,WHNP,RC,RC_OBJ,
9348,0,what do you have on your shoulder?,1.0,-NONE-ABAR-WH-,T,WH,NP,NP,OBJ,OBJ,WHNP-1-<INANIM>-<THEME-V1>,WHNP,MQ,MQ_OBJ,
9350,0,those are what cowboys put on.,1.0,-NONE-ABAR-RC-,T,RC,NP,NP,OBJ,OBJ,WHNP-1-<INANIM>-<PATIENT-V1>,WHNP,EQ,EQ_OBJ,put
9351,0,what is it?,1.0,-NONE-ABAR-WH-,T,WH,NP,NP,OBJ,OBJ,WHNP-1-<INANIM>,WHNP,MQ,MQ_OBJ,
9357,0,how many did you have?,1.0,-NONE-ABAR-WH-,T,WH,NP,NP,OBJ,OBJ,WHNP-1-<INANIM>-<THEME-V1>,WHNP,MQ,MQ_OBJ,
9358,0,how many do you have?,1.0,-NONE-ABAR-WH-,T,WH,NP,NP,OBJ,OBJ,WHNP-1-<INANIM>-<THEME-V1>,WHNP,MQ,MQ_OBJ,
9360,0,"so, how many are you missing?",1.0,-NONE-ABAR-WH-,T,WH,NP,NP,OBJ,OBJ,WHNP-1-<INANIM>-<PATIENT-V1>,WHNP,MQ,MQ_OBJ,
9361,0,how can you be missing two if you have four now.,,,,POLAR,,,,POLAR,,,EQ,EQ_POLAR,missing
9361,1,how can you be missing two if you have four now.,1.0,-NONE-ABAR-WH-,T,WH,ADVP,ADVP,ADJUNCT,ADJUNCT,WHADVP-1,WHADVP,MQ,MQ_ADJUNCT,
9368,0,what is it?,1.0,-NONE-ABAR-WH-,T,WH,NP,NP,OBJ,OBJ,WHNP-1-<INANIM>,WHNP,MQ,MQ_OBJ,
9369,0,tell me what it is.,1.0,-NONE-ABAR-WH-,T,WH,NP,NP,OBJ,OBJ,WHNP-<INANIM>,WHNP,EQ,EQ_OBJ,tell
9374,0,where's the name?,1.0,-NONE-ABAR-WH-,T,WH,ADVP,ADVP,ADJUNCT,ADJUNCT,WHADVP-1,WHADVP,MQ,MQ_ADJUNCT,
9381,0,did you ask Ursula if it's alright to cut?,,,,POLAR,,,,POLAR,,,EQ,EQ_POLAR,ask
9383,0,what is this?,1.0,-NONE-ABAR-WH-,T,WH,NP,NP,OBJ,OBJ,WHNP-1-<INANIM>,WHNP,MQ,MQ_OBJ,
9384,0,how can I wear it?,1.0,-NONE-ABAR-WH-,T,WH,ADVP,ADVP,ADJUNCT,ADJUNCT,WHADVP-1,WHADVP,MQ,MQ_ADJUNCT,
9386,0,what is that?,1.0,-NONE-ABAR-WH-,T,WH,NP,NP,OBJ,OBJ,WHNP-1-<INANIM>,WHNP,MQ,MQ_OBJ,
9396,0,what's wrong with them?,1.0,-NONE-ABAR-WH-,T,WH,NP,NP,SUBJ,SUBJ,WHNP-1-<INANIM>,WHNP,MQ,MQ_SUBJ,
9398,0,why're you getting tired of cutting?,1.0,-NONE-ABAR-WH-,T,WH,ADVP,ADVP,ADJUNCT,ADJUNCT,WHADVP-1,WHADVP,MQ,MQ_ADJUNCT,
9401,0,what do you use razors for?,1.0,-NONE-ABAR-WH-,T,WH,NP,NP,OBJ,OBJ,WHNP-1-<INANIM>,WHNP,MQ,MQ_OBJ,
9402,0,what is that for?,1.0,-NONE-ABAR-WH-,T,WH,NP,NP,OBJ,OBJ,WHNP-1-<INANIM>,WHNP,MQ,MQ_OBJ,
9410,0,what are those?,1.0,-NONE-ABAR-WH-,T,WH,NP,NP,OBJ,OBJ,WHNP-1-<INANIM>,WHNP,MQ,MQ_OBJ,
9413,0,"oh, anyway *NULL* you want to.",1.0,-NONE-ABAR-RC-,T,RC,ADVP,ADVP,ADJUNCT,ADJUNCT,WHADVP-1,WHADVP,RC,RC_ADJUNCT,
9414,0,I think it'd be better if you took your hat off.,,,,POLAR,,,,POLAR,,,EQ,EQ_POLAR,think
9414,1,I think it'd be better if you took your hat off.,,,,POLAR,,,,POLAR,,,EQ,EQ_POLAR,took
9415,0,what does Daddy do?,1.0,-NONE-ABAR-WH-,T,WH,NP,NP,OBJ,OBJ,WHNP-1-<INANIM>-<THEME-V1>,WHNP,MQ,MQ_OBJ,
9417,0,where does a beard grow?,1.0,-NONE-ABAR-WH-,T,WH,ADVP,ADVP,ADJUNCT,ADJUNCT,WHADVP-1,WHADVP,MQ,MQ_ADJUNCT,
9427,0,why don't you go get one of Paul's diapers?,1.0,-NONE-ABAR-WH-,T,WH,ADVP,ADVP,ADJUNCT,ADJUNCT,WHADVP-1,WHADVP,MQ,MQ_ADJUNCT,
9429,0,you don't give your beard time *NULL* to grow.,1.0,-NONE-ABAR-RC-,T,RC,NP,NP,SUBJ,SUBJ,WHNP-1-<INANIM>-<THEME-V2>,WHNP,RC,RC_SUBJ,
9434,0,"boys when they're almost men, not little boys like you.",1.0,-NONE-ABAR-RC-,T,RC,ADVP,ADVP,ADJUNCT,ADJUNCT,WHADVP-1,WHADVP,EQ,EQ_ADJUNCT,
9437,0,why're you going to shave again?,2.0,-NONE-ABAR-WH-,T,WH,ADVP,ADVP,ADJUNCT,ADJUNCT,WHADVP-2,WHADVP,MQ,MQ_ADJUNCT,
9440,0,what happens?,1.0,-NONE-ABAR-WH-,T,WH,NP,NP,SUBJ,SUBJ,WHNP-1-<INANIM>-<THEME-V1>,WHNP,MQ,MQ_SUBJ,
9441,0,can you see what you're doing?,1.0,-NONE-ABAR-RC-,T,RC,NP,NP,OBJ,OBJ,WHNP-1-<INANIM>-<THEME-V2>,WHNP,EQ,EQ_OBJ,see
9444,0,I guess you must be the only man who shaves with a diaper around.,1.0,-NONE-ABAR-RC-,T,RC,NP,NP,SUBJ,SUBJ,WHNP-1-<ANIM>-<AGENT-V2>,WHNP,RC,RC_SUBJ,
9445,0,"oh, do you know anybody else who might do that?",1.0,-NONE-ABAR-RC-,T,RC,NP,NP,SUBJ,SUBJ,WHNP-1-<ANIM>-<AGENT-V2>,WHNP,RC,RC_SUBJ,
9447,0,you always need something *NULL* to wipe you off.,1.0,-NONE-ABAR-RC-,T,RC,NP,NP,SUBJ,SUBJ,WHNP-1-<INANIM>-<AGENT-V2>,WHNP,RC,RC_SUBJ,
9451,0,what is that?,1.0,-NONE-ABAR-WH-,T,WH,NP,NP,OBJ,OBJ,WHNP-1-<INANIM>,WHNP,MQ,MQ_OBJ,
9453,0,what is it?,1.0,-NONE-ABAR-WH-,T,WH,NP,NP,OBJ,OBJ,WHNP-1-<INANIM>,WHNP,MQ,MQ_OBJ,
9457,0,when you finish you must put the top because Paul will spill it.,1.0,-NONE-ABAR-WH-,T,WH,ADVP,ADVP,ADJUNCT,ADJUNCT,WHADVP-1,WHADVP,EQ,EQ_ADJUNCT,
9460,0,what is a chess?,1.0,-NONE-ABAR-WH-,T,WH,NP,NP,OBJ,OBJ,WHNP-1-<INANIM>,WHNP,MQ,MQ_OBJ,
9462,0,what is a chess?,1.0,-NONE-ABAR-WH-,T,WH,NP,NP,OBJ,OBJ,WHNP-1-<INANIM>,WHNP,MQ,MQ_OBJ,
9463,0,what is a chest?,1.0,-NONE-ABAR-WH-,T,WH,NP,NP,OBJ,OBJ,WHNP-1-<INANIM>,WHNP,MQ,MQ_OBJ,
9469,0,when you were shaving?,1.0,-NONE-ABAR-WH-,T,WH,ADVP,ADVP,ADJUNCT,ADJUNCT,WHADVP-1,WHADVP,EQ,EQ_ADJUNCT,
9470,0,what happened?,1.0,-NONE-ABAR-WH-,T,WH,NP,NP,SUBJ,SUBJ,WHNP-1-<INANIM>-<THEME-V1>,WHNP,MQ,MQ_SUBJ,
9471,0,why do you have blood on you?,1.0,-NONE-ABAR-WH-,T,WH,ADVP,ADVP,ADJUNCT,ADJUNCT,WHADVP-1,WHADVP,MQ,MQ_ADJUNCT,
9473,0,how is that?,1.0,-NONE-ABAR-WH-,T,WH,ADVP,ADVP,ADJUNCT,ADJUNCT,WHADVP-1,WHADVP,MQ,MQ_ADJUNCT,
9476,0,how can you?,1.0,-NONE-ABAR-WH-,T,WH,ADVP,ADVP,ADJUNCT,ADJUNCT,WHADVP-1,WHADVP,MQ,MQ_ADJUNCT,
9481,0,what is it?,1.0,-NONE-ABAR-WH-,T,WH,NP,NP,OBJ,OBJ,WHNP-1-<INANIM>,WHNP,MQ,MQ_OBJ,
9483,0,what is blood?,1.0,-NONE-ABAR-WH-,T,WH,NP,NP,OBJ,OBJ,WHNP-1-<INANIM>,WHNP,MQ,MQ_OBJ,
9491,0,what do you see on the tv when they sing that?,1.0,-NONE-ABAR-WH-,T,WH,NP,NP,OBJ,OBJ,WHNP-1-<INANIM>-<SUBJMATT-V1>,WHNP,MQ,MQ_OBJ,
9491,1,what do you see on the tv when they sing that?,2.0,-NONE-ABAR-WH-,T,WH,ADVP,ADVP,ADJUNCT,ADJUNCT,WHADVP-2,WHADVP,EQ,EQ_ADJUNCT,see
9493,0,what're they doing?,1.0,-NONE-ABAR-WH-,T,WH,NP,NP,OBJ,OBJ,WHNP-1-<INANIM>-<THEME-V1>,WHNP,MQ,MQ_OBJ,
9496,0,look what you put on the floor?,1.0,-NONE-ABAR-WH-,T,WH,NP,NP,OBJ,OBJ,WHNP-1-<INANIM>-<PATIENT-V2>,WHNP,EQ,EQ_OBJ,look
9498,0,where're you going?,1.0,-NONE-ABAR-WH-,T,WH,ADVP,ADVP,ADJUNCT,ADJUNCT,WHADVP-1,WHADVP,MQ,MQ_ADJUNCT,
9512,0,why don't we let Paul wear it if you don't want to.,,,,POLAR,,,,POLAR,,,EQ,EQ_POLAR,wear
9512,1,why don't we let Paul wear it if you don't want to.,1.0,-NONE-ABAR-WH-,T,WH,ADVP,ADVP,ADJUNCT,ADJUNCT,WHADVP-1,WHADVP,MQ,MQ_ADJUNCT,
9513,0,who is George Washington?,1.0,-NONE-ABAR-WH-,T,WH,NP,NP,OBJ,OBJ,WHNP-1-<ANIM>,WHNP,MQ,MQ_OBJ,
9519,0,what do you need?,1.0,-NONE-ABAR-WH-,T,WH,NP,NP,OBJ,OBJ,WHNP-1-<INANIM>-<SUBJMATT-V1>,WHNP,MQ,MQ_OBJ,
9532,0,"well, if you wish.",,,,POLAR,,,,POLAR,,,EQ,EQ_POLAR,
9535,0,why do you call it cream?,1.0,-NONE-ABAR-WH-,T,WH,ADVP,ADVP,ADJUNCT,ADJUNCT,WHADVP-1,WHADVP,MQ,MQ_ADJUNCT,
9541,0,why're you going to do that?,1.0,-NONE-ABAR-WH-,T,WH,ADVP,ADVP,ADJUNCT,ADJUNCT,WHADVP-1,WHADVP,MQ,MQ_ADJUNCT,
9547,0,how did it get under there?,1.0,-NONE-ABAR-WH-,T,WH,ADVP,ADVP,ADJUNCT,ADJUNCT,WHADVP-1,WHADVP,MQ,MQ_ADJUNCT,
9549,0,that you're making?,1.0,-NONE-ABAR-RC-,T,RC,NP,NP,OBJ,OBJ,WHNP-1-<INANIM>-<PATIENT-V1>,WHNP,EQ,EQ_OBJ,
9550,0,whose birthday is it?,1.0,-NONE-ABAR-WH-,T,WH,NP,NP,OBJ,OBJ,WHNP-1-<INANIM>,WHNP,MQ,MQ_OBJ,
9552,0,"no, when is hers?",1.0,-NONE-ABAR-WH-,T,WH,ADVP,ADVP,ADJUNCT,ADJUNCT,WHADVP-1,WHADVP,MQ,MQ_ADJUNCT,
9559,0,what are you doing?,1.0,-NONE-ABAR-WH-,T,WH,NP,NP,OBJ,OBJ,WHNP-1-<INANIM>-<THEME-V1>,WHNP,MQ,MQ_OBJ,
9563,0,the cream that you put on there.,1.0,-NONE-ABAR-RC-,T,RC,NP,NP,OBJ,OBJ,WHNP-1-<INANIM>-<PATIENT-V1>,WHNP,RC,RC_OBJ,
9566,0,why do you need cream?,1.0,-NONE-ABAR-WH-,T,WH,ADVP,ADVP,ADJUNCT,ADJUNCT,WHADVP-1,WHADVP,MQ,MQ_ADJUNCT,
9567,0,how could you hold it?,1.0,-NONE-ABAR-WH-,T,WH,ADVP,ADVP,ADJUNCT,ADJUNCT,WHADVP-1,WHADVP,MQ,MQ_ADJUNCT,
9581,0,what does breaking up mean?,1.0,-NONE-ABAR-WH-,T,WH,NP,NP,OBJ,OBJ,WHNP-1-<INANIM>-<CAUSER-V1>,WHNP,MQ,MQ_OBJ,
9598,0,because I spank you when you're naughty?,1.0,-NONE-ABAR-WH-,T,WH,ADVP,ADVP,ADJUNCT,ADJUNCT,WHADVP-1,WHADVP,EQ,EQ_ADJUNCT,spank
9602,0,"Adam, do you see anything in the room that sounds like toy?",1.0,-NONE-ABAR-RC-,T,RC,NP,NP,SUBJ,SUBJ,WHNP-1-<INANIM>-<CAUSER-V2>,WHNP,RC,RC_SUBJ,
9603,0,what has a beginning sound like toy?,1.0,-NONE-ABAR-WH-,T,WH,NP,NP,SUBJ,SUBJ,WHNP-1-<INANIM>-<POSSESS-V1>,WHNP,MQ,MQ_SUBJ,
9606,0,but what has a beginning sound like toy?,1.0,-NONE-ABAR-WH-,T,WH,NP,NP,SUBJ,SUBJ,WHNP-1-<INANIM>-<POSSESS-V1>,WHNP,EQ,EQ_SUBJ,
9614,0,can you think of anything else that has a beginning sound like toy?,1.0,-NONE-ABAR-RC-,T,RC,NP,NP,SUBJ,SUBJ,WHNP-1-<INANIM>-<POSSESS-V2>,WHNP,RC,RC_SUBJ,
9619,0,where did you stay?,1.0,-NONE-ABAR-WH-,T,WH,ADVP,ADVP,ADJUNCT,ADJUNCT,WHADVP-1,WHADVP,MQ,MQ_ADJUNCT,
9621,0,how did you go to North_Carolina?,1.0,-NONE-ABAR-WH-,T,WH,ADVP,ADVP,ADJUNCT,ADJUNCT,WHADVP-1,WHADVP,MQ,MQ_ADJUNCT,
9623,0,"how did you get there, Adam?",1.0,-NONE-ABAR-WH-,T,WH,ADVP,ADVP,ADJUNCT,ADJUNCT,WHADVP-1,WHADVP,MQ,MQ_ADJUNCT,
9625,0,what did you have for lunch today at nursery school?,1.0,-NONE-ABAR-WH-,T,WH,NP,NP,OBJ,OBJ,WHNP-1-<INANIM>-<PATIENT-V1>,WHNP,MQ,MQ_OBJ,
9628,0,and what else did you have?,1.0,-NONE-ABAR-WH-,T,WH,NP,NP,OBJ,OBJ,WHNP-1-<INANIM>-<PATIENT-V1>,WHNP,EQ,EQ_OBJ,
9629,0,what is that?,1.0,-NONE-ABAR-WH-,T,WH,NP,NP,OBJ,OBJ,WHNP-1-<INANIM>,WHNP,MQ,MQ_OBJ,
9634,0,what did you see in North_Carolina?,1.0,-NONE-ABAR-WH-,T,WH,NP,NP,OBJ,OBJ,WHNP-1-<INANIM>-<SUBJMATT-V1>,WHNP,MQ,MQ_OBJ,
9640,0,whose scooter do you suppose that is?,1.0,-NONE-ABAR-WH-,T,WH,NP,NP,OBJ,OBJ,WHNP-1-<INANIM>,WHNP,EQ,EQ_OBJ,suppose
9642,0,is that the way *NULL* you ride a scooter?,1.0,-NONE-ABAR-RC-,T,RC,ADVP,ADVP,ADJUNCT,ADJUNCT,WHADVP-1,WHADVP,RC,RC_ADJUNCT,
9644,0,I don't know how to ride a scooter.,1.0,-NONE-ABAR-WH-,T,WH,ADVP,ADVP,ADJUNCT,ADJUNCT,WHADVP-1,WHADVP,EQ,EQ_ADJUNCT,know
9653,0,whose name is that?,1.0,-NONE-ABAR-WH-,T,WH,NP,NP,OBJ,OBJ,WHNP-1-<INANIM>,WHNP,MQ,MQ_OBJ,
9657,0,what're you doing?,1.0,-NONE-ABAR-WH-,T,WH,NP,NP,OBJ,OBJ,WHNP-1-<INANIM>-<THEME-V1>,WHNP,MQ,MQ_OBJ,
9660,0,what did you do at nursery school this morning?,1.0,-NONE-ABAR-WH-,T,WH,NP,NP,OBJ,OBJ,WHNP-1-<INANIM>-<THEME-V1>,WHNP,MQ,MQ_OBJ,
9661,0,why do you think that's called a scooter?,2.0,-NONE-ABAR-WH-,T,WH,ADVP,ADVP,ADJUNCT,ADJUNCT,WHADVP-2,WHADVP,MQ,MQ_ADJUNCT,
9665,0,"yes, when it goes fast.",1.0,-NONE-ABAR-RC-,T,RC,ADVP,ADVP,ADJUNCT,ADJUNCT,WHADVP-1,WHADVP,EQ,EQ_ADJUNCT,
9666,0,I don't know which is better for you.,1.0,-NONE-ABAR-WH-,T,WH,NP,NP,SUBJ,SUBJ,WHNP-1-<INANIM>,WHNP,EQ,EQ_SUBJ,know
9673,0,why would you put two wheels there?,1.0,-NONE-ABAR-WH-,T,WH,ADVP,ADVP,ADJUNCT,ADJUNCT,WHADVP-1,WHADVP,MQ,MQ_ADJUNCT,
9678,0,you need what *NULL* to go on it?,1.0,-NONE-ABAR-RC-,T,RC,NP,NP,SUBJ,SUBJ,WHNP-1-<INANIM>-<THEME-V2>,WHNP,RC,RC_SUBJ,
9681,0,what happened on the train?,1.0,-NONE-ABAR-WH-,T,WH,NP,NP,SUBJ,SUBJ,WHNP-1-<INANIM>-<THEME-V1>,WHNP,MQ,MQ_SUBJ,
9682,0,what did you do on the train?,1.0,-NONE-ABAR-WH-,T,WH,NP,NP,OBJ,OBJ,WHNP-1-<INANIM>,WHNP,MQ,MQ_OBJ,
9684,0,when we came back they were beds.,2.0,-NONE-ABAR-RC-,T,RC,ADVP,ADVP,ADJUNCT,ADJUNCT,WHADVP-2,WHADVP,EQ,EQ_ADJUNCT,
9696,0,maybe if she wants to.,,,,POLAR,,,,POLAR,,,EQ,EQ_POLAR,
9701,0,I don't know exactly what he's saying but yesterday we made him a,1.0,-NONE-ABAR-WH-,T,WH,NP,NP,OBJ,OBJ,WHNP-1-<INANIM>-<PATIENT-V2>,WHNP,EQ,EQ_OBJ,know
9704,0,that you eat?,1.0,-NONE-ABAR-RC-,T,RC,NP,NP,OBJ,OBJ,WHNP-1-<INANIM>-<PATIENT-V1>,WHNP,EQ,EQ_OBJ,
9707,0,where did you learn that?,1.0,-NONE-ABAR-WH-,T,WH,ADVP,ADVP,ADJUNCT,ADJUNCT,WHADVP-1,WHADVP,MQ,MQ_ADJUNCT,
9709,0,what was it?,1.0,-NONE-ABAR-WH-,T,WH,NP,NP,OBJ,OBJ,WHNP-1-<INANIM>,WHNP,MQ,MQ_OBJ,
9713,0,one that crawls around.,1.0,-NONE-ABAR-RC-,T,RC,NP,NP,SUBJ,SUBJ,WHNP-1-<ANIM>-<AGENT-V1>,WHNP,RC,RC_SUBJ,
9721,0,what animals wake up in the morning time?,1.0,-NONE-ABAR-WH-,T,WH,NP,NP,SUBJ,SUBJ,WHNP-1-<ANIM>-<THEME-V1>,WHNP,MQ,MQ_SUBJ,
9725,0,"what is it now, Adam?",1.0,-NONE-ABAR-WH-,T,WH,NP,NP,ADJUNCT,ADJUNCT,WHNP-1-<INANIM>,WHNP,MQ,MQ_ADJUNCT,
9728,0,what is it now?,1.0,-NONE-ABAR-WH-,T,WH,NP,NP,OBJ,OBJ,WHNP-1-<INANIM>,WHNP,MQ,MQ_OBJ,
9730,0,what is it?,1.0,-NONE-ABAR-WH-,T,WH,NP,NP,OBJ,OBJ,WHNP-1-<INANIM>,WHNP,MQ,MQ_OBJ,
9734,0,"Adam, what is that supposed to be?",2.0,-NONE-ABAR-WH-,T,WH,NP,NP,OBJ,OBJ,WHNP-2-<INANIM>,WHNP,MQ,MQ_OBJ,
9738,0,when does it fall?,1.0,-NONE-ABAR-WH-,T,WH,ADVP,ADVP,ADJUNCT,ADJUNCT,WHADVP-1,WHADVP,MQ,MQ_ADJUNCT,
9739,0,watch it this time and see when it falls.,1.0,-NONE-ABAR-WH-,T,WH,ADVP,ADVP,ADJUNCT,ADJUNCT,WHADVP-1,WHADVP,EQ,EQ_ADJUNCT,see
9740,0,why don't you come back a little?,1.0,-NONE-ABAR-WH-,T,WH,ADVP,ADVP,ADJUNCT,ADJUNCT,WHADVP-1,WHADVP,MQ,MQ_ADJUNCT,
9744,0,now why is it falling?,1.0,-NONE-ABAR-WH-,T,WH,ADVP,ADVP,ADJUNCT,ADJUNCT,WHADVP-1,WHADVP,MQ,MQ_ADJUNCT,
9745,0,when you turn the corner what happens?,2.0,-NONE-ABAR-WH-,T,WH,ADVP,ADVP,ADJUNCT,ADJUNCT,WHADVP-2,WHADVP,EQ,EQ_ADJUNCT,
9745,1,when you turn the corner what happens?,3.0,-NONE-ABAR-WH-,T,WH,NP,NP,SUBJ,SUBJ,WHNP-3-<INANIM>-<THEME-V2>,WHNP,MQ,MQ_SUBJ,
9746,0,when you try to turn what happens?,3.0,-NONE-ABAR-WH-,T,WH,ADVP,ADVP,ADJUNCT,ADJUNCT,WHADVP-3,WHADVP,EQ,EQ_ADJUNCT,
9746,1,when you try to turn what happens?,1.0,-NONE-ABAR-WH-,T,WH,NP,NP,SUBJ,SUBJ,WHNP-1-<INANIM>-<THEME-V2>,WHNP,MQ,MQ_SUBJ,
9747,0,do you know why it falls?,1.0,-NONE-ABAR-WH-,T,WH,ADVP,ADVP,ADJUNCT,ADJUNCT,WHADVP-1,WHADVP,EQ,EQ_ADJUNCT,know
9748,0,go backwards and see what happens.,1.0,-NONE-ABAR-RC-,T,RC,NP,NP,SUBJ,SUBJ,WHNP-1-<INANIM>-<THEME-V2>,WHNP,EQ,EQ_SUBJ,see
9749,0,why don't you back out?,1.0,-NONE-ABAR-WH-,T,WH,ADVP,ADVP,ADJUNCT,ADJUNCT,WHADVP-1,WHADVP,MQ,MQ_ADJUNCT,
9750,0,it doesn't fall off when you go in a straight line.,1.0,-NONE-ABAR-WH-,T,WH,ADVP,ADVP,ADJUNCT,ADJUNCT,WHADVP-1,WHADVP,EQ,EQ_ADJUNCT,fall
9751,0,when you turn the corner then it falls.,2.0,-NONE-ABAR-WH-,T,WH,ADVP,ADVP,ADJUNCT,ADJUNCT,WHADVP-2,WHADVP,EQ,EQ_ADJUNCT,
9752,0,what is it supposed to be?,2.0,-NONE-ABAR-WH-,T,WH,NP,NP,OBJ,OBJ,WHNP-2-<INANIM>,WHNP,MQ,MQ_OBJ,
9753,0,"well, why don't you ride it?",1.0,-NONE-ABAR-WH-,T,WH,ADVP,ADVP,ADJUNCT,ADJUNCT,WHADVP-1,WHADVP,MQ,MQ_ADJUNCT,
9754,0,show Paul how to ride the scooter.,1.0,-NONE-ABAR-WH-,T,WH,ADVP,ADVP,ADJUNCT,ADJUNCT,WHADVP-1,WHADVP,EQ,EQ_ADJUNCT,show
9755,0,"oh no, you ride it and show him how to ride it.",1.0,-NONE-ABAR-WH-,T,WH,ADVP,ADVP,ADJUNCT,ADJUNCT,WHADVP-1,WHADVP,EQ,EQ_ADJUNCT,show
9757,0,tell Ursula about the story *NULL* you read.,1.0,-NONE-ABAR-RC-,T,RC,NP,NP,OBJ,OBJ,WHNP-1-<INANIM>-<PATIENT-V2>,WHNP,RC,RC_OBJ,
9762,0,"you know what you might do, Adam?",1.0,-NONE-ABAR-WH-,T,WH,NP,NP,OBJ,OBJ,WHNP-1-<INANIM>-<THEME-V2>,WHNP,EQ,EQ_OBJ,know
9786,0,why are you tying it?,1.0,-NONE-ABAR-WH-,T,WH,ADVP,ADVP,ADJUNCT,ADJUNCT,WHADVP-1,WHADVP,MQ,MQ_ADJUNCT,
9794,0,"yes, if you'd like to play blocks.",,,,POLAR,,,,POLAR,,,EQ,EQ_POLAR,
9805,0,"oh, what is that?",1.0,-NONE-ABAR-WH-,T,WH,NP,NP,OBJ,OBJ,WHNP-1-<INANIM>,WHNP,MQ,MQ_OBJ,
9806,0,"oh, what letter is that?",1.0,-NONE-ABAR-WH-,T,WH,NP,NP,OBJ,OBJ,WHNP-1-<INANIM>,WHNP,MQ,MQ_OBJ,
9813,0,where were they going?,1.0,-NONE-ABAR-WH-,T,WH,ADVP,ADVP,ADJUNCT,ADJUNCT,WHADVP-1,WHADVP,MQ,MQ_ADJUNCT,
9823,0,what does the elephant do in a circus?,1.0,-NONE-ABAR-WH-,T,WH,NP,NP,OBJ,OBJ,WHNP-1-<INANIM>-<THEME-V1>,WHNP,MQ,MQ_OBJ,
9825,0,you know how to do it?,1.0,-NONE-ABAR-WH-,T,WH,ADVP,ADVP,ADJUNCT,ADJUNCT,WHADVP-1,WHADVP,EQ,EQ_ADJUNCT,know
9827,0,"oh, you've learned how to do it.",1.0,-NONE-ABAR-WH-,T,WH,ADVP,ADVP,ADJUNCT,ADJUNCT,WHADVP-1,WHADVP,EQ,EQ_ADJUNCT,learned
9830,0,what did you say?,1.0,-NONE-ABAR-WH-,T,WH,NP,NP,OBJ,OBJ,WHNP-1-<INANIM>-<PATIENT-V1>,WHNP,MQ,MQ_OBJ,
9842,0,do you want to tell Ursula about the museum *NULL* you went to the other,1.0,-NONE-ABAR-RC-,T,RC,NP,NP,OBJ,OBJ,WHNP-1-<INANIM>-<GOAL-V3>,WHNP,RC,RC_OBJ,
9843,0,"what museum was it, Adam?",1.0,-NONE-ABAR-WH-,T,WH,NP,NP,OBJ,OBJ,WHNP-1-<INANIM>,WHNP,MQ,MQ_OBJ,
9846,0,can you tell her which museum it was?,1.0,-NONE-ABAR-WH-,T,WH,NP,NP,OBJ,OBJ,WHNP-1-<INANIM>,WHNP,EQ,EQ_OBJ,tell
9850,0,what else did you see?,1.0,-NONE-ABAR-WH-,T,WH,NP,NP,OBJ,OBJ,WHNP-1-<INANIM>-<SUBJMATT-V1>,WHNP,MQ,MQ_OBJ,
9854,0,did you see some birds that weren't real?,1.0,-NONE-ABAR-RC-,T,RC,NP,NP,SUBJ,SUBJ,WHNP-<INANIM>,WHNP,RC,RC_SUBJ,
9855,0,what kind of birds were they?,1.0,-NONE-ABAR-WH-,T,WH,NP,NP,OBJ,OBJ,WHNP-<INANIM>,WHNP,MQ,MQ_OBJ,
9863,0,what do you think?,1.0,-NONE-ABAR-WH-,T,WH,NP,NP,OBJ,OBJ,WHNP-1-<INANIM>-<SUBJMATT-V1>,WHNP,MQ,MQ_OBJ,
9865,0,"well, how are you going to do that?",2.0,-NONE-ABAR-WH-,T,WH,ADVP,ADVP,ADJUNCT,ADJUNCT,WHADVP-2,WHADVP,MQ,MQ_ADJUNCT,
9868,0,where're the peppers?,1.0,-NONE-ABAR-WH-,T,WH,ADVP,ADVP,ADJUNCT,ADJUNCT,WHADVP-1,WHADVP,MQ,MQ_ADJUNCT,
9869,0,what's a pepper?,1.0,-NONE-ABAR-WH-,T,WH,NP,NP,OBJ,OBJ,WHNP-1-<INANIM>,WHNP,MQ,MQ_OBJ,
9870,0,what do you think that is?,1.0,-NONE-ABAR-WH-,T,WH,NP,NP,OBJ,OBJ,WHNP-1-<INANIM>,WHNP,EQ,EQ_OBJ,think
9871,0,why don't you look further inside the bag and see what you find?,1.0,-NONE-ABAR-RC-,T,RC,NP,NP,OBJ,OBJ,WHNP-1-<INANIM>-<PATIENT-V3>,WHNP,EQ,EQ_OBJ,see
9871,1,why don't you look further inside the bag and see what you find?,2.0,-NONE-ABAR-WH-,T,WH,ADVP,ADVP,ADJUNCT,ADJUNCT,WHADVP-2,WHADVP,MQ,MQ_ADJUNCT,
9872,0,"I don't know, what do you think that is?",1.0,-NONE-ABAR-WH-,T,WH,NP,NP,OBJ,OBJ,WHNP-1-<INANIM>,WHNP,EQ,EQ_OBJ,think
9873,0,"well, why don't you save that for a little while.",1.0,-NONE-ABAR-WH-,T,WH,ADVP,ADVP,ADJUNCT,ADJUNCT,WHADVP-1,WHADVP,MQ,MQ_ADJUNCT,
9879,0,what happened?,1.0,-NONE-ABAR-WH-,T,WH,NP,NP,SUBJ,SUBJ,WHNP-1-<INANIM>-<THEME-V1>,WHNP,MQ,MQ_SUBJ,
9881,0,how many do you have?,1.0,-NONE-ABAR-WH-,T,WH,NP,NP,OBJ,OBJ,WHNP-1-<INANIM>-<THEME-V1>,WHNP,MQ,MQ_OBJ,
9885,0,which one goes the farthest?,1.0,-NONE-ABAR-WH-,T,WH,NP,NP,SUBJ,SUBJ,WHNP-1-<INANIM>-<THEME-V1>,WHNP,MQ,MQ_SUBJ,
9886,0,which one goes the farthest?,1.0,-NONE-ABAR-WH-,T,WH,NP,NP,SUBJ,SUBJ,WHNP-1-<INANIM>-<THEME-V1>,WHNP,MQ,MQ_SUBJ,
9890,0,who won?,1.0,-NONE-ABAR-WH-,T,WH,NP,NP,SUBJ,SUBJ,WHNP-1-<INANIM>-<THEME-V1>,WHNP,MQ,MQ_SUBJ,
9891,0,"oh, how could they all win?",1.0,-NONE-ABAR-WH-,T,WH,ADVP,ADVP,ADJUNCT,ADJUNCT,WHADVP-1,WHADVP,MQ,MQ_ADJUNCT,
9893,0,what do you have to do to win?,2.0,-NONE-ABAR-WH-,T,WH,NP,NP,OBJ,OBJ,WHNP-2-<INANIM>-<THEME-V1>,WHNP,MQ,MQ_OBJ,
9893,1,what do you have to do to win?,2.0,-NONE-ABAR-RC-,T,RC,NP,NP,OBJ,OBJ,WHNP-2-<INANIM>-<THEME-V1>,WHNP,MQ,MQ_OBJ,
9894,0,"what is that, Adam?",1.0,-NONE-ABAR-WH-,T,WH,NP,NP,OBJ,OBJ,WHNP-1-<INANIM>,WHNP,MQ,MQ_OBJ,
9896,0,aren't these like the cars that Harvey had?,1.0,-NONE-ABAR-RC-,T,RC,NP,NP,OBJ,OBJ,WHNP-<INANIM>-<THEME-V1>,WHNP,RC,RC_OBJ,
9897,0,why don't you do one thing at a time?,1.0,-NONE-ABAR-WH-,T,WH,ADVP,ADVP,ADJUNCT,ADJUNCT,WHADVP-1,WHADVP,MQ,MQ_ADJUNCT,
9903,0,what's a full house?,1.0,-NONE-ABAR-WH-,T,WH,NP,NP,OBJ,OBJ,WHNP-1-<INANIM>>,WHNP,MQ,MQ_OBJ,
9908,0,it turns when it's getting ready to go up in the sky.,2.0,-NONE-ABAR-WH-,T,WH,ADVP,ADVP,ADJUNCT,ADJUNCT,WHADVP-2,WHADVP,EQ,EQ_ADJUNCT,turns
9909,0,why did you take my racers?,1.0,-NONE-ABAR-WH-,T,WH,ADVP,ADVP,ADJUNCT,ADJUNCT,WHADVP-1,WHADVP,MQ,MQ_ADJUNCT,
9912,0,what does this mean?,1.0,-NONE-ABAR-WH-,T,WH,NP,NP,OBJ,OBJ,WHNP-1-<INANIM>-<SUBJMATT-V1>,WHNP,MQ,MQ_OBJ,
9913,0,how could an airplane go through a tunnel?,1.0,-NONE-ABAR-WH-,T,WH,ADVP,ADVP,ADJUNCT,ADJUNCT,WHADVP-1,WHADVP,MQ,MQ_ADJUNCT,
9914,0,how could it?,1.0,-NONE-ABAR-WH-,T,WH,ADVP,ADVP,ADJUNCT,ADJUNCT,WHADVP-1,WHADVP,MQ,MQ_ADJUNCT,
9916,0,"what should we say, Adam?",1.0,-NONE-ABAR-WH-,T,WH,NP,NP,OBJ,OBJ,WHNP-1-<INANIM>-<PATIENT-V1>,WHNP,MQ,MQ_OBJ,
9918,0,"Adam, if we put this here and we all start racing who wins the",,,,POLAR,,,,POLAR,,,EQ,EQ_POLAR,
9919,0,how does your car win?,1.0,-NONE-ABAR-WH-,T,WH,ADVP,ADVP,ADJUNCT,ADJUNCT,WHADVP-1,WHADVP,MQ,MQ_ADJUNCT,
9921,0,and who's the winner?,1.0,-NONE-ABAR-WH-,T,WH,NP,NP,SUBJ,SUBJ,WHNP-1-<ANIM>,WHNP,EQ,EQ_SUBJ,
9923,0,what happens when he has a flat tire?,1.0,-NONE-ABAR-WH-,T,WH,NP,NP,SUBJ,SUBJ,WHNP-1-<INANIM>-<THEME-V1>,WHNP,MQ,MQ_SUBJ,
9923,1,what happens when he has a flat tire?,2.0,-NONE-ABAR-RC-,T,RC,ADVP,ADVP,ADJUNCT,ADJUNCT,WHADVP-2,WHADVP,EQ,EQ_ADJUNCT,happens
9928,0,what happened?,1.0,-NONE-ABAR-WH-,T,WH,NP,NP,SUBJ,SUBJ,WHNP-1-<INANIM>-<THEME-V1>,WHNP,MQ,MQ_SUBJ,
9933,0,but what happened to your toe?,1.0,-NONE-ABAR-WH-,T,WH,NP,NP,SUBJ,SUBJ,WHNP-1-<INANIM>-<THEME-V1>,WHNP,EQ,EQ_SUBJ,
9944,0,what do you think it is not?,1.0,-NONE-ABAR-WH-,T,WH,NP,NP,OBJ,OBJ,WHNP-1-<INANIM>,WHNP,EQ,EQ_OBJ,think
9948,0,I think it might be something that flies in the air.,1.0,-NONE-ABAR-RC-,T,RC,NP,NP,SUBJ,SUBJ,WHNP-1-<INANIM>-THEME-V2>,WHNP,RC,RC_SUBJ,
9952,0,what else can fly in the air?,1.0,-NONE-ABAR-WH-,T,WH,NP,NP,SUBJ,SUBJ,WHNP-1-<INANIM>-<THEME-V1>,WHNP,MQ,MQ_SUBJ,
9958,0,first you have to find out what it is.,2.0,-NONE-ABAR-RC-,T,RC,NP,NP,OBJ,OBJ,WHNP-2-<INANIM>,WHNP,EQ,EQ_OBJ,find
9962,0,I still think something that flies in the air and maybe you hold,1.0,-NONE-ABAR-RC-,T,RC,NP,NP,SUBJ,SUBJ,WHNP-1-<INANIM>-<THEME-V2>,WHNP,RC,RC_SUBJ,
9971,0,what's a short?,1.0,-NONE-ABAR-WH-,T,WH,NP,NP,OBJ,OBJ,WHNP-1-<INANIM>,WHNP,MQ,MQ_OBJ,
9973,0,"what are you going to eat on that kite, Adam?",2.0,-NONE-ABAR-WH-,T,WH,NP,NP,OBJ,OBJ,WHNP-2-<INANIM>-<PATIENT-V1>,WHNP,MQ,MQ_OBJ,
9984,0,why do you need string?,1.0,-NONE-ABAR-WH-,T,WH,ADVP,ADVP,ADJUNCT,ADJUNCT,WHADVP-1,WHADVP,MQ,MQ_ADJUNCT,
9988,0,let's see if you can.,,,,POLAR,,,,POLAR,,,EQ,EQ_POLAR,see
9991,0,what happens when you win?,1.0,-NONE-ABAR-WH-,T,WH,NP,NP,SUBJ,SUBJ,WHNP-1-<INANIM>-<THEME-V1>,WHNP,MQ,MQ_SUBJ,
9991,1,what happens when you win?,2.0,-NONE-ABAR-RC-,T,RC,ADVP,ADVP,ADJUNCT,ADJUNCT,WHADVP-2,WHADVP,EQ,EQ_ADJUNCT,happens
9994,0,then what're you going to do with it?,2.0,-NONE-ABAR-WH-,T,WH,NP,NP,OBJ,OBJ,WHNP-2-<INANIM>-<THEME-V1>,WHNP,MQ,MQ_OBJ,
9995,0,when you use that Adam always shoots it away from people.,2.0,-NONE-ABAR-WH-,T,WH,ADVP,ADVP,ADJUNCT,ADJUNCT,WHADVP-2,WHADVP,EQ,EQ_ADJUNCT,
9998,0,why would you shoot Indians?,1.0,-NONE-ABAR-WH-,T,WH,ADVP,ADVP,ADJUNCT,ADJUNCT,WHADVP-1,WHADVP,MQ,MQ_ADJUNCT,
9999,0,"I see you've learned how to use it, Adam.",1.0,-NONE-ABAR-WH-,T,WH,ADVP,ADVP,ADJUNCT,ADJUNCT,WHADVP-1,WHADVP,EQ,EQ_ADJUNCT,learned
10006,0,where did that go?,1.0,-NONE-ABAR-WH-,T,WH,ADVP,ADVP,ADJUNCT,ADJUNCT,WHADVP-1,WHADVP,MQ,MQ_ADJUNCT,
10007,0,what happened?,1.0,-NONE-ABAR-WH-,T,WH,NP,NP,SUBJ,SUBJ,WHNP-1-<INANIM>-<THEME-V1>,WHNP,MQ,MQ_SUBJ,
10010,0,see if you can hit the pillow in Paul's bed.,,,,POLAR,,,,POLAR,,,EQ,EQ_POLAR,see
10012,0,what happened that time?,1.0,-NONE-ABAR-WH-,T,WH,NP,NP,SUBJ,SUBJ,WHNP-1-<INANIM>-<THEME-V1>,WHNP,MQ,MQ_SUBJ,
10016,0,what did you say?,1.0,-NONE-ABAR-WH-,T,WH,NP,NP,OBJ,OBJ,WHNP-1-<INANIM>-<PATIENT-V1>,WHNP,MQ,MQ_OBJ,
10020,0,"Paul, what are you reading?",1.0,-NONE-ABAR-WH-,T,WH,NP,NP,OBJ,OBJ,WHNP-1-<INANIM>-<PATIENT-V1>,WHNP,MQ,MQ_OBJ,
10027,0,how is it like an arrow?,1.0,-NONE-ABAR-WH-,T,WH,ADVP,ADVP,ADJUNCT,ADJUNCT,WHADVP-1,WHADVP,MQ,MQ_ADJUNCT,
10033,0,what're you doing?,1.0,-NONE-ABAR-WH-,T,WH,NP,NP,OBJ,OBJ,WHNP-1-<INANIM>-<THEME-V1>,WHNP,MQ,MQ_OBJ,
10036,0,why does it have what on it?,1.0,-NONE-ABAR-WH-,T,WH,ADVP,ADVP,ADJUNCT,ADJUNCT,WHADVP-1,WHADVP,MQ,MQ_ADJUNCT,
10037,0,that's a rubber tip so that it willn't do too much damage when it hits.,1.0,-NONE-ABAR-WH-,T,WH,ADVP,ADVP,ADJUNCT,ADJUNCT,WHADVP-1,WHADVP,EQ,EQ_ADJUNCT,do
10042,0,what's soft?,1.0,-NONE-ABAR-WH-,T,WH,NP,NP,SUBJ,SUBJ,WHNP-1-<INANIM>,WHNP,MQ,MQ_SUBJ,
10044,0,what do you mean soft?,1.0,-NONE-ABAR-WH-,T,WH,NP,NP,OBJ,OBJ,WHNP-1-<INANIM>-<PATIENT-V1>,WHNP,MQ,MQ_OBJ,
10055,0,what do you think that is?,1.0,-NONE-ABAR-WH-,T,WH,NP,NP,OBJ,OBJ,WHNP-1-<INANIM>,WHNP,EQ,EQ_OBJ,think
10069,0,what happened to the pilot?,1.0,-NONE-ABAR-WH-,T,WH,NP,NP,SUBJ,SUBJ,WHNP-1-<INANIM>-<THEME-V1>,WHNP,MQ,MQ_SUBJ,
10071,0,what is that?,1.0,-NONE-ABAR-WH-,T,WH,NP,NP,OBJ,OBJ,WHNP-1-<INANIM>,WHNP,MQ,MQ_OBJ,
10074,0,what does it say?,1.0,-NONE-ABAR-WH-,T,WH,NP,NP,OBJ,OBJ,WHNP-1-<INANIM>-<PATIENT-V1>,WHNP,MQ,MQ_OBJ,
10075,0,what does it say?,1.0,-NONE-ABAR-WH-,T,WH,NP,NP,OBJ,OBJ,WHNP-1-<INANIM>-<PATIENT-V1>,WHNP,MQ,MQ_OBJ,
10081,0,what else has a beginning sound like babies and bears?,1.0,-NONE-ABAR-WH-,T,WH,NP,NP,SUBJ,SUBJ,WHNP-1-<INANIM>-<POSSESS-V1>,WHNP,MQ,MQ_SUBJ,
10085,0,what are those?,1.0,-NONE-ABAR-WH-,T,WH,NP,NP,OBJ,OBJ,WHNP-1-<INANIM>,WHNP,MQ,MQ_OBJ,
10087,0,see those two that are just alike?,1.0,-NONE-ABAR-RC-,T,RC,NP,NP,SUBJ,SUBJ,WHNP-<INANIM>,WHNP,RC,RC_SUBJ,
10095,0,what's that?,1.0,-NONE-ABAR-WH-,T,WH,NP,NP,OBJ,OBJ,WHNP-1-<INANIM>,WHNP,MQ,MQ_OBJ,
10096,0,what are they playing?,1.0,-NONE-ABAR-WH-,T,WH,NP,NP,OBJ,OBJ,WHNP-1-<INANIM>-<THEME-V1>,WHNP,MQ,MQ_OBJ,
10103,0,and what is he smoking?,1.0,-NONE-ABAR-WH-,T,WH,NP,NP,OBJ,OBJ,WHNP-1-<INANIM>-<PATIENT-V1>,WHNP,EQ,EQ_OBJ,
10105,0,and what does he have on his lap?,1.0,-NONE-ABAR-WH-,T,WH,NP,NP,OBJ,OBJ,WHNP-1-<INANIM>-<THEME-V1>,WHNP,EQ,EQ_OBJ,
10108,0,and what is this?,1.0,-NONE-ABAR-WH-,T,WH,NP,NP,OBJ,OBJ,WHNP-1-<INANIM>,WHNP,EQ,EQ_OBJ,
10115,0,something that a king wears on his head.,1.0,-NONE-ABAR-RC-,T,RC,NP,NP,OBJ,OBJ,WHNP-1-<INANIM>,WHNP,RC,RC_OBJ,
10117,0,and what is that?,1.0,-NONE-ABAR-WH-,T,WH,NP,NP,OBJ,OBJ,WHNP-1-<INANIM>,WHNP,EQ,EQ_OBJ,
10119,0,and what is that?,1.0,-NONE-ABAR-WH-,T,WH,NP,NP,OBJ,OBJ,WHNP-1-<INANIM>,WHNP,EQ,EQ_OBJ,
10121,0,and what is this?,1.0,-NONE-ABAR-WH-,T,WH,NP,NP,OBJ,OBJ,WHNP-1-<INANIM>,WHNP,EQ,EQ_OBJ,
10127,0,"oh, what kind of egg is that?",1.0,-NONE-ABAR-WH-,T,WH,NP,NP,OBJ,OBJ,WHNP-1-<INANIM>,WHNP,MQ,MQ_OBJ,
10140,0,"il is for Indians, and what's that?",1.0,-NONE-ABAR-WH-,T,WH,NP,NP,OBJ,OBJ,WHNP-1-<INANIM>,WHNP,EQ,EQ_OBJ,
10145,0,is that a baby *NULL* boxing with jackinthebox?,1.0,-NONE-ABAR-RC-,T,RC,NP,NP,SUBJ,SUBJ,WHNP-1-<ANIM>,WHNP,RC,RC_SUBJ,
10150,0,what is that?,1.0,-NONE-ABAR-WH-,T,WH,NP,NP,OBJ,OBJ,WHNP-1-<INANIM>,WHNP,MQ,MQ_OBJ,
10152,0,what is the mother kangaroo doing?,1.0,-NONE-ABAR-WH-,T,WH,NP,NP,OBJ,OBJ,WHNP-1-<INANIM>-<THEME-V1>,WHNP,MQ,MQ_OBJ,
10153,0,but what does she have in her hand?,1.0,-NONE-ABAR-WH-,T,WH,NP,NP,OBJ,OBJ,WHNP-1-<INANIM>-<THEME-V1>,WHNP,EQ,EQ_OBJ,
10154,0,but what do you call what she's doing?,2.0,-NONE-ABAR-RC-,T,RC,NP,NP,OBJ,OBJ,WHNP-2-<INANIM>-<THEME-V2>,WHNP,EQ,EQ_OBJ,call
10154,1,but what do you call what she's doing?,1.0,-NONE-ABAR-WH-,T,WH,NP,NP,OBJ,OBJ,WHNP-1-<INANIM>-<PATIENT-V1>,WHNP,EQ,EQ_OBJ,
10162,0,what is that?,1.0,-NONE-ABAR-WH-,T,WH,NP,NP,OBJ,OBJ,WHNP-1-<INANIM>,WHNP,MQ,MQ_OBJ,
10164,0,what do you think that is?,1.0,-NONE-ABAR-WH-,T,WH,NP,NP,OBJ,OBJ,WHNP-1-<INANIM>,WHNP,EQ,EQ_OBJ,think
10168,0,that's a legendary creature who was part lady and part fish.,1.0,-NONE-ABAR-RC-,T,RC,NP,NP,SUBJ,SUBJ,WHNP-1-<ANIM>,WHNP,RC,RC_SUBJ,
10169,0,"no, I moved that when I closed the door.",1.0,-NONE-ABAR-WH-,T,WH,ADVP,ADVP,ADJUNCT,ADJUNCT,WHADVP-1,WHADVP,EQ,EQ_ADJUNCT,moved
10170,0,"who is this, Adam?",1.0,-NONE-ABAR-WH-,T,WH,NP,NP,OBJ,OBJ,WHNP-1-<ANIM>,WHNP,MQ,MQ_OBJ,
10175,0,and who is that *NULL* singing?,2.0,-NONE-ABAR-RC-,T,RC,NP,NP,SUBJ,SUBJ,WHNP-2-<ANIM>-<AGENT-V1>,WHNP,RC,RC_SUBJ,
10175,1,and who is that *NULL* singing?,1.0,-NONE-ABAR-WH-,T,WH,NP,NP,OBJ,OBJ,WHNP-1-<ANIM>,WHNP,EQ,EQ_OBJ,
10178,0,is that an oboe *NULL* they're playing?,1.0,-NONE-ABAR-RC-,T,RC,NP,NP,OBJ,OBJ,WHNP-1-<INANIM>-<PATIENT-V1>,WHNP,RC,RC_OBJ,
10179,0,I don't know what that is.,1.0,-NONE-ABAR-WH-,T,WH,NP,NP,OBJ,OBJ,WHNP-1-<INANIM>,WHNP,EQ,EQ_OBJ,know
10185,0,what is that?,1.0,-NONE-ABAR-WH-,T,WH,NP,NP,OBJ,OBJ,WHNP-1-<INANIM>,WHNP,MQ,MQ_OBJ,
10190,0,what is that?,1.0,-NONE-ABAR-WH-,T,WH,NP,NP,OBJ,OBJ,WHNP-1-<INANIM>,WHNP,MQ,MQ_OBJ,
10193,0,what's he sitting on?,1.0,-NONE-ABAR-WH-,T,WH,NP,NP,OBJ,OBJ,WHNP-1-<INANIM>-<LOC-V1>,WHNP,MQ,MQ_OBJ,
10195,0,do you know what that is?,1.0,-NONE-ABAR-WH-,T,WH,NP,NP,OBJ,OBJ,WHNP-1-<INANIM>,WHNP,EQ,EQ_OBJ,know
10199,0,I suppose it's easier to take care of five of them if you're,,,,POLAR,,,,POLAR,,,EQ,EQ_POLAR,suppose
10199,1,I suppose it's easier to take care of five of them if you're,,,,POLAR,,,,POLAR,,,EQ,EQ_POLAR,take
10201,0,the same thing that you said.,1.0,-NONE-ABAR-RC-,T,RC,NP,NP,OBJ,OBJ,WHNP-1-<INANIM>-<PATIENT-V1>,WHNP,RC,RC_OBJ,
10204,0,what is that?,1.0,-NONE-ABAR-WH-,T,WH,NP,NP,OBJ,OBJ,WHNP-1-<INANIM>,WHNP,MQ,MQ_OBJ,
10205,0,what is that?,1.0,-NONE-ABAR-WH-,T,WH,NP,NP,OBJ,OBJ,WHNP-1-<INANIM>,WHNP,MQ,MQ_OBJ,
10210,0,what's the rabbit have on?,1.0,-NONE-ABAR-WH-,T,WH,NP,NP,OBJ,OBJ,WHNP-1-<INANIM>-<PATIENT-V1>,WHNP,MQ,MQ_OBJ,
10212,0,and what is that?,1.0,-NONE-ABAR-WH-,T,WH,NP,NP,OBJ,OBJ,WHNP-1-<INANIM>,WHNP,EQ,EQ_OBJ,
10215,0,what is a rhinoceros?,1.0,-NONE-ABAR-WH-,T,WH,NP,NP,OBJ,OBJ,WHNP-1-<INANIM>,WHNP,MQ,MQ_OBJ,
10217,0,what is the robin eating?,1.0,-NONE-ABAR-WH-,T,WH,NP,NP,OBJ,OBJ,WHNP-1-<INANIM>-<PATIENT-V1>,WHNP,MQ,MQ_OBJ,
10219,0,what kind of flowers are they?,1.0,-NONE-ABAR-WH-,T,WH,NP,NP,OBJ,OBJ,WHNP-<INANIM>,WHNP,MQ,MQ_OBJ,
10220,0,and what is that?,1.0,-NONE-ABAR-WH-,T,WH,NP,NP,OBJ,OBJ,WHNP-1-<INANIM>,WHNP,EQ,EQ_OBJ,
10225,0,what do you think it is?,1.0,-NONE-ABAR-WH-,T,WH,NP,NP,OBJ,OBJ,WHNP-1-<INANIM>,WHNP,EQ,EQ_OBJ,think
10226,0,what is that?,1.0,-NONE-ABAR-WH-,T,WH,NP,NP,OBJ,OBJ,WHNP-1-<INANIM>,WHNP,MQ,MQ_OBJ,
10227,0,what kind of coat do you think it is?,1.0,-NONE-ABAR-WH-,T,WH,NP,NP,OBJ,OBJ,WHNP-1-<INANIM>,WHNP,EQ,EQ_OBJ,think
10229,0,what are those?,1.0,-NONE-ABAR-WH-,T,WH,NP,NP,OBJ,OBJ,WHNP-1-<INANIM>,WHNP,MQ,MQ_OBJ,
10236,0,do you see anything on there that has a beginning sound like that?,2.0,-NONE-ABAR-RC-,T,RC,NP,NP,SUBJ,SUBJ,WHNP-2-<INANIM>-<POSSESS-V2>,WHNP,RC,RC_SUBJ,
10239,0,"oh, what're they having, Adam?",1.0,-NONE-ABAR-WH-,T,WH,NP,NP,OBJ,OBJ,WHNP-1-<INANIM>-<PATIENT-V1>,WHNP,MQ,MQ_OBJ,
10243,0,"no, what are they?",1.0,-NONE-ABAR-WH-,T,WH,NP,NP,OBJ,OBJ,WHNP-1-<INANIM>,WHNP,MQ,MQ_OBJ,
10248,0,"oh, they'll have a picnic when the people leave.",1.0,-NONE-ABAR-WH-,T,WH,ADVP,ADVP,ADJUNCT,ADJUNCT,WHADVP-1,WHADVP,EQ,EQ_ADJUNCT,have
10261,0,because that's a nice place *NULL* to go.,1.0,-NONE-ABAR-RC-,T,RC,NP,NP,OBJ,OBJ,WHNP-1-INANIM>-<LOC-V1>,WHNP,RC,RC_OBJ,
10266,0,and what are those?,1.0,-NONE-ABAR-WH-,T,WH,NP,NP,OBJ,OBJ,WHNP-1-<INANIM>,WHNP,EQ,EQ_OBJ,
10270,0,and what's she feeding the baby?,1.0,-NONE-ABAR-WH-,T,WH,NP,NP,OBJ,OBJ,WHNP-1-<INANIM>-<PATIENT-V1>,WHNP,EQ,EQ_OBJ,
10271,0,and what's she eating?,1.0,-NONE-ABAR-WH-,T,WH,NP,NP,OBJ,OBJ,WHNP-1-<INANIM>-<PATIENT-V1>,WHNP,EQ,EQ_OBJ,
10272,0,what are they playing on?,1.0,-NONE-ABAR-WH-,T,WH,NP,NP,OBJ,OBJ,WHNP-1-<INANIM>-<LOC-V1>,WHNP,MQ,MQ_OBJ,
10293,0,"yes, vl is for what is that?",1.0,-NONE-ABAR-WH-,T,WH,NP,NP,OBJ,OBJ,WHNP-1-<INANIM>,WHNP,MQ,MQ_OBJ,
10295,0,what is this?,1.0,-NONE-ABAR-WH-,T,WH,NP,NP,OBJ,OBJ,WHNP-1-<INANIM>,WHNP,MQ,MQ_OBJ,
10297,0,and what is he playing?,1.0,-NONE-ABAR-WH-,T,WH,NP,NP,OBJ,OBJ,WHNP-1-<INANIM>-<THEME-V1>,WHNP,EQ,EQ_OBJ,
10305,0,what's he doing?,1.0,-NONE-ABAR-WH-,T,WH,NP,NP,OBJ,OBJ,WHNP-1-<INANIM>-<THEME-V1>,WHNP,MQ,MQ_OBJ,
10306,0,who's checking whom?,1.0,-NONE-ABAR-WH-,T,WH,NP,NP,SUBJ,SUBJ,WHNP-1-<ANIM>-<AGENT-V1>,WHNP,MQ,MQ_SUBJ,
10311,0,what do you see there?,1.0,-NONE-ABAR-WH-,T,WH,NP,NP,OBJ,OBJ,WHNP-1-<INANIM>-<SUBJMATT-V1>,WHNP,MQ,MQ_OBJ,
10314,0,what is that?,1.0,-NONE-ABAR-WH-,T,WH,NP,NP,OBJ,OBJ,WHNP-1-<INANIM>,WHNP,MQ,MQ_OBJ,
10332,0,what's this?,1.0,-NONE-ABAR-WH-,T,WH,NP,NP,OBJ,OBJ,WHNP-1-<INANIM>,WHNP,MQ,MQ_OBJ,
10344,0,these are the things that will hold the police car and the station.,1.0,-NONE-ABAR-RC-,T,RC,NP,NP,SUBJ,SUBJ,WHNP-1-<INANIM>-<AGENT-V1>,WHNP,RC,RC_SUBJ,
10365,0,what kind of a car do you think that one is?,1.0,-NONE-ABAR-WH-,T,WH,NP,NP,OBJ,OBJ,WHNP-1-<INANIM>,WHNP,EQ,EQ_OBJ,think
10367,0,who rides on the bus?,1.0,-NONE-ABAR-WH-,T,WH,NP,NP,SUBJ,SUBJ,WHNP-1-<ANIM>-<THEME-V1>,WHNP,MQ,MQ_SUBJ,
10375,0,what kind of bus is that?,1.0,-NONE-ABAR-WH-,T,WH,NP,NP,OBJ,OBJ,WHNP-1-<INANIM>,WHNP,MQ,MQ_OBJ,
10395,0,how much do you charge me for doing that?,1.0,-NONE-ABAR-WH-,T,WH,NP,NP,OBJ,OBJ,WHNP-1,WHNP,MQ,MQ_OBJ,
10405,0,what happens when you get a flat tire?,1.0,-NONE-ABAR-WH-,T,WH,NP,NP,SUBJ,SUBJ,WHNP-1-<INANIM>-<THEME-V1>,WHNP,MQ,MQ_SUBJ,
10405,1,what happens when you get a flat tire?,2.0,-NONE-ABAR-RC-,T,RC,ADVP,ADVP,ADJUNCT,ADJUNCT,WHADVP-2,WHADVP,EQ,EQ_ADJUNCT,happens
10408,0,"oh, what will you do with it?",1.0,-NONE-ABAR-WH-,T,WH,NP,NP,OBJ,OBJ,WHNP-<INANIM>-<THEME-V1>,WHNP,MQ,MQ_OBJ,
10428,0,what happened to the airplane?,1.0,-NONE-ABAR-WH-,T,WH,NP,NP,SUBJ,SUBJ,WHNP-1-<INANIM>-<THEME-V1>,WHNP,MQ,MQ_SUBJ,
10431,0,"oh, what light means stop?",1.0,-NONE-ABAR-WH-,T,WH,NP,NP,SUBJ,SUBJ,WHNP-1-<INANIM>-<CAUSER-V1>,WHNP,MQ,MQ_SUBJ,
10445,0,"oh, what're you going to do?",2.0,-NONE-ABAR-WH-,T,WH,NP,NP,OBJ,OBJ,WHNP-2-<INANIM>-<THEME-V1>,WHNP,MQ,MQ_OBJ,
10451,0,when you go to the service station you have to repair that one.,3.0,-NONE-ABAR-RC-,T,RC,ADVP,ADVP,ADJUNCT,ADJUNCT,WHADVP-3,WHADVP,EQ,EQ_ADJUNCT,
10460,0,I don't see how you could have a flat tire.,1.0,-NONE-ABAR-WH-,T,WH,ADVP,ADVP,ADJUNCT,ADJUNCT,WHADVP-1,WHADVP,EQ,EQ_ADJUNCT,see
10463,0,how much do you want?,1.0,-NONE-ABAR-WH-,T,WH,NP,NP,OBJ,OBJ,WHNP-1-<INANIM>-<SUBJMATT-V1>,WHNP,MQ,MQ_OBJ,
10468,0,how many more do I need?,1.0,-NONE-ABAR-WH-,T,WH,NP,NP,OBJ,OBJ,WHNP-1-<INANIM>-<SUBJMATT-V1>,WHNP,MQ,MQ_OBJ,
10491,0,"no, he doesn't know how to play with those things yet.",1.0,-NONE-ABAR-WH-,T,WH,ADVP,ADVP,ADJUNCT,ADJUNCT,WHADVP-1,WHADVP,EQ,EQ_ADJUNCT,know
10492,0,here's a sign that says what?,1.0,-NONE-ABAR-RC-,T,RC,NP,NP,SUBJ,SUBJ,WHNP-1-<INANIM>-<AGENT-V1>,WHNP,RC,RC_SUBJ,
10494,0,what do you do to them?,1.0,-NONE-ABAR-WH-,T,WH,NP,NP,OBJ,OBJ,WHNP-<INANIM>-<THEME-V1>,WHNP,MQ,MQ_OBJ,
10510,0,what is that?,1.0,-NONE-ABAR-WH-,T,WH,NP,NP,OBJ,OBJ,WHNP-1-<INANIM>,WHNP,MQ,MQ_OBJ,
10513,0,what're you going to do now?,2.0,-NONE-ABAR-WH-,T,WH,NP,NP,OBJ,OBJ,WHNP-2-<INANIM>-<THEME-V1>,WHNP,MQ,MQ_OBJ,
10526,0,part that goes across there.,1.0,-NONE-ABAR-RC-,T,RC,NP,NP,SUBJ,SUBJ,WHNP-1-<INANIM>-<THEME-V1>,WHNP,RC,RC_SUBJ,
10535,0,where are the wheels?,1.0,-NONE-ABAR-WH-,T,WH,ADVP,ADVP,ADJUNCT,ADJUNCT,WHADVP-1,WHADVP,MQ,MQ_ADJUNCT,
10543,0,what happened?,1.0,-NONE-ABAR-WH-,T,WH,NP,NP,SUBJ,SUBJ,WHNP-1-<INANIM>-<THEME-V1>,WHNP,MQ,MQ_SUBJ,
10549,0,what else did you do at nursery school today?,1.0,-NONE-ABAR-WH-,T,WH,NP,NP,OBJ,OBJ,WHNP-1-<INANIM>-<THEME-V1>,WHNP,MQ,MQ_OBJ,
10556,0,when you have a flat tire you have to take the wheel off.,3.0,-NONE-ABAR-RC-,T,RC,ADVP,ADVP,ADJUNCT,ADJUNCT,WHADVP-3,WHADVP,EQ,EQ_ADJUNCT,
10559,0,how would you get it back on there?,1.0,-NONE-ABAR-WH-,T,WH,ADVP,ADVP,ADJUNCT,ADJUNCT,WHADVP-1,WHADVP,MQ,MQ_ADJUNCT,
10564,0,whose baby is he?,1.0,-NONE-ABAR-WH-,T,WH,NP,NP,OBJ,OBJ,WHNP-1-<ANIM>,WHNP,MQ,MQ_OBJ,
10570,0,that tells you how vegetables grow.,1.0,-NONE-ABAR-WH-,T,WH,ADVP,ADVP,ADJUNCT,ADJUNCT,WHADVP-1,WHADVP,EQ,EQ_ADJUNCT,tells
10571,0,"do you know what that is, Adam?",1.0,-NONE-ABAR-WH-,T,WH,NP,NP,OBJ,OBJ,WHNP-1-<INANIM>,WHNP,EQ,EQ_OBJ,know
10575,0,that's something *NULL* you like very much.,1.0,-NONE-ABAR-RC-,T,RC,NP,NP,OBJ,OBJ,WHNP-1-<INANIM>-<SUBJMATT-V1>,WHNP,RC,RC_OBJ,
10586,0,you know what this is?,1.0,-NONE-ABAR-WH-,T,WH,NP,NP,OBJ,OBJ,WHNP-1-<INANIM>,WHNP,EQ,EQ_OBJ,know
10588,0,how many of these vegetables do you know?,1.0,-NONE-ABAR-WH-,T,WH,NP,NP,OBJ,OBJ,WHNP-1-<INANIM>-<SUBJMATT-V1>,WHNP,MQ,MQ_OBJ,
10590,0,what's that?,1.0,-NONE-ABAR-WH-,T,WH,NP,NP,OBJ,OBJ,WHNP-1-<INANIM>,WHNP,MQ,MQ_OBJ,
10594,0,what's this?,1.0,-NONE-ABAR-WH-,T,WH,NP,NP,OBJ,OBJ,WHNP-1-<INANIM>,WHNP,MQ,MQ_OBJ,
10600,0,why don't you show her what the vegetables are?,2.0,-NONE-ABAR-RC-,T,RC,NP,NP,OBJ,OBJ,WHNP-2-<INANIM>,WHNP,EQ,EQ_OBJ,show
10600,1,why don't you show her what the vegetables are?,1.0,-NONE-ABAR-WH-,T,WH,ADVP,ADVP,ADJUNCT,ADJUNCT,WHADVP-1,WHADVP,MQ,MQ_ADJUNCT,
10601,0,what's this one?,1.0,-NONE-ABAR-WH-,T,WH,NP,NP,OBJ,OBJ,WHNP-1-<INANIM>,WHNP,MQ,MQ_OBJ,
10602,0,what are these?,1.0,-NONE-ABAR-WH-,T,WH,NP,NP,OBJ,OBJ,WHNP-1-<INANIM>,WHNP,MQ,MQ_OBJ,
10603,0,what's this?,1.0,-NONE-ABAR-WH-,T,WH,NP,NP,OBJ,OBJ,WHNP-1-<INANIM>,WHNP,MQ,MQ_OBJ,
10612,0,what else did you make?,1.0,-NONE-ABAR-WH-,T,WH,NP,NP,OBJ,OBJ,WHNP-1-<INANIM>-<PATIENT-V1>,WHNP,MQ,MQ_OBJ,
10616,0,how'd you get eight so soon?,1.0,-NONE-ABAR-WH-,T,WH,ADVP,ADVP,ADJUNCT,ADJUNCT,WHADVP-1,WHADVP,MQ,MQ_ADJUNCT,
10618,0,what do you do with that?,1.0,-NONE-ABAR-WH-,T,WH,NP,NP,OBJ,OBJ,WHNP-1-<INANIM>-<THEME-V1>,WHNP,MQ,MQ_OBJ,
10624,0,what did we say about that word?,1.0,-NONE-ABAR-WH-,T,WH,NP,NP,OBJ,OBJ,WHNP-1-<INANIM>-<PATIENT-V1>,WHNP,MQ,MQ_OBJ,
10625,0,where does this go?,1.0,-NONE-ABAR-WH-,T,WH,ADVP,ADVP,ADJUNCT,ADJUNCT,WHADVP-1,WHADVP,MQ,MQ_ADJUNCT,
10631,0,now what do you do?,1.0,-NONE-ABAR-WH-,T,WH,NP,NP,OBJ,OBJ,WHNP-1-<INANIM>-<THEME-V1>,WHNP,MQ,MQ_OBJ,
10638,0,"Adam, how would I know that those are the wheels that go on here?",2.0,-NONE-ABAR-RC-,T,RC,NP,NP,SUBJ,SUBJ,WHNP-2-<INANIM>-<THEME-V2>,WHNP,RC,RC_SUBJ,
10638,1,"Adam, how would I know that those are the wheels that go on here?",1.0,-NONE-ABAR-WH-,T,WH,ADVP,ADVP,ADJUNCT,ADJUNCT,WHADVP-1,WHADVP,MQ,MQ_ADJUNCT,
10641,0,"oh, why isn't that the right one?",1.0,-NONE-ABAR-WH-,T,WH,ADVP,ADVP,ADJUNCT,ADJUNCT,WHADVP-1,WHADVP,MQ,MQ_ADJUNCT,
10644,0,what does this say?,1.0,-NONE-ABAR-WH-,T,WH,NP,NP,OBJ,OBJ,WHNP-1-<INANIM>-<PATIENT-V1>,WHNP,MQ,MQ_OBJ,
10645,0,what letter of the alphabet is that?,1.0,-NONE-ABAR-WH-,T,WH,NP,NP,OBJ,OBJ,WHNP-1-<INANIM>,WHNP,MQ,MQ_OBJ,
10651,0,where are the wheels for the bus?,1.0,-NONE-ABAR-WH-,T,WH,ADVP,ADVP,ADJUNCT,ADJUNCT,WHADVP-1,WHADVP,MQ,MQ_ADJUNCT,
10658,0,what happens when he's dead?,1.0,-NONE-ABAR-WH-,T,WH,NP,NP,SUBJ,SUBJ,WHNP-1-<INANIM>-<THEME-V1>,WHNP,MQ,MQ_SUBJ,
10658,1,what happens when he's dead?,1.0,-NONE-ABAR-WH-,T,WH,ADVP,ADVP,ADJUNCT,ADJUNCT,WHNP-1-<INANIM>-<THEME-V1>,WHNP,EQ,EQ_ADJUNCT,happens
10659,0,what is that?,1.0,-NONE-ABAR-WH-,T,WH,NP,NP,OBJ,OBJ,WHNP-1-<INANIM>,WHNP,MQ,MQ_OBJ,
10665,0,would you like some help *NULL* to put that together?,1.0,-NONE-ABAR-RC-,T,RC,NP,NP,SUBJ,SUBJ,WHNP-1-<INANIM>-<AGENT-V2>,WHNP,RC,RC_SUBJ,
10676,0,what do you hear?,1.0,-NONE-ABAR-WH-,T,WH,NP,NP,OBJ,OBJ,WHNP-1-<INANIM>-<SUBJMATT-V1>,WHNP,MQ,MQ_OBJ,
10677,0,"it's somebody *NULL* you know, I think.",2.0,-NONE-ABAR-RC-,T,RC,NP,NP,OBJ,OBJ,WHNP-2-<ANIM>-<SUBJMATT-V1>,WHNP,RC,RC_OBJ,
10682,0,why don't you bring the station wagon over here and I'll put it,1.0,-NONE-ABAR-WH-,T,WH,ADVP,ADVP,ADJUNCT,ADJUNCT,WHADVP-1,WHADVP,MQ,MQ_ADJUNCT,
10686,0,where would it be?,1.0,-NONE-ABAR-WH-,T,WH,ADVP,ADVP,ADJUNCT,ADJUNCT,WHADVP-1,WHADVP,MQ,MQ_ADJUNCT,
10692,0,is that what happened here?,1.0,-NONE-ABAR-WH-,T,WH,NP,NP,SUBJ,SUBJ,WHNP-1-<INANIM>-<THEME-V1>,WHNP,EQ,EQ_SUBJ,happened
10698,0,"well, I guess if they have to pick some people up they put the",,,,POLAR,,,,POLAR,,,EQ,EQ_POLAR,guess
10699,0,"no, if people are bad.",,,,POLAR,,,,POLAR,,,EQ,EQ_POLAR,
10705,0,"what're you doing, Paul?",1.0,-NONE-ABAR-WH-,T,WH,NP,NP,OBJ,OBJ,WHNP-1-<INANIM>-<THEME-V1>,WHNP,MQ,MQ_OBJ,
10729,0,a little baby who goes away and comes back when he sees me working.,1.0,-NONE-ABAR-RC-,T,RC,NP,NP,SUBJ,SUBJ,WHNP-1-<ANIM>-<THEME-V1>-<THEME-V2>,WHNP,RC,RC_SUBJ,
10729,1,a little baby who goes away and comes back when he sees me working.,2.0,-NONE-ABAR-WH-,T,WH,ADVP,ADVP,ADJUNCT,ADJUNCT,WHADVP-2,WHADVP,EQ,EQ_ADJUNCT,comes
10735,0,why don't you play with those things?,1.0,-NONE-ABAR-WH-,T,WH,ADVP,ADVP,ADJUNCT,ADJUNCT,WHADVP-1,WHADVP,MQ,MQ_ADJUNCT,
10736,0,here's a place where you can start.,1.0,-NONE-ABAR-RC-,T,RC,ADVP,ADVP,ADJUNCT,ADJUNCT,WHADVP-1,WHADVP,RC,RC_ADJUNCT,
10739,0,what does that look like?,1.0,-NONE-ABAR-WH-,T,WH,NP,NP,OBJ,OBJ,WHNP-1-<INANIM>-<SUBJMATT-V1>,WHNP,MQ,MQ_OBJ,
10742,0,which side is wider?,1.0,-NONE-ABAR-WH-,T,WH,NP,NP,SUBJ,SUBJ,WHNP-1-<INANIM>,WHNP,MQ,MQ_SUBJ,
10750,0,"no, this is when you want it to fly.",1.0,-NONE-ABAR-RC-,T,RC,ADVP,ADVP,ADJUNCT,ADJUNCT,WHADVP-1,WHADVP,EQ,EQ_ADJUNCT,want
10754,0,where does it say let it go?,1.0,-NONE-ABAR-WH-,T,WH,ADVP,ADVP,ADJUNCT,ADJUNCT,WHADVP-1,WHADVP,MQ,MQ_ADJUNCT,
10760,0,how was the fair?,1.0,-NONE-ABAR-WH-,T,WH,ADVP,ADVP,ADJUNCT,ADJUNCT,WHADVP-1,WHADVP,MQ,MQ_ADJUNCT,
10763,0,when he was in North_Carolina.,1.0,-NONE-ABAR-RC-,T,RC,ADVP,ADVP,ADJUNCT,ADJUNCT,WHADVP-1,WHADVP,EQ,EQ_ADJUNCT,
10764,0,you went to a circus when you came back from North_Carolina.,1.0,-NONE-ABAR-WH-,T,WH,ADVP,ADVP,ADJUNCT,ADJUNCT,WHADVP-1,WHADVP,EQ,EQ_ADJUNCT,went
10772,0,Ursula asked how old you were.,1.0,-NONE-ABAR-WH-,T,WH,NP,NP,OBJ,OBJ,WHNP-1-<INANIM>,WHNP,EQ,EQ_OBJ,asked
10773,0,how old are you?,1.0,-NONE-ABAR-WH-,T,WH,NP,NP,OBJ,OBJ,WHNP-1-<INANIM>,WHNP,MQ,MQ_OBJ,
10781,0,what happened?,1.0,-NONE-ABAR-WH-,T,WH,NP,NP,SUBJ,SUBJ,WHNP-1-<INANIM>-<THEME-V1>,WHNP,MQ,MQ_SUBJ,
10782,0,"ok, when you get ready for some more.",1.0,-NONE-ABAR-WH-,T,WH,ADVP,ADVP,ADJUNCT,ADJUNCT,WHADVP-1,WHADVP,EQ,EQ_ADJUNCT,
10783,0,what's an octopus?,1.0,-NONE-ABAR-WH-,T,WH,NP,NP,OBJ,OBJ,WHNP-1-<INANIM>,WHNP,MQ,MQ_OBJ,
10788,0,why are you unhappy?,1.0,-NONE-ABAR-WH-,T,WH,ADVP,ADVP,ADJUNCT,ADJUNCT,WHADVP-1,WHADVP,MQ,MQ_ADJUNCT,
10798,0,what's a grand hat?,1.0,-NONE-ABAR-WH-,T,WH,NP,NP,OBJ,OBJ,WHNP-1-<INANIM>,WHNP,MQ,MQ_OBJ,
10799,0,how do you know it's not?,1.0,-NONE-ABAR-WH-,T,WH,ADVP,ADVP,ADJUNCT,ADJUNCT,WHADVP-1,WHADVP,MQ,MQ_ADJUNCT,
10804,0,what does that say?,1.0,-NONE-ABAR-WH-,T,WH,NP,NP,OBJ,OBJ,WHNP-1-<INANIM>-<PATIENT-V1>,WHNP,MQ,MQ_OBJ,
10806,0,is that how old you are?,1.0,-NONE-ABAR-RC-,T,RC,NP,NP,OBJ,OBJ,WHNP-1-<INANIM>,WHNP,EQ,EQ_OBJ,
10809,0,why don't you move yours over near mine?,1.0,-NONE-ABAR-WH-,T,WH,ADVP,ADVP,ADJUNCT,ADJUNCT,WHADVP-1,WHADVP,MQ,MQ_ADJUNCT,
10816,0,see what this is.,1.0,-NONE-ABAR-RC-,T,RC,NP,NP,OBJ,OBJ,WHNP-1-<INANIM>,WHNP,EQ,EQ_OBJ,see
10835,0,"what is that, Paul?",1.0,-NONE-ABAR-WH-,T,WH,NP,NP,OBJ,OBJ,WHNP-1-<INANIM>,WHNP,MQ,MQ_OBJ,
10838,0,what did you say?,1.0,-NONE-ABAR-WH-,T,WH,NP,NP,OBJ,OBJ,WHNP-1-<INANIM>-<PATIENT-V1>,WHNP,MQ,MQ_OBJ,
10840,0,how can you play baseball on me?,1.0,-NONE-ABAR-WH-,T,WH,ADVP,ADVP,ADJUNCT,ADJUNCT,WHADVP-1,WHADVP,MQ,MQ_ADJUNCT,
10846,0,what are those?,1.0,-NONE-ABAR-WH-,T,WH,NP,NP,OBJ,OBJ,WHNP-1-<INANIM>,WHNP,MQ,MQ_OBJ,
10852,0,it's a costume so nobody will know who you are.,1.0,-NONE-ABAR-WH-,T,WH,NP,NP,OBJ,OBJ,WHNP-1-<ANIM>,WHNP,EQ,EQ_OBJ,know
10859,0,who are you?,1.0,-NONE-ABAR-WH-,T,WH,NP,NP,OBJ,OBJ,WHNP-1-<ANIM>,WHNP,MQ,MQ_OBJ,
10867,0,"oh, who is it?",1.0,-NONE-ABAR-WH-,T,WH,NP,NP,OBJ,OBJ,WHNP-1-<ANIM>,WHNP,MQ,MQ_OBJ,
10871,0,who're you?,1.0,-NONE-ABAR-WH-,T,WH,NP,NP,OBJ,OBJ,WHNP-1-<ANIM>,WHNP,MQ,MQ_OBJ,
10887,0,"no, now who is that?",1.0,-NONE-ABAR-WH-,T,WH,NP,NP,OBJ,OBJ,WHNP-1-<ANIM>,WHNP,MQ,MQ_OBJ,
10892,0,now who are you?,1.0,-NONE-ABAR-WH-,T,WH,NP,NP,OBJ,OBJ,WHNP-1-<ANIM>,WHNP,MQ,MQ_OBJ,
10903,0,that's the kind of mask *NULL* you wear under water.,1.0,-NONE-ABAR-RC-,T,RC,NP,NP,OBJ,OBJ,WHNP-1-<INANIM>-<PATIENT-V1>,WHNP,RC,RC_OBJ,
10909,0,there's something else here *NULL* to look at.,1.0,-NONE-ABAR-RC-,T,RC,NP,NP,OBJ,OBJ,WHNP-1-<INANIM>-<PATIENT-V1>,WHNP,RC,RC_OBJ,
10910,0,I don't know what those things are.,1.0,-NONE-ABAR-WH-,T,WH,NP,NP,OBJ,OBJ,WHNP-1-<INANIM>,WHNP,EQ,EQ_OBJ,know
10911,0,why don't you try?,1.0,-NONE-ABAR-WH-,T,WH,ADVP,ADVP,ADJUNCT,ADJUNCT,WHADVP-1,WHADVP,MQ,MQ_ADJUNCT,
10924,0,why would you do two at one time?,1.0,-NONE-ABAR-WH-,T,WH,ADVP,ADVP,ADJUNCT,ADJUNCT,WHADVP-1,WHADVP,MQ,MQ_ADJUNCT,
10925,0,"oh, where did you see that?",1.0,-NONE-ABAR-WH-,T,WH,ADVP,ADVP,ADJUNCT,ADJUNCT,WHADVP-1,WHADVP,MQ,MQ_ADJUNCT,
10943,0,why don't you get some of your toys and play with them?,1.0,-NONE-ABAR-WH-,T,WH,ADVP,ADVP,ADJUNCT,ADJUNCT,WHADVP-1,WHADVP,MQ,MQ_ADJUNCT,
10957,0,what time is it?,1.0,-NONE-ABAR-WH-,T,WH,NP,NP,OBJ,OBJ,WHNP-1-<INANIM>,WHNP,MQ,MQ_OBJ,
10961,0,what time is it?,1.0,-NONE-ABAR-WH-,T,WH,NP,NP,OBJ,OBJ,WHNP-1-<INANIM>,WHNP,MQ,MQ_OBJ,
