tree_id,sentence,has_trace,n_deps
0,so you can put it in a notebook if you like.,True,1
1,what happened?,True,1
2,you didn't.,False,0
3,shall we look at these first?,False,0
4,it's a watch.,False,0
5,what is it?,True,1
6,what?,False,0
7,where?,False,0
8,you could use the paper.,False,0
9,"you don't need to make it so long, Adam.",False,0
10,thank you.,False,0
11,what color is this?,True,1
12,"no, he cann't have one.",False,0
13,he's too little.,False,0
14,you going to tell her a story?,False,0
15,alright.,False,0
16,"no, that's alright, Adam.",False,0
17,"she doesn't have any games in that one, Adam.",False,0
18,"what is that, Adam?",True,1
19,it's a what?,False,0
20,may I see it?,False,0
21,it's a mirror?,False,0
22,what do you see in the mirror?,True,1
23,"here, take it back to Ursula.",False,0
24,it's a watch?,False,0
25,what kind of watch?,False,0
26,yes.,False,0
27,does it look like Daddy's watch?,False,0
28,it looks like Daddy's watch?,False,0
29,oh.,False,0
30,no.,False,0
31,it doesn't have a band.,False,0
32,hmm?,False,0
33,maybe it's in here.,False,0
34,"oh, what're you going to do?",True,1
35,"oh, I see.",False,0
36,"oh, I see.",False,0
37,"ok, I'll hold it.",False,0
38,it willn't stay there.,False,0
39,you'd better take it back to Ursula.,False,0
40,you've never seen a watch?,False,0
41,"oh, that's not a chair.",False,0
42,at least not like that anyway.,False,0
43,I think you'd better take the watch back to Ursula.,False,0
44,you have to be careful or it willn't work properly.,False,0
45,"Adam, let me see.",False,0
46,how did you attach that?,True,1
47,that's good.,False,0
48,shall we put this away and find something else?,False,0
49,we could put this in the box.,False,0
50,what is it?,True,1
51,"careful, Adam.",False,0
52,show your Mother and ask her if it's safe.,True,1
53,I don't think so.,False,0
54,I know what you can do.,True,1
55,just take one paper and then find one that you'd like to make.,True,1
56,why don't you use some of the other tape that Ursula gave you?,True,2
57,why don't you use some of this?,True,1
58,not cut it off.,False,0
59,"no, look.",False,0
60,cut it off on there.,False,0
61,that's right.,False,0
62,that's a little cutting edge.,False,0
63,"well, cut it off.",False,0
64,"no no, don't use it all at one time, honey.",False,0
65,I 'm helping you cut it.,False,0
66,see there where your finger is?,True,1
67,put it there and then you cut it.,False,0
68,"oh no, I don't think we want a road, do we?",False,0
69,"here, let's make it right here.",False,0
70,that's good.,False,0
71,"oh, another one.",False,0
72,why?,False,0
73,"Adam, shall I help you cut it off?",False,0
74,"that's enough, Adam.",False,0
75,alright.,False,0
76,do you want to stand up there?,False,0
77,"oh no, we can make one that's big enough right here.",True,1
78,what's my name?,True,1
79,I didn't think it was.,False,0
80,"no no, dear, we don't use that kind of tape.",False,0
81,you're going to have to take some pennies out of your bank and give,False,0
82,do you know that?,False,0
83,"oh, I 'm sorry.",False,0
84,I was crossing the street.,False,0
85,I was crossing the street.,False,0
86,what?,False,0
87,how will I get to the other side?,True,1
88,yes.,False,0
89,what do you have to do when you cross the street?,True,2
90,"that's right, you look both ways.",False,0
91,"no, you don't kick cars, do you?",False,0
92,because you'll injure yourself and you'll hurt the car.,False,0
93,tell you a story?,False,0
94,why don't you tell us a story?,True,1
95,tell Ursula where you went yesterday.,True,1
96,where did you see boats?,True,1
97,where were you?,True,1
98,what else did you see.,True,1
99,some kind of bug.,False,0
100,you willn't have any more tape.,False,0
101,"Adam, where did you see the boats?",True,1
102,tell Ursula where you went yesterday.,True,1
103,"where were you, Adam?",True,1
104,you don't know?,False,0
105,were you lost?,False,0
106,were you lost?,False,0
107,what is that?,True,1
108,see if it can fly.,True,1
109,what?,False,0
110,that's a duck.,False,0
111,what about the tail?,False,0
112,that's a duck?,False,0
113,in the water?,False,0
114,what does the duck do in the water?,True,1
115,he's swimming.,False,0
116,"oh, on Paul.",False,0
117,it might frighten Paul.,False,0
118,"no, we already have a road.",False,0
119,a street light.,False,0
120,with that.,False,0
121,how can I make a street light?,True,1
122,you show me how and I'll make a street light.,False,0
123,you show me how.,False,0
124,a steam shovel!,False,0
125,I 'm making a street light.,False,0
126,"I don't think we need another one, do we?",False,0
127,mmhm.,False,0
128,yes.,False,0
129,don't you think Robin has to look both ways when he crosses the,True,1
130,you don't?,False,0
131,you have to.,False,0
132,because if you don't look both ways a car might come one way and hit,True,2
133,do I want you to do what?,False,0
134,"no, that's not nice to do.",False,0
135,"you wouldn't want anybody to kick your car, would you?",False,0
136,I don't know.,False,0
137,that's a convertible.,False,0
138,"well, it doesn't seem to have a top.",False,0
139,we only need two in a block.,False,0
140,you didn't tell Ursula where you went yesterday and what else,True,1
141,ducks.,False,0
142,you just said you saw ducks.,False,0
143,what else did you see?,True,1
144,where did you see the ducks?,True,1
145,at the river?,False,0
146,was that a river?,False,0
147,where was the water?,True,1
148,statues.,False,0
149,what else?,False,0
150,pictures.,False,0
151,I know where you went.,True,1
152,did you see a boat with a swan in back of it?,False,0
153,did you answer Ursula?,False,0
154,did you tell Ursula?,False,0
155,did you see that boat with the swan in back?,False,0
156,did you go on the boat?,False,0
157,alright.,False,0
158,"where was the swan boat, Adam?",True,1
159,do you know where the swan boat was?,True,1
160,you broke another one?,False,0
161,"oh no, I don't think he'll give you another one.",False,0
162,you go put it up.,False,0
163,let me show you how.,False,0
164,you put this part on the floor.,False,0
165,yes.,False,0
166,you've used up all of the tape.,False,0
167,mmhm.,False,0
168,"oh, I don't think so.",False,0
169,alligator?,False,0
170,open the alligator?,False,0
171,what's an alligator?,True,1
172,you mean elevator.,False,0
173,oh.,False,0
174,elevator.,False,0
175,elevator.,False,0
176,what's an alligator?,True,1
177,what's an alligator?,True,1
178,what's an alligator?,True,1
179,elevator.,False,0
180,when you take it off it doesn't go back so well because some of,False,0
181,put what up?,False,0
182,why don't you tell me that story?,True,1
183,"you read it to me, ok?",False,0
184,you read it to me.,False,0
185,you read it to me.,False,0
186,what's this doggie's name?,True,1
187,what kind of doggie was he?,True,1
188,did he have lots of friends or was he lonely?,False,0
189,what kind of house did he live in?,True,1
190,"oh, a barn.",False,0
191,did he have something pretty to wear?,False,0
192,what did he have?,True,1
193,coat.,False,0
194,and he had to wear it when it was,False,0
195,and he had,False,0
196,what kind of bed did he sleep on?,True,1
197,was that a soft bed or a hard bed?,False,0
198,what kind of yard did he have?,True,1
199,was it a big yard or a small yard?,False,0
200,yes.,False,0
201,why was Peppy lonely?,True,1
202,Peppy wished to,False,0
203,a big moving truck.,False,0
204,you read that story to me.,False,0
205,who is that?,True,1
206,baby who?,False,0
207,who?,False,0
208,what's this?,True,1
209,is that a pony?,False,0
210,is that a zebra?,False,0
211,or a donkey.,False,0
212,those are the wise men.,False,0
213,what are these?,True,1
214,gifts.,False,0
215,who is this?,True,1
216,I don't think you need a rifle.,False,0
217,what would you do with it?,True,1
218,can you blow it?,False,0
219,can you make the windmill go?,False,0
220,the other one is broken.,False,0
221,"ok, Adam.",False,0
222,can you blow it?,False,0
223,yes.,False,0
224,blow it sideways.,False,0
225,the pin is broken.,False,0
226,I'll have to get a better pin.,False,0
227,blow it on the side.,False,0
228,there it goes.,False,0
229,did you say thank you?,False,0
230,sure.,False,0
231,"Adam, how does your Daddy shave?",True,1
232,with what?,False,0
233,he does.,False,0
234,ask your Mother if it's alright for you to play with this,True,1
235,yes.,False,0
236,what is it?,True,1
237,what else?,False,0
238,you open it.,False,0
239,"what do you find, Adam?",True,1
240,and what else?,False,0
241,yes.,False,0
242,here.,False,0
243,I can take the top off.,False,0
244,"let's see, Adam.",False,0
245,you going to show it to Ursula?,False,0
246,why not?,False,0
247,what is it?,True,1
248,you don't like shaving cream?,False,0
249,do you know what they call these?,True,1
250,do you know where they go?,True,1
251,where do they go?,True,1
252,you do remember where,False,0
253,that's right.,False,0
254,except you have to punch these holes a little.,False,0
255,do you want me squeeze it?,False,0
256,are you going to shave?,False,0
257,if you're going to shave I think you'd better put your blade in,True,1
258,that's a little?,False,0
259,"well, you take it and put it in on your face.",False,0
260,isn't that what your Daddy does?,True,1
261,here's a mirror.,False,0
262,on your face.,False,0
263,see that little boy?,False,0
264,"what're you doing, Adam?",True,1
265,don't you think he's too young?,False,0
266,"let me see how you shave, Adam.",True,1
267,do you think I should shave?,False,0
268,"well, you get it.",False,0
269,they're in your box there.,False,0
270,that's right.,False,0
271,don't you look in the mirror when you shave?,True,1
272,you'll have to take it off.,False,0
273,now go look in the mirror.,False,0
274,did you get all the shaving cream off?,False,0
275,go out and get a paper towel.,False,0
276,where did you see ant?,True,1
277,over there?,False,0
278,"oh no, that's a fly.",False,0
279,I guess from the open window out there in the hall.,False,0
280,"oh yes, I see it.",False,0
281,want a little water?,False,0
282,if you're careful you may have some water.,True,1
283,where?,False,0
284,he didn't.,False,0
285,he scratched himself.,False,0
286,you fell down on something.,False,0
287,I don't know.,False,0
288,you're not too big.,False,0
289,why not?,False,0
290,when did you shave just like Daddy?,True,1
291,"oh no, that's where your razor was.",True,1
292,that's right.,False,0
293,I didn't have,False,0
294,"on your chin, that's right.",False,0
295,not down your neck.,False,0
296,"well, use your paper towel and take it off your finger.",False,0
297,what's your Daddy going to say when he finds shaving cream behind,True,1
298,did you take the water out?,False,0
299,tomorrow?,False,0
300,now you may put it in.,False,0
301,"whoops, you had an accident.",False,0
302,don't have an accident?,False,0
303,"oh, we put it in the wrong way.",False,0
304,shall I close the box?,False,0
305,"no, not in there, in the other bag, Adam.",False,0
306,yes.,False,0
307,I like it.,False,0
308,aren't you going to drink your juice first?,False,0
309,what're you drinking?,True,1
310,is your juice chewy?,False,0
311,your what?,False,0
312,your glass is chewy?,False,0
313,"Adam, what did you do yesterday afternoon?",True,1
314,what's that?,True,1
315,what else?,False,0
316,"he is, why?",False,0
317,"yes, why?",False,0
318,he did.,False,0
319,what else?,False,0
320,what's this?,True,1
321,that's a bird and a tree.,False,0
322,I don't know.,False,0
323,what is that?,True,1
324,Adam?,False,0
325,that's Adam too?,False,0
326,what about this?,False,0
327,is that a new shirt?,False,0
328,I don't know.,False,0
329,what was it?,True,1
330,where's the baby stuck?,True,1
331,baby duck.,False,0
332,it's a baby duck?,False,0
333,did you tell Ursula where you went yesterday afternoon?,True,1
334,you saw boats?,False,0
335,what else?,False,0
336,did you see a birdhouse?,False,0
337,did you see a castle for birds?,False,0
338,did you see a swan?,False,0
339,yes?,False,0
340,and trees?,False,0
341,they're made like trees.,False,0
342,what?,False,0
343,alright.,False,0
344,one minute.,False,0
345,what?,False,0
346,don't look.,False,0
347,alright.,False,0
348,please.,False,0
349,do you know what this is?,True,1
350,that's a ring.,False,0
351,yeah.,False,0
352,you hold the ring in your hand.,False,0
353,what happens?,True,1
354,what did you do?,True,1
355,what is it?,True,1
356,put the horse in your hand and let's see if the same thing happens.,True,1
357,what does the horse do?,True,1
358,he what?,False,0
359,let's do some tricks.,False,0
360,do you want him to run?,False,0
361,where's a bird?,True,1
362,a house_birdc.,False,0
363,"what kind of bird is a house_birdc, Adam?",True,1
364,what's a house_birdc?,True,1
365,"yes, what a house_birdc is.",False,0
366,what?,False,0
367,hi.,False,0
368,"they are what, Adam?",False,0
369,what is he doing?,True,1
370,what?,False,0
371,decoration?,False,0
372,Smith's barn.,False,0
373,Smith's.,False,0
374,who are you?,True,1
375,"another, again.",False,0
376,"no, there's nothing in that one.",False,0
377,"not in this one, no.",False,0
378,the other one.,False,0
379,it's my purse.,False,0
380,nothing happened to it.,False,0
381,"oh, we can make the toys stand up.",False,0
382,yes.,False,0
383,now he stands up.,False,0
384,what happened?,True,1
385,did you break it off yourself?,False,0
386,make a what?,False,0
387,"Adam, what's a house_birdc?",True,1
388,I said what is a house_birdc?,True,1
389,bird.,False,0
390,"no, that willn't fit around there.",False,0
391,take it back and find the other parts of it.,False,0
392,"do you know where the little stick is, Adam?",True,1
393,yes.,False,0
394,mmhm.,False,0
395,"he's dancing, look at this.",False,0
396,we finished our game.,False,0
397,you want to do it again?,False,0
398,you want to show it to your Mother?,False,0
399,"ok, now you take this back to Ursula.",False,0
400,new one.,False,0
401,package.,False,0
402,thank you.,False,0
403,isn't it open already?,False,0
404,have you checked to see whether it was open or not?,True,1
405,cutting stick?,False,0
406,it's going to break.,False,0
407,not if you're careful.,True,1
408,stick?,False,0
409,comb?,False,0
410,they are the same.,False,0
411,you're doing some work?,False,0
412,ok.,False,0
413,yes.,False,0
414,it seems to me that you tire of your games very easily.,False,0
415,you open it.,False,0
416,train tracks?,False,0
417,it popped.,False,0
418,here's one.,False,0
419,two?,False,0
420,are these two separate trains?,False,0
421,you broke the trains.,False,0
422,you lost your cars.,False,0
423,you left the others behind.,False,0
424,"oh, you're telling a story.",False,0
425,telling the same story.,False,0
426,you lost your caboozlewp.,False,0
427,sit down here.,False,0
428,dry you off?,False,0
429,just a minute and I'll let you see how dirty you are.,True,1
430,there are your Soakies.,False,0
431,why don't you wash them off?,True,1
432,sit down.,False,0
433,what does Donald_Duck say about standing up in the bathtub?,True,1
434,"no, sit down.",False,0
435,you may sit down and play and I'll just wash.,False,0
436,what did you play over at the park?,True,1
437,you played with your truck?,False,0
438,did you cover it with the sand?,False,0
439,did you share it with anybody?,False,0
440,no?,False,0
441,why not?,False,0
442,what happened to Tom?,True,1
443,"Tom, Tom the",False,0
444,what happened to him?,True,1
445,no.,False,0
446,"well, I guess he did.",False,0
447,Tom Tom the piper's son.,False,0
448,"sit down, dear.",False,0
449,"sit down, piper.",False,0
450,you're a boy.,False,0
451,"sit down, boy.",False,0
452,no?,False,0
453,who are you?,True,1
454,"well, sit down and let's see if we can get those fingernails clean.",True,1
455,"sit down, dear.",False,0
456,"yes, Adam Smith.",False,0
457,a what?,False,0
458,that's the boy.,False,0
459,"sit down, dear or you'll have to get out.",False,0
460,"well, sit down if you want to.",True,1
461,your Soakie put them up in the bag.,False,0
462,you missed.,False,0
463,don't you have to hold the bag with your hand?,False,0
464,"Adam, you don't need water, dear.",False,0
465,"yes, I want you to put your Soakies in but not the water.",False,0
466,are your fingernails clean?,False,0
467,"nope, they're still dirty.",False,0
468,"no, they're still dirty.",False,0
469,"here's some soap, dear.",False,0
470,a monkey train backing up.,False,0
471,no.,False,0
472,because you might fall and hurt yourself.,False,0
473,don't play there either.,False,0
474,"no, I want you to get out or in.",False,0
475,"no, there is no Adam in the bathtub.",False,0
476,you said it first.,False,0
477,why is there no Adam in the bathtub?,True,1
478,what about the treasure house?,False,0
479,put what in your living room?,False,0
480,that mirror?,False,0
481,why should we put it in your living room?,True,1
482,so you can see.,False,0
483,hop to the shower?,False,0
484,shower?,False,0
485,sure?,False,0
486,shower?,False,0
487,what are you saying?,True,1
488,what is that?,True,1
489,who bakes pies?,False,0
490,what kind of pies do I bake?,True,1
491,where is the tape recorder?,True,1
492,a treasure chest.,False,0
493,remember when Twinkles found a treasure chest with jewels and money,True,1
494,huh?,False,0
495,yes.,False,0
496,"I think you may knock it off, Adam.",False,0
497,I don't think you would intend to.,False,0
498,it would be a what?,False,0
499,is that a rope?,False,0
500,it's not a rope.,False,0
501,it's like a rope.,False,0
502,it's a cord.,False,0
503,it's what?,False,0
504,it's a what?,False,0
505,"it's like a rope, yes.",False,0
506,I want you to steal?,False,0
507,you're welcome.,False,0
508,how does that feel?,True,1
509,what?,False,0
510,let's get your pajamas on and then you may go back over there.,False,0
511,is that the trailer home?,False,0
512,"no, I 'm not a Bobof.",False,0
513,I willn't bounce back.,False,0
514,what does that mean?,True,1
515,"oh, did that hurt?",False,0
516,a bathing cap!,False,0
517,you are a silly boy.,False,0
518,you're a nut.,False,0
519,are you the kind of nut that a squirrel would eat?,True,1
520,"oh yes, you are.",False,0
521,you'd better be careful.,False,0
522,a squirrel might catch you so he'd have something *NULL* to eat.,True,1
523,you're welcome.,False,0
524,it's turning.,False,0
525,what happens at light time?,True,1
526,what did you say?,True,1
527,"yes, dear.",False,0
528,you have a hanger?,False,0
529,how about coming over here?,False,0
530,"park it over there near your garage, dear.",False,0
531,alright.,False,0
532,why don't you park it over here?,True,1
533,what story do you want tonight?,True,1
534,where is Lassie?,True,1
535,is it up there?,False,0
536,here's a clean one.,False,0
537,what is it about?,True,1
538,what?,False,0
539,"ok, you read it to me tonight.",False,0
540,I went for a walk tonight and what did I see?,True,1
541,yes.,False,0
542,hello said the bunny.,False,0
543,"no, I looked.",False,0
544,I looked.,False,0
545,all at once everything started,False,0
546,"yes, somebody's in that car.",False,0
547,what is that?,True,1
548,"yes, there are other houses.",False,0
549,one house flying up in the air.,False,0
550,colonial I guess.,False,0
551,that's the water.,False,0
552,the waves of the water.,False,0
553,I said to myself.,False,0
554,it what?,False,0
555,"oh, it's floating.",False,0
556,what is this?,True,1
557,yes.,False,0
558,he's crying.,False,0
559,he's sad.,False,0
560,he's happy now?,False,0
561,"oh, you're making mud pies.",False,0
562,did you make mud pies over at the park?,False,0
563,he went for a walk with his mother.,False,0
564,Adam Gilbert Smith.,False,0
565,and he had lots of friends.,False,0
566,you what?,False,0
567,"ok, hop over in your bed.",False,0
568,you have sand on the floor.,False,0
569,"well, you get up in the bed first.",False,0
570,did you have fun today?,False,0
571,I don't know.,False,0
572,what did you play?,True,1
573,did you play with your truck today?,False,0
574,"and you played games with Ursula, didn't you?",False,0
575,and then went to the park.,False,0
576,"played with toys, sang some songs, etcetera.",False,0
577,please.,False,0
578,just sitting here waiting for you to finish your water.,False,0
579,nothing.,False,0
580,what are you doing?,True,1
581,what are you doing?,True,1
582,what are you doing?,True,1
583,sitting.,False,0
584,waiting for you to finish your water.,False,0
585,so I may put your cup up.,False,0
586,how do I know to put your cup up?,True,1
587,because it has to be put up.,False,0
588,ok.,False,0
589,you don't knock water down?,False,0
590,no please.,False,0
591,it has some water in it?,False,0
592,no.,False,0
593,you drank it all.,False,0
594,tell you a song?,False,0
595,you tell me a story.,False,0
596,you sing me a song.,False,0
597,"yes, good night.",False,0
598,because I don't sing very well.,False,0
599,don't do what?,False,0
600,don't waste the tape?,False,0
601,"good night, dear.",False,0
602,don't go in there yet.,False,0
603,no.,False,0
604,remember how we play the surprise game?,True,1
605,what do we do?,True,1
606,"surprise, we wait.",False,0
607,"no no, dear.",False,0
608,let's leave the tape recorder.,False,0
609,alright.,False,0
610,let's play a game.,False,0
611,"what did you do to the tape recorder, Adam?",True,1
612,so the microphone cann't fall?,False,0
613,"Adam, is it Daddy desk or Daddy's desk?",False,0
614,what're you doing?,True,1
615,what is that?,True,1
616,yes.,False,0
617,alright.,False,0
618,wait a minute.,False,0
619,would you like a glass of ginger ale?,False,0
620,yes.,False,0
621,what is that?,True,1
622,can you wind it?,False,0
623,you wind it.,False,0
624,"look, you wind it right here.",False,0
625,I have a what?,False,0
626,enough?,False,0
627,do I want you to what?,False,0
628,something's in there.,False,0
629,I 'm writing.,False,0
630,"I always write when I come, don't I?",True,1
631,is that right?,False,0
632,that spells one?,False,0
633,can you hear it tick?,False,0
634,put it on your ear.,False,0
635,I cann't turn it off.,False,0
636,it doesn't turn off.,False,0
637,because the springs are all wound up.,False,0
638,where?,False,0
639,whathat for?,False,0
640,"alright, my friend.",False,0
641,what goes up?,True,1
642,same just like what?,False,0
643,"look, Adam.",False,0
644,"you look through here, take a picture, and then wind the film up.",False,0
645,alright.,False,0
646,alright.,False,0
647,take the hat.,False,0
648,is it?,False,0
649,heavy?,False,0
650,what do you mean heavy?,True,1
651,what thing?,False,0
652,what're you going to put in it?,True,2
653,are they just like the bus?,False,0
654,where's the bus?,True,1
655,is that right?,False,0
656,give me the button.,False,0
657,that's the button.,False,0
658,how many buttons do you have?,True,1
659,that's mine.,False,0
660,that's yours.,False,0
661,"no, no switches.",False,0
662,what're you doing?,True,1
663,alright.,False,0
664,let's put the buttons back first.,False,0
665,where's the container?,True,1
666,you don't have it in the container?,False,0
667,aren't they in there?,False,0
668,"oh, I don't know.",False,0
669,did you lose one?,False,0
670,who are those people in that?,True,1
671,what do they look like?,True,1
672,what do you have in your truck?,True,1
673,a doll in?,False,0
674,then it's going?,False,0
675,where is it going?,True,1
676,where will it be going?,True,1
677,"what're you doing, Adam?",True,1
678,blue?,False,0
679,give it to whom?,False,0
680,you fix the mail box?,False,0
681,what did you do?,True,1
682,you looking right through there.,False,0
683,you take a picture of Ursula.,False,0
684,and snap it.,False,0
685,is it?,False,0
686,yes.,False,0
687,"no, don't turn it on.",False,0
688,because Ursula cann't hear the tape when it's on.,True,1
689,"no, what might happen if you knocked it down?",True,2
690,yes.,False,0
691,with your elbow.,False,0
692,elbow.,False,0
693,you'll still hurt yourself.,False,0
694,it looks like a big what?,False,0
695,what do you mean they are the same?,True,1
696,how does a gentleman roll?,True,1
697,"no, you might hurt it.",False,0
698,because you hit it.,False,0
699,the top of the truck.,False,0
700,"no, the trash trucks are that color, aren't they?",False,0
701,but that's not a trash truck.,False,0
702,that's an armored car truck.,False,0
703,it carries money.,False,0
704,they carry money from one building to another building.,False,0
705,that's why they have those men in there.,True,1
706,those men have guns to keep people from taking the money from the,False,0
707,he's driving the truck.,False,0
708,because somebody has to drive it.,False,0
709,"no, I don't think the door opens, does it?",False,0
710,why are those men driving?,True,1
711,because they have to take the money to someplace else.,False,0
712,"no, that's where you put your money.",True,1
713,did you?,False,0
714,good.,False,0
715,you put what in there?,False,0
716,so the toys can get down.,False,0
717,did you tell Ursula that you rode home in a carriage from the,False,0
718,with Paul?,False,0
719,mark.,False,0
720,how do you mark something?,True,1
721,mock.,False,0
722,"oh, go get the carriage, Adam, for the baby.",False,0
723,that's the way you looked in the carriage.,False,0
724,"oh, Adam, you've had a horse in the armored car truck.",False,0
725,why did you tip it over?,True,1
726,that's a street light.,False,0
727,I don't know.,False,0
728,you always had pennies.,False,0
729,take it out.,False,0
730,"yes, take a picture of me.",False,0
731,I see you.,False,0
732,you're so big.,False,0
733,toy?,False,0
734,step on your toys?,False,0
735,on your train?,False,0
736,no.,False,0
737,what train?,False,0
738,Ursula did.,False,0
739,is that a red one?,False,0
740,"what else is it, Adam?",True,1
741,poor dollie.,False,0
742,"it's a boy, I guess.",False,0
743,well yes.,False,0
744,it's a baby boy.,False,0
745,"it's, he, you forgot.",False,0
746,where is he going?,True,1
747,he's going to sleep now.,False,0
748,"yes, it has wheels.",False,0
749,like that big what?,False,0
750,"yes, why don't you go get your bus and let's see if the wheels are",True,2
751,I don't know.,False,0
752,it's dusty and dirty.,False,0
753,you need to wash your bus off.,False,0
754,in what thing?,False,0
755,but now now.,False,0
756,maybe we'll do that this afternoon.,False,0
757,ok?,False,0
758,you don't put nails in like that.,False,0
759,when you're building things you use nails.,True,1
760,you'd like to do that when you get up from your nap?,True,1
761,what's happening?,True,1
762,"no no no, don't throw them.",False,0
763,"no, did you break something?",False,0
764,what did you break?,True,1
765,"those toys aren't made to stand on, only to play with.",False,0
766,"Adam, where are you?",True,1
767,what're you doing do with the Howard Johnson?,False,0
768,I 'm going to get some big moving van.,False,0
769,"hello, how are you.",False,0
770,"oh, really.",False,0
771,that's nice.,False,0
772,just like mine.,False,0
773,"no, why don't you hold it?",True,1
774,is that yours?,False,0
775,that's a big camera.,False,0
776,where did you get this?,True,1
777,from the park?,False,0
778,he didn't get that at the park.,False,0
779,no.,False,0
780,oh good.,False,0
781,"no, put them back in or we willn't play with them again.",False,0
782,what is it?,True,1
783,that's some turquoise.,False,0
784,that's a key chain.,False,0
785,what about the treasure house?,False,0
786,queen?,False,0
787,you want to play that game with Ursula?,False,0
788,yes.,False,0
789,"well, you can count well, cann't you?",False,0
790,late at night I heard,False,0
791,a telephone.,False,0
792,you found a number.,False,0
793,on my head I put,False,0
794,one hat.,False,0
795,a queen.,False,0
796,"no, that's a queen.",False,0
797,I think he's trying to say they are married to each other.,False,0
798,and the man is the,False,0
799,is the king and the lady is the queen.,False,0
800,show me another one.,False,0
801,guess what?,False,0
802,in the cage I saw a,False,0
803,"well, what is that?",True,1
804,mashed them.,False,0
805,"don't step on them, you may tear them.",False,0
806,what is this.,True,1
807,a what?,False,0
808,"Adam Smith, we'll have put them up.",False,0
809,"Adam Smith, we'll have put them up.",False,0
810,you pick them up and give them to me.,False,0
811,thank you.,False,0
812,you tell me what they are.,True,1
813,"well, pick the rest of them up.",False,0
814,do I want you to do what?,False,0
815,give me the jug.,False,0
816,"Adam, can you find the violin?",False,0
817,whoops.,False,0
818,"shall we pick up the cards first, Adam?",False,0
819,no.,False,0
820,you what?,False,0
821,you made a queen.,False,0
822,would you pick the blocks up under Ursula?,False,0
823,what're you doing?,True,1
824,you made a queen?,False,0
825,for Celia.,False,0
826,Celia wears sneakers.,False,0
827,a house cann't dance.,False,0
828,"oh no, I 'm afraid I couldn't do that.",False,0
829,"well, put it down on the floor and do it.",False,0
830,I don't think I can.,False,0
831,you do it.,False,0
832,it doesn't really open.,False,0
833,I think it can be turned.,False,0
834,chimney house.,False,0
835,you're going to stop talking.,False,0
836,"here, Adam, here's some more.",False,0
837,let's do it on the table.,False,0
838,you have enough?,False,0
839,look.,False,0
840,she's going to show you something.,False,0
841,"see, you can build it high.",False,0
842,it willn't stand up very well.,False,0
843,you try it.,False,0
844,shall we do it a different way?,False,0
845,we don't have to.,False,0
846,how am I going to find enough games in the store?,True,1
847,you have to blow very hard and you'll be surprised.,False,0
848,that's right.,False,0
849,blow your own balloons.,False,0
850,isn't that a surprise?,False,0
851,you can blow it way up in the air.,False,0
852,shall we blow another one?,False,0
853,I think he understands happy and sad.,False,0
854,"that looks like fun, Adam.",False,0
855,"make it a little bigger, Adam.",False,0
856,what happened?,True,1
857,it is!,False,0
858,when did it go?,True,1
859,what's it doing in Pembroke?,True,1
860,shall we blow it bigger?,False,0
861,very gentle with it.,False,0
862,careful.,False,0
863,press it down.,False,0
864,what do you think it is?,True,1
865,"oh, what is that?",True,1
866,"you got your fingers in it, didn't you?",False,0
867,that's right.,False,0
868,it matches.,False,0
869,"it's not an xl, is it?",False,0
870,"well, keep your fingers out.",False,0
871,"you're a funny one, Adam.",False,0
872,"don't put it on the floor, Adam.",False,0
873,on the paper so you can see them.,False,0
874,let's put them on the paper.,False,0
875,I do enough tricks.,False,0
876,you fold them.,False,0
877,make a refrigerator?,False,0
878,your hands are dry.,False,0
879,no ink.,False,0
880,good.,False,0
881,do you want to tell Ursula about your accident?,False,0
882,what happened to the carriage?,True,1
883,accident?,False,0
884,"no, I 'm talking about your accident.",False,0
885,what happened to your finger?,True,1
886,how?,False,0
887,did it hurt?,False,0
888,that's clay.,False,0
889,a nest.,False,0
890,hi.,False,0
891,Boston University?,False,0
892,you're a nut.,False,0
893,"yes, you can play with that one.",False,0
894,these turn.,False,0
895,it's a numberern.,False,0
896,a crown numberern.,False,0
897,because that's the name of it.,False,0
898,I 'm looking for what we do next.,True,1
899,don't throw the ball.,False,0
900,"yes, you did.",False,0
901,why don't you play with something else?,True,1
902,here's the tractor that you took out and here's your tractor too.,True,1
903,yes.,False,0
904,I don't see anybody sitting there.,False,0
905,does that have a driver?,False,0
906,"yes, I see.",False,0
907,that's a big hat on his head.,False,0
908,can he see?,False,0
909,"no, it looks like it's down over his eyes.",False,0
910,mask?,False,0
911,that one turned over.,False,0
912,"no, not up in the air.",False,0
913,"careful, Adam.",False,0
914,no.,False,0
915,"no, don't throw over here.",False,0
916,I don't know.,False,0
917,and do what?,False,0
918,Adam.,False,0
919,something interesting.,False,0
920,here's something.,False,0
921,you can play with these.,False,0
922,alright.,False,0
923,"no, Adam.",False,0
924,"it's for zipping, Adam.",False,0
925,"that's not an xl, that's a vl.",False,0
926,"oh, aren't they pretty pictures.",False,0
927,what are they all about?,True,1
928,"well, you make all of them and then we'll put them on the wall.",False,0
929,I don't think we have any.,False,0
930,well we don't have some.,False,0
931,to make sure there's none.,False,0
932,pretty.,False,0
933,do you want to tell me about it?,False,0
934,xl el June?,False,0
935,chicks?,False,0
936,"look, Adam, what I have.",False,0
937,alright.,False,0
938,you want to be what?,False,0
939,spider?,False,0
940,spider?,False,0
941,where's your drawing board?,True,1
942,the drawing board?,False,0
943,the drawing board?,False,0
944,"you broke it, didn't you?",False,0
945,I 'm not going anyplace.,False,0
946,"no, I was just getting some diapers for Paul.",False,0
947,yes.,False,0
948,don't be so fresh!,False,0
949,"well, I started it.",False,0
950,I said hello.,False,0
951,thank you.,False,0
952,next week.,False,0
953,"no, you hit him, didn't you?",False,0
954,"don't be so rough, little boy.",False,0
955,leave you alone?,False,0
956,alright.,False,0
957,"Adam, here are some peanuts.",False,0
958,will you ask your Mother if you may have some?,True,1
959,alright.,False,0
960,you have to take the shell off.,False,0
961,"it's a nut, a peanut.",False,0
962,what?,False,0
963,you cut it in a bowl?,False,0
964,you have to chew it hard.,False,0
965,chew.,False,0
966,"pick up the paper behind you, Adam.",False,0
967,do you want to shell another one?,False,0
968,you don't have to eat them.,False,0
969,you could just shell them.,False,0
970,take a shell out of a shoe?,False,0
971,it's on the floor over near the firetruck.,False,0
972,here's another one.,False,0
973,you take it off.,False,0
974,it's more fun if you do it.,True,1
975,that's alright.,False,0
976,good.,False,0
977,did you chew it?,False,0
978,very good.,False,0
979,what is that?,True,1
980,see what's inside.,True,1
981,yes.,False,0
982,"yes, I want you to go the way.",False,0
983,alright.,False,0
984,cann't you open them yet?,False,0
985,you open them the same way you open peas.,False,0
986,remember we did the peas yesterday?,False,0
987,did you help?,False,0
988,did you find some tiny ones?,False,0
989,"no, because they weren't cooked.",False,0
990,they are to cook but they're not cooked yet.,False,0
991,you have to boil them on the stove.,False,0
992,are you going to cook peas on it?,False,0
993,is that his name?,False,0
994,are you going to take the shell off?,False,0
995,would you like to come over so I could tie your shoe?,False,0
996,one step?,False,0
997,did you get here in one step?,False,0
998,how many steps did you have to take?,True,2
999,another step?,False,0
1000,does that mean you take two steps?,False,0
1001,alright.,False,0
1002,"hello, shell.",False,0
1003,no.,False,0
1004,that would hurt.,False,0
1005,"no no, don't kick anybody with those shoes.",False,0
1006,that would hurt.,False,0
1007,no.,False,0
1008,I 'm just trying to get the string off.,False,0
1009,it doesn't belong on here.,False,0
1010,that's right.,False,0
1011,mmhm.,False,0
1012,it doesn't belong on here.,False,0
1013,what happened to the other part of it?,True,1
1014,you're rolling a barrel?,False,0
1015,careful.,False,0
1016,did you show Ursula your monkey train?,False,0
1017,you're going to feed the pigeons.,False,0
1018,"well, I don't think they'd like the shell.",False,0
1019,for you.,False,0
1020,"hello, Mr Shell.",False,0
1021,how are you today?,True,1
1022,"oh, Tom Tom the piper's son?",False,0
1023,what did he do?,True,1
1024,he threw some pie?,False,0
1025,what are you going to do to that one?,True,1
1026,I think you'd better ask your Mother.,False,0
1027,it's alright.,False,0
1028,I have some more.,False,0
1029,"here, Adam.",False,0
1030,open it.,False,0
1031,here it comes.,False,0
1032,that's a good one.,False,0
1033,you can bring your train over here and dump them.,False,0
1034,you do it.,False,0
1035,whoops.,False,0
1036,let's put the outside shells in there.,False,0
1037,mmhm.,False,0
1038,where is a broken one.,True,1
1039,you can peel it now.,False,0
1040,you do?,False,0
1041,are you sure there's one in it?,False,0
1042,what?,False,0
1043,yes.,False,0
1044,a top on his king hat?,False,0
1045,we're going play a game.,False,0
1046,to keep it closed.,False,0
1047,it is very sharp.,False,0
1048,"no, it's too sharp, Adam.",False,0
1049,"no, that doesn't go on.",False,0
1050,"oh, look, it tipped over, of course.",False,0
1051,to make a what?,False,0
1052,what kind of a nest?,False,0
1053,a what?,False,0
1054,mmhm.,False,0
1055,yes.,False,0
1056,yes.,False,0
1057,hi.,False,0
1058,I 'm not mocking you.,False,0
1059,I 'm not.,False,0
1060,Celia said that?,False,0
1061,because that's what he wants.,True,1
1062,mmhm.,False,0
1063,is he?,False,0
1064,is that funny?,False,0
1065,what?,False,0
1066,where is it?,True,1
1067,where did they go?,True,1
1068,they went where?,False,0
1069,where did the circus people go?,True,1
1070,that's part of Daddy's barbell set.,False,0
1071,"it is heavy, be careful with that.",False,0
1072,no.,False,0
1073,that's not a bat.,False,0
1074,"well, you go in the other room and I'll bring a surprise for you.",False,0
1075,don't scream.,False,0
1076,that's very nice.,False,0
1077,"careful, honey.",False,0
1078,are you crowded?,False,0
1079,a parking lot.,False,0
1080,a parking lot for cars.,False,0
1081,she's seen cars parking there.,False,0
1082,happy funny face with masks?,False,0
1083,"mm, this is good.",False,0
1084,you what?,False,0
1085,"oh, that one's no good.",False,0
1086,it doesn't seem very sturdy.,False,0
1087,we'll be at thirty two Williams Street in Roxbury.,False,0
1088,"yes, there is a little door but leads up to the roof.",False,0
1089,birds.,False,0
1090,careful now.,False,0
1091,up at you.,False,0
1092,you got what?,False,0
1093,you got clutched!,False,0
1094,this is the cheese *NULL* Adam always picks out at the grocery store.,True,1
1095,"Adam, did you try the cheese?",False,0
1096,did you try the cheese?,False,0
1097,did you taste the cheese?,False,0
1098,oh?,False,0
1099,you go to the barber shop to get your hair cut off.,False,0
1100,hair.,False,0
1101,peekaboo.,False,0
1102,peekaboo.,False,0
1103,peekaboo.,False,0
1104,I willn't.,False,0
1105,"please, don't knock me down, little cowboy.",False,0
1106,you didn't tell Ursula that Mommy had to take you to the hospital,False,0
1107,no thank you.,False,0
1108,because I had enough.,False,0
1109,"no, she said enough.",False,0
1110,who's Happy the Bowl?,True,1
1111,a rifle.,False,0
1112,don't touch that.,False,0
1113,that's to help keep the cheese fresh.,False,0
1114,"yes, it's like a shell.",False,0
1115,he calls it cottage cheese.,False,0
1116,"careful, you'll drop all your food out.",False,0
1117,like a duck?,False,0
1118,does a duck drop his food out like that?,False,0
1119,why does he do that?,True,1
1120,not today.,False,0
1121,"alright well, you drink some milk now.",False,0
1122,did you like the balloon that you blow up?,True,1
1123,I don't have any now.,False,0
1124,maybe next time we'll get some.,False,0
1125,"yes, you did.",False,0
1126,who's there?,True,1
1127,Shadow_Gay who?,False,0
1128,who's there?,True,1
1129,Shadow_Gay who?,False,0
1130,who's there?,True,1
1131,Shadow_Gay who?,False,0
1132,Paul who?,False,0
1133,who's there?,True,1
1134,who's there?,True,1
1135,Shadow_Gay who?,False,0
1136,knocking on the nail.,False,0
1137,do the one about pop.,False,0
1138,who's there?,True,1
1139,pop who?,False,0
1140,who's there?,True,1
1141,who's there?,True,1
1142,in the circus you can see a lion?,False,0
1143,a lion.,False,0
1144,and what will the lion say?,True,1
1145,growlo.,False,0
1146,you're a little lion.,False,0
1147,"careful, don't hit your head on the mantle.",False,0
1148,no thank you.,False,0
1149,"I want one, no?",False,0
1150,who's there?,True,1
1151,"oh, do another one.",False,0
1152,"well, I don't know but one.",False,0
1153,who's there?,True,1
1154,how can Shadow_Gay ride on a pony.,True,1
1155,isn't Shadow_Gay a horse?,False,0
1156,who is Shadow_Gay?,True,1
1157,is he a little boy?,False,0
1158,"oh, oh I see.",False,0
1159,what kind of a dog?,False,0
1160,a dog riding on a pony.,False,0
1161,what kind of dog are you?,True,1
1162,hello.,False,0
1163,careful.,False,0
1164,you're going back under there.,False,0
1165,"no no no, put it on your plate.",False,0
1166,he what?,False,0
1167,he put his bread in his house.,False,0
1168,some bread?,False,0
1169,the doggie says that?,False,0
1170,he's crawling around.,False,0
1171,I guess he just likes to crawl.,False,0
1172,one.,False,0
1173,one.,False,0
1174,did you see that many things?,False,0
1175,what?,False,0
1176,"that's not the bag you go in, is it?",False,0
1177,do you want to blow it?,False,0
1178,"no, it has to be opened.",False,0
1179,we have to find something to make a hole with.,False,0
1180,hmm?,False,0
1181,you have to make a hole with something.,False,0
1182,do you have something that's sharp?,True,1
1183,what?,False,0
1184,hole?,False,0
1185,I have a nail file.,False,0
1186,did he bring you something?,False,0
1187,I didn't take anything out.,False,0
1188,Ursula took something out.,False,0
1189,I don't know what you said.,True,1
1190,what did you say?,True,1
1191,now where's the blower?,True,1
1192,mmhm.,False,0
1193,shall I start it for you?,False,0
1194,it's getting big.,False,0
1195,hmm?,False,0
1196,let it be a little one?,False,0
1197,whoops.,False,0
1198,there you are.,False,0
1199,can you pick up that squeezed balloon?,False,0
1200,mmhm.,False,0
1201,we cann't?,False,0
1202,it looks like what?,False,0
1203,a fire?,False,0
1204,it's going to what?,False,0
1205,alright.,False,0
1206,"don't get it on the rug, Adam.",False,0
1207,"no, not a blueberry.",False,0
1208,it's not a blueberry.,False,0
1209,is it?,False,0
1210,watch it do what?,False,0
1211,watch it ski?,False,0
1212,how does it ski?,True,1
1213,do you want to make another one?,False,0
1214,that's enough.,False,0
1215,mmhm.,False,0
1216,not yet.,False,0
1217,shall I make it bigger?,False,0
1218,very.,False,0
1219,"oh, that was a big hit.",False,0
1220,what did you do?,True,1
1221,you're going to put a bag in it?,False,0
1222,shame on you.,False,0
1223,yes.,False,0
1224,let's do some watches.,False,0
1225,mmhm.,False,0
1226,this one is for you.,False,0
1227,this is your watch.,False,0
1228,can you tell the time?,False,0
1229,what time is it?,True,1
1230,fourteen o' clock?,False,0
1231,what?,False,0
1232,Daddy has a watch?,False,0
1233,is it like that one?,False,0
1234,ouch.,False,0
1235,may I see it?,False,0
1236,"oh, what kind of watch is that?",True,1
1237,it turns.,False,0
1238,what time do you go to bed?,True,1
1239,bl-s?,False,0
1240,number two?,False,0
1241,with number two?,False,0
1242,"what time is that, two o' clock?",True,1
1243,"well, what do you do at twelve o' clock?",True,1
1244,you wake up at twelve o' clock?,False,0
1245,what do you do at seven o' clock?,True,1
1246,you play.,False,0
1247,are you winding it up?,False,0
1248,"well, Adam.",False,0
1249,what else is in the bag?,True,1
1250,you take those out.,False,0
1251,"oh no, it will be fun for you to do.",False,0
1252,let's see what's in here.,True,1
1253,what do you see?,True,1
1254,it must be the top to the sugar dish.,False,0
1255,is that the sugar dish?,False,0
1256,"well, just pretend that this is a plate.",False,0
1257,what are you eating?,True,1
1258,some spaghetti?,False,0
1259,just pretend that you have coffee in there.,False,0
1260,tea rather.,False,0
1261,"no, just pretend.",False,0
1262,do you know how to put the knives and forks and spoons on the,False,0
1263,make this your table.,False,0
1264,in the drawer?,False,0
1265,"well, that's the noise *NULL* they make when you hit them together.",True,2
1266,"no, just pretend.",False,0
1267,pretend you have water.,False,0
1268,don't drink it?,False,0
1269,it's hot?,False,0
1270,would you serve Ursula some coffee?,False,0
1271,they're not hot now?,False,0
1272,"thank you, Adam.",False,0
1273,you turn the water on for you?,False,0
1274,forks?,False,0
1275,alright.,False,0
1276,"my goodness, Adam, you tire very easily.",False,0
1277,what kind of icecream?,False,0
1278,"oh, I guess that must be very good icecream.",False,0
1279,what do I want?,True,1
1280,"um, I'd like a hamburger.",False,0
1281,thank you.,False,0
1282,you didn't ask Ursula what she wanted.,True,1
1283,do you have some ketchup for it?,False,0
1284,"oh, thank you.",False,0
1285,what will I use for ketchup tomorrrow if you throw it away?,True,2
1286,how many spoons?,False,0
1287,I what?,False,0
1288,I have enough tea?,False,0
1289,what do you mean what do I want?,True,2
1290,do I want coffee or tea?,False,0
1291,"yes, I'd like some tea.",False,0
1292,"oh, thank you.",False,0
1293,some rice?,False,0
1294,"I have some tea, thank you.",False,0
1295,yes.,False,0
1296,"well, there's another knife.",False,0
1297,are you cutting it for me?,False,0
1298,oh.,False,0
1299,why're you watching me?,True,1
1300,you took them out there.,False,0
1301,are they on the table?,False,0
1302,do I want you to serve me another meat?,False,0
1303,yes please.,False,0
1304,you what?,False,0
1305,you cut it for me?,False,0
1306,what kind of meat is this?,True,1
1307,hamburger.,False,0
1308,thank you.,False,0
1309,you're carrying some for you.,False,0
1310,some what?,False,0
1311,I like hamburger.,False,0
1312,do I have any vegetables?,False,0
1313,what kind of vegetables?,False,0
1314,"oh, I have some meat.",False,0
1315,I'd like some vegetables.,False,0
1316,what kind do you have?,True,1
1317,did you drop the vegetables?,False,0
1318,no?,False,0
1319,"that was just the tape, I guess.",False,0
1320,does it?,False,0
1321,do you want to tell Ursula about the trees?,False,0
1322,the tree was shaped like that.,False,0
1323,don't you give Ursula anything?,False,0
1324,I'd like a hamburger.,False,0
1325,it's very good.,False,0
1326,you did what?,False,0
1327,you did what?,False,0
1328,you turned some on?,False,0
1329,you're coming back?,False,0
1330,what did you give us?,True,1
1331,yes?,False,0
1332,"oh, that's Cecilia downstairs.",False,0
1333,she's downstairs.,False,0
1334,I think that must be the washing machine.,False,0
1335,"yes, thank you.",False,0
1336,you mean your saucer?,False,0
1337,I think you can find it.,False,0
1338,do you have a cream pitcher too?,False,0
1339,lobster.,False,0
1340,what kind of coffee is it?,True,1
1341,what kind of coffee?,False,0
1342,"oh, very good.",False,0
1343,I like lobsters.,False,0
1344,do you like lobster?,False,0
1345,did you tell Ursula that you saw a lobster?,False,0
1346,in a store?,False,0
1347,was it moving?,False,0
1348,did you see it in the store?,False,0
1349,where did you see it?,True,1
1350,at Barney's house.,False,0
1351,what was it like?,True,1
1352,perhaps if you try it the other way it won't fall down.,True,1
1353,put the handle down.,False,0
1354,"no, the handle.",False,0
1355,do you know what the handle is?,True,1
1356,the handle of the knife.,False,0
1357,turn it around.,False,0
1358,upsidedown.,False,0
1359,yes.,False,0
1360,whoops.,False,0
1361,let's see if you know what these things are.,True,2
1362,what'd you put in this?,True,1
1363,what would you put in there?,True,1
1364,some water juice?,False,0
1365,what would you put in here?,True,1
1366,coffee?,False,0
1367,where would you put that?,True,1
1368,do you know what we call this?,True,1
1369,I thought you said you knew.,False,0
1370,"yes, it is a kind of plate.",False,0
1371,it's a saucer.,False,0
1372,I call it a saucer.,False,0
1373,teacup?,False,0
1374,I think it goes in there.,False,0
1375,do you know what you put in that?,True,1
1376,what?,False,0
1377,I think that's for tea or coffee or water.,False,0
1378,are they just the same?,False,0
1379,they're no different?,False,0
1380,how are they different?,True,1
1381,thirty times what?,False,0
1382,a what?,False,0
1383,a jingle pole?,False,0
1384,what is that?,True,1
1385,from the park?,False,0
1386,is that where you got it?,True,1
1387,from singing a song?,False,0
1388,I don't remember a song like that.,False,0
1389,"Adam, where did you see the lobster?",True,1
1390,in the water?,False,0
1391,inside the house?,False,0
1392,because that's what they were born to be.,True,1
1393,no.,False,0
1394,it might hurt.,False,0
1395,do lobsters have teeth?,False,0
1396,no.,False,0
1397,I don't think so.,False,0
1398,they don't need teeth.,False,0
1399,they don't talk like we talk.,False,0
1400,I think they talk to each other.,False,0
1401,they're going to jump in the boat and go fish?,False,0
1402,what kind of fish will they catch?,True,1
1403,catch a lion?,False,0
1404,a lion_fishc?,False,0
1405,what other kind of fish do you think?,False,0
1406,whales?,False,0
1407,they're taking the whales out?,False,0
1408,what other kind of fish will they get?,True,1
1409,they get what?,False,0
1410,they'll get ninety fish.,False,0
1411,they'll get ninety?,False,0
1412,and some Adams!,False,0
1413,is there a fish *NULL* named Adam?,True,1
1414,how could there be a fish *NULL* named Adam?,True,2
1415,she's down there.,False,0
1416,she'll be up in a little while.,False,0
1417,she didn't go any place.,False,0
1418,I don't know.,False,0
1419,she's doing something.,False,0
1420,I don't know what she's doing.,True,1
1421,"well, let her look.",False,0
1422,what is that?,True,1
1423,look in here.,False,0
1424,try again.,False,0
1425,you didn't look all the way down.,False,0
1426,going to ski?,False,0
1427,"well no, it doesn't want to ski.",False,0
1428,what kind of skiing?,False,0
1429,"Adam, that's very sticky.",False,0
1430,look in the bag and see what you find *NULL* to write on.,True,2
1431,that's a very special one.,False,0
1432,"look, Adam.",False,0
1433,what color is this?,True,1
1434,which one do you want?,True,1
1435,"alright, then look.",False,0
1436,why don't you try that one first?,True,1
1437,a line?,False,0
1438,some soap.,False,0
1439,what do I want?,True,1
1440,I'd like a can opener.,False,0
1441,and some Jello.,False,0
1442,icecream.,False,0
1443,lemonade.,False,0
1444,baby food.,False,0
1445,some cereal.,False,0
1446,bacon.,False,0
1447,do you like bacon?,False,0
1448,potatoes.,False,0
1449,I need some peach jam.,False,0
1450,tomato soup.,False,0
1451,some macaroni.,False,0
1452,and two gallons of milk.,False,0
1453,and toothpaste.,False,0
1454,"I think that's all *NULL* I need today, thank you.",True,1
1455,yes alright.,False,0
1456,some twine for clothes line.,False,0
1457,some bibs for Paul.,False,0
1458,some shoe polish for Adam.,False,0
1459,some hooks for my curtain rod.,False,0
1460,I think that's about all *NULL* I need.,True,1
1461,can I write down what you want?,True,1
1462,"what else do you want, Adam?",True,1
1463,what else do you need from the store?,True,1
1464,"I don't think I need anything else, thank you.",False,0
1465,some of Paul's food for you?,False,0
1466,some polish for you?,False,0
1467,it goes there.,False,0
1468,can you tell Ursula about the little poem *NULL* you made up the other,True,1
1469,the one *NULL* you were singing at the table.,True,1
1470,what was it?,True,1
1471,the bunny hop and the bunny at play.,False,0
1472,I'd like to be a bunny today.,False,0
1473,that's very nice.,False,0
1474,he had another one but I don't remember it.,False,0
1475,push this one back and you choose another one.,False,0
1476,"which one did you choose, Adam?",True,1
1477,"I don't think I need anything else, thank you.",False,0
1478,is there something I can for you?,False,0
1479,some polish.,False,0
1480,what else do you need?,True,1
1481,two and three what?,False,0
1482,and what else?,False,0
1483,some groceries.,False,0
1484,push the green one?,False,0
1485,push this up.,False,0
1486,alright.,False,0
1487,put your finger on top of mine.,False,0
1488,it disappeared.,False,0
1489,which one?,False,0
1490,push it down with me?,False,0
1491,hear a little click?,False,0
1492,no no no.,False,0
1493,don't write on your arm.,False,0
1494,write on the paper.,False,0
1495,no no no.,False,0
1496,have you ever seen anybody with a picture on their arm?,False,0
1497,with two shovels?,False,0
1498,no.,False,0
1499,can you draw a circle?,False,0
1500,"you used to have a book about a tatooed man, Adam.",False,0
1501,what?,False,0
1502,remember the circus parade and the tatooed man?,False,0
1503,can you draw a square?,False,0
1504,is that a square?,False,0
1505,"oh, I 'm sorry.",False,0
1506,did I scratch you with your arm?,False,0
1507,"Adam, do you remember what this is?",True,1
1508,what does this look like?,True,1
1509,"no no, Adam.",False,0
1510,no.,False,0
1511,no no.,False,0
1512,"open it, please.",False,0
1513,"no, not in that, thank you.",False,0
1514,that's an address book.,False,0
1515,I write down how to get here.,True,1
1516,how to get to your new house.,True,1
1517,"yes, this is the first time *NULL* I've been here.",True,1
1518,no.,False,0
1519,have to cut it?,False,0
1520,why do you have to cut it?,True,1
1521,"no, why do you have to cut it?",True,1
1522,is there a special reason why it should be cut?,True,1
1523,what is it?,True,1
1524,a picture of me?,False,0
1525,that's a nice picture of me.,False,0
1526,you have to hold it.,False,0
1527,that's enough.,False,0
1528,you better cut this off?,False,0
1529,alright.,False,0
1530,that's enough now.,False,0
1531,don't you think you have enough?,False,0
1532,you're going to use a blue one?,False,0
1533,to write on?,False,0
1534,do you draw groceries?,False,0
1535,why are you doing that?,True,1
1536,"no no, Adam, you may break the pen.",False,0
1537,"there are some blue ones and some white ones, but where are the yellow ones?",True,1
1538,they're behind you?,False,0
1539,would you hand them to me?,False,0
1540,she's waiting for her coffee.,False,0
1541,me?,False,0
1542,of a what?,False,0
1543,a what?,False,0
1544,the sign says Adam Smith.,False,0
1545,"oh, here's a little table.",False,0
1546,"careful, not on the rug.",False,0
1547,it's going to be what?,False,0
1548,"not on your leg, on the paper.",False,0
1549,can you draw a picture of a triangle?,False,0
1550,"you do have three lines, don't you?",False,0
1551,"oh, you had too much coffee?",False,0
1552,you have to be careful not to drink so much.,False,0
1553,"careful, don't drink too fast, Adam.",False,0
1554,you don't have some too much?,False,0
1555,was that too much that time?,False,0
1556,no.,False,0
1557,"don't write on the couch, dear.",False,0
1558,do you push it like that?,False,0
1559,would you show me how?,False,0
1560,for skiing?,False,0
1561,alright.,False,0
1562,did you show Cecelia the watch?,False,0
1563,is that late?,False,0
1564,"oh, it's supper.",False,0
1565,you don't need to pull it anymore.,False,0
1566,where's the other part of it?,True,1
1567,show Cecelia how it works.,True,1
1568,blow.,False,0
1569,it popped.,False,0
1570,it said what?,False,0
1571,oh yes.,False,0
1572,what's that?,True,1
1573,"shall I take it out for you, Adam?",False,0
1574,you're going to make a what?,False,0
1575,a green arm?,False,0
1576,what's a green arm?,True,1
1577,what do you think it was?,True,1
1578,yes.,False,0
1579,was it a big one or a small one?,False,0
1580,that was a big pop?,False,0
1581,"you don't need another, do you?",False,0
1582,"Adam, shall I get your scissors and you may cut some paper.",False,0
1583,"hi, Adam.",False,0
1584,"yes, I 'm upstairs.",False,0
1585,I won't fall down on you.,False,0
1586,"oh, look what you found.",True,1
1587,alright now.,False,0
1588,what're you going to draw?,True,1
1589,what is it?,True,1
1590,tell you what I think it is?,True,1
1591,it looks like a house.,False,0
1592,"oh, with a leg standing like that?",False,0
1593,what is that?,True,1
1594,a fish next to the house?,False,0
1595,"well, let's draw and then we'll put your pictures up.",False,0
1596,what're you doing?,True,1
1597,"oh, you're going to make a magic drawing board?",False,0
1598,you have?,False,0
1599,alright.,False,0
1600,don't touch the fish?,False,0
1601,what kind of fish?,False,0
1602,Bob fish?,False,0
1603,"oh, an iron fish.",False,0
1604,"oh, they're talking?",False,0
1605,they're talking to each other?,False,0
1606,what're they saying?,True,1
1607,oh?,False,0
1608,what's the boy's name?,True,1
1609,may I have one?,False,0
1610,I'd like to have one.,False,0
1611,they don't stick very well.,False,0
1612,you've got too much water on it maybe.,False,0
1613,just lick it a little.,False,0
1614,that what?,False,0
1615,that bus went away?,False,0
1616,"yes, another bus.",False,0
1617,"yes, Harvard_Square bus.",False,0
1618,because I can read.,False,0
1619,goodbye.,False,0
1620,what are you doing?,True,1
1621,what are you playing?,True,1
1622,what kind of game?,False,0
1623,uhhuh.,False,0
1624,what?,False,0
1625,can I play?,False,0
1626,no?,False,0
1627,why?,False,0
1628,Shadow_Gay.,False,0
1629,"I think you have to try another one, Adam.",False,0
1630,is that a picture of anything special?,False,0
1631,what is it?,True,1
1632,me?,False,0
1633,"I 'm going to finish, all done.",False,0
1634,"yes, you are.",False,0
1635,what's funny?,True,1
1636,"that looks like you're making a salad, Adam.",False,0
1637,"yes, yes when she goes home she'll catch the Harvard_Square bus.",True,1
1638,"not today, one day.",False,0
1639,yes.,False,0
1640,yes.,False,0
1641,you.,False,0
1642,yes.,False,0
1643,you what?,False,0
1644,you don't like the Harvard_Square bus?,False,0
1645,why not?,False,0
1646,"no, it's not dirty.",False,0
1647,"no, buses are usually pretty clean.",False,0
1648,no.,False,0
1649,that's very pretty.,False,0
1650,they're matches?,False,0
1651,no.,False,0
1652,"what do you mean, Adam?",True,1
1653,you're ready for your lunch?,False,0
1654,what would you like for your lunch?,True,1
1655,some macaroni?,False,0
1656,I 'm afraid we don't have any macaroni.,False,0
1657,play with this?,False,0
1658,ok.,False,0
1659,macaroni.,False,0
1660,here's some macaroni.,False,0
1661,here's some milk.,False,0
1662,and macaroni.,False,0
1663,into your macaroni?,False,0
1664,I don't think you'd like that.,False,0
1665,you have macaroni and cheese.,False,0
1666,it makes you eat?,False,0
1667,this sometimes makes you cry?,False,0
1668,because Shadow_Gay drinks his milk.,False,0
1669,very good.,False,0
1670,put you to bed?,False,0
1671,here's a bed right here.,False,0
1672,"nightnight, have a nice nap.",False,0
1673,it's a sign.,False,0
1674,it moves?,False,0
1675,what do you mean it moves?,True,1
1676,what does it do?,True,1
1677,it has someone's name on it.,False,0
1678,"no, not your name.",False,0
1679,whose name do you think?,False,0
1680,Robin?,False,0
1681,not Robin.,False,0
1682,David.,False,0
1683,"yes, that's David.",False,0
1684,"no, that's Bellugi.",False,0
1685,that's David's last name like your last name is Smith.,False,0
1686,mmhm.,False,0
1687,you want some macaroni.,False,0
1688,I just gave you some more.,False,0
1689,"oh, you didn't want very much macaroni, did you?",False,0
1690,"please, don't spill your macaroni.",False,0
1691,did you eat all of that?,False,0
1692,alright.,False,0
1693,"does it taste very good, Adam?",False,0
1694,here's some salt.,False,0
1695,alright.,False,0
1696,your fork?,False,0
1697,there it is.,False,0
1698,alright.,False,0
1699,would you like anything else?,False,0
1700,what?,False,0
1701,like a barrel of fun?,False,0
1702,in the dining room?,False,0
1703,alright.,False,0
1704,would you like to pick the things up now?,False,0
1705,wants some too?,False,0
1706,you didn't pick everything up.,False,0
1707,look behind you.,False,0
1708,"ok, pick up the knife.",False,0
1709,what about the book?,False,0
1710,there's a pen there.,False,0
1711,alright.,False,0
1712,children.,False,0
1713,children playing.,False,0
1714,"look, Adam, they're all singing and dancing around.",False,0
1715,"they're at a camp, singing songs.",False,0
1716,alright.,False,0
1717,get up here.,False,0
1718,what?,False,0
1719,pickle man.,False,0
1720,"oh, tops to it?",False,0
1721,"aah, that tastes good, doesn't it, Adam?",False,0
1722,jumping for joy aren't you?,False,0
1723,he's happy.,False,0
1724,where's the merrygoround?,True,1
1725,what're you doing?,True,1
1726,can I cut you a slice?,False,0
1727,just one.,False,0
1728,do you want the cover on it?,False,0
1729,say thank you.,False,0
1730,"I don't think so, thank you.",False,0
1731,did you sing a song for Ursula?,False,0
1732,did you sing Yankee_Doodle?,False,0
1733,riding a what?,False,0
1734,what'd he do?,True,1
1735,where?,False,0
1736,and what did he call it?,True,1
1737,can you say hello?,False,0
1738,say hello.,False,0
1739,I don't know.,False,0
1740,that's right.,False,0
1741,put them in front of you.,False,0
1742,no.,False,0
1743,no.,False,0
1744,I don't know.,False,0
1745,he's talking to you about something.,False,0
1746,"do you like cheese, Adam?",False,0
1747,what do you have on your cracker?,True,1
1748,is that your favorite kind?,False,0
1749,why is that Mr Pickle?,True,1
1750,from the tv set?,False,0
1751,does she let you watch it?,False,0
1752,I've never seen Mr Pickle.,False,0
1753,what does he look like?,True,1
1754,I think there's a piece of cheese on your plate.,False,0
1755,"you're really getting very tall, Adam.",False,0
1756,"like me, yes.",False,0
1757,"what's on your glass, Adam?",True,1
1758,"oh, Flintstones.",False,0
1759,Mommy what?,False,0
1760,what're you doing?,True,1
1761,"who does that, Adam?",True,1
1762,Rocky?,False,0
1763,is Rocky somebody on tv?,False,0
1764,how do you watch Cocoamarsh?,True,1
1765,is that on tv too?,False,0
1766,Mommy let you watch what?,False,0
1767,what?,False,0
1768,Zorex.,False,0
1769,it's a drink *NULL* you mix.,True,1
1770,yes.,False,0
1771,mix it with what?,False,0
1772,"oh no, not with my mixer.",False,0
1773,I just put water in it.,False,0
1774,there's a balcony on the next floor.,False,0
1775,on the floor downstairs.,False,0
1776,the little balcony where you play outside.,True,1
1777,you saw some friends?,False,0
1778,where was that?,True,1
1779,did you meet some friends there?,False,0
1780,"oh, you did?",False,0
1781,what was his name?,True,1
1782,"oh, you don't know his name?",False,0
1783,you mean the little children who came to visit you?,True,1
1784,do you remember their names?,False,0
1785,what were their names?,True,1
1786,what is that?,True,1
1787,I don't know.,False,0
1788,I 'm looking for a pencil.,False,0
1789,I don't have a pencil in there.,False,0
1790,you want a pencil too?,False,0
1791,alright.,False,0
1792,bring my purse.,False,0
1793,"Adam, would you like to close that door?",False,0
1794,no?,False,0
1795,let's have something *NULL* to read.,True,1
1796,I have something *NULL* to read.,True,1
1797,shall we look at this?,False,0
1798,what are those?,True,1
1799,"no, I won't.",False,0
1800,"no, I will not.",False,0
1801,because you didn't eat your breakfast.,False,0
1802,do you think it's hard to wake up in the morning?,False,0
1803,you don't have to go to bed again.,False,0
1804,what?,False,0
1805,thank you.,False,0
1806,I think that's enough.,False,0
1807,"oh, thank you.",False,0
1808,"what is that, Adam?",True,1
1809,do you have some things *NULL* to hang up?,True,1
1810,are you all finished with that.,False,0
1811,you haven't even tried it yet.,False,0
1812,do you have something *NULL* to hang up?,True,1
1813,what?,False,0
1814,"oh, that's a clothesline?",False,0
1815,do you want to hang this up?,False,0
1816,do I want to be Ursula?,False,0
1817,what're you opening now?,True,1
1818,you like what?,False,0
1819,cheek?,False,0
1820,what about cheek?,False,0
1821,"oh yes, thank you.",False,0
1822,what do you think that is?,True,1
1823,I think perhaps I can find some handkerchiefs.,False,0
1824,don't step on Paul's blanket.,False,0
1825,where are you going?,True,1
1826,careful of Paul.,False,0
1827,you didn't hang the socks up.,False,0
1828,why not?,False,0
1829,"oh, I think it can.",False,0
1830,there's another pin on the floor there.,False,0
1831,yes.,False,0
1832,why don't you hang it up by the heel.,True,1
1833,this one.,False,0
1834,"well, hang it by the toe.",False,0
1835,this is the toe.,False,0
1836,what?,False,0
1837,are you putting all those away already?,False,0
1838,you didn't cook anything.,False,0
1839,make some breakfast.,False,0
1840,there're so many things in here.,False,0
1841,hmm?,False,0
1842,that's for a baby doll.,False,0
1843,"yes, when she cries.",True,1
1844,do you have a doll?,False,0
1845,"maybe it's in this bag, Adam.",False,0
1846,what did you take?,True,1
1847,what is it?,True,1
1848,you could drop the clothespins in here.,False,0
1849,what hurt you?,True,1
1850,you will?,False,0
1851,"careful, Adam,",False,0
1852,you may pull the ironing board down.,False,0
1853,don't pull on it.,False,0
1854,the iron might fall.,False,0
1855,then where will we tie it?,True,1
1856,"no, don't pull like this.",False,0
1857,where will we put it?,True,1
1858,then you cann't hang anything.,False,0
1859,you will.,False,0
1860,"oh, what would you do with it?",True,1
1861,shake it?,False,0
1862,"oh, maybe I've got a sifter.",False,0
1863,I just put something in it.,False,0
1864,"no no no, just pretend.",False,0
1865,what?,False,0
1866,piano?,False,0
1867,oh.,False,0
1868,how about this one?,False,0
1869,does that one have a top?,False,0
1870,what do you think you cook in here?,True,1
1871,what're you putting him down there for?,True,1
1872,strong master.,False,0
1873,do you mean strong man?,False,0
1874,is that the circus strong man?,False,0
1875,where is he?,True,1
1876,"no, don't break him apart.",False,0
1877,you broke that thing off?,False,0
1878,what do you call that thing?,True,1
1879,strong man.,False,0
1880,barbell.,False,0
1881,I guess you'd call it barbell.,False,0
1882,"oh, what would hurt him?",True,1
1883,don't sit on him.,False,0
1884,"careful, Adam.",False,0
1885,"Adam, there's a clown here and a ringmaster.",False,0
1886,what?,False,0
1887,he's the ring master.,False,0
1888,what?,False,0
1889,he's going to hit the lion.,False,0
1890,does he have skates on?,False,0
1891,where?,False,0
1892,"no, that's not a sword, that's a knife.",False,0
1893,"no, you didn't.",False,0
1894,Joshua had a sword.,False,0
1895,she doesn't have a sword.,False,0
1896,you cann't fight with her.,False,0
1897,hmm?,False,0
1898,you're folding your sword?,False,0
1899,that's a knife for cutting chicken.,False,0
1900,it's suppertime?,False,0
1901,alright.,False,0
1902,what did you cook?,True,1
1903,meat?,False,0
1904,you could set the table.,False,0
1905,alright.,False,0
1906,you're going to warm it up?,False,0
1907,that's a spoon?,False,0
1908,you want me to eat the lion?,False,0
1909,"oh, this is a spoon.",False,0
1910,"oh, I 'm sorry.",False,0
1911,and I have to eat from the pan?,False,0
1912,"what do I have to eat, Adam?",True,1
1913,just sugar?,False,0
1914,you put some tea in my sugar?,False,0
1915,"Adam, what do I have to eat?",True,1
1916,Adam's eating chicken?,False,0
1917,what is Ursula having?,True,1
1918,"oh, sugar in meat?",False,0
1919,"oh, you don't like yours?",False,0
1920,maybe it needs some more sugar.,False,0
1921,pipe?,False,0
1922,"I have finished, thank you.",False,0
1923,"oh, we're going to have icecream for dessert?",False,0
1924,"Adam, do you have to down to the toilet?",False,0
1925,thank you.,False,0
1926,would you like to go?,False,0
1927,what color is that one?,True,1
1928,what color is this one?,True,1
1929,not really.,False,0
1930,just pretend.,False,0
1931,you will put what in it?,False,0
1932,"say thank you, Adam, that was very good.",False,0
1933,alright.,False,0
1934,this is icecream?,False,0
1935,what kind of icecream?,False,0
1936,sugar icecream?,False,0
1937,that's too sweet.,False,0
1938,what is that?,True,1
1939,a pipe?,False,0
1940,a cigarette?,False,0
1941,thank you.,False,0
1942,you're going where?,False,0
1943,hang the line up?,False,0
1944,where shall I tie it?,True,1
1945,what happened?,True,1
1946,that's too bad.,False,0
1947,you'll have to pay Ursula for that.,False,0
1948,don't you have some money?,False,0
1949,someone threw your money away?,False,0
1950,"I have finished, thank you.",False,0
1951,"Adam, I'll go downstairs with you.",False,0
1952,I'll fix your clothesline while you're gone.,False,0
1953,"ask her to excuse us, please.",False,0
1954,alright.,False,0
1955,alright.,False,0
1956,how do you fix that?,True,1
1957,"oh, do you want me to hang some clothes?",False,0
1958,could I hang a sock?,False,0
1959,I need a clothespin.,False,0
1960,do you want that one?,False,0
1961,is it dry?,False,0
1962,you must leave it there till it's dry.,False,0
1963,you took all the laundry down?,False,0
1964,good.,False,0
1965,"the little golden al bl cl, you read it to me.",False,0
1966,what is that?,True,1
1967,al is for,False,0
1968,alligator.,False,0
1969,what is that?,True,1
1970,that's right.,False,0
1971,what is that?,True,1
1972,playing ball.,False,0
1973,what is that?,True,1
1974,what do you think is happening?,True,1
1975,"boat, mmhm.",False,0
1976,what else?,False,0
1977,"that's a boy, isn't it?",False,0
1978,what is this?,True,1
1979,that is a butterfly.,False,0
1980,a,False,0
1981,and they are in a,False,0
1982,not sl.,False,0
1983,that is a cl.,False,0
1984,a clown.,False,0
1985,what is this?,True,1
1986,tiger what?,False,0
1987,"oh, I don't think that says growl.",False,0
1988,I think that says meow.,False,0
1989,so it's a what?,False,0
1990,a cat.,False,0
1991,what is this?,True,1
1992,what we call a cook.,True,1
1993,what is it?,True,1
1994,"yes, a boot.",False,0
1995,and he's riding on what?,False,0
1996,is that a pony?,False,0
1997,I've never seen a pony that looked like that.,True,1
1998,that is a,False,0
1999,yes.,False,0
2000,do you know what this is?,True,1
2001,dl.,False,0
2002,a what?,False,0
2003,where's a seal?,True,1
2004,Celia from North Carolina.,False,0
2005,a what?,False,0
2006,that is not.,False,0
2007,what is that?,True,1
2008,a little dog.,False,0
2009,you what?,False,0
2010,they're not dry?,False,0
2011,look.,False,0
2012,just like that one.,False,0
2013,do you know what this letter is?,True,1
2014,this is a gl.,False,0
2015,do you know what this it?,False,0
2016,Eskimo.,False,0
2017,do you know this letter?,False,0
2018,fl.,False,0
2019,fl for,False,0
2020,I don't think the fl can get in there.,False,0
2021,"they're firemen, did you tell Ursula about the firemen?",False,0
2022,up a ladder?,False,0
2023,"was there smoke, Adam?",False,0
2024,and water?,False,0
2025,did you tell her about the fire station that we visited?,True,1
2026,and you rang the bell.,False,0
2027,"oh, you know who that is.",True,1
2028,and what is this?,True,1
2029,I really don't know why the farmer's running.,True,1
2030,"yes, why?",False,0
2031,perhaps to get the hay in before it rains.,False,0
2032,what kind of flower is that?,True,1
2033,I guess it's a daisy.,False,0
2034,"and what is this, Adam.",True,1
2035,you kept moving.,False,0
2036,I only tied one shoe.,False,0
2037,"what about this, Adam?",False,0
2038,what is that?,True,1
2039,know what this letter is?,True,1
2040,gl.,False,0
2041,what is that?,True,1
2042,you don't know.,False,0
2043,we made one.,False,0
2044,"no, that's not Chicken_Little.",False,0
2045,these don't say quack.,False,0
2046,you don't have anything *NULL* to pour it in.,True,1
2047,what are you putting in my coffee?,True,1
2048,I don't want meat in my coffee!,False,0
2049,"tea and coffee, both?",False,0
2050,it is.,False,0
2051,what is that?,True,1
2052,hl.,False,0
2053,"well, that's not really a pony.",False,0
2054,that's a horse.,False,0
2055,no.,False,0
2056,il.,False,0
2057,Indian.,False,0
2058,and what is that?,True,1
2059,icecream cone.,False,0
2060,do you know what this is?,True,1
2061,an iceberg.,False,0
2062,no iceberg.,False,0
2063,do you know what this is?,True,1
2064,a what?,False,0
2065,"a hatsowp, a fatso.",False,0
2066,what hatsowp?,False,0
2067,this is jl.,False,0
2068,and what is this?,True,1
2069,a pumpkin bird?,False,0
2070,what kind of bird is that?,True,1
2071,what is this?,True,1
2072,thank you for the coffee.,False,0
2073,do you know what this is?,True,1
2074,an owl.,False,0
2075,what is that?,True,1
2076,yes.,False,0
2077,you call them overalls.,False,0
2078,I guess the owl has to put them on himself.,False,0
2079,yes.,False,0
2080,because they are.,False,0
2081,why do you say poor piggie?,True,1
2082,why would you knock that tree down?,True,1
2083,because what?,False,0
2084,he will laugh?,False,0
2085,do you know what that is?,True,1
2086,what is this?,True,1
2087,peach.,False,0
2088,peach.,False,0
2089,peach.,False,0
2090,know what that is?,True,1
2091,a plum.,False,0
2092,what kind of plum?,False,0
2093,do you know what this is?,True,1
2094,"well, she's just standing there, I guess.",False,0
2095,what is this?,True,1
2096,this is a raccoon.,False,0
2097,a raccoon.,False,0
2098,do you know what you call this that they're on?,True,2
2099,a raft.,False,0
2100,because they're on the river.,False,0
2101,"no, they're on the raft.",False,0
2102,they cann't swim.,False,0
2103,"yes, there are fish down in the water.",False,0
2104,what is this?,True,1
2105,that's a raven.,False,0
2106,no.,False,0
2107,"oh, Adam, I see something that you've never seen before.",True,1
2108,look.,False,0
2109,but what's happening?,True,1
2110,who's talking?,True,1
2111,have you ever seen a turtle talk on a telephone?,False,0
2112,what is that?,True,1
2113,doing what?,False,0
2114,"yes, that's a funny page.",False,0
2115,that's a truck.,False,0
2116,"yes, a dump truck.",False,0
2117,a train.,False,0
2118,a train.,False,0
2119,because of the way *NULL* it's made and what it does.,True,1
2120,what does that look like?,True,1
2121,here's a spider right here.,False,0
2122,he's going to do what?,False,0
2123,fall on a spoon?,False,0
2124,if he's not careful.,True,1
2125,what is that spoon?,True,1
2126,the one *NULL* you were talking about.,True,1
2127,what is that?,True,1
2128,a squirrel.,False,0
2129,you'll have to go find that nickel and give Ursula that nickel.,False,0
2130,do you know what's happening on this page?,True,1
2131,"oh, you mean the wagon is going to fall down and hit the water",False,0
2132,who is this sitting up here?,True,1
2133,"no, it looks like a fox.",False,0
2134,that's a wolf.,False,0
2135,that's a yak.,False,0
2136,"no, he's playing the xylophone.",False,0
2137,maybe he's looking at his music.,False,0
2138,you cann't see the music.,False,0
2139,it must be over here.,False,0
2140,over here.,False,0
2141,they didn't put it on the picture.,False,0
2142,what is that?,True,1
2143,xl to nine.,False,0
2144,you mean this ladder?,False,0
2145,"what place do you think that is, Adam?",True,1
2146,here it is?,False,0
2147,what place do you think that is?,True,1
2148,where do you think you'd find all those animals?,True,1
2149,what park?,False,0
2150,where's Mr Pickle's park?,True,1
2151,where they sell balloons?,True,1
2152,where is that?,True,1
2153,do you know the name of the park?,False,0
2154,I have an idea.,False,0
2155,if I had to go to one place and find all those animals where would,True,1
2156,in a trash can?,False,0
2157,"yes, that's saggy baggy elephant.",False,0
2158,"oh no, he cann't do his back like saggy baggy.",False,0
2159,"no, he must be one of those big elephants.",False,0
2160,"careful, why don't you move down a bit?",True,1
2161,they're not?,False,0
2162,they're not wet.,False,0
2163,I cann't wear that anymore.,False,0
2164,you better cut that down?,False,0
2165,do what?,False,0
2166,why would you cut the elephant?,True,1
2167,the window.,False,0
2168,where do you have a wonderful baby?,True,1
2169,"daisy, oh.",False,0
2170,on your napkin?,False,0
2171,this is a story about an old woman who lived in a shoe.,True,1
2172,"oh, you got some cheese.",False,0
2173,who lived in a,True,1
2174,know what to,False,0
2175,they each had a,False,0
2176,a what?,False,0
2177,or what's this?,True,1
2178,a bird carriage?,False,0
2179,or a,False,0
2180,a lobster!,False,0
2181,that's not a lobster.,False,0
2182,it's a crab.,False,0
2183,or a,False,0
2184,bunny.,False,0
2185,do you know what this is?,True,1
2186,and they each had a,False,0
2187,you sound like Donald_Duck.,False,0
2188,do you have it?,False,0
2189,what happened to necklace?,True,1
2190,who took it?,True,1
2191,where is it?,True,1
2192,I like to play with the children.,False,0
2193,yes.,False,0
2194,you're a big child.,False,0
2195,yes.,False,0
2196,what has Celia got?,True,1
2197,what has Celia got?,True,1
2198,chop down?,False,0
2199,whoops.,False,0
2200,are you taking them down?,False,0
2201,what is it about?,True,1
2202,turn a somersault.,False,0
2203,turning a somersault.,False,0
2204,she's standing on her hands.,False,0
2205,she likes to play that way.,False,0
2206,they each knew a game that was jolly to play,True,1
2207,that's not a little boy's name.,False,0
2208,"that means fun, jolly.",False,0
2209,jolly means happy.,False,0
2210,to let in the,False,0
2211,with their own little,False,0
2212,broom.,False,0
2213,and painted the chimney a beautiful,False,0
2214,red.,False,0
2215,so it will be nice and pretty.,False,0
2216,paintbrush.,False,0
2217,he's a little boy who's painting.,True,1
2218,because he likes to paint.,False,0
2219,because it's fun.,False,0
2220,because it's something *NULL* he likes to do.,True,1
2221,for making the,False,0
2222,high as his,False,0
2223,she must be the Mother,False,0
2224,and snowballing what?,False,0
2225,suits for a special,False,0
2226,surprise the old woman,False,0
2227,too.,False,0
2228,"they didn't cry at all, did they?",False,0
2229,"no, it says here.",False,0
2230,they didn't know what to,False,0
2231,for diamonds or,False,0
2232,gold as round as a,False,0
2233,ball.,False,0
2234,hmm?,False,0
2235,what did you get?,True,1
2236,tell you a story?,False,0
2237,once upon a time there was a little boy *NULL* named Adam.,True,1
2238,is that your favorite story?,False,0
2239,why don't you do your puzzle?,True,1
2240,you do your puzzle.,False,0
2241,what is this?,True,1
2242,"well no, that's a window.",False,0
2243,what is this?,True,1
2244,tricycle.,False,0
2245,what is that?,True,1
2246,what?,False,0
2247,a lobster.,False,0
2248,I don't think that's a lobster.,False,0
2249,what is this?,True,1
2250,a clothespin.,False,0
2251,I'll come and do it.,False,0
2252,"we'll come and do it, won't we, Adam?",False,0
2253,"your Mommy will bring yours, Adam.",False,0
2254,alright.,False,0
2255,you eat there on the tray.,False,0
2256,it's good.,False,0
2257,"Adam, what do you want?",True,1
2258,you have cheese on your plate?,False,0
2259,gouda.,False,0
2260,"Adam, sit down.",False,0
2261,that pineapple juice is so sweet.,False,0
2262,pineapple.,False,0
2263,is that your favorite?,False,0
2264,"I have some coffee, thank you.",False,0
2265,I don't know.,False,0
2266,they look like night sticks.,False,0
2267,the kind *NULL* the policeman carry.,True,1
2268,what do you think they are?,True,1
2269,baseball bat?,False,0
2270,in what?,False,0
2271,in the face?,False,0
2272,oh no.,False,0
2273,oh no.,False,0
2274,you don't run with a baseball bat.,False,0
2275,you put the bat down and then you run.,False,0
2276,that's right.,False,0
2277,I thought you were going to eat the cheese.,False,0
2278,"oh no, I don't like to fight.",False,0
2279,my hand is cold.,False,0
2280,did you finish the puzzle?,False,0
2281,you stay here with Ursula.,False,0
2282,"Adam, can you say package?",False,0
2283,"well, well go sit down.",False,0
2284,"Adam, come back here.",False,0
2285,you have some on your tray.,False,0
2286,do you have to go?,False,0
2287,they are tied.,False,0
2288,go eat your crackers and drink your juice.,False,0
2289,"who are you asking, Adam?",True,1
2290,what did you ask me?,True,1
2291,at the pillow station?,False,0
2292,no thank you.,False,0
2293,"would you give me one of your crackers, please?",False,0
2294,thank you.,False,0
2295,what about all your clothes?,False,0
2296,they're going to fall off the line.,False,0
2297,isn't that a shirt that's hanging on the line?,True,1
2298,"Ursula, would you like more coffee?",False,0
2299,you don't like coffee.,False,0
2300,in Adam's house?,False,0
2301,where is Adam's house?,True,1
2302,it's turned out?,False,0
2303,how did your house get turned out?,True,1
2304,are you doing the twist?,False,0
2305,you've got your shirt on?,False,0
2306,it's what?,False,0
2307,it's not hanging?,False,0
2308,it's not hanging on the line.,False,0
2309,careful.,False,0
2310,shall I drink your pineapple juice?,False,0
2311,whoops.,False,0
2312,what?,False,0
2313,and go for a ride!,False,0
2314,in my pocket and go for a ride!,False,0
2315,"but I 'm not a kangaroo, what're you doing making such a mess on",True,1
2316,what?,False,0
2317,do you really have dreams?,False,0
2318,what're dreams?,True,1
2319,"no no no, Adam, that's dirty.",False,0
2320,"yes, you'll get the rug all dirty.",False,0
2321,"yes, if it's dirty then it cann't be cleaned.",True,1
2322,and get my pencil out first.,False,0
2323,how do you know?,True,1
2324,I show you?,False,0
2325,you can take out the racing car.,False,0
2326,what does the racing car do?,True,1
2327,you like one?,False,0
2328,yes.,False,0
2329,who is driving?,True,1
2330,who drives the racing car?,True,1
2331,oh.,False,0
2332,"oh, did you used to have one?",False,0
2333,what part broke?,True,1
2334,it does.,False,0
2335,can you fix it?,False,0
2336,really?,False,0
2337,you're not finished with that yet.,False,0
2338,I'll pull something out.,False,0
2339,look.,False,0
2340,do you want to put your hand in it?,False,0
2341,"I don't know what it is, do you?",True,1
2342,you put your hand in.,False,0
2343,cann't you close your mouth?,False,0
2344,can you put some of your fingers in this part?,False,0
2345,put some in here.,False,0
2346,there.,False,0
2347,now he can close his mouth.,False,0
2348,what is he saying?,True,1
2349,he's singing.,False,0
2350,yes.,False,0
2351,I make a birdie?,False,0
2352,is that a birdie?,False,0
2353,that doesn't look like a birdie.,False,0
2354,what does it look like to you?,True,1
2355,what is it?,True,1
2356,what?,False,0
2357,you put one on and I'll put one on.,False,0
2358,"good morning, Mr Alligator.",False,0
2359,what?,False,0
2360,let's hear.,False,0
2361,I say cock_a_doodle_dooo.,False,0
2362,yes.,False,0
2363,good morning to you.,False,0
2364,yes.,False,0
2365,what can I have?,True,1
2366,"yes, I do.",False,0
2367,"do you have anything in your pocket, Adam?",False,0
2368,I 'm hungry for breakfast.,False,0
2369,I cann't have breakfast in bed.,False,0
2370,because I would get crumbs in the bed.,False,0
2371,crumbs.,False,0
2372,what?,False,0
2373,what?,False,0
2374,what?,False,0
2375,where's my breakfast?,True,1
2376,I want some cracker crumbs and some seeds.,False,0
2377,yes.,False,0
2378,because chickens like to eat seeds.,False,0
2379,what are you going to have?,True,1
2380,what's that?,True,1
2381,morning supper?,False,0
2382,what did you eat for morning supper?,True,1
2383,you don't eat racing cars.,False,0
2384,yes.,False,0
2385,the what went off?,False,0
2386,try.,False,0
2387,yes.,False,0
2388,what?,False,0
2389,a Rambler?,False,0
2390,is that the kind *NULL* you have?,True,1
2391,cann't get through.,False,0
2392,where is it going?,True,1
2393,this car doesn't have any lights.,False,0
2394,maybe the lights go on when you push the button.,True,1
2395,try it.,False,0
2396,no?,False,0
2397,it's a what?,False,0
2398,that says Mobilgas.,False,0
2399,it's working.,False,0
2400,what isn't working?,True,1
2401,is that a new one?,False,0
2402,let's see it.,False,0
2403,it has beads on the back.,False,0
2404,yes.,False,0
2405,just like you.,False,0
2406,mmhm.,False,0
2407,that's right.,False,0
2408,I see them.,False,0
2409,did you run over the bridge?,False,0
2410,what happened?,True,1
2411,hit my knee.,False,0
2412,it's inside the what?,False,0
2413,"oh, I cann't reach it.",False,0
2414,you have to go around in back of the couch.,False,0
2415,did you get it?,False,0
2416,are you tired?,False,0
2417,"hi, Paul.",False,0
2418,he's a sugar.,False,0
2419,did you show Ursula your Humpty_Dumpty?,False,0
2420,"let's see, Adam.",False,0
2421,"you made a room, a school room.",False,0
2422,Mommy forgot what?,False,0
2423,forgot to cut out who?,False,0
2424,I don't know.,False,0
2425,"the class would be terrible without a teacher, wouldn't it?",False,0
2426,dust in your hair.,False,0
2427,can you tell Ursula what the lesson is on the blackboard?,True,1
2428,there where your hand is.,True,1
2429,who is it?,True,1
2430,who?,False,0
2431,Lincoln.,False,0
2432,that's right.,False,0
2433,yes.,False,0
2434,I would like to.,False,0
2435,"oh, a racing car.",False,0
2436,"well, keep it on the floor.",False,0
2437,yes.,False,0
2438,a motor?,False,0
2439,where's the motor?,True,1
2440,where would the motor be?,True,1
2441,maybe it's in the back.,False,0
2442,what kind of a Rambler is that?,True,1
2443,excuse me.,False,0
2444,you hit your knee?,False,0
2445,don't hit my toe.,False,0
2446,"well, if you're alright I think I'll take Paul back and put him in",True,1
2447,"I think we should leave that bridge down, Adam.",False,0
2448,that bridge.,False,0
2449,"leave it on the floor, Adam.",False,0
2450,there are some tiny cars in here.,False,0
2451,here is one.,False,0
2452,tiny cars for a race.,False,0
2453,that's how the car goes.,True,1
2454,is that broken?,False,0
2455,"oh yes, it is.",False,0
2456,yeah.,False,0
2457,alright.,False,0
2458,that one's broken.,False,0
2459,another kind of racing car.,False,0
2460,I don't know.,False,0
2461,what?,False,0
2462,fix the flat tires.,False,0
2463,is that better?,False,0
2464,where?,False,0
2465,"oh, that's the steering wheel.",False,0
2466,that's the driver's wheel.,False,0
2467,yes.,False,0
2468,I don't know.,False,0
2469,"that's a train part, isn't it?",False,0
2470,it looks like a tank car.,False,0
2471,yes.,False,0
2472,when the snow is high you can clear the street.,True,1
2473,oh.,False,0
2474,cowboy hat what?,False,0
2475,what?,False,0
2476,that's a marble bag.,False,0
2477,for marbles.,False,0
2478,it would be good to carry tiny cars.,False,0
2479,that's not a bag car.,False,0
2480,what?,False,0
2481,that's right.,False,0
2482,you could put it on your arm.,False,0
2483,what's happened to it?,True,1
2484,that's to hold it.,False,0
2485,what do you think that is?,True,1
2486,that's right.,False,0
2487,it's made,False,0
2488,you see how it's tied together?,True,1
2489,Indians.,False,0
2490,it's made by Indians.,False,0
2491,I don't know which one.,False,0
2492,Indians in New Hampshire.,False,0
2493,knock knock.,False,0
2494,who is there?,True,1
2495,Indian drum who?,False,0
2496,"Adam, are you an Indian?",False,0
2497,yes.,False,0
2498,that's a pen.,False,0
2499,pen for writing.,False,0
2500,yes.,False,0
2501,yes.,False,0
2502,what is that?,True,1
2503,"no, it's not to take out.",False,0
2504,that makes it longer so you can see better.,False,0
2505,what do you see?,True,1
2506,I see things far away.,False,0
2507,yes.,False,0
2508,across the room.,False,0
2509,look.,False,0
2510,across the room I see a tiny Adam.,False,0
2511,what?,False,0
2512,al nl tl down.,False,0
2513,what does that mean?,True,1
2514,can you see me?,False,0
2515,do you want to try them on?,False,0
2516,those are sunglasses.,False,0
2517,yes.,False,0
2518,you can put them on.,False,0
2519,yes.,False,0
2520,"no, I 'm not going yet.",False,0
2521,we have more things *NULL* to play with.,True,1
2522,here's something else.,False,0
2523,you try those.,False,0
2524,do they fit you?,False,0
2525,yes?,False,0
2526,what?,False,0
2527,nothing is right!,False,0
2528,"alright, Adam.",False,0
2529,did you ever use a pencil sharpener?,False,0
2530,will you sharpen my pencils?,False,0
2531,fixing my beads.,False,0
2532,nothing.,False,0
2533,I just fixed my beads.,False,0
2534,"oh, you sharpen it.",False,0
2535,with the pencil sharpener.,False,0
2536,I'll show you how.,False,0
2537,"you cann't take it apart, no.",False,0
2538,no.,False,0
2539,yes.,False,0
2540,"no, just turn it and sharpen the pencil.",False,0
2541,I don't know.,False,0
2542,"they are, why?",False,0
2543,mmhm.,False,0
2544,they fit you.,False,0
2545,yes.,False,0
2546,do you want to show them to your Mother?,False,0
2547,"please, do.",False,0
2548,"oh, I cann't wear those.",False,0
2549,they're too small.,False,0
2550,"no, the glasses are too small.",False,0
2551,he's not going to sleep.,False,0
2552,there.,False,0
2553,mmhm.,False,0
2554,yes.,False,0
2555,"yes, if Ursula says it's alright.",True,1
2556,don't put them there.,False,0
2557,someone might sit on them.,False,0
2558,maybe I might sit on them.,False,0
2559,"I 'm glad you're alright, Adam.",False,0
2560,twisting.,False,0
2561,what is that?,True,1
2562,what is it?,True,1
2563,yes.,False,0
2564,"oh, what's driving on me?",True,1
2565,don't tear her stockings.,False,0
2566,"careful, Adam.",False,0
2567,"yes, but you'll hurt her.",False,0
2568,a new sixty,False,0
2569,what number is that?,True,1
2570,a sixty Rambler.,False,0
2571,do you know what those numbers are?,True,1
2572,a car hit what?,False,0
2573,put what?,False,0
2574,"yes, right over here.",False,0
2575,it started Monday.,False,0
2576,what happened to Wednesday?,True,1
2577,one talking at the microphone.,False,0
2578,what happened?,True,1
2579,whoops.,False,0
2580,careful.,False,0
2581,ok.,False,0
2582,don't step on Paul's toesies.,False,0
2583,mmhm.,False,0
2584,"no no, don't put it in there.",False,0
2585,if you wish to.,True,1
2586,did you put them on?,False,0
2587,the what?,False,0
2588,aren't you letting me look in it the wrong way?,False,0
2589,alright.,False,0
2590,"that's the tuner, remember?",False,0
2591,tuner for a violin.,False,0
2592,I didn't bring one.,False,0
2593,what?,False,0
2594,"who is that, Adam?",True,1
2595,Mr Do_Bee.,False,0
2596,a puppet on Miss Jean's show.,False,0
2597,fine.,False,0
2598,how are you?,True,1
2599,"oh, what's the chicken's name?",True,1
2600,Poppa?,False,0
2601,Billie.,False,0
2602,ask you.,False,0
2603,what is your name?,True,1
2604,Kewiec?,False,0
2605,Kewiec who?,False,0
2606,what?,False,0
2607,quacky duck.,False,0
2608,what is your name?,True,1
2609,cow who?,False,0
2610,who's there?,True,1
2611,Shadow_Gay who?,False,0
2612,Shadow_Gay riding a pony.,False,0
2613,who?,False,0
2614,who?,False,0
2615,you.,False,0
2616,I know who you look like.,True,1
2617,I sneezed.,False,0
2618,who's there?,True,1
2619,"oh, you've got some sixty sixty four Rambler glasses?",False,0
2620,"yes, you may keep them right there.",False,0
2621,yes.,False,0
2622,what?,False,0
2623,no.,False,0
2624,when it gets dark?,True,1
2625,what will you do with that when it gets dark?,True,2
2626,what will you look at?,True,1
2627,"careful, Adam.",False,0
2628,don't do that.,False,0
2629,you might break it.,False,0
2630,"no no, Adam.",False,0
2631,but it's not a pipe.,False,0
2632,what is that on the drum?,True,1
2633,the drum is out there.,False,0
2634,you get it.,False,0
2635,you rolled it over there.,False,0
2636,what?,False,0
2637,I 'm not mad at you.,False,0
2638,I 'm mad because I had to get the drum?,False,0
2639,"why don't you play a little song on the drum, Adam?",True,1
2640,"well, you play it on the drum and I'll sing a song.",False,0
2641,yes.,False,0
2642,what shall we sing?,True,1
2643,"it's not broken, is it?",False,0
2644,"oh, the drum had an Indian and he broke it?",False,0
2645,"did you show your Mother what's on the side of the drum, Adam?",True,1
2646,that's a light.,False,0
2647,maybe Ursula uses that.,False,0
2648,to write letters.,False,0
2649,you could use it.,False,0
2650,she said you may use it.,False,0
2651,where's your paper?,True,1
2652,"that's alright, Adam.",False,0
2653,you need a pencil.,False,0
2654,you have to sharpen it first.,False,0
2655,does your pencil have a point?,False,0
2656,on the pencil.,False,0
2657,the point is the part of the pencil that you write with.,True,1
2658,"do you want me to show you how to use that, Adam?",True,1
2659,that's right.,False,0
2660,fill it all up.,False,0
2661,now fill up this part too.,False,0
2662,now do the edge.,False,0
2663,ok.,False,0
2664,there it is.,False,0
2665,which letter do you want to do?,True,1
2666,there's a number one.,False,0
2667,that's a number two.,False,0
2668,all of them.,False,0
2669,which one do you want to do?,True,1
2670,here's number eight over here.,False,0
2671,fill it in.,False,0
2672,fill it in.,False,0
2673,with your pencil.,False,0
2674,that's a funny one.,False,0
2675,do you dream sometimes?,False,0
2676,what about?,False,0
2677,what do you dream about?,True,1
2678,about al nl tl?,False,0
2679,is it?,False,0
2680,maybe we need a new page.,False,0
2681,you're going to mail that?,False,0
2682,there are so many.,False,0
2683,there's hl.,False,0
2684,there's an hl.,False,0
2685,do you have a sharp point?,False,0
2686,just like me.,False,0
2687,it looks the same.,False,0
2688,let's do number nine.,False,0
2689,what?,False,0
2690,for the teacher?,False,0
2691,yes.,False,0
2692,"yes, but this is upsidedown.",False,0
2693,this way it's not.,False,0
2694,what other letters do you need for your name?,True,1
2695,you have a dl and an al and what else?,False,0
2696,what else is in your name?,True,1
2697,dl al,False,0
2698,ml?,False,0
2699,ml is here.,False,0
2700,you fill that in.,False,0
2701,alright.,False,0
2702,let's have a tl.,False,0
2703,why're you going to mail them?,True,1
2704,sure.,False,0
2705,do you have a stump?,False,0
2706,mailing a letter to whom?,False,0
2707,that's so you can put it in your pocket.,False,0
2708,I need that though.,False,0
2709,I need to write.,False,0
2710,yes.,False,0
2711,how do you know?,True,1
2712,what happened?,True,1
2713,how do you know?,True,1
2714,Shadow_Gay told you?,False,0
2715,who?,False,0
2716,yes.,False,0
2717,they are for you.,False,0
2718,for you.,False,0
2719,it cann't be!,False,0
2720,don't kick it too hard.,False,0
2721,"careful, Adam.",False,0
2722,you might break something.,False,0
2723,"yes, I waited for you.",False,0
2724,alright.,False,0
2725,"yes, bless you.",False,0
2726,don't catch cold.,False,0
2727,"what's al nl tl, Adam?",True,1
2728,recorder wants glasses on?,False,0
2729,"no, you cann't.",False,0
2730,another one.,False,0
2731,hello.,False,0
2732,mailman?,False,0
2733,mmhm.,False,0
2734,I thought that was a tuner.,False,0
2735,that you're playing.,True,1
2736,sing a song.,False,0
2737,sing a song about a tuner.,False,0
2738,you.,False,0
2739,you.,False,0
2740,yes what're you laughing about?,True,1
2741,the accordion.,False,0
2742,that's not an accordion but it does sound like one.,False,0
2743,that's a tuner for a violin.,False,0
2744,don't put it so far in your mouth.,False,0
2745,can you blow them one at a time?,False,0
2746,ocean?,False,0
2747,careful.,False,0
2748,"Adam, what else did you play with this morning?",True,1
2749,"Adam, what else did you play with this morning?",True,1
2750,this morning.,False,0
2751,what else did you play with?,True,1
2752,"yes, but don't run with it like that.",False,0
2753,did you tell your Mother what else you played with?,True,1
2754,I don't know.,False,0
2755,I asked you what else did you play with?,True,1
2756,where's your pad?,True,1
2757,I thought you were going to make some letters.,False,0
2758,"oh, were you telling her that?",False,0
2759,took the telephone away?,False,0
2760,where is it?,True,1
2761,I don't know.,False,0
2762,I guess.,False,0
2763,they took it back to the telephone company and we're going to get,False,0
2764,can you tell her what's going to happen?,True,1
2765,alright.,False,0
2766,where is the puzzle?,True,1
2767,what?,False,0
2768,you dropped.,False,0
2769,what's in the bag?,True,1
2770,look what that picture is.,True,1
2771,somebody *NULL* named Linda.,True,1
2772,somebody *NULL* named Linda.,True,1
2773,a girl *NULL* named Linda made it but what is it?,True,2
2774,would you like to put these gloves on?,False,0
2775,I saw something through here.,False,0
2776,I looked in there.,False,0
2777,"what do you see, Adam?",True,1
2778,"look, Adam, these puppets are waiting for something *NULL* to eat.",True,1
2779,they're waiting for something for lunch.,False,0
2780,they say what're you going to give me?,True,1
2781,mmhm.,False,0
2782,what about some dog food.,False,0
2783,that tastes so good.,False,0
2784,"no, I don't want to fight.",False,0
2785,I 'm very sleepy.,False,0
2786,I just want to sit by the fire.,False,0
2787,hmm?,False,0
2788,what?,False,0
2789,I 'm going touch you.,False,0
2790,shall comb your hair?,False,0
2791,"there, that looks nice.",False,0
2792,you know what?,False,0
2793,I'd like some sunglasses on.,False,0
2794,this sun is too bright.,False,0
2795,that's better.,False,0
2796,you have to keep your nose up in the air.,False,0
2797,that's right.,False,0
2798,does it?,False,0
2799,no?,False,0
2800,"oh, isn't that nice, Adam.",False,0
2801,"no, you have cranberry juice.",False,0
2802,no thank you.,False,0
2803,"is that right, Adam.",False,0
2804,I 'm busy and you're busy.,False,0
2805,you're busy drinking your juice?,False,0
2806,"I have one, thank you.",False,0
2807,"yes, I want Mommy to have one.",False,0
2808,save one for her.,False,0
2809,"oh, what did Mommy say?",True,1
2810,yes.,False,0
2811,are you going to drink your juice?,False,0
2812,I 'm going to drink my coffee.,False,0
2813,alright.,False,0
2814,"no, that's enough, Adam.",False,0
2815,is he singing about a puppet?,False,0
2816,"Adam, you cann't play that while you're eating.",False,0
2817,"Adam, what do you have on your sandwich?",True,1
2818,"oh, these are nice, Adam.",False,0
2819,I see you did.,False,0
2820,"you put the sugar spoon in yours too, didn't you?",False,0
2821,I guess so.,False,0
2822,"no, it's dirty.",False,0
2823,I lost my sandwich apart.,False,0
2824,we'll eat it all up?,False,0
2825,what?,False,0
2826,about the water of the loom?,False,0
2827,what is al nl tl?,True,1
2828,that's the college that Cecelia goes to.,True,1
2829,Agricultural and Technical College.,False,0
2830,your finger what?,False,0
2831,washed?,False,0
2832,is lost?,False,0
2833,where did you lost it?,True,1
2834,at the apartment.,False,0
2835,"well, don't you think you should eat your sandwich?",False,0
2836,you're turning around like a propeller?,False,0
2837,"yes, thank you.",False,0
2838,alright.,False,0
2839,while you eat.,False,0
2840,if I close one eye.,True,1
2841,not too hot.,False,0
2842,"oh, I have two eyes open.",False,0
2843,you're looking at me?,False,0
2844,why are you looking at me?,True,1
2845,not quite.,False,0
2846,there's just a little bit more.,False,0
2847,"yes, now I 'm finished.",False,0
2848,yes.,False,0
2849,don't you want to drink your cranberry juice and eat your piece of,False,0
2850,cake?,False,0
2851,because you like it.,False,0
2852,I don't know the name of it.,False,0
2853,it tasted like spice cake.,False,0
2854,perhaps so.,False,0
2855,carry the baker?,False,0
2856,what?,False,0
2857,I can see what?,False,0
2858,"you're finishing all of that, aren't you, Adam?",False,0
2859,what is that down in the bottom of the glass?,True,1
2860,you don't know.,False,0
2861,"no, I don't know how to put a glove on.",True,1
2862,how do you put a glove on?,True,1
2863,is that right?,False,0
2864,"Adam Smith, come back here.",False,0
2865,yes.,False,0
2866,alright.,False,0
2867,no thank you.,False,0
2868,I have one.,False,0
2869,right there.,False,0
2870,"yes, I think so.",False,0
2871,did you ask Ursula if she'd like one before you took the last one?,True,1
2872,why're you going to take mine apart and give Ursula a little bit,True,1
2873,"thank you, Adam.",False,0
2874,a little bit.,False,0
2875,why did you give her such a little little bit?,True,1
2876,why?,False,0
2877,"yes, why?",False,0
2878,the tape recorder is behind you?,False,0
2879,it's not a tape recorder.,False,0
2880,you know what that is.,True,1
2881,it's tape.,False,0
2882,good shot.,False,0
2883,knock what down?,False,0
2884,you come finish eating your cake.,False,0
2885,it's a level.,False,0
2886,it's a little game.,False,0
2887,you can make very funny people.,False,0
2888,shall we make a funny man with this?,False,0
2889,what?,False,0
2890,you're going to get what?,False,0
2891,that's a lock from a door.,False,0
2892,do you have one *NULL* to put it on?,True,1
2893,what do you have?,True,1
2894,tools?,False,0
2895,what do you think it is?,True,1
2896,rain what?,False,0
2897,you used to wear this when you were a little baby?,True,1
2898,a paper punch.,False,0
2899,a paper plunge to tell you when the paper comes.,True,1
2900,what're you going to do with the crayons?,True,1
2901,where're you going?,True,1
2902,write a,False,0
2903,a paper sponge,False,0
2904,"well, not with a screwdriver.",False,0
2905,they're so tiny.,False,0
2906,you cann't color them.,False,0
2907,what do you mean stick you in the feather?,True,1
2908,from Africa.,False,0
2909,a what?,False,0
2910,"it's really to measure things, Adam.",False,0
2911,forty inches.,False,0
2912,"no no, don't stand up with your shoes on the sofa.",False,0
2913,what about opening your measuring stick some more?,False,0
2914,he's not a fish.,False,0
2915,he's a little boy.,False,0
2916,"no, I 'm not a fish.",False,0
2917,"no, I don't see any fish in here at all.",False,0
2918,fish must swim in the lake.,False,0
2919,I think there're some fish in the Charles River.,False,0
2920,in the Charles River.,False,0
2921,you know where the Charles River is.,True,1
2922,I don't think so.,False,0
2923,where we see the sailboats.,True,1
2924,I don't know.,False,0
2925,I don't know.,False,0
2926,why should they come from Africa?,True,1
2927,they live in Africa?,False,0
2928,because Indians live in Africa.,False,0
2929,I don't know where that come from.,True,1
2930,where do you think these came from?,True,1
2931,you have some work?,False,0
2932,look in it and see what you see.,True,1
2933,"let me try it, Adam.",False,0
2934,what?,False,0
2935,what is a game?,True,1
2936,you're supposed to fit the arms with the face.,False,0
2937,I may?,False,0
2938,is it in the key case?,False,0
2939,the key chain?,False,0
2940,you ask Ursula to tell you about this.,False,0
2941,that little bubble of air,False,0
2942,what is it?,True,1
2943,that's a little laughing man,False,0
2944,if you shoot him he won't laugh.,True,1
2945,in the box.,False,0
2946,not in there.,False,0
2947,draw on the paper.,False,0
2948,come measure the door.,False,0
2949,careful.,False,0
2950,what are you going to do up there?,True,1
2951,not from over there I don't think.,False,0
2952,"no no, don't stand on the phone, dear.",False,0
2953,can you measure the door?,False,0
2954,"careful, you almost hit Ursula.",False,0
2955,can you measure the door for me?,False,0
2956,why?,False,0
2957,why?,False,0
2958,why do you want to?,True,1
2959,let's see if you know any of the number.,True,1
2960,whoops.,False,0
2961,you broke it.,False,0
2962,yes.,False,0
2963,and you cann't have that.,False,0
2964,"yes, you broke it.",False,0
2965,"yes, sticks do break.",False,0
2966,now you have to give her some pennies,False,0
2967,"well, sit down and write.",False,0
2968,"well, don't do that.",False,0
2969,what will she have to keep her screws in?,True,1
2970,we can make it round again.,False,0
2971,where did it go?,True,1
2972,staple.,False,0
2973,"well, that's not a stapler, is it?",False,0
2974,what is that *NULL* you have in your hand?,True,2
2975,remember?,False,0
2976,that's right.,False,0
2977,a wrench.,False,0
2978,what kind of wrench is it?,True,1
2979,paper punch.,False,0
2980,"then you wouldn't have any more, Ursula.",False,0
2981,from the bag.,False,0
2982,"no no, don't pull it that way.",False,0
2983,I don't think there are any more pencils there.,False,0
2984,what can we take down?,True,1
2985,"oh no, if you take the telephone down we won't have a telephone.",True,1
2986,where's the key?,True,1
2987,Robin lost the key to the door?,False,0
2988,maybe one of my keys fits.,False,0
2989,if you're careful.,True,1
2990,can you find a key that fits the lock?,True,1
2991,yes.,False,0
2992,a house to a door?,False,0
2993,you mean a door to the house?,False,0
2994,somebody can walk in.,False,0
2995,"Adam, may I try it?",False,0
2996,my brother took this off one of my doors,False,0
2997,he said one of your brothers.,False,0
2998,he didn't think this key would work.,False,0
2999,the keyhole in your door is closed up.,False,0
3000,I don't think that's the way *NULL* you put it in.,True,1
3001,"I think you do it with screws and a screwdriver, Adam.",False,0
3002,right there is one.,False,0
3003,you had one in your pocket.,False,0
3004,careful.,False,0
3005,"ok, that's enough.",False,0
3006,careful.,False,0
3007,"Adam, you're just walking over her feet.",False,0
3008,careful.,False,0
3009,"no no no, Adam.",False,0
3010,you might break that off.,False,0
3011,"no, I don't think you should do that.",False,0
3012,let's see if I could find a board around here and you might,True,1
3013,put it on the board.,False,0
3014,if you sit down you can.,True,1
3015,careful.,False,0
3016,"yes, if you're careful.",True,1
3017,where's my key?,True,1
3018,are you going to put it on?,False,0
3019,what do you need this for?,True,1
3020,alright.,False,0
3021,you put it in.,False,0
3022,do it on the floor first.,False,0
3023,put your lock in on the floor.,False,0
3024,be careful and don't lose the screws.,False,0
3025,"ouch, Adam.",False,0
3026,you don't need that.,False,0
3027,I don't think you need that either.,False,0
3028,"ok, now you do it.",False,0
3029,can you screw it with a screwdriver?,False,0
3030,why not?,False,0
3031,I'll hold it while you screw it,False,0
3032,"no, you don't need this at all.",False,0
3033,what would you use it for?,True,1
3034,no.,False,0
3035,because we need that on the door.,False,0
3036,"it already has a lock in it, I think.",False,0
3037,can you screw this?,False,0
3038,that's part of the lock.,False,0
3039,"ok, we'll put that on",False,0
3040,"yes, that's to take it off.",False,0
3041,"no, you can put it in a little further.",False,0
3042,"no no, you don't need that.",False,0
3043,put your screw back in.,False,0
3044,where's your screwdriver?,True,1
3045,have you looked in there?,False,0
3046,look in there.,False,0
3047,what do you see?,True,1
3048,I see my Harvard shirt.,False,0
3049,that's not a Harvard shirt.,False,0
3050,"look that way, what do you see?",True,1
3051,look through the other end and see what you see.,True,1
3052,wood?,False,0
3053,wood on what?,False,0
3054,you see the wood of the hammer.,False,0
3055,wood or word?,False,0
3056,we'll see what happens when you put a key in the lock.,True,2
3057,yes.,False,0
3058,"whoops, you missed.",False,0
3059,where do you put the keys?,True,1
3060,is that the right key?,False,0
3061,I don't know.,False,0
3062,try that.,False,0
3063,"no no, don't push it in.",False,0
3064,is it turned?,False,0
3065,I'll hold it and you turn it and see what happens.,True,1
3066,"ok, Adam.",False,0
3067,come in.,False,0
3068,"hello, Adam, how're you today?",True,1
3069,"you didn't know I was home, did you?",False,0
3070,"where were you, Adam?",True,1
3071,from Pembroke?,False,0
3072,did you have a nice time in Pembroke?,False,0
3073,what did you do?,True,1
3074,you played?,False,0
3075,you played with the kitty?,False,0
3076,what was the kitty's name?,True,1
3077,what?,False,0
3078,Putty?,False,0
3079,that's a funny name for a kitty.,False,0
3080,what else did you do?,True,1
3081,with a rocket ship?,False,0
3082,"oh, what was the name of the rocket ship?",True,1
3083,a violin?,False,0
3084,that's a funny name for a rocket ship.,False,0
3085,where're you going?,True,1
3086,where is Ursula going?,True,1
3087,what?,False,0
3088,can you knock on the what?,False,0
3089,"Adam, you could draw some pictures now.",False,0
3090,you drew a picture once?,False,0
3091,you don't have a mailbox up here.,False,0
3092,to Robin?,False,0
3093,alright.,False,0
3094,that's very nice.,False,0
3095,Robin will read it?,False,0
3096,by himself?,False,0
3097,he's been to school for one day.,False,0
3098,why should he cry in school?,True,1
3099,why would he want to?,True,1
3100,because Shadow_Gay spanked him.,False,0
3101,some little paper off?,False,0
3102,"well, draw on this.",False,0
3103,you're going to do what?,False,0
3104,a kitty's name.,False,0
3105,"look in the other end, Adam.",False,0
3106,turn it over.,False,0
3107,turn them around.,False,0
3108,you cann't see the cowboy that way?,False,0
3109,careful.,False,0
3110,let's see if I see you.,True,1
3111,"yes, I see you.",False,0
3112,"well, write on the paper.",False,0
3113,"well, don't write on it.",False,0
3114,"yes, a funny man.",False,0
3115,"no, you cann't take it out.",False,0
3116,he doesn't have any arms.,False,0
3117,where do you think his arms are?,True,1
3118,now how do you get the head over in the back?,True,1
3119,the pen?,False,0
3120,try to write with it.,False,0
3121,is that a man?,False,0
3122,why don't you write something?,True,1
3123,with the pen.,False,0
3124,write your name.,False,0
3125,will read your name?,False,0
3126,what do you write with?,True,1
3127,bird?,False,0
3128,what's the bird doing?,True,1
3129,you have to put one up before you can put the other down.,False,0
3130,does this write?,False,0
3131,she showed you one time.,False,0
3132,whose name are you writing?,True,1
3133,Shadow_Gay.,False,0
3134,where has Shadow_Gay been?,True,1
3135,I haven't seen Shadow_Gay in a long time.,False,0
3136,he went to Boston University?,False,0
3137,"oh, and what did he do there?",True,1
3138,play?,False,0
3139,what did he play?,True,1
3140,he played with you?,False,0
3141,and your bunny.,False,0
3142,"oh, is that Shadow_Gay?",False,0
3143,with your bunny?,False,0
3144,what's your bunny's name?,True,1
3145,bunny?,False,0
3146,your name is Bunny?,False,0
3147,my name is funny.,False,0
3148,funny.,False,0
3149,bunny.,False,0
3150,what is his name?,True,1
3151,buddy?,False,0
3152,buddy?,False,0
3153,buddy?,False,0
3154,buttyc?,False,0
3155,buddy?,False,0
3156,what?,False,0
3157,fuddyduddy?,False,0
3158,funny bunny?,False,0
3159,Boodyc?,False,0
3160,what's a Boodyc?,True,1
3161,this is one of your tinker toys.,False,0
3162,would you like to do the puzzle that was in this morning's paper?,True,1
3163,ok.,False,0
3164,you have so many pencils.,False,0
3165,you lost your footie ballie.,False,0
3166,do you see the puzzle?,False,0
3167,"I 'm hiding, Adam.",False,0
3168,I wouldn't know.,False,0
3169,what did the puzzle say?,True,1
3170,right here.,False,0
3171,what?,False,0
3172,I don't see the puzzle.,False,0
3173,don't do that.,False,0
3174,you might hurt yourself.,False,0
3175,there isn't a puzzle this morning.,False,0
3176,I don't know.,False,0
3177,"Adam, do you want to put this on the key chain?",False,0
3178,let's see.,False,0
3179,"you come and look, Adam.",False,0
3180,Adam.,False,0
3181,come and look.,False,0
3182,you hold the key.,False,0
3183,this is where it has to go.,True,1
3184,alright.,False,0
3185,"well, don't play with it.",False,0
3186,how can you get it on?,True,1
3187,"no, I 'm asking you.",False,0
3188,"no no, Adam, you'll break it that way.",False,0
3189,"maybe you just have to push it on, Adam.",False,0
3190,you knocked my glasses off.,False,0
3191,did it?,False,0
3192,why did it frighten you?,True,1
3193,I heard a little click.,False,0
3194,click click click?,False,0
3195,what about the door?,False,0
3196,what's the governor's name?,True,1
3197,my pocket.,False,0
3198,I found a penny on the floor.,False,0
3199,we don't need it?,False,0
3200,what else do we need?,True,1
3201,"whoops, you missed it.",False,0
3202,alright.,False,0
3203,don't knock me.,False,0
3204,if a carpenter knocks what does a plumber do?,True,2
3205,who puts the door in?,True,1
3206,a carpenter?,False,0
3207,"alright, carpenter Adam.",False,0
3208,hmm?,False,0
3209,I 'm a nut?,False,0
3210,did he say mmhm?,False,0
3211,"he was a nice carpenter, wasn't he?",False,0
3212,you didn't get in his way?,False,0
3213,oh very good.,False,0
3214,what is that?,True,1
3215,binoculars.,False,0
3216,I 'm waiting for you to put the other door hinge on.,False,0
3217,you missed.,False,0
3218,"yes, three times you missed.",False,0
3219,ok.,False,0
3220,again?,False,0
3221,how many times?,False,0
3222,"what do you do when you go to school, Adam?",True,2
3223,what do you think Robin is doing in school?,True,1
3224,playing with your bunny.,False,0
3225,with your cowboy bunny?,False,0
3226,cowboy hat in school?,False,0
3227,some little screws in.,False,0
3228,in the binoculars.,False,0
3229,I don't really know that they're screws.,False,0
3230,however it's put together.,False,0
3231,I don't think you need to take it apart.,False,0
3232,"no, I think these must be David's.",False,0
3233,perhaps his Mother bought them for him.,False,0
3234,why not?,False,0
3235,"well, how can you throw them away and keep them too?",True,1
3236,this one doesn't look like all the others.,False,0
3237,yeah.,False,0
3238,ok.,False,0
3239,take it off.,False,0
3240,yes.,False,0
3241,"yes, but I don't see another one like that.",False,0
3242,shake all your keys inside and then just push down the snap.,False,0
3243,no.,False,0
3244,no.,False,0
3245,to the door.,False,0
3246,why we don't have a lock *NULL* to fit the key.,True,2
3247,because we couldn't find the key *NULL* to fit it.,True,1
3248,I guess we didn't buy the right one.,False,0
3249,"you know how this works, Adam?",True,1
3250,do you see anything happening?,False,0
3251,turn it the other way.,False,0
3252,ok.,False,0
3253,I'll get it started.,False,0
3254,when you what?,False,0
3255,"no no no, not over there.",False,0
3256,where's your rain hat?,True,1
3257,yes.,False,0
3258,where is it?,True,1
3259,maybe it's in the bag.,False,0
3260,it's what?,False,0
3261,"oh, it's a game.",False,0
3262,he just had a nap.,False,0
3263,"yes, that'll hurt him.",False,0
3264,that will too.,False,0
3265,he'll put it in his mouth.,False,0
3266,"yes, he puts everything in his mouth.",False,0
3267,it's just where he had his head down on the blanket and it left a,True,1
3268,"well, sometimes you do when you wake up from your nap.",True,1
3269,because you have your head in one place for such a long time.,False,0
3270,are your hands washed?,False,0
3271,don't.,False,0
3272,he's telling a story.,False,0
3273,"no no, careful, Adam.",False,0
3274,a frog.,False,0
3275,"careful, Adam.",False,0
3276,don't play with the record.,False,0
3277,I cann't see what it says.,True,1
3278,who's that?,True,1
3279,that's your bunny with the funny name.,False,0
3280,what's the bunny's name?,True,1
3281,buttyc?,False,0
3282,something *NULL* to drink.,True,1
3283,I don't have anything but some milk.,False,0
3284,would you like some milk?,False,0
3285,"well, why don't we pick some of the toys up first.",True,1
3286,"no, so you cann't spill it.",False,0
3287,your what?,False,0
3288,these go back in Ursula's bag.,False,0
3289,except for the key case.,False,0
3290,you could keep that.,False,0
3291,what?,False,0
3292,mmhm.,False,0
3293,"well, pick them up and put them in.",False,0
3294,did you pick all of them up?,False,0
3295,I found one that you missed.,True,1
3296,careful.,False,0
3297,because it was in there.,False,0
3298,no.,False,0
3299,see these on the end?,False,0
3300,they're there so you can open them.,False,0
3301,let's see if this is as tall as you are.,True,1
3302,no.,False,0
3303,careful.,False,0
3304,why not?,False,0
3305,because you broke it.,False,0
3306,that's right.,False,0
3307,"very good, Adam.",False,0
3308,"I 'm sorry I wrote on you, Adam.",False,0
3309,she what?,False,0
3310,so I cann't what?,False,0
3311,you missed.,False,0
3312,"why did you miss, Adam?",True,1
3313,Paul Smith.,False,0
3314,he dropped your crayons.,False,0
3315,didn't you spank him?,False,0
3316,"ok, that's enough spanking.",False,0
3317,the bag.,False,0
3318,you give it a name.,False,0
3319,what would you like its name to be?,True,1
3320,big what?,False,0
3321,you tore off a hole?,False,0
3322,he doesn't want a little piece.,False,0
3323,what is that?,True,1
3324,"no, don't kick that.",False,0
3325,it's not a ball.,False,0
3326,"Adam, you go out in the kitchen and look in the drawer",False,0
3327,that's very pretty.,False,0
3328,where did you find that?,True,1
3329,in a vase?,False,0
3330,in water?,False,0
3331,no?,False,0
3332,yes.,False,0
3333,"oh, to keep you company.",False,0
3334,"oh, I may?",False,0
3335,did you bring one up?,False,0
3336,I thought you wanted her to read you a story.,False,0
3337,I think that might be something of Daddy's.,False,0
3338,banana?,False,0
3339,that doesn't look like a banana.,False,0
3340,where is a story?,True,1
3341,"oh, you mean the Humpty_Dumpty.",False,0
3342,"no no, Adam.",False,0
3343,that hurts Paul.,False,0
3344,sounded like he said yeah.,False,0
3345,do you have a favorite story?,False,0
3346,they took a bus to the hardware store.,False,0
3347,did you take a bus?,False,0
3348,where?,False,0
3349,"oh, that's very nice.",False,0
3350,did you?,False,0
3351,a lamb had a broken leg at the children's zoo.,False,0
3352,I don't know why he broke his leg.,True,1
3353,is it better now?,False,0
3354,she also bought a,False,0
3355,and two,False,0
3356,a brush for,False,0
3357,and a toy,False,0
3358,a toy car.,False,0
3359,now for your,False,0
3360,they went into Mr Crosby's,False,0
3361,shoe store.,False,0
3362,Bobby sat down on a little,False,0
3363,he measured his,False,0
3364,with a funny looking,False,0
3365,measurer.,False,0
3366,wrapped the shoes in a,False,0
3367,my new,False,0
3368,do the bird.,False,0
3369,is that a game?,False,0
3370,"well, something like a game.",False,0
3371,it's something *NULL* to do.,True,1
3372,you can make the bird fly.,False,0
3373,he can flap his wings.,False,0
3374,yes.,False,0
3375,we can cut paper?,False,0
3376,with what?,False,0
3377,I don't think your scissors are up here.,False,0
3378,I don't know.,False,0
3379,"oh, you're making the bird fly.",False,0
3380,I may?,False,0
3381,can you do it now?,False,0
3382,yes?,False,0
3383,can he get to his crown?,False,0
3384,can he put it on now?,False,0
3385,he cann't find it.,False,0
3386,he doesn't know how to go that way.,True,1
3387,you have to put one back.,False,0
3388,now which one would you like?,True,1
3389,what?,False,0
3390,please.,False,0
3391,you have to push another one out.,False,0
3392,which color do you like?,True,1
3393,red or blue or green?,False,0
3394,push it all the way up.,False,0
3395,now you can reach it.,False,0
3396,now he can find it.,False,0
3397,what kind of bird is that?,True,1
3398,what kind of bird was that?,True,1
3399,"oh, a Mr Grant bird.",False,0
3400,that's a new kind of bird.,False,0
3401,a Mr Grant bird.,False,0
3402,I never heard of that bird before.,False,0
3403,what does this man do?,True,1
3404,"oh, I cann't tell you.",False,0
3405,what is he doing?,True,1
3406,"well, I cann't tell you what he's doing.",True,1
3407,what do you think he's doing?,True,1
3408,driving a what?,False,0
3409,I don't know.,False,0
3410,I thought it was a bus.,False,0
3411,"yes, you were wrong.",False,0
3412,what is this?,True,1
3413,"yes, it's a farmer, that's right.",False,0
3414,what does he raise?,True,1
3415,flowers and what else?,False,0
3416,nothing.,False,0
3417,doesn't he make food *NULL* for you to eat?,True,1
3418,he raises corn and wheat.,False,0
3419,wheat for making bread.,False,0
3420,look who makes the bread.,True,1
3421,who is he?,True,1
3422,who is he?,True,1
3423,what did he do?,True,1
3424,where is he putting that bread?,True,1
3425,what about this man?,False,0
3426,where is he going?,True,1
3427,he's going on an airplane.,False,0
3428,if he drives the airplane what is he called?,True,2
3429,what are you doing with all these birds down here?,True,1
3430,you're making a bird's nest or something.,False,0
3431,alright.,False,0
3432,"no no no, don't write on yourself.",False,0
3433,take what out?,False,0
3434,where would you put it?,True,1
3435,"no, I think you have to leave it where it is.",True,1
3436,you shut your garage down?,False,0
3437,what kind of a nest?,False,0
3438,don't write on yourself.,False,0
3439,write on the paper.,False,0
3440,"oh, I didn't mean for you to tear off her paper.",False,0
3441,I meant for you to write on the small pad.,False,0
3442,"no no, Adam, don't write on your clothes.",False,0
3443,don't write on you either.,False,0
3444,breast.,False,0
3445,no.,False,0
3446,"no, it's not.",False,0
3447,because you're a little boy and little boys don't feed babies.,False,0
3448,your what?,False,0
3449,"I don't think you write with pencil on that, Adam.",False,0
3450,you write with some crayons.,False,0
3451,a sewing goes like that.,False,0
3452,does it write?,False,0
3453,a what?,False,0
3454,a sewing machine?,False,0
3455,"oh, did you make something?",False,0
3456,a what?,False,0
3457,a Jesus knot?,False,0
3458,what kind of knot is that?,True,1
3459,thinking knot?,False,0
3460,do you see any letters down here that you know?,True,1
3461,can you make any of these letters?,False,0
3462,xl?,False,0
3463,watch.,False,0
3464,"oh, we're not ready?",False,0
3465,what that?,False,0
3466,Adam?,False,0
3467,stethoscope.,False,0
3468,what?,False,0
3469,sounded like.,False,0
3470,following thing.,False,0
3471,is that where it goes?,True,1
3472,"oh, that's right.",False,0
3473,"find it what, Adam?",False,0
3474,you look and see if you can find it.,True,1
3475,what kind do you think it is?,True,1
3476,what do you think he's pretending to be?,True,1
3477,that's the little country doctor box.,False,0
3478,that's right.,False,0
3479,why don't you find the dl that's on this line?,True,2
3480,do you know what this spells?,True,1
3481,is this Michael?,False,0
3482,who's Michael?,True,1
3483,a doctor box.,False,0
3484,listening to something.,False,0
3485,I don't know.,False,0
3486,I think they're marbles.,False,0
3487,you're talking to yourself?,False,0
3488,you have a lot of money.,False,0
3489,why don't you draw with the crayons?,True,1
3490,"yes, it is upsidedown.",False,0
3491,like a bad cowboy?,False,0
3492,is that right?,False,0
3493,let's see.,False,0
3494,is there an hl like at the beginning of Hercules?,False,0
3495,"you push the chair back, you don't need it?",False,0
3496,what chair?,False,0
3497,you were listening to in Mrs Major's kitchen?,False,0
3498,you were listening to Mrs Majors?,False,0
3499,he stayed at Mrs Major's one time and this is what he was,True,1
3500,is that right?,False,0
3501,"I don't think that's right, is it?",False,0
3502,that's not right.,False,0
3503,I 'm sorry to say but that's wrong.,False,0
3504,"ok, if you say so.",True,1
3505,I don't know.,False,0
3506,you were drooling on the board.,False,0
3507,what did they find?,True,1
3508,they found what?,False,0
3509,"how many are there, Adam?",True,1
3510,you count them.,False,0
3511,I'll send them out.,False,0
3512,one.,False,0
3513,two.,False,0
3514,don't throw so hard.,False,0
3515,let's play this game.,False,0
3516,I'll send them to you and you put them where they belong.,True,1
3517,I may have the basket where the marbles belong?,True,1
3518,disguises?,False,0
3519,"alright, thank you.",False,0
3520,mmhm.,False,0
3521,thank you.,False,0
3522,what?,False,0
3523,"no, I think marbles are round.",False,0
3524,no.,False,0
3525,"it looks a lot like one, doesn't it?",False,0
3526,I see it.,False,0
3527,"no, that's not right, is it?",False,0
3528,I moved the microphone.,False,0
3529,look on the top line.,False,0
3530,what?,False,0
3531,awoh.,False,0
3532,you missed.,False,0
3533,you missed again.,False,0
3534,"no no, don't do that on the floor.",False,0
3535,you might break them.,False,0
3536,"let's leave them in the marble box, the basket.",False,0
3537,alphabet basket.,False,0
3538,marble basket.,False,0
3539,alphabet basket.,False,0
3540,little country doctor box.,False,0
3541,no.,False,0
3542,by the handle.,False,0
3543,alphabet basket.,False,0
3544,hmm?,False,0
3545,I don't think you need to play with a ball.,False,0
3546,here's something else *NULL* to look at.,True,1
3547,I don't know what that is.,True,1
3548,it's a piece of wood.,False,0
3549,"I don't know for what, Adam.",False,0
3550,found what?,False,0
3551,did you find it or did Robin find it.,False,0
3552,you found it?,False,0
3553,in your zoo?,False,0
3554,what else did you find at the zoo?,True,1
3555,some wood?,False,0
3556,a big giant.,False,0
3557,I 'm breaking the stick that the motor of I made.,True,1
3558,that's what it sounded like.,True,1
3559,"oh, there's no crayon in there.",False,0
3560,where's the crayon?,True,1
3561,maybe you took it off.,False,0
3562,"oh, you're putting on the clothes?",False,0
3563,hmm?,False,0
3564,you got too much?,False,0
3565,alright.,False,0
3566,let's take turns.,False,0
3567,I'll put one on and then you put one on.,False,0
3568,it's your turn.,False,0
3569,hmm?,False,0
3570,don't take what off?,False,0
3571,the sl off?,False,0
3572,can you find,False,0
3573,"oh, I know.",False,0
3574,he's got a book and in the back there's a game.,False,0
3575,can you find the following things on this page.,False,0
3576,your turn.,False,0
3577,let's do it up here.,False,0
3578,ok?,False,0
3579,my turn.,False,0
3580,"no, let's do it up here first.",False,0
3581,"no, I want to find myself, goes.",False,0
3582,"well, that's alright but let's do it up here first.",False,0
3583,I want to go where I belong.,True,1
3584,"alright, where does he belong?",True,1
3585,"no, turn it over.",False,0
3586,I see it.,False,0
3587,if you cann't find it then you have to give it to me.,True,1
3588,it's my turn now.,False,0
3589,your turn now.,False,0
3590,the razor blade.,False,0
3591,he means the razor.,False,0
3592,I see where it goes.,True,1
3593,look on the second line.,False,0
3594,if you cann't find it on the first line then look on the second,True,1
3595,"no, my turn.",False,0
3596,is that right?,False,0
3597,what was wrong?,True,1
3598,my turn.,False,0
3599,my turn.,False,0
3600,you said I could have the ol.,False,0
3601,what is that?,True,1
3602,what are they saying to each other?,True,1
3603,next to the feet.,False,0
3604,that's right.,False,0
3605,"now, what about the other one?",False,0
3606,that's a gl.,False,0
3607,and the other one's a cl.,False,0
3608,where does the cl belong?,True,1
3609,is that right?,False,0
3610,something's wrong with it.,False,0
3611,"well, look at it again.",False,0
3612,now put it down.,False,0
3613,"well, it goes here except you had it the wrong way.",False,0
3614,that's the bl.,False,0
3615,you turn it around.,False,0
3616,that part of the nl goes there.,False,0
3617,"no, that's ll.",False,0
3618,that's right.,False,0
3619,it what?,False,0
3620,what's doing just like that?,True,1
3621,Adam sleeping on Daddy?,False,0
3622,is that Adam?,False,0
3623,her girl is talking to Adam?,False,0
3624,"that's part of her, Adam?",False,0
3625,"careful, honey.",False,0
3626,don't knock the tray over.,False,0
3627,"meowo, what?",False,0
3628,who says meowo.,True,1
3629,your off?,False,0
3630,it's called a birdie.,False,0
3631,you drop it.,False,0
3632,it's Kenner.,False,0
3633,it's a toy company.,False,0
3634,careful.,False,0
3635,that's not tennis.,False,0
3636,you go over there and play.,False,0
3637,careful.,False,0
3638,"careful, Adam, you'll break the box that way.",False,0
3639,doctor what?,False,0
3640,it's not broken.,False,0
3641,it had a handle.,False,0
3642,"when it gets hurt you put it over there and put it, bandage on it?",True,1
3643,you need to go to Mrs Monroe's beds?,False,0
3644,her beds are at her house.,False,0
3645,"careful, honey.",False,0
3646,go over there.,False,0
3647,Milly is a friend of ours and she spent the night.,False,0
3648,that's where the microphone goes.,True,1
3649,no.,False,0
3650,no.,False,0
3651,here's another microphone.,False,0
3652,you can put it in here if you want.,True,1
3653,you're going to do what?,False,0
3654,careful.,False,0
3655,"don't run, doctor, you might fall and hurt yourself.",False,0
3656,you're a boy?,False,0
3657,"don't run, little boy.",False,0
3658,you might fall and hurt yourself.,False,0
3659,you'd like one of those?,False,0
3660,"no, we took Paul to the doctor yesterday, didn't we?",False,0
3661,for his checkup.,False,0
3662,"no, he didn't do anything to you, did he?",False,0
3663,"oh, Adam, look on the back.",False,0
3664,did you look on the back?,False,0
3665,of the book.,False,0
3666,what do you see?,True,1
3667,call Robin doctor.,False,0
3668,call Dr Robin.,False,0
3669,here.,False,0
3670,you left these out.,False,0
3671,"oh, look, Adam.",False,0
3672,I see a cat.,False,0
3673,on the board.,False,0
3674,do you see a cat on the board?,False,0
3675,"no, wait.",False,0
3676,this goes down in there and then you close it.,False,0
3677,a box?,False,0
3678,careful.,False,0
3679,alphabet basket.,False,0
3680,fruit basket.,False,0
3681,it's a fruit basket.,False,0
3682,a green stamp basket.,False,0
3683,"yes, if she says so.",True,1
3684,I want some.,False,0
3685,green stamp basket.,False,0
3686,"oh, that's a stove.",False,0
3687,can you cook on it?,False,0
3688,here.,False,0
3689,perhaps it's a basketball instead of a football.,False,0
3690,that's his hair.,False,0
3691,that's his hair.,False,0
3692,sharp?,False,0
3693,I don't think it's sharp.,False,0
3694,a board or drawing board.,False,0
3695,what?,False,0
3696,I like it so I'd like to paint on it.,False,0
3697,what would you like to paint on the box?,True,1
3698,you can draw on the board.,False,0
3699,can you blow it up like a balloon?,False,0
3700,yes.,False,0
3701,right in the flowers.,False,0
3702,is he alright?,False,0
3703,"no no, don't play over there, dear.",False,0
3704,"oh, nothing.",False,0
3705,just a tiny part of the petal.,False,0
3706,"no no, Adam.",False,0
3707,"no no, Adam.",False,0
3708,"no, the flowers aren't going anyplace.",False,0
3709,they cann't carry you anyplace.,False,0
3710,"oh, you wouldn't want to hang him up, would you?",False,0
3711,why?,False,0
3712,Paul would like that.,False,0
3713,"no no, don't throw him like that.",False,0
3714,he likes to ride in the lake.,False,0
3715,why don't you let him sit in the chair.,True,1
3716,why don't you tell him a story.,True,1
3717,do you know a story *NULL* he might like?,True,1
3718,what?,False,0
3719,"well, tell him one.",False,0
3720,once upon a time.,False,0
3721,we cann't hear you with your fingers in your mouth.,False,0
3722,that was a nice story.,False,0
3723,it sounded like part of red riding hood and somebody else.,False,0
3724,huh?,False,0
3725,with the what?,False,0
3726,what is what?,True,1
3727,I don't know.,False,0
3728,what do you think is happening?,True,1
3729,"alright, you watch and tell us what's happening?",True,1
3730,isn't that what the doctor did to Paul yesterday?,True,1
3731,he's checking her to see whether she's alright or not.,True,1
3732,"do you want to watch, Adam?",False,0
3733,is that right?,False,0
3734,no?,False,0
3735,or did you say I want a watch?,False,0
3736,it works?,False,0
3737,"yes, it should go in there.",False,0
3738,very gently.,False,0
3739,because he's small.,False,0
3740,"well yes, only he doesn't like to play very noisy games.",False,0
3741,he has feathers.,False,0
3742,if he falls like that he'll lose some of his feathers.,True,1
3743,"yes, he will.",False,0
3744,"that's a good idea, Adam.",False,0
3745,open what?,False,0
3746,are you having fun?,False,0
3747,"no, it's not broken.",False,0
3748,"oh yes, that doesn't go under there.",False,0
3749,"well, you don't want it to get a flat tire, do you?",False,0
3750,"no, Adam, don't put anything else under there.",False,0
3751,you let the marbles drive.,False,0
3752,"careful, Adam.",False,0
3753,"you may break the crayons, dear.",False,0
3754,be gentle.,False,0
3755,why're you taking them out?,True,1
3756,Adam was going to bed and he saw it.,False,0
3757,"careful, don't put those letters under there, honey.",False,0
3758,I don't know how you'll get them out.,True,1
3759,watching them push that thing over?,False,0
3760,what is that thing *NULL* they're pushing over?,True,2
3761,"oh, the top to the car.",False,0
3762,"oh, what do you do in your office?",True,1
3763,what kind of work?,False,0
3764,some pretty work?,False,0
3765,you do bad work?,False,0
3766,when I touch Paul?,True,1
3767,you're going to spank me to pieces?,False,0
3768,oh.,False,0
3769,more what in?,False,0
3770,where're they going?,True,1
3771,"no, you don't need water in that.",False,0
3772,"oh no, that's for a doll.",False,0
3773,hmm?,False,0
3774,isn't there a hole in it?,False,0
3775,"well, that's the cover *NULL* to keep the germs out of the nipple.",True,1
3776,mmhm.,False,0
3777,that's the nipple and other is the cover.,False,0
3778,"no no, Adam.",False,0
3779,no no no.,False,0
3780,because that's for a doll.,False,0
3781,"no no, honey, he's not a doll, he's a baby.",False,0
3782,it what?,False,0
3783,a cooking set.,False,0
3784,"you said you have a stove, Adam.",False,0
3785,you're going to give the baby the bottle?,False,0
3786,it's a pan.,False,0
3787,for cooking things.,False,0
3788,that's the pan for cooking.,False,0
3789,a frying pan.,False,0
3790,yes.,False,0
3791,what do you think that's for?,True,1
3792,I don't have any sugar.,False,0
3793,where's a train track?,True,1
3794,that's a pad for washing pans.,False,0
3795,"no, just pretend.",False,0
3796,yes.,False,0
3797,"no, but you haven't cooked anything yet.",False,0
3798,"yes, but you haven't cooked anything.",False,0
3799,"no no no, you cook out here.",False,0
3800,yes.,False,0
3801,why don't you and make a stove.,False,0
3802,make this your stove.,False,0
3803,"well, honey, make this your kitchen.",False,0
3804,this will be your kitchen.,False,0
3805,they're going to burn the house?,False,0
3806,the firemen come to put the fire out so the house won't burn.,False,0
3807,it wouldn't be safe to leave it standing like that.,False,0
3808,so that it willn't fall on anybody.,False,0
3809,"yes, because somebody could get burned.",False,0
3810,alright.,False,0
3811,ok.,False,0
3812,did you tell Ursula what you did the other day when you were,True,1
3813,he put the plate down and then took all the silverware and put it,False,0
3814,he was supposed to be setting the table.,False,0
3815,"oh, cake, I like that.",False,0
3816,birthday cake?,False,0
3817,what kind of cake?,False,0
3818,what is a buddy cake?,True,1
3819,in the oven?,False,0
3820,"oh, you're getting water?",False,0
3821,the ducks?,False,0
3822,he's playing out what happens at suppertime.,True,1
3823,what shall I do?,True,1
3824,"will I get what out, Adam?",False,0
3825,we'd better go see what?,False,0
3826,"oh, the duck is going to cook the food with his mouth?",False,0
3827,you'll give the duck your hands and then you'll be a duck?,False,0
3828,you will be a duck with a hand.,False,0
3829,"oh, you're going to get married?",False,0
3830,"oh, with the duck.",False,0
3831,you're boiling water?,False,0
3832,yes.,False,0
3833,I guess I needed it to sew something.,False,0
3834,what?,False,0
3835,in case *NULL* something tears.,True,1
3836,I don't know what might tear.,True,1
3837,"oh, he's going to eat outside?",False,0
3838,why?,False,0
3839,"oh, are we having a picnic?",False,0
3840,"no no no, Adam.",False,0
3841,he didn't mean to.,False,0
3842,that's alright.,False,0
3843,Adam doesn't understand that you don't know what you're doing.,True,1
3844,"what kind of fish are you having, Adam?",True,1
3845,it looks like a bottle opener.,False,0
3846,"yes, thank you.",False,0
3847,I'd like some Seven_up.,False,0
3848,"no no, don't play with that.",False,0
3849,Seven_up?,False,0
3850,you're going to drink some Seven_up.,False,0
3851,a picnic?,False,0
3852,so that it willn't burn while I 'm cooking it.,False,0
3853,where?,False,0
3854,"yes, thank you.",False,0
3855,I would.,False,0
3856,some what?,False,0
3857,spoons?,False,0
3858,alright.,False,0
3859,that's all?,False,0
3860,alright.,False,0
3861,"oh, very good.",False,0
3862,a duck drinks from a pan?,False,0
3863,alright.,False,0
3864,"oh, thank you.",False,0
3865,"oh, thank you.",False,0
3866,you're very kind.,False,0
3867,where's Ursula going to eat?,True,1
3868,on the tray?,False,0
3869,"oh, she's going to eat up there where she's sitting.",True,1
3870,there's a tray.,False,0
3871,why don't you use that tray?,True,1
3872,no no no.,False,0
3873,no more trays.,False,0
3874,the duck can share a tray with me.,False,0
3875,"well, you go sit in the chair with her, beside the chair.",False,0
3876,you could use this tray and I could use my lap.,False,0
3877,what are you serving?,True,1
3878,"here, Paul, here's a pretend for you.",False,0
3879,"oh, he was just visiting Paul while you were busy doing something",False,0
3880,you were cooking Paul said.,False,0
3881,thank you.,False,0
3882,"a pencil, I think.",False,0
3883,"no, I 'm not spilling it.",False,0
3884,it has the cap on it to cover it.,False,0
3885,thank you.,False,0
3886,alright.,False,0
3887,what?,False,0
3888,what game is that?,True,1
3889,what game is it?,True,1
3890,what is it?,True,1
3891,another what?,False,0
3892,yes.,False,0
3893,let's find someplace *NULL* to put the shells.,True,1
3894,"oh, that's for the duck.",False,0
3895,no.,False,0
3896,no.,False,0
3897,the car wouldn't work.,False,0
3898,the bell behind you.,False,0
3899,why don't you pick the things up and put them back in the bag?,True,1
3900,a dinner bell.,False,0
3901,yes.,False,0
3902,peas in the oven?,False,0
3903,oven.,False,0
3904,he's teaching us how to talk.,True,1
3905,"how do you say it, Adam?",True,1
3906,oven?,False,0
3907,pan?,False,0
3908,pan in the oven?,False,0
3909,"do you like some, Adam?",False,0
3910,the other part isn't here.,False,0
3911,she doesn't have the other part.,False,0
3912,the pad that you press that into.,True,1
3913,what did you find?,True,1
3914,can she sit on the couch?,False,0
3915,what happened to the children?,True,1
3916,oh.,False,0
3917,what do you see?,True,1
3918,al?,False,0
3919,that does look like an al.,False,0
3920,I don't think there's anything in there.,False,0
3921,why don't you see if you can get them out?,True,2
3922,"well, my hands are even bigger, so how will we get them out?",True,1
3923,alright.,False,0
3924,"oh, it's not ready?",False,0
3925,"oh, it's on the stove?",False,0
3926,I 'm sorry.,False,0
3927,I thought it was ready.,False,0
3928,may I see it?,False,0
3929,it's a bunny rabbit.,False,0
3930,an eraser.,False,0
3931,to erase on the typewriter.,False,0
3932,no no.,False,0
3933,I was speaking to Adam.,False,0
3934,not yet.,False,0
3935,because some things are surprises.,False,0
3936,let me get started.,False,0
3937,what?,False,0
3938,not what?,False,0
3939,not a cup?,False,0
3940,what do you mean not a cup?,True,1
3941,a naughty cup?,False,0
3942,"oh, Adam, what are you saying?",True,1
3943,would you like a piece?,False,0
3944,alright.,False,0
3945,you can have a pen.,False,0
3946,which one do you want?,True,1
3947,do you want to write on this?,False,0
3948,I mean put the paper on this.,False,0
3949,that's it.,False,0
3950,what're you going to write?,True,1
3951,"oh, have you been to see your doctor?",False,0
3952,what did he say?,True,1
3953,he examined you?,False,0
3954,with what?,False,0
3955,he must have had something in his bag.,False,0
3956,what color is it?,True,1
3957,it's a band.,False,0
3958,a band.,False,0
3959,to hold it together.,False,0
3960,yes.,False,0
3961,yes.,False,0
3962,mmhm.,False,0
3963,yes.,False,0
3964,so it willn't come apart.,False,0
3965,why?,False,0
3966,sometimes he does.,False,0
3967,if he takes them apart I take them from him.,True,1
3968,he tries.,False,0
3969,mmhm.,False,0
3970,"no, he couldn't take it apart.",False,0
3971,"yes, it's quite hard.",False,0
3972,"no, he didn't break it.",False,0
3973,do you like to?,False,0
3974,sometimes I do.,False,0
3975,it's so small.,False,0
3976,"David likes to fix things, do you?",False,0
3977,oh,False,0
3978,he likes to fix things that break.,True,1
3979,yes.,False,0
3980,did it make a noise?,False,0
3981,"well, how did you know it was no good?",True,1
3982,oh no.,False,0
3983,it disappeared.,False,0
3984,can it write?,False,0
3985,why not?,False,0
3986,alright.,False,0
3987,what shall I use?,True,1
3988,what color do you want?,True,1
3989,what color is this?,True,1
3990,"no, it's not blue.",False,0
3991,here it is.,False,0
3992,try it.,False,0
3993,it does.,False,0
3994,first you have to put this one up and then you can put another one,False,0
3995,what?,False,0
3996,did it click?,False,0
3997,what color is that?,True,1
3998,what happened?,True,1
3999,which one do you want?,True,1
4000,"which one, this color?",False,0
4001,"you did a lot of writing, didn't you?",False,0
4002,can you draw a moon?,False,0
4003,a grapefruit?,False,0
4004,what are you making?,True,1
4005,do you want some more paper?,False,0
4006,how would you like to have a piece of red paper?,True,1
4007,shall I fold it in half?,False,0
4008,what're you making?,True,1
4009,oh.,False,0
4010,that was very nice.,False,0
4011,what dropped in the water?,True,1
4012,"careful, Adam.",False,0
4013,it's like suspenders.,False,0
4014,"oh, you're dressed up?",False,0
4015,where're you going?,True,1
4016,all dressed up to go nowhere?,False,0
4017,"oh, look, how many do you have now?",True,1
4018,you look like a cowboy?,False,0
4019,you're a cowboy.,False,0
4020,"ok, cowboy Adam.",False,0
4021,"well, doesn't your thumb go there?",False,0
4022,what's that?,True,1
4023,a what?,False,0
4024,"a snowman, yes.",False,0
4025,"no, they must be David's.",False,0
4026,those are David's?,False,0
4027,"well, put them back in the bag.",False,0
4028,"well, don't put it on the floor.",False,0
4029,I should think perhaps it is.,False,0
4030,is this a plate?,False,0
4031,alright.,False,0
4032,oh.,False,0
4033,let her sit up there if she wants to.,True,1
4034,because she has to write.,False,0
4035,alright.,False,0
4036,thank you.,False,0
4037,this is his bottle on the stove.,False,0
4038,alright.,False,0
4039,what am I going to have for breakfast?,True,1
4040,what?,False,0
4041,what are we having for breakfast?,True,1
4042,what're we having?,True,1
4043,"supper, oh?",False,0
4044,what're we having for supper?,True,1
4045,meat and gravy.,False,0
4046,and what else?,False,0
4047,and money!,False,0
4048,money gravy!,False,0
4049,I'd like some money gravy.,False,0
4050,some what on Adam?,False,0
4051,it's a beard.,False,0
4052,"you have some here, Adam.",False,0
4053,will you show it to your Mother?,False,0
4054,what is it?,True,1
4055,it's about a boat?,False,0
4056,you're making a machine?,False,0
4057,I see.,False,0
4058,you broke the boat.,False,0
4059,who are the people on the boat?,True,1
4060,the what?,False,0
4061,to the writing.,False,0
4062,here's a funny little spoon for your dinner.,False,0
4063,"no, they're too sharp, Adam.",False,0
4064,"no, they're too sharp.",False,0
4065,what else?,False,0
4066,do you have a knife and a fork and a spoon?,False,0
4067,"careful, Adam.",False,0
4068,don't stop on her feet.,False,0
4069,is it sharp?,False,0
4070,yes.,False,0
4071,no no no.,False,0
4072,don't put a hole in Bobof.,False,0
4073,and how will you fix it?,True,1
4074,no.,False,0
4075,"didn't you have it down here, Adam?",False,0
4076,"no no no, don't put it near me.",False,0
4077,which one is getting full?,True,1
4078,"no no no, don't put it near me.",False,0
4079,which one is getting full?,True,1
4080,what's happening to the other one?,True,1
4081,"oh, it's going to have just a little left?",False,0
4082,"no no no please, don't do that.",False,0
4083,huh?,False,0
4084,what's happening now?,True,1
4085,you what?,False,0
4086,"oh, you're showing pictures?",False,0
4087,what is that movie about?,True,1
4088,about what?,False,0
4089,a duck?,False,0
4090,"don't touch anything, just look.",False,0
4091,I hear someone taking it from it.,False,0
4092,what does it sound like?,True,1
4093,she has to push it down so it will record.,False,0
4094,what you're saying.,True,1
4095,"yes, what are you saying?",True,1
4096,two street lights?,False,0
4097,like that?,False,0
4098,what're you doing now?,True,1
4099,making a hole?,False,0
4100,did you ask Ursula?,False,0
4101,"no, if you could blow it up.",True,1
4102,it's very hard.,False,0
4103,I don't know if I can.,True,1
4104,ok.,False,0
4105,"oh careful, honey.",False,0
4106,"yes, your nose bleeds a lot.",False,0
4107,"watch out, the spider?",False,0
4108,where is the spider?,True,1
4109,in your nose?,False,0
4110,oh my goodness.,False,0
4111,how did he get up there?,True,1
4112,yes.,False,0
4113,what is that *NULL* you're using?,True,1
4114,a knife?,False,0
4115,what are you making with the knife?,True,1
4116,a spoon?,False,0
4117,alright.,False,0
4118,where did you put it?,True,1
4119,and what will you do with the paper?,True,1
4120,swallow it?,False,0
4121,"oh no, I think he'll put it in his mouth.",False,0
4122,mmhm.,False,0
4123,because I wanted to know.,False,0
4124,I can make you another spoon.,False,0
4125,what?,False,0
4126,he will?,False,0
4127,"no, he doesn't play with the scissors.",False,0
4128,those are tweezers.,False,0
4129,for picking up things.,False,0
4130,you want a knife?,False,0
4131,careful now.,False,0
4132,"it frightened you, didn't it?",False,0
4133,here's a butter knife.,False,0
4134,"yes, that's yours.",False,0
4135,he doesn't want you to play with it because it's his and he,False,0
4136,yes.,False,0
4137,what did I do to him?,True,1
4138,"no, you took it away.",False,0
4139,I don't think that was a worm.,False,0
4140,I think that was a snake maybe.,False,0
4141,I put it away.,False,0
4142,in my purse.,False,0
4143,in this purse.,False,0
4144,no.,False,0
4145,it's just a toy snake.,False,0
4146,it's just a toy snake.,False,0
4147,play with it.,False,0
4148,"no, you play games with it.",False,0
4149,must be a bug?,False,0
4150,I just want to see what else is in there.,True,1
4151,"no, Adam.",False,0
4152,there are no batteries in it.,False,0
4153,maybe David did.,False,0
4154,after you open it.,False,0
4155,no.,False,0
4156,I see a what?,False,0
4157,a nut?,False,0
4158,you can?,False,0
4159,turn them this way.,False,0
4160,but they're backwards.,False,0
4161,turn them around.,False,0
4162,cann't you see better?,False,0
4163,yes.,False,0
4164,yes.,False,0
4165,of what?,False,0
4166,walking down what?,False,0
4167,what?,False,0
4168,"is it, was a snake?",False,0
4169,was it a snake?,False,0
4170,yes.,False,0
4171,it was a snake.,False,0
4172,it's a shell.,False,0
4173,it sounds like the ocean.,False,0
4174,it's a sea shell.,False,0
4175,"no, it's a real shell.",False,0
4176,if you listen very carefully you can hear something that sounds like,True,2
4177,hear the waves?,False,0
4178,no.,False,0
4179,some little sea creature was in there once.,False,0
4180,you let Bobof hear it.,False,0
4181,you have to put it up very close to your ear.,False,0
4182,that sounds like the stove?,False,0
4183,what part of the stove sounds like that?,True,1
4184,yes.,False,0
4185,from the ocean.,False,0
4186,hmm?,False,0
4187,"no, it's all gone, all put away.",False,0
4188,I put it away.,False,0
4189,in my purse.,False,0
4190,"it's just a toy, it cann't crawl.",False,0
4191,careful now.,False,0
4192,"no no no, don't break it, Adam.",False,0
4193,"oh, you're going to get married?",False,0
4194,oh.,False,0
4195,what happens when you get married?,True,2
4196,where's the zipper?,True,1
4197,here it is.,False,0
4198,"let's close the door, alright?",False,0
4199,that's right.,False,0
4200,what?,False,0
4201,you're a kitten?,False,0
4202,now you can make dinner.,False,0
4203,some more things for supper.,False,0
4204,"oh, Adam isn't that nice?",False,0
4205,he wants a bottle?,False,0
4206,who's the baby?,True,1
4207,what do you think that is?,True,1
4208,have what?,False,0
4209,"yes, I have one.",False,0
4210,what do I use it for?,True,1
4211,are you feeding the baby?,False,0
4212,"yes, I am feeding the baby.",False,0
4213,he's a hungry baby this morning.,False,0
4214,may I have another bottle?,False,0
4215,you have one more?,False,0
4216,he's finished.,False,0
4217,up for Bozo for breakfast?,False,0
4218,"oh yes, I 'm sure it can break.",False,0
4219,"oh yes, they will all break if you aren't careful.",True,1
4220,who?,False,0
4221,Robin?,False,0
4222,what did he break?,True,1
4223,when is breakfast time?,True,1
4224,alright.,False,0
4225,it's nighttime?,False,0
4226,what do we eat at nighttime?,True,1
4227,beans.,False,0
4228,who drank that milk all up?,True,1
4229,didn't Bobof have that bottle?,False,0
4230,no?,False,0
4231,"oh, he had one of these bottles?",False,0
4232,I will have a what?,False,0
4233,"no, I didn't.",False,0
4234,what're you going to do with those?,True,1
4235,I 'm not sure you can put them back.,False,0
4236,what are you going to make?,True,1
4237,"well, I don't know.",False,0
4238,what would you like to have?,True,1
4239,cookies and grapefruit.,False,0
4240,"yes, we have one of those.",False,0
4241,"yes, we have one of those.",False,0
4242,yes.,False,0
4243,just like what?,False,0
4244,one more what?,False,0
4245,"why do you want one more, Adam?",True,1
4246,or marbles?,False,0
4247,let's have marbles.,False,0
4248,this is your mixing bowl.,False,0
4249,"yes, I think we do.",False,0
4250,yes.,False,0
4251,no.,False,0
4252,no.,False,0
4253,what is this?,True,1
4254,"no, I don't have any cookie cutters at all.",False,0
4255,are you going to make a valentine cookie?,False,0
4256,"Adam, how do you make the cookie dough?",True,1
4257,you're making what?,False,0
4258,bread?,False,0
4259,"yes, I guess.",False,0
4260,"no, she has nothing else.",False,0
4261,finished?,False,0
4262,alright.,False,0
4263,"yes, you may put that in there.",False,0
4264,"well, there're some more behind you.",False,0
4265,here's another one.,False,0
4266,shall I get the crayons?,False,0
4267,whoops.,False,0
4268,maybe we can attach it to two chairs.,False,0
4269,shall I tie it from here to here.,False,0
4270,alright.,False,0
4271,yes.,False,0
4272,"oh, you have some pins.",False,0
4273,"shall I make it straight, Adam?",False,0
4274,mmhm.,False,0
4275,what?,False,0
4276,I'll bring some handkerchiefs.,False,0
4277,let's hang some Kleenex up.,False,0
4278,"oh, you're smiling back?",False,0
4279,"yes, you may use all *NULL* you can.",True,1
4280,"why, I don't think you'd need to use all of it.",False,0
4281,that's a nice white wash.,False,0
4282,while your clothes dry?,False,0
4283,this is the dining room?,False,0
4284,"oh, right here.",False,0
4285,"oh, that's the kitchen.",False,0
4286,you have two kitchens.,False,0
4287,why do you have two?,True,1
4288,nothing.,False,0
4289,I just put some out here.,False,0
4290,why is Bozo going to eat with the chickens?,True,1
4291,"oh, he may spill the food.",False,0
4292,"oh, I didn't know you had any chickens.",False,0
4293,playing?,False,0
4294,playing?,False,0
4295,you'll play cowboys and Indians after supper?,False,0
4296,why are the Indians bad?,True,1
4297,"well, why are the Indians bad?",True,1
4298,but that's the living room.,False,0
4299,you said that was the living room and this is the kitchen and this,False,0
4300,alright.,False,0
4301,it's a nice kitchen.,False,0
4302,I may look at them in the kitchen.,False,0
4303,the bowl?,False,0
4304,the bowl for what?,False,0
4305,a beater.,False,0
4306,you call it an egg beater.,False,0
4307,what are we having for supper?,True,1
4308,clotheslines.,False,0
4309,just a minute.,False,0
4310,you're going to have some water tea?,False,0
4311,"oh, thank you.",False,0
4312,that's Ursula's.,False,0
4313,you said this was mine.,False,0
4314,that's very good tea.,False,0
4315,"oh no, I haven't finished that yet.",False,0
4316,I had so much.,False,0
4317,mine is so much larger than yours.,False,0
4318,careful.,False,0
4319,why is the kitchen right here?,True,1
4320,no no no.,False,0
4321,why is the kitchen right here?,True,1
4322,no no no.,False,0
4323,don't put that so far.,False,0
4324,you'll be on the cord.,False,0
4325,"oh, Bozo's bottle.",False,0
4326,thank you.,False,0
4327,it's not ready?,False,0
4328,under your rolling pin.,False,0
4329,I think this is a cake knife.,False,0
4330,this isn't a knife.,False,0
4331,it's a fork.,False,0
4332,I don't know.,False,0
4333,it's such a small kitchen.,False,0
4334,careful of the cord.,False,0
4335,"no, you didn't.",False,0
4336,almost.,False,0
4337,is the tea ready?,False,0
4338,alright.,False,0
4339,"thank you, Adam.",False,0
4340,I'll let it cool.,False,0
4341,what do you do with a water hydrant?,True,1
4342,"oh, you don't have a small kitchen, you have a big kitchen.",False,0
4343,"no, I don't think so.",False,0
4344,so what?,False,0
4345,under the sofa.,False,0
4346,why does your water come from the hydrant there?,True,1
4347,what did you put in the trash can?,True,1
4348,my goodness.,False,0
4349,what kind of cup was that that you could put it in the trash can?,True,1
4350,that's Daddy?,False,0
4351,oh?,False,0
4352,"what kind of cake do you have, Adam?",True,1
4353,buddy cakes?,False,0
4354,what kind of cakes are those?,True,1
4355,and what?,False,0
4356,and smelly?,False,0
4357,what?,False,0
4358,here are two.,False,0
4359,I see another one.,False,0
4360,don't you see it?,False,0
4361,over near your roller.,False,0
4362,I'd like to know what kind of cake you're going to make here.,True,1
4363,a dog cake.,False,0
4364,I've never had any dog cake.,False,0
4365,dog cake and picnic cake?,False,0
4366,a dog cake must be a cake for a dog.,False,0
4367,is that right?,False,0
4368,Bozo is getting some supper for his meal for the chickens?,False,0
4369,oh?,False,0
4370,oh?,False,0
4371,you're going out to the farm to get some eggs?,False,0
4372,he did what?,False,0
4373,he threw the egg at you and washed it?,False,0
4374,"oh, and the chicken caught it.",False,0
4375,and gave it to Bobof to eat.,False,0
4376,"well, she's in the kitchen.",False,0
4377,am I in your other kitchen?,False,0
4378,alright.,False,0
4379,"oh, you want me to move?",False,0
4380,"I don't think it's broken, I think it just came out.",False,0
4381,what?,False,0
4382,"no, it didn't break, did it?",False,0
4383,those two are just alike.,False,0
4384,"well, how will the light keep Paul from waking up?",True,1
4385,"from waking up, yes.",False,0
4386,that's from Pinocchio.,False,0
4387,ok.,False,0
4388,how long will it grow?,True,1
4389,sixty dollars?,False,0
4390,"oh, you told the carpenter you had a big burp?",False,0
4391,"yes, it is.",False,0
4392,what did the carpenter say?,True,1
4393,you didn't understand what he said?,True,1
4394,what did he say?,True,1
4395,and what did he say?,True,1
4396,you were talking to the door that?,False,0
4397,you were telling the door that?,False,0
4398,what else?,False,0
4399,awoh.,False,0
4400,you had an accident.,False,0
4401,"yes, you did.",False,0
4402,I think you broke it.,False,0
4403,"well no, that's not yours, that Ursula's.",False,0
4404,so what will you have to do?,True,1
4405,you can throw it away if you want to.,True,1
4406,I guess it's because you weren't playing with it gently enough.,False,0
4407,mmhm?,False,0
4408,be careful.,False,0
4409,I may?,False,0
4410,which way it were?,False,0
4411,"yes, that's right.",False,0
4412,you did?,False,0
4413,yes.,False,0
4414,I think he's all finished by now.,False,0
4415,I don't know.,False,0
4416,perhaps he's finished too.,False,0
4417,did he take his pencil sharpener?,False,0
4418,whose pencil sharpener was that?,True,1
4419,no.,False,0
4420,"I think perhaps he was going to put it up down there, wasn't he?",False,0
4421,you did?,False,0
4422,did you pick the screws up?,False,0
4423,what does that roll like?,True,1
4424,"no, you have to turn it.",False,0
4425,does it what?,False,0
4426,not without breaking.,False,0
4427,"yes, you had an accident.",False,0
4428,they're all clean?,False,0
4429,"Adam, did you open this package?",False,0
4430,"you opened it by yourself, didn't you?",False,0
4431,alright.,False,0
4432,would you like a pen?,False,0
4433,a red one.,False,0
4434,yes.,False,0
4435,"no, it's a red one.",False,0
4436,"yes, I did.",False,0
4437,I ate my supper all up.,False,0
4438,oh yes.,False,0
4439,what does that look like?,True,1
4440,careful.,False,0
4441,"I don't think it's lunch time, is it?",False,0
4442,what makes you think it's lunch time?,True,1
4443,why do you think it's lunch time?,True,1
4444,why do you think it's lunch time?,True,1
4445,how do you know?,True,1
4446,how do you know that it's lunch time?,True,1
4447,what statue told you?,True,1
4448,I know when it's dinner time because I can tell time but how do,True,1
4449,"no, you cannot.",False,0
4450,no.,False,0
4451,I don't believe it.,False,0
4452,there's nothing in this hand?,False,0
4453,nothing in that hand either.,False,0
4454,"oh, you better put that back in there.",False,0
4455,you go put that right back.,False,0
4456,"magician, yes.",False,0
4457,"no, he doesn't have one, does he?",False,0
4458,be very careful.,False,0
4459,your Daddy is going to get after you.,False,0
4460,for taking this out.,False,0
4461,"from the baseball player, yes.",False,0
4462,how can he play?,True,1
4463,how can he play without a bat?,True,1
4464,no no.,False,0
4465,"be careful, Adam.",False,0
4466,it what?,False,0
4467,what are you?,True,1
4468,what kind of monster?,False,0
4469,a sea green monster.,False,0
4470,I 'm a monster now.,False,0
4471,what kind of monster are you?,True,1
4472,a what?,False,0
4473,a mompsyc?,False,0
4474,what's a mompsyc?,True,1
4475,"no, I don't have any more.",False,0
4476,who did use them all?,True,1
4477,oh.,False,0
4478,a boy what?,False,0
4479,the light's green.,False,0
4480,let's go now.,False,0
4481,stop.,False,0
4482,that's part of my body?,False,0
4483,"oh, what part is that?",True,1
4484,"just a minute, I need a pen from my purse.",False,0
4485,"I like to use a pen, don't you?",False,0
4486,I have some things.,False,0
4487,did you watch Captain Bob?,False,0
4488,does he give you lessons?,False,0
4489,what's a chicken?,True,1
4490,he did!,False,0
4491,alright.,False,0
4492,how do you know she has any toys?,True,1
4493,how do you know she has any toys?,True,1
4494,it does.,False,0
4495,because there was something on there.,False,0
4496,there is one on.,False,0
4497,alright.,False,0
4498,I don't know.,False,0
4499,what do you think it might have in it?,True,1
4500,"yes, oil and perhaps gas.",False,0
4501,I suppose you can.,False,0
4502,"well, here it is, a picture of it.",False,0
4503,"yes, just like it.",False,0
4504,perhaps if you put them as they were then they would all fit in.,True,1
4505,is it an old truck?,False,0
4506,"no, I don't think it's an old truck.",False,0
4507,"no, I think that's the way *NULL* they made it in the factory.",True,1
4508,I don't know.,False,0
4509,I suppose you can have in there whatever you'd like to have.,True,1
4510,what would you like to have in there?,True,1
4511,because it's a little truck.,False,0
4512,that one cann't be a bigger truck but there are bigger trucks.,False,0
4513,why're you finished playing with it?,True,1
4514,you're going to do what?,False,0
4515,you're going to put it in with the lumber?,False,0
4516,he's going to get prepared?,False,0
4517,prepared to do what?,False,0
4518,"oh, are you the man?",False,0
4519,"oh, who's the man?",True,1
4520,are you finished?,False,0
4521,"well, you just started playing with it.",False,0
4522,I don't know.,False,0
4523,are you finished?,False,0
4524,I don't got nose bleed.,False,0
4525,you lost what?,False,0
4526,why don't you leave it on the floor?,True,1
4527,better prepared.,False,0
4528,it's a what?,False,0
4529,hmm?,False,0
4530,what is that?,True,1
4531,anything carrying what?,False,0
4532,he got some space.,False,0
4533,some space for what?,False,0
4534,you used to have little trains and you used to have one of those,False,0
4535,there's one of the cars over there.,False,0
4536,yes.,False,0
4537,I really don't know that.,False,0
4538,I think they must unscrew something and attach the hoses to the fire,False,0
4539,we'll have to see some day.,False,0
4540,"oh no, we cann't turn it on.",False,0
4541,the firemen only can do that.,False,0
4542,no.,False,0
4543,because you're a little boy and I 'm a lady.,False,0
4544,we aren't men.,False,0
4545,"we can pretend, yes.",False,0
4546,"yes, we can pretend.",False,0
4547,that's not a train.,False,0
4548,that's a car carrier.,False,0
4549,it carries cars from one place to another.,False,0
4550,especially new cars.,False,0
4551,it gets new cars from the factory and takes them to the place where,False,0
4552,mmhm.,False,0
4553,and Ramblers.,False,0
4554,do you know any other kind of car?,False,0
4555,other than a Rambler?,False,0
4556,what kind do you know?,True,1
4557,that's all?,False,0
4558,the people at the factory who made the car painted it.,True,1
4559,where are you supposed to park them?,True,1
4560,you didn't put the gas tanks back on that truck.,False,0
4561,"oh, do you have a garage?",False,0
4562,"well, what're you going to do with these?",True,1
4563,"here, the tanks.",False,0
4564,you're going to do what?,False,0
4565,perhaps she doesn't have any more.,False,0
4566,did you ever think of that?,False,0
4567,no?,False,0
4568,"yes, they are tiny, aren't they?",False,0
4569,I don't know.,False,0
4570,poor Robin gets blamed for everything.,False,0
4571,is that like the one in your book?,False,0
4572,"oh, Adam, that's not fair.",False,0
4573,you just started playing with that.,False,0
4574,is put the whole bag down here.,False,0
4575,that's a bouncing ball.,False,0
4576,you try and hit it with the paddle.,False,0
4577,do you want to blow?,False,0
4578,blow again.,False,0
4579,blow one more time.,False,0
4580,mmhm.,False,0
4581,you're finished?,False,0
4582,alright.,False,0
4583,I don't know why.,False,0
4584,"yes, that's fine.",False,0
4585,here's the bag on the floor.,False,0
4586,see what?,False,0
4587,do I see it rolling?,False,0
4588,it's alright to leave the bag on the floor.,False,0
4589,she has no more toys.,False,0
4590,what?,False,0
4591,do you want to blow?,False,0
4592,what takes the car?,True,1
4593,the car carrier.,False,0
4594,what does a truck carrier carry?,True,1
4595,"no, you cann't keep this.",False,0
4596,"see, you're supposed to try to hit the ball with the paddle in your",False,0
4597,"yes, you hit it.",False,0
4598,pull it out like this so the ball goes up in the air.,False,0
4599,yes.,False,0
4600,yes.,False,0
4601,where does the truck run?,True,1
4602,where does the truck run?,True,1
4603,to be prepared for what?,False,0
4604,"oh, which street?",False,0
4605,I don't know.,False,0
4606,why don't they go down Massachusetts Avenue?,True,1
4607,and then what town will they go to?,True,1
4608,so the man can see and not have a bump?,False,0
4609,"oh, they should have a bump.",False,0
4610,why should they?,True,1
4611,he can see the Rambler at dark_timec?,False,0
4612,the what?,False,0
4613,"oh, the lumber.",False,0
4614,"my goodness, that car sure is pulling something big.",False,0
4615,the cab.,False,0
4616,the cab.,False,0
4617,pulling the trailer.,False,0
4618,"he cann't pull both of them, can he?",False,0
4619,I don't know.,False,0
4620,where are you going?,True,1
4621,what kind of work are they going to do?,True,1
4622,derrick work?,False,0
4623,yes.,False,0
4624,yes.,False,0
4625,they should turn right.,False,0
4626,yes.,False,0
4627,mmhm.,False,0
4628,yes.,False,0
4629,yes.,False,0
4630,they should turn right.,False,0
4631,yes.,False,0
4632,mmhm.,False,0
4633,"no, left.",False,0
4634,mmhm.,False,0
4635,I think they should keep going down Broadway street.,False,0
4636,I guess the hitch is broken.,False,0
4637,why?,False,0
4638,because you need to have your nose wiped.,False,0
4639,no.,False,0
4640,because we need to use them.,False,0
4641,"no, there are no more.",False,0
4642,that's the top.,False,0
4643,the part that you open so that you can pull the kleenex up through,True,1
4644,what?,False,0
4645,because you put it on there.,False,0
4646,he has a new little big trailer.,False,0
4647,they don't burn it down.,False,0
4648,oh mmhm.,False,0
4649,can what?,False,0
4650,you mean can a building burn down by itself?,False,0
4651,"yes, if someone starts a fire.",True,1
4652,or if a fire is started in a building and the firemen don't come.,True,1
4653,to put the fire out.,False,0
4654,then the building burns down.,False,0
4655,and who puts it back up?,True,1
4656,no.,False,0
4657,they don't build buildings.,False,0
4658,I don't believe that.,False,0
4659,how did they put it back up?,True,1
4660,they put the fire out.,False,0
4661,who?,False,0
4662,"yes, when they put the fire out.",True,1
4663,to put another fire out.,False,0
4664,putting the fire out at the school.,False,0
4665,"yes they put the fire out at the school, didn't they?",False,0
4666,and then we saw the derricks tearing the school down.,False,0
4667,yes.,False,0
4668,because they didn't want the school to burn all the way down.,False,0
4669,the hitch wasn't on properly.,False,0
4670,"yes, but you can only put one car in there now.",False,0
4671,because it's in too far.,False,0
4672,no.,False,0
4673,I don't know.,False,0
4674,what do you think?,True,1
4675,do you think it's a doctor?,False,0
4676,could be a doctor?,False,0
4677,that's right.,False,0
4678,can you put it back together?,False,0
4679,where's the rest of the train?,True,1
4680,no.,False,0
4681,I don't know.,False,0
4682,did you?,False,0
4683,"no, that was Daddy.",False,0
4684,I guess so.,False,0
4685,is that the caboose?,False,0
4686,no?,False,0
4687,how can you tell which one is the caboose?,True,2
4688,"yes, it is very very crowded.",False,0
4689,you don't?,False,0
4690,why not?,False,0
4691,"oh, that's very kind of you.",False,0
4692,mmhm.,False,0
4693,somebody was laughing.,False,0
4694,who was laughing?,True,1
4695,"a witch, you thought.",False,0
4696,"oh, I know that.",False,0
4697,you just kid me all the time.,False,0
4698,"yes, you do.",False,0
4699,yes.,False,0
4700,"yes, he's sleeping.",False,0
4701,what?,False,0
4702,he's sleeping down in his bed.,False,0
4703,good.,False,0
4704,"no, I don't.",False,0
4705,turn your paddle over.,False,0
4706,good.,False,0
4707,see if you can hit it again.,True,1
4708,did you tell Ursula about your new doctor?,False,0
4709,he did?,False,0
4710,did he give it to you in your arm?,False,0
4711,what?,False,0
4712,no.,False,0
4713,but you may be a doctor when you grow up if you'd like to.,True,2
4714,"oh yes, I think doctors enjoy being doctors.",False,0
4715,what did you have in his office?,True,1
4716,"yes, he gave you a lollipop.",False,0
4717,what color?,False,0
4718,"no, it was green.",False,0
4719,"yes, you have lips.",False,0
4720,God.,False,0
4721,you were born with lips.,False,0
4722,no.,False,0
4723,"well, everybody has lips.",False,0
4724,"oh, that's a beard?",False,0
4725,a what?,False,0
4726,you mean a stethoscope.,False,0
4727,like a doctor has.,False,0
4728,let's see if I hear something.,True,1
4729,what do you hear?,True,1
4730,hear a what?,False,0
4731,try to get your room straightened out.,False,0
4732,you took them all down.,False,0
4733,you did.,False,0
4734,what makes you think she brought any toys?,True,1
4735,"yes, you made a big mistake.",False,0
4736,you took what off?,False,0
4737,"no no no, don't crawl in there.",False,0
4738,thank you.,False,0
4739,put the wheels on the train.,False,0
4740,alright.,False,0
4741,except you are sliding in my trash.,False,0
4742,here's another one.,False,0
4743,oh my goodness.,False,0
4744,and he gave his mother his milk.,False,0
4745,are you a carpenter?,False,0
4746,why do you do that sometimes?,True,1
4747,what?,False,0
4748,the mixer?,False,0
4749,I don't know.,False,0
4750,"just a minute, please.",False,0
4751,"well, not in my trash, please, thank you.",False,0
4752,"no, you don't put your things all over the floor.",False,0
4753,what is that *NULL* you have now?,True,2
4754,what kind of machine is that?,True,1
4755,"oh, the dirt dumps it in the pail?",False,0
4756,yes.,False,0
4757,yes.,False,0
4758,"oh, I see.",False,0
4759,two trailers and one is behind the other one?,False,0
4760,who was crying last night?,True,1
4761,what do you think there is?,True,1
4762,it's what?,False,0
4763,what do you think it is?,True,1
4764,what else?,False,0
4765,oh yes.,False,0
4766,pull it.,False,0
4767,no?,False,0
4768,here's a little hole.,False,0
4769,why not open it from there?,False,0
4770,open the whole thing.,False,0
4771,what do you think it is?,True,1
4772,what?,False,0
4773,it's medicine.,False,0
4774,"yes, if she's sick.",True,1
4775,yes.,False,0
4776,it's a cough drop.,False,0
4777,what is that?,True,1
4778,no.,False,0
4779,it's a microscope.,False,0
4780,open the whole thing.,False,0
4781,"oh, you're opening the whole thing?",False,0
4782,what is that?,True,1
4783,why don't you read the directions first?,True,1
4784,"oh, you read it through the paper?",False,0
4785,who is that?,True,1
4786,don't you have a book about him?,False,0
4787,what is that?,True,1
4788,"no, that's a popper.",False,0
4789,a needle.,False,0
4790,"you know, like the one *NULL* Dr Sherry gave you.",True,1
4791,what do you think?,True,1
4792,yes.,False,0
4793,stethoscope.,False,0
4794,hmm?,False,0
4795,that's a microscope.,False,0
4796,it's a microscope.,False,0
4797,"well, I don't think you're really supposed to put it down so far.",False,0
4798,look through that little hole in the microscope.,False,0
4799,can you look through there?,False,0
4800,these are germs.,False,0
4801,dirty water germs.,False,0
4802,these are germs from dirty hands.,False,0
4803,these are fingernail germs.,False,0
4804,those are germs from dirty faces.,False,0
4805,germs from dirty ears.,False,0
4806,like a what?,False,0
4807,I don't know.,False,0
4808,why don't you put that in the doctor's kit.,True,1
4809,that's a bag for going to call on people.,False,0
4810,you can pretend to be a doctor.,False,0
4811,"oh, you left your germs out.",False,0
4812,hmm?,False,0
4813,are you done?,False,0
4814,hmm?,False,0
4815,"Adam, you didn't put your cough drops in.",False,0
4816,another what?,False,0
4817,hmm?,False,0
4818,sleep away?,False,0
4819,what do you mean?,True,1
4820,you'd like to do what?,False,0
4821,obey?,False,0
4822,obey whom?,False,0
4823,oh?,False,0
4824,do you want to listen to my heartbeat?,False,0
4825,huh?,False,0
4826,so closer?,False,0
4827,aspirin?,False,0
4828,hmm?,False,0
4829,"oh, you don't take my temperature that way.",False,0
4830,you just take little children's temperature that way.,False,0
4831,I take my temperature in my mouth.,False,0
4832,did you ask Ursula?,False,0
4833,you may have it if she says so.,True,1
4834,"well, you have it.",False,0
4835,is he singing?,False,0
4836,"oh, he's thinking?",False,0
4837,"we'll let Adam examine you, like to check on Paul?",False,0
4838,are you his doctor?,False,0
4839,I'll pretend.,False,0
4840,here comes Dr Adam.,False,0
4841,"he didn't even cry, did he?",False,0
4842,he didn't even cry.,False,0
4843,"oh, you mustn't touch the doctor's bag.",False,0
4844,examine Paul?,False,0
4845,"oh, is something wrong with him?",False,0
4846,what is it?,True,1
4847,"oh, and that will make him stop waking up and crying?",False,0
4848,listen to his back.,False,0
4849,"this is for checking very closely, this is a check to whether the",True,1
4850,it's so small I cann't even see it.,False,0
4851,"it came from the box, I think.",False,0
4852,here are some signs for the office.,False,0
4853,for your office.,False,0
4854,this really goes under here.,False,0
4855,you put it on there and you look through the hole.,False,0
4856,can you see?,False,0
4857,read what it says and you can see all of these germs.,True,1
4858,the germs from the hands?,False,0
4859,these are the germs from dirty hands down here.,False,0
4860,surprise?,False,0
4861,alright.,False,0
4862,it what?,False,0
4863,"those are cherries, Adam.",False,0
4864,which germs?,False,0
4865,those are germs from dirty faces.,False,0
4866,and here we have the germs from dirty.,False,0
4867,what's the word?,True,1
4868,dirty ears.,False,0
4869,here we have germs from dirty faces,False,0
4870,will I smile about it when I laugh?,True,1
4871,what do you mean?,True,1
4872,"he's got your germs, Adam.",False,0
4873,he's got your germ list.,False,0
4874,you come back here.,False,0
4875,he just wants to know about germs too.,False,0
4876,well.,False,0
4877,maybe he wants to be a doctor.,False,0
4878,so he can help make people well.,False,0
4879,"yes, he's really just a baby.",False,0
4880,he cann't be a doctor while he's a baby.,False,0
4881,he can just pretend.,False,0
4882,like you can pretend.,False,0
4883,like you can just pretend.,False,0
4884,"yes, you can pretend.",False,0
4885,hmm?,False,0
4886,"well, because he's just a little baby and he doesn't know how to",False,0
4887,"well, because he's a little baby.",False,0
4888,and he doesn't think like you do.,False,0
4889,he's not as big as you.,False,0
4890,because that's something that hasn't developed.,True,1
4891,you're talking very quietly?,False,0
4892,why?,False,0
4893,no?,False,0
4894,"no no, Adam.",False,0
4895,"no no, Adam.",False,0
4896,"well, because he's just a little baby and he doesn't need to eat",False,0
4897,"you liked it, didn't you?",False,0
4898,he likes it but it's not particularly good for him.,False,0
4899,"no, he doesn't need to taste it.",False,0
4900,you tell him how it tastes.,True,1
4901,and a what?,False,0
4902,become a spider?,False,0
4903,who is going to become a spider?,True,1
4904,a spider what?,False,0
4905,I don't know.,False,0
4906,I thought you said something about become a spider.,False,0
4907,oh.,False,0
4908,there's a little boy over there who is sick who needs to be,True,2
4909,in your bowling ball box.,False,0
4910,he doesn't want to play.,False,0
4911,so he must not feel well.,False,0
4912,"hello, Doctor Adam.",False,0
4913,will you come to my house and check my little boy?,False,0
4914,that's for checking the paper for seeing about dirty germs on your,False,0
4915,is he alright?,False,0
4916,"well, what was wrong with him?",True,1
4917,did he have a fever?,False,0
4918,did he have a fever or a cold?,False,0
4919,did he have pneumonia?,False,0
4920,"oh, he just had a little cold.",False,0
4921,"here's your money, Doctor.",False,0
4922,thank you very much.,False,0
4923,"oh, Doctor.",False,0
4924,I thought I only had to pay ten dollars.,False,0
4925,how much do I have to pay?,True,1
4926,some checks.,False,0
4927,alright.,False,0
4928,"well, here's a check.",False,0
4929,no.,False,0
4930,you don't need any money.,False,0
4931,no.,False,0
4932,"I just gave you some money, Doctor.",False,0
4933,don't you see that money?,False,0
4934,go get two pennies out then.,False,0
4935,"no, just two.",False,0
4936,one two.,False,0
4937,just two.,False,0
4938,how many did you get out?,True,1
4939,let's see how much you have.,True,1
4940,"no, Paul cann't have pennies.",False,0
4941,"well, you keep three pennies and put the nickel back in.",False,0
4942,"here, you may keep three pennies.",False,0
4943,put the nickel back.,False,0
4944,put it back in the drawer.,False,0
4945,"alright, now you have five pennies.",False,0
4946,Paul's going to be the doctor.,False,0
4947,alright.,False,0
4948,yes.,False,0
4949,mmhm.,False,0
4950,"no, you put these through there.",False,0
4951,"what germ are you checking now, Doctor?",True,1
4952,oh.,False,0
4953,oh.,False,0
4954,alright.,False,0
4955,he can play with that one.,False,0
4956,ok?,False,0
4957,yes.,False,0
4958,thermometer.,False,0
4959,what?,False,0
4960,ml al rl xl.,False,0
4961,I don't believe I've ever seen that.,False,0
4962,is that a new toy?,False,0
4963,by Marx?,False,0
4964,"Paul, you come back over here.",False,0
4965,you're just getting in your brother's way.,False,0
4966,"Adam's going to give you the block, Paul.",False,0
4967,he's going to be a nurse and you're going to be a doctor?,False,0
4968,ok.,False,0
4969,oh.,False,0
4970,what am I going to be?,True,1
4971,where is Hans?,True,1
4972,why don't you go get Hans and examine him?,True,1
4973,examine.,False,0
4974,alright.,False,0
4975,is he alright?,False,0
4976,got what?,False,0
4977,alright.,False,0
4978,you're the doctor.,False,0
4979,you've examined Hans and he's alright?,False,0
4980,"well, my patient is alright too.",False,0
4981,my patient is alright.,False,0
4982,"don't cry, Paul.",False,0
4983,it'll be alright.,False,0
4984,thank you.,False,0
4985,what?,False,0
4986,just as long as I 'm holding him.,False,0
4987,not by himself.,False,0
4988,"oh, will I?",False,0
4989,what are you?,True,1
4990,"yes, it is.",False,0
4991,it was even made by Indians.,False,0
4992,that's right.,False,0
4993,so children can dress up to look like Indians.,False,0
4994,what?,False,0
4995,yes.,False,0
4996,yes.,False,0
4997,what do you think they are?,True,1
4998,they're not Santa Claus.,False,0
4999,when you give Christmas presents you write the name of the person too,True,1
5000,let me see it.,False,0
5001,Santa Claus?,False,0
5002,what does he have in his hand?,True,1
5003,on his legs?,False,0
5004,what are those?,True,1
5005,mmhm.,False,0
5006,sled?,False,0
5007,"oh, I don't know.",False,0
5008,maybe he parked it some place.,False,0
5009,he's going around looking to see if he can find some good little,True,1
5010,"Adam, you didn't ask Ursula if you could open that.",True,1
5011,I hope so.,False,0
5012,his name is Jocko.,False,0
5013,Jocko.,False,0
5014,he looks like a monkey.,False,0
5015,it's a puzzle *NULL* you know.,True,1
5016,here are some more.,False,0
5017,these come out too.,False,0
5018,I see it.,False,0
5019,why don't we take this up and you look and see if that's right.,True,2
5020,see if those are in the right place.,True,1
5021,what do you think goes there?,True,1
5022,that's right.,False,0
5023,now push it back.,False,0
5024,"no, that's not.",False,0
5025,so that must not be right.,False,0
5026,where do you think that goes?,True,1
5027,close your eyes.,False,0
5028,now look at it and see if you can find where it goes.,True,2
5029,is that the shape?,False,0
5030,that must be what?,False,0
5031,do you see one that might look like a half moon?,True,1
5032,I see it.,False,0
5033,yes.,False,0
5034,"well, is that the way *NULL* it goes?",True,1
5035,"yes, but it must not be the right way.",False,0
5036,that's better.,False,0
5037,I don't think that looks like a nose to me.,False,0
5038,what do you think it looks like?,True,1
5039,a heater?,False,0
5040,what kind of heater?,False,0
5041,a race?,False,0
5042,what kind of race?,False,0
5043,what does it look now?,False,0
5044,yes.,False,0
5045,"my, doesn't it look like lots of things.",False,0
5046,whatever it is there must be two.,True,1
5047,those two look just alike.,False,0
5048,one must go on one side of the head and one must go on the other,False,0
5049,what do you think they are?,True,1
5050,mmhm.,False,0
5051,mmhm.,False,0
5052,apple?,False,0
5053,alright.,False,0
5054,"oh, I wonder what this is.",True,1
5055,there are two of those too.,False,0
5056,I see two shapes that look just like that.,True,1
5057,on the puzzle.,False,0
5058,a camera?,False,0
5059,you put it where you think it goes.,True,1
5060,alright.,False,0
5061,"I don't see it, do you?",False,0
5062,alright.,False,0
5063,alright.,False,0
5064,I don't see it.,False,0
5065,oh.,False,0
5066,alright.,False,0
5067,is that where it goes?,True,1
5068,here's something *NULL* we didn't take out.,True,1
5069,these pieces?,False,0
5070,"oh, you want me to put all of mine in?",False,0
5071,yes.,False,0
5072,a little girl with a pinafore.,False,0
5073,a little girl with a dress.,False,0
5074,Jocko.,False,0
5075,a monkey.,False,0
5076,no.,False,0
5077,I don't know.,False,0
5078,"yes, it looks like a wiggleworm but it's not a wiggleworm, is",False,0
5079,I don't know.,False,0
5080,could that be his tail?,False,0
5081,"he doesn't have feet like that, does he?",False,0
5082,maybe that's a vine growing on the tree.,False,0
5083,maybe that's a vine growing on the tree.,False,0
5084,let's finish this first.,False,0
5085,"that's his tongue, isn't it?",False,0
5086,the reindeer pulls his sleigh.,False,0
5087,"yes, perhaps he's parked them.",False,0
5088,maybe he's parked all the others and he's just taking that one with,False,0
5089,"that's the, um",False,0
5090,bottom of his boat.,False,0
5091,"well, that's his suit that he wears to keep him warm and that's",True,1
5092,you may ask Ursula.,False,0
5093,"yes, they do.",False,0
5094,Jocko.,False,0
5095,I don't know.,False,0
5096,poor Jocko.,False,0
5097,he doesn't have a nose.,False,0
5098,"oh, he has a nose now.",False,0
5099,he said thank you for the mouth.,False,0
5100,not in that ear.,False,0
5101,thank you.,False,0
5102,"yes, thank you.",False,0
5103,I don't know.,False,0
5104,where do you think it goes?,True,1
5105,he's got his nose.,False,0
5106,I don't know.,False,0
5107,"no, it came from this.",False,0
5108,you must have broken it.,False,0
5109,you probably stepped on it.,False,0
5110,"yes, that you step on.",True,1
5111,what?,False,0
5112,what?,False,0
5113,that's right.,False,0
5114,I think you did.,False,0
5115,I think so.,False,0
5116,yes.,False,0
5117,yes.,False,0
5118,it was an accident.,False,0
5119,"yes, it is.",False,0
5120,"no, not at all.",False,0
5121,he doesn't understand.,False,0
5122,he's too little to understand.,False,0
5123,hmm?,False,0
5124,I don't think you have to cut it.,False,0
5125,maybe you can color it?,False,0
5126,I don't think you need to color that.,False,0
5127,it's fun?,False,0
5128,I don't think.,False,0
5129,another Ursula?,False,0
5130,"no no, Adam.",False,0
5131,careful.,False,0
5132,"ok, I 'm just going to turn him around and I'll come back.",False,0
5133,"oh, why did you put those in your doctor kit?",True,1
5134,kit or box.,False,0
5135,mmhm.,False,0
5136,you lost some germs from dirty hands.,False,0
5137,I don't know.,False,0
5138,aren't they in there?,False,0
5139,did you tell Ursula what we did yesterday?,True,1
5140,don't you remember?,False,0
5141,where did we go?,True,1
5142,outside.,False,0
5143,and what did we do outside?,True,1
5144,"not really, we just bought a loaf of bread and some eggs.",False,0
5145,where did we go?,True,1
5146,"no, you don't need to cut them.",False,0
5147,"no, he lost his face, Adam.",False,0
5148,"what did the story say about sharing last night, Adam?",True,1
5149,sharing toys?,False,0
5150,with your brother.,False,0
5151,oh no.,False,0
5152,he wants you to play with that.,False,0
5153,"no, not if he's careful.",True,1
5154,that might break.,False,0
5155,this part looks like it's had an accident.,False,0
5156,this is a bucket loader.,False,0
5157,he what?,False,0
5158,like a mitten.,False,0
5159,"did you put your puzzle back together, Adam?",False,0
5160,Jocko?,False,0
5161,show Paul how it goes.,True,1
5162,Paul has never seen his face.,False,0
5163,Jocko's face.,False,0
5164,put it together and then show Paul.,False,0
5165,he'll like that.,False,0
5166,that's alright.,False,0
5167,let's play over here.,False,0
5168,ok?,False,0
5169,"no, honey.",False,0
5170,let's put Jocko together.,False,0
5171,and then we'll look at some books.,False,0
5172,maybe Ursula brought some of Robin's books.,False,0
5173,let's put the puzzle together and pick it up first.,False,0
5174,"oh, he only has half of his ear.",False,0
5175,now he has two ears but no face.,False,0
5176,right into a lobster!,False,0
5177,where's a lobster?,True,1
5178,"Paul, Adam is putting Jocko together.",False,0
5179,then we can look at some of Robin's books.,False,0
5180,no no.,False,0
5181,"what did Daddy say about throwing that ball, Adam?",True,1
5182,"no, he said he wanted to find the ball right where he put it.",True,1
5183,mmhm.,False,0
5184,you hit Daddy with the ball and he told you to leave it up there.,False,0
5185,hmm?,False,0
5186,why are you taking him apart?,True,1
5187,ok.,False,0
5188,"what, sweetie?",False,0
5189,there it is over there.,False,0
5190,"yes, he needs an ear.",False,0
5191,he needs two ears so he can hear what you're saying and a nose for,True,1
5192,"he cann't talk yet, he doesn't have a mouth.",False,0
5193,he cann't see you because he doesn't have what?,False,0
5194,I don't know.,False,0
5195,guess you must have lost his eyes?,False,0
5196,no?,False,0
5197,where are they?,True,1
5198,I don't see them.,False,0
5199,mmhm.,False,0
5200,mmhm.,False,0
5201,"you didn't need your scissors, did you?",False,0
5202,there they are.,False,0
5203,you didn't tell Ursula yet where you went yesterday.,True,1
5204,we rode in a taxi and you sat in a chair.,False,0
5205,where were you?,True,1
5206,can you tell her about your visit to the dentist?,False,0
5207,is that your first time?,False,0
5208,yes.,False,0
5209,what did the dentist say to you?,True,1
5210,what did she tell you?,True,1
5211,that you had no what?,False,0
5212,no cavities.,False,0
5213,"you don't have any cavities at all, do you?",False,0
5214,that's very good.,False,0
5215,yes.,False,0
5216,yes.,False,0
5217,this is one of Robin's favorites.,False,0
5218,what do you think it might be?,True,1
5219,what is that?,True,1
5220,isn't that a funny book?,False,0
5221,what was that?,True,1
5222,butterfly.,False,0
5223,and what lives in there?,True,1
5224,what lives in that house?,True,1
5225,you have to ask Ursula.,False,0
5226,airplanes.,False,0
5227,"yes, she said it was an airplane.",False,0
5228,that page is gone.,False,0
5229,just open the flap and you will see.,False,0
5230,that's a rhinoceros.,False,0
5231,were you coming to me?,False,0
5232,what is your problem?,True,1
5233,Paul would you like to see the book?,False,0
5234,seals and fish.,False,0
5235,when you step on things you break them.,True,1
5236,no.,False,0
5237,let's see if it still stands up.,True,1
5238,what are those?,True,1
5239,yes.,False,0
5240,yes.,False,0
5241,what does he sell?,True,1
5242,what does he sell?,True,1
5243,icecream for boys and girls.,False,0
5244,alright.,False,0
5245,"no, I don't think that's a hippopotamus.",False,0
5246,isn't that a rhinoceros?,False,0
5247,why don't you look at another one?,False,0
5248,my goodness.,False,0
5249,you're a donkey?,False,0
5250,you're a donkey pulling a wagon.,False,0
5251,where're you going with the wagon?,True,1
5252,what?,False,0
5253,because I 'm going to put the door on.,False,0
5254,"oh, Joe.",False,0
5255,French Joe.,False,0
5256,I hope it doesn't come out.,False,0
5257,so they willn't fall out.,False,0
5258,that's lumber?,False,0
5259,I don't know.,False,0
5260,let's see.,False,0
5261,that backs the dirt out?,False,0
5262,"oh, it doesn't go there?",False,0
5263,where does it go?,True,1
5264,no.,False,0
5265,"well, I just picked it up off the floor.",False,0
5266,right.,False,0
5267,are they all named Joe?,False,0
5268,huh?,False,0
5269,that's what what?,False,0
5270,"oh, it does?",False,0
5271,in that little tiny hole?,False,0
5272,"oh, what happens after it goes down there?",True,1
5273,what?,False,0
5274,box?,False,0
5275,each other?,False,0
5276,thank you.,False,0
5277,not very well.,False,0
5278,for seeing?,False,0
5279,Ursula.,False,0
5280,"no, I think that was before the games.",False,0
5281,careful.,False,0
5282,"well, give it to her.",False,0
5283,you have to look and see.,False,0
5284,can you open the bag?,False,0
5285,what is he doing?,True,1
5286,no no no.,False,0
5287,you don't do that.,False,0
5288,you have to turn it.,False,0
5289,"oh yes, if you put it down.",True,1
5290,"he's walking, isn't he?",False,0
5291,ask Ursula what his name is.,True,1
5292,he doesn't have one yet.,False,0
5293,we have to ask permission first.,False,0
5294,now you blow through the hole.,False,0
5295,try it.,False,0
5296,there.,False,0
5297,see?,False,0
5298,no.,False,0
5299,for the bubbles to go in there?,False,0
5300,I don't think they'll go in there.,False,0
5301,did she put that there or did you do it?,False,0
5302,what happened to it?,True,1
5303,blow very gently.,False,0
5304,blow gently.,False,0
5305,that's right.,False,0
5306,what happens when you catch them?,True,2
5307,blow gently.,False,0
5308,if you blow gently I think you'll get more.,True,1
5309,don't put it in your mouth.,False,0
5310,why don't you hold it?,True,1
5311,I don't know.,False,0
5312,I didn't see you.,False,0
5313,did you?,False,0
5314,if you want to.,True,1
5315,"now, what if you blow them up in the air?",True,1
5316,"no, it didn't go there.",False,0
5317,blow it up in the air.,False,0
5318,he can see.,False,0
5319,"don't put it in your mouth, honey.",False,0
5320,because it was so pretty.,False,0
5321,"no no, Adam.",False,0
5322,"don't put it in your mouth, honey.",False,0
5323,"Adam, we'll have to put it up if you put it in your mouth again.",True,1
5324,"it doesn't taste good, does it.",False,0
5325,Paul sees that one.,False,0
5326,"blow gently, Adam.",False,0
5327,see.,False,0
5328,it's all gone.,False,0
5329,do you have it?,False,0
5330,let's see.,False,0
5331,"no, Adam, we cann't play with it any more if you're going to",True,1
5332,"no, you put it in your mouth.",False,0
5333,here's one over here.,False,0
5334,gift.,False,0
5335,what kind of gift?,False,0
5336,no no.,False,0
5337,what's happening?,True,1
5338,look at his feet.,False,0
5339,slippers.,False,0
5340,so his feet willn't get cold.,False,0
5341,you can use that ball for bowling.,False,0
5342,those are all the same colors.,False,0
5343,what?,False,0
5344,is the ball *NULL* you were speaking of in the box with the bowling pin?,True,1
5345,"well, go see if it looks like that.",True,1
5346,because he likes to.,False,0
5347,why would you do that?,True,1
5348,"oh, but he's very talented.",False,0
5349,he can play two.,False,0
5350,"oh, you made a mistake?",False,0
5351,how did you lose yourself?,True,1
5352,why do you say Ursula's words?,True,1
5353,what's that?,True,1
5354,"oh yes, I see.",False,0
5355,are they turning?,False,0
5356,bowling pins.,False,0
5357,what color?,False,0
5358,what color is that?,True,1
5359,"no, this is blue.",False,0
5360,is there a blue one?,False,0
5361,what color is that ball in your hand?,True,1
5362,green.,False,0
5363,"yes, I'll bowl with you.",False,0
5364,"yes, we knocked them all down.",False,0
5365,because that's the way *NULL* to play the game.,True,1
5366,you have to turn it around so that it matches.,False,0
5367,look at all of your and see if you have one that matches.,True,2
5368,"no, that has four.",False,0
5369,would it fit anywhere else?,False,0
5370,no.,False,0
5371,you put one out first.,False,0
5372,you have to match it.,False,0
5373,"why don't you make what you want, and I'll make what I want.",True,3
5374,hmm?,False,0
5375,it is?,False,0
5376,I don't know.,False,0
5377,what is it going to carry?,True,1
5378,what?,False,0
5379,I think that's nice that you're not crying.,False,0
5380,amen.,False,0
5381,I was thinking of a funny story.,False,0
5382,did you tell her about your visit to the pet shop?,False,0
5383,"what did you see at the pet shop, Adam?",True,1
5384,puppies.,False,0
5385,he's giving them names.,False,0
5386,only it didn't have a mask over his eyes.,False,0
5387,"yes, you're silly.",False,0
5388,"yes, silly billywp, willywp, dillywp.",False,0
5389,what is your name?,True,1
5390,did you see turtles?,False,0
5391,at the pet shop.,False,0
5392,what else did you see?,True,1
5393,fish?,False,0
5394,and what else?,False,0
5395,"no, you saw something else.",False,0
5396,something in cages.,False,0
5397,and what else?,False,0
5398,yes.,False,0
5399,I don't think so.,False,0
5400,"well, nothing might happen.",False,0
5401,I just didn't think you'd like to have a kitty.,False,0
5402,what are you singing about?,True,1
5403,ok.,False,0
5404,they willn't fall out.,False,0
5405,because the door isn't wide enough.,False,0
5406,"no, I said wide enough but big enough is the same.",False,0
5407,you ate the snake up?,False,0
5408,was he good?,False,0
5409,"oh, in the bunkhouse.",False,0
5410,what did you do?,True,1
5411,"yes, turtles crawl.",False,0
5412,"yes, snakes crawl.",False,0
5413,"I guess they walk, yes.",False,0
5414,"I really don't know, Adam, if you want to be so specific.",True,1
5415,I think so.,False,0
5416,that's something from last time.,False,0
5417,when you were playing upstairs.,True,1
5418,"I don't remember, what was in it.",True,1
5419,why don't you let one of the Joes drive.,True,1
5420,is this Joe?,False,0
5421,"oh, this is terrific.",False,0
5422,Joe terrific.,False,0
5423,and the other one *NULL* he says is just Joe.,True,1
5424,perhaps the other Joe would be a better driver.,False,0
5425,he was in your truck.,False,0
5426,I don't know.,False,0
5427,could he sit beside him?,False,0
5428,he can ride in something else.,False,0
5429,it's a what?,False,0
5430,yeah.,False,0
5431,was that another one getting some fire?,False,0
5432,red street light.,False,0
5433,you have to stop.,False,0
5434,"green light, you may go.",False,0
5435,yes.,False,0
5436,bring the can up to here.,False,0
5437,the whole thing.,False,0
5438,blow gently now.,False,0
5439,no no Adam.,False,0
5440,"don't put it in your mouth, dear.",False,0
5441,it's not to eat.,False,0
5442,what do you think it is?,True,1
5443,what does it look like to you?,True,1
5444,cann't you tell the truth?,False,0
5445,what does it taste like?,True,1
5446,what do banjos taste like?,True,1
5447,"no, those are bowling pins.",False,0
5448,for what?,False,0
5449,"no, nothing goes in there.",False,0
5450,those are bowling pins.,False,0
5451,so who can see it?,True,1
5452,"no, I don't need to see it.",False,0
5453,I know what it looked like.,True,1
5454,"no, Adam.",False,0
5455,we have to put it up.,False,0
5456,"no, you don't need to play with the can right now.",False,0
5457,why do you want to put it in your mouth?,True,1
5458,very good.,False,0
5459,oh my goodness.,False,0
5460,where're the firemen?,True,1
5461,"oh, he did.",False,0
5462,"oh, very good.",False,0
5463,now what happens?,True,1
5464,a house?,False,0
5465,"yes, I think so.",False,0
5466,he'd like to get down on the floor and knock all your toys down.,False,0
5467,"isn't that right, Paul?",False,0
5468,"stop that, Paul.",False,0
5469,oh my goodness.,False,0
5470,there are lots of houses.,False,0
5471,how many do you have?,True,1
5472,"oh yes, I see.",False,0
5473,where're they going?,True,1
5474,oh.,False,0
5475,oh.,False,0
5476,get what?,False,0
5477,"oh, that's a nice little door.",False,0
5478,ok.,False,0
5479,do they live with each other or next to each other?,False,0
5480,they've got what?,False,0
5481,ladies?,False,0
5482,at their homes?,False,0
5483,"oh, they're going in?",False,0
5484,who's there?,True,1
5485,fireman who?,False,0
5486,"oh, I don't want you to knock because you might burn my house down.",False,0
5487,oh alright.,False,0
5488,come in.,False,0
5489,"oh, that was a fireman's boy?",False,0
5490,"no, they're going to put the fire out so that it willn't burn the",False,0
5491,"well, they weren't built very well so they have be built again.",False,0
5492,"oh, they're going to build them this time.",False,0
5493,when the ladder gets up there?,True,1
5494,they have to get a ladder to build a house?,False,0
5495,a chimney?,False,0
5496,for their aunts?,False,0
5497,oh yes.,False,0
5498,"oh, it's closed?",False,0
5499,"oh, very good.",False,0
5500,I think that's very nice of them.,False,0
5501,"Paul, are you going to sleep in the bed because you're tired?",False,0
5502,"oh yes, he is.",False,0
5503,he just woke up and had his bath and his breakfast and then he played.,False,0
5504,so he's tired.,False,0
5505,yes.,False,0
5506,he's so tiny that he doesn't really know that it's not nice to knock,False,0
5507,he just thinks it's fun to get the toys.,False,0
5508,did you tell Ursula where we went yesterday?,True,1
5509,you know where we went yesterday.,True,1
5510,I 'm not going to tell you.,False,0
5511,you tell me.,False,0
5512,"where did you go, Adam?",True,1
5513,"is that the truth, Adam?",False,0
5514,I don't believe that's the truth.,False,0
5515,don't you remember where we went and what we saw?,True,2
5516,a Dick Tracy car.,False,0
5517,what else did we see?,True,1
5518,"where were you, Adam?",True,1
5519,can you tell her what else you saw?,True,1
5520,now that it's all fixed what else did you see?,True,1
5521,we walked and Paul was in the stroller.,False,0
5522,he cann't walk.,False,0
5523,he's too heavy for *NULL* Mommy to carry.,True,1
5524,I 'm not going to tell you but I know.,False,0
5525,I 'm not going to tell you.,False,0
5526,I know.,False,0
5527,what I saw yesterday.,True,1
5528,I 'm not going to tell you because you saw it too.,False,0
5529,"well, tell us, what did you see?",True,1
5530,"well, we walked all that way just to see a Dick Tracy car and",False,0
5531,"and what else, Adam?",False,0
5532,that's all!,False,0
5533,Paul saw some nice things.,False,0
5534,I don't know.,False,0
5535,you don't seem to remember.,False,0
5536,"Paul, what did you see?",True,1
5537,we went to the Boston Common.,False,0
5538,"careful, careful, careful.",False,0
5539,it's my coat.,False,0
5540,it is not.,False,0
5541,is there a lady like that at nursery school?,False,0
5542,there must be a lady with a jumper on at nursery school.,False,0
5543,what's her name?,True,1
5544,you cann't tell the truth.,False,0
5545,you're jumping rope.,False,0
5546,did you finish moving your furniture?,False,0
5547,"you have a cough, don't you, Adam?",False,0
5548,yes.,False,0
5549,what do you think the Doctor does when he's sick?,True,2
5550,did you check yourself?,False,0
5551,you did?,False,0
5552,are you making a train?,False,0
5553,yes.,False,0
5554,yes.,False,0
5555,what?,False,0
5556,you do.,False,0
5557,what about one of these pens?,False,0
5558,alright.,False,0
5559,"no, you cann't write on those.",False,0
5560,I'll give you some paper.,False,0
5561,"oh, can you do that?",False,0
5562,"no, she doesn't want to listen to a record.",False,0
5563,here's some paper.,False,0
5564,what does it say?,True,1
5565,"Adam, will you have swordfish tonight?",False,0
5566,he had some yesterday.,False,0
5567,"oh, thank you.",False,0
5568,what shall I write?,True,1
5569,here's something *NULL* to write on.,True,1
5570,where did you put your pen?,True,1
5571,what?,False,0
5572,he said it's not.,False,0
5573,do that again.,False,0
5574,I don't think there is an eraser on that.,False,0
5575,he has a long head like a string?,False,0
5576,that looks just like a wiggleworm.,False,0
5577,"yes, it does look like a bear.",False,0
5578,how many eyes?,False,0
5579,four eyes and what?,False,0
5580,and one half?,False,0
5581,with a big wiggle?,False,0
5582,oh?,False,0
5583,that's nice.,False,0
5584,what is it now?,True,1
5585,a broom?,False,0
5586,do you sweep?,False,0
5587,a wolf?,False,0
5588,"yes, I guess that looks like a wolf.",False,0
5589,it looks like a wolf.,False,0
5590,there are his ears and there's his nose.,False,0
5591,nothing.,False,0
5592,see?,False,0
5593,oh?,False,0
5594,a swordfish.,False,0
5595,a whale?,False,0
5596,what kind of a whale is that?,True,1
5597,"oh, it's a baby whale.",False,0
5598,"yes, Cinderella.",False,0
5599,that's part of that one.,False,0
5600,they're both in the same block.,False,0
5601,who is that?,True,1
5602,Rumplestiltskin.,False,0
5603,Little_Red_Hen.,False,0
5604,where's Ducky_Lucky?,True,1
5605,"no, Ducky_Lucky's over there.",False,0
5606,Chicken_Licken.,False,0
5607,"no, that's the ugly duckling who turned out to be what?",True,1
5608,not an ugly duckling at all.,False,0
5609,but what?,False,0
5610,don't you remember?,False,0
5611,a beautiful,False,0
5612,what?,False,0
5613,corn?,False,0
5614,no.,False,0
5615,the ugly duckling turned out to be a beautiful white,False,0
5616,swan.,False,0
5617,what did he find on his head?,True,1
5618,"no, that's where the acorn hit him and he went to tell the king.",True,1
5619,what do you think?,True,1
5620,guess.,False,0
5621,who is Pokey_Wokey?,True,1
5622,I don't know that story.,False,0
5623,I don't know.,False,0
5624,but who is that?,True,1
5625,"oh, Pinocchio.",False,0
5626,guess.,False,0
5627,you didn't guess.,False,0
5628,you guess.,False,0
5629,no.,False,0
5630,you want another guess?,False,0
5631,that's Rumplestiltskin right there.,False,0
5632,"no, draw on the paper.",False,0
5633,what is that?,True,1
5634,I don't know.,False,0
5635,what do you think?,True,1
5636,"oh, a mail bag.",False,0
5637,for the postman?,False,0
5638,you do?,False,0
5639,"no, what did you make?",True,1
5640,a train?,False,0
5641,"oh, that's a nice train.",False,0
5642,except what?,False,0
5643,the conductor is on the other train?,False,0
5644,"well, what is that on the back of the train?",True,1
5645,a log truck?,False,0
5646,here it is.,False,0
5647,here's a piece of paper for *NULL* you to draw on.,True,1
5648,alright.,False,0
5649,I don't know.,False,0
5650,I wrote it down there.,False,0
5651,can you read it?,False,0
5652,"yes, you wrote it too.",False,0
5653,so you should be able to read it.,False,0
5654,two fish?,False,0
5655,why do we need two fish?,True,1
5656,got sick?,False,0
5657,some flowers.,False,0
5658,did he say no thank you?,False,0
5659,no.,False,0
5660,he said thank you for the flowers.,False,0
5661,don't tear it.,False,0
5662,"oh, that's nice isn't it?",False,0
5663,"ask your Mother, Adam.",False,0
5664,yes.,False,0
5665,you guess what it is.,True,1
5666,"well, I guess you can just pull the paper.",False,0
5667,that was a big pop.,False,0
5668,what do you think it's for?,True,1
5669,"Adam, I think you do it on the other side.",False,0
5670,you can?,False,0
5671,what is that?,True,1
5672,"oh, that's nice.",False,0
5673,are what?,False,0
5674,lions.,False,0
5675,the other what?,False,0
5676,at the other end.,False,0
5677,turn it over.,False,0
5678,use that on the other side.,False,0
5679,that's what you call chalk.,True,1
5680,"no, not for putting in the mouth.",False,0
5681,"no, not Chocks chalk.",False,0
5682,"no, you use the crayon on that side.",False,0
5683,where's the box?,True,1
5684,"yes, they are both white, aren't they?",False,0
5685,but you don't use that on that side.,False,0
5686,you use that on the green side.,False,0
5687,no no no.,False,0
5688,you either use the chalk or the crayon.,False,0
5689,on the other side.,False,0
5690,where's the eraser?,True,1
5691,are you sitting on the eraser?,False,0
5692,now do you want to wipe that off?,False,0
5693,all of it.,False,0
5694,and then draw some more.,False,0
5695,"no, that doesn't go in with the crayons.",False,0
5696,"oh, if you wish.",True,1
5697,like that one?,False,0
5698,"that's not really a ship, is it?",False,0
5699,what is that?,True,1
5700,but you can draw a sailboat.,False,0
5701,mmhm.,False,0
5702,what?,False,0
5703,mmhm.,False,0
5704,"no the other way, that's right.",False,0
5705,just like you use the crayons.,False,0
5706,"what're you looking for, Adam?",True,1
5707,you what?,False,0
5708,you were just joking?,False,0
5709,you can hang it up on your wall?,False,0
5710,you can keep it.,False,0
5711,that's for you.,False,0
5712,"yes, that's part of it.",False,0
5713,if you look down at the bottom of the bag there's something there,True,1
5714,this is for Paul she said.,False,0
5715,I didn't hear you ask her if you could open that.,True,1
5716,yes.,False,0
5717,"goodness, what do you think those are?",True,1
5718,wheels?,False,0
5719,"oh, what do they go on?",True,1
5720,so you can tick it?,False,0
5721,I don't hear it ticking.,False,0
5722,I don't know.,False,0
5723,you'll have to figure it all out by yourself.,False,0
5724,isn't that fun?,False,0
5725,"well, why don't you see what you need for it first.",True,2
5726,that's a dairy.,False,0
5727,that's the dairy.,False,0
5728,"no, that.",False,0
5729,what is that?,True,1
5730,I cann't read them right now.,False,0
5731,could I see it?,False,0
5732,you need to put the wheels under both holes.,False,0
5733,on the other side too.,False,0
5734,the other side now.,False,0
5735,yes.,False,0
5736,put it in the hole.,False,0
5737,this isn't a doggie.,False,0
5738,mmhm.,False,0
5739,why?,False,0
5740,there's another truck.,False,0
5741,"yes, you missed it.",False,0
5742,"yes, just like the other ones.",False,0
5743,now you have to lead the trucks.,False,0
5744,all those little things there.,False,0
5745,"well, I don't know.",False,0
5746,what do you think they might be?,True,1
5747,hmm?,False,0
5748,boxes of what?,False,0
5749,"they seem to, don't they?",False,0
5750,"well, that's not really a clock, is it?",False,0
5751,just the dairy products around here.,False,0
5752,see the eggs the milk the butter.,False,0
5753,I guess you could read that and it will tell you what those things,False,0
5754,he said I want that.,False,0
5755,I don't know.,False,0
5756,he sees something back there that he would like to have.,True,1
5757,you don't have any milk on that truck.,False,0
5758,the truck *NULL* you're driving.,True,1
5759,"yes, they seem to, don't they?",False,0
5760,I don't know.,False,0
5761,you find out.,False,0
5762,that's right.,False,0
5763,"now, why don't you put some butter on the truck?",True,1
5764,what about some milk?,False,0
5765,"yes, that's milk.",False,0
5766,I'd like four quarts of milk.,False,0
5767,"now, how're you going to put it on there like that?",True,1
5768,four quarts of milk and two pounds of butter.,False,0
5769,"ok, Mr Milkman.",False,0
5770,I 'm waiting for my four quarts of milk and my two pounds of butter,False,0
5771,and if you cann't bring it I'll just have to get another milkman.,True,1
5772,"no, you don't have what I ordered.",True,1
5773,I said four quarts of milk.,False,0
5774,where's the milk?,True,1
5775,do you have four of those?,False,0
5776,"no, you don't, do you?",False,0
5777,how do you think they go on the truck so they willn't tip over.,True,1
5778,they might spill like that.,False,0
5779,"yes, I think I 'm going to have to get another milkman.",False,0
5780,I don't want any butter that might fall off the truck.,True,1
5781,but you don't have what I asked for.,True,1
5782,you've got the two dozen eggs on properly.,False,0
5783,"no, those are eggs.",False,0
5784,they're on properly.,False,0
5785,they willn't fall off and break.,False,0
5786,I like to bake cakes and cookies and I need butter.,False,0
5787,and I like to have toast and butter for breakfast.,False,0
5788,"well, you don't need to bring me any toast, Mr Milkman.",False,0
5789,just my two pounds of butter.,False,0
5790,"I don't know, Mr Milkman.",False,0
5791,I might have to get another milkman.,False,0
5792,"yes, see.",False,0
5793,you lost my butter on the street.,False,0
5794,"what did you say, Adam?",True,1
5795,where're you going to put my butter?,True,1
5796,perhaps it would stand up too.,False,0
5797,the other way.,False,0
5798,I think over.,False,0
5799,yes.,False,0
5800,now what about loading the other truck?,False,0
5801,yes.,False,0
5802,"oh, that's not nice.",False,0
5803,"I need lots of milk, Adam.",False,0
5804,"no, I think that milkman might be alright now.",False,0
5805,I guess he was new at the job.,False,0
5806,no.,False,0
5807,"would you close the door, please?",False,0
5808,freedom.,False,0
5809,"oh, now I know where this goes.",True,1
5810,does this go here?,False,0
5811,"oh, why would you do that?",True,1
5812,why don't you put the extra butter and eggs on here.,True,1
5813,"well, why don't you pick those up off the floor first and put those",False,0
5814,you're sitting on a quart of milk.,False,0
5815,"oh, I don't think you meant to.",False,0
5816,a pound of butter and a dozen eggs over there.,False,0
5817,mmhm.,False,0
5818,"now, do you know what these are?",True,1
5819,these are houses.,False,0
5820,people who want milk and butter and eggs.,True,1
5821,I'd like one quart of milk.,False,0
5822,and a dozen eggs.,False,0
5823,one dozen eggs.,False,0
5824,"alright, thank you, Mr Milkman.",False,0
5825,goodbye.,False,0
5826,hello.,False,0
5827,"I'd like three quarts of milk, please.",False,0
5828,mmhm.,False,0
5829,there's a quart of milk.,False,0
5830,mmhm.,False,0
5831,what?,False,0
5832,two pounds of butter.,False,0
5833,guess.,False,0
5834,that's where you keep your milk.,True,1
5835,"I'd like two quarts of milk, please.",False,0
5836,two quarts of milk.,False,0
5837,hmm?,False,0
5838,perhaps so.,False,0
5839,"no, I don't think that's a sailboat.",False,0
5840,where's the boat and where's the sail?,True,2
5841,what?,False,0
5842,does it ship?,False,0
5843,what do you mean?,True,1
5844,"not really, he's just trying to use me for a ladder.",False,0
5845,don't put your tongue out like a snake.,False,0
5846,"yes, that's what Paul did.",True,1
5847,do you remember what Paul calls you?,True,1
5848,what does he call you?,True,1
5849,no.,False,0
5850,"no, what does he call you?",True,1
5851,"no, what does he call you?",True,1
5852,doesn't he call you his brother?,False,0
5853,hmm?,False,0
5854,how many quarts?,False,0
5855,"oh, milk truck.",False,0
5856,be careful.,False,0
5857,you almost did.,False,0
5858,your nose what?,False,0
5859,blown?,False,0
5860,"alright, go get a Kleenex.",False,0
5861,wait.,False,0
5862,your Mother did.,False,0
5863,"Adam, can I order some milk?",False,0
5864,I need three quarts.,False,0
5865,"oh no, I need three quarts.",False,0
5866,that's not three.,False,0
5867,why cann't I?,True,1
5868,"I need another milk, thank you.",False,0
5869,I 'm finished with this one.,False,0
5870,oh?,False,0
5871,they all what?,False,0
5872,"no, they have not.",False,0
5873,heard something.,False,0
5874,"oh, those poor eggs.",False,0
5875,must be broken.,False,0
5876,must be broken because they fell from the truck.,False,0
5877,"yes, I guess so.",False,0
5878,oops.,False,0
5879,they're not?,False,0
5880,very good.,False,0
5881,"oh well, he must be a new milkman.",False,0
5882,"no no, don't write on the floor.",False,0
5883,"no, those are not broken.",False,0
5884,where're you going to put those?,True,1
5885,where does what go?,True,1
5886,what is it?,True,1
5887,a dozen eggs?,False,0
5888,put them in the dairy.,False,0
5889,"said no, he said that he's Paul.",False,0
5890,he's just a little baby.,False,0
5891,he doesn't understand that big brothers don't always like for little,False,0
5892,pat_a_cake.,False,0
5893,"can you do pat_a_cake, Paul?",False,0
5894,do they sell scrambled eggs?,False,0
5895,oh my goodness.,False,0
5896,"oh, they sell ham.",False,0
5897,what kind of ham?,False,0
5898,very good.,False,0
5899,ok?,False,0
5900,oh my goodness.,False,0
5901,why don't you put all of those from one truck into the dairy farm?,False,0
5902,here's a quart of milk over there.,False,0
5903,ok.,False,0
5904,you have a street light.,False,0
5905,"you have to stop, Mr truck driver.",False,0
5906,"ok, green light.",False,0
5907,yes.,False,0
5908,stop.,False,0
5909,a red light.,False,0
5910,green light.,False,0
5911,you may go.,False,0
5912,"oh, Mr Milkman.",False,0
5913,would you please give me one quart of milk and one pound of butter?,False,0
5914,ok.,False,0
5915,"no, I said one quart of milk and one pound of butter?",False,0
5916,"I 'm waiting, Mr Milkman.",False,0
5917,no.,False,0
5918,thank you.,False,0
5919,yes.,False,0
5920,"two dozen, yes.",False,0
5921,see if you can put it on top of there.,True,1
5922,"what's that attached to your belt, Adam?",True,1
5923,does it have a snap on it?,False,0
5924,"yes, that's a snap.",False,0
5925,no.,False,0
5926,"no, he cann't play with it.",False,0
5927,oops.,False,0
5928,yes.,False,0
5929,yes.,False,0
5930,the milk broke too.,False,0
5931,it's not broken now?,False,0
5932,ok.,False,0
5933,just an accident.,False,0
5934,I can.,False,0
5935,"no, it's alright now.",False,0
5936,"yes, he has his foot sticking out.",False,0
5937,he kicked his sock off.,False,0
5938,"yes, he needs it.",False,0
5939,he just doesn't like socks.,False,0
5940,I think you do.,False,0
5941,do you like yourself?,False,0
5942,do you like yourself?,False,0
5943,no?,False,0
5944,your what?,False,0
5945,"no, I don't know what delfc means.",True,1
5946,what does it mean?,True,1
5947,"oh, very good.",False,0
5948,"hi, how are you?",True,1
5949,what's that?,True,1
5950,a milk truck.,False,0
5951,what?,False,0
5952,you parked it in the garage?,False,0
5953,what're you smiling about?,True,1
5954,three dozen milk?,False,0
5955,"oh, and how many quarts of butter?",False,0
5956,two and one half what?,False,0
5957,oh?,False,0
5958,what is one half milk?,True,1
5959,how do you get one half milk?,True,1
5960,how can I have half a quart of milk?,True,1
5961,would you give me one half quart of milk?,False,0
5962,are you giving me one half?,False,0
5963,Mr Milkman.,False,0
5964,"please, I'd like one half quart of milk.",False,0
5965,I don't think you want to serve me.,False,0
5966,"can I have one half quart of milk, please?",False,0
5967,one one half quart.,False,0
5968,one half.,False,0
5969,you said that was one.,False,0
5970,"now, how can you give me one half?",True,1
5971,"oh, is that one half?",False,0
5972,thank you.,False,0
5973,"yes, and one dozen eggs.",False,0
5974,"look at Paul, he has gone to sleep.",False,0
5975,he's alright.,False,0
5976,"I 'm saying oh, Pauleef.",False,0
5977,"oh, Paul.",False,0
5978,wait.,False,0
5979,can you tell Ursula some of the things that you did in nursery,True,1
5980,"oh, I 'm sorry.",False,0
5981,I guess so.,False,0
5982,are these things *NULL* to ride on at the nursery school?,True,1
5983,what kind of things?,False,0
5984,wagons?,False,0
5985,do they?,False,0
5986,how do you ride on them then?,True,1
5987,you go to nursery school.,False,0
5988,"yes, I think they do have wagons but I think they're stored",False,0
5989,because there's too much snow.,False,0
5990,you don't know where your dozen be?,True,1
5991,your dozen what?,False,0
5992,do you paint at school?,False,0
5993,do you paint?,False,0
5994,I don't know.,False,0
5995,I don't go to nursery school.,False,0
5996,you go to nursery school.,False,0
5997,you told me you painted and you told me you did what else with your,False,0
5998,didn't you paint those things that you made in clay?,True,1
5999,no?,False,0
6000,I don't know.,False,0
6001,I wasn't there.,False,0
6002,"yes, I take you there but I don't stay.",False,0
6003,just a little while.,False,0
6004,"do you sing songs, Adam?",False,0
6005,you do?,False,0
6006,you mean when you're having your lunch?,True,1
6007,what else do you sing?,True,1
6008,"do you have lunch there, Adam?",False,0
6009,that's very nice.,False,0
6010,I need some milk for the little children at my school.,False,0
6011,you'd better get two trucks for all the milk at the school.,False,0
6012,yes.,False,0
6013,the man who called this morning.,True,1
6014,can I have five quarts of milk for the school children?,False,0
6015,what?,False,0
6016,"oh, she's a nursery school teacher.",False,0
6017,you cann't.,False,0
6018,is the road blocked?,False,0
6019,is the road blocked?,False,0
6020,you cann't have that.,False,0
6021,the cord.,False,0
6022,because he doesn't need it.,False,0
6023,yes.,False,0
6024,"oh, he just took a little nap.",False,0
6025,no.,False,0
6026,how much butter do you think the children might need?,True,1
6027,only one butter.,False,0
6028,that willn't be enough.,False,0
6029,I think I still need more milk.,False,0
6030,I need more than that for twenty children.,False,0
6031,don't you have another truck?,False,0
6032,thank you.,False,0
6033,that's still not enough.,False,0
6034,what did you say when?,False,0
6035,she doesn't need the other microphone because something's wrong with,False,0
6036,alright.,False,0
6037,"no, Paul.",False,0
6038,no no no.,False,0
6039,he's on a broom.,False,0
6040,that's Halloween.,False,0
6041,"a witch, yeah.",False,0
6042,huh?,False,0
6043,"oh, you can pretend to be, yes, at Halloween time.",False,0
6044,yes.,False,0
6045,you would like to frighten people?,False,0
6046,"oh, you don't?",False,0
6047,yes.,False,0
6048,does that turn?,False,0
6049,do you see these words?,False,0
6050,what?,False,0
6051,on the side see?,False,0
6052,you can spell these words.,False,0
6053,are men?,False,0
6054,yes.,False,0
6055,in houses?,False,0
6056,yes.,False,0
6057,see?,False,0
6058,that looks like that.,False,0
6059,"Adam, you can turn it on the other side too.",False,0
6060,that's right.,False,0
6061,oh.,False,0
6062,I see.,False,0
6063,where're you going?,True,1
6064,going?,False,0
6065,yeah.,False,0
6066,moving.,False,0
6067,where?,False,0
6068,somebody to California.,False,0
6069,"somebody's place, I think it was.",False,0
6070,"oh, what is that in the Jeep?",True,1
6071,dat a mother.,False,0
6072,"oh, that's a mother.",False,0
6073,"oh, the Daddy died?",False,0
6074,yeah.,False,0
6075,and that's a boy back there?,False,0
6076,yes.,False,0
6077,anybody else in the family?,False,0
6078,yeah.,False,0
6079,somebody's going To stay with the boy in there.,False,0
6080,that's another Daddy?,False,0
6081,yeah.,False,0
6082,what?,False,0
6083,it doesn't work?,False,0
6084,"oh, Adam, what is that?",True,1
6085,owl.,False,0
6086,what do you think the string is for?,True,1
6087,for what you do?,True,1
6088,owl?,False,0
6089,for what?,False,0
6090,what do I think it is for?,True,1
6091,yeah.,False,0
6092,I don't know.,False,0
6093,what do you think it is for?,True,1
6094,he's flying?,False,0
6095,yes.,False,0
6096,what do you think he's doing now?,True,1
6097,he flying.,False,0
6098,he's flying?,False,0
6099,he has to go back.,False,0
6100,he caught his foot.,False,0
6101,mhm.,False,0
6102,let me see.,False,0
6103,one has to go this way and one this way.,False,0
6104,it's a telegraph key but it doesn't seem to work.,False,0
6105,I don't see it.,False,0
6106,do you?,False,0
6107,what are all those things behind you there?,True,1
6108,is there something else in the bag?,False,0
6109,yep.,False,0
6110,that's part of it?,False,0
6111,jump through the hole?,False,0
6112,I don't think he can jump through the hole.,False,0
6113,you turn it.,False,0
6114,good.,False,0
6115,yes.,False,0
6116,"no no, don't tear it off.",False,0
6117,can you blow in there?,False,0
6118,blow out.,False,0
6119,see?,False,0
6120,it willn't hurt you.,False,0
6121,"oh, Adam, that willn't hurt you.",False,0
6122,"look, Paul, look.",False,0
6123,let go.,False,0
6124,see?,False,0
6125,Paul caught it.,False,0
6126,you going to try it again?,False,0
6127,yeah.,False,0
6128,"alright now, stand back and throw them.",False,0
6129,"oh sure, you can.",False,0
6130,what do you think he's saying?,True,1
6131,what do owls say?,True,1
6132,whoo_ooo.,False,0
6133,yes.,False,0
6134,whooo whooo whooo.,False,0
6135,"I don't think they crawl, no.",False,0
6136,"they walk, don't they?",False,0
6137,and fly.,False,0
6138,that what?,False,0
6139,to have a wheel on it?,False,0
6140,yes.,False,0
6141,you're going to pick it up?,False,0
6142,you pick it up.,False,0
6143,no.,False,0
6144,"it's not a snail, is it?",False,0
6145,what is it?,True,1
6146,"it reminds you of a snail, doesn't it?",False,0
6147,no.,False,0
6148,no.,False,0
6149,that's a blowout.,False,0
6150,what is it?,True,1
6151,it's not a blowout.,False,0
6152,alright.,False,0
6153,what shall we play?,True,1
6154,flowers.,False,0
6155,so he can plant them.,False,0
6156,you like pretty flower plants?,False,0
6157,in your garden?,False,0
6158,what kind of flowers do you like?,True,1
6159,I like roast beef chicken flowers.,False,0
6160,"oh, I don't think I've ever seen any roast beef and chicken",False,0
6161,no.,False,0
6162,oh?,False,0
6163,now what happens?,True,1
6164,the jeep is coming in.,False,0
6165,the what?,False,0
6166,the jeep is coming in.,False,0
6167,what does the jeep do?,True,1
6168,it's takes it.,False,0
6169,"oh, I see.",False,0
6170,"yes, it is nap time.",False,0
6171,"oh, I missed.",False,0
6172,now you do it.,False,0
6173,before you go.,False,0
6174,yes.,False,0
6175,now try this one.,False,0
6176,"yes, you did.",False,0
6177,try again.,False,0
6178,"oh, you aren't trying.",False,0
6179,oh?,False,0
6180,"that's not part of that, is it?",False,0
6181,I didn't know what it was.,True,1
6182,ok.,False,0
6183,do they?,False,0
6184,"that doesn't stay on, does it?",False,0
6185,why not?,False,0
6186,dat how it goes.,True,1
6187,"oh, somebody was a careless driver.",False,0
6188,it's a good thing they had their seat belts on.,False,0
6189,you're a nervous driver?,False,0
6190,yeah.,False,0
6191,oops.,False,0
6192,in there?,False,0
6193,is there a nervous driver in there?,False,0
6194,"what's a nervous driver, Adam?",True,1
6195,alright.,False,0
6196,she has to write.,False,0
6197,she said.,False,0
6198,alright?,False,0
6199,did you tell Ursula what a nervous driver is?,True,1
6200,oh?,False,0
6201,oh?,False,0
6202,yes.,False,0
6203,"oh, what do you have to keep it for?",True,1
6204,"oh, where're you going?",True,1
6205,we has to get out our trucks.,False,0
6206,"oh, where do you work?",True,1
6207,he said.,False,0
6208,you and I.,False,0
6209,where do we work?,True,1
6210,way down to Boston.,False,0
6211,where in Boston?,False,0
6212,right here in Boston.,False,0
6213,"yes, it's part of Boston.",False,0
6214,city?,False,0
6215,yeah.,False,0
6216,do you know any other cities?,False,0
6217,yeah.,False,0
6218,what?,False,0
6219,car.,False,0
6220,that's the box *NULL* they put the food in?,True,1
6221,yeah.,False,0
6222,all of those are boxes of food?,False,0
6223,"oh, they live on the top?",False,0
6224,yeah.,False,0
6225,ok.,False,0
6226,to the city of Boston?,False,0
6227,yeah.,False,0
6228,alright.,False,0
6229,you have a giant coming through the city of Boston,False,0
6230,good.,False,0
6231,"oh, what kind of church is that?",True,1
6232,dat where you work.,True,1
6233,"oh, they did?",False,0
6234,a garage.,False,0
6235,"oh, I see.",False,0
6236,hhmm?,False,0
6237,the wheels cann't get in.,False,0
6238,they cann't?,False,0
6239,yeah.,False,0
6240,poor Paul.,False,0
6241,no no no.,False,0
6242,no no no.,False,0
6243,and why are you taking my garage?,True,1
6244,not your garage.,False,0
6245,that was my garage.,False,0
6246,he might hurt himself on this.,False,0
6247,"no, just to stand up.",False,0
6248,"no no, Paul.",False,0
6249,"oh, you're shoveling the snow off?",False,0
6250,yes.,False,0
6251,"careful, Adam.",False,0
6252,don't hit Paul on the head.,False,0
6253,do what?,False,0
6254,"oh no, don't hit him with that.",False,0
6255,that might hurt him.,False,0
6256,"oh, that wasn't very kind to do.",False,0
6257,"he's too big to jump through that hole, don't you think?",False,0
6258,I 'm too big to jump through that hole.,False,0
6259,"no, you're too big.",False,0
6260,the hole is too small.,False,0
6261,"did you go to school this morning, Adam?",False,0
6262,yeah.,False,0
6263,yes?,False,0
6264,one more.,False,0
6265,hhmm?,False,0
6266,did you turn it over?,False,0
6267,is there anything on the other side?,False,0
6268,no.,False,0
6269,you put them anywhere you want to on the other side.,False,0
6270,"you know you play a matching game, Adam and put the letters under",False,0
6271,"you're right, that's an ol.",False,0
6272,look and see.,False,0
6273,mhm.,False,0
6274,that's a kl.,False,0
6275,do you know what that is?,True,1
6276,bl.,False,0
6277,what is it?,True,1
6278,bl.,False,0
6279,that's right.,False,0
6280,"good for you, Adam.",False,0
6281,what do you think it looks like?,True,1
6282,I don't know.,False,0
6283,it looks like an xl.,False,0
6284,would you like an apple?,False,0
6285,I like apples.,False,0
6286,"yes, you may eat that one.",False,0
6287,that's right.,False,0
6288,you were just playing with Paul?,False,0
6289,did you tell Ursula what happened in the barber shop?,True,1
6290,what happened?,True,1
6291,ok.,False,0
6292,what happened in the barber shop?,True,1
6293,she wets my hair.,False,0
6294,after it's cut?,False,0
6295,yeah.,False,0
6296,oh good.,False,0
6297,what are you looking for?,True,1
6298,look for dese sticking out.,False,0
6299,"oh, what's that?",True,1
6300,it's a ql.,False,0
6301,"I didn't say you're cute, I said that's a ql.",False,0
6302,that you just put in.,True,1
6303,this is a ql with the little thing sticking out.,False,0
6304,looks like what?,False,0
6305,a cane.,False,0
6306,yes.,False,0
6307,what is that?,True,1
6308,oh good.,False,0
6309,Hercules the fire engine.,False,0
6310,you stay down here.,False,0
6311,not yet.,False,0
6312,she hold his hands?,False,0
6313,yeah.,False,0
6314,hhmm?,False,0
6315,ok.,False,0
6316,"Paul, stand up.",False,0
6317,Adam wants Ursula to see if you can walk.,True,1
6318,you aren't big enough to play that game.,False,0
6319,like a what?,False,0
6320,a camel.,False,0
6321,like a camel?,False,0
6322,yeah.,False,0
6323,he can talk?,False,0
6324,yeah.,False,0
6325,what can he say?,True,1
6326,da da.,False,0
6327,he can?,False,0
6328,yeah.,False,0
6329,can you understand him?,False,0
6330,I can understand myself.,False,0
6331,I hope so.,False,0
6332,"oh, that's nice.",False,0
6333,"no, I don't think so, does it?",False,0
6334,I don't know about that.,False,0
6335,don't you turn it around?,False,0
6336,no.,False,0
6337,no.,False,0
6338,no.,False,0
6339,why is it easier to do it that way?,True,1
6340,oh?,False,0
6341,that's alright.,False,0
6342,"I almost sat on Paul, he moves so quickly.",False,0
6343,"you're not big enough to play the game, Adam says.",False,0
6344,"oh, he'll play a game with some blocks.",False,0
6345,three two what?,False,0
6346,dot dot.,False,0
6347,do you remember what you told Mommy about this?,True,1
6348,you said it was an al upsidedown.,False,0
6349,"no, that's properly.",False,0
6350,"but it wasn't an al at all, was it?",False,0
6351,it was a vl.,False,0
6352,"you're not big enough to play the game yet, ok?",False,0
6353,he thinks he's grown a little.,False,0
6354,hhmm?,False,0
6355,because they're just babies.,False,0
6356,"what're you going to do with that, Paul?",True,1
6357,I see it.,False,0
6358,mhm.,False,0
6359,"well, I 'm sorry, Paul.",False,0
6360,you'll have to grow a little.,False,0
6361,yes.,False,0
6362,"no, I put that there for you.",False,0
6363,you might be able to see what you write better if you use that.,True,2
6364,I don't understand why you want that.,True,1
6365,"oh, he's grown enough?",False,0
6366,yeah.,False,0
6367,ok.,False,0
6368,I'll play over here with him so he willn't bother you.,False,0
6369,ok.,False,0
6370,"well, come on.",False,0
6371,a small bug and what?,False,0
6372,big bug.,False,0
6373,the big bug?,False,0
6374,what kind of bug.,False,0
6375,just bug.,False,0
6376,"oh, what do bugs like to eat?",True,1
6377,who is Michael?,True,1
6378,I don't know.,False,0
6379,"oh, he goes to nursery school?",False,0
6380,"Adam, what about your board over here?",False,0
6381,how are you doing with it?,True,1
6382,I ready.,False,0
6383,"no, I don't think so.",False,0
6384,this morning?,False,0
6385,yes.,False,0
6386,he didn't play with anything this morning.,False,0
6387,he went to sleep this morning.,False,0
6388,this morning?,False,0
6389,he was playing with the cow.,False,0
6390,"Adam, no no, not in his face.",False,0
6391,she turned the direction so she could hear better.,False,0
6392,"careful, don't push him down, honey.",False,0
6393,"Paul, why don't you come over here.",True,1
6394,"Adam, can you spell your name over here?",False,0
6395,look here.,False,0
6396,Adam.,False,0
6397,can you put these letter on here?,False,0
6398,I cann't make those hl.,False,0
6399,you don't have to make it.,False,0
6400,I mean with these.,False,0
6401,mhm.,False,0
6402,let him look at one.,False,0
6403,"here, Paul.",False,0
6404,"what is this, Adam?",True,1
6405,a channel.,False,0
6406,"no, he does not.",False,0
6407,when does Walt Disney come on?,True,1
6408,I don't know.,False,0
6409,he comes on on Sunday.,False,0
6410,"no, just Sunday.",False,0
6411,"we saw a funny program, didn't we?",False,0
6412,about a funny dog.,False,0
6413,yes.,False,0
6414,yes.,False,0
6415,they were shooting at him and the in the stall was what?,False,0
6416,wolf.,False,0
6417,"no, a big bull.",False,0
6418,and the dog got frightened of the big bull and backed out.,False,0
6419,bull?,False,0
6420,yes.,False,0
6421,"no, I don't think he'd like you in there either.",False,0
6422,yes.,False,0
6423,"careful, Adam.",False,0
6424,you're heavier than Paul.,False,0
6425,you might hurt him.,False,0
6426,what else happened?,True,1
6427,do you remember the name of the story?,False,0
6428,yes.,False,0
6429,what was it?,True,1
6430,a funny cartoon.,False,0
6431,it's about Hector.,False,0
6432,the stowaway pup.,False,0
6433,"yes, it was.",False,0
6434,why are you doing that?,True,1
6435,is that the way *NULL* you dash away?,True,1
6436,"no, Paul.",False,0
6437,what are you eating?,True,1
6438,apples.,False,0
6439,why are you eating an apple?,True,1
6440,do you know why?,False,0
6441,why?,False,0
6442,I don't know why.,False,0
6443,do what?,False,0
6444,I do hl.,False,0
6445,do you know what that is?,True,1
6446,hl el.,False,0
6447,"no, do you know what this spells?",True,1
6448,mine says pl al ul ll.,False,0
6449,what does that spell?,True,1
6450,me said tl vl el il ll.,False,0
6451,what does that spell?,True,1
6452,pl ul il ml ol.,False,0
6453,this is Paul's name.,False,0
6454,see?,False,0
6455,that's Paul's name.,False,0
6456,let's see if I can find enough letters to spell your name.,True,1
6457,d a l e.,False,0
6458,that's your name.,False,0
6459,ok.,False,0
6460,hhmm?,False,0
6461,whose glove is that?,True,1
6462,yeah.,False,0
6463,that's Ursula's glove.,False,0
6464,you have pretty gloves?,False,0
6465,yeah.,False,0
6466,who said your gloves were pretty?,True,1
6467,myself.,False,0
6468,"this is another word, Adam.",False,0
6469,that's hl el he.,False,0
6470,here's another word.,False,0
6471,her.,False,0
6472,"here's another word, Adam, look.",False,0
6473,"Paul, you come over and play with this.",False,0
6474,that's for big boys Adam said.,False,0
6475,what is that?,True,1
6476,hl.,False,0
6477,a snail?,False,0
6478,yes.,False,0
6479,what does a snail do?,True,1
6480,I think that's the number six.,False,0
6481,"no, this is channel two.",False,0
6482,this is two.,False,0
6483,where is four?,True,1
6484,what do you mean?,True,1
6485,poor Paul.,False,0
6486,you're having a hard time.,False,0
6487,thank you.,False,0
6488,that's alright.,False,0
6489,he can play with a few.,False,0
6490,"yes, maybe he's big enough now.",False,0
6491,how is what?,True,1
6492,dat.,False,0
6493,"oh, why don't you go get some?",True,1
6494,dey right here.,False,0
6495,what do you mean channel four stops on two.,True,1
6496,why are you hiding behind there?,True,1
6497,four goes here.,False,0
6498,what goes next?,True,1
6499,channel ol goes next.,False,0
6500,what is that?,True,1
6501,tl.,False,0
6502,that's kl.,False,0
6503,Mrs Bekaer.,False,0
6504,"well, kl starts with key, yes.",False,0
6505,"no, they have to be like that.",False,0
6506,what does vl sound like?,True,1
6507,dl.,False,0
6508,do you know what that sounds like?,True,1
6509,"Adam, will you say one two three four?",False,0
6510,you say it.,False,0
6511,oh yes.,False,0
6512,that's alright.,False,0
6513,something's sticking out on the tape recorder?,False,0
6514,what do you think it is?,True,1
6515,do you have a Harvard shirt on?,False,0
6516,what?,False,0
6517,"oh, the dresser is hurting your head.",False,0
6518,why are you putting your head on the dresser?,True,1
6519,does it still hurt you?,False,0
6520,it what?,False,0
6521,"Adam, maybe you can use these.",False,0
6522,you have some?,False,0
6523,where?,False,0
6524,what colors do you have?,True,1
6525,red and blue?,False,0
6526,anything else?,False,0
6527,hmm?,False,0
6528,"well, it'd be nicer to leave the box there and just take them out.",False,0
6529,if you leave the box there then we'll know where it is.,True,2
6530,alright.,False,0
6531,"would you get your handkerchief, please?",False,0
6532,what did you see on television last night?,True,1
6533,did it have a lion in it?,False,0
6534,did it have a scarecrow in it?,False,0
6535,did it have a wizard in it?,False,0
6536,that's right.,False,0
6537,can you?,False,0
6538,I don't think so.,False,0
6539,"it's glued on there, isn't it?",False,0
6540,do you know why those people wanted to go see the wizard?,True,1
6541,you don't know?,False,0
6542,you don't know why?,False,0
6543,they each wanted the wizard to do something.,False,0
6544,do you know what the lion wanted?,True,1
6545,handle it very gently.,False,0
6546,you can open one end.,False,0
6547,"yes, you open it.",False,0
6548,now let's see.,False,0
6549,the stick,False,0
6550,attach rubber.,False,0
6551,we have to attach it to this little hook.,False,0
6552,I 'm taking out the tail part.,False,0
6553,I think you can take this piece out too.,False,0
6554,really?,False,0
6555,"alright, Adam.",False,0
6556,take this piece off very carefully.,False,0
6557,these we put into here.,False,0
6558,these are wings and we're putting them into the clip.,False,0
6559,mmhm.,False,0
6560,no.,False,0
6561,this is the wing.,False,0
6562,and another wing.,False,0
6563,I 'm taking the end off.,False,0
6564,then they can attach by themselves.,False,0
6565,we're putting this clip onto the stick so it will go like an.,False,0
6566,it's not easy.,False,0
6567,"no, it's not so easy.",False,0
6568,"oh, I see it did.",False,0
6569,now you turn the propeller many times.,False,0
6570,"ok, let's try it.",False,0
6571,you try it.,False,0
6572,now hold it up in the air and let go.,False,0
6573,it's a Sky_Dart.,False,0
6574,the same way *NULL* you put it together.,True,1
6575,oh no.,False,0
6576,why don't you leave it together?,True,1
6577,"oh, a bit more.",False,0
6578,a Sky_Dart.,False,0
6579,"Paul, Adam's talking to you.",False,0
6580,do it more until it's tight.,False,0
6581,"no, it doesn't have wheels.",False,0
6582,sometimes.,False,0
6583,"well, it's not a regular airplane.",False,0
6584,it's what you call a Sky_Dart.,True,1
6585,that's why the wings aren't straight.,True,1
6586,hmm?,False,0
6587,"see, Paul.",False,0
6588,mmhm.,False,0
6589,thank you.,False,0
6590,he didn't give me anything.,False,0
6591,I took some paper from him.,False,0
6592,I took it from him.,False,0
6593,the tail.,False,0
6594,the rudder.,False,0
6595,no?,False,0
6596,which part don't you like?,True,1
6597,alright.,False,0
6598,you can have it straight.,False,0
6599,wind it many times.,False,0
6600,that makes it fly.,False,0
6601,that's right.,False,0
6602,"well, don't hold the rubber band.",False,0
6603,because then you keep it from turning.,False,0
6604,no.,False,0
6605,"no no, don't let Paul get it.",False,0
6606,that's right.,False,0
6607,"well, he likes it but he doesn't know how to handle it carefully.",True,1
6608,"you aren't holding the rubber band, are you?",False,0
6609,it turns too.,False,0
6610,see how the band is being twisted?,True,1
6611,"the wings don't turn, do they?",False,0
6612,what are those?,True,1
6613,I thought you said that was a propeller.,False,0
6614,"no, it was right but it fell on its tail.",False,0
6615,on a caboose?,False,0
6616,what kind of caboose?,False,0
6617,you need to hold it up like this.,False,0
6618,thank you.,False,0
6619,I guess when it hits the floor it hits so hard that it falls off.,True,1
6620,mmhm.,False,0
6621,I heard it.,False,0
6622,that's the place *NULL* to attach the dart to the propeller.,True,1
6623,no?,False,0
6624,why?,False,0
6625,it thought your arm was a tree.,False,0
6626,why did it think that?,True,1
6627,you didn't hold it up high enough.,False,0
6628,first you wind it many times,False,0
6629,then you hold it here and here and let go.,False,0
6630,Paul wouldn't know what to do with an airplane.,True,1
6631,"I don't think I would, Adam, because it's not very strong.",False,0
6632,"you willn't cut your finger, what?",False,0
6633,"oh yes, when it snaps.",True,1
6634,that's a strong rubber band.,False,0
6635,"oh, did it break?",False,0
6636,"not in that, but people get in real airplanes, don't they?",False,0
6637,it doesn't fly all by itself.,False,0
6638,you help it by turning the propeller.,False,0
6639,I just don't think that Paul is interested.,False,0
6640,where?,False,0
6641,are there any children?,False,0
6642,oh.,False,0
6643,you made it?,False,0
6644,who made it?,True,1
6645,"oh, you made one.",False,0
6646,mmhm.,False,0
6647,a little boy *NULL* named George.,True,1
6648,and he had a sister *NULL* named what?,True,1
6649,"no, Tony was the little baby.",False,0
6650,his sister's name was what?,False,0
6651,the little girl.,False,0
6652,her name is Sheila.,False,0
6653,Sheila.,False,0
6654,"careful, Adam, you may break your airplane.",False,0
6655,mmhm.,False,0
6656,your Sky_Dart.,False,0
6657,the what?,False,0
6658,you don't?,False,0
6659,"well, are you being very very careful with it?",False,0
6660,"it fell on that, on that part, Adam.",False,0
6661,those are bright tone crayons.,False,0
6662,careful.,False,0
6663,pick the one *NULL* you dropped on the floor up.,True,1
6664,what do you think that is?,True,1
6665,they're all black?,False,0
6666,I 'm asking you.,False,0
6667,"no, they aren't all black.",False,0
6668,"yes, I think that's black.",False,0
6669,"no, the paper is.",False,0
6670,some of the paper is black.,False,0
6671,but that's yellow.,False,0
6672,the yellow black thing.,False,0
6673,I don't know why the black should be on the yellow.,True,1
6674,all the others have their own color.,False,0
6675,maybe they made a mistake,False,0
6676,"oh, honey.",False,0
6677,"yes, you made a mistake.",False,0
6678,"no, Adam.",False,0
6679,"careful, honey.",False,0
6680,"fell, went over you.",False,0
6681,what are you going to do with it?,True,1
6682,"oh, Adam.",False,0
6683,an airplane fell on your little brother.,False,0
6684,Adam.,False,0
6685,Adam.,False,0
6686,did you make another mistake?,False,0
6687,you're pushing Paul.,False,0
6688,"will you take those and put them back in the crayon box, so they",False,0
6689,yes.,False,0
6690,why would you want to break them?,True,1
6691,you don't like crayons?,False,0
6692,you think that is meat?,False,0
6693,what kind of meat?,False,0
6694,"you made two of that, Adam?",False,0
6695,hmm?,False,0
6696,because you took them out.,False,0
6697,"that has two ends and evidently you opened both of them, now where",False,0
6698,you magicked them?,False,0
6699,where did you magic them to?,True,1
6700,you mean you made them disappear?,False,0
6701,who has to leave and get them?,True,1
6702,"oh, the airplane does.",False,0
6703,alright.,False,0
6704,you don't want it to fall.,False,0
6705,"well, I need my bricks if I have to build my building.",True,1
6706,your hands are what?,False,0
6707,yes.,False,0
6708,"you weren't such a magician after all, were you?",False,0
6709,"well, these are Paul's.",False,0
6710,I 'm giving these to Paul.,False,0
6711,no no.,False,0
6712,"he has blocks too, you know.",False,0
6713,"here, Paul.",False,0
6714,let him have one block while you build your building.,False,0
6715,thank you.,False,0
6716,mmhm.,False,0
6717,this is my building over here.,False,0
6718,I didn't knock mine down.,False,0
6719,so I see.,False,0
6720,"no no, Paul.",False,0
6721,you'll cut your little fingers there.,False,0
6722,he's just a little baby.,False,0
6723,he cann't play well yet.,False,0
6724,"watch the propeller, Paul.",False,0
6725,"Paul, can you say airplane.",False,0
6726,"Paul, Adam wants to know if you can say airplane.",True,1
6727,alright.,False,0
6728,this is your house.,False,0
6729,it fell apart again.,False,0
6730,it's going to fall apart?,False,0
6731,why?,False,0
6732,"well, because it's just a little Sky_Dart.",False,0
6733,"no, why would you take it apart?",True,1
6734,oh?,False,0
6735,my what?,False,0
6736,I put the men in my house?,False,0
6737,in the airplane.,False,0
6738,alright.,False,0
6739,go in the airplane.,False,0
6740,"well, he's too fat.",False,0
6741,I don't think he can go in the airplane.,False,0
6742,I wouldn't laugh about that.,False,0
6743,they're too heavy.,False,0
6744,"are you ready, Adam?",False,0
6745,"no, it didn't break.",False,0
6746,what?,False,0
6747,now how can you fly the Sky_Dart?,True,1
6748,"well, don't break the airplane.",False,0
6749,ok.,False,0
6750,"you cann't sit on Paul, dear.",False,0
6751,he's not quite big enough yet.,False,0
6752,now what do I do?,True,1
6753,one two three four.,False,0
6754,what?,False,0
6755,"Paul, Adam says it's your turn.",False,0
6756,you take Paul's turn because he cann't do that.,False,0
6757,I 'm watching.,False,0
6758,why do you think it does *T*-1?,False,0
6759,he what?,False,0
6760,"no, be careful, Adam.",False,0
6761,"no, you didn't.",False,0
6762,you hit the side of the chair.,False,0
6763,"you don't throw blocks, you know.",False,0
6764,"no, you don't.",False,0
6765,alright.,False,0
6766,you may make them ski just two at a time.,False,0
6767,"no no, Paul.",False,0
6768,where's your handkerchief *T*-1?,False,0
6769,oh yes.,False,0
6770,wait a minute.,False,0
6771,close it up.,False,0
6772,that's right.,False,0
6773,you can.,False,0
6774,"oh, shall I show you?",False,0
6775,yes please.,False,0
6776,you hold him down here and squeeze and it makes him jump.,False,0
6777,you squeeze and then let go.,False,0
6778,is that what he's doing?,True,1
6779,because he's holding on by his hands.,False,0
6780,you show me how.,False,0
6781,what do I do *T*-1?,False,0
6782,"oh, I see.",False,0
6783,"oh, he's clever isn't he?",False,0
6784,let's call him Clever the Clown?,False,0
6785,"well, you didn't finish playing with this yet.",False,0
6786,pull it out and see.,False,0
6787,"oh, careful.",False,0
6788,you look like a Chinese princess.,False,0
6789,a blonde wig.,False,0
6790,it's a wig.,False,0
6791,why are you backing away *T*-1?,False,0
6792,"look at this, Adam.",False,0
6793,I like this.,False,0
6794,what do you suppose this is?,True,1
6795,a lion!,False,0
6796,do you think that's a lion?,False,0
6797,look at it again.,False,0
6798,what do you think he is *T*-1?,False,0
6799,"no, that doesn't look like a lion.",False,0
6800,"yes, it looks like a leopard.",False,0
6801,that's the way *NULL* he fights.,True,1
6802,that's the way *NULL* he has to get his food.,True,1
6803,if he's in a cage.,True,1
6804,"no, I don't think so.",False,0
6805,"yes, he may try.",False,0
6806,it wouldn't fit me.,False,0
6807,I 'm a little too big.,False,0
6808,"you've seen people wear those, haven't you?",False,0
6809,a what?,False,0
6810,uniform?,False,0
6811,what kind of uniform?,False,0
6812,"no, you're asking me.",False,0
6813,no.,False,0
6814,"well, that's part of the dress that some people wear.",True,1
6815,remember in your book.,False,0
6816,I think it's Chinese.,False,0
6817,that was an accident.,False,0
6818,"oh, come on.",False,0
6819,put it on.,False,0
6820,let me find a mirror so you can look at yourself.,False,0
6821,"oh, you'd like me to buy a dress like that?",False,0
6822,"that's pretty, isn't it?",False,0
6823,a dragon.,False,0
6824,I don't think so.,False,0
6825,what?,False,0
6826,there were two other ones.,False,0
6827,so two people can play.,False,0
6828,yes.,False,0
6829,oh.,False,0
6830,"yes, that's almost all.",False,0
6831,you do.,False,0
6832,what time is it?,True,1
6833,"well, you're right.",False,0
6834,can you tell time?,False,0
6835,you come over here and let me see if you can tell time.,True,1
6836,you say that's six o' clock.,False,0
6837,what time is it now?,True,1
6838,"oh, that's three thirty five.",False,0
6839,"no, that's six thirty.",False,0
6840,that's five minutes after five.,False,0
6841,"no, that's dinner time.",False,0
6842,I don't think you can get it in your pocket.,False,0
6843,you have to put it back in the bag.,False,0
6844,be careful.,False,0
6845,"yes, it did.",False,0
6846,it's a recorder.,False,0
6847,recorder.,False,0
6848,blowing cars?,False,0
6849,what do you mean?,True,1
6850,what do you mean?,True,1
6851,you can move it anywhere you want.,False,0
6852,you can change the shape.,False,0
6853,you could wear it for a bracelet.,False,0
6854,what?,False,0
6855,you better put things in it?,False,0
6856,what kind of things would you put in it?,True,1
6857,did you show Ursula your car?,False,0
6858,a net?,False,0
6859,what are you catching?,True,1
6860,what kind of fish did you catch?,True,1
6861,thank you.,False,0
6862,"yes, I like fish.",False,0
6863,thank you.,False,0
6864,what kind of fish is this?,True,1
6865,thank you.,False,0
6866,thank you.,False,0
6867,I think I have enough fish now.,False,0
6868,thank you.,False,0
6869,"well, they have to be clean.",False,0
6870,they don't roll?,False,0
6871,why not?,False,0
6872,why do you think they don't?,True,1
6873,alright.,False,0
6874,I'll cook them tonight.,False,0
6875,"don't put it in there, Adam.",False,0
6876,you may forget it.,False,0
6877,she has to take them back home.,False,0
6878,why don't you put it some place so that you willn't forget it.,True,1
6879,what?,False,0
6880,some meat?,False,0
6881,no thank you.,False,0
6882,we're going to have fish.,False,0
6883,what else shall we have for supper?,True,1
6884,beans?,False,0
6885,peas?,False,0
6886,and what else?,False,0
6887,and macaroni?,False,0
6888,anything else?,False,0
6889,what would I like from the store?,True,1
6890,some soup and some juice.,False,0
6891,and some hamburger.,False,0
6892,goodbye.,False,0
6893,I thought that was the store over near the window.,False,0
6894,no?,False,0
6895,some macaroni.,False,0
6896,thank you.,False,0
6897,this is my refrigerator.,False,0
6898,right here.,False,0
6899,you can look.,False,0
6900,"Adam, why don't you show Ursula what you did yesterday?",True,2
6901,I think it's on the other page on the back.,False,0
6902,there.,False,0
6903,yes.,False,0
6904,I guess not.,False,0
6905,yes.,False,0
6906,it's a poodle.,False,0
6907,"it works like a puppet, Adam.",False,0
6908,you put your hand in it.,False,0
6909,that's right.,False,0
6910,you were getting it right.,False,0
6911,call somebody back?,False,0
6912,oh?,False,0
6913,alright.,False,0
6914,I don't usually keep soup in my refrigerator.,False,0
6915,I keep it in the cabinet.,False,0
6916,"oh, the shelf right there.",False,0
6917,"no, the one down here with the bus.",False,0
6918,what kind of soup did you buy for me?,True,1
6919,"oh, thank you.",False,0
6920,"yes, that was a loud noise.",False,0
6921,what was it?,True,1
6922,"Paul, what?",False,0
6923,"oh, did Paul say what was it?",True,1
6924,"no, I said what was it.",True,1
6925,not better what?,False,0
6926,"no, food is better than what?",False,0
6927,than hair?,False,0
6928,what hair?,False,0
6929,"no, those are Bandaids.",False,0
6930,what do you have on your neck?,True,1
6931,absolutely nothing.,False,0
6932,"I think I need to find your suspenders, don't you think so?",False,0
6933,you look like you're about to lose your pants.,False,0
6934,how're you going *T*-2 to get it off if I put it on?,True,2
6935,which finger?,False,0
6936,what did you forget?,True,1
6937,is that what he did?,True,1
6938,did he ever remember what he forgot?,True,1
6939,no thank you.,False,0
6940,I don't think I need anything else from the store today.,False,0
6941,what do I have to do right now?,True,1
6942,what do you have to do?,True,1
6943,what're you going to cook for supper tonight?,True,1
6944,macaroni and beans.,False,0
6945,and fish.,False,0
6946,why don't you use the other part of the shelf there for a stove?,True,1
6947,"no, the other part.",False,0
6948,yes.,False,0
6949,how do you cook macaroni?,True,1
6950,how do you cook it?,True,1
6951,my pants is are going to lose.,False,0
6952,you mean you're going to lose your pants.,False,0
6953,I don't know.,False,0
6954,because you wanted me to put it on your finger.,False,0
6955,"no, just one.",False,0
6956,we have to keep those in case we have a real emergency.,False,0
6957,you have dirt on your finger?,False,0
6958,"well, you need to put soap and water on it, not a Bandaid.",False,0
6959,no no.,False,0
6960,I don't think so.,False,0
6961,do you like that?,False,0
6962,you don't like it either?,False,0
6963,why do you call those sunglasses?,True,1
6964,why do you call those sunglasses *T*-1?,False,0
6965,can you?,False,0
6966,those are Ursula's glasses.,False,0
6967,you do too have glasses.,False,0
6968,you have sunglasses that she gave you.,True,1
6969,yes.,False,0
6970,"oh, with the glasses?",False,0
6971,why do you think she looks like a raccoon with the glasses on?,True,1
6972,around their eyes?,False,0
6973,some puppies do.,False,0
6974,we saw a puppy in the pet shop that had spots around his eyes.,True,1
6975,"yes, some puppies don't.",False,0
6976,yes.,False,0
6977,"no, puppies what?",False,0
6978,"oh, Adam, don't lean on my foot.",False,0
6979,no.,False,0
6980,"well, he's probably played with so much that it's just about to.",False,0
6981,Adam.,False,0
6982,did you tell Ursula why you call a scarecrow a scarecrow?,True,1
6983,that's right.,False,0
6984,because my hand is too large to go any further.,False,0
6985,"no, it's not.",False,0
6986,your hand fits in there further than mine.,False,0
6987,hello.,False,0
6988,what?,False,0
6989,you're getting ready to fly?,False,0
6990,I 'm not keeping you from flying.,False,0
6991,an extension cord.,False,0
6992,"not very far in the air, did it?",False,0
6993,"yes well, that's far enough because that's not the part that.",False,0
6994,where's the other part?,True,1
6995,why what?,False,0
6996,why does the other part leave?,True,1
6997,that's the way *NULL* a rocket blasts off.,True,1
6998,like we say astronaut.,False,0
6999,what was his name?,True,1
7000,"don't do that, please.",False,0
7001,then what will I keep my food in?,True,1
7002,on the shelf.,False,0
7003,"well, if I keep butter on the shelf it will melt, will it?",True,1
7004,no.,False,0
7005,in the bread box.,False,0
7006,"so, we'll hide it from Daddy and have a surprise?",False,0
7007,"except you always tell Daddy about the surprises, don't you?",False,0
7008,reach what?,False,0
7009,"oops, you lost something.",False,0
7010,"let's see, that's part of the motor.",False,0
7011,motor.,False,0
7012,alright.,False,0
7013,"well, later perhaps.",False,0
7014,I don't have anything *NULL* to put water in right now.,True,1
7015,can you put it back?,False,0
7016,oh goodness.,False,0
7017,I hope he can swim.,False,0
7018,what?,False,0
7019,he didn't fall out of the boot.,False,0
7020,the boat just tipped over.,False,0
7021,I think you can.,False,0
7022,a space boat?,False,0
7023,what's a space boat?,True,1
7024,"no, what was that that we watched?",True,2
7025,I don't remember.,False,0
7026,and where are they going?,True,1
7027,"oh, what is he doing out in the sailboat anyway?",True,1
7028,that's not where they live?,True,1
7029,"oh, I 'm glad.",False,0
7030,maybe so.,False,0
7031,but I don't think he rides in the boat.,False,0
7032,he probably rides in the car.,False,0
7033,"well, perhaps just to the water's edge.",False,0
7034,where?,False,0
7035,part of what?,False,0
7036,"oh, that's the water?",False,0
7037,I guess he has to let this down,False,0
7038,perhaps he uses his oar to push out from the shore.,False,0
7039,where's the oar?,True,1
7040,"oh, hurry up.",False,0
7041,he lost his sail.,False,0
7042,do you know why the boat has a sail on it?,True,1
7043,what do you think?,True,1
7044,why don't you try putting in?,False,0
7045,no?,False,0
7046,ok.,False,0
7047,perhaps the wind blows the boat over.,False,0
7048,"oh, is that what's happening?",True,1
7049,alright.,False,0
7050,oh hello.,False,0
7051,did you have a ride on your boat today.,False,0
7052,"oh, his boy went too.",False,0
7053,is he going down in there?,False,0
7054,I don't know.,False,0
7055,because you didn't have it down in there properly I guess.,False,0
7056,"no no, you don't throw that, Adam.",False,0
7057,"they're on the bed, Adam.",False,0
7058,"no no, not at each other.",False,0
7059,"let's stop throwing them, Adam.",False,0
7060,throw over on the bed where no one is sitting.,True,1
7061,I may have how many?,False,0
7062,what color are yours?,True,1
7063,what color is this?,True,1
7064,what color is this?,True,1
7065,what color is that one in your hand?,True,1
7066,what color is the other one?,True,1
7067,what color is this?,True,1
7068,what color is this?,True,1
7069,this is black?,False,0
7070,this is yellow.,False,0
7071,"no, you come over here and throw over there.",False,0
7072,see if you can get your spears onto the bed.,True,1
7073,why would you throw bugs?,True,1
7074,bugs try to get your spear?,False,0
7075,*NULL* you put them in the back and they go what?,True,1
7076,no no.,False,0
7077,alright.,False,0
7078,let's see who can get theirs on the bed.,True,1
7079,you have to come back here.,False,0
7080,why would you do that?,True,1
7081,you missed.,False,0
7082,my turn.,False,0
7083,Adam wanted to know the other day where the sun went *T*-1 when night,False,0
7084,over in your basket.,False,0
7085,there's yours over there.,False,0
7086,on the dresser.,False,0
7087,good.,False,0
7088,yours went on the bed.,False,0
7089,let's play what again?,False,0
7090,I wasn't looking.,False,0
7091,what's the matter?,True,1
7092,"put Ursula's coat back up on the bed, please.",False,0
7093,you knocked it down.,False,0
7094,no no no.,False,0
7095,"throw on the bed, Adam.",False,0
7096,"no no, on the bed.",False,0
7097,I threw mine on the bed.,False,0
7098,"yes, not on the bed, did you?",False,0
7099,you did not.,False,0
7100,"careful, Adam.",False,0
7101,Adam.,False,0
7102,would you go get that?,False,0
7103,let's not throw any more.,False,0
7104,because you hurt Paul.,False,0
7105,why would you want to do that?,True,1
7106,why not?,False,0
7107,don't you think it's going to be fun to have a little brother to,False,0
7108,why would you want to hurt him?,True,1
7109,how can you play with him if he's not in here?,True,2
7110,"Adam, now don't bother him anymore.",False,0
7111,he went way over there to play by himself.,False,0
7112,"no, Adam.",False,0
7113,why do you want to shoot him?,True,1
7114,"well, he willn't like to play with you if you keep doing things like",True,1
7115,"I saw, he can walk, yes.",False,0
7116,"what do you do with those little animals, Adam?",True,1
7117,here's one.,False,0
7118,where are the other ones?,True,1
7119,let's go find Perro.,False,0
7120,"oh, come on.",False,0
7121,"what did you do with the animals, Adam?",True,1
7122,it clip off?,False,0
7123,"what kind of bird is that, Adam?",True,1
7124,what kind of bird is that?,True,1
7125,those are rockets?,False,0
7126,"why are there so many, Adam?",True,1
7127,over by the door?,False,0
7128,did you look up on top of the dresser?,False,0
7129,"I didn't say that, Adam.",False,0
7130,that's different.,False,0
7131,why're there so many?,True,1
7132,that's all.,False,0
7133,it willn't stay.,False,0
7134,we're playing a little game.,False,0
7135,stay on top of the ball game.,False,0
7136,just try it and see if you can get the block to stay there.,True,1
7137,it's what?,False,0
7138,that's a lumber company truck.,False,0
7139,"Adam, you look so tall.",False,0
7140,did you think that?,False,0
7141,"what are you waiting for, Adam?",True,1
7142,"Adam, come and let me tie your shoes, please.",False,0
7143,"I only tied one, please.",False,0
7144,"everything is what, Adam?",False,0
7145,"no, I don't think so.",False,0
7146,"Adam, did you go to school this morning?",False,0
7147,did you call to school this week?,False,0
7148,"yes, you did, Adam Smith.",False,0
7149,didn't you go to school yesterday?,False,0
7150,tell her where you went this morning.,True,1
7151,"oh, just today you got new boots.",False,0
7152,black shoes?,False,0
7153,and what did Paul get?,True,1
7154,he curls his feet up so you cann't get the shoes on.,False,0
7155,"Adam, where are you going?",True,1
7156,"he's learning, isn't he?",False,0
7157,"oh, Adam, what're all those things over there by your bed?",True,1
7158,what kind of toys do you think she must have in the bag?,True,1
7159,"Adam, take out a few at a time.",False,0
7160,oh.,False,0
7161,"oh, Adam, what is this?",True,1
7162,what is this?,True,1
7163,what is this?,True,1
7164,what is this?,True,1
7165,no no no.,False,0
7166,you show him how they dance.,True,1
7167,"I think you broke these off the horse, didn't you?",False,0
7168,do you think you can juggle?,False,0
7169,"oh, what is this, Adam?",True,1
7170,a pig!,False,0
7171,does a pig have that in back?,False,0
7172,what is it?,True,1
7173,you saw one on television this morning.,False,0
7174,in the water this morning.,False,0
7175,"no, it wasn't a whale.",False,0
7176,seal.,False,0
7177,"no no, Adam.",False,0
7178,no no no no.,False,0
7179,what popped out?,True,1
7180,I don't think anything did.,False,0
7181,"a bee might try to get the nectar from the flower, yes.",False,0
7182,if it were real but this is a plastic flower.,True,1
7183,it's an orchid.,False,0
7184,perhaps if it were a real flower a bug might get in there too.,True,1
7185,"Adam, who is this?",True,1
7186,a chatty doll.,False,0
7187,"which one, Adam?",False,0
7188,you could.,False,0
7189,I think one did break in Cambridge.,False,0
7190,"did, was it be a comb.",False,0
7191,you could try it that way.,False,0
7192,"Adam, what is this?",True,1
7193,"good, Adam.",False,0
7194,you paste them together.,False,0
7195,you can make a bracelet with paper clips.,False,0
7196,there's a horse for the ballerina.,False,0
7197,what shall we do?,True,1
7198,"what do you think you could do with them, Adam?",True,1
7199,that's a good idea.,False,0
7200,what's a booboo clock?,True,1
7201,he has just one baby.,False,0
7202,"no, he just likes to throw things.",False,0
7203,flower.,False,0
7204,do you like flowers?,False,0
7205,I think you have just one car.,False,0
7206,you play over her.,False,0
7207,"Adam, we forgot to bring that flag home from nursery school.",False,0
7208,did you make one?,False,0
7209,ballerina?,False,0
7210,just like Captain_Kangaroo's ballerina.,False,0
7211,that probably is your train?,False,0
7212,"no, I don't think that's your train.",False,0
7213,"it's like your train, isn't it?",False,0
7214,I don't think you need your train.,False,0
7215,you've got that train.,False,0
7216,are those Fruit_loops or something like that?,False,0
7217,it is?,False,0
7218,just put your mouth on there a little.,False,0
7219,don't cover the hole.,False,0
7220,"wasn't there a story about a giraffe who couldn't talk, and he",True,1
7221,I was just doing this.,False,0
7222,"come away, Paul.",False,0
7223,no no.,False,0
7224,there's a heater over there and it's blowing in his face.,False,0
7225,in the hacec?,False,0
7226,"no, I don't think they say the hacec.",False,0
7227,I think they say the face.,False,0
7228,I don't know.,False,0
7229,yes.,False,0
7230,what happened?,True,1
7231,like a rocket?,False,0
7232,yes.,False,0
7233,you what?,False,0
7234,"no, what does that mean?",True,1
7235,yesterday he said something that sounded like Tallahassee.,True,1
7236,yesterday he said something that sounded like Tallahassee.,True,1
7237,I think he makes up his own newscasts.,False,0
7238,what do you say about Tallahassee?,True,1
7239,"oh, has a hassyc boy.",False,0
7240,"Adam, what's a hassyc boy.",True,1
7241,what's a hassyc?,True,1
7242,a genie back.,False,0
7243,what's a genie?,True,1
7244,what kind of statue?,False,0
7245,Paul!,False,0
7246,"yes, he was.",False,0
7247,about Tallahassee.,False,0
7248,I don't think she really walks.,False,0
7249,oh?,False,0
7250,you didn't finish telling Ursula about the American flag that you,False,0
7251,it's yours?,False,0
7252,why're you going to do that?,True,1
7253,"Adam, I think Mommy broke the dolly.",False,0
7254,broke the leg off.,False,0
7255,"no, the legs.",False,0
7256,yes.,False,0
7257,"what're you doing, Adam?",True,1
7258,"no no, you don't bother Ursula's bag.",False,0
7259,"but you can have a pencil, Adam.",False,0
7260,would you like some paper?,False,0
7261,say yes please.,False,0
7262,she cann't hear your head shake.,False,0
7263,did I put that in there?,False,0
7264,yes.,False,0
7265,all set.,False,0
7266,why are you so tired?,True,1
7267,I was trying to see if she would walk and I broke her legs.,True,1
7268,that dolly was made in Italy.,False,0
7269,mmhm.,False,0
7270,what?,False,0
7271,because they make dolls in Italy too and then they ship them to,False,0
7272,to be sold in the stores.,False,0
7273,"no no, Paul Smith.",False,0
7274,"well, let me get him out of the way, dear.",False,0
7275,hmm?,False,0
7276,you had an accident.,False,0
7277,your train fell off the track.,False,0
7278,Jack fell down and broke his crown.,False,0
7279,no.,False,0
7280,you did a long long time ago.,False,0
7281,because you're a little boy and little boys break things.,False,0
7282,"mmhm, that people bring.",True,1
7283,I don't know.,False,0
7284,probably why did she take my toys to that little Adam to get,False,0
7285,it's what?,False,0
7286,careful.,False,0
7287,what was it doing?,True,1
7288,"oh, it's an airplane.",False,0
7289,what is that turning?,True,1
7290,"yes, it may knock Paul.",False,0
7291,"no no, Paul.",False,0
7292,"no, he's saying I think that would be nice to eat.",False,0
7293,it's a car horn.,False,0
7294,it sounds like the horn is stuck.,False,0
7295,"careful, Adam.",False,0
7296,it may pop.,False,0
7297,you're going to take the broken doll to the shop on the airplane.,False,0
7298,"oh, you're not.",False,0
7299,and who is he?,True,1
7300,"well, why did you give him the broken doll?",True,1
7301,the what?,False,0
7302,the salesman who breaks dolls.,True,1
7303,"no no, Paul, put it down.",False,0
7304,alright.,False,0
7305,"now come over here with it, Adam.",False,0
7306,"well, you say tie this, please.",False,0
7307,"oh, that's nice.",False,0
7308,what kind of fish did you catch?,True,1
7309,a big fish.,False,0
7310,"oh, thank you.",False,0
7311,what kind of big fish is it?,True,1
7312,"oh, it's a large one.",False,0
7313,that's a small fish.,False,0
7314,what kind of fish is that?,True,1
7315,"oh, a swordfish.",False,0
7316,thank you.,False,0
7317,did you catch a cowboy on your fishing rod?,False,0
7318,"oh, what kind of fish is this?",True,1
7319,what was that *NULL* breaking?,True,2
7320,is that what it was?,True,1
7321,"oh, thank you.",False,0
7322,what kind of fish is this?,True,1
7323,you caught a brush?,False,0
7324,"oh, goodness.",False,0
7325,we have enough fish for supper.,False,0
7326,to my children.,False,0
7327,yes.,False,0
7328,there's a truck stuck.,False,0
7329,"gently, honey.",False,0
7330,you might hurt his head.,False,0
7331,you're brushing his hair like a Beatle's hair?,False,0
7332,my husband was talking about them last night and he was brushing,False,0
7333,Paul reminds me of the cat in Peter and the Wolf wondering if it was,True,1
7334,no.,False,0
7335,he had a little toy that rolled away from him and he sat there.,True,1
7336,the toy that rolls.,True,1
7337,down there near your belt.,False,0
7338,mmhm.,False,0
7339,to eat the bird.,False,0
7340,you do?,False,0
7341,that's going to pop.,False,0
7342,your name.,False,0
7343,"no, that's al.",False,0
7344,this is hl.,False,0
7345,"yes, that's Hercules.",False,0
7346,Hercules begins with an hl.,False,0
7347,your name begins with a al.,False,0
7348,Paul's name begins with a pl.,False,0
7349,al dl al ml.,False,0
7350,al.,False,0
7351,ml.,False,0
7352,"no, it seems that something must have been broken.",False,0
7353,I don't know what it was part of.,True,1
7354,I don't think Robin would have been walking down Washington Street.,False,0
7355,you thought you had it.,False,0
7356,I don't know who broke it.,True,1
7357,"no, I didn't break it.",False,0
7358,you didn't break it.,False,0
7359,it looks like the one that was on our rug that came back from the,True,2
7360,this been wrapped on here.,False,0
7361,it came from that and some little boy was playing with it on the,False,0
7362,and the company man came?,False,0
7363,the mailman?,False,0
7364,an advertisement?,False,0
7365,what're they advertising?,True,1
7366,careful careful.,False,0
7367,what is that now?,True,1
7368,you don't use your fishing rod like that.,False,0
7369,thank you.,False,0
7370,for catching fish.,False,0
7371,the Indians tied him up.,False,0
7372,why would you tie the poor Indians up?,True,1
7373,why?,False,0
7374,because he tied the cowboy up?,False,0
7375,they're going to beat him up?,False,0
7376,why are they going to do that?,True,1
7377,you like Indians that way?,False,0
7378,how're you goING To catch those.,True,1
7379,they look too tiny to bite.,False,0
7380,those are baby fish.,False,0
7381,why would you put that in your mouth?,True,1
7382,why would you put that in your mouth?,True,1
7383,no.,False,0
7384,these go on paper that you put in notebooks.,True,1
7385,and this keeps the holes from tearing.,False,0
7386,that's alright.,False,0
7387,you play on this side.,False,0
7388,a what?,False,0
7389,American what?,False,0
7390,American pole?,False,0
7391,what?,False,0
7392,"what're you doing, Adam?",True,1
7393,"Adam, what're you doing?",True,1
7394,if you break the pencil what will you have to write with?,True,2
7395,how could you write with it if you break it?,True,2
7396,I don't think that would work.,False,0
7397,"no no, Adam.",False,0
7398,don't break the pencil.,False,0
7399,she has to do lots of writing and she needs every pencil *NULL* she has.,True,1
7400,"no, you don't know what to do with pencils any more.",True,1
7401,"no, Mommy doesn't let you play with pencils anymore, does she?",False,0
7402,why would you do that?,True,1
7403,you tell Ursula why you cann't play with pencils anymore?,True,1
7404,"no, I 'm talking about the ones *NULL* you used for writing on the walls.",True,1
7405,for you?,False,0
7406,would you like a house?,False,0
7407,alright.,False,0
7408,shall we close the door?,False,0
7409,what?,False,0
7410,I was talking to your Mother.,False,0
7411,"Adam, did you go to school this morning?",False,0
7412,did you tell her that you ate lunch at school and you came home and,False,0
7413,"you must have been so hungry, Adam.",False,0
7414,what did you have for lunch at school today?,True,1
7415,you don't know.,False,0
7416,yes.,False,0
7417,if I were you?,True,1
7418,what?,False,0
7419,why does your tummy cry?,True,1
7420,"Adam, what are you peeking at already?",True,1
7421,to eat?,False,0
7422,you had two lunches already.,False,0
7423,why do you want something *NULL* to eat?,True,2
7424,she has two.,False,0
7425,how many do you have?,True,1
7426,ten?,False,0
7427,she didn't tell you you could look in there.,False,0
7428,"oh, you're not peeking.",False,0
7429,don't you peek then until you ask her.,False,0
7430,"well, what's the difference in looking and peeking?",True,1
7431,did you show Ursula your art gallery?,False,0
7432,that's very nice.,False,0
7433,did you show her your basket?,False,0
7434,"where's the hole, Adam?",True,1
7435,where's one hole?,True,1
7436,"oh, you mean one place *NULL* to put things.",True,1
7437,"no, not yet.",False,0
7438,what are they?,True,1
7439,so you can turn the train around in two places.,False,0
7440,"did you tell Ursula what we did Sunday, Adam?",True,1
7441,what else did you do?,True,1
7442,you did nothing?,False,0
7443,"oh, we need to use tracks to put it together.",False,0
7444,you have to attach it with train tracks.,False,0
7445,the train track's in the box.,False,0
7446,what?,False,0
7447,it's a support for the track.,False,0
7448,what do you think that is?,True,1
7449,you could guess.,False,0
7450,"well, you're close.",False,0
7451,but it's something that goes along with the train.,True,1
7452,must be a railroad crossing sign.,False,0
7453,what did you tell me?,True,1
7454,a sponge.,False,0
7455,what do you think it's for?,True,1
7456,maybe to clean the track.,False,0
7457,mmhm.,False,0
7458,the other set of wheels must have come off.,False,0
7459,perhaps the wheels are down in the box.,False,0
7460,what?,False,0
7461,two weeks ago there was a little doll that was made in Italy.,True,1
7462,oh.,False,0
7463,I don't know.,False,0
7464,are they two trains or just one train?,False,0
7465,the black tracks don't belong to the same set.,False,0
7466,because most of the train tracks that are outside are black aren't,True,1
7467,they made them this way.,False,0
7468,"oh, you know how to put that together.",True,1
7469,why don't you know how?,True,1
7470,"what bag, dear?",False,0
7471,they have brakes just like cars have brakes for stopping.,False,0
7472,you almost stepped on your finger.,False,0
7473,a finger toe.,False,0
7474,what's a finger toe?,True,1
7475,finger people.,False,0
7476,what kind of people are those?,True,1
7477,oh?,False,0
7478,what did you say?,True,1
7479,I know you said Italy but what did you say before you said Italy.,True,1
7480,injure me or something?,False,0
7481,"oh, when you used to be in Italy.",False,0
7482,"oh, when did you go to Italy?",True,1
7483,what did you see in Italy?,True,1
7484,lions and Italy tigers?,False,0
7485,Italian tigers?,False,0
7486,are they different from any other tigers?,False,0
7487,how are they different?,True,1
7488,"oh, they're different than those *NULL* we have here in Boston?",True,1
7489,they different them?,False,0
7490,what do you mean?,True,1
7491,do you know an Italian song?,False,0
7492,do you know anything about Italy at all?,False,0
7493,what do you know about Italy?,True,1
7494,somebody told you about Italy?,False,0
7495,"could you tell us about Italy, please?",False,0
7496,I'd like to know.,False,0
7497,"come on, let's finish the train.",False,0
7498,not yet.,False,0
7499,"no, she said not yet.",False,0
7500,did you tell Ursula what you heard this morning.,True,1
7501,a motor boat on the street?,False,0
7502,what was a motor boat doing out on the street?,True,1
7503,you what?,False,0
7504,try to get it back.,False,0
7505,I didn't hear a motor boat.,False,0
7506,I thought you were putting them together.,False,0
7507,yes.,False,0
7508,I should think so.,False,0
7509,"what did you do at nursery school this morning, Adam?",True,1
7510,did you go outside at nursery school?,False,0
7511,what did you do outside?,True,1
7512,you didn't?,False,0
7513,what did you do?,True,1
7514,you rode on the Dodge car?,False,0
7515,"oh, it was a small one?",False,0
7516,a small tricycle?,False,0
7517,I don't know what a Dodge car is.,True,1
7518,oh?,False,0
7519,yes.,False,0
7520,"well, people are born all over the world.",False,0
7521,you were born in America.,False,0
7522,no.,False,0
7523,"no, you were born in Boston.",False,0
7524,because your mother and father live in Boston.,False,0
7525,"Italian people, yes.",False,0
7526,how do you flash them?,True,1
7527,I don't really think they come on or anything.,False,0
7528,it doesn't seem to.,False,0
7529,I think that's a different train.,False,0
7530,don't you think so?,False,0
7531,I don't remember what goes first on the train.,True,1
7532,what comes first on the train?,True,1
7533,what is that?,True,1
7534,"Adam, you put it under that place where the track goes up, look.",True,1
7535,"well, it could be that way.",False,0
7536,"no, turn it around.",False,0
7537,on the side.,False,0
7538,this way.,False,0
7539,it says stop and go.,False,0
7540,for the cars that are waiting to cross the track maybe.,True,1
7541,"well yes, they do.",False,0
7542,when there's a train track across a street you have to cross part of,True,1
7543,yes.,False,0
7544,because they have a factory.,False,0
7545,"well, sometimes, perhaps there's something wrong with the train or",False,0
7546,I don't know.,False,0
7547,are you doing it very carefully?,False,0
7548,that's right.,False,0
7549,I think that doesn't go there.,False,0
7550,it's stopped?,False,0
7551,"no, that's plastic, I think.",False,0
7552,here's a piece that isn't broken.,True,1
7553,you need some more track.,False,0
7554,here's a piece.,False,0
7555,put it under the bridge.,False,0
7556,it needs another piece of track.,False,0
7557,are you too tired?,False,0
7558,it's time for what?,False,0
7559,I thought you said something about Italy.,False,0
7560,oh no.,False,0
7561,I didn't say I don't have it.,False,0
7562,did I?,False,0
7563,"later, alright?",False,0
7564,let's put this one on.,False,0
7565,"just the way *NULL* you put the track on, look.",True,1
7566,it's hard.,False,0
7567,let's move it over so we have more room.,False,0
7568,yes.,False,0
7569,"you need some more track, don't you?",False,0
7570,"oh, thank you.",False,0
7571,"what're you doing, Adam?",True,1
7572,"what are you using it for, Adam?",True,1
7573,they don't fit on that set.,False,0
7574,"no, but it doesn't fit.",False,0
7575,in case you need it.,False,0
7576,yes?,False,0
7577,a meeting?,False,0
7578,I don't hear Paul.,False,0
7579,"no, that was someone on the street, dear.",False,0
7580,"talking, I suppose.",False,0
7581,"oh, Adam, why did you do that?",True,1
7582,you're going to put it back on?,False,0
7583,how did your hands get so dirty?,True,1
7584,"no, I don't think that's the wrong way.",False,0
7585,if you don't put that down that's part of my bed.,True,1
7586,what do you need a rifle for?,True,1
7587,why do you want to shoot?,True,1
7588,shoot cows?,False,0
7589,poor cows.,False,0
7590,then what will you do for milk?,True,1
7591,how do you know which cows are bad cows?,True,2
7592,"well, how will you know which ones to fight?",True,2
7593,cry them and then you're going to eat them for supper?,False,0
7594,your automatic rifle.,False,0
7595,"no, you cann't play with this, this is part of my automatic bed.",False,0
7596,"no no, Adam, you don't hit anybody with that.",False,0
7597,ok?,False,0
7598,chopper.,False,0
7599,"Adam, don't break it, dear.",False,0
7600,because it's not yours.,False,0
7601,why would you want to pull that anyway?,True,1
7602,"that must be something new, is it?",False,0
7603,automatic bow and arrow?,False,0
7604,"oh, what is that?",True,1
7605,why do you need to flash the light?,True,1
7606,why?,False,0
7607,why?,False,0
7608,lights flash?,False,0
7609,said what?,False,0
7610,winter stop?,False,0
7611,what does that mean?,True,1
7612,Koolaid train?,False,0
7613,what's the Koolaid song?,True,1
7614,what?,False,0
7615,you did?,False,0
7616,"you didn't get hurt, did you?",False,0
7617,no.,False,0
7618,no no.,False,0
7619,here's a turntable *NULL* you haven't even put on yet.,True,1
7620,"Adam, do you know why that doesn't fit in there?",True,1
7621,it's not round?,False,0
7622,you know how to put that in.,True,1
7623,it's what?,False,0
7624,it's stopped?,False,0
7625,"well, why don't you try pushing this down.",True,1
7626,broken finger.,False,0
7627,"two dirty fingers, but I don't think they're broken.",False,0
7628,dirty dirty fingers.,False,0
7629,the sheriff?,False,0
7630,no no.,False,0
7631,"don't do that, Adam.",False,0
7632,that's no shovel.,False,0
7633,"Adam, you're silly.",False,0
7634,are you silly?,False,0
7635,why don't you go get your cards.,True,1
7636,"yes, you knocked that down.",False,0
7637,put it back up there.,False,0
7638,"no no, Adam.",False,0
7639,you may break that.,False,0
7640,put it up on the dresser.,False,0
7641,what are you going to do with that?,True,1
7642,no more being silly.,False,0
7643,that's enough being silly.,False,0
7644,"Adam, what did the lady say when she told you that story.",True,2
7645,story about George Washington.,False,0
7646,whoever read that story to you?,True,1
7647,did she tell you all of the story or did she just stop with the,False,0
7648,did she tell you?,False,0
7649,she did?,False,0
7650,let's have a race.,False,0
7651,have a race?,False,0
7652,ok.,False,0
7653,mine did too.,False,0
7654,mine didn't.,False,0
7655,"no no, Adam.",False,0
7656,"your horse is for riding, Adam.",False,0
7657,but you chop outside where there are trees.,True,1
7658,Adam.,False,0
7659,you're trying to do what?,False,0
7660,"don't break it anymore, dear.",False,0
7661,you are?,False,0
7662,you cannot?,False,0
7663,why not?,False,0
7664,I can put it together but it willn't stay without glue.,False,0
7665,yes.,False,0
7666,what did I do to those?,True,1
7667,I put glue on them.,False,0
7668,one day we'll get some and make them.,False,0
7669,"no, they aren't supposed to come off.",False,0
7670,we were doing a train track and then you stopped.,False,0
7671,yes.,False,0
7672,alright.,False,0
7673,you put it together.,False,0
7674,you put it together and then I'll come and play with you.,False,0
7675,why did you do that?,True,1
7676,playing the banjo.,False,0
7677,"no, you play the banjo.",False,0
7678,what's the panjoc?,True,1
7679,why do you call it the panjoc?,True,1
7680,yes.,False,0
7681,they're wrong?,False,0
7682,why are they wrong?,True,1
7683,would you like to do a puzzle?,False,0
7684,what puzzle would you like to do?,True,1
7685,what puzzle is that?,True,1
7686,I don't know what puzzle that is.,True,1
7687,you have to look.,False,0
7688,no.,False,0
7689,Adam.,False,0
7690,why do you think that's the wrong place in Italy when you're not,False,0
7691,"you have to take them apart, Adam.",False,0
7692,you have a broken leg.,False,0
7693,how did you get a broken leg?,True,1
7694,"no, Adam, you've got parts of the sign on the floor there.",False,0
7695,no no.,False,0
7696,there're some more.,False,0
7697,here's one.,False,0
7698,what do you think it's for?,True,1
7699,cann't you take them out?,False,0
7700,"then perhaps you're not big enough to play with those, if those are",True,1
7701,you are.,False,0
7702,"yes, you pull the corners of the plastic, don't you?",False,0
7703,want me to show you?,False,0
7704,I cann't see cowboy hat.,False,0
7705,look at that stretching.,False,0
7706,stretching.,False,0
7707,have you ever seen a stretching man?,False,0
7708,you have?,False,0
7709,where?,False,0
7710,where is a stretching office?,True,1
7711,stretching arm.,False,0
7712,you don't need to pull this all the way down.,False,0
7713,no.,False,0
7714,no.,False,0
7715,no.,False,0
7716,can you think about it?,False,0
7717,Mr Owl!,False,0
7718,Mr Package?,False,0
7719,careful.,False,0
7720,no no no.,False,0
7721,it's called a tsquare.,False,0
7722,does it look like anything *NULL* you've seen before?,True,1
7723,he's working with his father.,False,0
7724,he's making something.,False,0
7725,no.,False,0
7726,look at the things *NULL* you can make.,True,1
7727,what is this?,True,1
7728,what kind of house?,False,0
7729,you have to have wood.,False,0
7730,"those are nice, Adam.",False,0
7731,perhaps you can get some wood and you can make a bird house.,False,0
7732,"well, that's not really for trees.",False,0
7733,for making small things.,False,0
7734,what will I do with that?,True,1
7735,you do?,False,0
7736,I'll let you use this.,False,0
7737,it's called a level.,False,0
7738,for being sure that things are straight.,False,0
7739,it's a drill.,False,0
7740,you can make holes with it.,False,0
7741,let me see.,False,0
7742,I think I might have something.,False,0
7743,see?,False,0
7744,see?,False,0
7745,what are you making?,True,1
7746,why don't you want to cut it?,True,1
7747,see?,False,0
7748,"it really works, doesn't it?",False,0
7749,"no, you try it.",False,0
7750,don't put your fingers down there because it's very sharp.,False,0
7751,"oh yes, you can.",False,0
7752,"no, I don't want to do it.",False,0
7753,I 'm not a little boy.,False,0
7754,"no, I 'm not.",False,0
7755,which hand do you use?,True,1
7756,a drill.,False,0
7757,makes a hole for a screw.,False,0
7758,it's a file.,False,0
7759,look at the edge and you see something like teeth and when you pull,True,1
7760,"here's a nail, would you like to try?",False,0
7761,"be careful you don't hit your hand, Adam.",False,0
7762,I'll hold it.,False,0
7763,you do it.,False,0
7764,want to try it in here?,False,0
7765,ouch.,False,0
7766,you almost caught me.,False,0
7767,why would you hold it with that?,True,1
7768,you have to learn.,False,0
7769,take your time.,False,0
7770,alright.,False,0
7771,see?,False,0
7772,"well, you have to learn how.",False,0
7773,if you had a big what?,True,1
7774,don't hit my fingers.,False,0
7775,you do it.,False,0
7776,you do.,False,0
7777,you're always turning my beater.,False,0
7778,I'll hold it while you turn.,False,0
7779,it willn't move.,False,0
7780,where's the fish?,True,1
7781,"oh, I 'm watching the fish.",False,0
7782,the fish stopped?,False,0
7783,why did he stop?,True,1
7784,"you turn it, dear.",False,0
7785,a tsquare for making things straight?,False,0
7786,first you mark with a pencil.,False,0
7787,I guess they were Cub_Scouts.,False,0
7788,cut what?,False,0
7789,why?,False,0
7790,why?,False,0
7791,"oh, you cann't put it back on once you've cut it off.",False,0
7792,"well, I cann't finish it by myself.",False,0
7793,maybe you can drill a hole too.,False,0
7794,on this part.,False,0
7795,alright.,False,0
7796,turn around.,False,0
7797,"no, not on the floor.",False,0
7798,cut what?,False,0
7799,"yes, that's sharp.",False,0
7800,you'll cut your fingers.,False,0
7801,"no, I 'm not going to do it.",False,0
7802,did you try marking with this?,False,0
7803,no.,False,0
7804,I have a blue one.,False,0
7805,why don't you write with it first?,True,1
7806,I'll hold this while you draw a straight line.,False,0
7807,but you have to hold your pencil against there.,False,0
7808,"oh well, there are lots of things that are hard to do that we have",True,1
7809,watch your fingers.,False,0
7810,"don't cut your thumb, Adam.",False,0
7811,"oh no, you cut it.",False,0
7812,"well, then perhaps you're not big enough to play with the tools.",False,0
7813,"oh, you're going to cut yourself.",False,0
7814,you haven't cut yourself yet.,False,0
7815,are you sure?,False,0
7816,you've got to be careful now.,False,0
7817,hmm?,False,0
7818,a wrench?,False,0
7819,screw it.,False,0
7820,no.,False,0
7821,that's right.,False,0
7822,that's the way *NULL* you screw.,True,1
7823,now how can you unscrew it?,True,1
7824,if you had to unscrew how would you do it?,True,2
7825,you hurt yourself.,False,0
7826,you could drill a hole through that.,False,0
7827,"I'll hold it and you turn, I've seen carpenters do that, have you?",False,0
7828,sometimes I watch them build houses and make furniture.,False,0
7829,use your hammer and take it out.,False,0
7830,now you can drill right through there.,False,0
7831,you can screw that on.,False,0
7832,where's your screwdriver?,True,1
7833,mmhm.,False,0
7834,did you look behind you?,False,0
7835,very good.,False,0
7836,why did you knock it?,True,1
7837,did you try cutting that?,False,0
7838,you could turn it over and cut a door in it.,False,0
7839,"you're sleepy, aren't you?",False,0
7840,are you going to take a nap tomorrow?,False,0
7841,yes.,False,0
7842,"watch your fingers, Adam.",False,0
7843,pull it back and forth.,False,0
7844,what?,False,0
7845,ok.,False,0
7846,"no, dear.",False,0
7847,I cann't use that while you're there.,False,0
7848,turn that.,False,0
7849,how can it be an old hole when you just made it?,True,2
7850,that has to be a new hole.,False,0
7851,what do you need to open it for?,True,1
7852,there.,False,0
7853,what are you going to put in there anyway?,True,1
7854,what would you want to put?,True,1
7855,that's right.,False,0
7856,you cann't.,False,0
7857,why not?,False,0
7858,are you getting a runny nose?,False,0
7859,can you pull it out now?,False,0
7860,that's a level.,False,0
7861,to see if something is straight.,True,1
7862,some water.,False,0
7863,where's your saw?,True,1
7864,you can make a door that opens.,True,1
7865,can I take a message?,False,0
7866,"can you cut along here, Adam?",False,0
7867,shall we do it together?,False,0
7868,that's it.,False,0
7869,there's a door.,False,0
7870,you did?,False,0
7871,a car?,False,0
7872,is that a garage?,False,0
7873,I think you have a car up there on the shelf that might just fit in.,True,1
7874,on the top shelf.,False,0
7875,on the other side.,False,0
7876,maybe Paul took it.,False,0
7877,you what?,False,0
7878,yes?,False,0
7879,I don't think he really has it because he's upstairs sleeping.,False,0
7880,here are two little cars.,False,0
7881,one *NULL* named Joe?,True,1
7882,and what's the other one's name?,True,1
7883,what was that *NULL* you were doing Adam?,True,2
7884,two little birdies?,False,0
7885,how does that go?,True,1
7886,what are two little birdies?,True,1
7887,"oh, thank you.",False,0
7888,thank you.,False,0
7889,the magnet?,False,0
7890,"no, I didn't.",False,0
7891,I looked for it at home too.,False,0
7892,it must be lost someplace.,False,0
7893,I have as many toys in my house as you have in yours.,False,0
7894,"a lot of toys, yes.",False,0
7895,be careful that you don't cut your fingers with that.,False,0
7896,a what?,False,0
7897,how can that be a key?,True,1
7898,Christmas what?,False,0
7899,in June?,False,0
7900,here's al.,False,0
7901,no.,False,0
7902,"no, your name is al.",False,0
7903,Arnold.,False,0
7904,begins with al.,False,0
7905,"well, that's not really big enough for a tree.",False,0
7906,"the pencil came apart because it is small, but a tree is big.",False,0
7907,oh?,False,0
7908,what birdies would live in a tree with a hole in it?,True,1
7909,Paul woke up last night and was just playing in his bed.,False,0
7910,you cann't?,False,0
7911,look what's happening.,True,1
7912,"it's changing color, isn't it?",False,0
7913,just what *NULL*'s on the paper is changing color.,True,1
7914,green.,False,0
7915,you take another color.,False,0
7916,I'll change.,False,0
7917,you take this.,False,0
7918,you eat yourself up?,False,0
7919,why would you want to do that?,True,1
7920,it's true.,False,0
7921,you can eat yourself if you want to.,True,1
7922,I just don't know why.,False,0
7923,I should think that's hard.,False,0
7924,you're going to eat yourself up?,False,0
7925,why are you going to do that?,True,1
7926,you can?,False,0
7927,you're telling jokes on yourself?,False,0
7928,that's what I thought.,True,1
7929,"Adam, are you still sleepy?",False,0
7930,you're just yawning.,False,0
7931,what made you get up so early?,True,1
7932,I 'm just putting some things away.,False,0
7933,so we'll have some space for walking.,False,0
7934,in your refrigerator?,False,0
7935,where's your refrigerator?,True,1
7936,did you go to school this morning?,False,0
7937,you didn't have a cold.,False,0
7938,you had a sore throat.,False,0
7939,his tonsils were enlarged.,False,0
7940,"where are they, Adam?",True,1
7941,when the hammer knocked you down.,True,1
7942,what hammer?,False,0
7943,yes.,False,0
7944,in the toy box?,False,0
7945,you're a toy?,False,0
7946,"oh, you're not a toy?",False,0
7947,all about what?,False,0
7948,I was going to put this together.,False,0
7949,you have to screw it.,False,0
7950,I think perhaps it's the wrong way.,False,0
7951,I think perhaps that's the right way.,False,0
7952,no.,False,0
7953,a bench.,False,0
7954,what do you think?,True,1
7955,mmhm.,False,0
7956,perhaps there's a tiny one *NULL* to go in the tiny hole.,True,1
7957,it's a ruler.,False,0
7958,I don't know.,False,0
7959,how did what?,False,0
7960,I don't know.,False,0
7961,he fell down?,False,0
7962,why don't you turn it over?,True,1
7963,I'll hold this.,False,0
7964,there it is.,False,0
7965,"oh, you lost something.",False,0
7966,"careful, so you don't hit your hand.",False,0
7967,hold it straight.,False,0
7968,"what do you want, Adam?",True,1
7969,that's what I thought.,True,1
7970,I don't think so.,False,0
7971,I don't quite know how that fits on there.,True,1
7972,what is it?,True,1
7973,I think perhaps something is missing.,False,0
7974,I think she's right.,False,0
7975,what's missing?,True,1
7976,I don't know what you'd call that.,True,1
7977,do you see the pilot?,False,0
7978,what do you think it is?,True,1
7979,let's try to figure it out.,False,0
7980,what does he need if he jumps out?,True,2
7981,what is it saying?,True,1
7982,that's one of the wheels.,False,0
7983,did you remember what this is on his back?,True,1
7984,you've got one.,False,0
7985,and when you throw it up in the air what happens?,True,2
7986,I don't know where you put it.,True,1
7987,"Adam, when it opens it looks like this.",True,1
7988,yes.,False,0
7989,now it's all folded up.,False,0
7990,does the other pilot have one too?,False,0
7991,would you like to look at a book?,False,0
7992,I have an al bl cl book.,False,0
7993,ok.,False,0
7994,maybe we can read it together.,False,0
7995,"look, what is that?",True,1
7996,this must be the letter al.,False,0
7997,what is that?,True,1
7998,ant.,False,0
7999,acorn.,False,0
8000,what is this?,True,1
8001,look at that.,False,0
8002,it's another ant.,False,0
8003,and that's,False,0
8004,Captain Bob has one of these.,False,0
8005,do you remember what it is?,True,1
8006,anchor.,False,0
8007,and this is what letter?,False,0
8008,bl.,False,0
8009,these sounds all sound like bl.,False,0
8010,like what?,False,0
8011,and this is the letter.,False,0
8012,"that's not bl, that's",False,0
8013,cl.,False,0
8014,and this is,False,0
8015,no.,False,0
8016,and what is this?,True,1
8017,you're taking yourself to the hospital?,False,0
8018,I don't think you've ever seen that before.,False,0
8019,it's cactus.,False,0
8020,this is dl.,False,0
8021,it's most of the animals?,False,0
8022,what is this?,True,1
8023,ducks.,False,0
8024,a bear?,False,0
8025,"oh, I've never seen a bear that looked like that.",True,1
8026,"oh, you said doggie.",False,0
8027,what is this?,True,1
8028,what are these?,True,1
8029,if this is a drum and you have these with the drum what do you call,True,1
8030,take a guess.,False,0
8031,"no, what would you call those?",True,1
8032,if you have a drum and you play the drum with these what would you,True,1
8033,that's pretty good.,False,0
8034,drum sticks.,False,0
8035,and what are these?,True,1
8036,these are dragon flies.,False,0
8037,those are dragon flies.,False,0
8038,that's a donkey.,False,0
8039,this is the letter el.,False,0
8040,and what are these?,True,1
8041,these are tusks tusks.,False,0
8042,no.,False,0
8043,what is this?,True,1
8044,no.,False,0
8045,that's an eggplant.,False,0
8046,we'll see one next time *NULL* we go the grocery store.,True,1
8047,what is this?,True,1
8048,look again.,False,0
8049,what kind of bird?,False,0
8050,eagle.,False,0
8051,and what is this?,True,1
8052,what is that?,True,1
8053,what kind of eggs?,False,0
8054,Easter eggs.,False,0
8055,don't you have something like that at nursery school?,False,0
8056,gears.,False,0
8057,if you turn one they all turn.,True,1
8058,because they're all linked together.,False,0
8059,this is fl.,False,0
8060,he's the color of grass.,False,0
8061,and he hops.,False,0
8062,what do you think he might be?,True,1
8063,"yes, a grasshopper.",False,0
8064,I didn't know you knew these in the book.,False,0
8065,what are these?,True,1
8066,"no, that's a flamingo.",False,0
8067,"no, it's a flamingo.",False,0
8068,this is the letter hl.,False,0
8069,what is that?,True,1
8070,yes.,False,0
8071,what is this?,True,1
8072,"oh, he'd probably run from you.",False,0
8073,he's probably frightened of people.,False,0
8074,he just likes other hippopotamus.,False,0
8075,what?,False,0
8076,what is this?,True,1
8077,is that a rooster?,False,0
8078,that looks like a hen.,False,0
8079,cackleo cackleo cackleo cackleo.,False,0
8080,what is this?,True,1
8081,what is that?,True,1
8082,and what is the house on?,True,1
8083,it's a hill.,False,0
8084,"no, I don't think so.",False,0
8085,"no, that's the path or perhaps that's a cement walk where you",False,0
8086,"it would be a nice place *NULL* to slide in winter, wouldn't it?",True,1
8087,and what is this?,True,1
8088,who's there?,True,1
8089,Jiminy Cricket who?,False,0
8090,this is il and this is,False,0
8091,what are these?,True,1
8092,"well, they're jelly beans.",False,0
8093,what is that?,True,1
8094,it's jelly or jam.,False,0
8095,and what is this?,True,1
8096,that's a jug.,False,0
8097,what are those?,True,1
8098,you're silly.,False,0
8099,where?,False,0
8100,"no, those are his claws.",False,0
8101,"yes, but what is it?",True,1
8102,is it a lobster or a crab or swordfish or whale?,False,0
8103,"oh, that's no whale.",False,0
8104,it's a lobster.,False,0
8105,"no, snake doesn't look like that, does he?",False,0
8106,I don't think that's a turtle.,False,0
8107,that's a lobster.,False,0
8108,that's a lizard.,False,0
8109,he's a little animal who lives outside.,True,1
8110,"no, I don't think so.",False,0
8111,let's do this page first.,False,0
8112,what is this?,True,1
8113,"what are those, Adam?",True,1
8114,no.,False,0
8115,you're guessing.,False,0
8116,those are nickels.,False,0
8117,what is this?,True,1
8118,"no, a needle.",False,0
8119,because it's a,False,0
8120,you have one of those.,False,0
8121,that's nut.,False,0
8122,"no, not that kind.",False,0
8123,what is this?,True,1
8124,a bird what?,False,0
8125,an octopus.,False,0
8126,how many arms does he have?,True,1
8127,count.,False,0
8128,"oh, eight.",False,0
8129,what is that?,True,1
8130,"it looks like it does, doesn't it?",False,0
8131,no.,False,0
8132,"no, that's an onion.",False,0
8133,"ok, thank you.",False,0
8134,what is this?,True,1
8135,no.,False,0
8136,you want to keep everything?,False,0
8137,where are two?,True,1
8138,where is a peach?,True,1
8139,what's that?,True,1
8140,you what?,False,0
8141,you what?,False,0
8142,what is this?,True,1
8143,"oh, you don't know what that is?",True,1
8144,what is it?,True,1
8145,I knew you didn't know.,False,0
8146,what does that look like?,True,1
8147,a pineapple.,False,0
8148,do you know who this is?,True,1
8149,I think you do.,False,0
8150,she's married to a king.,False,0
8151,"yeah, it's a lady.",False,0
8152,what about a queen?,False,0
8153,yes.,False,0
8154,yes.,False,0
8155,let's find a king.,False,0
8156,mmhm.,False,0
8157,"oh, you're a snake?",False,0
8158,you're all wound up like a snake too.,False,0
8159,what is that?,True,1
8160,"no, he's got something around his eyes.",False,0
8161,a raccoon.,False,0
8162,a raccoon.,False,0
8163,because that's the way *NULL* a snake has to move.,True,1
8164,he winds himself up and he straightens out.,False,0
8165,well no.,False,0
8166,that's just a shell.,False,0
8167,it is shaped like a snail.,False,0
8168,and what is this?,True,1
8169,"yes, I think so.",False,0
8170,if he's not a snapping turtle.,True,1
8171,can you visit his Mother?,False,0
8172,I guess if you wanted to.,True,1
8173,if you knew where his Mother was.,True,2
8174,what is that?,True,1
8175,"oh, look again.",False,0
8176,you pull it up and close it and you pull it down and you open it.,False,0
8177,yes.,False,0
8178,"yes, that is a nice book, isn't it?",False,0
8179,"well, put the book back.",False,0
8180,who're you going to put in the bag with you?,True,1
8181,they willn't fit either.,False,0
8182,"ok, bring it over and I'll help you.",False,0
8183,that's right.,False,0
8184,did your Mother take it?,False,0
8185,here it is.,False,0
8186,up here on your dresser.,False,0
8187,blow.,False,0
8188,I'll wipe it off.,False,0
8189,a little one.,False,0
8190,can you throw it up?,False,0
8191,the pea.,False,0
8192,always squeeze from the bottom.,False,0
8193,blow again.,False,0
8194,you don't need to throw your arms up to blow.,False,0
8195,alright.,False,0
8196,mine had a hole in it.,False,0
8197,"ok, you're going to blow now?",False,0
8198,the heat?,False,0
8199,"who's going down, Adam?",True,1
8200,are you going to blow it?,False,0
8201,blow.,False,0
8202,blow again.,False,0
8203,"wait, my finger's caught.",False,0
8204,are you having fun?,False,0
8205,"why does it fall apart, Adam?",True,1
8206,why does it?,True,1
8207,a what?,False,0
8208,"I don't close it properly, I guess.",False,0
8209,the part that comes out of the blower.,True,1
8210,"yes, it disappeared.",False,0
8211,"well, it takes practice.",False,0
8212,what happens when you laugh?,True,2
8213,blow.,False,0
8214,blow again.,False,0
8215,what?,False,0
8216,is this what you said you wanted to make?,True,1
8217,"careful, you'll put a hole in it.",False,0
8218,there's a little left.,False,0
8219,that would make a nice hat.,False,0
8220,I'll make one if you like.,True,1
8221,for cooking?,False,0
8222,eat this?,False,0
8223,it's alright.,False,0
8224,there's one over there behind you.,False,0
8225,it's stuck on your pants.,False,0
8226,a snow man.,False,0
8227,but this is stuck.,False,0
8228,let's try one of these.,False,0
8229,shall I tie it?,False,0
8230,"no, she doesn't want to blow that.",False,0
8231,she blew one up.,False,0
8232,it's a sailboat?,False,0
8233,I don't know.,False,0
8234,what do you think it's for?,True,1
8235,"well, close your eyes and try it.",False,0
8236,look at that.,False,0
8237,it's a little hard.,False,0
8238,you cann't do that.,False,0
8239,I have a little printing set.,False,0
8240,"yes, you can take them apart.",False,0
8241,I have a little printing set.,False,0
8242,"yes, you can take them apart.",False,0
8243,you're trying to do what?,False,0
8244,it's the ink pad.,False,0
8245,you cann't?,False,0
8246,"just leave that in, Adam.",False,0
8247,may I try it once?,False,0
8248,be very careful with this one.,False,0
8249,turn it over and press it down.,False,0
8250,there.,False,0
8251,it printed.,False,0
8252,what?,False,0
8253,there's ink on the pad and you press the ink on the paper.,False,0
8254,is that a bl?,False,0
8255,what is it?,True,1
8256,to what?,False,0
8257,has?,False,0
8258,what does he have?,True,1
8259,oh.,False,0
8260,he was playing a game with a little girl the other day.,False,0
8261,was it Cynthia?,False,0
8262,the little girl with whom you were playing the other day.,True,1
8263,just a little girl.,False,0
8264,you've never seen her?,False,0
8265,no?,False,0
8266,she's a little girl.,False,0
8267,you didn't do very many.,False,0
8268,ok.,False,0
8269,maybe it ran away.,False,0
8270,where is the al?,True,1
8271,is this it?,False,0
8272,what?,False,0
8273,doubly doubly with gum.,False,0
8274,I think there's an advertisement that says.,True,1
8275,double your pleasure.,False,0
8276,"oh, that's it.",False,0
8277,you saw that on tv.,False,0
8278,there's a dot that says cross your printing set?,True,1
8279,"oh, Adam, what is this?",True,1
8280,you only did one side.,False,0
8281,there's one over there.,False,0
8282,what is this the top to?,True,1
8283,is that the top or is that the bottom?,False,0
8284,where's the bottom?,True,1
8285,no.,False,0
8286,your what?,False,0
8287,your finger print?,False,0
8288,where?,False,0
8289,"yes, we did.",False,0
8290,I see it.,False,0
8291,I see two.,False,0
8292,you know what?,False,0
8293,what is that?,True,1
8294,"no, it's not.",False,0
8295,Captain Bob has one what?,False,0
8296,that's better.,False,0
8297,"no, what did he used to have?",True,1
8298,what did he have that for?,True,1
8299,did he walk on it?,False,0
8300,what did he do?,True,1
8301,he just had it.,False,0
8302,what is that?,True,1
8303,that's better.,False,0
8304,but that's a pl.,False,0
8305,"no, pl.",False,0
8306,pl as in Paul.,False,0
8307,mmhm.,False,0
8308,al dl al ml.,False,0
8309,I don't know.,False,0
8310,what do you think we should do *T*-1?,False,0
8311,I think you've had everything in the bag now.,False,0
8312,do you know whose name that is?,True,1
8313,no.,False,0
8314,no.,False,0
8315,no.,False,0
8316,it's part of whose name?,False,0
8317,Bambi?,False,0
8318,"no, that's part of Hercules ' name.",False,0
8319,you're the doggie who ran away?,True,1
8320,what's your name?,True,1
8321,it's already in.,False,0
8322,"oh, perhaps that's the kind *NULL* you look through.",True,1
8323,what was it?,True,1
8324,hold it up toward the light.,False,0
8325,I don't know.,False,0
8326,what is it?,True,1
8327,put it on the chair.,False,0
8328,hold it up toward the light.,False,0
8329,a may fly.,False,0
8330,"put it on the chair, honey.",False,0
8331,what do you think it is?,True,1
8332,it's a stone fly.,False,0
8333,what made you think that was a joke?,True,1
8334,"is that really what that is, Adam?",True,1
8335,yes.,False,0
8336,what do you think it is?,True,1
8337,what does it look like?,True,1
8338,what is it?,True,1
8339,maybe it's the same dragonfly.,False,0
8340,what does it look like?,True,1
8341,is that what I look like?,True,1
8342,a giant water bug?,False,0
8343,"let's see, Adam, what the next one is.",True,1
8344,you tell me what they look like and I'll tell you what they are.,True,2
8345,what's that?,True,1
8346,hold it toward the light.,False,0
8347,stone fly.,False,0
8348,whoever saw a stone fly?,True,1
8349,you did?,False,0
8350,how did you see a stone fly?,True,1
8351,is that a dragon fly?,False,0
8352,I think you have that wrong.,False,0
8353,can you be a dragonfly?,False,0
8354,careful with your dirty fingers.,False,0
8355,"they are blue, yes.",False,0
8356,"no, they are blue.",False,0
8357,they have blue ink on them.,False,0
8358,it's probably your finger.,False,0
8359,what do you think it is?,True,1
8360,this is a fish fly.,False,0
8361,I never saw a fish fly.,False,0
8362,I think you have it in the wrong way.,False,0
8363,that's a giant water bug.,False,0
8364,it's a water scorpion.,False,0
8365,right there.,False,0
8366,just turn toward the light.,False,0
8367,this must be a new one.,False,0
8368,what is it?,True,1
8369,my brother got those.,False,0
8370,what's your brother's name?,True,1
8371,what's your brother's name?,True,1
8372,"Adam, don't you have a brother?",False,0
8373,I thought so.,False,0
8374,what's his name?,True,1
8375,what's your sister's name?,True,1
8376,Cora Lee?,False,0
8377,that's my sister.,False,0
8378,your girl?,False,0
8379,you don't have a girl.,False,0
8380,don't put your fingers here.,False,0
8381,"yes, I think I got it from you.",False,0
8382,that's a may fly.,False,0
8383,that's a finger.,False,0
8384,a finger print?,False,0
8385,that's a water bug.,False,0
8386,"yes, I suppose so.",False,0
8387,it's almost like a stone fly.,False,0
8388,what is so dangerous?,True,1
8389,that's a giant water bug.,False,0
8390,you're trying to get it in?,False,0
8391,keep trying.,False,0
8392,just takes a little practice.,False,0
8393,shall we put them back?,False,0
8394,alright.,False,0
8395,did you go shopping?,False,0
8396,what did you get?,True,1
8397,you dropped all the slides.,False,0
8398,does he talk?,False,0
8399,I don't know that he talks.,False,0
8400,"I don't think he talks, does he?",False,0
8401,his feet?,False,0
8402,you march with it.,False,0
8403,what does that look like?,True,1
8404,what do you think?,True,1
8405,what do you think that is?,True,1
8406,did you tell Ursula what the doctor found in your ears the other,True,1
8407,the Doctor found some birdies.,False,0
8408,"hello, Adam.",False,0
8409,"hello, Adam.",False,0
8410,hmm?,False,0
8411,hello said the bird.,False,0
8412,hello said the bunny.,False,0
8413,would you like to keep the birdie?,False,0
8414,alright.,False,0
8415,those are some pictures.,False,0
8416,why don't you take two?,True,1
8417,how many do you have?,True,1
8418,she said two.,False,0
8419,one.,False,0
8420,put the others back.,False,0
8421,you've given up on Mommy blowing.,False,0
8422,I 'm afraid I cann't blow them up.,False,0
8423,I guess I put all the air in Bobof when I blew him up yesterday.,True,1
8424,you have?,False,0
8425,how do you know it's big air?,True,1
8426,you really caught it.,False,0
8427,I tried very hard.,False,0
8428,"no, I didn't break my mouth.",False,0
8429,oh.,False,0
8430,two arms?,False,0
8431,thank you for what?,False,0
8432,a bottle?,False,0
8433,a bottle of what?,False,0
8434,oh.,False,0
8435,it popped.,False,0
8436,"oh, you're juggling.",False,0
8437,haven't you had enough balloons?,False,0
8438,she willn't have any *NULL* to give to Robin and David.,True,1
8439,no.,False,0
8440,what color are these?,True,1
8441,what color is this?,True,1
8442,this is orange.,False,0
8443,that is red.,False,0
8444,one red and two orange.,False,0
8445,why don't you sing that song?,True,1
8446,you don't need another.,False,0
8447,why don't you sing that song for Ursula?,True,1
8448,what is that song?,True,1
8449,sing it for Ursula?,False,0
8450,it's a rattlesnake?,False,0
8451,I don't know.,False,0
8452,what is that in your shoe?,True,1
8453,is it going to bite?,False,0
8454,it was an animal.,False,0
8455,what kind of animal?,False,0
8456,hmm?,False,0
8457,it must have come from another one.,False,0
8458,where's my farmyard truck?,True,1
8459,I guess not.,False,0
8460,you what?,False,0
8461,you went out at nursery school.,False,0
8462,what did you play outside?,True,1
8463,you played Daddy?,False,0
8464,Daddy Adam?,False,0
8465,you played cowboy?,False,0
8466,some visitors are coming at my house?,False,0
8467,why?,False,0
8468,why?,False,0
8469,in my back?,False,0
8470,in your bag?,False,0
8471,in what bag?,False,0
8472,you almost did.,False,0
8473,I see something up here.,False,0
8474,do you see anything on here?,False,0
8475,I thought perhaps if you looked you could tell me.,True,1
8476,I see something.,False,0
8477,mmhm.,False,0
8478,what kind of bird is it?,True,1
8479,what do you mean on my bone leg?,True,1
8480,how can you throw snowballs.,True,1
8481,there's no snow.,False,0
8482,no no no.,False,0
8483,let's not throw things.,False,0
8484,why do you say that?,True,1
8485,they don't feel like snow.,False,0
8486,I 'm not.,False,0
8487,it is not snow.,False,0
8488,how does snow feel?,True,1
8489,how does snow feel?,True,1
8490,did you tell Ursula what movie you saw Saturday?,True,1
8491,you were telling me about a movie that you saw.,True,1
8492,airplane movie?,False,0
8493,I thought you said it was about somebody fighting something.,False,0
8494,some kind of fighter.,False,0
8495,remember?,False,0
8496,somebody had a red,False,0
8497,"oh, a bull fighter.",False,0
8498,"you don't fight the bull like that, do you?",False,0
8499,you have a little cape?,False,0
8500,we'll take you out another day.,False,0
8501,ok.,False,0
8502,you're supposed to move.,False,0
8503,or else the bull will knock you down.,False,0
8504,ok.,False,0
8505,why don't you try to throw an animal in the bag?,True,1
8506,good.,False,0
8507,don't stand so close.,False,0
8508,pick the animals up and throw them in.,False,0
8509,good.,False,0
8510,good.,False,0
8511,good.,False,0
8512,good.,False,0
8513,you missed.,False,0
8514,you're a silly.,False,0
8515,do you know that?,False,0
8516,why would you do that?,True,1
8517,"oh, poor mummy.",False,0
8518,no.,False,0
8519,"oh, I don't want to shoot you.",False,0
8520,"no, I don't like shooting.",False,0
8521,throw that at you?,False,0
8522,ok.,False,0
8523,I'll throw that at you.,False,0
8524,what's the matter?,True,1
8525,why did you ask me to do that?,True,1
8526,you want to play?,False,0
8527,ok.,False,0
8528,what do you want to play?,True,1
8529,I 'm not playing Indian.,False,0
8530,why don't you ask Ursula where she got this?,True,2
8531,no.,False,0
8532,no.,False,0
8533,Ursula is Ursula.,False,0
8534,Adam is Adam?,False,0
8535,spear is spear?,False,0
8536,you didn't ask her about those.,False,0
8537,I think she has an interesting story *NULL* to tell about those.,True,1
8538,you did?,False,0
8539,you must have a big tummy ache.,False,0
8540,if you ate all of those animals certainly you must have a big,True,1
8541,I don't want to eat my animals.,False,0
8542,but I don't want any animals.,False,0
8543,but I don't want any animals.,False,0
8544,"no, you missed my mouth anyway.",False,0
8545,no.,False,0
8546,where does that go?,True,1
8547,which hand?,False,0
8548,which hand?,False,0
8549,that hand?,False,0
8550,the other hand.,False,0
8551,"what's the matter with your finger, Adam?",True,1
8552,"but doesn't it hurt, Adam?",False,0
8553,why?,False,0
8554,"don't mash your finger, Adam.",False,0
8555,it will hurt you.,False,0
8556,why does your finger hurt?,True,1
8557,you had it in your mouth so much?,False,0
8558,"oh, I 'm sorry.",False,0
8559,you did?,False,0
8560,you did?,False,0
8561,how do you play baseball?,True,1
8562,"oh, you swing the bat.",False,0
8563,and what do you do?,True,1
8564,and someone has a glove.,False,0
8565,and what else?,False,0
8566,why do you swing the bat?,True,1
8567,"oh, you play golf too?",False,0
8568,how do you play golf?,True,1
8569,neither have I.,False,0
8570,she didn't say that.,False,0
8571,"OH, what is that *NULL* you have in your hand?",True,2
8572,why don't you show Ursula your puppets?,True,1
8573,what kind of puppets are they?,True,1
8574,what is she doing?,True,1
8575,I don't think they want to fight.,False,0
8576,I think they're friends.,False,0
8577,they're kissing.,False,0
8578,how did you hurt your finger?,True,1
8579,scratched it on something?,False,0
8580,why don't you tell Ursula about the television program *NULL* you saw?,True,2
8581,a fish.,False,0
8582,a fish fell down!,False,0
8583,"oh, you're not a fish.",False,0
8584,no.,False,0
8585,a finger fish.,False,0
8586,I've seen a whale.,False,0
8587,in a book.,False,0
8588,I don't know where the book is now.,True,1
8589,why did it do that?,True,1
8590,it's a patrol car.,False,0
8591,I think it's just skinned a little.,False,0
8592,scraped.,False,0
8593,perhaps you hit it against something and some of the skin came off.,False,0
8594,what do you think?,True,1
8595,why don't you get it and see what it does?,True,2
8596,what's the matter?,True,1
8597,it looks like a friendly animal.,False,0
8598,what do you think it is?,True,1
8599,you didn't play much with it.,False,0
8600,look how nice and soft it is.,True,1
8601,you don't.,False,0
8602,why don't we name it something.,True,1
8603,"no, you tell me what it is.",True,1
8604,it's something *NULL* you've seen.,True,1
8605,is it as tall as a giraffe?,False,0
8606,what is the music *NULL* it's playing?,True,2
8607,"oh, tell me why you're frightened.",True,1
8608,there.,False,0
8609,isn't it nice and soft?,False,0
8610,why don't you get your book and see if you see anything that looks,True,2
8611,huh?,False,0
8612,it cann't really walk.,False,0
8613,let's look in the book.,False,0
8614,you don't have what?,False,0
8615,those are fish.,False,0
8616,do you think so?,False,0
8617,look at it carefully.,False,0
8618,look at it carefully.,False,0
8619,"ask Ursula if that's, it is.",True,1
8620,yes.,False,0
8621,"some people eat snails, yes.",False,0
8622,because they like them.,False,0
8623,"no, I don't think I'd like to eat snails.",False,0
8624,because it's the custom in their country to eat snails.,False,0
8625,is he friendly?,False,0
8626,that's what?,False,0
8627,"oh, that's church music?",False,0
8628,what's the name of the song?,True,1
8629,does it?,False,0
8630,it's a bug.,False,0
8631,mmhm.,False,0
8632,what?,False,0
8633,I 'm not sure that it does anything with the bee.,False,0
8634,do they have beginning sounds that are alike?,True,1
8635,what about bird?,False,0
8636,no.,False,0
8637,I don't know what kind they are.,True,1
8638,"it's a pretty color, isn't it?",False,0
8639,nothing.,False,0
8640,it just plays nice music.,False,0
8641,"oh, you do?",False,0
8642,you'll have *T*-1 to talk to Ursula about that.,False,0
8643,what shall we do?,True,1
8644,alright.,False,0
8645,look at it carefully.,False,0
8646,perhaps you can find out.,False,0
8647,I think it would be much more fun if you find out.,True,2
8648,you look very carefully.,False,0
8649,"ok, I 'm looking too.",False,0
8650,I don't know if it's that way.,True,1
8651,what is this?,True,1
8652,a house?,False,0
8653,what kind of a house?,False,0
8654,I was just putting them on there.,False,0
8655,you tell me what sound they make as you pick them up.,True,1
8656,and what?,False,0
8657,"oh, you turned into a flower pot too.",False,0
8658,"that's not white, that's brown, isn't it?",False,0
8659,you were right at first.,False,0
8660,white.,False,0
8661,brown and white.,False,0
8662,because they were painted that way or made that color.,False,0
8663,in the factory?,False,0
8664,"oh, we we have a factory?",False,0
8665,where?,False,0
8666,what do we make in our factory?,True,1
8667,"oh, what is that?",True,1
8668,what is that?,True,1
8669,look at it carefully.,False,0
8670,it says gobble gobble gobble.,False,0
8671,did you?,False,0
8672,because it is a,False,0
8673,turkey.,False,0
8674,can you?,False,0
8675,yes.,False,0
8676,yes.,False,0
8677,you buy them from the grocery store.,False,0
8678,there're so many.,False,0
8679,will you fit?,False,0
8680,what did?,True,1
8681,what ate all the farm animals up?,True,1
8682,it's a what?,False,0
8683,do what?,False,0
8684,what do you mean?,True,1
8685,is that a dance *NULL* he's doing?,True,1
8686,"ok, he's all put together.",False,0
8687,what is that?,True,1
8688,they just left this.,False,0
8689,when they were cutting the animal out.,True,1
8690,they didn't take this off.,False,0
8691,"it's the same kind of thing, isn't?",False,0
8692,that's just something extra.,False,0
8693,I don't know.,False,0
8694,you'll have to ask Ursula.,False,0
8695,I think you could.,False,0
8696,she cann't see it.,False,0
8697,mmhm.,False,0
8698,"yes, probably he'll put them in his mouth.",False,0
8699,because he likes to put things in his mouth.,False,0
8700,alright.,False,0
8701,how shall we do it?,True,1
8702,"do you have something for fences, Adam?",False,0
8703,your fences.,False,0
8704,"I was walking, rocking on your leg.",False,0
8705,"oh, I 'm so sorry.",False,0
8706,what melted?,True,1
8707,is that how it goes?,True,1
8708,"they don't go together do they, Adam?",False,0
8709,a fence.,False,0
8710,alright.,False,0
8711,you make part of it too.,False,0
8712,is that where you want the door to be?,True,1
8713,alright.,False,0
8714,let that be the door.,False,0
8715,there's one behind it.,False,0
8716,"oh, did they?",False,0
8717,alright.,False,0
8718,the lamb's Mother?,False,0
8719,did you look behind you?,False,0
8720,is that a baby lamb?,False,0
8721,"no, I think it's really a dog.",False,0
8722,"oh, you opened it, didn't you?",False,0
8723,"yes, because they're frightened of the big tractor.",False,0
8724,because it's so big.,False,0
8725,"Mr farmer, don't you have a small tractor?",False,0
8726,do you have a tractor that's smaller than that one?,True,1
8727,you mean in here?,False,0
8728,alright.,False,0
8729,mmhm.,False,0
8730,yes.,False,0
8731,not on the farm when the animals are out.,True,1
8732,because it might run over some of the animals.,False,0
8733,it might hurt the animals because the tractor's so big.,False,0
8734,the rest of what?,False,0
8735,"oh, there's food for the animals.",False,0
8736,what is it?,True,1
8737,"oh, each one gets it and each one eats it?",False,0
8738,what is it?,True,1
8739,yes.,False,0
8740,sometimes they catch them and eat them.,False,0
8741,hmm?,False,0
8742,"Adam, I hear something over here *NULL* talking in your farm yard.",True,1
8743,quack quack quack quack quack.,False,0
8744,what was that?,True,1
8745,I don't know.,False,0
8746,quack quack quack quack quack quack.,False,0
8747,quack quack quack quack quack quack.,False,0
8748,it stopped.,False,0
8749,I hear something *NULL* saying gobble gobble gobble gobble gobble gobble.,True,1
8750,gobble gobble gobble gobble.,False,0
8751,"no, I don't hear that *NULL* saying gobble gobble gobble gobble.",True,1
8752,what says gobble gobble?,True,1
8753,hiss hiss hiss.,False,0
8754,what does that say?,True,1
8755,meowo.,False,0
8756,you do.,False,0
8757,where is it?,True,1
8758,meowo.,False,0
8759,meowo.,False,0
8760,you just heard it.,False,0
8761,that was the cat.,False,0
8762,oink oink oink oink.,False,0
8763,oh.,False,0
8764,a camera?,False,0
8765,why do you need a camera?,True,1
8766,you do have a camera.,False,0
8767,you don't have a what?,False,0
8768,ok.,False,0
8769,ok.,False,0
8770,now you'll have to pick them up.,False,0
8771,"oh, we're going to take turns.",False,0
8772,I put them up last time.,False,0
8773,you put them up.,False,0
8774,"yes, but we have to take turns.",False,0
8775,it looks like they're dancing around in a circle.,False,0
8776,will you have room for the animals?,False,0
8777,no.,False,0
8778,some are hatching what?,False,0
8779,is that what a rooster does?,True,1
8780,"he crows, but when he crows what does he say?",True,2
8781,cock_a_doodle_doo.,False,0
8782,"no, you have too much in there and it's not in there properly.",False,0
8783,no.,False,0
8784,I don't know.,False,0
8785,why do you think they they have windows?,True,1
8786,take a guess.,False,0
8787,why do you have windows in your house?,True,1
8788,so that the animals can see out and can have air in the barn.,False,0
8789,those are windows aren't they?,False,0
8790,why should there be men in there?,True,1
8791,what's that?,True,1
8792,you bowl.,False,0
8793,they're already up.,False,0
8794,"no, you said we would put them up together.",False,0
8795,alright.,False,0
8796,I've put some up.,False,0
8797,how many did you knock down?,True,1
8798,two?,False,0
8799,you knocked down as many as I did.,False,0
8800,are they the same?,False,0
8801,"well, who knocked more down?",True,1
8802,did I knock down more than you did or did you knock more down than,False,0
8803,"no, this is mine.",False,0
8804,yours went under the play pen.,False,0
8805,I'll put yours up and you put mine up.,False,0
8806,you dropped them.,False,0
8807,I don't know why.,False,0
8808,you go first.,False,0
8809,what kind of light?,False,0
8810,you knocked how many down?,False,0
8811,why're you doing that?,True,1
8812,what was that that ran away from you?,True,2
8813,why is that a baby barn?,True,1
8814,they did?,False,0
8815,did they get hurt?,False,0
8816,poor animals.,False,0
8817,if he cann't make them better then he takes them to a doctor who,True,1
8818,an animal doctor.,False,0
8819,but what's his name?,True,1
8820,remember the story about Lassie,False,0
8821,"don't break it, dear.",False,0
8822,in there?,False,0
8823,they're all out in the field.,False,0
8824,you don't know what a field is?,True,1
8825,don't do that.,False,0
8826,that's just the way *NULL* it was made.,True,1
8827,don't do that.,False,0
8828,you may break him.,False,0
8829,he doesn't move.,False,0
8830,what can you see in dark woods?,True,1
8831,I don't know.,False,0
8832,do you?,False,0
8833,what blind man?,False,0
8834,"please, don't eat me up.",False,0
8835,ow ow.,False,0
8836,let's play eat?,False,0
8837,what kind of game is that?,True,1
8838,cluck cluck cluck cluck.,False,0
8839,just push down on this when you want to change the picture.,True,1
8840,yes please.,False,0
8841,what do you think that is?,True,1
8842,tell me what you see.,True,1
8843,"take your finger off, Adam.",False,0
8844,your finger couldn't get in there.,False,0
8845,what do you see?,True,1
8846,"a fence, yes, and what else?",False,0
8847,that's the story of Cinderella.,False,0
8848,hold it up to the light.,False,0
8849,a wagon.,False,0
8850,ok.,False,0
8851,do you want to change it?,False,0
8852,what do you see?,True,1
8853,what does it look like?,True,1
8854,two people doing what?,False,0
8855,what happened?,True,1
8856,what does it look like?,True,1
8857,that's Cinderella.,False,0
8858,she's losing her shoe or her slipper.,False,0
8859,what does it look like?,True,1
8860,you don't know.,False,0
8861,will I tell you?,False,0
8862,those are Cinderella's sisters trying the slipper on.,False,0
8863,Cinderella met by the prince at the palace.,False,0
8864,why do you think that's dark?,True,1
8865,they're getting ready for the ball.,False,0
8866,is that the first one *NULL* you saw?,True,1
8867,a king?,False,0
8868,Cinderella bringing the pumpkin to the godmother.,False,0
8869,do you see the pumpkin?,False,0
8870,something was blowing around?,False,0
8871,what was that?,True,1
8872,that's your finger.,False,0
8873,perhaps you'd like to look at another one.,False,0
8874,would you?,False,0
8875,there are a few stories and lots of cities.,False,0
8876,any particular city *NULL* you'd like to see?,True,1
8877,which one?,False,0
8878,city or state?,False,0
8879,can you think of one *NULL* you'd like to see *T*-1?,False,0
8880,what state?,False,0
8881,you changed your mind.,False,0
8882,here's another story.,False,0
8883,"Goldilocks ' mother, that's Goldilocks.",False,0
8884,Goldilocks discovers whose house?,False,0
8885,the bear's house.,False,0
8886,this is the story of Goldilocks and,False,0
8887,and how many bears?,False,0
8888,three bears.,False,0
8889,mmhm.,False,0
8890,what is Goldilocks doing?,True,1
8891,she's eating all the baby bear's porridge.,False,0
8892,what's happening now?,True,1
8893,she's breaking Baby_Bear's chair.,False,0
8894,"well, I can read it.",False,0
8895,she sat on the chair and the chair went pop.,False,0
8896,look under Goldilocks.,False,0
8897,see the broken chair?,False,0
8898,the three bears return home from their work.,False,0
8899,mmhm.,False,0
8900,hmm?,False,0
8901,it's still there?,False,0
8902,the baby bear discovers Goldilocks in his bed.,False,0
8903,Goldilocks runs away from the three bears.,False,0
8904,because she's frightened.,False,0
8905,do you have a dirty nose?,False,0
8906,a sword?,False,0
8907,that's the beginning.,False,0
8908,we saw this already.,False,0
8909,would you like to see another one?,False,0
8910,you always put in number one.,False,0
8911,do you see number one?,False,0
8912,that's a little boy *NULL* taking the cow to market.,True,1
8913,oh.,False,0
8914,that's the part of the machine that moves that part over.,True,1
8915,that's Jack exchanging the cow for a pig.,False,0
8916,and Jack trades the pig for a bean.,False,0
8917,that's part of the machine.,False,0
8918,that's Jack's house.,False,0
8919,why it's dark?,True,1
8920,it's not dark.,False,0
8921,perhaps it's early in the morning and the sun is only on one side of,False,0
8922,ok.,False,0
8923,how can you tell the difference between morning and night?,True,1
8924,Jack sees who?,False,0
8925,the giant through the window.,False,0
8926,that's the giant.,False,0
8927,Jack is peeking through the window and he sees the giant.,False,0
8928,see him outside the window?,False,0
8929,he's in the chair.,False,0
8930,near the table.,False,0
8931,you don't see the table?,False,0
8932,do you see something white on the floor?,False,0
8933,the table is above that.,False,0
8934,yes.,False,0
8935,yes.,False,0
8936,Jack takes the treasure from the sleeping giant.,False,0
8937,the giant crashes down.,False,0
8938,no.,False,0
8939,do people break?,False,0
8940,how do you mean?,True,1
8941,they can break their bones.,False,0
8942,yes.,False,0
8943,can you turn and see what happens?,True,1
8944,the giant crashed down.,False,0
8945,the folder.,False,0
8946,any particular city *NULL* you'd like to see?,True,1
8947,spend my money buying some more records.,False,0
8948,Philadelphia.,False,0
8949,put in number one.,False,0
8950,that's about a city?,False,0
8951,a drop does what?,False,0
8952,you can jump into a big bell?,False,0
8953,there's a picture on the wall of Boy_Scouts at the Liberty_Bell.,False,0
8954,the same bell.,False,0
8955,Philadelphia.,False,0
8956,"no, you didn't see them all.",False,0
8957,this is where the Declarations_of_Independence was signed.,True,1
8958,Christ Church.,False,0
8959,that's your eye up there?,False,0
8960,here's the folder.,False,0
8961,I wasn't drinking your juice.,False,0
8962,I just moved your glass so you wouldn't knock it over.,False,0
8963,knock it over.,False,0
8964,Worlds_Fair.,False,0
8965,with your lunch!,False,0
8966,you're finished playing with it.,False,0
8967,do you.,False,0
8968,where are they?,True,1
8969,where are they?,True,1
8970,only put one in at a time.,False,0
8971,Arizona.,False,0
8972,"oh, I think you'd like that one.",False,0
8973,how do you know you don't like Arizona?,True,1
8974,toward the light.,False,0
8975,where?,False,0
8976,here.,False,0
8977,did you see a cowboy in the picture?,False,0
8978,they're singing.,False,0
8979,they're singing.,False,0
8980,"see, the man has a guitar?",False,0
8981,the man who's standing up has a guitar.,False,0
8982,do you know what a guitar is?,True,1
8983,"it looks more like a big violin, doesn't it?",False,0
8984,your legs hurt?,False,0
8985,what happened to the cowboy?,True,1
8986,that's a ranch.,False,0
8987,except we don't call that a banjo.,False,0
8988,what is that?,True,1
8989,look again.,False,0
8990,I don't think that's a banjo.,False,0
8991,that doesn't look like what Mr Greenjeans plays.,True,1
8992,look again.,False,0
8993,what is that?,True,1
8994,"oh, you're silly.",False,0
8995,do you want to see some pictures about Italy?,False,0
8996,is a what?,False,0
8997,Italy is a doll?,False,0
8998,why do you say that?,True,1
8999,that one is about Italy.,False,0
9000,what?,False,0
9001,you don't feel like having one?,False,0
9002,let's look at that one.,False,0
9003,"oh, this is a special one.",False,0
9004,you're going to save this one?,False,0
9005,this is the one about Italy.,False,0
9006,you don't?,False,0
9007,"well, I don't hear anything.",False,0
9008,what do you hear?,True,1
9009,you just saw this one.,False,0
9010,this is the one about Arizona.,False,0
9011,doll's houses.,False,0
9012,this is about Israel.,False,0
9013,oh yes.,False,0
9014,we have a Cub_Scout *NULL* named Israel.,True,1
9015,this the country.,False,0
9016,it's about the little country that we call the state of Israel.,True,1
9017,would you like to see this one?,False,0
9018,no?,False,0
9019,what does your Mommy teach?,True,1
9020,what does she teach them to do?,True,1
9021,may I see that?,False,0
9022,this is about Utah.,False,0
9023,you wouldn't like to see this one?,False,0
9024,alright.,False,0
9025,do you see anything?,False,0
9026,ow?,False,0
9027,"these are nice, Adam.",False,0
9028,let's look at this one.,False,0
9029,this is about Holland Michigan.,False,0
9030,there are some flowers here that you've seen before.,True,1
9031,see if you can tell me what kind they are.,True,2
9032,are they all the same color?,False,0
9033,you think so?,False,0
9034,yes.,False,0
9035,the ones in front are the same color.,False,0
9036,aren't they pretty?,False,0
9037,"yes, they are tulips.",False,0
9038,"here's something I think you'll like, Adam.",False,0
9039,I think you'll like that.,False,0
9040,alright.,False,0
9041,you got it in.,False,0
9042,"how does that work, Adam?",True,1
9043,alright.,False,0
9044,that's nice.,False,0
9045,can you put it back together?,False,0
9046,I don't know if I know how.,True,1
9047,which goes on top?,True,1
9048,she does?,False,0
9049,"oh, Paul.",False,0
9050,isn't that dirty?,False,0
9051,"Adam, do you remember what I told you I saw at the museum?",True,1
9052,why don't you tell Ursula about it?,True,1
9053,what is a squirmc?,True,1
9054,what is a squirmc worm?,True,1
9055,"oh, that's a nice hat.",False,0
9056,I don't suppose I've seen anyone else with a hat on like that.,False,0
9057,"oh, that's a church hat?",False,0
9058,why is that a church hat?,True,1
9059,"well, this is the top one.",False,0
9060,here's the other one.,False,0
9061,cann't you turn it?,False,0
9062,there it is.,False,0
9063,where are your marbles?,True,1
9064,there's one over these.,False,0
9065,no no no.,False,0
9066,where's the other one?,True,1
9067,what is an earache?,True,1
9068,those are the guys?,False,0
9069,this is mine.,False,0
9070,where's yours?,True,1
9071,oh?,False,0
9072,this is a fix if you want yours in a particular place.,True,1
9073,"oh no, I don't have any more cranberry juice.",False,0
9074,that was the last cranberry juice.,False,0
9075,"I didn't buy any cranberries, I bought some strawberries.",False,0
9076,yes.,False,0
9077,that's enough.,False,0
9078,"no, we're going to have those for supper.",False,0
9079,"wait, I don't feel like boxing.",False,0
9080,you're going to beat me all up?,False,0
9081,yep.,False,0
9082,"close the door, Adam.",False,0
9083,"oh, thank you very much.",False,0
9084,what is this?,True,1
9085,what is this?,True,1
9086,what is this?,True,1
9087,"no, that's dl.",False,0
9088,what is this?,True,1
9089,whoops.,False,0
9090,excuse me.,False,0
9091,you alright?,False,0
9092,I didn't do that.,False,0
9093,I was holding the cart and you hit your face on the cart.,False,0
9094,because I was afraid you were hurt.,False,0
9095,you're a dinosaur?,False,0
9096,"well, what are you?",True,1
9097,can you learn the cards first?,False,0
9098,you put them in separate groups on the floor.,False,0
9099,what is this?,True,1
9100,what is this?,True,1
9101,"yes, how did you know?",True,1
9102,the tagalong man.,False,0
9103,who is that?,True,1
9104,where does the al go?,True,1
9105,what is that?,True,1
9106,"no, dl.",False,0
9107,here's another one.,False,0
9108,it sounds like you're scratching your floor.,False,0
9109,"you wouldn't scratch your floor, would you?",False,0
9110,what do you mean the top floor?,True,1
9111,"remember, Paul's a dinosaur.",False,0
9112,all the other animals are afraid of a dinosaur because he's so big.,False,0
9113,"oh, you're a dinosaur too.",False,0
9114,you're the big brother dinosaur.,False,0
9115,I don't know why.,False,0
9116,"Adam, you didn't go to school this morning.",False,0
9117,we didn't realize it but the school was closed because of the,False,0
9118,"no, not today.",False,0
9119,"no, not today.",False,0
9120,"can you ride it, Adam?",False,0
9121,what're you doing?,True,1
9122,Paul is thirteen months.,False,0
9123,why *NULL*n't cha sing the song *NULL* you heard last night?,True,2
9124,about the cowboy?,False,0
9125,cowboy who needs a hat.,True,1
9126,yes.,False,0
9127,"well, he was dreaming.",False,0
9128,he didn't wake up but that was the dream.,False,0
9129,in the dream he was the cowboy.,False,0
9130,is that a song on a record?,False,0
9131,we saw it on Walt_Disney.,False,0
9132,but you say it?,False,0
9133,what happened?,True,1
9134,did the horse hurt you?,False,0
9135,"Adam, did you have a dream last night?",False,0
9136,you didn't?,False,0
9137,no.,False,0
9138,"no, I don't think so.",False,0
9139,I 'm afraid the horse may get hurt driving into a truck.,False,0
9140,why do you say he has wheels?,True,1
9141,I don't know.,False,0
9142,what color are his eyes.,True,1
9143,do you know?,False,0
9144,"I don't think it really turns, does it?",False,0
9145,"well, how would you turn it?",True,1
9146,careful.,False,0
9147,mmhm.,False,0
9148,you ran over a bean bag.,False,0
9149,are you in a rodeo?,False,0
9150,your horse threw you off?,False,0
9151,careful.,False,0
9152,you have to watch out for Paul's fingers.,False,0
9153,you didn't?,False,0
9154,watch Paul.,False,0
9155,"yes, you almost ran over me.",False,0
9156,in your garage?,False,0
9157,what are you going to put in your garage?,True,1
9158,"you wouldn't put your horse there, would you?",False,0
9159,horses should have a barn.,False,0
9160,does it close?,False,0
9161,let me see.,False,0
9162,"want some sugar, horse?",False,0
9163,"here, horsie.",False,0
9164,oh?,False,0
9165,"here, Paul, give the horsie some sugar.",False,0
9166,"hi, Adam.",False,0
9167,that's no mixer.,False,0
9168,"Adam, let Paul try this.",False,0
9169,"stop crying, Paul.",False,0
9170,why are you doing that?,True,1
9171,where is the pie?,True,1
9172,that must be a special kind of horse.,False,0
9173,what kind of horse is this?,True,1
9174,a wheelbarrow horse.,False,0
9175,would you find that horse in a special place?,False,0
9176,but you made him?,False,0
9177,does he have a name?,False,0
9178,does he have a name?,False,0
9179,what's his name?,True,1
9180,what?,False,0
9181,Gil?,False,0
9182,watch those fingers.,False,0
9183,did you get stepped on?,False,0
9184,that was just an accident he said.,False,0
9185,what is the horse killing?,True,1
9186,why?,False,0
9187,"oh, what is it *NULL* you're killing?",True,2
9188,no.,False,0
9189,"yes, but what is it supposed to be?",True,1
9190,to kill the noise?,False,0
9191,you mean stop the noise.,False,0
9192,because that's the way *NULL* it's made.,True,1
9193,"that's a saddle, isn't it?",False,0
9194,I guess.,False,0
9195,how do they do what?,True,1
9196,you put your foot like the policeman *NULL* we saw.,True,1
9197,"well, I don't ride in it because I 'm too big.",False,0
9198,there's a make-believe place right there where you put your foot.,True,1
9199,"sit in the saddle, and your feet to right there.",False,0
9200,what did you say?,True,1
9201,no no.,False,0
9202,"yes, if there's nothing in your way.",True,1
9203,mmhm.,False,0
9204,I don't know really.,False,0
9205,where're you going?,True,1
9206,what?,False,0
9207,ok.,False,0
9208,don't have an accident now.,False,0
9209,you did?,False,0
9210,very good.,False,0
9211,you going to let the horse rest for a little?,False,0
9212,don't pull the microphone any more.,False,0
9213,that was the bean bag and the boat too.,False,0
9214,the boat was back there.,False,0
9215,"no no, dirty.",False,0
9216,alright.,False,0
9217,can you say ball?,False,0
9218,"oh, it's not?",False,0
9219,ok.,False,0
9220,what?,False,0
9221,I 'm going to someone's house now?,False,0
9222,alright.,False,0
9223,whose house?,False,0
9224,"oh, we haven't got there?",False,0
9225,but we're landing down to get some more people.,False,0
9226,ok.,False,0
9227,hello.,False,0
9228,ok.,False,0
9229,I 'm out.,False,0
9230,I 'm out.,False,0
9231,get back in the airplane?,False,0
9232,"no no, Paul.",False,0
9233,Adam is playing with the airplane.,False,0
9234,"oh, why is it doing that?",True,1
9235,"oh, that's not an accident.",False,0
9236,how does an airplane come down?,True,1
9237,does it come straight down?,False,0
9238,he drives?,False,0
9239,why does he do that?,True,1
9240,drive.,False,0
9241,because it doesn't have a motor.,False,0
9242,I don't really know where a motor is on an airplane.,True,1
9243,why don't you ask Ursula.,True,1
9244,perhaps she knows.,False,0
9245,this is the landing wheel.,False,0
9246,after you get up in the air it folds back.,False,0
9247,because it has a motor and it has a pilot *NULL* to drive it.,True,1
9248,I guess it's misplaced.,False,0
9249,it must be lost.,False,0
9250,"no, in Robin's home.",False,0
9251,what doesn't move?,True,1
9252,"what's the matter, Paulie?",True,1
9253,"oh no, I don't think you should throw it.",False,0
9254,"oh no, I don't think you're supposed to do that.",False,0
9255,it's not a real airplane.,False,0
9256,why do I put my hand on it?,True,1
9257,I don't know.,False,0
9258,it's just not in here.,False,0
9259,it's just lost.,False,0
9260,then wind it up again.,False,0
9261,why cann't you?,True,1
9262,how can a what?,False,0
9263,get an airplane when it's up in the sky?,True,1
9264,"well, it cann't because a bulldozer doesn't what?",False,0
9265,what does an airplane do?,True,1
9266,"well, does a bulldozer?",False,0
9267,why?,False,0
9268,you know.,False,0
9269,a bulldozer doesn't fly.,False,0
9270,it doesn't have any wings.,False,0
9271,"Adam, why don't you want to do this yourself?",True,1
9272,"no, don't do that.",False,0
9273,you may break it and it's Paul's.,False,0
9274,I don't know.,False,0
9275,it's going to do what?,False,0
9276,you're not?,False,0
9277,"well, I don't think a horse can fly.",False,0
9278,I don't suppose he can catch it.,False,0
9279,"yes, perhaps he can if he can run that fast.",True,1
9280,another what?,False,0
9281,"that would be very funny, Adam.",False,0
9282,why don't you stand back a little further?,True,1
9283,I'll have the green one.,False,0
9284,thank you.,False,0
9285,alright.,False,0
9286,I missed.,False,0
9287,you throw it.,False,0
9288,you throw first.,False,0
9289,that's green.,False,0
9290,"no, I have two and you have two.",False,0
9291,but if you take one of mine how many will you have?,True,2
9292,"now, how many do you have?",True,1
9293,five!,False,0
9294,count them.,False,0
9295,how many do you have?,True,1
9296,you have how many?,False,0
9297,count them.,False,0
9298,one two three.,False,0
9299,will you throw?,False,0
9300,he doesn't want to throw.,False,0
9301,I'll throw it for him.,False,0
9302,thank you.,False,0
9303,what?,False,0
9304,somebody missed?,False,0
9305,Paul has what?,False,0
9306,if Paul gets one how can you have four if there are only four?,True,3
9307,"oh, you didn't say which one.",False,0
9308,"thank you, Adam.",False,0
9309,you what?,False,0
9310,you didn't miss.,False,0
9311,why did you have to do that?,True,1
9312,"it doesn't matter how they fall, does it, as long as they're on?",True,1
9313,is this my birthday?,False,0
9314,what kind of cake is it?,True,1
9315,icecream cake.,False,0
9316,how old is Mommy?,True,1
9317,"oh, you're six and I 'm seven.",False,0
9318,what are you shooting or are you just cooking?,True,1
9319,what kind of gun is that?,True,1
9320,is that a new style gun?,False,0
9321,a bullet gun?,False,0
9322,what does a bullet gun do?,True,1
9323,alright.,False,0
9324,will you give me a slice?,False,0
9325,thank you very much.,False,0
9326,"that's your slice, isn't it?",False,0
9327,"oh, Adam, you're a very good cook.",False,0
9328,"well, what is that?",True,1
9329,what is that?,True,1
9330,they're so many you're afraid they're going to fall off?,False,0
9331,what happened?,True,1
9332,"oh, thank you.",False,0
9333,that's very good.,False,0
9334,what do you call that?,True,1
9335,icecream dessert?,False,0
9336,what's too big?,True,1
9337,what?,False,0
9338,you smell me?,False,0
9339,how do I smell?,True,1
9340,difficult.,False,0
9341,"no, I don't.",False,0
9342,what does difficult smell like?,True,1
9343,you didn't tell Ursula yet what Mommy burned.,True,1
9344,that's the strange odor *NULL* you smelled.,True,1
9345,I'll tie your shoes.,False,0
9346,"are you a dancer, Adam?",False,0
9347,what?,False,0
9348,what do you have on your shoulder?,True,1
9349,colors put on?,False,0
9350,those are what cowboys put on.,True,1
9351,what is it?,True,1
9352,but the cow?,False,0
9353,"oh, is that the rope?",False,0
9354,I don't like shooting.,False,0
9355,didn't one go in your garage?,False,0
9356,what other one?,False,0
9357,how many did you have?,True,1
9358,how many do you have?,True,1
9359,count them again.,False,0
9360,"so, how many are you missing?",True,1
9361,how can you be missing two if you have four now.,True,2
9362,didn't you count four?,False,0
9363,you certainly do talk a lot.,False,0
9364,you need six?,False,0
9365,you do.,False,0
9366,they're really having a vacation.,False,0
9367,"you're going to have one, aren't you?",False,0
9368,what is it?,True,1
9369,tell me what it is.,True,1
9370,"oh, it's a cave.",False,0
9371,"yes, they're nice.",False,0
9372,thank you.,False,0
9373,does this have a name?,False,0
9374,where's the name?,True,1
9375,would you like to cut them?,False,0
9376,you'd like to cut them.,False,0
9377,I'll get some scissors.,False,0
9378,alright.,False,0
9379,are you tired?,False,0
9380,what?,False,0
9381,did you ask Ursula if it's alright to cut?,True,1
9382,oh yes.,False,0
9383,what is this?,True,1
9384,how can I wear it?,True,1
9385,it doesn't stay.,False,0
9386,what is that?,True,1
9387,a worm.,False,0
9388,not in your mouth.,False,0
9389,Paul.,False,0
9390,who?,False,0
9391,"what kind of trouble, Adam?",False,0
9392,what people?,False,0
9393,thank you.,False,0
9394,here are my cuttings?,False,0
9395,they're not right?,False,0
9396,what's wrong with them?,True,1
9397,"well, then they must be right.",False,0
9398,why're you getting tired of cutting?,True,1
9399,you need some what?,False,0
9400,razors.,False,0
9401,what do you use razors for?,True,1
9402,what is that for?,True,1
9403,this is shaving cream.,False,0
9404,"yes, Paul wants to shave.",False,0
9405,"do you have a razor blade, Adam?",False,0
9406,one side is alright.,False,0
9407,I don't see a mirror there.,False,0
9408,a mirror.,False,0
9409,for you to look in while you shave?,False,0
9410,what are those?,True,1
9411,razor blades.,False,0
9412,it doesn't seem to stay very well.,False,0
9413,"oh, anyway *NULL* you want to.",True,1
9414,I think it'd be better if you took your hat off.,True,2
9415,what does Daddy do?,True,1
9416,doesn't he put it on his face?,False,0
9417,where does a beard grow?,True,1
9418,you look funny.,False,0
9419,"oh, you've finished shaving?",False,0
9420,"here, Paul.",False,0
9421,Paul.,False,0
9422,wait till it stops.,False,0
9423,you're going to shave again?,False,0
9424,you like to shave.,False,0
9425,don't put it in your mouth.,False,0
9426,ok.,False,0
9427,why don't you go get one of Paul's diapers?,True,1
9428,oh my goodness.,False,0
9429,you don't give your beard time *NULL* to grow.,True,1
9430,you've finished shaving.,False,0
9431,"oh, I don't think so.",False,0
9432,no.,False,0
9433,ladies don't have to shave.,False,0
9434,"boys when they're almost men, not little boys like you.",True,1
9435,David doesn't shave yet.,False,0
9436,I don't feel anything there.,False,0
9437,why're you going to shave again?,True,1
9438,are you going to shave again?,False,0
9439,because what?,False,0
9440,what happens?,True,1
9441,can you see what you're doing?,True,1
9442,I think you are sitting on the razor.,False,0
9443,he's been trying this for the past several days.,False,0
9444,I guess you must be the only man who shaves with a diaper around.,True,1
9445,"oh, do you know anybody else who might do that?",True,1
9446,your Daddy?,False,0
9447,you always need something *NULL* to wipe you off.,True,1
9448,you never heard of what?,False,0
9449,what?,False,0
9450,a red blown chest?,False,0
9451,what is that?,True,1
9452,a red red blown chest?,False,0
9453,what is it?,True,1
9454,your Daddy will what?,False,0
9455,will surprise?,False,0
9456,will surprise that you shave?,False,0
9457,when you finish you must put the top because Paul will spill it.,True,1
9458,you what?,False,0
9459,red ball shoes?,False,0
9460,what is a chess?,True,1
9461,red ball chess?,False,0
9462,what is a chess?,True,1
9463,what is a chest?,True,1
9464,"is it a pair of shoes, is it a shirt, is it a box?",False,0
9465,a pair of shoes?,False,0
9466,some what?,False,0
9467,some blood on you?,False,0
9468,why?,False,0
9469,when you were shaving?,True,1
9470,what happened?,True,1
9471,why do you have blood on you?,True,1
9472,a cold is blood?,False,0
9473,how is that?,True,1
9474,a lion.,False,0
9475,"oh, you can?",False,0
9476,how can you?,True,1
9477,"oh, with your gun?",False,0
9478,"goodness, you must have used it all.",False,0
9479,I guess so.,False,0
9480,mmhm.,False,0
9481,what is it?,True,1
9482,blood?,False,0
9483,what is blood?,True,1
9484,perhaps.,False,0
9485,doesn't that hurt?,False,0
9486,your beard is goING To grow?,False,0
9487,some what?,False,0
9488,some more what?,False,0
9489,you're silly.,False,0
9490,did you learn that song at home?,False,0
9491,what do you see on the tv when they sing that?,True,2
9492,don't they show a picture perhaps of a little boy or a little,False,0
9493,what're they doing?,True,1
9494,you don't what?,False,0
9495,do you see that on Captain Kangaroo?,False,0
9496,look what you put on the floor?,True,1
9497,"let Paul have one, honey.",False,0
9498,where're you going?,True,1
9499,he willn't hurt it.,False,0
9500,let him play with some.,False,0
9501,you did what?,False,0
9502,one of my what?,False,0
9503,it wouldn't?,False,0
9504,there's one over there.,False,0
9505,he looks like one of George Washington's troops.,False,0
9506,one of the members of George Washington's army.,False,0
9507,I think we just need one more under here.,False,0
9508,"it's your hat, Paul.",False,0
9509,"no, I don't want to.",False,0
9510,let Paul wear it.,False,0
9511,I don't want to.,False,0
9512,why don't we let Paul wear it if you don't want to.,True,2
9513,who is George Washington?,True,1
9514,"nightnight, Adam.",False,0
9515,"no, don't wipe it off.",False,0
9516,you missed it.,False,0
9517,use the diaper.,False,0
9518,I don't know.,False,0
9519,what do you need?,True,1
9520,so that the razor will cut the beard.,False,0
9521,as long as the blade stays in don't you think that's alright?,False,0
9522,but it doesn't stay in.,False,0
9523,it doesn't fit properly.,False,0
9524,see?,False,0
9525,you lost your blade.,False,0
9526,mmhm.,False,0
9527,now wipe the blade.,False,0
9528,you're sitting on some.,False,0
9529,wipe the blade.,False,0
9530,don't rub it in too much.,False,0
9531,then you cann't see any.,False,0
9532,"well, if you wish.",True,1
9533,do you want to shave my hand?,False,0
9534,"you shave with the razor, don't you?",False,0
9535,why do you call it cream?,True,1
9536,"yes, that's cream.",False,0
9537,I see.,False,0
9538,"well, you shave it off.",False,0
9539,"oh, you're supposed to shave it off.",False,0
9540,I 'm waiting for you to shave it off my hand.,False,0
9541,why're you going to do that?,True,1
9542,I did not.,False,0
9543,I didn't tell you to use all that.,False,0
9544,"did I, Paul?",False,0
9545,"shame on you, Paul.",False,0
9546,it ran under the railroad track.,False,0
9547,how did it get under there?,True,1
9548,"no, you shaved those one once.",False,0
9549,that you're making?,True,1
9550,whose birthday is it?,True,1
9551,is it Ursula's too?,False,0
9552,"no, when is hers?",True,1
9553,"oh, hers is in July.",False,0
9554,under where?,False,0
9555,under there?,False,0
9556,no thank you.,False,0
9557,huh?,False,0
9558,"yes, that's a track.",False,0
9559,what are you doing?,True,1
9560,no.,False,0
9561,that's for shaving.,False,0
9562,it's not for eating.,False,0
9563,the cream that you put on there.,True,1
9564,you used it all.,False,0
9565,why?,False,0
9566,why do you need cream?,True,1
9567,how could you hold it?,True,1
9568,you don't mean razor blades.,False,0
9569,you mean a razor?,False,0
9570,that what?,False,0
9571,"oh, that's an electric shaver.",False,0
9572,I don't know.,False,0
9573,that's an electric shaver.,False,0
9574,"yes, I think so.",False,0
9575,"no, I don't think so.",False,0
9576,"Adam, you look like you're breaking out with something.",False,0
9577,on your forehead.,False,0
9578,across your nose.,False,0
9579,let Ursula look at you.,False,0
9580,I don't know.,False,0
9581,what does breaking up mean?,True,1
9582,"go, let Ursula look at it.",False,0
9583,you tell her to look right there.,False,0
9584,"please, don't.",False,0
9585,I 'm no clown.,False,0
9586,"I like to eat my pie, not have it thrown in my face.",False,0
9587,"please, don't.",False,0
9588,but we're not clowns in a circus.,False,0
9589,"we're in a house, but I don't think we're having a circus.",False,0
9590,Adam.,False,0
9591,no!,False,0
9592,"yes, you did.",False,0
9593,"Adam, Mommy saw you hit Paul right in the face.",False,0
9594,now don't do that again.,False,0
9595,no.,False,0
9596,I'll have to spank you right in front of Ursula.,False,0
9597,why?,False,0
9598,because I spank you when you're naughty?,True,1
9599,you had a string in your hair.,False,0
9600,I was giving it to you.,False,0
9601,"no, you have a piece of string.",False,0
9602,"Adam, do you see anything in the room that sounds like toy?",True,1
9603,what has a beginning sound like toy?,True,1
9604,no.,False,0
9605,"well yes, a ball is a toy.",False,0
9606,but what has a beginning sound like toy?,True,1
9607,"train, yes.",False,0
9608,that rhymes with it.,False,0
9609,train.,False,0
9610,house?,False,0
9611,a toy house.,False,0
9612,anything else?,False,0
9613,what?,False,0
9614,can you think of anything else that has a beginning sound like toy?,True,1
9615,can you say toy?,False,0
9616,what about?,False,0
9617,"yes, truck.",False,0
9618,you went to North_Carolina?,False,0
9619,where did you stay?,True,1
9620,"were you on a farm, Adam?",False,0
9621,how did you go to North_Carolina?,True,1
9622,did you go on the train or come back on the train?,False,0
9623,"how did you get there, Adam?",True,1
9624,your tummy is full.,False,0
9625,what did you have for lunch today at nursery school?,True,1
9626,pineapple and what else?,False,0
9627,pineapple for dessert?,False,0
9628,and what else did you have?,True,1
9629,what is that?,True,1
9630,a bow?,False,0
9631,rock you?,False,0
9632,did you see any Indians in North_Carolina?,False,0
9633,no?,False,0
9634,what did you see in North_Carolina?,True,1
9635,did you see any cows?,False,0
9636,you did so.,False,0
9637,and saw the cows being milked *T*-1?,False,0
9638,"were men milking them or machines, Adam?",False,0
9639,that's a squeaky scooter.,False,0
9640,whose scooter do you suppose that is?,True,1
9641,it must be Robin's.,False,0
9642,is that the way *NULL* you ride a scooter?,True,1
9643,I don't know.,False,0
9644,I don't know how to ride a scooter.,True,1
9645,you have to go talk to Ursula.,False,0
9646,"no, I don't think so.",False,0
9647,"yes, I think so.",False,0
9648,because you were laughing.,False,0
9649,you weren't laughing?,False,0
9650,"I see somebody's name, Adam on the.",False,0
9651,scooter.,False,0
9652,rl ol bl il nl.,False,0
9653,whose name is that?,True,1
9654,"yes, that's Robin.",False,0
9655,"no, he didn't go to sleep when you did.",False,0
9656,you were sleeping before he went to sleep.,False,0
9657,what're you doing?,True,1
9658,"no, you push yourself with this foot.",False,0
9659,keep that foot on there.,False,0
9660,what did you do at nursery school this morning?,True,1
9661,why do you think that's called a scooter?,True,1
9662,I asked you first.,False,0
9663,I don't know either.,False,0
9664,"yes, possibly.",False,0
9665,"yes, when it goes fast.",True,1
9666,I don't know which is better for you.,True,1
9667,now push yourself with this foot.,False,0
9668,that's right.,False,0
9669,you change feet so you can back up?,False,0
9670,"it takes practice to learn to ride, doesn't it?",False,0
9671,that's right.,False,0
9672,"yes, it only has one.",False,0
9673,why would you put two wheels there?,True,1
9674,will you see what?,False,0
9675,"no, I just picked it up.",False,0
9676,so that you would not break it.,False,0
9677,this is the bow.,False,0
9678,you need what *NULL* to go on it?,True,1
9679,an arrow.,False,0
9680,not today I don't.,False,0
9681,what happened on the train?,True,1
9682,what did you do on the train?,True,1
9683,we were sitting in chairs and we went out.,False,0
9684,when we came back they were beds.,True,1
9685,maybe I have something for an arrow.,False,0
9686,one of the tinker toys.,False,0
9687,alright.,False,0
9688,"well, pick them up.",False,0
9689,"well, go get it.",False,0
9690,I don't think it's quite long enough to go much further.,False,0
9691,it willn't go very far.,False,0
9692,hmm?,False,0
9693,it doesn't have an arrow.,False,0
9694,Robin has some arrows at home.,False,0
9695,next time?,False,0
9696,maybe if she wants to.,True,1
9697,"yes, I could bring them next time.",False,0
9698,you what?,False,0
9699,this is last night day.,False,0
9700,you're going to wheelbarrow?,False,0
9701,I don't know exactly what he's saying but yesterday we made him a,True,1
9702,"whoops, you had an accident.",False,0
9703,a dozen of eggs.,False,0
9704,that you eat?,True,1
9705,is that a song?,False,0
9706,a dozen of eggs song?,False,0
9707,where did you learn that?,True,1
9708,did you learn another one today?,False,0
9709,what was it?,True,1
9710,that's another joke?,False,0
9711,Robin had a white mouse.,False,0
9712,a real one.,False,0
9713,one that crawls around.,True,1
9714,a mouse.,False,0
9715,Robin has a little cage for the mouse.,False,0
9716,"yes, a little cage for the mouse.",False,0
9717,because he's easier to take care of that way.,False,0
9718,"no, he sleeps in the daytime and wakes up at night.",False,0
9719,mmhm.,False,0
9720,animals don't wake up?,False,0
9721,what animals wake up in the morning time?,True,1
9722,I thought owls sleep in the daytime.,False,0
9723,oh?,False,0
9724,I don't think so.,False,0
9725,"what is it now, Adam?",True,1
9726,"oh, it's cutting grass.",False,0
9727,hmm?,False,0
9728,what is it now?,True,1
9729,I don't know.,False,0
9730,what is it?,True,1
9731,"your bike is wobbly too, isn't it?",False,0
9732,"careful, Adam, you don't want it to break it.",False,0
9733,this is what?,False,0
9734,"Adam, what is that supposed to be?",True,1
9735,you aren't supposed to turn that.,False,0
9736,it's not balanced like that.,False,0
9737,I 'm afraid you're going to break it.,False,0
9738,when does it fall?,True,1
9739,watch it this time and see when it falls.,True,1
9740,why don't you come back a little?,True,1
9741,"see, it's still up.",False,0
9742,"see, it's still up.",False,0
9743,but it's falling.,False,0
9744,now why is it falling?,True,1
9745,when you turn the corner what happens?,True,2
9746,when you try to turn what happens?,True,2
9747,do you know why it falls?,True,1
9748,go backwards and see what happens.,True,1
9749,why don't you back out?,True,1
9750,it doesn't fall off when you go in a straight line.,True,1
9751,when you turn the corner then it falls.,True,1
9752,what is it supposed to be?,True,1
9753,"well, why don't you ride it?",True,1
9754,show Paul how to ride the scooter.,True,1
9755,"oh no, you ride it and show him how to ride it.",True,1
9756,don't want to show him.,False,0
9757,tell Ursula about the story *NULL* you read.,True,1
9758,Hop_on_Pop.,False,0
9759,I'll get you some water.,False,0
9760,"Adam, maybe your fire engine will stay on better.",False,0
9761,I don't think that's ever going to stay on.,False,0
9762,"you know what you might do, Adam?",True,1
9763,and what else?,False,0
9764,did you tell her that you visited a dairy?,False,0
9765,maybe you could tie it on.,False,0
9766,do you want to tie it?,False,0
9767,need some help?,False,0
9768,you will hold it?,False,0
9769,"no, Paul, no no.",False,0
9770,"he wants his car, honey.",False,0
9771,he was playing with this one.,False,0
9772,you didn't have any car.,False,0
9773,would you like a drink of water?,False,0
9774,I 'm sure we can find a car in here.,False,0
9775,you hit his finger.,False,0
9776,"no, you didn't.",False,0
9777,I think you hit his finger.,False,0
9778,don't do that anymore.,False,0
9779,yes.,False,0
9780,I don't think so.,False,0
9781,he's giving you the other one.,False,0
9782,he didn't really knock it down.,False,0
9783,because the knots came out.,False,0
9784,because the knots in the string came out.,False,0
9785,I tied some knots in the string and they came out.,False,0
9786,why are you tying it?,True,1
9787,"no, I don't really think so.",False,0
9788,wait.,False,0
9789,don't run over Paul.,False,0
9790,block.,False,0
9791,there are lots of blocks in the basket.,False,0
9792,did you find some?,False,0
9793,I didn't think you'd notice.,False,0
9794,"yes, if you'd like to play blocks.",True,1
9795,blocks?,False,0
9796,alright.,False,0
9797,"oh no, those are his.",False,0
9798,you have to go get some from the basket.,False,0
9799,go fill this box with blocks.,False,0
9800,it doesn't need to have a top.,False,0
9801,because you'll be careful.,False,0
9802,"you willn't throw them out, will you?",False,0
9803,you will so.,False,0
9804,I don't think it has a top.,False,0
9805,"oh, what is that?",True,1
9806,"oh, what letter is that?",True,1
9807,I think not.,False,0
9808,see?,False,0
9809,it almost shot the wall.,False,0
9810,did you tell Ursula about the elephants walking down the street?,False,0
9811,"was somebody riding on the elephant, Adam?",False,0
9812,and what else?,False,0
9813,where were they going?,True,1
9814,"yes, they were going to get on their train.",False,0
9815,"it took Robin a long time, Adam.",False,0
9816,you cann't just use one hand.,False,0
9817,you have to use two.,False,0
9818,there.,False,0
9819,see.,False,0
9820,"oh, that's an animal?",False,0
9821,what kind of animal?,False,0
9822,an elephant in a train.,False,0
9823,what does the elephant do in a circus?,True,1
9824,the elephant what?,False,0
9825,you know how to do it?,True,1
9826,"no, you hold this.",False,0
9827,"oh, you've learned how to do it.",True,1
9828,"oh, you're a big boy now.",False,0
9829,you stand up with some legs.,False,0
9830,what did you say?,True,1
9831,he didn't sleep well last night.,False,0
9832,I think he's getting some molars.,False,0
9833,molars.,False,0
9834,back teeth.,False,0
9835,"yes, that's right.",False,0
9836,let it rest on your head like that.,False,0
9837,"no, I don't think I'd like to.",False,0
9838,willn't you please go get it?,False,0
9839,alright.,False,0
9840,I 'm sorry.,False,0
9841,I was just happy because you were doing such a good job.,False,0
9842,do you want to tell Ursula about the museum *NULL* you went to the other,True,1
9843,"what museum was it, Adam?",True,1
9844,he said a toaster.,False,0
9845,"oh, you saw the toaster, oh yes.",False,0
9846,can you tell her which museum it was?,True,1
9847,was it Science Museum?,False,0
9848,or the Museum of Fine Arts?,False,0
9849,or the Children's Museum?,False,0
9850,what else did you see?,True,1
9851,a snake.,False,0
9852,birds.,False,0
9853,a real bird.,False,0
9854,did you see some birds that weren't real?,True,1
9855,what kind of birds were they?,True,1
9856,you don't remember?,False,0
9857,hmm?,False,0
9858,"Adam, does it work with that little bow too?",False,0
9859,"oh, it's my turn?",False,0
9860,yes.,False,0
9861,it works.,False,0
9862,it what?,False,0
9863,what do you think?,True,1
9864,at the same time?,False,0
9865,"well, how are you going to do that?",True,1
9866,"does that look like a macaroni, Adam?",False,0
9867,"that looks like an elbow, doesn't it?",False,0
9868,where're the peppers?,True,1
9869,what's a pepper?,True,1
9870,what do you think that is?,True,1
9871,why don't you look further inside the bag and see what you find?,True,2
9872,"I don't know, what do you think that is?",True,1
9873,"well, why don't you save that for a little while.",True,1
9874,"oh, I think you can.",False,0
9875,you just have to get the paper off.,False,0
9876,go ahead.,False,0
9877,you're getting it.,False,0
9878,that's right.,False,0
9879,what happened?,True,1
9880,"do you have four there, Adam?",False,0
9881,how many do you have?,True,1
9882,he's not goING To what?,False,0
9883,"oh, that's a good idea.",False,0
9884,each one?,False,0
9885,which one goes the farthest?,True,1
9886,which one goes the farthest?,True,1
9887,"and did they have a race, Adam?",False,0
9888,let's put them all in one place to start.,False,0
9889,did they roll?,False,0
9890,who won?,True,1
9891,"oh, how could they all win?",True,1
9892,oh.,False,0
9893,what do you have to do to win?,True,2
9894,"what is that, Adam?",True,1
9895,"Adam, what about these cars?",False,0
9896,aren't these like the cars that Harvey had?,True,1
9897,why don't you do one thing at a time?,True,1
9898,oh?,False,0
9899,what kind of airplane?,False,0
9900,I didn't know that airplanes had a horn.,False,0
9901,you said beep beep.,False,0
9902,who?,False,0
9903,what's a full house?,True,1
9904,"careful, don't break it.",False,0
9905,does it turn now?,False,0
9906,"no, the wheel.",False,0
9907,what?,False,0
9908,it turns when it's getting ready to go up in the sky.,True,1
9909,why did you take my racers?,True,1
9910,this is green.,False,0
9911,green like the green light.,False,0
9912,what does this mean?,True,1
9913,how could an airplane go through a tunnel?,True,1
9914,how could it?,True,1
9915,I don't think it could go under it easily or through it.,False,0
9916,"what should we say, Adam?",True,1
9917,do we go under a tunnel or do we go through a tunnel?,False,0
9918,"Adam, if we put this here and we all start racing who wins the",True,1
9919,how does your car win?,True,1
9920,"alright, let's try.",False,0
9921,and who's the winner?,True,1
9922,yours what?,False,0
9923,what happens when he has a flat tire?,True,2
9924,can he keep on driving or does he have to stop?,False,0
9925,he can?,False,0
9926,with a flat tire?,False,0
9927,"Adam, did you tell her about your accident?",False,0
9928,what happened?,True,1
9929,you caught your toe?,False,0
9930,"no, you didn't cut your finger.",False,0
9931,how did you catch,False,0
9932,"yes, last year.",False,0
9933,but what happened to your toe?,True,1
9934,"no, it got caught in what?",False,0
9935,his tricycle.,False,0
9936,was it very bad?,False,0
9937,it wasn't?,False,0
9938,we had to use the pliers.,False,0
9939,"no, you couldn't.",False,0
9940,"well, we can play a guessing game.",False,0
9941,alright.,False,0
9942,let's play it.,False,0
9943,I don't think that's a car.,False,0
9944,what do you think it is not?,True,1
9945,you don't think that's a truck.,False,0
9946,"well, I don't think that's a bow.",False,0
9947,no.,False,0
9948,I think it might be something that flies in the air.,True,1
9949,I don't think it's an airplane.,False,0
9950,a spear?,False,0
9951,"no, I don't think it's a spear either.",False,0
9952,what else can fly in the air?,True,1
9953,a bird?,False,0
9954,it doesn't have any wings.,False,0
9955,maybe.,False,0
9956,you have to do something to it first.,False,0
9957,I think perhaps you'll have to put it together in some way.,False,0
9958,first you have to find out what it is.,True,1
9959,you might not like it.,False,0
9960,let's think a little while.,False,0
9961,you don't know?,False,0
9962,I still think something that flies in the air and maybe you hold,True,1
9963,I think so.,False,0
9964,you mean unwrap?,False,0
9965,she might have that for Robin.,False,0
9966,don't you think Robin needs a kite?,False,0
9967,put it down.,False,0
9968,you play with something else a minute while I get Paul up.,False,0
9969,I think you might need some help with that.,False,0
9970,so the short wouldn't come out?,False,0
9971,what's a short?,True,1
9972,what?,False,0
9973,"what are you going to eat on that kite, Adam?",True,1
9974,"hi, Paul.",False,0
9975,"hi, sleepy head.",False,0
9976,"oh, you're not a sleepy head now?",False,0
9977,I think it will.,False,0
9978,alright.,False,0
9979,that's the first part.,False,0
9980,then you have to take it outside on a windy day.,False,0
9981,there isn't much wind at all.,False,0
9982,perhaps tomorrow.,False,0
9983,"no, that's a string for what?",False,0
9984,why do you need string?,True,1
9985,watch the little cars.,False,0
9986,you cann't?,False,0
9987,"oh, you can.",False,0
9988,let's see if you can.,True,1
9989,he has a flat tire?,False,0
9990,"oh, he didn't have a flat tire?",False,0
9991,what happens when you win?,True,2
9992,probably.,False,0
9993,"careful, Adam.",False,0
9994,then what're you going to do with it?,True,1
9995,when you use that Adam always shoots it away from people.,True,1
9996,oh no.,False,0
9997,I think Daddy willn't come in again.,False,0
9998,why would you shoot Indians?,True,1
9999,"I see you've learned how to use it, Adam.",True,1
10000,crawl under the bed.,False,0
10001,why not?,False,0
10002,it's dark under there.,False,0
10003,"oh, don't do that.",False,0
10004,now shoot over toward Paul's bed.,False,0
10005,"no, because he's not in there sleeping.",False,0
10006,where did that go?,True,1
10007,what happened?,True,1
10008,ok.,False,0
10009,over that way further.,False,0
10010,see if you can hit the pillow in Paul's bed.,True,1
10011,you missed.,False,0
10012,what happened that time?,True,1
10013,turn it the other way.,False,0
10014,yes.,False,0
10015,you what?,False,0
10016,what did you say?,True,1
10017,you almost did it?,False,0
10018,oh no.,False,0
10019,come back over here because you may hit me.,False,0
10020,"Paul, what are you reading?",True,1
10021,a book?,False,0
10022,are you reading a book?,False,0
10023,"oh, very good.",False,0
10024,mmhm.,False,0
10025,almost made a spear.,False,0
10026,"oh, is a spear like an arrow?",False,0
10027,how is it like an arrow?,True,1
10028,you don't shoot it with a bow?,False,0
10029,"oh, do you shoot a spear with a bow?",False,0
10030,a long spear?,False,0
10031,"yes, that's not nice to say.",False,0
10032,"oh, you silly boy.",False,0
10033,what're you doing?,True,1
10034,"no no, Adam.",False,0
10035,careful.,False,0
10036,why does it have what on it?,True,1
10037,that's a rubber tip so that it willn't do too much damage when it hits.,True,1
10038,careful.,False,0
10039,you did?,False,0
10040,"well, you would have hurt yourself.",False,0
10041,that's right.,False,0
10042,what's soft?,True,1
10043,jump on your toe is soft?,False,0
10044,what do you mean soft?,True,1
10045,the thread out.,False,0
10046,because I thought it would be fun to try to knock it down.,False,0
10047,isn't that fun?,False,0
10048,oh yes.,False,0
10049,but it's alright for you to knock it down.,False,0
10050,you missed?,False,0
10051,yes.,False,0
10052,"Adam, shall I help you open this up?",False,0
10053,"oh, an airplane.",False,0
10054,these must be what?,False,0
10055,what do you think that is?,True,1
10056,does it fly?,False,0
10057,"now you fly it, Adam.",False,0
10058,"no, you do it.",False,0
10059,I 'm too big.,False,0
10060,this is for little boys.,False,0
10061,you fly it.,False,0
10062,you do it first.,False,0
10063,you want me to fly it by myself?,False,0
10064,see?,False,0
10065,"good, see?",False,0
10066,"Adam, bend that other little piece up on the back.",False,0
10067,it almost went on the block?,False,0
10068,it turned upside down?,False,0
10069,what happened to the pilot?,True,1
10070,did he fall out?,False,0
10071,what is that?,True,1
10072,it's goING To crash?,False,0
10073,that what down?,False,0
10074,what does it say?,True,1
10075,what does it say?,True,1
10076,al bl cl.,False,0
10077,al is for acrobatic alligators in airplanes.,False,0
10078,"yes, like that airplane.",False,0
10079,yes.,False,0
10080,maybe it's halloween,False,0
10081,what else has a beginning sound like babies and bears?,True,1
10082,balls?,False,0
10083,what else?,False,0
10084,boy?,False,0
10085,what are those?,True,1
10086,"oh, that's the Daddy and that's the baby.",False,0
10087,see those two that are just alike?,True,1
10088,look.,False,0
10089,"Adam, you hurt his feelings.",False,0
10090,you took his block.,False,0
10091,"oh, poor little baby.",False,0
10092,you didn't.,False,0
10093,"he said he didn't take your block, alright?",False,0
10094,cl is for chimpanzee.,False,0
10095,what's that?,True,1
10096,what are they playing?,True,1
10097,playing a game of what?,False,0
10098,cards,False,0
10099,and that's a what?,False,0
10100,camera.,False,0
10101,and those are whatsn?,False,0
10102,cranberries.,False,0
10103,and what is he smoking?,True,1
10104,cigar.,False,0
10105,and what does he have on his lap?,True,1
10106,"no, that's a cat.",False,0
10107,and he's sitting in a,False,0
10108,and what is this?,True,1
10109,candle.,False,0
10110,he's just laughing.,False,0
10111,he's happy.,False,0
10112,and that's a what?,False,0
10113,carrot.,False,0
10114,and that's a what?,False,0
10115,something that a king wears on his head.,True,1
10116,crown.,False,0
10117,and what is that?,True,1
10118,yes.,False,0
10119,and what is that?,True,1
10120,cheese.,False,0
10121,and what is this?,True,1
10122,candy cane.,False,0
10123,dl is for dolls.,False,0
10124,el is for eggs.,False,0
10125,look at that egg.,False,0
10126,that one does.,False,0
10127,"oh, what kind of egg is that?",True,1
10128,needs to be what?,False,0
10129,maybe he's surprised.,False,0
10130,fl is for flowers and frog.,False,0
10131,gl is for giraffe and girls.,False,0
10132,"well, that would be fun, wouldn't it?",False,0
10133,hl is for whose house?,False,0
10134,"yes, a hippopotamus.",False,0
10135,is that a cow?,False,0
10136,"yes, it's a horse.",False,0
10137,"no, I think she's putting water in her flowers.",False,0
10138,so that they will grow.,False,0
10139,"Paul Douglas, get off those books.",False,0
10140,"il is for Indians, and what's that?",True,1
10141,carrying what?,False,0
10142,a bowl of icecream.,False,0
10143,jl is for,False,0
10144,jackinthebox.,False,0
10145,is that a baby *NULL* boxing with jackinthebox?,True,1
10146,he's boxing with his nose?,False,0
10147,no.,False,0
10148,perhaps he just popped out.,False,0
10149,kl is for kittens.,False,0
10150,what is that?,True,1
10151,what about these?,False,0
10152,what is the mother kangaroo doing?,True,1
10153,but what does she have in her hand?,True,1
10154,but what do you call what she's doing?,True,2
10155,"is she sewing, is she knitting or is she crocheting?",False,0
10156,she's knitting.,False,0
10157,I've never seen a kangaroo knit either.,False,0
10158,"oh, he tied the kite to her tail?",False,0
10159,what a naughty kitten.,False,0
10160,ll is for leaping ladies and leopards.,False,0
10161,what about this?,False,0
10162,what is that?,True,1
10163,with a merrygoround.,False,0
10164,what do you think that is?,True,1
10165,it's a mermaid.,False,0
10166,that's her tail.,False,0
10167,the mermaid.,False,0
10168,that's a legendary creature who was part lady and part fish.,True,1
10169,"no, I moved that when I closed the door.",True,1
10170,"who is this, Adam?",True,1
10171,that's a nurse.,False,0
10172,nl is for nurse.,False,0
10173,perhaps they're just taking their nap in a nest.,False,0
10174,ol is for opera.,False,0
10175,and who is that *NULL* singing?,True,2
10176,Mrs who?,False,0
10177,yes.,False,0
10178,is that an oboe *NULL* they're playing?,True,1
10179,I don't know what that is.,True,1
10180,Mr owl and Mrs ostrich.,False,0
10181,and they're watching Othello.,False,0
10182,it's an opera.,False,0
10183,pl is for parasol.,False,0
10184,"no no, Paul.",False,0
10185,what is that?,True,1
10186,what kind of dog?,False,0
10187,what?,False,0
10188,what kind of dog?,False,0
10189,perhaps not.,False,0
10190,what is that?,True,1
10191,a dog doing what?,False,0
10192,playing a piano?,False,0
10193,what's he sitting on?,True,1
10194,a pumpkin?,False,0
10195,do you know what that is?,True,1
10196,yes.,False,0
10197,"ql is for quintuplets, quilt.",False,0
10198,huh?,False,0
10199,I suppose it's easier to take care of five of them if you're,True,2
10200,is she in the middle?,False,0
10201,the same thing that you said.,True,1
10202,rl is for restaurant.,False,0
10203,huh?,False,0
10204,what is that?,True,1
10205,what is that?,True,1
10206,"yes, he's serving it.",False,0
10207,he's bringing it out and putting it on the table.,False,0
10208,that's right.,False,0
10209,he's writing your order down with it.,False,0
10210,what's the rabbit have on?,True,1
10211,so he can come very fast.,False,0
10212,and what is that?,True,1
10213,I think she.,False,0
10214,don't you think that might be a rhinoceros?,False,0
10215,what is a rhinoceros?,True,1
10216,"oh, is that a robin?",False,0
10217,what is the robin eating?,True,1
10218,raspberries.,False,0
10219,what kind of flowers are they?,True,1
10220,and what is that?,True,1
10221,suppose it might be a reindeer?,False,0
10222,so that he willn't forget.,False,0
10223,do you know the name of that restaurant?,False,0
10224,there it is.,False,0
10225,what do you think it is?,True,1
10226,what is that?,True,1
10227,what kind of coat do you think it is?,True,1
10228,raincoat.,False,0
10229,what are those?,True,1
10230,"yes, I suppose that would have to be the bird's coat.",False,0
10231,do you think she could get in that?,False,0
10232,"no, I don't think so.",False,0
10233,I suppose that could be here.,False,0
10234,"well, perhaps.",False,0
10235,yes.,False,0
10236,do you see anything on there that has a beginning sound like that?,True,1
10237,what?,False,0
10238,I see something on that picture though.,False,0
10239,"oh, what're they having, Adam?",True,1
10240,lunch where?,False,0
10241,oh.,False,0
10242,she's going to fall in the water.,False,0
10243,"no, what are they?",True,1
10244,you saw some at the circus.,False,0
10245,they're having a picnic.,False,0
10246,at the seashore?,False,0
10247,who?,False,0
10248,"oh, they'll have a picnic when the people leave.",True,1
10249,"after the seals leave, I 'm sorry.",False,0
10250,where?,False,0
10251,yes.,False,0
10252,alright.,False,0
10253,perhaps.,False,0
10254,you don't want to what?,False,0
10255,"oh yes, they like the water.",False,0
10256,"no, I don't think they like the whales.",False,0
10257,perhaps.,False,0
10258,oh no.,False,0
10259,whales are far far out.,False,0
10260,yes.,False,0
10261,because that's a nice place *NULL* to go.,True,1
10262,would I let you have a sandwich at the seashore?,False,0
10263,oh yes.,False,0
10264,and you could have some of those?,False,0
10265,strawberries.,False,0
10266,and what are those?,True,1
10267,salad?,False,0
10268,"yes, that's the salad.",False,0
10269,oh yes.,False,0
10270,and what's she feeding the baby?,True,1
10271,and what's she eating?,True,1
10272,what are they playing on?,True,1
10273,because he went up so high.,False,0
10274,no.,False,0
10275,he's just bouncing a little on the seesaw.,False,0
10276,because that's fun.,False,0
10277,tl is for toast and tea.,False,0
10278,he's playing tennis?,False,0
10279,the what?,False,0
10280,the log?,False,0
10281,like what?,False,0
10282,like the little girl is doing?,False,0
10283,your Daddy doesn't play that?,False,0
10284,not up in the tree.,False,0
10285,have you ever seen a telephone on a tree before?,False,0
10286,don't you see it?,False,0
10287,ul is for umbrella.,False,0
10288,do you see the unicorn?,False,0
10289,look on the unicorn's head.,False,0
10290,of the unicorn's horn.,False,0
10291,"no, that's a ukelele.",False,0
10292,"no, isn't a banjo round?",False,0
10293,"yes, vl is for what is that?",True,1
10294,"no, look.",False,0
10295,what is this?,True,1
10296,yes.,False,0
10297,and what is he playing?,True,1
10298,"no, that's not a moon.",False,0
10299,look at it again.,False,0
10300,"wl is wedding, walrus and whales.",False,0
10301,yes.,False,0
10302,yes.,False,0
10303,"yes, sometimes it is shaped a little like that.",False,0
10304,I think so.,False,0
10305,what's he doing?,True,1
10306,who's checking whom?,True,1
10307,is checking who?,False,0
10308,this is an x_ray.,False,0
10309,and the little boy is peeking out,False,0
10310,do you think he could swallow all those things?,False,0
10311,what do you see there?,True,1
10312,I don't think he could really swallow those things.,False,0
10313,that's just a little story.,False,0
10314,what is that?,True,1
10315,a bulb.,False,0
10316,yl is for yaks in your yard.,False,0
10317,"yes, I suppose so.",False,0
10318,we're having fun?,False,0
10319,did you miss a page?,False,0
10320,yes.,False,0
10321,zl is for zither and zebra.,False,0
10322,we've finished.,False,0
10323,"wait, boys, don't tear the book.",False,0
10324,do you know these letters?,False,0
10325,gl.,False,0
10326,il.,False,0
10327,jl.,False,0
10328,jackinthebox.,False,0
10329,kl.,False,0
10330,bless you.,False,0
10331,bless you.,False,0
10332,what's this?,True,1
10333,on a,False,0
10334,on roller skates.,False,0
10335,what?,False,0
10336,kangaroo.,False,0
10337,"that's a nice book, isn't it?",False,0
10338,"oh, you punch them out.",False,0
10339,you do it like that round the edges.,False,0
10340,careful.,False,0
10341,"see, you hold it down like this.",False,0
10342,"no, I don't think you need to use any paste at all, do you?",False,0
10343,I'd be most happy to do that because you were so kind to say,False,0
10344,these are the things that will hold the police car and the station.,True,1
10345,yes.,False,0
10346,"no, Paul.",False,0
10347,"Paul, you're just so helpful.",False,0
10348,Paul tries to put the key in the keyhole.,False,0
10349,"here, here's something for you.",False,0
10350,alright?,False,0
10351,"well, do you think it does?",False,0
10352,you'll have to take that and punch that out.,False,0
10353,put your finger there.,False,0
10354,mmhm.,False,0
10355,hmm?,False,0
10356,is there a door?,False,0
10357,it says fold on dotted line.,False,0
10358,these are lines here.,False,0
10359,"see, that's not a straight line.",False,0
10360,hmm?,False,0
10361,yes.,False,0
10362,you have to match these numbers.,False,0
10363,that's three and that's three.,False,0
10364,"I'll be back in a minute, Paul.",False,0
10365,what kind of a car do you think that one is?,True,1
10366,for carrying what?,False,0
10367,who rides on the bus?,True,1
10368,"people do, they look like big people or little people?",False,0
10369,"oh, are you going to let him have that, Adam?",False,0
10370,that's very nice.,False,0
10371,I do too.,False,0
10372,we can use Scotch tape but maybe there's another way.,False,0
10373,well do one at a time.,False,0
10374,yes.,False,0
10375,what kind of bus is that?,True,1
10376,no no no.,False,0
10377,they'll get lost.,False,0
10378,don't do that.,False,0
10379,wait til you finish one and get it together.,False,0
10380,"just a minute, we'll see.",False,0
10381,"oh no, let's play with one for a while.",False,0
10382,"oh, I see.",False,0
10383,cross here.,False,0
10384,to make it a little stronger.,False,0
10385,Paul is the service station man.,False,0
10386,ring.,False,0
10387,"hello, Joe.",False,0
10388,I've got a flat tire.,False,0
10389,I've got a flat tire.,False,0
10390,so you bring your jeep and fix my flat tire for me.,False,0
10391,"oh, you have a tire in back?",False,0
10392,is that for my truck?,False,0
10393,can you pretend?,False,0
10394,"oh, you changed my flat tire already?",False,0
10395,how much do you charge me for doing that?,True,1
10396,"no, I have to pay you.",False,0
10397,can you bring me some gas?,False,0
10398,"fill it up, please.",False,0
10399,alright.,False,0
10400,your wheel's about to have a flat tire?,False,0
10401,"oh no, that's for something else.",False,0
10402,for one of those other trucks.,False,0
10403,"yes, I have a flat tire on my wagon there.",False,0
10404,"those wheels really go around, don't they?",False,0
10405,what happens when you get a flat tire?,True,2
10406,"no, not now, thank you.",False,0
10407,"yes, you didn't change it, did you?",False,0
10408,"oh, what will you do with it?",True,1
10409,not on your jeep?,False,0
10410,"yes, I think it's a jeep.",False,0
10411,"no, I don't think I have one.",False,0
10412,"oh, Paul.",False,0
10413,he's just a little boy.,False,0
10414,he didn't realize that it's only paper.,False,0
10415,trying to put this back in.,False,0
10416,"yes, I have a flat tire on my trailer.",False,0
10417,you what?,False,0
10418,"no, this is my trailer.",False,0
10419,oh alright.,False,0
10420,you like me?,False,0
10421,I 'm glad.,False,0
10422,that's alright.,False,0
10423,it's still a good one.,False,0
10424,keep it in case what?,False,0
10425,oh alright.,False,0
10426,you need gas?,False,0
10427,is the airplane giving you gas?,False,0
10428,what happened to the airplane?,True,1
10429,is it going to the,False,0
10430,has to go where?,False,0
10431,"oh, what light means stop?",True,1
10432,red light.,False,0
10433,"oh, I 'm sorry.",False,0
10434,your truck what?,False,0
10435,oh no.,False,0
10436,"no, you go on a green light.",False,0
10437,you stop on a red light.,False,0
10438,"wait, Mr Driver.",False,0
10439,it's alright now.,False,0
10440,"it's alright now, see?",False,0
10441,you what?,False,0
10442,"thank you, Paul.",False,0
10443,he gave me a block.,False,0
10444,thank you.,False,0
10445,"oh, what're you going to do?",True,1
10446,"oh, thank you.",False,0
10447,"oh, that's a saw.",False,0
10448,"want this on your truck, Paul?",False,0
10449,I 'm sorry.,False,0
10450,"oh, I 'm pretending to take the tire off.",False,0
10451,when you go to the service station you have to repair that one.,True,1
10452,there's the service station?,False,0
10453,now put a patch on it.,False,0
10454,right there.,False,0
10455,because there was a hole there.,False,0
10456,oh my goodness.,False,0
10457,I just think you need to buy some new tires.,False,0
10458,good.,False,0
10459,now you willn't have so many flat tires.,False,0
10460,I don't see how you could have a flat tire.,True,1
10461,we have to put this one up higher.,False,0
10462,you don't have any more flat tires.,False,0
10463,how much do you want?,True,1
10464,"oh oh, seven dollars worth?",False,0
10465,pay me seven.,False,0
10466,you said seven.,False,0
10467,you only gave me four.,False,0
10468,how many more do I need?,True,1
10469,you gave me four dollars.,False,0
10470,you should have given me seven.,False,0
10471,give me seven now.,False,0
10472,I'll give you the four back.,False,0
10473,count them out.,False,0
10474,"no, start with one again.",False,0
10475,you gave me seven?,False,0
10476,alright.,False,0
10477,oh no.,False,0
10478,then you cann't use your car anymore.,False,0
10479,he has a book.,False,0
10480,hello.,False,0
10481,here's a gas station.,False,0
10482,alright.,False,0
10483,this is the stand for the gas station.,False,0
10484,put it in the playpen so Paul willn't get it.,False,0
10485,alright.,False,0
10486,you'll have lots of gas.,False,0
10487,do you want To punch out the oil?,False,0
10488,can you fold it back?,False,0
10489,"Adam, why don't you put this over there too until you get ready to",False,0
10490,yes.,False,0
10491,"no, he doesn't know how to play with those things yet.",True,1
10492,here's a sign that says what?,True,1
10493,see those dotted lines?,False,0
10494,what do you do to them?,True,1
10495,that's right.,False,0
10496,can you fold them?,False,0
10497,one at a time.,False,0
10498,now fold the other one back.,False,0
10499,"see, he stands up by himself.",False,0
10500,"yes, one at a time.",False,0
10501,school bus.,False,0
10502,you can take this whole page off.,False,0
10503,this goes on the bus.,False,0
10504,bring it over here and put it on the floor and punch it out.,False,0
10505,oh yes.,False,0
10506,"yes, you can.",False,0
10507,"yes, you hold it down and put your finger on the inside.",False,0
10508,did you get all of them out?,False,0
10509,your police thing?,False,0
10510,what is that?,True,1
10511,"oh, I put it up here.",False,0
10512,aren't you going to finish the bus?,False,0
10513,what're you going to do now?,True,1
10514,I'll help you finish the bus.,False,0
10515,no.,False,0
10516,alright.,False,0
10517,alright.,False,0
10518,we'll finish the bus.,False,0
10519,I didn't go anyplace.,False,0
10520,did you think Mommy was going?,False,0
10521,alright.,False,0
10522,"yes, that's the brace on the bus.",False,0
10523,brace.,False,0
10524,the same as the brace on the,False,0
10525,"no, brace.",False,0
10526,part that goes across there.,True,1
10527,are you ready to go to bed?,False,0
10528,"ready to go to bed, Paul?",False,0
10529,yes?,False,0
10530,yes?,False,0
10531,yes?,False,0
10532,"Adam, did you hear Paul saying.",False,0
10533,yes.,False,0
10534,what?,False,0
10535,where are the wheels?,True,1
10536,you mean did she take them?,False,0
10537,"no, I don't think so.",False,0
10538,"Adam, did you play hey_diddle_diddle.",False,0
10539,today at nursery school?,False,0
10540,"I don't think busses have wheels on the back, do they?",False,0
10541,"yes, they do.",False,0
10542,I have to get Paul ready for bed now and you play with this for a,False,0
10543,what happened?,True,1
10544,I don't know.,False,0
10545,did you lose your tire?,False,0
10546,no.,False,0
10547,there's the tire?,False,0
10548,Paul did what?,False,0
10549,what else did you do at nursery school today?,True,1
10550,hey diddle diddle?,False,0
10551,the cat and the fiddle.,False,0
10552,the little dog,False,0
10553,and the dish ran away with the,False,0
10554,no.,False,0
10555,because it's stuck through the paper.,False,0
10556,when you have a flat tire you have to take the wheel off.,True,1
10557,it doesn't come off really.,False,0
10558,we just pretend to get it off.,False,0
10559,how would you get it back on there?,True,1
10560,yes.,False,0
10561,what?,False,0
10562,Adam was a baby?,False,0
10563,Darrel.,False,0
10564,whose baby is he?,True,1
10565,Ricky?,False,0
10566,I thought was Ricky.,False,0
10567,"oh, I 'm sorry.",False,0
10568,to repair it?,False,0
10569,there's one more piece.,False,0
10570,that tells you how vegetables grow.,True,1
10571,"do you know what that is, Adam?",True,1
10572,oh.,False,0
10573,you had it upside down.,False,0
10574,that looks like a mouse?,False,0
10575,that's something *NULL* you like very much.,True,1
10576,bunny rabbits also like that.,False,0
10577,what?,False,0
10578,"they seem to be shaped a lot alike, don't they?",False,0
10579,but they're different colors.,False,0
10580,"oh yes, you can.",False,0
10581,"that's part of the puzzle, the vegetable part.",False,0
10582,"oh, it's alright for me to call it a puzzle.",False,0
10583,oh yes.,False,0
10584,it doesn't?,False,0
10585,it seems to be fitted very securely there so that the pieces cann't,False,0
10586,you know what this is?,True,1
10587,what part of the vegetable do you think this is?,False,0
10588,how many of these vegetables do you know?,True,1
10589,potato you know.,False,0
10590,what's that?,True,1
10591,beet.,False,0
10592,carrot.,False,0
10593,onions.,False,0
10594,what's this?,True,1
10595,cabbage.,False,0
10596,that looks a little like lettuce.,False,0
10597,the cabbage does.,False,0
10598,perhaps so.,False,0
10599,do you think it talks?,False,0
10600,why don't you show her what the vegetables are?,True,2
10601,what's this one?,True,1
10602,what are these?,True,1
10603,what's this?,True,1
10604,"I said it looks a little like lettuce, but it's cabbage.",False,0
10605,and this?,False,0
10606,this is cabbage?,False,0
10607,no.,False,0
10608,what about this?,False,0
10609,"that's right, they don't.",False,0
10610,"you made this, Adam?",False,0
10611,that's right.,False,0
10612,what else did you make?,True,1
10613,"oh, you're doing two at the same time.",False,0
10614,two?,False,0
10615,I only have two.,False,0
10616,how'd you get eight so soon?,True,1
10617,just punch it out.,False,0
10618,what do you do with that?,True,1
10619,that's right.,False,0
10620,I'll punch some of it.,False,0
10621,why?,False,0
10622,you cann't punch any more?,False,0
10623,"oh, Adam.",False,0
10624,what did we say about that word?,True,1
10625,where does this go?,True,1
10626,"no, Adam is working over here on this side.",False,0
10627,here's another one.,False,0
10628,here.,False,0
10629,here're two.,False,0
10630,"here's another one, Paul.",False,0
10631,now what do you do?,True,1
10632,can you get this in?,False,0
10633,"no, there isn't.",False,0
10634,it's in the drawer.,False,0
10635,then I'll be happy for two of them.,False,0
10636,"here, Paulie.",False,0
10637,let's do the puzzle.,False,0
10638,"Adam, how would I know that those are the wheels that go on here?",True,2
10639,are those the right wheels?,False,0
10640,is this the right wheels?,False,0
10641,"oh, why isn't that the right one?",True,1
10642,oh.,False,0
10643,you could use another one.,False,0
10644,what does this say?,True,1
10645,what letter of the alphabet is that?,True,1
10646,al bl cl.,False,0
10647,don't you think you'd better put this up so Paul willn't get that?,False,0
10648,"yes, he does.",False,0
10649,why not?,False,0
10650,"no no, let's get this one repaired first and then we'll put them",False,0
10651,where are the wheels for the bus?,True,1
10652,you don't have any more?,False,0
10653,"no no, honey.",False,0
10654,you're too big.,False,0
10655,"no no, you're too big, honey.",False,0
10656,you'll hurt him.,False,0
10657,he thinks he's dead?,False,0
10658,what happens when he's dead?,True,2
10659,what is that?,True,1
10660,while you're doing that I'll take Paul.,False,0
10661,"no, I'll see about his diaper.",False,0
10662,I'll be right back.,False,0
10663,"oh, she'll be right back.",False,0
10664,there we are.,False,0
10665,would you like some help *NULL* to put that together?,True,1
10666,is that a bus or a station wagon?,False,0
10667,how many people?,False,0
10668,"oh, count them.",False,0
10669,on the other side?,False,0
10670,"no, nothing on either side that's right.",False,0
10671,oh.,False,0
10672,like my coat?,False,0
10673,that's right.,False,0
10674,what?,False,0
10675,what you hear?,False,0
10676,what do you hear?,True,1
10677,"it's somebody *NULL* you know, I think.",True,1
10678,how about that policeman?,False,0
10679,two colors?,False,0
10680,where?,False,0
10681,that's right.,False,0
10682,why don't you bring the station wagon over here and I'll put it,True,1
10683,that's only two wheels.,False,0
10684,do you have more wheels?,False,0
10685,and do you have one more wheel?,False,0
10686,where would it be?,True,1
10687,"I have three, see?",False,0
10688,one more we need.,False,0
10689,"I'll put it together and you look for the wheel, alright?",False,0
10690,alright.,False,0
10691,"oh, you did?",False,0
10692,is that what happened here?,True,1
10693,is it alright now?,False,0
10694,don't you want to punch some of it out?,False,0
10695,why not?,False,0
10696,hold it down with one hand and pull it with the other.,False,0
10697,it's a part of the police car.,False,0
10698,"well, I guess if they have to pick some people up they put the",True,1
10699,"no, if people are bad.",True,1
10700,he was talking about President Kennedy.,False,0
10701,yes.,False,0
10702,"oh, Adam, you did a very good job.",False,0
10703,that's right.,False,0
10704,keep your finger down.,False,0
10705,"what're you doing, Paul?",True,1
10706,ten wheels!,False,0
10707,I don't have any.,False,0
10708,not on there.,False,0
10709,oh.,False,0
10710,one more what?,False,0
10711,there's one right by your shoe.,False,0
10712,I don't think those sound do.,False,0
10713,lazy crazy.,False,0
10714,hazy.,False,0
10715,maziewp.,False,0
10716,I don't see a Volkswagen.,False,0
10717,is this a Volkswagen?,False,0
10718,I thought this was a station wagon.,False,0
10719,"yes, it looks like your brother chewed it.",False,0
10720,there it is.,False,0
10721,chew what?,False,0
10722,"Adam, don't push him down, honey.",False,0
10723,I didn't finish that one.,False,0
10724,watch.,False,0
10725,that's very kind of you.,False,0
10726,"yes, I haven't finished the back yet.",False,0
10727,I had a visitor.,False,0
10728,"no, I said a visitor.",False,0
10729,a little baby who goes away and comes back when he sees me working.,True,2
10730,careful.,False,0
10731,a chewing boy.,False,0
10732,he does what?,False,0
10733,"here we are, Adamy.",False,0
10734,you do?,False,0
10735,why don't you play with those things?,True,1
10736,here's a place where you can start.,True,1
10737,pull that.,False,0
10738,take your time.,False,0
10739,what does that look like?,True,1
10740,a what?,False,0
10741,the center pole is wider on one side.,False,0
10742,which side is wider?,True,1
10743,"yes, I think you're right.",False,0
10744,is that the loading gear?,False,0
10745,I think that can make the yellow thing fly up in the air.,False,0
10746,is it a propeller?,False,0
10747,but the one on top of the helicopter.,False,0
10748,"watch, Adam.",False,0
10749,you let the whole model go.,False,0
10750,"no, this is when you want it to fly.",True,1
10751,you pull this back.,False,0
10752,you let it go after you get it all the way out.,False,0
10753,over it?,False,0
10754,where does it say let it go?,True,1
10755,is that right?,False,0
10756,is it put together properly?,False,0
10757,"see, it goes in so that these teeth fit around this part.",False,0
10758,now let go.,False,0
10759,yes.,False,0
10760,how was the fair?,True,1
10761,"you haven't been there, have you?",False,0
10762,"yes, perhaps we will later on.",False,0
10763,when he was in North_Carolina.,True,1
10764,you went to a circus when you came back from North_Carolina.,True,1
10765,I 'm sure you did.,False,0
10766,"you got what, Adam?",False,0
10767,you saw elephants at the circus?,False,0
10768,down Columbus Avenue?,False,0
10769,"oh no, we didn't see any tigers, did we?",False,0
10770,"Adam, don't throw sticks.",False,0
10771,"so you're four years old, is that right?",False,0
10772,Ursula asked how old you were.,True,1
10773,how old are you?,True,1
10774,you don't know.,False,0
10775,you shot what worm?,False,0
10776,"Adam, don't throw the stick now.",False,0
10777,I don't have to take any cooking equipment.,False,0
10778,what?,False,0
10779,has he ever seen you drinking old water?,False,0
10780,perhaps so.,False,0
10781,what happened?,True,1
10782,"ok, when you get ready for some more.",True,1
10783,what's an octopus?,True,1
10784,alright.,False,0
10785,in a few minutes.,False,0
10786,somebody's unhappy outside.,False,0
10787,you are?,False,0
10788,why are you unhappy?,True,1
10789,"Paul, come away from there.",False,0
10790,"no, before he throws all the toys down there.",False,0
10791,"Paul, come here.",False,0
10792,isn't that what?,False,0
10793,"Paul, no no.",False,0
10794,"Paul, stay away away away from there.",False,0
10795,are you driving yourself?,False,0
10796,that's a grand hat.,False,0
10797,that's a very nice hat.,False,0
10798,what's a grand hat?,True,1
10799,how do you know it's not?,True,1
10800,do they come apart?,False,0
10801,let me see.,False,0
10802,can you fix it?,False,0
10803,oh no.,False,0
10804,what does that say?,True,1
10805,it says four years old.,False,0
10806,is that how old you are?,True,1
10807,it broke?,False,0
10808,that's alright.,False,0
10809,why don't you move yours over near mine?,True,1
10810,"no no, that's far enough.",False,0
10811,don't you think?,False,0
10812,"Adam, you're a silly.",False,0
10813,oh yes.,False,0
10814,I forgot.,False,0
10815,it didn't seem that you needed any.,False,0
10816,see what this is.,True,1
10817,I suppose so.,False,0
10818,Mr Peanut.,False,0
10819,he's not peanut butter yet.,False,0
10820,Mr Peanut.,False,0
10821,just Mr Peanut.,False,0
10822,"you are, huh.",False,0
10823,"yes, you did.",False,0
10824,let's put it over this way.,False,0
10825,alright.,False,0
10826,now here's one for you.,False,0
10827,you almost what?,False,0
10828,the winner.,False,0
10829,Paulie.,False,0
10830,I suppose so.,False,0
10831,"no no, let him have one, dear.",False,0
10832,that's alright.,False,0
10833,alright.,False,0
10834,awoh.,False,0
10835,"what is that, Paul?",True,1
10836,oh my goodness.,False,0
10837,yes.,False,0
10838,what did you say?,True,1
10839,get out of your chair?,False,0
10840,how can you play baseball on me?,True,1
10841,it's what?,False,0
10842,a roller?,False,0
10843,you have?,False,0
10844,"you finish very quickly, don't you?",False,0
10845,those are blue.,False,0
10846,what are those?,True,1
10847,"no, you told him he could have that.",False,0
10848,"oh, the lion jumped through the fire hoop?",False,0
10849,good morning.,False,0
10850,eyebrows.,False,0
10851,that's right.,False,0
10852,it's a costume so nobody will know who you are.,True,1
10853,come on and put your glasses on and then nobody will recognize you.,False,0
10854,"oh, you're going to put them on Paul?",False,0
10855,come on.,False,0
10856,alright.,False,0
10857,you don't want anyone to recognize you.,False,0
10858,"careful, don't step on his finger.",False,0
10859,who are you?,True,1
10860,a mashed one too.,False,0
10861,this is just a small one.,False,0
10862,show Ursula.,False,0
10863,"shall I show you, Adam?",False,0
10864,"I've got one, thank you.",False,0
10865,look at Ursula.,False,0
10866,"no, we don't.",False,0
10867,"oh, who is it?",True,1
10868,did you ask?,False,0
10869,Mr Jones.,False,0
10870,"no, we don't.",False,0
10871,who're you?,True,1
10872,me who?,False,0
10873,oh.,False,0
10874,"well hi, Adam.",False,0
10875,"no, we just don't recognize her.",False,0
10876,"well, Paul.",False,0
10877,you going to put one on?,False,0
10878,no.,False,0
10879,oh my goodness.,False,0
10880,"yes, we do.",False,0
10881,you do.,False,0
10882,there's a blue.,False,0
10883,"Adam, let him have something.",False,0
10884,"careful, Adam.",False,0
10885,you don't?,False,0
10886,"oh, I 'm Grace Smith.",False,0
10887,"no, now who is that?",True,1
10888,maybe you better go find out.,False,0
10889,you put them on.,False,0
10890,I don't have them on.,False,0
10891,"well, you put them on.",False,0
10892,now who are you?,True,1
10893,I 'm a circus man.,False,0
10894,I train the elephants.,False,0
10895,no?,False,0
10896,she's a circus man?,False,0
10897,"oh, you're a circus man.",False,0
10898,oh.,False,0
10899,you look like a deep sea diver.,False,0
10900,"no no, don't throw it.",False,0
10901,I 'm afraid you'll forget and throw that.,False,0
10902,you don't throw sticks.,False,0
10903,that's the kind of mask *NULL* you wear under water.,True,1
10904,he jumped through a hole?,False,0
10905,"no, you may get hurt.",False,0
10906,will you be careful?,False,0
10907,it growled.,False,0
10908,I'll go get some.,False,0
10909,there's something else here *NULL* to look at.,True,1
10910,I don't know what those things are.,True,1
10911,why don't you try?,True,1
10912,blow it.,False,0
10913,a mask.,False,0
10914,"oh, Paul.",False,0
10915,you blow it.,False,0
10916,think that's a hat?,False,0
10917,you blow it out.,False,0
10918,"Paul, you're just not cooperative.",False,0
10919,Paul doesn't like for me to put it on.,False,0
10920,he's going to think that that's Mommy.,False,0
10921,I don't think he wants it on Adam.,False,0
10922,do I look like your Mother?,False,0
10923,that's for decoration.,False,0
10924,why would you do two at one time?,True,1
10925,"oh, where did you see that?",True,1
10926,you can make all sorts of things with these.,False,0
10927,you can bend it in any direction.,False,0
10928,you want to make an airplane?,False,0
10929,ok.,False,0
10930,here's one for you.,False,0
10931,of stripes?,False,0
10932,hmm?,False,0
10933,that'd be very funny.,False,0
10934,yes.,False,0
10935,this is a flower.,False,0
10936,does it look like one?,False,0
10937,a ring?,False,0
10938,you could make a pair of glasses.,False,0
10939,that's right.,False,0
10940,you can always take them apart and make something different.,False,0
10941,that's right.,False,0
10942,"yes, you can keep all these.",False,0
10943,why don't you get some of your toys and play with them?,True,1
10944,no?,False,0
10945,why not?,False,0
10946,don't pull.,False,0
10947,you'll break it.,False,0
10948,thank you.,False,0
10949,it looks like it's made out of paper.,False,0
10950,"I don't think you could take it to the beach, no.",False,0
10951,you can make a watch.,False,0
10952,that's a very good idea.,False,0
10953,"here, Adam.",False,0
10954,shall we make a watch?,False,0
10955,"oh, this will?",False,0
10956,oh what a pretty watch.,False,0
10957,what time is it?,True,1
10958,you're in my chair.,False,0
10959,alright.,False,0
10960,"oh, this is your can.",False,0
10961,what time is it?,True,1
10962,in the morning or in the evening?,False,0
10963,he willn't bother you.,False,0
10964,he's all tired out.,False,0
