tree_id,sentence,has_trace,n_deps,final_labels_str
0,you more cookies?,False,0,NONE
1,how about another graham cracker?,False,0,NONE
2,would that do just as well?,False,0,NONE
3,here.,False,0,NONE
4,here you go.,False,0,NONE
5,you have another cookie right on the table.,False,0,NONE
6,more juice?,False,0,NONE
7,would you like more grape juice?,False,0,NONE
8,where's your cup?,True,1,MQ_ADJUNCT
9,"oh, I took it.",False,0,NONE
10,I think that was Fraser.,False,0,NONE
11,I 'm not sure.,False,0,NONE
12,what?,False,0,NONE
13,are you saying Fraser?,False,0,NONE
14,Mr Fraser?,False,0,NONE
15,"yes, that's much better.",False,0,NONE
16,Mr Fraser?,False,0,NONE
17,what is that?,True,1,MQ_OBJ
18,huh?,False,0,NONE
19,what is that?,True,1,MQ_OBJ
20,"yes, a fly.",False,0,NONE
21,why don't you go in the room and kill a fly?,True,1,MQ_ADJUNCT
22,you go in the room and kill a fly.,False,0,NONE
23,"yes, you get a fly.",False,0,NONE
24,you get one.,False,0,NONE
25,are you finished with your juice?,False,0,NONE
26,"well, go and get your telephone.",False,0,NONE
27,"yes, he gave you your telephone.",False,0,NONE
28,"who are you calling, Eve?",True,1,MQ_OBJ
29,who?,False,0,NONE
30,what's that *NULL* you're doing?,True,2,MQ_OBJ;RC_OBJ
31,"Eve, why don't you call Grandma?",True,1,MQ_ADJUNCT
32,call Grandma and talk,False,0,NONE
33,"oh, you don't want To talk to Grandma.",False,0,NONE
34,alright.,False,0,NONE
35,alright.,False,0,NONE
36,I just thought she might like to hear from you.,False,0,NONE
37,uhhuh.,False,0,NONE
38,what's the man doing?,True,1,MQ_OBJ
39,you want cookie?,False,0,NONE
40,there's a cookie on the table in the room on the table with the,False,0,NONE
41,can you do it?,False,0,NONE
42,can you do it like that?,False,0,NONE
43,there.,False,0,NONE
44,that's very good.,False,0,NONE
45,that's a nice box of books.,False,0,NONE
46,what's that?,True,1,MQ_OBJ
47,"oh, it's a baby.",False,0,NONE
48,no.,False,0,NONE
49,Mommy cann't read.,False,0,NONE
50,I 'm busy.,False,0,NONE
51,you read the book.,False,0,NONE
52,"yes, that's the stool.",False,0,NONE
53,you want to sit on the stool and read the book?,False,0,NONE
54,"Mr Fraser, yes, Mr Fraser.",False,0,NONE
55,your cookie's there on the table.,False,0,NONE
56,did you eat it?,False,0,NONE
57,"yes, you ate it.",False,0,NONE
58,I'll give you another.,False,0,NONE
59,just a little one.,False,0,NONE
60,just a little one.,False,0,NONE
61,yes.,False,0,NONE
62,"little one, yes.",False,0,NONE
63,what?,False,0,NONE
64,"no, no more, Eve.",False,0,NONE
65,we'll have lunch in a little while.,False,0,NONE
66,you eat any more crackers.,False,0,NONE
67,milk?,False,0,NONE
68,"no, you don't want milk, honey.",False,0,NONE
69,you've just had some juice.,False,0,NONE
70,where's the rest of your juice?,True,1,MQ_ADJUNCT
71,how about a drink of water?,False,0,NONE
72,what is that?,True,1,MQ_OBJ
73,that's Mr Fraser.,False,0,NONE
74,"there, drink the water.",False,0,NONE
75,"no, I don't think Mr Fraser wants any water.",False,0,NONE
76,what?,False,0,NONE
77,bye?,False,0,NONE
78,where are you going?,True,1,MQ_ADJUNCT
79,will you ask Mr Fraser if he'd like a drink of water?,True,1,EQ_POLAR
80,I don't think so.,False,0,NONE
81,Mr Fraser has coffee.,False,0,NONE
82,Mr Fraser's drinking coffee.,False,0,NONE
83,what is that?,True,1,MQ_OBJ
84,coffee.,False,0,NONE
85,"yes, he's drinking his coffee.",False,0,NONE
86,right.,False,0,NONE
87,that's Mr Fraser's coffee.,False,0,NONE
88,you want down?,False,0,NONE
89,there you go.,False,0,NONE
90,now what?,False,0,NONE
91,"no more cookies, Eve.",False,0,NONE
92,later we'll have a cookie.,False,0,NONE
93,we'll have a cookie later.,False,0,NONE
94,what?,False,0,NONE
95,what?,False,0,NONE
96,"oh, what's that?",True,1,MQ_OBJ
97,your hat?,False,0,NONE
98,and what did you do with it?,True,1,EQ_OBJ
99,maybe your dolly would like a bottle.,False,0,NONE
100,think she would?,False,0,NONE
101,come see if we can find dolly's bottle.,True,1,EQ_POLAR
102,give dolly her bottle.,False,0,NONE
103,what are you doing?,True,1,MQ_OBJ
104,what are you doing?,True,1,MQ_OBJ
105,bottle?,False,0,NONE
106,what?,False,0,NONE
107,I don't know what you're saying about the hat.,True,1,EQ_OBJ
108,what about the hat?,False,0,NONE
109,"oh, Mr Fraser's hat.",False,0,NONE
110,Mr Fraser doesn't have a hat.,False,0,NONE
111,he doesn't have a hat.,False,0,NONE
112,would he like to have Eve's hat?,False,0,NONE
113,he would.,False,0,NONE
114,go see if he would like to have it on.,True,1,EQ_POLAR
115,what's wrong with your eye?,True,1,MQ_SUBJ
116,what is that?,True,1,MQ_OBJ
117,what do you want me to do with it?,True,1,MQ_OBJ
118,hmm?,False,0,NONE
119,what do you want me to do with it?,True,1,MQ_OBJ
120,do you want me to turn it for you?,False,0,NONE
121,"yes, there's soldiers on the radio.",False,0,NONE
122,there's two soldiers.,False,0,NONE
123,soldiers.,False,0,NONE
124,uhhuh.,False,0,NONE
125,two soldiers.,False,0,NONE
126,bring it here.,False,0,NONE
127,what's that?,True,1,MQ_OBJ
128,that's Jack and Jill.,False,0,NONE
129,"Mr Fraser doesn't have a hat, darling.",False,0,NONE
130,he doesn't have a hat.,False,0,NONE
131,Eve has a hat.,False,0,NONE
132,what?,False,0,NONE
133,"oh, you're going To find it.",False,0,NONE
134,oh.,False,0,NONE
135,hmm?,False,0,NONE
136,want me to turn it?,False,0,NONE
137,there.,False,0,NONE
138,man?,False,0,NONE
139,who is that man?,True,1,MQ_OBJ
140,Eve?,False,0,NONE
141,you're Eve.,False,0,NONE
142,what's that man's name?,True,1,MQ_OBJ
143,"oh, down.",False,0,NONE
144,do you wanT To come up and sit on my lap?,False,0,NONE
145,that'll keep you busy.,False,0,NONE
146,busy.,False,0,NONE
147,yes.,False,0,NONE
148,that'll keep you busy.,False,0,NONE
149,yes.,False,0,NONE
150,that'll keep Eve busy.,False,0,NONE
151,"there, you write a letter.",False,0,NONE
152,what about the pencil?,False,0,NONE
153,"okay man, a pencil.",False,0,NONE
154,"no, that's Eve's pencil.",False,0,NONE
155,that's your pencil.,False,0,NONE
156,you write with it.,False,0,NONE
157,the man's writing with this pencil.,False,0,NONE
158,what about the man?,False,0,NONE
159,he wanted to see you.,False,0,NONE
160,he did?,False,0,NONE
161,"well, what are you doing in the corner?",True,1,MQ_OBJ
162,what?,False,0,NONE
163,"oh, you're going to read.",False,0,NONE
164,alright.,False,0,NONE
165,you sit in the corner and read.,False,0,NONE
166,yes.,False,0,NONE
167,there's lots of shoes in that book.,False,0,NONE
168,what is that?,True,1,MQ_OBJ
169,"yes, shoe.",False,0,NONE
170,you're what?,False,0,NONE
171,Mommy's book?,False,0,NONE
172,"no, that's Eve's book.",False,0,NONE
173,"yes, that's Racketyboom.",False,0,NONE
174,"yes, that's Racketyboom.",False,0,NONE
175,"no, Mommy's not going To read.",False,0,NONE
176,"Eve, read book.",False,0,NONE
177,you read the book.,False,0,NONE
178,"no, Mommy cann't read.",False,0,NONE
179,Mommy's busy.,False,0,NONE
180,"Eve, read.",False,0,NONE
181,"yes, you read about the choochoo.",False,0,NONE
182,Mommy'll read later.,False,0,NONE
183,I'll read to you later.,False,0,NONE
184,come.,False,0,NONE
185,where're you going?,True,1,MQ_ADJUNCT
186,"oh, the choochoo is coming?",False,0,NONE
187,what?,False,0,NONE
188,you want some milk?,False,0,NONE
189,we'll have milk for lunch.,False,0,NONE
190,cup?,False,0,NONE
191,that's not a cup.,False,0,NONE
192,that's the top.,False,0,NONE
193,that's the top to a jar.,False,0,NONE
194,what is that?,True,1,MQ_OBJ
195,what?,False,0,NONE
196,what is that?,True,1,MQ_OBJ
197,what is it?,True,1,MQ_OBJ
198,quacko quacko.,False,0,NONE
199,yes.,False,0,NONE
200,the ducks say what?,False,0,NONE
201,what is that?,True,1,MQ_OBJ
202,what?,False,0,NONE
203,radio.,False,0,NONE
204,what'll you do with it?,True,1,MQ_OBJ
205,hat?,False,0,NONE
206,where is your hat *T*-1?,False,0,NONE
207,I don't have it.,False,0,NONE
208,go find it.,False,0,NONE
209,go find your hat.,False,0,NONE
210,"oh, that's so pretty.",False,0,NONE
211,what do you want me to do?,True,1,MQ_OBJ
212,yeah.,False,0,NONE
213,okay.,False,0,NONE
214,book.,False,0,NONE
215,is that Racketyboom?,False,0,NONE
216,why don't you put Racketyboom back in the toy box?,True,1,MQ_ADJUNCT
217,because I 'm tired of stepping on it.,False,0,NONE
218,stool.,False,0,NONE
219,yes.,False,0,NONE
220,you going to sit on that stool?,False,0,NONE
221,"no, the man'll sit in the chair.",False,0,NONE
222,what?,False,0,NONE
223,what are you doing?,True,1,MQ_OBJ
224,who's sitting?,True,1,MQ_SUBJ
225,Neil?,False,0,NONE
226,"no, Neil's not going to sit.",False,0,NONE
227,no.,False,0,NONE
228,"no, Eve's sitting on the stool.",False,0,NONE
229,Neil?,False,0,NONE
230,"no, Neil doesn't sit on the stool.",False,0,NONE
231,get what?,False,0,NONE
232,get what?,False,0,NONE
233,that.,False,0,NONE
234,what this?,False,0,NONE
235,is that what you want?,True,1,EQ_ADJUNCT
236,what?,False,0,NONE
237,"Neil, sit.",False,0,NONE
238,good girl.,False,0,NONE
239,"yes, that was a good girl.",False,0,NONE
240,what are you doing?,True,1,MQ_OBJ
241,that's a seat.,False,0,NONE
242,that's Eve's seat.,False,0,NONE
243,"yes, Eve's seat.",False,0,NONE
244,are you alright?,False,0,NONE
245,what is that?,True,1,MQ_OBJ
246,farmer and what else?,False,0,NONE
247,Sambo.,False,0,NONE
248,"no, you read, Sambo.",False,0,NONE
249,because I 'm busy.,False,0,NONE
250,I 'm making lunch.,False,0,NONE
251,what did you do?,True,1,MQ_OBJ
252,"yes, you hit your head.",False,0,NONE
253,what do you want?,True,1,MQ_OBJ
254,paper.,False,0,NONE
255,that's my paper.,False,0,NONE
256,your paper's on the table.,False,0,NONE
257,you go the other paper.,False,0,NONE
258,you go write on your paper.,False,0,NONE
259,want come up?,False,0,NONE
260,how about your diaper?,False,0,NONE
261,do we have to change your diaper?,False,0,NONE
262,"yes, why don't you go and lay down on the floor?",True,1,MQ_ADJUNCT
263,you cann't lay on the stool.,False,0,NONE
264,you cann't lay down on the stool.,False,0,NONE
265,"yes, Eve can write too.",False,0,NONE
266,okay.,False,0,NONE
267,you go write on the paper.,False,0,NONE
268,write on the paper.,False,0,NONE
269,I 'm going upstairs.,False,0,NONE
270,I'll be right back.,False,0,NONE
271,there.,False,0,NONE
272,what's that?,True,1,MQ_OBJ
273,read.,False,0,NONE
274,you read.,False,0,NONE
275,"yes, we're going to have cheese for lunch.",False,0,NONE
276,can you get your chair?,False,0,NONE
277,give me the cheese.,False,0,NONE
278,you move your chair around and have lunch.,False,0,NONE
279,mhm.,False,0,NONE
280,no.,False,0,NONE
281,the man's going to have coffee.,False,0,NONE
282,mhm.,False,0,NONE
283,the man's writing.,False,0,NONE
284,that.,False,0,NONE
285,mhm.,False,0,NONE
286,what?,False,0,NONE
287,"yes, that's soup.",False,0,NONE
288,that's pudding.,False,0,NONE
289,uhhuh.,False,0,NONE
290,that's Eve's pudding.,False,0,NONE
291,I 'm going to the basement and I'll be right back.,False,0,NONE
292,what?,False,0,NONE
293,that's pudding.,False,0,NONE
294,do you like it?,False,0,NONE
295,it's good.,False,0,NONE
296,that's a taperecorder.,False,0,NONE
297,taperecorder.,False,0,NONE
298,what is that?,True,1,MQ_OBJ
299,that's the man's taperecorder.,False,0,NONE
300,more what?,False,0,NONE
301,soup soup.,False,0,NONE
302,you have soup.,False,0,NONE
303,more pudding?,False,0,NONE
304,more pudding.,False,0,NONE
305,is that what you want?,True,1,EQ_OBJ
306,more pudding.,False,0,NONE
307,more pudding.,False,0,NONE
308,give the man a cracker?,False,0,NONE
309,"oh, taperecorder?",False,0,NONE
310,taperecorder?,False,0,NONE
311,yes.,False,0,NONE
312,taperecorder.,False,0,NONE
313,yes.,False,0,NONE
314,mhm.,False,0,NONE
315,down?,False,0,NONE
316,are you all done?,False,0,NONE
317,would you like a piece of apple?,False,0,NONE
318,no.,False,0,NONE
319,you don't want apple.,False,0,NONE
320,how about a bit of peanut butter?,False,0,NONE
321,what do you want?,True,1,MQ_OBJ
322,what?,False,0,NONE
323,you don't want anything else to eat?,False,0,NONE
324,sure?,False,0,NONE
325,piece of celery?,False,0,NONE
326,you'd like a piece of celery.,False,0,NONE
327,"you may get down and eat the celery, yes.",False,0,NONE
328,what is that?,True,1,MQ_OBJ
329,what is it?,True,1,MQ_OBJ
330,where is your car going?,True,1,MQ_ADJUNCT
331,is it going?,False,0,NONE
332,does it go far?,False,0,NONE
333,"dolly, celery.",False,0,NONE
334,the dolly eats his celery.,False,0,NONE
335,does she like it?,False,0,NONE
336,does the dolly have a name?,False,0,NONE
337,what's her name?,True,1,MQ_OBJ
338,what are you doing?,True,1,MQ_OBJ
339,no more celery?,False,0,NONE
340,alright.,False,0,NONE
341,man have what?,False,0,NONE
342,"dolly, what?",False,0,NONE
343,what?,False,0,NONE
344,what?,False,0,NONE
345,what is it?,True,1,MQ_OBJ
346,what do you want?,True,1,MQ_OBJ
347,find what?,False,0,NONE
348,what?,False,0,NONE
349,"Eve, there are a lot of things in there.",False,0,NONE
350,do you want this?,False,0,NONE
351,do you want dolly's shoe?,False,0,NONE
352,where's the other one?,True,1,MQ_ADJUNCT
353,where's the other shoe?,True,1,MQ_ADJUNCT
354,"yes, we'll find it.",False,0,NONE
355,where's dolly's other,False,0,NONE
356,"oh, dolly's other shoe is on her foot.",False,0,NONE
357,dolly has her other shoe.,False,0,NONE
358,yes.,False,0,NONE
359,you put that shoe on dolly.,False,0,NONE
360,uhhuh.,False,0,NONE
361,"yes, that's dolly's shoe.",False,0,NONE
362,did you put dolly's shoes on?,False,0,NONE
363,you are good.,False,0,NONE
364,yes.,False,0,NONE
365,what is that?,True,1,MQ_OBJ
366,spool.,False,0,NONE
367,where's the top?,True,1,MQ_ADJUNCT
368,there isn't a top for that.,False,0,NONE
369,there is no top.,False,0,NONE
370,"well, we cann't find it because there isn't one.",False,0,NONE
371,what is that?,True,1,MQ_OBJ
372,not your spoon.,False,0,NONE
373,that's the man's spoon.,False,0,NONE
374,"yes, it belongs to the man.",False,0,NONE
375,that's the man's spoon.,False,0,NONE
376,the man stirs his coffee with the spoon.,False,0,NONE
377,you go and get the napkin.,False,0,NONE
378,get the napkin.,False,0,NONE
379,that's it.,False,0,NONE
380,you bring it to the kitchen.,False,0,NONE
381,"oh, thank you.",False,0,NONE
382,what?,False,0,NONE
383,"well, let's see if we can find the top.",True,1,EQ_POLAR
384,there it is.,False,0,NONE
385,good.,False,0,NONE
386,does it taste good?,False,0,NONE
387,don't think the man wants to taste it.,False,0,NONE
388,"no, the man doesn't want to taste it.",False,0,NONE
389,"well, because you've had it in your mouth.",False,0,NONE
390,"yes, mouth.",False,0,NONE
391,be careful.,False,0,NONE
392,"man, what?",False,0,NONE
393,"man, taste it?",False,0,NONE
394,I 'm not sure.,False,0,NONE
395,"no, I 'm not sure.",False,0,NONE
396,yes.,False,0,NONE
397,okay.,False,0,NONE
398,"change your record, would you, please?",False,0,NONE
399,"yes, you have the top on the table.",False,0,NONE
400,"that's not the table, that's the fireplace.",False,0,NONE
401,that's the fireplace.,False,0,NONE
402,yes.,False,0,NONE
403,you're going To call Granma.,False,0,NONE
404,"yes, you called Granma.",False,0,NONE
405,let's put the books in the basket.,False,0,NONE
406,what?,False,0,NONE
407,will Mommy put them in the basket?,False,0,NONE
408,could you get the other books?,False,0,NONE
409,you get the other books and we'll put them in the basket.,False,0,NONE
410,yes.,False,0,NONE
411,are there any in the kitchen?,False,0,NONE
412,you look in the kitchen.,False,0,NONE
413,aren't there any books out there?,False,0,NONE
414,"would you bring them here, please?",False,0,NONE
415,oh but there aren't any there.,False,0,NONE
416,alright.,False,0,NONE
417,"oh, do you want a pencil too?",False,0,NONE
418,let me see if I can find you a pencil there.,True,1,EQ_POLAR
419,that's Cromer.,False,0,NONE
420,what?,False,0,NONE
421,"yes, the coffee's coming.",False,0,NONE
422,we're going to have coffee in just a minute.,False,0,NONE
423,what's that *NULL* you're writing?,True,2,MQ_OBJ;RC_OBJ
424,oh.,False,0,NONE
425,that's very very good.,False,0,NONE
426,that's very good.,False,0,NONE
427,there.,False,0,NONE
428,who's that?,True,1,MQ_OBJ
429,"yeah, that's a nice pencil.",False,0,NONE
430,it's Becky.,False,0,NONE
431,yes.,False,0,NONE
432,Becky's up there.,False,0,NONE
433,Becky's home yes.,False,0,NONE
434,what are you writing?,True,1,MQ_OBJ
435,what?,False,0,NONE
436,"oh, you want a letter on your arm?",False,0,NONE
437,"oh, right.",False,0,NONE
438,oh yes.,False,0,NONE
439,that's very nice.,False,0,NONE
440,what kind of a letter is that?,True,1,MQ_OBJ
441,what did you do?,True,1,MQ_OBJ
442,what?,False,0,NONE
443,did you hit your head?,False,0,NONE
444,what happened?,True,1,MQ_SUBJ
445,you fall?,False,0,NONE
446,oh.,False,0,NONE
447,what do you want?,True,1,MQ_OBJ
448,how about a glass of juice?,False,0,NONE
449,would that be better?,False,0,NONE
450,alright.,False,0,NONE
451,"oh, you want it in a cup?",False,0,NONE
452,alright.,False,0,NONE
453,there.,False,0,NONE
454,where's the pencil?,True,1,MQ_ADJUNCT
455,where is the pencil?,True,1,MQ_ADJUNCT
456,where's my pencil?,True,1,MQ_ADJUNCT
457,you having juice?,False,0,NONE
458,you want more juice?,False,0,NONE
459,alright.,False,0,NONE
460,that's a cough *NULL* you have.,True,1,RC_OBJ
461,you have a cough.,False,0,NONE
462,"oh, you do.",False,0,NONE
463,you have a cough?,False,0,NONE
464,I 'm going to go to the basement.,False,0,NONE
465,"I'll be right back, you stay here and talk to Mr Fraser and Mr",False,0,NONE
466,no.,False,0,NONE
467,"I think, I think you should stay here.",False,0,NONE
468,you stay here and your Mommy'll be right back.,False,0,NONE
469,can you do that?,False,0,NONE
470,"yes, it was a man.",False,0,NONE
471,I'll be right back.,False,0,NONE
472,banjo!,False,0,NONE
473,is that your banjo?,False,0,NONE
474,put this here on the floor.,False,0,NONE
475,okay.,False,0,NONE
476,coffee,False,0,NONE
477,"you're not having coffee, you're having juice.",False,0,NONE
478,no.,False,0,NONE
479,Mommy's not gon na sit down now.,False,0,NONE
480,come out here.,False,0,NONE
481,finger?,False,0,NONE
482,what's wrong with your finger?,True,1,MQ_SUBJ
483,what do you want me to do with the book?,True,1,MQ_OBJ
484,"no, you read the book.",False,0,NONE
485,"no, Eve.",False,0,NONE
486,Mama's busy.,False,0,NONE
487,no.,False,0,NONE
488,you don't need any more right now.,False,0,NONE
489,later maybe.,False,0,NONE
490,later maybe.,False,0,NONE
491,"there, let me see, look here.",False,0,NONE
492,where is Eve's paper?,True,1,MQ_ADJUNCT
493,on the table.,False,0,NONE
494,are you going to write?,False,0,NONE
495,uhhuh.,False,0,NONE
496,Mr Cromer has a pencil.,False,0,NONE
497,who is that.,True,1,MQ_OBJ
498,"that's a pencil, I know.",False,0,NONE
499,no you cann't have that.,False,0,NONE
500,this is Mommy's.,False,0,NONE
501,this is Eve's right here.,False,0,NONE
502,"no, it's not yours.",False,0,NONE
503,uhhuh.,False,0,NONE
504,you want me to have it?,False,0,NONE
505,thank you.,False,0,NONE
506,what?,False,0,NONE
507,goING To sit down?,False,0,NONE
508,what is that?,True,1,MQ_OBJ
509,that's sugar.,False,0,NONE
510,"good girl, yes.",False,0,NONE
511,"no, you may not have that.",False,0,NONE
512,"yes, I'll turn it.",False,0,NONE
513,who is that?,True,1,MQ_OBJ
514,Becky.,False,0,NONE
515,Becky's at home.,False,0,NONE
516,bring it here.,False,0,NONE
517,"yes, bring it.",False,0,NONE
518,where are you going?,True,1,MQ_ADJUNCT
519,where?,False,0,NONE
520,you're going To see Becky?,False,0,NONE
521,why don't you stay here?,True,1,MQ_ADJUNCT
522,Becky's very busy.,False,0,NONE
523,she's playing hard.,False,0,NONE
524,Rangy's upstairs in bed.,False,0,NONE
525,"no, there she is.",False,0,NONE
526,pardon me.,False,0,NONE
527,yes.,False,0,NONE
528,I thought she was upstairs.,False,0,NONE
529,where you going?,False,0,NONE
530,why don't you stay here?,True,1,MQ_ADJUNCT
531,you can see Becky later.,False,0,NONE
532,what?,False,0,NONE
533,where you going?,False,0,NONE
534,you want me to sit down?,False,0,NONE
535,what are we going to do?,True,2,MQ_OBJ;MQ_SUBJ
536,"come on, let's go in the room.",False,0,NONE
537,in the room.,False,0,NONE
538,is Eve going to read?,False,0,NONE
539,"yes, Mr Cromer has a pencil.",False,0,NONE
540,what is that?,True,1,MQ_OBJ
541,you want Mommy to have a letter?,False,0,NONE
542,alright.,False,0,NONE
543,you want a letter over here?,False,0,NONE
544,alright.,False,0,NONE
545,what did you say?,True,1,MQ_OBJ
546,Kathy doesn't want a letter.,False,0,NONE
547,no.,False,0,NONE
548,what is that?,True,1,MQ_OBJ
549,what man?,False,0,NONE
550,what is that?,True,1,MQ_OBJ
551,what is that?,True,1,MQ_OBJ
552,keep your finger out.,False,0,NONE
553,what is that?,True,1,MQ_OBJ
554,sugar.,False,0,NONE
555,it goes in the coffee.,False,0,NONE
556,what?,False,0,NONE
557,"yes, coffee.",False,0,NONE
558,what is that?,True,1,MQ_OBJ
559,what?,False,0,NONE
560,what is it?,True,1,MQ_OBJ
561,that's the king.,False,0,NONE
562,this is the king.,False,0,NONE
563,what's that?,True,1,MQ_OBJ
564,bear.,False,0,NONE
565,"no, that's the cat.",False,0,NONE
566,what's that?,True,1,MQ_OBJ
567,what?,False,0,NONE
568,"oh, a fox.",False,0,NONE
569,it's not a fox.,False,0,NONE
570,that's not a fox.,False,0,NONE
571,that's a dog.,False,0,NONE
572,yeah.,False,0,NONE
573,that's Humpty_Dumpty.,False,0,NONE
574,"yes, pretty good.",False,0,NONE
575,pretty good.,False,0,NONE
576,that's Jack.,False,0,NONE
577,Eve's letter.,False,0,NONE
578,Eve's mail.,False,0,NONE
579,is there a lady on your letter?,False,0,NONE
580,uhhuh.,False,0,NONE
581,that's your letter.,False,0,NONE
582,who is that?,True,1,MQ_OBJ
583,"no, that's Humpty_Dumpty.",False,0,NONE
584,what do you want me to do?,True,1,MQ_OBJ
585,Dumpty?,False,0,NONE
586,there's Dumpty.,False,0,NONE
587,Humpty_Dumpty.,False,0,NONE
588,what's that?,True,1,MQ_OBJ
589,what?,False,0,NONE
590,that's the king.,False,0,NONE
591,who's that?,True,1,MQ_OBJ
592,who?,False,0,NONE
593,that's not the fox.,False,0,NONE
594,that's Humpty_Dumpty.,False,0,NONE
595,Humpty_Dumpty.,False,0,NONE
596,Humpty_Dumpty.,False,0,NONE
597,what's that?,True,1,MQ_OBJ
598,what?,False,0,NONE
599,"yes, the kitty.",False,0,NONE
600,that's right.,False,0,NONE
601,what is that?,True,1,MQ_OBJ
602,no.,False,0,NONE
603,that's his dog.,False,0,NONE
604,that's not a fox.,False,0,NONE
605,that's his dog.,False,0,NONE
606,who is that?,True,1,MQ_OBJ
607,Dumpty.,False,0,NONE
608,Humpty_Dumpty.,False,0,NONE
609,what do you want me to do?,True,1,MQ_OBJ
610,Humpty_Dumpty.,False,0,NONE
611,he fell off the well.,False,0,NONE
612,what?,False,0,NONE
613,I cann't see.,False,0,NONE
614,bring it here.,False,0,NONE
615,what's what?,True,1,MQ_OBJ
616,yeah.,False,0,NONE
617,that's the horsie's eye.,False,0,NONE
618,poor horsie's head.,False,0,NONE
619,you'll hurt horsie's head.,False,0,NONE
620,yes.,False,0,NONE
621,that's Humpty_Dumpty.,False,0,NONE
622,that's Jill.,False,0,NONE
623,there's Jack and there's Jill.,False,0,NONE
624,the stool's right there.,False,0,NONE
625,fish.,False,0,NONE
626,what're the fish doing?,True,1,MQ_OBJ
627,they're swimming?,False,0,NONE
628,they are?,False,0,NONE
629,that's Mr Cromer's briefcase.,False,0,NONE
630,that's Mr Cromer's briefcase.,False,0,NONE
631,Cromer's briefcase.,False,0,NONE
632,Cromer's briefcase.,False,0,NONE
633,that's pretty good.,False,0,NONE
634,that's Mr Fraser's briefcase.,False,0,NONE
635,briefcase.,False,0,NONE
636,where's Papa's banjo?,True,1,MQ_ADJUNCT
637,"no, it's not on the table.",False,0,NONE
638,it's on the wall.,False,0,NONE
639,you going To play?,False,0,NONE
640,you going To play music for us?,False,0,NONE
641,finger stuck?,False,0,NONE
642,finger stuck.,False,0,NONE
643,play the music.,False,0,NONE
644,you going To dance too?,False,0,NONE
645,you don't dance sitting down.,False,0,NONE
646,you have to stand up to dance.,False,0,NONE
647,that's much better.,False,0,NONE
648,bird.,False,0,NONE
649,did you hear the bird?,False,0,NONE
650,do you?,False,0,NONE
651,light?,False,0,NONE
652,what light?,False,0,NONE
653,Eve's light?,False,0,NONE
654,what,False,0,NONE
655,"well, Rangy was here a minute.",False,0,NONE
656,there she is.,False,0,NONE
657,why do you want the door open?,True,1,MQ_ADJUNCT
658,where are you going?,True,1,MQ_ADJUNCT
659,where?,False,0,NONE
660,where are you going?,True,1,MQ_ADJUNCT
661,where are you going?,True,1,MQ_ADJUNCT
662,what are you doing?,True,1,MQ_OBJ
663,are you going to sit out there?,False,0,NONE
664,you want me to sit on the step with you?,False,0,NONE
665,what are you doing out there?,True,1,MQ_OBJ
666,you're doing what?,False,0,NONE
667,"why don't you come in and sit in your chair, huh?",True,1,MQ_ADJUNCT
668,and watch the fish.,False,0,NONE
669,we'll see Becky later.,False,0,NONE
670,because Becky's busy and.,False,0,NONE
671,"oh, is Rangy still on the step?",False,0,NONE
672,you want me to get her?,False,0,NONE
673,I'll go get her.,False,0,NONE
674,that's Eve's letter.,False,0,NONE
675,yes.,False,0,NONE
676,where is your horse?,True,1,MQ_ADJUNCT
677,"oh, I see it.",False,0,NONE
678,what about the horsie?,False,0,NONE
679,I know it's Eve's horsie.,False,0,NONE
680,come here.,False,0,NONE
681,do you want your diaper changed?,False,0,NONE
682,yes.,False,0,NONE
683,that's baby,False,0,NONE
684,yes.,False,0,NONE
685,we'll change Eve's diaper right now.,False,0,NONE
686,okay?,False,0,NONE
687,that's horsie.,False,0,NONE
688,that's Eve's horsie.,False,0,NONE
689,right.,False,0,NONE
690,wait wait wait.,False,0,NONE
691,your panties are on.,False,0,NONE
692,why?,False,0,NONE
693,because I just put them on.,False,0,NONE
694,what?,False,0,NONE
695,you come out of there.,False,0,NONE
696,that's Papa's ashtray.,False,0,NONE
697,"no, you may not have it.",False,0,NONE
698,come out here and play.,False,0,NONE
699,off?,False,0,NONE
700,where's the rest of it?,True,1,MQ_ADJUNCT
701,where's the top?,True,1,MQ_ADJUNCT
702,the one?,False,0,NONE
703,which one?,False,0,NONE
704,find it?,False,0,NONE
705,"well, you find it.",False,0,NONE
706,I don't know where you put it.,True,1,EQ_ADJUNCT
707,look on the floor.,False,0,NONE
708,you find it.,False,0,NONE
709,you find it.,False,0,NONE
710,did you find it?,False,0,NONE
711,bring it here and I'll fix it for you.,False,0,NONE
712,yes.,False,0,NONE
713,bring it here.,False,0,NONE
714,"well not, where's the rest?",True,1,MQ_ADJUNCT
715,where's the other piece?,True,1,MQ_ADJUNCT
716,"yes, that's Kathy.",False,0,NONE
717,"yes, she's crying.",False,0,NONE
718,"the table, yes.",False,0,NONE
719,"yes, you get it.",False,0,NONE
720,"yes, that's Kathy.",False,0,NONE
721,"no, we cann't go outside now.",False,0,NONE
722,because we're busy now.,False,0,NONE
723,we'll play outside later.,False,0,NONE
724,later we'll go outside.,False,0,NONE
725,right.,False,0,NONE
726,later we'll go outside.,False,0,NONE
727,yes.,False,0,NONE
728,outside.,False,0,NONE
729,we'll go outside later.,False,0,NONE
730,"no, later, I think Kathy's about to go in the house.",False,0,NONE
731,there.,False,0,NONE
732,want me to fix it?,False,0,NONE
733,alright.,False,0,NONE
734,bring it here.,False,0,NONE
735,bring it here.,False,0,NONE
736,"yes, that's Kathy.",False,0,NONE
737,"no, we'll leave the door shut.",False,0,NONE
738,because I want it shut.,False,0,NONE
739,I'll fix it once more and that's all.,False,0,NONE
740,"yes, Kathy was crying.",False,0,NONE
741,Kathy was unhappy.,False,0,NONE
742,no.,False,0,NONE
743,you have to fix it.,False,0,NONE
744,Kathy cann't fix it.,False,0,NONE
745,you fix it.,False,0,NONE
746,what?,False,0,NONE
747,there's Sandy.,False,0,NONE
748,yeah.,False,0,NONE
749,Sandy's climbing up a tree.,False,0,NONE
750,we'll play with Sandy later.,False,0,NONE
751,what?,False,0,NONE
752,what do you want?,True,1,MQ_OBJ
753,what?,False,0,NONE
754,what do you want?,True,1,MQ_OBJ
755,you want you bibbie?,False,0,NONE
756,you want to have lunch already?,False,0,NONE
757,okay.,False,0,NONE
758,tapioca?,False,0,NONE
759,tapioca?,False,0,NONE
760,is that what you want?,True,1,EQ_OBJ
761,tapioca too.,False,0,NONE
762,would you like a cracker?,False,0,NONE
763,"oh, I forgot your spoon.",False,0,NONE
764,wait a second.,False,0,NONE
765,there.,False,0,NONE
766,who is that man?,True,1,MQ_OBJ
767,what is that?,True,1,MQ_OBJ
768,Eve's letter.,False,0,NONE
769,there's Mommy's letter.,False,0,NONE
770,"I 'm going to go in the basement, Eve.",False,0,NONE
771,I'll be right back.,False,0,NONE
772,hi.,False,0,NONE
773,what?,False,0,NONE
774,that's Papa's tray.,False,0,NONE
775,he's sick.,False,0,NONE
776,and he had his breakfast in bed.,False,0,NONE
777,"Papa's breakfast, yes.",False,0,NONE
778,"no, you may not have it, no.",False,0,NONE
779,Papa had it.,False,0,NONE
780,it's a cracker.,False,0,NONE
781,would you like another piece of cheese?,False,0,NONE
782,you have a piece of cheese right there.,False,0,NONE
783,"yes, we'll swing this afternoon.",False,0,NONE
784,why?,False,0,NONE
785,because you like to swing.,False,0,NONE
786,you like to swing.,False,0,NONE
787,"would you like more tapioca, Eve?",False,0,NONE
788,that's your spoon.,False,0,NONE
789,what?,False,0,NONE
790,that's soup.,False,0,NONE
791,but you don't like tomato soup.,False,0,NONE
792,tomato.,False,0,NONE
793,"well, you don't like it.",False,0,NONE
794,you could have some if you liked it,True,1,EQ_POLAR
795,"yes, Mommy's going To have it.",False,0,NONE
796,"yes, it's gone.",False,0,NONE
797,it's in the pan.,False,0,NONE
798,I 'm going to cook it.,False,0,NONE
799,"yes, cook.",False,0,NONE
800,a wiener!,False,0,NONE
801,you wouldn't eat a wiener if I fixed it for you,True,1,EQ_POLAR
802,what?,False,0,NONE
803,I don't know what you said.,True,1,EQ_OBJ
804,"oh, you dropped the cheese.",False,0,NONE
805,you don't want this.,False,0,NONE
806,it's not cooked.,False,0,NONE
807,you're all done?,False,0,NONE
808,that's the taperecorder.,False,0,NONE
809,what?,False,0,NONE
810,let me see.,False,0,NONE
811,over here,False,0,NONE
812,you have tapioca on your finger.,False,0,NONE
813,"yes, you may have a cracker.",False,0,NONE
814,what?,False,0,NONE
815,what is that?,True,1,MQ_OBJ
816,I don't know what you're saying.,True,1,EQ_OBJ
817,you mean.,False,0,NONE
818,what is that?,True,1,MQ_OBJ
819,briefcase.,False,0,NONE
820,briefcase.,False,0,NONE
821,would you like your milk over there?,False,0,NONE
822,that's a skunk.,False,0,NONE
823,skunk.,False,0,NONE
824,let's put them on the table.,False,0,NONE
825,that's an awful lot of pencils there.,False,0,NONE
826,you have pencils?,False,0,NONE
827,what are you going to do?,True,2,MQ_OBJ;MQ_SUBJ
828,no?,False,0,NONE
829,that's right.,False,0,NONE
830,you stay out of there.,False,0,NONE
831,that's not for *NULL* babies to play in.,True,1,EQ_OBJ
832,Eve.,False,0,NONE
833,stay out of there.,False,0,NONE
834,what's wrong with your finger?,True,1,MQ_SUBJ
835,"oh, it's stuck again.",False,0,NONE
836,alright?,False,0,NONE
837,"yes, I'll turn it in just a second.",False,0,NONE
838,what?,False,0,NONE
839,you may have it.,False,0,NONE
840,but I thought you wanted me to turn it.,False,0,NONE
841,do you want me to turn it?,False,0,NONE
842,one two three four.,False,0,NONE
843,"no, four.",False,0,NONE
844,it's one two three four.,False,0,NONE
845,"you know how to count, don't you?",True,1,EQ_ADJUNCT
846,more grape juice.,False,0,NONE
847,is that one all gone?,False,0,NONE
848,let's see.,False,0,NONE
849,let's see.,False,0,NONE
850,yes.,False,0,NONE
851,now be careful you don't spill it.,False,0,NONE
852,one two three four Eve.,False,0,NONE
853,what?,False,0,NONE
854,what?,False,0,NONE
855,that's a bowl.,False,0,NONE
856,why don't you leave those in there?,True,1,MQ_ADJUNCT
857,they break.,False,0,NONE
858,put the other one back.,False,0,NONE
859,uhuh.,False,0,NONE
860,"no, here.",False,0,NONE
861,put the other one back.,False,0,NONE
862,those break.,False,0,NONE
863,put the two back.,False,0,NONE
864,thank you.,False,0,NONE
865,and those break too.,False,0,NONE
866,"come on., you play with the can down there.",False,0,NONE
867,"well, that one didn't break.",False,0,NONE
868,no.,False,0,NONE
869,"no, that's a can.",False,0,NONE
870,what?,False,0,NONE
871,on the top of the can?,False,0,NONE
872,"well, it doesn't come off.",False,0,NONE
873,would you like to read me the book?,False,0,NONE
874,would you like to come over here and read the book to me?,False,0,NONE
875,will I hold the book or will you hold the book?,False,0,NONE
876,what are they doing?,True,1,MQ_OBJ
877,"oh, look.",False,0,NONE
878,if that man falls down,True,1,EQ_POLAR
879,do you think that man will catch him?,False,0,NONE
880,what are those?,True,1,MQ_OBJ
881,and what do you think of that?,True,1,EQ_OBJ
882,he's holding a great big cigar.,False,0,NONE
883,did you read?,False,0,NONE
884,"it's not time for breakfast, darling.",False,0,NONE
885,you've already had it.,False,0,NONE
886,"but honey, it's not time to eat.",False,0,NONE
887,you've just had grape juice.,False,0,NONE
888,you've just had your grape juice.,False,0,NONE
889,would you like a graham cracker?,False,0,NONE
890,put your highchair back.,False,0,NONE
891,yes.,False,0,NONE
892,"good girl, yes.",False,0,NONE
893,is your grape juice all gone?,False,0,NONE
894,"well then, let's wipe your face.",False,0,NONE
895,hold still.,False,0,NONE
896,there.,False,0,NONE
897,what?,False,0,NONE
898,who is that man?,True,1,MQ_OBJ
899,"you you tell me about it, okay?",False,0,NONE
900,"you you tell me about it, hmm?",False,0,NONE
901,that's it.,False,0,NONE
902,now you tell me about your book.,False,0,NONE
903,what's that?,True,1,MQ_OBJ
904,huh?,False,0,NONE
905,are you okay?,False,0,NONE
906,now you tell me all about it.,False,0,NONE
907,you tell me.,False,0,NONE
908,what's that?,True,1,MQ_OBJ
909,yes yes.,False,0,NONE
910,"yes, you're doing fine.",False,0,NONE
911,what does that mean?,True,1,MQ_OBJ
912,what?,False,0,NONE
913,in the book?,False,0,NONE
914,hmm?,False,0,NONE
915,"here, you shut the door.",False,0,NONE
916,you want me to open it?,False,0,NONE
917,move your hand.,False,0,NONE
918,what?,False,0,NONE
919,what?,False,0,NONE
920,cereal?,False,0,NONE
921,what's it doing under there?,True,1,MQ_OBJ
922,"there, Mommy'll get it.",False,0,NONE
923,thank you.,False,0,NONE
924,"yes, that's your grape juice.",False,0,NONE
925,"Eve, would you bring me your cup, please?",False,0,NONE
926,would you bring Mama your cup.,False,0,NONE
927,thank you.,False,0,NONE
928,thank you.,False,0,NONE
929,okay.,False,0,NONE
930,we'll see what Lassie's doing.,True,1,EQ_OBJ
931,that's a nice dog.,False,0,NONE
932,what's that *NULL* you have on your head?,True,2,MQ_SUBJ;RC_OBJ
933,"oh, that's a pretty hat.",False,0,NONE
934,Racketyboom you goING To read Racketyboom?,False,0,NONE
935,alright.,False,0,NONE
936,what are you doing?,True,1,MQ_OBJ
937,"would you please carry the cans in the kitchen for Mommy, Eve?",False,0,NONE
938,would you put the cans back?,False,0,NONE
939,after you read alright.,False,0,NONE
940,like to have them in the cupboard.,False,0,NONE
941,what?,False,0,NONE
942,what?,False,0,NONE
943,thank you.,False,0,NONE
944,"yes, the door's open.",False,0,NONE
945,you put them in.,False,0,NONE
946,they go down here.,False,0,NONE
947,the cans go down on the bottom one right down there.,False,0,NONE
948,that's a girl.,False,0,NONE
949,uhhuh.,False,0,NONE
950,and bring the cup too.,False,0,NONE
951,bring the cup from the floor.,False,0,NONE
952,"here, bring both cans.",False,0,NONE
953,good girl yes.,False,0,NONE
954,shut the door.,False,0,NONE
955,thank you.,False,0,NONE
956,hi.,False,0,NONE
957,look what I have here.,True,1,EQ_OBJ
958,"I have two pictures, see?",False,0,NONE
959,one is the dog's house.,False,0,NONE
960,and one is the dog in the house.,False,0,NONE
961,you show me the dog's house.,False,0,NONE
962,show me the dog in the house.,False,0,NONE
963,"oh, that's a nice big ball, isn't it?",False,0,NONE
964,is the teddy going to catch the ball?,False,0,NONE
965,do you think he can catch the ball?,False,0,NONE
966,I think.,False,0,NONE
967,I think you should just stay here.,False,0,NONE
968,your mommy'll be right back.,False,0,NONE
969,can you throw the ball?,False,0,NONE
970,thank you.,False,0,NONE
971,you catch.,False,0,NONE
972,ready?,False,0,NONE
973,you catch the ball.,False,0,NONE
974,very good.,False,0,NONE
975,"catch the ball, Eve.",False,0,NONE
976,very good.,False,0,NONE
977,"oh, you cann't hold the ball.",False,0,NONE
978,can you hold the ball?,False,0,NONE
979,hold the ball.,False,0,NONE
980,that's the way.,False,0,NONE
981,thank you.,False,0,NONE
982,say.,False,0,NONE
983,catch the ball.,False,0,NONE
984,catch the ball.,False,0,NONE
985,you say that.,False,0,NONE
986,catch the ball.,False,0,NONE
987,catch the ball.,False,0,NONE
988,you say hat.,False,0,NONE
989,yeah.,False,0,NONE
990,you had it on your tummy.,False,0,NONE
991,where's my pencil?,True,1,MQ_ADJUNCT
992,where's your pencil?,True,1,MQ_ADJUNCT
993,garbage?,False,0,NONE
994,you're not going to empty the garbage.,False,0,NONE
995,no more grape juice.,False,0,NONE
996,you've had enough.,False,0,NONE
997,had enough.,False,0,NONE
998,is that Racketyboom.,False,0,NONE
999,"no, Mommy's busy.",False,0,NONE
1000,you read.,False,0,NONE
1001,later we'll read.,False,0,NONE
1002,what is that?,True,1,MQ_OBJ
1003,"no, you don't drink coffee.",False,0,NONE
1004,would you lay down on the floor and let mommy change your diaper.,False,0,NONE
1005,we'll kick the ball in just a minute.,False,0,NONE
1006,you hold onto the ball while Mommy changes your diaper.,False,0,NONE
1007,what happened to your arm?,True,1,MQ_SUBJ
1008,what?,False,0,NONE
1009,alright.,False,0,NONE
1010,"yes, we'll kick the ball in just a minute.",False,0,NONE
1011,what?,False,0,NONE
1012,empty garbage?,False,0,NONE
1013,"no, Mommy",False,0,NONE
1014,later.,False,0,NONE
1015,hmm?,False,0,NONE
1016,dirty?,False,0,NONE
1017,what's dirty?,True,1,MQ_SUBJ
1018,your foot?,False,0,NONE
1019,it's not either.,False,0,NONE
1020,hold still.,False,0,NONE
1021,swim?,False,0,NONE
1022,you only swim in the bathtub.,False,0,NONE
1023,a cracker?,False,0,NONE
1024,no.,False,0,NONE
1025,hold still.,False,0,NONE
1026,come on.,False,0,NONE
1027,just another minute.,False,0,NONE
1028,one more minute.,False,0,NONE
1029,lay down.,False,0,NONE
1030,lay down here.,False,0,NONE
1031,you look at Racketyboom while Mommy changes your,False,0,NONE
1032,for just one more minute.,False,0,NONE
1033,huh.,False,0,NONE
1034,potty?,False,0,NONE
1035,you want go sit on the potty?,False,0,NONE
1036,alright.,False,0,NONE
1037,we'll go upstairs in just a minute.,False,0,NONE
1038,"well, wait for just a second.",False,0,NONE
1039,one more second.,False,0,NONE
1040,one more second and we'll go upstairs.,False,0,NONE
1041,"Eve, you have to put the diaper on first.",False,0,NONE
1042,yes.,False,0,NONE
1043,I will read in just a minute.,False,0,NONE
1044,come on.,False,0,NONE
1045,we've got to put your leotards on.,False,0,NONE
1046,excuse me.,False,0,NONE
1047,Mommy will read in just a minute.,False,0,NONE
1048,yes.,False,0,NONE
1049,and Mommy will read to you.,False,0,NONE
1050,you hold very still while I put your diaper on.,False,0,NONE
1051,we've got to put your leotard on.,False,0,NONE
1052,shall we read Racketyboom?,False,0,NONE
1053,"here, hold the book and turn the pages.",False,0,NONE
1054,I'll read.,False,0,NONE
1055,alright.,False,0,NONE
1056,you turn the pages and Mommy'll read.,False,0,NONE
1057,"yes, turn the page.",False,0,NONE
1058,you turn the page.,False,0,NONE
1059,"honey, you're going backwards.",False,0,NONE
1060,that's the middle of the book.,False,0,NONE
1061,you read the story to Mommy.,False,0,NONE
1062,stand up and,False,0,NONE
1063,stand up and fold your pants and leotards and I'll read you the,False,0,NONE
1064,turn around.,False,0,NONE
1065,turn around this way.,False,0,NONE
1066,is that Papa?,False,0,NONE
1067,is he coming home?,False,0,NONE
1068,is he coming home?,False,0,NONE
1069,shall we leave your shoes off?,False,0,NONE
1070,alright.,False,0,NONE
1071,there.,False,0,NONE
1072,yes.,False,0,NONE
1073,you sit on the pillow.,False,0,NONE
1074,you go sit on the pillow and Mommy'll read.,False,0,NONE
1075,uhhuh.,False,0,NONE
1076,not those pillows.,False,0,NONE
1077,come over on these pillows.,False,0,NONE
1078,over here.,False,0,NONE
1079,come on over here.,False,0,NONE
1080,yes.,False,0,NONE
1081,"oh, wait.",False,0,NONE
1082,let me put the fire on the coffee.,False,0,NONE
1083,"okay, this is Racketyboom.",False,0,NONE
1084,you're turning too many pages.,False,0,NONE
1085,now Mommy's going To go get lunch.,False,0,NONE
1086,yes.,False,0,NONE
1087,Mommy's going To fix Eve's lunch.,False,0,NONE
1088,lunch too.,False,0,NONE
1089,lunch.,False,0,NONE
1090,uhhuh.,False,0,NONE
1091,you move your highchair.,False,0,NONE
1092,move your highchair and your bib.,False,0,NONE
1093,what?,False,0,NONE
1094,it's not breakfast.,False,0,NONE
1095,"lunch, Eve.",False,0,NONE
1096,lunch.,False,0,NONE
1097,would you like to have some noodle soup?,False,0,NONE
1098,alright.,False,0,NONE
1099,cracker?,False,0,NONE
1100,uhhuh.,False,0,NONE
1101,cracker.,False,0,NONE
1102,you want your custard now?,False,0,NONE
1103,"no, that's Eve custard.",False,0,NONE
1104,"it's lunch, Eve.",False,0,NONE
1105,not breakfast.,False,0,NONE
1106,this is your lunch.,False,0,NONE
1107,uhhuh.,False,0,NONE
1108,Eve's having lunch.,False,0,NONE
1109,where is Papa?,True,1,MQ_ADJUNCT
1110,"sitting in the chair, is he?",False,0,NONE
1111,here's your soup.,False,0,NONE
1112,Papa's going to have lunch.,False,0,NONE
1113,Eve's having lunch.,False,0,NONE
1114,your drink?,False,0,NONE
1115,you drinking your milk?,False,0,NONE
1116,but not with a spoon.,False,0,NONE
1117,you drink the milk out of the cup.,False,0,NONE
1118,Eve?,False,0,NONE
1119,come on.,False,0,NONE
1120,drink your milk.,False,0,NONE
1121,out of the cup.,False,0,NONE
1122,that's a girl.,False,0,NONE
1123,you want more soup?,False,0,NONE
1124,what is that?,True,1,MQ_OBJ
1125,what kind of soup?,False,0,NONE
1126,Eve's soup.,False,0,NONE
1127,Eve's what kind?,False,0,NONE
1128,huh?,False,0,NONE
1129,noodle soup?,False,0,NONE
1130,mhm.,False,0,NONE
1131,Mommy's going To have soup.,False,0,NONE
1132,eating.,False,0,NONE
1133,is Eve eating?,False,0,NONE
1134,what's she eating?,True,1,MQ_OBJ
1135,huh.,False,0,NONE
1136,huh.,False,0,NONE
1137,touch?,False,0,NONE
1138,what do you want to touch?,True,1,MQ_OBJ
1139,what is that?,True,1,MQ_OBJ
1140,taperecorder.,False,0,NONE
1141,"oh, you're spilling soup all over you.",False,0,NONE
1142,hold still.,False,0,NONE
1143,it's a noodle.,False,0,NONE
1144,what.,False,0,NONE
1145,are you going to eat anymore?,False,0,NONE
1146,Eve?,False,0,NONE
1147,are you finished?,False,0,NONE
1148,"would you sit down then, please?",False,0,NONE
1149,"well then, you're going to get down because you don't stand up while",False,0,NONE
1150,sit down.,False,0,NONE
1151,are you all done?,False,0,NONE
1152,"oh, I 'm sorry.",False,0,NONE
1153,if you're all done you may stand up.,True,1,EQ_POLAR
1154,I 'm sorry.,False,0,NONE
1155,now stop crying.,False,0,NONE
1156,I 'm awfully sorry.,False,0,NONE
1157,is Eve tired?,False,0,NONE
1158,she is.,False,0,NONE
1159,would you like to go to bed?,False,0,NONE
1160,alright.,False,0,NONE
1161,we'll go to bed.,False,0,NONE
1162,bed?,False,0,NONE
1163,Eve's playbed?,False,0,NONE
1164,let me wipe your face.,False,0,NONE
1165,move your fingers.,False,0,NONE
1166,there we go.,False,0,NONE
1167,hmm?,False,0,NONE
1168,"yes, we'll go to bed in just a moment.",False,0,NONE
1169,"oh, she's sleepy.",False,0,NONE
1170,whoops.,False,0,NONE
1171,you bumped your head.,False,0,NONE
1172,bumped your head.,False,0,NONE
1173,yes.,False,0,NONE
1174,Mommy'll move your chair.,False,0,NONE
1175,where are you going?,True,1,MQ_ADJUNCT
1176,what?,False,0,NONE
1177,coffee yeah.,False,0,NONE
1178,Papa's coffee.,False,0,NONE
1179,come here.,False,0,NONE
1180,you going To give Papa a big kiss?,False,0,NONE
1181,"no, alright.",False,0,NONE
1182,what do you want?,True,1,MQ_OBJ
1183,hmm?,False,0,NONE
1184,"yes, Mommy's cutting a pumpkin.",False,0,NONE
1185,I 'm sorry.,False,0,NONE
1186,I 'm going To cook it.,False,0,NONE
1187,I 'm going To cook it.,False,0,NONE
1188,"coffee, gentlemen?",False,0,NONE
1189,mhm.,False,0,NONE
1190,that's right.,False,0,NONE
1191,"what're you doing, Eve?",True,1,MQ_OBJ
1192,what're you doing on the table?,True,1,MQ_OBJ
1193,what?,False,0,NONE
1194,"no, that's not Papa.",False,0,NONE
1195,that's the mailman.,False,0,NONE
1196,that's the mailman.,False,0,NONE
1197,I'll go see if we got letters.,True,1,EQ_POLAR
1198,a letter.,False,0,NONE
1199,Eve has a letter.,False,0,NONE
1200,Eve got a letter from Nanny.,False,0,NONE
1201,you take it out and I'll read it to you.,False,0,NONE
1202,paper.,False,0,NONE
1203,there it is.,False,0,NONE
1204,there it is.,False,0,NONE
1205,it's a letter from Nanny to Eve.,False,0,NONE
1206,alright.,False,0,NONE
1207,I'll see what Nana say.,True,1,EQ_OBJ
1208,it's not from Granny.,False,0,NONE
1209,from Nanny.,False,0,NONE
1210,yes.,False,0,NONE
1211,this is the other one.,False,0,NONE
1212,"yes, Nanny wrote you the letter.",False,0,NONE
1213,"Nanny, uhhuh?",False,0,NONE
1214,what?,False,0,NONE
1215,teeth.,False,0,NONE
1216,yes.,False,0,NONE
1217,grape juice.,False,0,NONE
1218,did I forget your grape juice?,False,0,NONE
1219,"well, I'll just have to get it.",False,0,NONE
1220,just a minute.,False,0,NONE
1221,Fraser's coffee and Eve's juice.,False,0,NONE
1222,right.,False,0,NONE
1223,yes.,False,0,NONE
1224,this is your pumpkin.,False,0,NONE
1225,I 'm going to cook it.,False,0,NONE
1226,more water?,False,0,NONE
1227,"oh, more grape juice.",False,0,NONE
1228,alright.,False,0,NONE
1229,bring your cup here.,False,0,NONE
1230,"oh, it's all gone.",False,0,NONE
1231,be careful.,False,0,NONE
1232,watch where you're going.,True,1,EQ_OBJ
1233,are you alright?,False,0,NONE
1234,Eve?,False,0,NONE
1235,what are these?,True,1,MQ_OBJ
1236,what do you see?,True,1,MQ_OBJ
1237,"oh, you want to wipe too?",False,0,NONE
1238,"alright, oh, did you spill some on the table?",False,0,NONE
1239,thank you.,False,0,NONE
1240,did you wipe it all up?,False,0,NONE
1241,good girl.,False,0,NONE
1242,what's that?,True,1,MQ_OBJ
1243,what are you doing?,True,1,MQ_OBJ
1244,can I help you?,False,0,NONE
1245,don't put it in your mouth.,False,0,NONE
1246,"well, take that out of your mouth first.",False,0,NONE
1247,"yeah, it's your horsie.",False,0,NONE
1248,horse.,False,0,NONE
1249,"yes, Mommy's sitting on the stool.",False,0,NONE
1250,what?,False,0,NONE
1251,does Eve want to sit on the stool?,False,0,NONE
1252,why don't you sit on the little stool at the take?,True,1,MQ_ADJUNCT
1253,here.,False,0,NONE
1254,I get it.,False,0,NONE
1255,do you want sit out here?,False,0,NONE
1256,nothing's happening.,False,0,NONE
1257,you want watch.,False,0,NONE
1258,"well, I 'm not doing anything.",False,0,NONE
1259,you want machine?,False,0,NONE
1260,the machine?,False,0,NONE
1261,"oh, that's in the basement.",False,0,NONE
1262,you can watch the washing_machine later.,False,0,NONE
1263,watch what?,False,0,NONE
1264,what are we going to do?,True,2,MQ_OBJ;MQ_SUBJ
1265,why don't you go in and make something with your tinkertoys?,False,0,NONE
1266,"no, Mommy willn't make anything.",False,0,NONE
1267,Mommy's busy.,False,0,NONE
1268,you go make something with your tinkertoys.,False,0,NONE
1269,"no, Eve play with her tinkertoys.",False,0,NONE
1270,is that your gun?,False,0,NONE
1271,what are you doing?,True,1,MQ_OBJ
1272,"no, you don't bang the stove.",False,0,NONE
1273,no no no.,False,0,NONE
1274,you don't bang things with the gun.,False,0,NONE
1275,"you're making a big noise, aren't you?",False,0,NONE
1276,"who's that, Eve?",True,1,MQ_OBJ
1277,"what's that, Eve?",True,1,MQ_OBJ
1278,what?,False,0,NONE
1279,what shall I do with it?,True,1,MQ_OBJ
1280,what?,False,0,NONE
1281,what?,False,0,NONE
1282,what shall I do with it?,True,1,MQ_OBJ
1283,what shall I do with it?,True,1,MQ_OBJ
1284,what?,False,0,NONE
1285,that's your radio.,False,0,NONE
1286,yes.,False,0,NONE
1287,"oh, you want me to turn?",False,0,NONE
1288,alright.,False,0,NONE
1289,"what's that, Eve?",True,1,MQ_OBJ
1290,what's that?,True,1,MQ_OBJ
1291,I don't think you need any more.,False,0,NONE
1292,that's enough.,False,0,NONE
1293,no.,False,0,NONE
1294,you've had two glasses already.,False,0,NONE
1295,let's wipe off your face.,False,0,NONE
1296,you'll look much prettier.,False,0,NONE
1297,I 'm going To wipe your face.,False,0,NONE
1298,I 'm going To wipe your face.,False,0,NONE
1299,there.,False,0,NONE
1300,let me see.,False,0,NONE
1301,is it clean?,False,0,NONE
1302,"do you know what this is, Eve?",True,1,EQ_ADJUNCT
1303,you're very quiet.,False,0,NONE
1304,what?,False,0,NONE
1305,nap?,False,0,NONE
1306,it's not time to take a nap.,False,0,NONE
1307,"why Eve, it's not time to take a nap.",False,0,NONE
1308,why don't you put your head down on the pillow and take a nap?,True,1,MQ_ADJUNCT
1309,on the pillow and take a nap.,False,0,NONE
1310,yes.,False,0,NONE
1311,that's it.,False,0,NONE
1312,nightnight.,False,0,NONE
1313,it's on the table.,False,0,NONE
1314,what?,False,0,NONE
1315,what?,False,0,NONE
1316,what are you doing with the radio?,True,1,MQ_OBJ
1317,"no, Fraser's not going byebye.",False,0,NONE
1318,he's going to sit right there on the chair.,False,0,NONE
1319,I 'm going upstairs.,False,0,NONE
1320,I'll be right back.,False,0,NONE
1321,I have a book.,False,0,NONE
1322,would you like to come and look at a book?,False,0,NONE
1323,I've got a book *NULL* you haven't seen before.,True,1,RC_OBJ
1324,what's that?,True,1,MQ_OBJ
1325,"yes, that's the telephone.",False,0,NONE
1326,that was the telephone.,False,0,NONE
1327,it was Papa on the telephone.,False,0,NONE
1328,it wasn't Peter.,False,0,NONE
1329,no.,False,0,NONE
1330,it was Papa.,False,0,NONE
1331,she means boy fly.,False,0,NONE
1332,did you see the butterfly?,False,0,NONE
1333,where's the butterfly?,True,1,MQ_ADJUNCT
1334,show Mommy the butterfly.,False,0,NONE
1335,"no, that's not the butterfly.",False,0,NONE
1336,that's the ball.,False,0,NONE
1337,where's the butterfly.,True,1,MQ_ADJUNCT
1338,no.,False,0,NONE
1339,there's the butterfly.,False,0,NONE
1340,yes.,False,0,NONE
1341,what?,False,0,NONE
1342,what?,False,0,NONE
1343,no more grape juice.,False,0,NONE
1344,you had two glasses of grape juice.,False,0,NONE
1345,and that's enough.,False,0,NONE
1346,would you like that thing?,False,0,NONE
1347,what's this book called?,True,2,MQ_OBJ
1348,"teddy bear, is it?",False,0,NONE
1349,it's called my teddy bear.,False,0,NONE
1350,you tell me about the book.,False,0,NONE
1351,you tell Fraser about the book.,False,0,NONE
1352,what's that?,True,1,MQ_OBJ
1353,who's that?,True,1,MQ_OBJ
1354,who's that?,True,1,MQ_OBJ
1355,what's that?,True,1,MQ_OBJ
1356,"I'll be right back, Eve.",False,0,NONE
1357,where are you going?,True,1,MQ_ADJUNCT
1358,"oh, what's that?",True,1,MQ_OBJ
1359,"oh, excuse me.",False,0,NONE
1360,"would you shut the door, please.",False,0,NONE
1361,my dear?,False,0,NONE
1362,thank you.,False,0,NONE
1363,"Eve's a dear, yes.",False,0,NONE
1364,not breakfast.,False,0,NONE
1365,we'll have lunch in a little bit.,False,0,NONE
1366,yes.,False,0,NONE
1367,you go in and read your book while Mommy fixes your lunch.,False,0,NONE
1368,what did you say?,True,1,MQ_OBJ
1369,yes.,False,0,NONE
1370,I have sugar in my tea and in my coffee too.,False,0,NONE
1371,who's that?,True,1,MQ_OBJ
1372,thank you.,False,0,NONE
1373,that's enough.,False,0,NONE
1374,thank you very much.,False,0,NONE
1375,I stir the coffee.,False,0,NONE
1376,more cracker?,False,0,NONE
1377,no.,False,0,NONE
1378,we're going to have lunch in a little bit.,False,0,NONE
1379,you want watch?,False,0,NONE
1380,"well, get the stool.",False,0,NONE
1381,get the stool.,False,0,NONE
1382,be careful.,False,0,NONE
1383,it's hot.,False,0,NONE
1384,that's not a muffin.,False,0,NONE
1385,that's your cheese sandwich.,False,0,NONE
1386,don't touch that.,False,0,NONE
1387,"you see, that's hot.",False,0,NONE
1388,"no, don't touch it.",False,0,NONE
1389,what are those?,True,1,MQ_OBJ
1390,spoons right.,False,0,NONE
1391,"yes, you may have it.",False,0,NONE
1392,did you touch it?,False,0,NONE
1393,"well, why?",False,0,NONE
1394,it's hot.,False,0,NONE
1395,if you touch it you're going to get burned.,True,1,EQ_POLAR
1396,keep your fingers off.,False,0,NONE
1397,I should think so.,False,0,NONE
1398,there.,False,0,NONE
1399,you want a piece of celery?,False,0,NONE
1400,there.,False,0,NONE
1401,"no, Mommy doesn't want any celery.",False,0,NONE
1402,what's that *NULL* you're doing?,True,2,EQ_OBJ;MQ_SUBJ
1403,what's this?,True,1,MQ_OBJ
1404,what?,False,0,NONE
1405,what?,False,0,NONE
1406,watch the what?,False,0,NONE
1407,what's that?,True,1,MQ_OBJ
1408,hmm?,False,0,NONE
1409,don't know what that is.,True,1,EQ_OBJ
1410,change her?,False,0,NONE
1411,shall I change your diaper?,False,0,NONE
1412,alright.,False,0,NONE
1413,you lay right there.,False,0,NONE
1414,you stay right there.,False,0,NONE
1415,I have to go upstairs and get a diaper.,False,0,NONE
1416,you stay right there.,False,0,NONE
1417,that's a good girl.,False,0,NONE
1418,thank you.,False,0,NONE
1419,what's that?,True,1,MQ_OBJ
1420,what's that?,True,1,MQ_OBJ
1421,what's that?,True,1,MQ_OBJ
1422,eh?,False,0,NONE
1423,what's that?,True,1,MQ_OBJ
1424,what's that?,True,1,MQ_OBJ
1425,what's that?,True,1,MQ_OBJ
1426,what is this in here?,True,1,MQ_OBJ
1427,what is that?,True,1,MQ_OBJ
1428,what are they doing?,True,1,MQ_OBJ
1429,what are they doing?,True,1,MQ_OBJ
1430,are you ready for your lunch?,False,0,NONE
1431,mouth?,False,0,NONE
1432,what about your mouth?,False,0,NONE
1433,"where is your celery, Eve?",True,1,MQ_ADJUNCT
1434,where is your celery?,True,1,MQ_ADJUNCT
1435,that's the chair.,False,0,NONE
1436,not the table.,False,0,NONE
1437,let me get it for you.,False,0,NONE
1438,Mommy'll have to wash it off.,False,0,NONE
1439,what?,False,0,NONE
1440,your foot?,False,0,NONE
1441,where is your foot?,True,1,MQ_ADJUNCT
1442,there it is.,False,0,NONE
1443,there's your foot.,False,0,NONE
1444,you can get out yourself.,False,0,NONE
1445,you,False,0,NONE
1446,I don't know if you can get out that way or not.,True,1,EQ_POLAR
1447,watch your head.,False,0,NONE
1448,now what are you doing?,True,1,MQ_OBJ
1449,"oh, you're going to do it again.",False,0,NONE
1450,"yes, you watch your head.",False,0,NONE
1451,you're going To do it again?,False,0,NONE
1452,alright.,False,0,NONE
1453,why don't we have lunch?,True,1,MQ_ADJUNCT
1454,would you like to have lunch?,False,0,NONE
1455,"alright, you do it again.",False,0,NONE
1456,we'll hold off lunch.,False,0,NONE
1457,"oh, you want lunch then.",False,0,NONE
1458,alright.,False,0,NONE
1459,what?,False,0,NONE
1460,what?,False,0,NONE
1461,your bibbie?,False,0,NONE
1462,"oh, pardon me.",False,0,NONE
1463,it didn't sound like it.,False,0,NONE
1464,pardon me yes.,False,0,NONE
1465,lunch yes.,False,0,NONE
1466,that's a cheese sandwich.,False,0,NONE
1467,"yes, Mommy'll have a sandwich too.",False,0,NONE
1468,you've got nice cheese right in there.,False,0,NONE
1469,look.,False,0,NONE
1470,first take it apart.,False,0,NONE
1471,Fraser's coffee?,False,0,NONE
1472,I think it's all gone.,False,0,NONE
1473,uhuh.,False,0,NONE
1474,that's your finger.,False,0,NONE
1475,"yes, Mommy's going to have some soup.",False,0,NONE
1476,"yes, it's hot.",False,0,NONE
1477,"no, Eve's soup isn't hot.",False,0,NONE
1478,Eve's soup is cool.,False,0,NONE
1479,Eve's soup is cool.,False,0,NONE
1480,"no, Mommy's is hot.",False,0,NONE
1481,"mm, that tastes good.",False,0,NONE
1482,"ah, you're dancing.",False,0,NONE
1483,it sounds like a nice dance.,False,0,NONE
1484,"Eve, why don't you wait until you finish your lunch before you",False,0,NONE
1485,let's wait.,False,0,NONE
1486,not while you eat.,False,0,NONE
1487,don't do it while you eat.,False,0,NONE
1488,you do it down on the floor.,False,0,NONE
1489,not in your highchair.,False,0,NONE
1490,is that your sandwich?,False,0,NONE
1491,just about.,False,0,NONE
1492,it's almost all gone.,False,0,NONE
1493,is Eve's soup gone?,False,0,NONE
1494,"yes, Mommy's soup's all gone.",False,0,NONE
1495,what are you eating?,True,1,MQ_OBJ
1496,your sandwich?,False,0,NONE
1497,"would you turn around, please?",False,0,NONE
1498,turn around in your chair.,False,0,NONE
1499,that's it.,False,0,NONE
1500,that's a girl.,False,0,NONE
1501,thank you.,False,0,NONE
1502,around.,False,0,NONE
1503,turn round.,False,0,NONE
1504,"yes, the baby's eating up there.",False,0,NONE
1505,"no, she's at a table.",False,0,NONE
1506,she's not at a highchair.,False,0,NONE
1507,"yes, she's eating at a table.",False,0,NONE
1508,"yes, she has a bibbie on.",False,0,NONE
1509,Eve has a bibbie uhhuh.,False,0,NONE
1510,she's eating at a table.,False,0,NONE
1511,when you get to be a big girl you can eat at a table too.,True,1,EQ_ADJUNCT
1512,"mhm, the baby's eating at the table.",False,0,NONE
1513,when you get to be a big girl.,True,1,EQ_ADJUNCT
1514,yes.,False,0,NONE
1515,are you all finished?,False,0,NONE
1516,would you like another cheese sandwich?,False,0,NONE
1517,would you?,False,0,NONE
1518,alright.,False,0,NONE
1519,there you go.,False,0,NONE
1520,did you drink your eggnog?,False,0,NONE
1521,in your cup?,False,0,NONE
1522,eggnog.,False,0,NONE
1523,hmm?,False,0,NONE
1524,Mommy had her eggnog mhm.,False,0,NONE
1525,do you like it?,False,0,NONE
1526,"yes, you take a drink and see if you like it.",True,1,EQ_POLAR
1527,"yes, you're Lady_Bump.",False,0,NONE
1528,"no, Mommy still has some eggnog.",False,0,NONE
1529,mhm.,False,0,NONE
1530,you going To drink some?,False,0,NONE
1531,be careful.,False,0,NONE
1532,I know you spilled it on your arm.,False,0,NONE
1533,be careful.,False,0,NONE
1534,you're spilling your cup all over the place here.,False,0,NONE
1535,eggnog.,False,0,NONE
1536,"it belongs in the cup and in Eve's tummy, not on the floor.",False,0,NONE
1537,mhm.,False,0,NONE
1538,mhm.,False,0,NONE
1539,Mommy's is all gone now.,False,0,NONE
1540,"no, Eve's isn't gone yet.",False,0,NONE
1541,not yet.,False,0,NONE
1542,"no, the baby's not in the highchair.",False,0,NONE
1543,what's the baby doing?,True,1,MQ_OBJ
1544,the baby's not sleeping no.,False,0,NONE
1545,the baby's eating at the table.,False,0,NONE
1546,that's right.,False,0,NONE
1547,when you get to be a big girl you eat at the table.,True,1,EQ_ADJUNCT
1548,are you all finished?,False,0,NONE
1549,you don't want any more sandwich?,False,0,NONE
1550,you have so much cheese on there.,False,0,NONE
1551,lots of cheese there.,False,0,NONE
1552,"no, if you're going to eat you have to sit down in your chair.",True,1,EQ_POLAR
1553,that's a girl.,False,0,NONE
1554,what?,False,0,NONE
1555,"Eve, don't talk with your mouth full.",False,0,NONE
1556,I cann't understand you.,False,0,NONE
1557,chew up your sandwich.,False,0,NONE
1558,chew it up.,False,0,NONE
1559,Mommy's gone.,False,0,NONE
1560,now what did you say?,True,1,MQ_OBJ
1561,chew up your sandwich.,False,0,NONE
1562,what about the lady?,False,0,NONE
1563,the lady's home.,False,0,NONE
1564,I suppose the lady is home.,False,0,NONE
1565,what lady?,False,0,NONE
1566,what lady?,False,0,NONE
1567,yes.,False,0,NONE
1568,I suppose the lady's home.,False,0,NONE
1569,water.,False,0,NONE
1570,um.,False,0,NONE
1571,mhm.,False,0,NONE
1572,are you all finished?,False,0,NONE
1573,wait until I wipe your fingers.,False,0,NONE
1574,wipe the fingers.,False,0,NONE
1575,wait.,False,0,NONE
1576,just a second.,False,0,NONE
1577,let me see.,False,0,NONE
1578,did I get it all.,False,0,NONE
1579,look here.,False,0,NONE
1580,what did Mommy do with your eggnog?,True,1,MQ_OBJ
1581,"yeah, I spilled the eggnog.",False,0,NONE
1582,"yeah, I did spill the eggnog.",False,0,NONE
1583,would you like to wipe it up for me please?,False,0,NONE
1584,alright.,False,0,NONE
1585,you wipe it off the floor.,False,0,NONE
1586,get it all?,False,0,NONE
1587,"oh, that's a good job.",False,0,NONE
1588,the paper tore.,False,0,NONE
1589,that's alright.,False,0,NONE
1590,thank you.,False,0,NONE
1591,"yes, spilled.",False,0,NONE
1592,somebody.,False,0,NONE
1593,somebody does this and that and the other thing.,False,0,NONE
1594,Mommy's busy.,False,0,NONE
1595,you read.,False,0,NONE
1596,what are you going to read?,True,1,MQ_OBJ
1597,"no, Eve's going to read.",False,0,NONE
1598,"no, Eve's going to read.",False,0,NONE
1599,what are you going to read?,True,1,MQ_OBJ
1600,Racketyboom alright.,False,0,NONE
1601,"hi, Eve.",False,0,NONE
1602,is that the best *NULL* you can do?,True,1,RC_ADJUNCT
1603,okay.,False,0,NONE
1604,"what do you want, honey?",True,1,MQ_OBJ
1605,umbrella.,False,0,NONE
1606,"that's right, umbrella.",False,0,NONE
1607,Mommy's is in there yes.,False,0,NONE
1608,what's that?,True,1,MQ_OBJ
1609,your book.,False,0,NONE
1610,thought so.,False,0,NONE
1611,shut the door please.,False,0,NONE
1612,mhm.,False,0,NONE
1613,"yes, dear.",False,0,NONE
1614,put that in the wastebasket please.,False,0,NONE
1615,is that the wastebasket?,False,0,NONE
1616,it is!,False,0,NONE
1617,I thought it was your toy chest.,False,0,NONE
1618,alright.,False,0,NONE
1619,come on.,False,0,NONE
1620,out of the study.,False,0,NONE
1621,out of the study.,False,0,NONE
1622,you're going To fall.,False,0,NONE
1623,may I sit down?,False,0,NONE
1624,would you step back please.,False,0,NONE
1625,now come on off the chair.,False,0,NONE
1626,look.,False,0,NONE
1627,Papa has to eat.,False,0,NONE
1628,come down and play with your tinkertoys.,False,0,NONE
1629,what?,False,0,NONE
1630,breakfast.,False,0,NONE
1631,but you had your lunch.,False,0,NONE
1632,you have breakfast in the morning.,False,0,NONE
1633,Papa might give you a cracker.,False,0,NONE
1634,alright.,False,0,NONE
1635,that make you happy?,False,0,NONE
1636,had what?,False,0,NONE
1637,"oh, you're happy.",False,0,NONE
1638,may I have coffee please?,False,0,NONE
1639,those are my crackers.,False,0,NONE
1640,yes oh.,False,0,NONE
1641,where are yours?,True,1,MQ_ADJUNCT
1642,did you eat your crackers?,False,0,NONE
1643,I don't want it.,False,0,NONE
1644,what do you want?,True,1,MQ_OBJ
1645,is that it?,False,0,NONE
1646,what do you say now?,True,1,MQ_OBJ
1647,thank you?,False,0,NONE
1648,what?,False,0,NONE
1649,"yes, Mommy is emptying the garbage.",False,0,NONE
1650,move please.,False,0,NONE
1651,move so I can come in the door?,False,0,NONE
1652,would you like the rest of your eggnog?,False,0,NONE
1653,"yes, your eggnog.",False,0,NONE
1654,"no, I 'm having milk.",False,0,NONE
1655,more coffee?,False,0,NONE
1656,that's better.,False,0,NONE
1657,"Eve, don't play with the sugar please.",False,0,NONE
1658,Eve!,False,0,NONE
1659,that's right.,False,0,NONE
1660,no.,False,0,NONE
1661,"yes, that's Fraser's coffee.",False,0,NONE
1662,"well, Cromer didn't come this morning.",False,0,NONE
1663,Cromer's busy today.,False,0,NONE
1664,"yes, he's very busy.",False,0,NONE
1665,at home.,False,0,NONE
1666,probably.,False,0,NONE
1667,"yes, I think he is at home.",False,0,NONE
1668,"yes, probably at home.",False,0,NONE
1669,"yes, drink.",False,0,NONE
1670,drink juice.,False,0,NONE
1671,does Eve want a spoon?,False,0,NONE
1672,alright.,False,0,NONE
1673,here you are.,False,0,NONE
1674,"Eve, why don't you drink it out of the cup?",True,1,MQ_ADJUNCT
1675,see.,False,0,NONE
1676,Fraser's not drinking his coffee that way.,False,0,NONE
1677,he's not drinking his coffee with his spoon.,False,0,NONE
1678,drink your juice out of the cup.,False,0,NONE
1679,you eat with your spoon.,False,0,NONE
1680,"no, you're getting it all over you.",False,0,NONE
1681,look.,False,0,NONE
1682,you're spilling it on your dress.,False,0,NONE
1683,you drink it out of the cup.,False,0,NONE
1684,Fraser drinks his coffee that way.,False,0,NONE
1685,and Eve drinks her grape juice that way.,False,0,NONE
1686,"yes, it's in the cup right here.",False,0,NONE
1687,right here.,False,0,NONE
1688,"no, you don't drink grape juice with a spoon.",False,0,NONE
1689,you drink it out of the cup.,False,0,NONE
1690,see.,False,0,NONE
1691,this is how I drink my coffee.,True,1,EQ_ADJUNCT
1692,you watch.,False,0,NONE
1693,"yes, he's going to drink the coffee.",False,0,NONE
1694,then I stir it.,False,0,NONE
1695,that's the way?,False,0,NONE
1696,see?,False,0,NONE
1697,from the cup.,False,0,NONE
1698,what?,False,0,NONE
1699,"oh, you see.",False,0,NONE
1700,I 'm glad.,False,0,NONE
1701,oh byebye.,False,0,NONE
1702,are you going away?,False,0,NONE
1703,what?,False,0,NONE
1704,you're going to stand on my toe?,False,0,NONE
1705,why?,False,0,NONE
1706,oh okay.,False,0,NONE
1707,you stand on my toe.,False,0,NONE
1708,I cann't do it as well as Papa can.,False,0,NONE
1709,he has bigger feet.,False,0,NONE
1710,"yes, bigger feet to stand on.",False,0,NONE
1711,that's a spoon.,False,0,NONE
1712,what happened?,True,1,MQ_SUBJ
1713,you fell?,False,0,NONE
1714,did you hurt yourself?,False,0,NONE
1715,you hurt yourself.,False,0,NONE
1716,where?,False,0,NONE
1717,what did you hurt?,True,1,MQ_OBJ
1718,what did you hurt?,True,1,MQ_OBJ
1719,what's that?,True,1,MQ_OBJ
1720,you hurt your arm?,False,0,NONE
1721,be careful.,False,0,NONE
1722,what?,False,0,NONE
1723,open what?,False,0,NONE
1724,open the door?,False,0,NONE
1725,alright.,False,0,NONE
1726,there you are.,False,0,NONE
1727,Mommy wants some of these.,False,0,NONE
1728,would you like to have two of those *NULL* to play with?,True,1,RC_OBJ
1729,alright.,False,0,NONE
1730,Mommy have two *NULL* to play with too.,True,1,RC_OBJ
1731,yes.,False,0,NONE
1732,you take these.,False,0,NONE
1733,why don't you count from one?,True,1,MQ_ADJUNCT
1734,why don't you start from one?,True,1,MQ_ADJUNCT
1735,count them.,False,0,NONE
1736,and then what?,False,0,NONE
1737,and then what?,False,0,NONE
1738,four is next.,False,0,NONE
1739,four yes.,False,0,NONE
1740,you only have three.,False,0,NONE
1741,here's another one.,False,0,NONE
1742,there.,False,0,NONE
1743,that's all *NULL* I have.,True,1,RC_OBJ
1744,I don't have another one.,False,0,NONE
1745,I 'm sorry.,False,0,NONE
1746,that's all.,False,0,NONE
1747,you'll have to play with those.,False,0,NONE
1748,there isn't another one.,False,0,NONE
1749,sorry.,False,0,NONE
1750,I used them.,False,0,NONE
1751,"no, there isn't another one.",False,0,NONE
1752,you have them all.,False,0,NONE
1753,four,False,0,NONE
1754,three,False,0,NONE
1755,two,False,0,NONE
1756,one.,False,0,NONE
1757,what?,False,0,NONE
1758,what?,False,0,NONE
1759,"there isn't another one, Eve.",False,0,NONE
1760,you have them all.,False,0,NONE
1761,what are you going to do now?,True,2,MQ_OBJ;MQ_SUBJ
1762,for goodness sake?,False,0,NONE
1763,are you all finished?,False,0,NONE
1764,are you all done?,False,0,NONE
1765,"no, no more right now.",False,0,NONE
1766,come here and Mommy'll wipe your face.,False,0,NONE
1767,a grahamcracker?,False,0,NONE
1768,did you eat the other one?,False,0,NONE
1769,come here.,False,0,NONE
1770,come here.,False,0,NONE
1771,I am holding the ball.,False,0,NONE
1772,can you catch the ball?,False,0,NONE
1773,what's that *NULL* you're getting?,True,2,MQ_OBJ;RC_OBJ
1774,what is it?,True,1,MQ_OBJ
1775,"hey, not so hard please.",False,0,NONE
1776,you'll break them.,False,0,NONE
1777,be careful.,False,0,NONE
1778,Eve!,False,0,NONE
1779,be careful.,False,0,NONE
1780,you want me to open the toy box.,False,0,NONE
1781,alright.,False,0,NONE
1782,alright.,False,0,NONE
1783,there we are.,False,0,NONE
1784,show me the books.,False,0,NONE
1785,show me the book.,False,0,NONE
1786,where are the books?,True,1,MQ_ADJUNCT
1787,"Eve, where are the books?",True,1,MQ_ADJUNCT
1788,"yes, the horse is stuck.",False,0,NONE
1789,"yes, Lassie's trying to get him out.",False,0,NONE
1790,"I'll be right back, Eve.",False,0,NONE
1791,yeah.,False,0,NONE
1792,fix what?,False,0,NONE
1793,fix Lassie?,False,0,NONE
1794,what's wrong with him?,True,1,MQ_SUBJ
1795,"no, Eve, read.",False,0,NONE
1796,sit on the table and read.,False,0,NONE
1797,"no, Mommy's busy right now.",False,0,NONE
1798,we'll read later.,False,0,NONE
1799,no.,False,0,NONE
1800,you go and read Lassie and we'll read later.,False,0,NONE
1801,no Mommy's busy.,False,0,NONE
1802,you go in and read Lassie to Fraser.,False,0,NONE
1803,he's never heard Lassie.,False,0,NONE
1804,you go in and read.,False,0,NONE
1805,you read to me.,False,0,NONE
1806,"yep, you read the book.",False,0,NONE
1807,no.,False,0,NONE
1808,"Mommy's busy right now, sweetie.",False,0,NONE
1809,we'll read later.,False,0,NONE
1810,later on.,False,0,NONE
1811,I have things *NULL* to do and then we'll read.,True,1,RC_OBJ
1812,okay.,False,0,NONE
1813,Rangy doesn't have a coat.,False,0,NONE
1814,Eve's coat is in the closet.,False,0,NONE
1815,Cromer's what?,False,0,NONE
1816,"yes, he's busy.",False,0,NONE
1817,you read.,False,0,NONE
1818,you read to me.,False,0,NONE
1819,later we'll read.,False,0,NONE
1820,I 'm busy.,False,0,NONE
1821,"no, after Mommy finishes then we'll read.",False,0,NONE
1822,"yes, you sit and read to Rangy and Fraser.",False,0,NONE
1823,okay?,False,0,NONE
1824,put Rangy on your lap.,False,0,NONE
1825,yes.,False,0,NONE
1826,you read to Rangy.,False,0,NONE
1827,Rangy would like to have a story.,False,0,NONE
1828,Eve's going to read.,False,0,NONE
1829,"Eve, read.",False,0,NONE
1830,"no, Mommy's busy.",False,0,NONE
1831,you read to Rangy.,False,0,NONE
1832,"no, we'll read eh?",False,0,NONE
1833,I'll read.,False,0,NONE
1834,I'll read to you.,False,0,NONE
1835,there.,False,0,NONE
1836,what's that?,True,1,MQ_OBJ
1837,that's Jeff's mommy.,False,0,NONE
1838,can you say Jeff's mommy?,False,0,NONE
1839,Jeff's mommy.,False,0,NONE
1840,"oh, isn't that funny.",False,0,NONE
1841,it's called a gopher.,False,0,NONE
1842,and Lassie is on the top of a hill.,False,0,NONE
1843,"oh, wait a minute.",False,0,NONE
1844,I'll get it.,False,0,NONE
1845,the dog is stuck.,False,0,NONE
1846,the horse is stuck.,False,0,NONE
1847,"yeah, I dropped the paper.",False,0,NONE
1848,what's happening?,True,1,MQ_SUBJ
1849,there.,False,0,NONE
1850,what's happening?,True,1,MQ_SUBJ
1851,"oh, I see.",False,0,NONE
1852,are you standing on your stool?,False,0,NONE
1853,do you want a pencil?,False,0,NONE
1854,okay.,False,0,NONE
1855,Mommy'll have to find one.,False,0,NONE
1856,mhm.,False,0,NONE
1857,there's one.,False,0,NONE
1858,yes.,False,0,NONE
1859,what are you doing?,True,1,MQ_OBJ
1860,where is your pencil?,True,1,MQ_ADJUNCT
1861,where's my pencil?,True,1,MQ_ADJUNCT
1862,where's my pencil?,True,1,MQ_ADJUNCT
1863,where's your pencil?,True,1,MQ_ADJUNCT
1864,"that's a pretty picture, isn't it?",False,0,NONE
1865,is it a lady?,False,0,NONE
1866,that's a face.,False,0,NONE
1867,say Eve's pencil.,False,0,NONE
1868,my pencil?,False,0,NONE
1869,what's this?,True,1,MQ_OBJ
1870,you say Eve's pencil.,False,0,NONE
1871,Eve's pencil.,False,0,NONE
1872,Eve has the pencil.,False,0,NONE
1873,what?,False,0,NONE
1874,yes.,False,0,NONE
1875,what are you doing?,True,1,MQ_OBJ
1876,you're writing with a pencil?,False,0,NONE
1877,"oh, I'll bet you're helping, aren't you?",False,0,NONE
1878,"my, you're doing very well.",False,0,NONE
1879,hi.,False,0,NONE
1880,"that's a pretty outfit *NULL* you have on, Eve.",True,1,RC_OBJ
1881,that's another page.,False,0,NONE
1882,lots of pages.,False,0,NONE
1883,"well, Eve.",False,0,NONE
1884,will you tell me what you've been doing this morning?,True,1,EQ_OBJ
1885,Cromer?,False,0,NONE
1886,was he here?,False,0,NONE
1887,"no, he wasn't either.",False,0,NONE
1888,you shake your head this way.,False,0,NONE
1889,this way.,False,0,NONE
1890,that means no.,False,0,NONE
1891,this means yes.,False,0,NONE
1892,"well, what else have you been doing?",True,1,MQ_OBJ
1893,"what are you writing, Eve?",True,1,MQ_OBJ
1894,are you going To turn the page?,False,0,NONE
1895,"look, Eve.",False,0,NONE
1896,there are all kinds of pages.,False,0,NONE
1897,look at that.,False,0,NONE
1898,see?,False,0,NONE
1899,uhuh.,False,0,NONE
1900,uhuh.,False,0,NONE
1901,"how are the fishes doing, Eve?",True,1,MQ_ADJUNCT
1902,Eve?,False,0,NONE
1903,how are the fish?,True,1,MQ_ADJUNCT
1904,they're swimming?,False,0,NONE
1905,you've got a lot of paper.,False,0,NONE
1906,there isn't any more.,False,0,NONE
1907,the coffee's all gone.,False,0,NONE
1908,would you bring me the cup please?,False,0,NONE
1909,bring Mommy the cup.,False,0,NONE
1910,thank you.,False,0,NONE
1911,what?,False,0,NONE
1912,"oh, the spoon too?",False,0,NONE
1913,alright.,False,0,NONE
1914,alright.,False,0,NONE
1915,you'll get it.,False,0,NONE
1916,now look.,False,0,NONE
1917,what else are you going To bring?,True,2,MQ_OBJ;MQ_SUBJ
1918,okay.,False,0,NONE
1919,you bring me the napkin too.,False,0,NONE
1920,thank you.,False,0,NONE
1921,you're a good girl.,False,0,NONE
1922,you want what?,False,0,NONE
1923,you want a spoon?,False,0,NONE
1924,what are you going to do with it?,True,1,MQ_OBJ
1925,you want a spoon in the napkin?,False,0,NONE
1926,what are you going To do with them?,True,1,MQ_OBJ
1927,where are you going To put them?,True,1,MQ_ADJUNCT
1928,alright.,False,0,NONE
1929,you put them back on the table.,False,0,NONE
1930,don't write on the book.,False,0,NONE
1931,you write on the paper.,False,0,NONE
1932,Eve!,False,0,NONE
1933,don't write on the book.,False,0,NONE
1934,you write on the paper.,False,0,NONE
1935,well.,False,0,NONE
1936,my goodness.,False,0,NONE
1937,well.,False,0,NONE
1938,my goodness.,False,0,NONE
1939,Humm.,False,0,NONE
1940,were you reading the story of Humm?,False,0,NONE
1941,Humm.,False,0,NONE
1942,you go and read Fraser the story of Humm.,False,0,NONE
1943,that's a nice story.,False,0,NONE
1944,you read Humm.,False,0,NONE
1945,"no, we'll read later.",False,0,NONE
1946,you go read the story of Humm.,False,0,NONE
1947,we'll read Humm and that's all.,False,0,NONE
1948,what had happened to Humm?,True,1,MQ_SUBJ
1949,you have to read the story now.,False,0,NONE
1950,what's that *NULL* he's got on his foot?,True,2,MQ_OBJ;RC_OBJ
1951,"Eve, are you about ready to have your lunch?",False,0,NONE
1952,would you bring the sugar here please?,False,0,NONE
1953,"Eve, are you about ready to have your lunch?",False,0,NONE
1954,would you bring the sugar here please?,False,0,NONE
1955,bring Mommy the sugar.,False,0,NONE
1956,"no, put the top on.",False,0,NONE
1957,that's it.,False,0,NONE
1958,thank you.,False,0,NONE
1959,will you bring me the napkin please?,False,0,NONE
1960,where is it?,True,1,MQ_ADJUNCT
1961,"well, you bring me the napkin.",False,0,NONE
1962,yes.,False,0,NONE
1963,will you bring Mommy the napkin and the spoon?,False,0,NONE
1964,"yes, that's the butter.",False,0,NONE
1965,but you cann't have it that way.,False,0,NONE
1966,you can have some for lunch.,False,0,NONE
1967,and cheese *NULL* you're going To have too.,True,1,RC_OBJ
1968,yes.,False,0,NONE
1969,what are you doing?,True,1,MQ_OBJ
1970,you're banging?,False,0,NONE
1971,is that necessary?,False,0,NONE
1972,"why don't you, uh bang on the floor?",False,0,NONE
1973,not the stove.,False,0,NONE
1974,bang on the floor.,False,0,NONE
1975,not the furniture.,False,0,NONE
1976,okay?,False,0,NONE
1977,not the refrigerator either.,False,0,NONE
1978,not the shelf.,False,0,NONE
1979,on the floor.,False,0,NONE
1980,Eve!,False,0,NONE
1981,Mommy'll take the box.,False,0,NONE
1982,would you get your high chair and we'll have lunch.,False,0,NONE
1983,get your high chair and bib.,False,0,NONE
1984,it's pudding.,False,0,NONE
1985,mhm.,False,0,NONE
1986,pudding.,False,0,NONE
1987,"no, Mommy's not going to have pudding.",False,0,NONE
1988,just Eve.,False,0,NONE
1989,just Eve.,False,0,NONE
1990,"yes, I see you.",False,0,NONE
1991,there.,False,0,NONE
1992,what?,False,0,NONE
1993,what's what?,True,1,MQ_OBJ
1994,what?,False,0,NONE
1995,this?,False,0,NONE
1996,what is this?,True,1,MQ_OBJ
1997,"no, it's not tapioca.",False,0,NONE
1998,"no, it's just pudding.",False,0,NONE
1999,"no, that's a carrot.",False,0,NONE
2000,that's not celery.,False,0,NONE
2001,carrot yes.,False,0,NONE
2002,man's going To have a carrot too.,False,0,NONE
2003,eh?,False,0,NONE
2004,what?,False,0,NONE
2005,wait a minute?,False,0,NONE
2006,what for?,False,0,NONE
2007,uhuh.,False,0,NONE
2008,Papa's bread.,False,0,NONE
2009,what is that?,True,1,MQ_OBJ
2010,there's soup in the bowl.,False,0,NONE
2011,"this is not soup, darling.",False,0,NONE
2012,what is that?,True,1,MQ_SUBJ
2013,bowl.,False,0,NONE
2014,yes.,False,0,NONE
2015,um.,False,0,NONE
2016,it's hot yes.,False,0,NONE
2017,you've got to chew it up.,False,0,NONE
2018,you have to chew it.,False,0,NONE
2019,you don't swallow it whole.,False,0,NONE
2020,you want a cracker?,False,0,NONE
2021,with peanut butter?,False,0,NONE
2022,with peanut butter?,False,0,NONE
2023,you put the stool back and I'll open the toy box.,False,0,NONE
2024,put the stool back please.,False,0,NONE
2025,can you get the blocks out?,False,0,NONE
2026,the blocks yes.,False,0,NONE
2027,one mhm.,False,0,NONE
2028,one.,False,0,NONE
2029,six.,False,0,NONE
2030,seven.,False,0,NONE
2031,right.,False,0,NONE
2032,very good.,False,0,NONE
2033,that was very good.,False,0,NONE
2034,one three six.,False,0,NONE
2035,can you say that?,False,0,NONE
2036,two four seven.,False,0,NONE
2037,you say it.,False,0,NONE
2038,two four seven.,False,0,NONE
2039,ten six three.,False,0,NONE
2040,"Eve, are you throwing the toys?",False,0,NONE
2041,you don't throw them please.,False,0,NONE
2042,you're going To get it?,False,0,NONE
2043,"alright, you get it but don't throw them any more.",False,0,NONE
2044,"yes, that's very good.",False,0,NONE
2045,"Eve, you stop throwing the blocks.",False,0,NONE
2046,"thank you, Eve.",False,0,NONE
2047,"yes, sit by you.",False,0,NONE
2048,there's not room to sit there.,False,0,NONE
2049,you go in and build a tower with your blocks.,False,0,NONE
2050,you build a big tower.,False,0,NONE
2051,a big tower.,False,0,NONE
2052,"yes, you make a big one.",False,0,NONE
2053,that's part of the taperecorder.,False,0,NONE
2054,you don't play with it.,False,0,NONE
2055,hi.,False,0,NONE
2056,what are you doing?,True,1,MQ_OBJ
2057,"oh, you're running.",False,0,NONE
2058,alright.,False,0,NONE
2059,do you like running about?,False,0,NONE
2060,do you like running?,False,0,NONE
2061,more?,False,0,NONE
2062,"oh, I guess you can have a little bit more.",False,0,NONE
2063,there you are.,False,0,NONE
2064,are you alright?,False,0,NONE
2065,mhm.,False,0,NONE
2066,we're going To have coffee.,False,0,NONE
2067,that's Fraser though.,False,0,NONE
2068,that's not Cromer.,False,0,NONE
2069,yes.,False,0,NONE
2070,Cromer didn't come today.,False,0,NONE
2071,what?,False,0,NONE
2072,"oh, you want to write with a pencil.",False,0,NONE
2073,we'll get a pencil.,False,0,NONE
2074,you want paper too?,False,0,NONE
2075,do you want a paper and pencil?,False,0,NONE
2076,alright.,False,0,NONE
2077,how about a red pencil?,False,0,NONE
2078,red pencil.,False,0,NONE
2079,"yes, you're writing.",False,0,NONE
2080,"yes, it's all gone.",False,0,NONE
2081,thank you.,False,0,NONE
2082,"that's very nice, Eve.",False,0,NONE
2083,you write on that one and I'll write on this one.,False,0,NONE
2084,"what did you say, Eve?",True,1,MQ_OBJ
2085,"oh, that's very nice.",False,0,NONE
2086,that improves the page greatly.,False,0,NONE
2087,thank you.,False,0,NONE
2088,I've got to turn back to this one.,False,0,NONE
2089,there.,False,0,NONE
2090,"no, in a minute.",False,0,NONE
2091,I'll turn it in a minute.,False,0,NONE
2092,in a minute.,False,0,NONE
2093,alright.,False,0,NONE
2094,okay.,False,0,NONE
2095,one page.,False,0,NONE
2096,there.,False,0,NONE
2097,there's a nice clean page.,False,0,NONE
2098,we cann't turn the page all the time.,False,0,NONE
2099,"no, that's Fraser's paper.",False,0,NONE
2100,he's writing on that.,False,0,NONE
2101,you write on your own paper.,False,0,NONE
2102,here's a page.,False,0,NONE
2103,is it all gone?,False,0,NONE
2104,hmm?,False,0,NONE
2105,"no, it's going to be lunchtime before too long.",False,0,NONE
2106,no graham_crackers today.,False,0,NONE
2107,"no, you have pudding for lunch.",False,0,NONE
2108,it's not time for lunch yet.,False,0,NONE
2109,later.,False,0,NONE
2110,later not yet.,False,0,NONE
2111,"yeah, for lunch.",False,0,NONE
2112,you go write on the paper.,False,0,NONE
2113,go draw pretty pictures.,False,0,NONE
2114,what?,False,0,NONE
2115,no what?,False,0,NONE
2116,no supper?,False,0,NONE
2117,"no, no lunch.",False,0,NONE
2118,no lunch.,False,0,NONE
2119,later we'll have lunch.,False,0,NONE
2120,macaroni for supper?,False,0,NONE
2121,"well, maybe, but not for lunch.",False,0,NONE
2122,soup for lunch yes.,False,0,NONE
2123,fun?,False,0,NONE
2124,celery.,False,0,NONE
2125,alright.,False,0,NONE
2126,we'll have celery too.,False,0,NONE
2127,and what else?,False,0,NONE
2128,soup.,False,0,NONE
2129,and what else would you like for lunch?,True,1,EQ_OBJ
2130,cheese.,False,0,NONE
2131,what else?,False,0,NONE
2132,what else?,False,0,NONE
2133,pudding?,False,0,NONE
2134,milk?,False,0,NONE
2135,okay?,False,0,NONE
2136,yes.,False,0,NONE
2137,no.,False,0,NONE
2138,it's on the floor uhhuh.,False,0,NONE
2139,now to you too.,False,0,NONE
2140,"Eve's having fun today, isn't she?",False,0,NONE
2141,David is at Emerson today.,False,0,NONE
2142,"yes, he's at Emerson.",False,0,NONE
2143,right.,False,0,NONE
2144,"oh, thank you.",False,0,NONE
2145,thank you.,False,0,NONE
2146,another one?,False,0,NONE
2147,thank you.,False,0,NONE
2148,you just look at it.,False,0,NONE
2149,don't touch it.,False,0,NONE
2150,you just look at it.,False,0,NONE
2151,what's the tape recorder doing eh?,True,1,MQ_OBJ
2152,what does it do?,True,1,MQ_OBJ
2153,what does the tape recorder do?,True,1,MQ_OBJ
2154,it goes around and around.,False,0,NONE
2155,doesn't it?,False,0,NONE
2156,it goes round and round.,False,0,NONE
2157,like Eve when we sing songs.,False,0,NONE
2158,round and around.,False,0,NONE
2159,that's what the taperecorder's doing.,True,1,EQ_OBJ
2160,and a round tinkertoy.,False,0,NONE
2161,that's right.,False,0,NONE
2162,there's a round tinkertoy that we build with.,True,1,RC_OBJ
2163,would you like to have these blocks?,False,0,NONE
2164,would you put them back on the table for me please.,False,0,NONE
2165,have you got them all?,False,0,NONE
2166,okay.,False,0,NONE
2167,that's good.,False,0,NONE
2168,be careful.,False,0,NONE
2169,don't drop it.,False,0,NONE
2170,don't drop it.,False,0,NONE
2171,there.,False,0,NONE
2172,you dropped.,False,0,NONE
2173,why don't we change your diaper?,True,1,MQ_ADJUNCT
2174,we'll put a dry diaper on.,False,0,NONE
2175,"yeah, you get a block and lie down there on the floor.",False,0,NONE
2176,a round tinkertoy.,False,0,NONE
2177,right.,False,0,NONE
2178,a round block.,False,0,NONE
2179,that's a round block too.,False,0,NONE
2180,it's a round block.,False,0,NONE
2181,there's the round tinkertoy.,False,0,NONE
2182,hold still please.,False,0,NONE
2183,"Eve, will you hold still.",False,0,NONE
2184,I cann't pin your diaper.,False,0,NONE
2185,"there, just a minute.",False,0,NONE
2186,you're going to get stuck with the pin.,False,0,NONE
2187,how many tinkertoys do you have?,True,1,MQ_OBJ
2188,"oh, these are blocks anyway.",False,0,NONE
2189,how many blocks?,False,0,NONE
2190,taperecorder.,False,0,NONE
2191,right.,False,0,NONE
2192,let me take your diaper upstairs.,False,0,NONE
2193,I'll be right back.,False,0,NONE
2194,Eve.,False,0,NONE
2195,hi.,False,0,NONE
2196,yes.,False,0,NONE
2197,Mommy's gone upstairs but she'll be right back.,False,0,NONE
2198,what's happening to Cromer?,True,1,MQ_SUBJ
2199,"oh, I see.",False,0,NONE
2200,I 'm not Cromer.,False,0,NONE
2201,I 'm Fraser.,False,0,NONE
2202,"yes, that's right.",False,0,NONE
2203,"oh, that's pretty, isn't it?",False,0,NONE
2204,"that's pretty, isn't it?",False,0,NONE
2205,Colin.,False,0,NONE
2206,uhhuh.,False,0,NONE
2207,oh.,False,0,NONE
2208,are you okay?,False,0,NONE
2209,"oh, Eve.",False,0,NONE
2210,why don't you write on your own paper.,True,1,MQ_ADJUNCT
2211,go get your paper.,False,0,NONE
2212,hmm?,False,0,NONE
2213,go get your paper,False,0,NONE
2214,on the floor.,False,0,NONE
2215,"Fraser, not Cromer.",False,0,NONE
2216,Fraser.,False,0,NONE
2217,right.,False,0,NONE
2218,Cromer's busy today.,False,0,NONE
2219,coming out of the hole?,False,0,NONE
2220,hello.,False,0,NONE
2221,hi.,False,0,NONE
2222,there it is.,False,0,NONE
2223,there.,False,0,NONE
2224,can you see?,False,0,NONE
2225,can you see?,False,0,NONE
2226,can you see?,False,0,NONE
2227,I can see Eve.,False,0,NONE
2228,hi.,False,0,NONE
2229,mhm.,False,0,NONE
2230,can you see Eve?,False,0,NONE
2231,eh?,False,0,NONE
2232,who do you see?,True,1,MQ_OBJ
2233,"you didn't see Eve, did you?",False,0,NONE
2234,I see Eve.,False,0,NONE
2235,you see Fraser.,False,0,NONE
2236,we've got to go back.,False,0,NONE
2237,we've got to go back.,False,0,NONE
2238,there.,False,0,NONE
2239,see.,False,0,NONE
2240,you can draw on that one.,False,0,NONE
2241,do you want to get up?,False,0,NONE
2242,okay.,False,0,NONE
2243,up.,False,0,NONE
2244,that's it.,False,0,NONE
2245,there.,False,0,NONE
2246,"now we're all ready to write, aren't we?",False,0,NONE
2247,hi.,False,0,NONE
2248,what are you doing?,True,1,MQ_OBJ
2249,"oh, you're in lap?",False,0,NONE
2250,is it Fraser's lap?,False,0,NONE
2251,sit down in his lap.,False,0,NONE
2252,uhhuh.,False,0,NONE
2253,down?,False,0,NONE
2254,you just got there.,False,0,NONE
2255,"yes, he let you down.",False,0,NONE
2256,Eve's going To climb?,False,0,NONE
2257,where?,False,0,NONE
2258,what?,False,0,NONE
2259,no what?,False,0,NONE
2260,"no, Mommy, what?",False,0,NONE
2261,no what?,False,0,NONE
2262,you want my foot on the floor.,False,0,NONE
2263,alright.,False,0,NONE
2264,I'll put my foot on the floor.,False,0,NONE
2265,you can climb.,False,0,NONE
2266,climb up there.,False,0,NONE
2267,alright.,False,0,NONE
2268,there's nothing happening up here at all.,False,0,NONE
2269,what?,False,0,NONE
2270,you look like you've been eating that red pencil.,False,0,NONE
2271,did you have that red pencil in your mouth?,False,0,NONE
2272,hmm?,False,0,NONE
2273,"oh yes, you have.",False,0,NONE
2274,you may have the pencil but you don't put it in your mouth.,False,0,NONE
2275,you write on the paper with it.,False,0,NONE
2276,you want a letter?,False,0,NONE
2277,"alright, we'll we will have a letter.",False,0,NONE
2278,"yes, just a sec.",False,0,NONE
2279,"here, this one will make a better letter.",False,0,NONE
2280,this will make a good letter.,False,0,NONE
2281,do you want me to have a letter?,False,0,NONE
2282,right here?,False,0,NONE
2283,one letter uhhuh.,False,0,NONE
2284,another one over there?,False,0,NONE
2285,you have two letters.,False,0,NONE
2286,one two letters.,False,0,NONE
2287,again?,False,0,NONE
2288,"well, there's no place to put.",False,0,NONE
2289,you've got one there and one.,False,0,NONE
2290,Mommy put one there.,False,0,NONE
2291,there.,False,0,NONE
2292,now how many letters do you have?,True,1,MQ_OBJ
2293,two letters.,False,0,NONE
2294,how many letters do I have?,True,1,MQ_OBJ
2295,two letters.,False,0,NONE
2296,two letters.,False,0,NONE
2297,one two.,False,0,NONE
2298,you may have it.,False,0,NONE
2299,I think that's enough.,False,0,NONE
2300,"you don't need any more letters, do you?",False,0,NONE
2301,that's enough letters.,False,0,NONE
2302,"yes, I'll answer it.",False,0,NONE
2303,"yes, that was Natalie.",False,0,NONE
2304,I'll be right back.,False,0,NONE
2305,what are,False,0,NONE
2306,"oh, you're putting on your sock?",False,0,NONE
2307,that's the dolly's sock.,False,0,NONE
2308,that's not your sock.,False,0,NONE
2309,yes.,False,0,NONE
2310,that sock's already on and it's much bigger than the other one.,False,0,NONE
2311,that's dolly sock.,False,0,NONE
2312,uhhuh.,False,0,NONE
2313,"I'll read Frosty the snowman later, not now.",False,0,NONE
2314,after lunch.,False,0,NONE
2315,we'll look at the pictures.,False,0,NONE
2316,alright.,False,0,NONE
2317,"here, sit down.",False,0,NONE
2318,see.,False,0,NONE
2319,look at all the pictures.,False,0,NONE
2320,"if you get down any further, Eve, I 'm going to have to sit on the",True,1,EQ_POLAR
2321,what is that?,True,1,MQ_OBJ
2322,lady.,False,0,NONE
2323,mhm.,False,0,NONE
2324,she has pretty dresses.,False,0,NONE
2325,that's another lady.,False,0,NONE
2326,"oh, what's that?",True,1,MQ_OBJ
2327,huh?,False,0,NONE
2328,yes.,False,0,NONE
2329,what is that?,True,1,MQ_OBJ
2330,that's a man.,False,0,NONE
2331,another man.,False,0,NONE
2332,what?,False,0,NONE
2333,another man uhhuh.,False,0,NONE
2334,what is that?,True,1,MQ_OBJ
2335,lady.,False,0,NONE
2336,what is that?,True,1,MQ_OBJ
2337,"no, that's not a man.",False,0,NONE
2338,what is that?,True,1,MQ_OBJ
2339,hmm?,False,0,NONE
2340,girl.,False,0,NONE
2341,uhhuh.,False,0,NONE
2342,hmm?,False,0,NONE
2343,the lady's hand?,False,0,NONE
2344,"yes, that's the lady's hand.",False,0,NONE
2345,another lady.,False,0,NONE
2346,right.,False,0,NONE
2347,mhm.,False,0,NONE
2348,you turn the page.,False,0,NONE
2349,the lady has a hat on?,False,0,NONE
2350,"oh, she does.",False,0,NONE
2351,mhm.,False,0,NONE
2352,she has a hat.,False,0,NONE
2353,"yes, you turn the page.",False,0,NONE
2354,mhm.,False,0,NONE
2355,uhhuh.,False,0,NONE
2356,"would you move into the room, Eve.",False,0,NONE
2357,you're in my way.,False,0,NONE
2358,would you take the paper and go in the room.,False,0,NONE
2359,pick up the paper and move in the room.,False,0,NONE
2360,go on.,False,0,NONE
2361,why why don't you show it to me?,True,1,MQ_ADJUNCT
2362,will you show it to me?,False,0,NONE
2363,"okay, move.",False,0,NONE
2364,"okay, you come and show it to me.",False,0,NONE
2365,move please.,False,0,NONE
2366,move.,False,0,NONE
2367,"come on, you're in my way.",False,0,NONE
2368,peepo peepo.,False,0,NONE
2369,peepo peepo.,False,0,NONE
2370,come on.,False,0,NONE
2371,pick up the paper.,False,0,NONE
2372,pick up the paper please.,False,0,NONE
2373,that's a girl.,False,0,NONE
2374,thank you.,False,0,NONE
2375,"that's Fraser, sweetie.",False,0,NONE
2376,Fraser's shoe.,False,0,NONE
2377,put?,False,0,NONE
2378,put where?,False,0,NONE
2379,what do you want me to do with his shoe?,True,1,MQ_OBJ
2380,hmm?,False,0,NONE
2381,what shall I do with it?,True,1,MQ_OBJ
2382,I don't think his shoe's going byebye.,False,0,NONE
2383,that's the top.,False,0,NONE
2384,would you please put it on the sugar.,False,0,NONE
2385,put it on the sugar.,False,0,NONE
2386,mhm.,False,0,NONE
2387,thank you.,False,0,NONE
2388,that's a good girl.,False,0,NONE
2389,"oh, you're going To move the spoon?",False,0,NONE
2390,alright.,False,0,NONE
2391,take the spoon out.,False,0,NONE
2392,take it out of the sugar.,False,0,NONE
2393,take it out and put it on the napkin.,False,0,NONE
2394,put the spoon on the napkin.,False,0,NONE
2395,take the spoon out and put it on the napkin.,False,0,NONE
2396,you don't lick the top.,False,0,NONE
2397,no.,False,0,NONE
2398,yes.,False,0,NONE
2399,take the spoon out and put it on the napkin.,False,0,NONE
2400,put the spoon on the napkin.,False,0,NONE
2401,here.,False,0,NONE
2402,we'll take the spoon out and we'll put it on the napkin.,False,0,NONE
2403,now you can put the top on.,False,0,NONE
2404,there.,False,0,NONE
2405,that's better.,False,0,NONE
2406,there.,False,0,NONE
2407,let's move the sugar.,False,0,NONE
2408,would you bring the napkin.,False,0,NONE
2409,bring me the napkin.,False,0,NONE
2410,thank you.,False,0,NONE
2411,uhhuh.,False,0,NONE
2412,"oh, you're bringing me the cup.",False,0,NONE
2413,thank you.,False,0,NONE
2414,that's right.,False,0,NONE
2415,"you like this one, don't you?",False,0,NONE
2416,what?,False,0,NONE
2417,"what did you say, Eve?",True,1,MQ_OBJ
2418,what?,False,0,NONE
2419,you're here?,False,0,NONE
2420,"yeah, I know where you are.",True,1,EQ_ADJUNCT
2421,I see you.,False,0,NONE
2422,that's cheese.,False,0,NONE
2423,you know what that is.,True,1,EQ_OBJ
2424,what is that?,True,1,MQ_OBJ
2425,that's another cheese.,False,0,NONE
2426,up here.,False,0,NONE
2427,yes.,False,0,NONE
2428,you get your highchair.,False,0,NONE
2429,you move your highchair and your bib.,False,0,NONE
2430,"no, we're not going To sit on the stool.",False,0,NONE
2431,you're going To sit on your highchair now.,False,0,NONE
2432,"no, you're going To sit on your highchair.",False,0,NONE
2433,mhm.,False,0,NONE
2434,you put this back.,False,0,NONE
2435,let me put it back.,False,0,NONE
2436,you move your highchair.,False,0,NONE
2437,yes.,False,0,NONE
2438,then you can have some cheese and some noodle soup.,False,0,NONE
2439,"okay, you put back stool back.",False,0,NONE
2440,now would you please move your highchair?,False,0,NONE
2441,and your bib.,False,0,NONE
2442,and we'll have lunch.,False,0,NONE
2443,you want to climb?,False,0,NONE
2444,alright.,False,0,NONE
2445,you climb in.,False,0,NONE
2446,I 'm Fraser.,False,0,NONE
2447,Mommy did what?,False,0,NONE
2448,shoe?,False,0,NONE
2449,I did step on the tinkertoy with my shoe yes.,False,0,NONE
2450,more already?,False,0,NONE
2451,Eve's pencil?,False,0,NONE
2452,I'll look and see if can find one.,True,1,EQ_POLAR
2453,"well, leave the stool there.",False,0,NONE
2454,here's your pencil.,False,0,NONE
2455,your pencil.,False,0,NONE
2456,you want a piece of paper?,False,0,NONE
2457,here you go.,False,0,NONE
2458,"oh haha, I know what you want.",True,1,EQ_OBJ
2459,"where's your paper, Eve?",True,1,MQ_ADJUNCT
2460,where is it?,True,1,MQ_ADJUNCT
2461,know.,False,0,NONE
2462,we'll find you a pad.,False,0,NONE
2463,here's a pad.,False,0,NONE
2464,that's Eve's pad.,False,0,NONE
2465,"no, there's nothing else that's interesting there.",True,1,RC_SUBJ
2466,it's just paper and things.,False,0,NONE
2467,there's nothing interesting.,False,0,NONE
2468,move the stool?,False,0,NONE
2469,Eve do what?,False,0,NONE
2470,banana?,False,0,NONE
2471,I don't have a banana.,False,0,NONE
2472,those are nuts.,False,0,NONE
2473,you want to peel the nut?,False,0,NONE
2474,"well, I 'm cracking the nuts.",False,0,NONE
2475,no.,False,0,NONE
2476,you don't know how to crack the nuts.,True,1,EQ_ADJUNCT
2477,"yes, you climb.",False,0,NONE
2478,you cann't crack the nuts.,False,0,NONE
2479,I 'm cracking the nuts.,False,0,NONE
2480,I 'm cracking the nuts.,False,0,NONE
2481,"no, you may not have it.",False,0,NONE
2482,no I 'm sorry.,False,0,NONE
2483,would you like to have a nut?,False,0,NONE
2484,there.,False,0,NONE
2485,you dropped it.,False,0,NONE
2486,why don't you see if the tinkertoy would crack the nut.,True,2,EQ_POLAR;MQ_ADJUNCT
2487,go use the tinkertoy.,False,0,NONE
2488,hmm?,False,0,NONE
2489,hmm?,False,0,NONE
2490,you cann't eat it that way.,False,0,NONE
2491,go crack it with the tinkertoy.,False,0,NONE
2492,make a hammer with your tinkertoy.,False,0,NONE
2493,yeah.,False,0,NONE
2494,make a hammer.,False,0,NONE
2495,there.,False,0,NONE
2496,yes.,False,0,NONE
2497,Eve's cracking the nut?,False,0,NONE
2498,with the pencil?,False,0,NONE
2499,"well, I don't think that's such a good thing.",False,0,NONE
2500,why don't you use your tinkertoy?,True,1,MQ_ADJUNCT
2501,use the tinkertoy.,False,0,NONE
2502,no.,False,0,NONE
2503,you write with a pencil.,False,0,NONE
2504,that's right.,False,0,NONE
2505,use the tinkertoy.,False,0,NONE
2506,"did you did you, did you crack the nut?",False,0,NONE
2507,did you?,False,0,NONE
2508,let me see.,False,0,NONE
2509,no.,False,0,NONE
2510,are you cracking the nut?,False,0,NONE
2511,okay.,False,0,NONE
2512,you keep trying.,False,0,NONE
2513,you keep trying.,False,0,NONE
2514,"yes, I'll crack the nut.",False,0,NONE
2515,Mommy will crack the nut.,False,0,NONE
2516,are you cracking the nut?,False,0,NONE
2517,that's yours.,False,0,NONE
2518,"yes, that's your nut.",False,0,NONE
2519,you cracked the nut.,False,0,NONE
2520,Cromer?,False,0,NONE
2521,where is Cromer?,True,1,MQ_ADJUNCT
2522,where is Fraser?,True,1,MQ_ADJUNCT
2523,where?,False,0,NONE
2524,where?,False,0,NONE
2525,in the chair uhhuh.,False,0,NONE
2526,"Eve, that's the stool.",False,0,NONE
2527,is Eve on the table?,False,0,NONE
2528,on the stool yes.,False,0,NONE
2529,Fraser's in the chair.,False,0,NONE
2530,and Cromer's on the couch.,False,0,NONE
2531,that's right.,False,0,NONE
2532,you're going To sit on the couch?,False,0,NONE
2533,Eve will sit on the couch.,False,0,NONE
2534,then you sit on the couch and crack the nut.,False,0,NONE
2535,by Cromer yes.,False,0,NONE
2536,uhhuh.,False,0,NONE
2537,hot.,False,0,NONE
2538,crack the nut?,False,0,NONE
2539,in the livingroom?,False,0,NONE
2540,what are you going to do in there?,True,1,MQ_OBJ
2541,are you going to drink the grape juice?,False,0,NONE
2542,Eve's drinking grape juice?,False,0,NONE
2543,hmm?,False,0,NONE
2544,Eve is drinking grape juice?,False,0,NONE
2545,uhhuh.,False,0,NONE
2546,hey!,False,0,NONE
2547,no.,False,0,NONE
2548,Eve put the top back.,False,0,NONE
2549,"oh, you're lying down.",False,0,NONE
2550,alright.,False,0,NONE
2551,nightnight.,False,0,NONE
2552,nightnight.,False,0,NONE
2553,does Cromer have a sweater on?,False,0,NONE
2554,Cromer's wearing a sweater.,False,0,NONE
2555,no.,False,0,NONE
2556,he doesn't have a sweater.,False,0,NONE
2557,he has a jacket.,False,0,NONE
2558,yes.,False,0,NONE
2559,Mommy's coat is hanging in the closet.,False,0,NONE
2560,and Eve's coat is in the closet too right.,False,0,NONE
2561,and Papa's coat is in the closet too right.,False,0,NONE
2562,"Eve, the lady had gone home.",False,0,NONE
2563,uhhuh.,False,0,NONE
2564,huh?,False,0,NONE
2565,the lady had gone home.,False,0,NONE
2566,the lady had gone home.,False,0,NONE
2567,lady had gone home.,False,0,NONE
2568,uhhuh.,False,0,NONE
2569,the baby's highchair.,False,0,NONE
2570,the baby's highchair.,False,0,NONE
2571,can you say that?,False,0,NONE
2572,you say that.,False,0,NONE
2573,no.,False,0,NONE
2574,"oh, you want to crack the nut.",False,0,NONE
2575,alright.,False,0,NONE
2576,you crack the nut.,False,0,NONE
2577,you crack the nut.,False,0,NONE
2578,Mommy's cracking the nut.,False,0,NONE
2579,and Eve's cracking the nut too.,False,0,NONE
2580,you want to give me the nut?,False,0,NONE
2581,thank you.,False,0,NONE
2582,you want another one?,False,0,NONE
2583,you're welcome.,False,0,NONE
2584,you don't want that one?,False,0,NONE
2585,you dropped the nut.,False,0,NONE
2586,Eve dropped the nut.,False,0,NONE
2587,well not.,False,0,NONE
2588,don't throw it on the floor.,False,0,NONE
2589,Eve!,False,0,NONE
2590,don't throw it on the floor.,False,0,NONE
2591,you get it yes.,False,0,NONE
2592,if you throw it once more I 'm going to take it away.,True,1,EQ_POLAR
2593,and I willn't give it back.,False,0,NONE
2594,now don't throw it on the floor.,False,0,NONE
2595,"thank you, yes.",False,0,NONE
2596,you want another one?,False,0,NONE
2597,"well, what's the difference?",True,1,MQ_OBJ
2598,why?,False,0,NONE
2599,why?,False,0,NONE
2600,why?,False,0,NONE
2601,what?,False,0,NONE
2602,you want swing?,False,0,NONE
2603,we'll swing this afternoon.,False,0,NONE
2604,not yet.,False,0,NONE
2605,you crack the nut right now.,False,0,NONE
2606,later we'll swing.,False,0,NONE
2607,we'll swing later.,False,0,NONE
2608,you're going To climb?,False,0,NONE
2609,you want me to help?,False,0,NONE
2610,give me your finger.,False,0,NONE
2611,you climb.,False,0,NONE
2612,you're a big girl.,False,0,NONE
2613,that's it.,False,0,NONE
2614,that's it.,False,0,NONE
2615,come on.,False,0,NONE
2616,want me to hold the nut?,False,0,NONE
2617,let me hold the nut.,False,0,NONE
2618,want come up and sit by me?,False,0,NONE
2619,alright.,False,0,NONE
2620,that's the stove.,False,0,NONE
2621,the stove.,False,0,NONE
2622,you're welcome.,False,0,NONE
2623,what?,False,0,NONE
2624,you want another nut?,False,0,NONE
2625,"well, they're all the same, Eve.",False,0,NONE
2626,there.,False,0,NONE
2627,they're all the same.,False,0,NONE
2628,they're all the same yes.,False,0,NONE
2629,"well, what is this?",True,1,MQ_OBJ
2630,a game?,False,0,NONE
2631,it is?,False,0,NONE
2632,I'll put it there.,False,0,NONE
2633,I'll put it in the dish.,False,0,NONE
2634,you cann't play in the dish no.,False,0,NONE
2635,you may have only one nut.,False,0,NONE
2636,you may have one nut.,False,0,NONE
2637,it's a nut.,False,0,NONE
2638,you may have one nut.,False,0,NONE
2639,you're welcome.,False,0,NONE
2640,you crack the nut with your tinkertoys.,False,0,NONE
2641,your nut?,False,0,NONE
2642,alright.,False,0,NONE
2643,that one's yours.,False,0,NONE
2644,that's Eve's nut.,False,0,NONE
2645,Eve's nut.,False,0,NONE
2646,ah.,False,0,NONE
2647,that's the stove.,False,0,NONE
2648,you don't touch it.,False,0,NONE
2649,it gets hot.,False,0,NONE
2650,the baby's highchair?,False,0,NONE
2651,Eve's stool.,False,0,NONE
2652,your stool.,False,0,NONE
2653,yep.,False,0,NONE
2654,your grape juice is all gone.,False,0,NONE
2655,Fraser's coffee.,False,0,NONE
2656,Fraser's coffee?,False,0,NONE
2657,Fraser's coffee.,False,0,NONE
2658,yes.,False,0,NONE
2659,Fraser's coffee.,False,0,NONE
2660,and Cromer's coffee.,False,0,NONE
2661,what?,False,0,NONE
2662,"oh, your grape juice is all gone.",False,0,NONE
2663,yes know.,False,0,NONE
2664,that's the coffee pot.,False,0,NONE
2665,would you go see if Fraser's coffee is all gone?,True,1,EQ_POLAR
2666,and Cromer's,False,0,NONE
2667,you go and look.,False,0,NONE
2668,you go and look at Fraser's coffee.,False,0,NONE
2669,and Cromer's coffee.,False,0,NONE
2670,is it all gone?,False,0,NONE
2671,whose coffee's all gone?,True,1,MQ_SUBJ
2672,is Cromer's coffee all gone?,False,0,NONE
2673,is Fraser's coffee all gone?,False,0,NONE
2674,Eve.,False,0,NONE
2675,is Fraser's coffee all gone?,False,0,NONE
2676,it's not.,False,0,NONE
2677,alright.,False,0,NONE
2678,you're going To jump?,False,0,NONE
2679,Eve's going to jump?,False,0,NONE
2680,they're looking.,False,0,NONE
2681,you don't need to worry.,False,0,NONE
2682,we're all looking at you.,False,0,NONE
2683,uhhuh.,False,0,NONE
2684,I can see you.,False,0,NONE
2685,Eve's on the table?,False,0,NONE
2686,alright.,False,0,NONE
2687,be careful of Cromer's coffee.,False,0,NONE
2688,be careful.,False,0,NONE
2689,you'll spill it.,False,0,NONE
2690,mhm.,False,0,NONE
2691,I see you.,False,0,NONE
2692,you dropped the nuts?,False,0,NONE
2693,oh okay.,False,0,NONE
2694,you get the nuts.,False,0,NONE
2695,alright.,False,0,NONE
2696,Eve's on the table?,False,0,NONE
2697,Eve's on the table.,False,0,NONE
2698,can you say that?,False,0,NONE
2699,what are you doing?,True,1,MQ_OBJ
2700,you fell down bump.,False,0,NONE
2701,what are you doing?,True,1,MQ_OBJ
2702,"oh, you're dancing.",False,0,NONE
2703,"oh, that's a nice dance.",False,0,NONE
2704,whose hat is that?,True,1,MQ_OBJ
2705,Eve's hat.,False,0,NONE
2706,yes.,False,0,NONE
2707,where is Eve?,True,1,MQ_ADJUNCT
2708,you look very elegant.,False,0,NONE
2709,you look as it came straight out of Vogue magazine.,False,0,NONE
2710,Eve can get the banjo.,False,0,NONE
2711,is it there?,False,0,NONE
2712,can you get it or shall I get it for you?,False,0,NONE
2713,let's see if we can find the banjo.,True,1,EQ_POLAR
2714,where is it?,True,1,MQ_ADJUNCT
2715,where is the banjo?,True,1,MQ_ADJUNCT
2716,there it is.,False,0,NONE
2717,where is the banjo?,True,1,MQ_ADJUNCT
2718,there it is.,False,0,NONE
2719,where are you?,True,1,MQ_ADJUNCT
2720,what?,False,0,NONE
2721,"oh, you've had a bowel movement.",False,0,NONE
2722,let me see.,False,0,NONE
2723,shall we change your diaper.,False,0,NONE
2724,okay.,False,0,NONE
2725,you lay down and I'll change you.,False,0,NONE
2726,have to go upstairs for just a minute.,False,0,NONE
2727,I'll be right back.,False,0,NONE
2728,"haha, I see you.",False,0,NONE
2729,uhhuh.,False,0,NONE
2730,that's a good girl.,False,0,NONE
2731,that's a good girl.,False,0,NONE
2732,we'll put a dry diaper on Eve's bottom.,False,0,NONE
2733,okay?,False,0,NONE
2734,what?,False,0,NONE
2735,look at Fraser?,False,0,NONE
2736,what's he doing?,True,1,MQ_OBJ
2737,he's in the chair.,False,0,NONE
2738,he's sitting in the chair.,False,0,NONE
2739,Papa?,False,0,NONE
2740,what about Papa?,False,0,NONE
2741,"yes, Papa's at Emerson.",False,0,NONE
2742,he went by bike yes.,False,0,NONE
2743,making pennies.,False,0,NONE
2744,yes.,False,0,NONE
2745,pennies.,False,0,NONE
2746,yes.,False,0,NONE
2747,making pennies.,False,0,NONE
2748,yes.,False,0,NONE
2749,for Eve.,False,0,NONE
2750,yes.,False,0,NONE
2751,"yes, wait a minute.",False,0,NONE
2752,there.,False,0,NONE
2753,hi.,False,0,NONE
2754,hi.,False,0,NONE
2755,hi.,False,0,NONE
2756,hmm?,False,0,NONE
2757,swing?,False,0,NONE
2758,we'll swing this afternoon.,False,0,NONE
2759,let Mommy wipe your grape juice off your face.,False,0,NONE
2760,hold still.,False,0,NONE
2761,face.,False,0,NONE
2762,hold still.,False,0,NONE
2763,"there, that's good.",False,0,NONE
2764,hold still one more minute.,False,0,NONE
2765,did I get it?,False,0,NONE
2766,yes.,False,0,NONE
2767,what?,False,0,NONE
2768,what about Eve's stool?,False,0,NONE
2769,what are you doing?,True,1,MQ_OBJ
2770,stool.,False,0,NONE
2771,alright.,False,0,NONE
2772,you're going To climb?,False,0,NONE
2773,alright.,False,0,NONE
2774,"well, you can climb down.",False,0,NONE
2775,you want me to help?,False,0,NONE
2776,you hold on to my fingers.,False,0,NONE
2777,"well, what do you want me to do?",True,1,MQ_OBJ
2778,"well, I'll help.",False,0,NONE
2779,but how?,False,0,NONE
2780,what do you want me to do?,True,1,MQ_OBJ
2781,take hold of my fingers.,False,0,NONE
2782,"well, what do you want me to do.",True,1,MQ_OBJ
2783,hmm?,False,0,NONE
2784,sleep.,False,0,NONE
2785,are you going to sleep?,False,0,NONE
2786,you are.,False,0,NONE
2787,you don't sleep on the stool.,False,0,NONE
2788,you sleep in bed.,False,0,NONE
2789,watch your head.,False,0,NONE
2790,what?,False,0,NONE
2791,what are you saying?,True,1,MQ_OBJ
2792,sweet?,False,0,NONE
2793,hmm?,False,0,NONE
2794,move the stool?,False,0,NONE
2795,where?,False,0,NONE
2796,over here?,False,0,NONE
2797,hold on.,False,0,NONE
2798,"no, you may not have that.",False,0,NONE
2799,what?,False,0,NONE
2800,it's another nut.,False,0,NONE
2801,it's another kind of nut.,False,0,NONE
2802,mhm.,False,0,NONE
2803,but you don't eat it that way.,False,0,NONE
2804,you have to crack it first.,False,0,NONE
2805,you don't eat it that way.,False,0,NONE
2806,take it out of your mouth.,False,0,NONE
2807,that's it.,False,0,NONE
2808,you have to crack it first.,False,0,NONE
2809,another one?,False,0,NONE
2810,"well, take this one.",False,0,NONE
2811,they're all the same.,False,0,NONE
2812,now don't put it in your mouth.,False,0,NONE
2813,I'll take it away.,False,0,NONE
2814,you don't put nuts in your mouth.,False,0,NONE
2815,"no, because you put them in your mouth.",False,0,NONE
2816,nope.,False,0,NONE
2817,are you going To put it in your mouth?,False,0,NONE
2818,then I willn't give it to you.,False,0,NONE
2819,they don't belong in your mouth.,False,0,NONE
2820,will you put it in your mouth?,False,0,NONE
2821,then I willn't give it to you.,False,0,NONE
2822,no.,False,0,NONE
2823,what?,False,0,NONE
2824,"no, because you put them in your mouth.",False,0,NONE
2825,what.,False,0,NONE
2826,Mommy.,False,0,NONE
2827,here?,False,0,NONE
2828,here what?,False,0,NONE
2829,okay.,False,0,NONE
2830,you may play with them.,False,0,NONE
2831,here.,False,0,NONE
2832,why don't you play with them on the table.,True,1,MQ_ADJUNCT
2833,you go in on the table.,False,0,NONE
2834,and here's the other one.,False,0,NONE
2835,here.,False,0,NONE
2836,here's the other one.,False,0,NONE
2837,now don't take the paper off them.,False,0,NONE
2838,you may play with them.,False,0,NONE
2839,but don't.,False,0,NONE
2840,alright?,False,0,NONE
2841,"oh, you have a lot of bouillon cubes.",False,0,NONE
2842,can you count them?,False,0,NONE
2843,can you say,False,0,NONE
2844,two seven.,False,0,NONE
2845,"you say that, Eve.",False,0,NONE
2846,two seven.,False,0,NONE
2847,eight two.,False,0,NONE
2848,Eve.,False,0,NONE
2849,you say what I say.,True,1,EQ_OBJ
2850,I'll say it.,False,0,NONE
2851,then you say it.,False,0,NONE
2852,say three five two.,False,0,NONE
2853,you say that.,False,0,NONE
2854,seven four one.,False,0,NONE
2855,three eight six five.,False,0,NONE
2856,you say that.,False,0,NONE
2857,three eight six five.,False,0,NONE
2858,you say it.,False,0,NONE
2859,why not?,False,0,NONE
2860,why?,False,0,NONE
2861,"why willn't you say it, Eve?",True,1,MQ_ADJUNCT
2862,because you're too busy emptying bouillon cubes from one can into,False,0,NONE
2863,"yeah, that's a very nice can.",False,0,NONE
2864,it's a nice red one.,False,0,NONE
2865,"where's the big one, Eve?",True,1,MQ_ADJUNCT
2866,give me the big one?,False,0,NONE
2867,the big one?,False,0,NONE
2868,thank you.,False,0,NONE
2869,what about Mommy's shoe?,False,0,NONE
2870,"oh, you're going to fix my shoe.",False,0,NONE
2871,alright.,False,0,NONE
2872,"Eve, fix my shoe.",False,0,NONE
2873,wait a minute.,False,0,NONE
2874,"well, you have my shoe off.",False,0,NONE
2875,why did you take it off?,True,1,MQ_ADJUNCT
2876,Eve's wearing the shoe?,False,0,NONE
2877,Eve's wearing the shoe?,False,0,NONE
2878,what about the other one?,False,0,NONE
2879,what about the other one?,False,0,NONE
2880,you need two shoes.,False,0,NONE
2881,she's putting my shoe on?,False,0,NONE
2882,"yeah, there.",False,0,NONE
2883,thank you.,False,0,NONE
2884,what are you doing?,True,1,MQ_OBJ
2885,what?,False,0,NONE
2886,"oh, what a noise.",False,0,NONE
2887,what a noise.,False,0,NONE
2888,"what are you doing, Eve?",True,1,MQ_OBJ
2889,"oh, you'll break the can.",False,0,NONE
2890,where's the big one?,True,1,MQ_ADJUNCT
2891,where is the big tinkertoy?,True,1,MQ_ADJUNCT
2892,where's the little tinkertoy?,True,1,MQ_ADJUNCT
2893,are you putting them on your head?,False,0,NONE
2894,hmm?,False,0,NONE
2895,no?,False,0,NONE
2896,more?,False,0,NONE
2897,didn't think so.,False,0,NONE
2898,you must put the blocks in the box first before you can play with,False,0,NONE
2899,put the blocks away first.,False,0,NONE
2900,what's this?,True,1,MQ_OBJ
2901,you sit by me.,False,0,NONE
2902,eh?,False,0,NONE
2903,there.,False,0,NONE
2904,okay.,False,0,NONE
2905,I'll do that.,False,0,NONE
2906,that's Lassie.,False,0,NONE
2907,mhm.,False,0,NONE
2908,that's Lassie.,False,0,NONE
2909,what are you going to do now?,True,1,MQ_OBJ
2910,"no, he doesn't want to read Lassie again.",False,0,NONE
2911,he doesn't want to read Lassie.,False,0,NONE
2912,it's on the floor.,False,0,NONE
2913,that's right.,False,0,NONE
2914,get the red bicycle?,False,0,NONE
2915,where is it?,False,0,NONE
2916,where are they?,True,1,MQ_ADJUNCT
2917,"say music, Eve.",False,0,NONE
2918,music.,False,0,NONE
2919,"say music, Eve.",False,0,NONE
2920,music.,False,0,NONE
2921,did you find the bicycle?,False,0,NONE
2922,did you find the little red bicycle?,False,0,NONE
2923,"where's the little red bicycle, Eve?",True,1,MQ_ADJUNCT
2924,where is it?,True,1,MQ_ADJUNCT
2925,ah yes.,False,0,NONE
2926,what?,False,0,NONE
2927,I 'm making tapioca for your lunch.,False,0,NONE
2928,"for your lunch, yes.",False,0,NONE
2929,Fraser.,False,0,NONE
2930,uhhuh.,False,0,NONE
2931,no.,False,0,NONE
2932,when's Cromer coming?,True,1,MQ_ADJUNCT
2933,on Wednesday.,False,0,NONE
2934,that's right.,False,0,NONE
2935,you're jumping in Mommy's kitchen?,False,0,NONE
2936,why don't you jump in the livingroom?,True,1,MQ_ADJUNCT
2937,go and jump in the livingroom.,False,0,NONE
2938,"yes, you jump in the livingroom.",False,0,NONE
2939,what are you doing?,True,1,MQ_OBJ
2940,"no, I 'm almost finished.",False,0,NONE
2941,I 'm almost finished.,False,0,NONE
2942,you stay in the livingroom.,False,0,NONE
2943,but I 'm almost finished.,False,0,NONE
2944,do you want to help me turn?,False,0,NONE
2945,yes.,False,0,NONE
2946,what is that?,True,1,MQ_OBJ
2947,it's hot.,False,0,NONE
2948,but what is it?,True,1,MQ_OBJ
2949,yes.,False,0,NONE
2950,it's hot tapioca.,False,0,NONE
2951,it's hot water.,False,0,NONE
2952,uhhuh.,False,0,NONE
2953,mhm.,False,0,NONE
2954,and cool yes.,False,0,NONE
2955,"by the time you have lunch, it'll be cool.",False,0,NONE
2956,what is that?,True,1,MQ_OBJ
2957,vanilla.,False,0,NONE
2958,vanilla.,False,0,NONE
2959,vanilla.,False,0,NONE
2960,you can play with the bouillon cubes if you put the blocks back in.,True,1,EQ_POLAR
2961,c'm on.,False,0,NONE
2962,I'll help.,False,0,NONE
2963,"yes, I'll help.",False,0,NONE
2964,you help me put them in the box.,False,0,NONE
2965,you help me put them in the box.,False,0,NONE
2966,you can help me put them in the box.,False,0,NONE
2967,then you'll get the bouillon.,False,0,NONE
2968,that's right.,False,0,NONE
2969,why were you crying?,True,1,MQ_ADJUNCT
2970,hmm?,False,0,NONE
2971,"yes, you help me put the blocks away.",False,0,NONE
2972,what is that tinkertoy doing in there?,True,1,MQ_OBJ
2973,it doesn't belong in there.,False,0,NONE
2974,more.,False,0,NONE
2975,alright.,False,0,NONE
2976,"no, it doesn't belong in that box.",False,0,NONE
2977,it belongs in the tinkertoy box.,False,0,NONE
2978,there.,False,0,NONE
2979,there's one by the rockingchair.,False,0,NONE
2980,by the rockingchair there's one.,False,0,NONE
2981,the rockingchair.,False,0,NONE
2982,that's right.,False,0,NONE
2983,now are there any more?,False,0,NONE
2984,where?,False,0,NONE
2985,where?,False,0,NONE
2986,there's one under the table.,False,0,NONE
2987,under the table.,False,0,NONE
2988,there's one under the other chair.,False,0,NONE
2989,under the other chair by the window.,False,0,NONE
2990,over by the couch.,False,0,NONE
2991,by the couch under the chair.,False,0,NONE
2992,see it?,False,0,NONE
2993,over by the couch.,False,0,NONE
2994,the chair.,False,0,NONE
2995,the chair by the couch.,False,0,NONE
2996,under.,False,0,NONE
2997,under the chair by the couch.,False,0,NONE
2998,you see it?,False,0,NONE
2999,okay.,False,0,NONE
3000,now what?,False,0,NONE
3001,alright.,False,0,NONE
3002,now we'll play with the bouillon cubes.,False,0,NONE
3003,thank you.,False,0,NONE
3004,yes.,False,0,NONE
3005,there.,False,0,NONE
3006,ask Fraser if he'll open it for you.,True,1,EQ_POLAR
3007,what do you want me to do?,True,1,MQ_OBJ
3008,what do I have to do?,True,1,MQ_OBJ
3009,what do I have to do?,True,1,MQ_OBJ
3010,okay.,False,0,NONE
3011,I didn't think you'd miss it.,False,0,NONE
3012,this one's empty.,False,0,NONE
3013,that one's empty.,False,0,NONE
3014,"it's empty, yes.",False,0,NONE
3015,yes.,False,0,NONE
3016,what?,False,0,NONE
3017,where do you find the top?,True,1,MQ_ADJUNCT
3018,where is it?,True,1,MQ_ADJUNCT
3019,hmm?,False,0,NONE
3020,hmm?,False,0,NONE
3021,I don't know.,False,0,NONE
3022,find it.,False,0,NONE
3023,where is it?,True,1,MQ_ADJUNCT
3024,Fraser's coat?,False,0,NONE
3025,is it by Fraser's coat?,False,0,NONE
3026,is it?,False,0,NONE
3027,"well, you go and find it.",False,0,NONE
3028,is it there?,False,0,NONE
3029,you get it then.,False,0,NONE
3030,it's lost.,False,0,NONE
3031,too bad.,False,0,NONE
3032,too bad.,False,0,NONE
3033,what top is it *NULL* you're looking for?,True,2,MQ_OBJ;RC_OBJ
3034,the top for what?,False,0,NONE
3035,what top?,False,0,NONE
3036,where is it?,True,1,MQ_ADJUNCT
3037,it's right there on the floor.,False,0,NONE
3038,you see it?,False,0,NONE
3039,that one has a top.,False,0,NONE
3040,here's the other top.,False,0,NONE
3041,right there.,False,0,NONE
3042,that's the other one.,False,0,NONE
3043,yes.,False,0,NONE
3044,I 'm making orange peel.,False,0,NONE
3045,peel.,False,0,NONE
3046,hi.,False,0,NONE
3047,are those your bouillon cubes?,False,0,NONE
3048,what?,False,0,NONE
3049,what?,False,0,NONE
3050,you want to sit on my lap?,False,0,NONE
3051,oh but I 'm very busy.,False,0,NONE
3052,you can sit on my lap later.,False,0,NONE
3053,you can sit out here by me on the other stool.,False,0,NONE
3054,"yes, on the stool.",False,0,NONE
3055,"but you'd better get the big stool, Eve.",False,0,NONE
3056,not the little stool.,False,0,NONE
3057,the big one.,False,0,NONE
3058,the big one.,False,0,NONE
3059,the big one like *NULL* I 'm sitting on.,True,1,RC_OBJ
3060,the big stool.,False,0,NONE
3061,"yes, you get the other big stool.",False,0,NONE
3062,it's not in Papa's study.,False,0,NONE
3063,it's not in Papa's study.,False,0,NONE
3064,it's under the taperecorder.,False,0,NONE
3065,I 'm sorry.,False,0,NONE
3066,it's not.,False,0,NONE
3067,it's beside the tape recorder.,False,0,NONE
3068,beside the taperecorder.,False,0,NONE
3069,that one.,False,0,NONE
3070,"no, the big stool.",False,0,NONE
3071,like this one.,False,0,NONE
3072,the big stool like *NULL* I 'm sitting on.,True,1,RC_OBJ
3073,right by the taperecorder.,False,0,NONE
3074,the big stool.,False,0,NONE
3075,right.,False,0,NONE
3076,that one.,False,0,NONE
3077,I know it's your banjo.,False,0,NONE
3078,there.,False,0,NONE
3079,are you going To sit down on the stool?,False,0,NONE
3080,"well, this is my stool.",False,0,NONE
3081,you sit on the other side.,False,0,NONE
3082,"this is Mommy's stool, right.",False,0,NONE
3083,hmm?,False,0,NONE
3084,you came back?,False,0,NONE
3085,that's right.,False,0,NONE
3086,you're going To have some for lunch.,False,0,NONE
3087,it's an orange peel.,False,0,NONE
3088,Mommy's going To make a goodie.,False,0,NONE
3089,make a goodie.,False,0,NONE
3090,that's more orange peel.,False,0,NONE
3091,"goodie, uhhuh.",False,0,NONE
3092,you sit on your bottom?,False,0,NONE
3093,alright.,False,0,NONE
3094,Mommy's sitting on her bottom.,False,0,NONE
3095,right.,False,0,NONE
3096,the cooker.,False,0,NONE
3097,that's the stove but you don't touch the stove.,False,0,NONE
3098,that's part of the stove.,False,0,NONE
3099,more.,False,0,NONE
3100,that's another part of the stove.,False,0,NONE
3101,what's that?,True,1,MQ_OBJ
3102,it is hot.,False,0,NONE
3103,what's that?,True,1,MQ_OBJ
3104,mhm.,False,0,NONE
3105,what's that?,True,1,MQ_OBJ
3106,what?,False,0,NONE
3107,captain Bob?,False,0,NONE
3108,no.,False,0,NONE
3109,will you please sit on your stool.,False,0,NONE
3110,you're in my way.,False,0,NONE
3111,"please, sit on your stool.",False,0,NONE
3112,you're in my way.,False,0,NONE
3113,"yes, put your foot on your own stool.",False,0,NONE
3114,on your own stool.,False,0,NONE
3115,that's right.,False,0,NONE
3116,this is my stool and that belongs to you.,False,0,NONE
3117,help?,False,0,NONE
3118,what do you want?,True,1,MQ_OBJ
3119,help you with your water?,False,0,NONE
3120,you can get down by yourself.,False,0,NONE
3121,big girl.,False,0,NONE
3122,"yes, you did.",False,0,NONE
3123,all by yourself.,False,0,NONE
3124,again?,False,0,NONE
3125,alright.,False,0,NONE
3126,by yourself.,False,0,NONE
3127,uhhuh.,False,0,NONE
3128,what?,False,0,NONE
3129,I 'm not sitting on your stool.,False,0,NONE
3130,I 'm not on your stool.,False,0,NONE
3131,"oh, my foot?",False,0,NONE
3132,you want me to move my foot?,False,0,NONE
3133,what are you doing?,True,1,MQ_OBJ
3134,not what?,False,0,NONE
3135,"oh, your hand's in your pocket.",False,0,NONE
3136,that's your puzzle.,False,0,NONE
3137,want me to find the rest of it.,False,0,NONE
3138,alright.,False,0,NONE
3139,is it in the toy box?,False,0,NONE
3140,"well, we'll see if it's in the toy box.",True,1,EQ_POLAR
3141,there's another one.,False,0,NONE
3142,"no, that's not Becky's puzzle.",False,0,NONE
3143,that's Eve's puzzle.,False,0,NONE
3144,that's right.,False,0,NONE
3145,Becky's puzzle's at home.,False,0,NONE
3146,you fixed your puzzle?,False,0,NONE
3147,why don't you try again?,True,1,MQ_ADJUNCT
3148,you put them in the holes.,False,0,NONE
3149,put the pieces in the holes.,False,0,NONE
3150,you're a horsie?,False,0,NONE
3151,what's your name when you're a horsie?,True,2,EQ_ADJUNCT;MQ_OBJ
3152,you're Clip_clop when you're a horsie.,True,1,EQ_ADJUNCT
3153,that's right.,False,0,NONE
3154,you be a horsie and run fast.,False,0,NONE
3155,"yes, you are a horsie.",False,0,NONE
3156,you're Clip_clop.,False,0,NONE
3157,right.,False,0,NONE
3158,you were running fast.,False,0,NONE
3159,"oh, I 'm not sure.",False,0,NONE
3160,let me see.,False,0,NONE
3161,"there's a man on it, yes.",False,0,NONE
3162,this is a coin.,False,0,NONE
3163,a coin.,False,0,NONE
3164,a baseball coin.,False,0,NONE
3165,"picture of a man, mhm.",False,0,NONE
3166,why don't you put the man in your pocket?,True,1,MQ_ADJUNCT
3167,put the man in your pocket.,False,0,NONE
3168,"yeah, put him in your pocket.",False,0,NONE
3169,here comes the man?,False,0,NONE
3170,coming out of your pocket?,False,0,NONE
3171,baseball.,False,0,NONE
3172,baseball coin.,False,0,NONE
3173,what?,False,0,NONE
3174,"well, you ask Fraser if he'd like some more coffee.",True,1,EQ_POLAR
3175,is there more coffee?,False,0,NONE
3176,would he like sugar in his coffee?,False,0,NONE
3177,"yes, I'll give him more coffee.",False,0,NONE
3178,you get your sugar bowl.,False,0,NONE
3179,your sugar bowl.,False,0,NONE
3180,that's his napkin.,False,0,NONE
3181,right.,False,0,NONE
3182,hi.,False,0,NONE
3183,Eve.,False,0,NONE
3184,is this my pencil?,False,0,NONE
3185,where is your pencil?,True,1,MQ_ADJUNCT
3186,"Eve, would you bring me Fraser's cup?",False,0,NONE
3187,you bring me Fraser's cup and we'll give him some more coffee.,False,0,NONE
3188,right.,False,0,NONE
3189,right.,False,0,NONE
3190,thank you.,False,0,NONE
3191,he'll put sugar in his coffee.,False,0,NONE
3192,uhhuh.,False,0,NONE
3193,you can have tapioca at lunch time.,False,0,NONE
3194,it's not ready yet.,False,0,NONE
3195,it's not ready yet.,False,0,NONE
3196,that was jump in Mommy's kitchen!,False,0,NONE
3197,mhm.,False,0,NONE
3198,very very good.,False,0,NONE
3199,seven eight nine ten.,False,0,NONE
3200,you say this.,False,0,NONE
3201,three nine six.,False,0,NONE
3202,you say that.,False,0,NONE
3203,three nine six.,False,0,NONE
3204,"yeah, you want tapioca, don't you.",False,0,NONE
3205,are you ready for your lunch?,False,0,NONE
3206,alright.,False,0,NONE
3207,move your highchair.,False,0,NONE
3208,move the highchair.,False,0,NONE
3209,what?,False,0,NONE
3210,cheese?,False,0,NONE
3211,would you like some cheese?,False,0,NONE
3212,you will have tapioca in just a second.,False,0,NONE
3213,what?,False,0,NONE
3214,it's cheese.,False,0,NONE
3215,"oh, I 'm sorry there's a piece of paper on it.",False,0,NONE
3216,a piece of paper.,False,0,NONE
3217,"it probably didn't taste very good, did it?",False,0,NONE
3218,there was paper on your cheese.,False,0,NONE
3219,"there, it's alright now.",False,0,NONE
3220,"what, sweetie?",False,0,NONE
3221,"paper on the cheese, yes.",False,0,NONE
3222,is that my lunch?,False,0,NONE
3223,is it?,False,0,NONE
3224,is it my lunch?,False,0,NONE
3225,"yes, your lunch.",False,0,NONE
3226,more what?,False,0,NONE
3227,alright.,False,0,NONE
3228,I'll give you more tapioca.,False,0,NONE
3229,I'll be right back.,False,0,NONE
3230,is that nice tapioca?,False,0,NONE
3231,"yeah, Mommy did come back.",False,0,NONE
3232,right.,False,0,NONE
3233,"excuse me, Eve.",False,0,NONE
3234,more?,False,0,NONE
3235,hi.,False,0,NONE
3236,what is that?,True,1,MQ_OBJ
3237,Mommy's what?,False,0,NONE
3238,what is it?,True,1,MQ_OBJ
3239,I 'm going To give that to Fraser.,False,0,NONE
3240,it's Fraser's napkin.,False,0,NONE
3241,"oh, thank you very much.",False,0,NONE
3242,thank you.,False,0,NONE
3243,hi.,False,0,NONE
3244,did you tell him hi?,False,0,NONE
3245,you ran in Papa's study?,False,0,NONE
3246,"well, you run right back out again.",False,0,NONE
3247,hi.,False,0,NONE
3248,hi.,False,0,NONE
3249,hi.,False,0,NONE
3250,hi.,False,0,NONE
3251,did you tell Cromer hi too?,False,0,NONE
3252,hi.,False,0,NONE
3253,were you glad to see them?,False,0,NONE
3254,I don't need a napkin.,False,0,NONE
3255,what do you mean?,True,1,MQ_OBJ
3256,hmm?,False,0,NONE
3257,"there aren't any graham crackers, sweetie.",False,0,NONE
3258,do you want one of these?,False,0,NONE
3259,there.,False,0,NONE
3260,it's a Christmas tree.,False,0,NONE
3261,that's Christmas tree cookie.,False,0,NONE
3262,those are nuts.,False,0,NONE
3263,you cann't have those.,False,0,NONE
3264,"Christmas tree cookies, uhhuh.",False,0,NONE
3265,"no, don't you stand up on Mommy's stool.",False,0,NONE
3266,I want to sit there,False,0,NONE
3267,"would you move, hmm?",False,0,NONE
3268,"yes, you climb down.",False,0,NONE
3269,thank you.,False,0,NONE
3270,are you going to sit out here?,False,0,NONE
3271,I 'm not in your way either.,False,0,NONE
3272,icing.,False,0,NONE
3273,icing for the cookies.,False,0,NONE
3274,uhhuh.,False,0,NONE
3275,what is it?,True,1,MQ_OBJ
3276,you forgot it.,False,0,NONE
3277,it's on the table.,False,0,NONE
3278,you forgot your Christmas tree cookie too.,False,0,NONE
3279,"well, why don't you go in and get them.",True,1,MQ_ADJUNCT
3280,go in and get them.,False,0,NONE
3281,go in and get them.,False,0,NONE
3282,"yes, the Christmas tree cookie.",False,0,NONE
3283,shall I put it there?,False,0,NONE
3284,"mhm, you may have a Christmas tree when you finish your grape.",True,1,EQ_ADJUNCT
3285,I see it.,False,0,NONE
3286,"bring it here, please.",False,0,NONE
3287,I know it's yours.,False,0,NONE
3288,would you bring it here and I'll put it in the sink so can wash it.,False,0,NONE
3289,"sure, it's empty.",False,0,NONE
3290,uhhuh.,False,0,NONE
3291,"wait a minute, Eve.",False,0,NONE
3292,hi.,False,0,NONE
3293,"wait, Cromer?",False,0,NONE
3294,"no, you're behind Cromer.",False,0,NONE
3295,"not under, behind.",False,0,NONE
3296,peekaboo.,False,0,NONE
3297,where did Eve go?,True,1,MQ_ADJUNCT
3298,"well, where's Eve?",True,1,MQ_ADJUNCT
3299,boomo.,False,0,NONE
3300,hi.,False,0,NONE
3301,"I 'm making cookies, Eve.",False,0,NONE
3302,uhhuh.,False,0,NONE
3303,have what?,False,0,NONE
3304,have what?,False,0,NONE
3305,have a what?,False,0,NONE
3306,what is that?,True,1,MQ_OBJ
3307,what is it?,True,1,MQ_OBJ
3308,right.,False,0,NONE
3309,more?,False,0,NONE
3310,you eat that one first.,False,0,NONE
3311,icing.,False,0,NONE
3312,"no, it's not for *NULL* you to play with.",True,1,EQ_OBJ
3313,"no, sorry.",False,0,NONE
3314,but it doesn't belong in the stove.,False,0,NONE
3315,you take it out of the stove.,False,0,NONE
3316,now don't put it in there again.,False,0,NONE
3317,"Eve, you can not have it.",False,0,NONE
3318,"no, you put it in the stove.",False,0,NONE
3319,you cann't have it again.,False,0,NONE
3320,you cann't have it again.,False,0,NONE
3321,no.,False,0,NONE
3322,"no, sorry.",False,0,NONE
3323,you cann't have it anymore.,False,0,NONE
3324,nope.,False,0,NONE
3325,I 'm sorry.,False,0,NONE
3326,what?,False,0,NONE
3327,what?,False,0,NONE
3328,what?,False,0,NONE
3329,I 'm decorating the cookies.,False,0,NONE
3330,I 'm putting icing on them.,False,0,NONE
3331,"mhm, you get down.",False,0,NONE
3332,"down the stool, right.",False,0,NONE
3333,"oh, this is new one.",False,0,NONE
3334,what is this?,False,0,NONE
3335,ham?,False,0,NONE
3336,Humm?,False,0,NONE
3337,is that a singing hamster?,False,0,NONE
3338,"oh, what are those?",True,1,MQ_OBJ
3339,like these?,False,0,NONE
3340,like these in the bowl?,False,0,NONE
3341,what's that?,True,1,MQ_OBJ
3342,what?,False,0,NONE
3343,kitty?,False,0,NONE
3344,and who's that?,True,1,MQ_OBJ
3345,Humm the hamster.,False,0,NONE
3346,and what's he doing?,False,0,NONE
3347,"yes, he's playing in the sandbox.",False,0,NONE
3348,right.,False,0,NONE
3349,"oh, look.",False,0,NONE
3350,here he is again.,False,0,NONE
3351,what is that?,True,1,MQ_OBJ
3352,and what's that *NULL* he's eating?,True,2,EQ_OBJ;RC_OBJ
3353,"banana, yes.",False,0,NONE
3354,parsley.,False,0,NONE
3355,right.,False,0,NONE
3356,peanut butter.,False,0,NONE
3357,find him?,False,0,NONE
3358,where do they look for him here?,True,1,MQ_ADJUNCT
3359,where do they look in here?,True,1,MQ_ADJUNCT
3360,"yes, in the sandbox.",False,0,NONE
3361,and they're looking behind what?,False,0,NONE
3362,goldfish.,False,0,NONE
3363,and on top of what?,False,0,NONE
3364,and they're looking under.,False,0,NONE
3365,what is this?,True,1,MQ_OBJ
3366,"yes, they're looking under what?",False,0,NONE
3367,Brown's desk.,False,0,NONE
3368,"they've got a table, yes.",False,0,NONE
3369,they're eating lunch.,False,0,NONE
3370,but he's hiding.,False,0,NONE
3371,do you know where he's hiding?,True,1,EQ_ADJUNCT
3372,do you know where?,False,0,NONE
3373,what is this?,True,1,MQ_OBJ
3374,a goldfish.,False,0,NONE
3375,blocks.,False,0,NONE
3376,here's stairs.,False,0,NONE
3377,they're running down the stairs.,False,0,NONE
3378,yes.,False,0,NONE
3379,and who is that?,True,1,EQ_OBJ
3380,Humm the hamster.,False,0,NONE
3381,what is that?,True,1,MQ_OBJ
3382,Humm burger.,False,0,NONE
3383,what is that?,True,1,MQ_OBJ
3384,hamburger.,False,0,NONE
3385,he's eating what?,False,0,NONE
3386,he's eating banana.,False,0,NONE
3387,and he's eating what there?,False,0,NONE
3388,and he's eating what there?,False,0,NONE
3389,"yes, bacon.",False,0,NONE
3390,what's he hiding behind?,True,1,MQ_OBJ
3391,goldfish.,False,0,NONE
3392,"oh, that's a nice story.",False,0,NONE
3393,can you sing like Humm the hamster?,False,0,NONE
3394,no?,False,0,NONE
3395,can you hum like Humm the hamster?,False,0,NONE
3396,can you go mmo?,False,0,NONE
3397,can you go mm?,False,0,NONE
3398,bet you can sing as good as Humm the hamster.,False,0,NONE
3399,yes.,False,0,NONE
3400,yes.,False,0,NONE
3401,Humm.,False,0,NONE
3402,Humm.,False,0,NONE
3403,did you learn that from Humm the hamster?,False,0,NONE
3404,can you sing Old Macdonald?,False,0,NONE
3405,yes.,False,0,NONE
3406,I'll bet you can.,False,0,NONE
3407,"oh, that's the sheep.",False,0,NONE
3408,what dropped?,True,1,MQ_SUBJ
3409,you dropped what?,False,0,NONE
3410,is this Frosty the snowman?,False,0,NONE
3411,what's he holding?,True,1,MQ_OBJ
3412,and they started to roll what?,False,0,NONE
3413,snowballs.,False,0,NONE
3414,"oh, what did they use for the eyes?",True,1,MQ_OBJ
3415,pipe yes.,False,0,NONE
3416,and then they brought these red boots.,False,0,NONE
3417,that's a scarf.,False,0,NONE
3418,what are those?,True,1,MQ_OBJ
3419,"yes, mittens.",False,0,NONE
3420,"oh, look what they found *NULL* for him to wear.",True,1,EQ_ADJUNCT
3421,yes.,False,0,NONE
3422,what are they building here?,True,1,MQ_OBJ
3423,"oh, what are they doing here?",True,1,MQ_OBJ
3424,skating?,False,0,NONE
3425,uhhuh.,False,0,NONE
3426,they all went iceskating.,False,0,NONE
3427,where are they going in this picture?,True,1,MQ_ADJUNCT
3428,going where?,False,0,NONE
3429,they're going shopping.,False,0,NONE
3430,they're going down the street to where the shops were.,True,1,EQ_ADJUNCT
3431,"oh, look.",False,0,NONE
3432,what are these?,True,1,MQ_OBJ
3433,they're what?,False,0,NONE
3434,who is that?,True,1,MQ_OBJ
3435,yes.,False,0,NONE
3436,"oh, what happened to.",False,0,NONE
3437,"yes, the hat came off.",False,0,NONE
3438,where did Frosty the snowman go?,True,1,MQ_ADJUNCT
3439,"no, that's not Frosty the snowman.",False,0,NONE
3440,who is that?,True,1,MQ_OBJ
3441,who?,False,0,NONE
3442,"yes, he's the policeman.",False,0,NONE
3443,"and he will, yes.",False,0,NONE
3444,and who is that?,True,1,EQ_OBJ
3445,yes.,False,0,NONE
3446,what is that?,True,1,MQ_OBJ
3447,what?,False,0,NONE
3448,what's that?,True,1,MQ_OBJ
3449,a mooo mooo?,False,0,NONE
3450,"yes, a cow.",False,0,NONE
3451,and that?,False,0,NONE
3452,that's a duck.,False,0,NONE
3453,and what's he saying?,True,1,EQ_OBJ
3454,quacko.,False,0,NONE
3455,and on this farm he had some.,False,0,NONE
3456,chicks.,False,0,NONE
3457,and on this farm he had some.,False,0,NONE
3458,and on this farm he had some.,False,0,NONE
3459,he had some cows.,False,0,NONE
3460,donkeys.,False,0,NONE
3461,donkey.,False,0,NONE
3462,and what do they say?,True,1,EQ_OBJ
3463,they say.,False,0,NONE
3464,what happened to these pages?,True,1,MQ_SUBJ
3465,hmm?,False,0,NONE
3466,where are they?,True,1,MQ_ADJUNCT
3467,are they done?,False,0,NONE
3468,where did it go?,True,1,MQ_ADJUNCT
3469,looks like somebody tore it.,False,0,NONE
3470,what are these?,True,1,MQ_OBJ
3471,what are these on the tree?,True,1,MQ_OBJ
3472,apples yes.,False,0,NONE
3473,apple trees.,False,0,NONE
3474,what's old Macdonald going there?,True,1,MQ_OBJ
3475,he's doing what?,False,0,NONE
3476,what's that?,True,1,MQ_OBJ
3477,kitty uhhuh.,False,0,NONE
3478,and what's that?,True,1,EQ_OBJ
3479,elephant.,False,0,NONE
3480,and this?,False,0,NONE
3481,that's a bunny.,False,0,NONE
3482,that's a bunny rabbit.,False,0,NONE
3483,and what's that?,True,1,EQ_OBJ
3484,"yes, a bear.",False,0,NONE
3485,and what's that?,True,1,EQ_OBJ
3486,it looks like a baby duck.,False,0,NONE
3487,that's a duck.,False,0,NONE
3488,yeah.,False,0,NONE
3489,and what's that?,True,1,EQ_OBJ
3490,a doggie?,False,0,NONE
3491,that's a doggie too.,False,0,NONE
3492,what what's that?,True,1,MQ_OBJ
3493,it's a rooster.,False,0,NONE
3494,what did the rooster say?,True,1,MQ_OBJ
3495,no.,False,0,NONE
3496,cows go mooo mooo.,False,0,NONE
3497,roosters go cockadoodledooo.,False,0,NONE
3498,"oh, thank you.",False,0,NONE
3499,that's nice.,False,0,NONE
3500,what on those?,False,0,NONE
3501,whoopsadaisy.,False,0,NONE
3502,what are those?,True,1,MQ_OBJ
3503,this sways backward and forward.,False,0,NONE
3504,it sways.,False,0,NONE
3505,it sways.,False,0,NONE
3506,thank you.,False,0,NONE
3507,thank you.,False,0,NONE
3508,what is this?,True,1,MQ_OBJ
3509,hi.,False,0,NONE
3510,I can see you.,False,0,NONE
3511,I can see Eve.,False,0,NONE
3512,I can see you.,False,0,NONE
3513,can you see me?,False,0,NONE
3514,who do you see?,True,1,MQ_OBJ
3515,that's right.,False,0,NONE
3516,and who does Fraser see?,True,1,EQ_OBJ
3517,see Eve.,False,0,NONE
3518,who do you see?,True,1,MQ_OBJ
3519,"hey, what are you doing?",True,1,MQ_OBJ
3520,what is that?,True,1,MQ_OBJ
3521,hmm?,False,0,NONE
3522,you put it back.,False,0,NONE
3523,it's the dustpan.,False,0,NONE
3524,"you put it back in the cupboard, please and shut the door.",False,0,NONE
3525,Eve?,False,0,NONE
3526,what are you doing?,True,1,MQ_OBJ
3527,on your shoe?,False,0,NONE
3528,"would you put it back, please.",False,0,NONE
3529,please?,False,0,NONE
3530,I'll shut the door.,False,0,NONE
3531,I'll put it back and shut the door.,False,0,NONE
3532,"yes, I will.",False,0,NONE
3533,we already dusted this morning.,False,0,NONE
3534,put it away.,False,0,NONE
3535,that's a pad of paper.,False,0,NONE
3536,it belongs to Cromer.,False,0,NONE
3537,you give it back.,False,0,NONE
3538,it's Cromer's paper.,False,0,NONE
3539,a another one.,False,0,NONE
3540,two what?,False,0,NONE
3541,they're in cube trays.,False,0,NONE
3542,ice cube trays uhhuh.,False,0,NONE
3543,you're going to sit on your bottom?,False,0,NONE
3544,do what?,False,0,NONE
3545,with the bouillon cubes?,False,0,NONE
3546,"no, you cann't play with the bouillon cubes.",False,0,NONE
3547,later.,False,0,NONE
3548,later yes.,False,0,NONE
3549,Eve.,False,0,NONE
3550,be careful.,False,0,NONE
3551,"yes, it's running fast.",False,0,NONE
3552,you're going to jump.,False,0,NONE
3553,okay.,False,0,NONE
3554,let's see you.,False,0,NONE
3555,jump.,False,0,NONE
3556,yes.,False,0,NONE
3557,let's see you jump.,False,0,NONE
3558,come on.,False,0,NONE
3559,big jump.,False,0,NONE
3560,big jump.,False,0,NONE
3561,Fraser do it to Eve?,False,0,NONE
3562,what do you mean?,True,1,MQ_OBJ
3563,"well, we're all watching.",False,0,NONE
3564,come on.,False,0,NONE
3565,we're all watching.,False,0,NONE
3566,you can jump now.,False,0,NONE
3567,jump.,False,0,NONE
3568,"oh, they don't want to jump.",False,0,NONE
3569,we could make too much of a noise if we jumped.,True,1,EQ_POLAR
3570,if we jumped we'd go boomo!,True,1,EQ_POLAR
3571,"yes, jump.",False,0,NONE
3572,you jump.,False,0,NONE
3573,you jump.,False,0,NONE
3574,that's it.,False,0,NONE
3575,come on.,False,0,NONE
3576,oh.,False,0,NONE
3577,that's not a jump.,False,0,NONE
3578,"no, indeed.",False,0,NONE
3579,"well, I think you would do it again.",False,0,NONE
3580,you jump this time.,False,0,NONE
3581,this time yes.,False,0,NONE
3582,come on.,False,0,NONE
3583,jump.,False,0,NONE
3584,"oh, Eve.",False,0,NONE
3585,that's not very good at all.,False,0,NONE
3586,jump off the stool.,False,0,NONE
3587,jump off the stool.,False,0,NONE
3588,"I 'm icing the cookies, Eve.",False,0,NONE
3589,yes.,False,0,NONE
3590,you sit on my stool.,False,0,NONE
3591,alright.,False,0,NONE
3592,alright.,False,0,NONE
3593,sit right there.,False,0,NONE
3594,right there.,False,0,NONE
3595,hi.,False,0,NONE
3596,hi.,False,0,NONE
3597,it is very hot.,False,0,NONE
3598,very hot.,False,0,NONE
3599,what's that?,True,1,MQ_OBJ
3600,kitty yes.,False,0,NONE
3601,and we say a boy *NULL* I know with a.,True,1,RC_OBJ
3602,a truck going.,False,0,NONE
3603,with a truck that can go and a shiny.,True,1,RC_SUBJ
3604,a what?,False,0,NONE
3605,plane yes.,False,0,NONE
3606,and a,False,0,NONE
3607,that's a weather vane.,False,0,NONE
3608,and it shows the directions.,False,0,NONE
3609,and a man with buttons on his coat.,False,0,NONE
3610,what kind of person do you think that is?,True,1,EQ_OBJ
3611,I bet that's a policeman.,False,0,NONE
3612,and they're looking in a store window.,False,0,NONE
3613,and they see a what's.,False,0,NONE
3614,what kind of animal is that?,True,1,MQ_OBJ
3615,a giraffe.,False,0,NONE
3616,balls and drums.,False,0,NONE
3617,and what's that?,True,1,EQ_OBJ
3618,car.,False,0,NONE
3619,and what's that?,True,1,EQ_OBJ
3620,boat.,False,0,NONE
3621,uhhuh.,False,0,NONE
3622,a big sailboat.,False,0,NONE
3623,what are these?,True,1,MQ_OBJ
3624,cats.,False,0,NONE
3625,and what are they doing?,True,1,EQ_OBJ
3626,what are the cats doing?,True,1,MQ_OBJ
3627,what are they doing?,True,1,MQ_OBJ
3628,that's a flower.,False,0,NONE
3629,yes.,False,0,NONE
3630,what are the cats doing?,True,1,MQ_OBJ
3631,"who's wearing the, uh, round hat?",False,0,NONE
3632,this hat's a round hat.,False,0,NONE
3633,"that one's a kind of a triangle hat, isn't it?",False,0,NONE
3634,now what's happening?,True,1,MQ_SUBJ
3635,horsie.,False,0,NONE
3636,what's the horsie doing?,True,1,MQ_OBJ
3637,what is the horsie doing?,True,1,MQ_OBJ
3638,what's this?,True,1,MQ_OBJ
3639,that's a truck.,False,0,NONE
3640,and the horsie is pulling the truck.,False,0,NONE
3641,horsie is pulling the truck.,False,0,NONE
3642,what are they doing there?,True,1,MQ_OBJ
3643,they're in the water.,False,0,NONE
3644,what are they doing?,True,1,MQ_OBJ
3645,doing what?,False,0,NONE
3646,they're splashing.,False,0,NONE
3647,now what is happening?,True,1,MQ_SUBJ
3648,what are these people doing?,True,1,MQ_OBJ
3649,where are they doing?,True,1,MQ_ADJUNCT
3650,they're digging a hole.,False,0,NONE
3651,bug.,False,0,NONE
3652,uhhuh.,False,0,NONE
3653,what's this man doing?,True,1,MQ_OBJ
3654,what's he doing?,True,1,MQ_OBJ
3655,he's making popcorn.,False,0,NONE
3656,now if he sells popcorn what will we do?,True,2,EQ_POLAR;MQ_OBJ
3657,we'll buy some maybe.,False,0,NONE
3658,baby.,False,0,NONE
3659,uhhuh.,False,0,NONE
3660,what's he doing?,True,1,MQ_OBJ
3661,he's doing what?,False,0,NONE
3662,smell flower.,False,0,NONE
3663,smelling the flower.,False,0,NONE
3664,who's this?,True,1,MQ_OBJ
3665,what?,False,0,NONE
3666,he's ringing the bell.,False,0,NONE
3667,dingdong bell.,False,0,NONE
3668,that's the icecream man.,False,0,NONE
3669,he's selling icecream.,False,0,NONE
3670,if he sells icecream what will we do?,True,2,EQ_POLAR;MQ_OBJ
3671,huh?,False,0,NONE
3672,"Eve, have you got the spoon?",False,0,NONE
3673,"yes, the sugar.",False,0,NONE
3674,what?,False,0,NONE
3675,a cup?,False,0,NONE
3676,"yes, we'll get a cup in a minute.",False,0,NONE
3677,did you hurt your knee again?,False,0,NONE
3678,kiss it.,False,0,NONE
3679,you wipe it off the table please.,False,0,NONE
3680,yes.,False,0,NONE
3681,hmm?,False,0,NONE
3682,"mhm, coffee for Fraser.",False,0,NONE
3683,make it warm.,False,0,NONE
3684,do one for Mommy.,False,0,NONE
3685,mhm.,False,0,NONE
3686,more what?,False,0,NONE
3687,"no, Fraser'll put the sugar in his own coffee.",False,0,NONE
3688,you must be very careful and not spill this.,False,0,NONE
3689,you're not to spill this.,False,0,NONE
3690,it's a long time since I've seen a coal fire.,False,0,NONE
3691,what about the heat?,False,0,NONE
3692,because the heat and the whole thing is out in the room.,False,0,NONE
3693,heat right in the fire.,False,0,NONE
3694,uhhuh.,False,0,NONE
3695,your paper's on the table.,False,0,NONE
3696,baby Sarah's waking up.,False,0,NONE
3697,go write some al bl cl.,False,0,NONE
3698,"yes, with Papa.",False,0,NONE
3699,what's this?,True,1,MQ_OBJ
3700,did you do that?,False,0,NONE
3701,did you do that?,False,0,NONE
3702,"Eve, what's this?",True,1,MQ_OBJ
3703,al.,False,0,NONE
3704,nl.,False,0,NONE
3705,"okay, what'll you write, Eve?",True,1,MQ_OBJ
3706,that one's not.,False,0,NONE
3707,"doing much, is it, Eve?",False,0,NONE
3708,it's a stylus.,False,0,NONE
3709,now,False,0,NONE
3710,you do something.,False,0,NONE
3711,what's that?,True,1,MQ_OBJ
3712,again?,False,0,NONE
3713,mhm.,False,0,NONE
3714,you did another one.,False,0,NONE
3715,yeah.,False,0,NONE
3716,"okay, what do we do now then?",True,1,MQ_OBJ
3717,why not?,False,0,NONE
3718,why not?,False,0,NONE
3719,"Eve, what's Fraser doing?",True,1,MQ_OBJ
3720,what's Fraser doing?,True,1,MQ_OBJ
3721,draw lady?,False,0,NONE
3722,"oh, old Macdonald.",False,0,NONE
3723,yeah.,False,0,NONE
3724,what's on old Macdonald's farm?,True,1,MQ_SUBJ
3725,what about Fraser?,False,0,NONE
3726,he's writing uhhuh.,False,0,NONE
3727,what are you writing?,True,1,MQ_OBJ
3728,you're writing al bl cl?,False,0,NONE
3729,again?,False,0,NONE
3730,another one?,False,0,NONE
3731,in a minute,False,0,NONE
3732,"yes, that's baby Sarah.",False,0,NONE
3733,she's hungry.,False,0,NONE
3734,it sounds like the television set in the basement.,False,0,NONE
3735,what's baby Sarah doing?,True,1,MQ_OBJ
3736,not now.,False,0,NONE
3737,"she's, well, she's crying, yes.",False,0,NONE
3738,she's not sleeping.,False,0,NONE
3739,she's telling me that she's hungry.,False,0,NONE
3740,uhhuh.,False,0,NONE
3741,that you.,False,0,NONE
3742,mooo mooo?,False,0,NONE
3743,there's a mooo mooo?,False,0,NONE
3744,that's not a mooo mooo.,False,0,NONE
3745,what?,False,0,NONE
3746,who's crying?,True,1,MQ_SUBJ
3747,"yes, I think baby Sarah's diaper.",False,0,NONE
3748,put a dry diaper on baby.,False,0,NONE
3749,uhhuh.,False,0,NONE
3750,"yes, we are.",False,0,NONE
3751,you write on the paper.,False,0,NONE
3752,only on the paper.,False,0,NONE
3753,right.,False,0,NONE
3754,hmm?,False,0,NONE
3755,not right now.,False,0,NONE
3756,in a minute.,False,0,NONE
3757,"why don't you show Fraser horsie, Eve?",True,1,MQ_ADJUNCT
3758,is that your horse?,False,0,NONE
3759,what do you do on your horse eh?,True,1,MQ_OBJ
3760,whose pencil is this?,True,1,MQ_OBJ
3761,is this my pencil?,False,0,NONE
3762,is this your pencil?,False,0,NONE
3763,whose pencil is that?,True,1,MQ_OBJ
3764,where's your pencil?,True,1,MQ_ADJUNCT
3765,where's my pencil?,True,1,MQ_ADJUNCT
3766,you want me to cover you?,False,0,NONE
3767,alright.,False,0,NONE
3768,is that a nice bed?,False,0,NONE
3769,okay.,False,0,NONE
3770,you go to sleep.,False,0,NONE
3771,I thought you were going to sleep.,False,0,NONE
3772,thought you were going To go to sleep.,False,0,NONE
3773,byebye.,False,0,NONE
3774,"byebye, Eve.",False,0,NONE
3775,"okay, you have a nice nap.",False,0,NONE
3776,you're all done napping.,False,0,NONE
3777,nightnight later?,False,0,NONE
3778,carry Eve?,False,0,NONE
3779,alright.,False,0,NONE
3780,lie down and Papa will carry you.,False,0,NONE
3781,lay down.,False,0,NONE
3782,okay?,False,0,NONE
3783,hi.,False,0,NONE
3784,are you having bowels?,False,0,NONE
3785,will we change your wet diaper?,False,0,NONE
3786,want Papa change her?,False,0,NONE
3787,"Papa, change her.",False,0,NONE
3788,Eve's laying down.,False,0,NONE
3789,what?,False,0,NONE
3790,yep.,False,0,NONE
3791,huh?,False,0,NONE
3792,you're going to buy her?,False,0,NONE
3793,can I buy her?,False,0,NONE
3794,where're you going?,True,1,MQ_ADJUNCT
3795,with Papa?,False,0,NONE
3796,where?,False,0,NONE
3797,with a penny?,False,0,NONE
3798,where's your penny?,True,1,MQ_OBJ
3799,fire?,False,0,NONE
3800,in the fire?,False,0,NONE
3801,"ah, your penny's not in the fire.",False,0,NONE
3802,right there?,False,0,NONE
3803,where?,False,0,NONE
3804,on the table?,False,0,NONE
3805,no no.,False,0,NONE
3806,your penny?,False,0,NONE
3807,Mama's upstairs feeding baby Sarah.,False,0,NONE
3808,"uhhuh, she'll be down in a minute.",False,0,NONE
3809,right.,False,0,NONE
3810,there it is.,False,0,NONE
3811,why don't you come down here and see Fraser?,True,1,MQ_ADJUNCT
3812,"Eve, come down here, please.",False,0,NONE
3813,and move horsie.,False,0,NONE
3814,he's too near the fire.,False,0,NONE
3815,he's going to get too hot.,False,0,NONE
3816,come and move horsie.,False,0,NONE
3817,yes.,False,0,NONE
3818,"please, move him.",False,0,NONE
3819,thank you.,False,0,NONE
3820,move him away from the fire.,False,0,NONE
3821,he's getting too warm.,False,0,NONE
3822,he's getting much too warm.,False,0,NONE
3823,did you feed dolly?,False,0,NONE
3824,you did?,False,0,NONE
3825,Eve?,False,0,NONE
3826,would you come here and show Fraser your lion?,False,0,NONE
3827,show him your lion and your turtle please.,False,0,NONE
3828,that's a good idea.,False,0,NONE
3829,"that's a turtle, is it?",False,0,NONE
3830,and what's the lion's name?,True,1,EQ_OBJ
3831,the turtle's name is Froggy?,False,0,NONE
3832,is the turtle's name Froggy?,False,0,NONE
3833,did you show Fraser your drum?,False,0,NONE
3834,"Eve, the other one is under the table.",False,0,NONE
3835,"oh, you want me to play?",False,0,NONE
3836,can you play?,False,0,NONE
3837,you play.,False,0,NONE
3838,you show me how to do it.,True,1,EQ_ADJUNCT
3839,"ah, there's my boots.",False,0,NONE
3840,my boots are out there.,False,0,NONE
3841,in the hall.,False,0,NONE
3842,whose boots are in the hall?,True,1,MQ_SUBJ
3843,in the closet.,False,0,NONE
3844,can you get it?,False,0,NONE
3845,Papa'll get it.,False,0,NONE
3846,okay.,False,0,NONE
3847,there.,False,0,NONE
3848,okay.,False,0,NONE
3849,"okay, I'll get more sugar.",False,0,NONE
3850,what is that?,True,1,MQ_OBJ
3851,what is it?,True,1,MQ_OBJ
3852,what is this for?,True,1,MQ_OBJ
3853,where are you going?,True,1,MQ_ADJUNCT
3854,Mama'll be down in just a minute.,False,0,NONE
3855,the horsie's going To see Papa?,False,0,NONE
3856,what are you going To do?,True,1,MQ_OBJ
3857,alright.,False,0,NONE
3858,jump off the table.,False,0,NONE
3859,come here and jump off the table for Fraser.,False,0,NONE
3860,mhm.,False,0,NONE
3861,"whee, good jump.",False,0,NONE
3862,okay.,False,0,NONE
3863,who's coming?,True,1,MQ_SUBJ
3864,who else?,False,0,NONE
3865,would you like to have your lunch?,False,0,NONE
3866,having tapioca.,False,0,NONE
3867,you haven't had tapioca in a whole week.,False,0,NONE
3868,in a whole week.,False,0,NONE
3869,you and Papa sit there and hold on to baby Sarah.,False,0,NONE
3870,what?,False,0,NONE
3871,where is it?,True,1,MQ_ADJUNCT
3872,where is the stool?,True,1,MQ_ADJUNCT
3873,what else would you like to have for your lunch?,True,1,MQ_OBJ
3874,cheese?,False,0,NONE
3875,alright.,False,0,NONE
3876,you'll have a cheese sandwich.,False,0,NONE
3877,what?,False,0,NONE
3878,"no, what, Davy?",False,0,NONE
3879,"no, what?",False,0,NONE
3880,"no, what?",False,0,NONE
3881,for a whole week.,False,0,NONE
3882,"yes, you had a cheese sandwich.",False,0,NONE
3883,you haven't had tapioca for a whole week.,False,0,NONE
3884,"no, she hasn't had a cheese sandwich either.",False,0,NONE
3885,do you want to eat a piece of cheese right now?,False,0,NONE
3886,let me wipe your fingers first.,False,0,NONE
3887,come on.,False,0,NONE
3888,for a whole week.,False,0,NONE
3889,what is that?,True,1,MQ_OBJ
3890,that's not the cheese sandwich.,False,0,NONE
3891,that's just the cheese.,False,0,NONE
3892,mhm.,False,0,NONE
3893,just the cheese.,False,0,NONE
3894,a whole week.,False,0,NONE
3895,you have to let me wipe your fingers first and then Mommy'll give.,False,0,NONE
3896,okay?,False,0,NONE
3897,but they're dirty.,False,0,NONE
3898,that's my stool.,False,0,NONE
3899,you're sitting on my stool.,False,0,NONE
3900,you don't have a big stool.,False,0,NONE
3901,because that's my stool.,False,0,NONE
3902,that's right.,False,0,NONE
3903,that's my stool.,False,0,NONE
3904,my stool.,False,0,NONE
3905,move your highchair.,False,0,NONE
3906,"yes, that's your highchair.",False,0,NONE
3907,is it cold?,False,0,NONE
3908,it is.,False,0,NONE
3909,I 'm sorry about that.,False,0,NONE
3910,there's a piece of cheese until the sandwich gets cool.,False,0,NONE
3911,oh yes.,False,0,NONE
3912,mhm.,False,0,NONE
3913,what?,False,0,NONE
3914,Papa went upstairs.,False,0,NONE
3915,"yes, baby Sarah's going To take a nap.",False,0,NONE
3916,she's going To take a nap.,False,0,NONE
3917,"yes, in just a minute.",False,0,NONE
3918,then she'll wake up.,False,0,NONE
3919,uhhuh.,False,0,NONE
3920,would you like a carrot?,False,0,NONE
3921,no?,False,0,NONE
3922,a piece of celery?,False,0,NONE
3923,a olive?,False,0,NONE
3924,what would you like?,True,1,MQ_OBJ
3925,breakfast?,False,0,NONE
3926,you had breakfast.,False,0,NONE
3927,this is lunch now.,False,0,NONE
3928,here he comes.,False,0,NONE
3929,here he comes.,False,0,NONE
3930,"yeah, she's awake now.",False,0,NONE
3931,she's watching you eat you.,False,0,NONE
3932,mhm.,False,0,NONE
3933,I missed the first word.,False,0,NONE
3934,that's right.,False,0,NONE
3935,it is an orange one.,False,0,NONE
3936,what color is that one?,True,1,MQ_OBJ
3937,what?,False,0,NONE
3938,what one?,False,0,NONE
3939,another blue one.,False,0,NONE
3940,is that a purple one?,False,0,NONE
3941,"no, I don't think so.",False,0,NONE
3942,it's a string.,False,0,NONE
3943,put the beads on the string.,False,0,NONE
3944,what is it?,True,1,MQ_OBJ
3945,another what?,False,0,NONE
3946,"Eve, can you put the beads on the string?",False,0,NONE
3947,did we forget your grape juice?,False,0,NONE
3948,can I have a string please?,False,0,NONE
3949,"yes, she is waking up.",False,0,NONE
3950,she's hungry.,False,0,NONE
3951,I'll come right back?,False,0,NONE
3952,"yes, I 'm not going away.",False,0,NONE
3953,what're you doing?,True,1,MQ_OBJ
3954,okay.,False,0,NONE
3955,you sound like a firetruck.,False,0,NONE
3956,is that what you are?,True,1,EQ_OBJ
3957,are you a firetruck?,False,0,NONE
3958,where's the fire?,True,1,MQ_ADJUNCT
3959,is that what you are?,True,1,EQ_OBJ
3960,"Eve, would you please bring me the ashtray from the windowsill?",False,0,NONE
3961,the red one.,False,0,NONE
3962,what are you doing?,True,1,MQ_OBJ
3963,"Eve, can you put the beads on the string?",False,0,NONE
3964,alright.,False,0,NONE
3965,put only one.,False,0,NONE
3966,maybe it was orange.,False,0,NONE
3967,I don't know.,False,0,NONE
3968,those are Papa's books.,False,0,NONE
3969,you mustn't touch.,False,0,NONE
3970,what is that?,True,1,MQ_OBJ
3971,mhm.,False,0,NONE
3972,where is Eve?,True,1,MQ_ADJUNCT
3973,there she is.,False,0,NONE
3974,you're under?,False,0,NONE
3975,"yes, you're under Papa's desk.",False,0,NONE
3976,"yeah, where is Eve?",True,1,MQ_ADJUNCT
3977,can you jump in the living room?,False,0,NONE
3978,"okay, jump in the living room.",False,0,NONE
3979,she forget her pencil.,False,0,NONE
3980,"you ask Papa, please and he'll get you your pencil.",False,0,NONE
3981,what do you say?,True,1,MQ_OBJ
3982,but what's the magic word?,True,1,EQ_OBJ
3983,alright.,False,0,NONE
3984,here Eve.,False,0,NONE
3985,here's a nice new page for you.,False,0,NONE
3986,you have one and I'll have one.,False,0,NONE
3987,this is my one and this is your one.,False,0,NONE
3988,what's that one?,True,1,MQ_OBJ
3989,"Eve, gl.",False,0,NONE
3990,hl.,False,0,NONE
3991,il.,False,0,NONE
3992,al.,False,0,NONE
3993,bl.,False,0,NONE
3994,cl.,False,0,NONE
3995,el.,False,0,NONE
3996,gl.,False,0,NONE
3997,fl.,False,0,NONE
3998,gl hl.,False,0,NONE
3999,il.,False,0,NONE
4000,al.,False,0,NONE
4001,like that?,False,0,NONE
4002,like that.,False,0,NONE
4003,two?,False,0,NONE
4004,how many beads are there?,True,1,MQ_SUBJ
4005,how many?,False,0,NONE
4006,go count the beads.,False,0,NONE
4007,alright.,False,0,NONE
4008,again?,False,0,NONE
4009,you're swimming?,False,0,NONE
4010,will I fix the paper?,False,0,NONE
4011,"yes, let me see.",False,0,NONE
4012,"no, I don't think we can fix that paper.",False,0,NONE
4013,it's broken yes.,False,0,NONE
4014,it'll still write.,False,0,NONE
4015,hi.,False,0,NONE
4016,are you comfortable?,False,0,NONE
4017,where's the water?,True,1,MQ_ADJUNCT
4018,do you not need water to swim in?,False,0,NONE
4019,yeah.,False,0,NONE
4020,"no, I don't think it would be a good idea to write on your shoe.",False,0,NONE
4021,write on the paper.,False,0,NONE
4022,"no, we're not going To write on the couch.",False,0,NONE
4023,"no, not on that couch either.",False,0,NONE
4024,you write only on the paper.,False,0,NONE
4025,no.,False,0,NONE
4026,no.,False,0,NONE
4027,"no, not on the rockingchair.",False,0,NONE
4028,not on the stool.,False,0,NONE
4029,not on the door.,False,0,NONE
4030,what?,False,0,NONE
4031,not on the study.,False,0,NONE
4032,no.,False,0,NONE
4033,with baby.,False,0,NONE
4034,are you loving the crayon?,False,0,NONE
4035,"oh, that's nice.",False,0,NONE
4036,where?,False,0,NONE
4037,you write with it.,False,0,NONE
4038,uhhuh.,False,0,NONE
4039,where's my pencil?,True,1,MQ_ADJUNCT
4040,whose pencil is that?,True,1,MQ_OBJ
4041,uhhuh.,False,0,NONE
4042,you're swimming?,False,0,NONE
4043,swimming in the bathtub.,False,0,NONE
4044,but you're laying on the couch.,False,0,NONE
4045,you're swimming on the couch?,False,0,NONE
4046,you swim in the bathtub.,False,0,NONE
4047,do you want me to help you?,False,0,NONE
4048,"oh, you hurt your knee.",False,0,NONE
4049,that's a paper bag.,False,0,NONE
4050,what's in there?,True,1,MQ_SUBJ
4051,that's a bag.,False,0,NONE
4052,what's in it?,True,1,MQ_SUBJ
4053,letter?,False,0,NONE
4054,"here, you can write on it.",False,0,NONE
4055,what do you have on your finger?,True,1,MQ_OBJ
4056,that's ashes from the fireplace.,False,0,NONE
4057,what are you doing?,True,1,MQ_OBJ
4058,you're riding?,False,0,NONE
4059,you went to a party yesterday?,False,0,NONE
4060,you did?,False,0,NONE
4061,"she did sneeze, didn't she?",False,0,NONE
4062,lots of sneezes.,False,0,NONE
4063,"yes, sneeze.",False,0,NONE
4064,I've got you now.,False,0,NONE
4065,willn't you put your arm around my neck?,False,0,NONE
4066,that's a string from baby Sarah's blanket.,False,0,NONE
4067,another one?,False,0,NONE
4068,okay.,False,0,NONE
4069,you going To sit down?,False,0,NONE
4070,what are you doing?,True,1,MQ_OBJ
4071,"yes, Fraser's sitting down.",False,0,NONE
4072,who else is sitting down?,True,1,MQ_SUBJ
4073,yes.,False,0,NONE
4074,who else?,False,0,NONE
4075,who else?,False,0,NONE
4076,yeah.,False,0,NONE
4077,who else?,False,0,NONE
4078,who else?,False,0,NONE
4079,who else?,False,0,NONE
4080,is horsie sitting down?,False,0,NONE
4081,Becky?,False,0,NONE
4082,we'll see Becky this afternoon.,False,0,NONE
4083,Becky's busy right now.,False,0,NONE
4084,and Eve's busy.,False,0,NONE
4085,uhhuh.,False,0,NONE
4086,he's busy.,False,0,NONE
4087,what's he busy doing?,True,1,MQ_OBJ
4088,busy writing.,False,0,NONE
4089,"yes, he is.",False,0,NONE
4090,don't know.,False,0,NONE
4091,where did it go?,True,1,MQ_ADJUNCT
4092,you must find it?,False,0,NONE
4093,it's on the table by the red leaves.,False,0,NONE
4094,"no, on the table.",False,0,NONE
4095,"no, on the paper.",False,0,NONE
4096,you write.,False,0,NONE
4097,no.,False,0,NONE
4098,no.,False,0,NONE
4099,right.,False,0,NONE
4100,you going To put your paper on the box?,False,0,NONE
4101,okay.,False,0,NONE
4102,what?,False,0,NONE
4103,Fraser needs his pencil.,False,0,NONE
4104,byebye.,False,0,NONE
4105,he's going to the basement.,False,0,NONE
4106,he'll be right back.,False,0,NONE
4107,other?,False,0,NONE
4108,"yes, I have to hold Sarah with this one or she'll fall down.",False,0,NONE
4109,you hold on to this one.,False,0,NONE
4110,you can ride horsie.,False,0,NONE
4111,that's more fun.,False,0,NONE
4112,you want to take a nap now?,False,0,NONE
4113,after lunch.,False,0,NONE
4114,first we'll have some lunch and then you take a nap.,False,0,NONE
4115,you going to see Judy?,False,0,NONE
4116,on Thursday?,False,0,NONE
4117,no.,False,0,NONE
4118,what are you doing to dolly?,True,1,MQ_OBJ
4119,you're squashing her.,False,0,NONE
4120,you're squashing dolly.,False,0,NONE
4121,"oh, those are just things.",False,0,NONE
4122,why don't you put one on dolly?,True,1,MQ_ADJUNCT
4123,here's dolly's shirt.,False,0,NONE
4124,uhhuh.,False,0,NONE
4125,you're noisy.,False,0,NONE
4126,you're noisy when you drink.,True,1,EQ_ADJUNCT
4127,wipe your mouth with the napkin.,False,0,NONE
4128,"Eve, wipe your mouth.",False,0,NONE
4129,"yes, grape juice.",False,0,NONE
4130,you're making a Jim_jump?,False,0,NONE
4131,make a tower.,False,0,NONE
4132,make a tower.,False,0,NONE
4133,put a block on.,False,0,NONE
4134,put another block on.,False,0,NONE
4135,mhm.,False,0,NONE
4136,big tower.,False,0,NONE
4137,little tower?,False,0,NONE
4138,hi.,False,0,NONE
4139,"no, make Eve's soup.",False,0,NONE
4140,that's a reel.,False,0,NONE
4141,"no, that's my briefcase.",False,0,NONE
4142,is that your briefcase?,False,0,NONE
4143,it is?,False,0,NONE
4144,that's a box with a reel inside it.,False,0,NONE
4145,if you want to sit on that you can put the box on the other stool.,True,1,EQ_POLAR
4146,that's a good idea.,False,0,NONE
4147,alright.,False,0,NONE
4148,your can?,False,0,NONE
4149,let me rinse it out and it can be your can.,False,0,NONE
4150,drink of what?,False,0,NONE
4151,you put some water in it.,False,0,NONE
4152,you put it in.,False,0,NONE
4153,a piece of celery?,False,0,NONE
4154,alright.,False,0,NONE
4155,mhm.,False,0,NONE
4156,"no, I don't think Fraser wants a piece of celery.",False,0,NONE
4157,we'll just give Eve a piece of celery.,False,0,NONE
4158,alright?,False,0,NONE
4159,just Eve.,False,0,NONE
4160,I 'm shoving some pans around.,False,0,NONE
4161,hmm?,False,0,NONE
4162,what about Papa?,False,0,NONE
4163,hmm?,False,0,NONE
4164,"I don't know what you're saying, sweetie.",True,1,EQ_OBJ
4165,you have a mouthful?,False,0,NONE
4166,"Eve, what are you doing?",True,1,MQ_OBJ
4167,eating?,False,0,NONE
4168,"yes, get out of the sink.",False,0,NONE
4169,please.,False,0,NONE
4170,"please, get out of the sink.",False,0,NONE
4171,for lunch we're going to have chips.,False,0,NONE
4172,you like that?,False,0,NONE
4173,I cann't understand you with your mouth full.,False,0,NONE
4174,chew it up and tell me again.,False,0,NONE
4175,"Eve, what did you say?",True,1,MQ_OBJ
4176,where did Papa go?,True,1,MQ_ADJUNCT
4177,he went upstairs but he's back now.,False,0,NONE
4178,he came back.,False,0,NONE
4179,what was that *NULL* she said?,True,2,MQ_OBJ;RC_OBJ
4180,"Papa came back, I think.",False,0,NONE
4181,what's that mess?,True,1,MQ_OBJ
4182,would you take that out of your mouth?,False,0,NONE
4183,want another piece of celery?,False,0,NONE
4184,peel it first.,False,0,NONE
4185,mhm.,False,0,NONE
4186,isn't it good?,False,0,NONE
4187,what's this?,True,1,MQ_OBJ
4188,on your stool?,False,0,NONE
4189,you're on my stool.,False,0,NONE
4190,you're sitting on my stool.,False,0,NONE
4191,you're sitting on Momma's stool.,False,0,NONE
4192,it's a pickle.,False,0,NONE
4193,do you want one?,False,0,NONE
4194,you may have one.,False,0,NONE
4195,you may take one.,False,0,NONE
4196,a pickle.,False,0,NONE
4197,a pickle.,False,0,NONE
4198,"yes, it's a pickle.",False,0,NONE
4199,there's one in the kitchen on the counter.,False,0,NONE
4200,there's one in the kitchen.,False,0,NONE
4201,you may have that one.,False,0,NONE
4202,are you coming to write?,False,0,NONE
4203,you're reading to Fraser.,False,0,NONE
4204,what did you say I 'm doing?,True,1,EQ_OBJ
4205,Colin.,False,0,NONE
4206,that's right.,False,0,NONE
4207,are you writing too?,False,0,NONE
4208,can you write an al bl cl?,False,0,NONE
4209,hi.,False,0,NONE
4210,candy?,False,0,NONE
4211,I think not.,False,0,NONE
4212,you have animal crackers on the table.,False,0,NONE
4213,that's enough.,False,0,NONE
4214,animal crackers and grape juice.,False,0,NONE
4215,"oh, do you want a napkin too.",False,0,NONE
4216,there.,False,0,NONE
4217,yes.,False,0,NONE
4218,you've got one.,False,0,NONE
4219,there you are.,False,0,NONE
4220,what's that *NULL* you have?,True,2,MQ_OBJ;RC_OBJ
4221,uhhuh.,False,0,NONE
4222,that's my nose.,False,0,NONE
4223,yeah.,False,0,NONE
4224,yeah.,False,0,NONE
4225,what?,False,0,NONE
4226,yeah.,False,0,NONE
4227,are you going to get up?,False,0,NONE
4228,wipe your nose?,False,0,NONE
4229,can you blow?,False,0,NONE
4230,that's a good girl.,False,0,NONE
4231,you don't want to sit on my lap right now.,False,0,NONE
4232,tomorrow.,False,0,NONE
4233,that's right.,False,0,NONE
4234,what are you doing?,True,1,MQ_OBJ
4235,I had sugar in my coffee.,False,0,NONE
4236,"I don't need any more sugar, Eve.",False,0,NONE
4237,thank you very much.,False,0,NONE
4238,I'll just have some coffee.,False,0,NONE
4239,hmm?,False,0,NONE
4240,I forgot a spoon?,False,0,NONE
4241,"no, you don't get a spoon.",False,0,NONE
4242,you don't need one.,False,0,NONE
4243,it's moving again.,False,0,NONE
4244,look at the rockingchair.,False,0,NONE
4245,it's doing it again.,False,0,NONE
4246,there it goes again.,False,0,NONE
4247,what's that rockingchair doing?,True,1,MQ_OBJ
4248,it's dancing yes.,False,0,NONE
4249,"yes, you're fine now, aren't you?",False,0,NONE
4250,what are you doing?,True,1,MQ_OBJ
4251,come here.,False,0,NONE
4252,Mommy'll wipe your nose.,False,0,NONE
4253,blow again?,False,0,NONE
4254,okay.,False,0,NONE
4255,"no, it's not tomato soup, darling.",False,0,NONE
4256,Mommy's making coffee.,False,0,NONE
4257,"okay, you sit down.",False,0,NONE
4258,here you go.,False,0,NONE
4259,you sing rock_a_bye baby.,False,0,NONE
4260,come on.,False,0,NONE
4261,what is this with your nose?,True,1,MQ_OBJ
4262,did I get it on your tongue?,False,0,NONE
4263,pick it out.,False,0,NONE
4264,is your grape juice all gone?,False,0,NONE
4265,"yes, let's wipe your face then.",False,0,NONE
4266,there.,False,0,NONE
4267,thank you.,False,0,NONE
4268,mhm.,False,0,NONE
4269,hi.,False,0,NONE
4270,here's Eve's paper.,False,0,NONE
4271,just like Fraser's paper.,False,0,NONE
4272,do what?,False,0,NONE
4273,what?,False,0,NONE
4274,"oh, you want one yourself.",False,0,NONE
4275,"alright, take one.",False,0,NONE
4276,then put it in your pocket when you're finished.,True,1,EQ_ADJUNCT
4277,"okay, I'll put it in.",False,0,NONE
4278,"you read Feed the Animals, Eve.",False,0,NONE
4279,you read it to me eh?,False,0,NONE
4280,you read it.,False,0,NONE
4281,that's not a tiger.,False,0,NONE
4282,that's a zebra.,False,0,NONE
4283,I 'm not going To read Lassie no.,False,0,NONE
4284,you read Lassie.,False,0,NONE
4285,Eve will read Lassie to Fraser eh?,False,0,NONE
4286,Eve will read Fraser Lassie.,False,0,NONE
4287,Eve will read Lassie.,False,0,NONE
4288,will Eve read Fraser Lassie?,False,0,NONE
4289,will Eve read Lassie to Fraser?,False,0,NONE
4290,will Fraser read Eve Lassie?,False,0,NONE
4291,"will Fraser read Lassie, Eve?",False,0,NONE
4292,okay.,False,0,NONE
4293,"oh, wipe your nose?",False,0,NONE
4294,alright.,False,0,NONE
4295,what is that?,True,1,MQ_OBJ
4296,what is that noise?,True,1,MQ_OBJ
4297,I'll be right back.,False,0,NONE
4298,I'll be right back.,False,0,NONE
4299,what did Lassie do?,True,1,MQ_OBJ
4300,"yes, we put tape on.",False,0,NONE
4301,we fixed the book.,False,0,NONE
4302,"yes, we put tape on.",False,0,NONE
4303,we fixed the book.,False,0,NONE
4304,"yes, she had a nice nap.",False,0,NONE
4305,that's her bed.,False,0,NONE
4306,uhhuh.,False,0,NONE
4307,put it on the floor for Eve?,False,0,NONE
4308,"okay, there you are.",False,0,NONE
4309,"no, Mommy's not going To read Lassie.",False,0,NONE
4310,I 'm busy right now.,False,0,NONE
4311,you read Lassie.,False,0,NONE
4312,why don't you get the stool?,True,1,MQ_ADJUNCT
4313,get the stool instead of the rockingchair.,False,0,NONE
4314,"yeah, get the, well, the big stool?",False,0,NONE
4315,get the big stool.,False,0,NONE
4316,"no, that's the little stool.",False,0,NONE
4317,get the big stool.,False,0,NONE
4318,get Mommy's stool.,False,0,NONE
4319,you sit down here on Mommy's stool.,False,0,NONE
4320,"oh, you want to sit on Eve's stool?",False,0,NONE
4321,alright.,False,0,NONE
4322,what am I doing?,True,1,MQ_OBJ
4323,changing her diaper.,False,0,NONE
4324,right.,False,0,NONE
4325,"yeah, big stool.",False,0,NONE
4326,"yes, that's not the big stool.",False,0,NONE
4327,what?,False,0,NONE
4328,she going To burp.,False,0,NONE
4329,"well, not yet.",False,0,NONE
4330,she has to have milk first.,False,0,NONE
4331,that's her bottle yeah.,False,0,NONE
4332,that's the nipple.,False,0,NONE
4333,that's what she puts in her mouth.,True,1,EQ_OBJ
4334,that's part of the top.,False,0,NONE
4335,that's baby Sarah's wet diaper.,False,0,NONE
4336,would you like to have your lunch now?,False,0,NONE
4337,would you?,False,0,NONE
4338,"okay, we'll get your highchair.",False,0,NONE
4339,you can have your lunch while Sarah has her milk.,False,0,NONE
4340,okay?,False,0,NONE
4341,"oh, you don't want it.",False,0,NONE
4342,okay.,False,0,NONE
4343,eat on the table?,False,0,NONE
4344,no.,False,0,NONE
4345,"no, you don't have your lunch on the table.",False,0,NONE
4346,what?,False,0,NONE
4347,do you want to taste it?,False,0,NONE
4348,it's not very good.,False,0,NONE
4349,let's see if Sarah would like to have a drink.,True,1,EQ_POLAR
4350,wait just a minute.,False,0,NONE
4351,"yeah, wait until baby Sarah has a drink.",False,0,NONE
4352,she's thirsty.,False,0,NONE
4353,yeah.,False,0,NONE
4354,she's thirsty.,False,0,NONE
4355,"yes, Eve'll get some in just a minute.",False,0,NONE
4356,"yes, first baby Sarah'll drink a bit.",False,0,NONE
4357,yeah.,False,0,NONE
4358,then you.,False,0,NONE
4359,then Eve.,False,0,NONE
4360,right.,False,0,NONE
4361,Eve_Cummings.,False,0,NONE
4362,then what?,False,0,NONE
4363,you're going To sit in Papa's chair?,False,0,NONE
4364,I know you fell down.,False,0,NONE
4365,"no, that's Sarah's.",False,0,NONE
4366,she's just a little baby.,False,0,NONE
4367,you'll hold on too?,False,0,NONE
4368,alright.,False,0,NONE
4369,she doesn't know how to drink out of a glass.,True,1,EQ_ADJUNCT
4370,"no, that's Sarah's.",False,0,NONE
4371,that right.,False,0,NONE
4372,there is milk in there.,False,0,NONE
4373,Sarah's drinking it.,False,0,NONE
4374,it's going in her tummy.,False,0,NONE
4375,not very far.,False,0,NONE
4376,not very far.,False,0,NONE
4377,what?,False,0,NONE
4378,you try again?,False,0,NONE
4379,what?,False,0,NONE
4380,not very good.,False,0,NONE
4381,"no, that wasn't very good.",False,0,NONE
4382,what about Eve?,False,0,NONE
4383,you're not either.,False,0,NONE
4384,"well, this is Papa's chair?",False,0,NONE
4385,this one?,False,0,NONE
4386,is this Papa's chair?,False,0,NONE
4387,well okay.,False,0,NONE
4388,"yes, you are jumping then from Papa's chair.",False,0,NONE
4389,what are you doing?,True,1,MQ_OBJ
4390,eating what?,False,0,NONE
4391,eating your sweater?,False,0,NONE
4392,why?,False,0,NONE
4393,why don't we have lunch?,True,1,MQ_ADJUNCT
4394,drinking what?,False,0,NONE
4395,"no, that's Sarah's bottle.",False,0,NONE
4396,uhhuh.,False,0,NONE
4397,she's thirsty.,False,0,NONE
4398,"Eve, get some.",False,0,NONE
4399,in just a bit.,False,0,NONE
4400,we'll give you some in a glass.,False,0,NONE
4401,okay?,False,0,NONE
4402,"oh, you want some out of the bottle?",False,0,NONE
4403,alright.,False,0,NONE
4404,first baby Sarah.,False,0,NONE
4405,okay.,False,0,NONE
4406,not very good.,False,0,NONE
4407,no.,False,0,NONE
4408,try it again.,False,0,NONE
4409,"well, what are you trying to do, huh?",True,1,MQ_OBJ
4410,some bottle?,False,0,NONE
4411,we'll give you some bottle yeah.,False,0,NONE
4412,uhhuh.,False,0,NONE
4413,"yes, we'll give Eve some bottle.",False,0,NONE
4414,we'll give Eve some bottle.,False,0,NONE
4415,"yes, you're silly.",False,0,NONE
4416,alright.,False,0,NONE
4417,do you want some?,False,0,NONE
4418,that's Sarah's milk.,False,0,NONE
4419,do you like it?,False,0,NONE
4420,"tastes kinda funny, doesn't it?",False,0,NONE
4421,is that good?,False,0,NONE
4422,do you like it?,False,0,NONE
4423,"well, what're you doing, Eve?",True,1,MQ_OBJ
4424,you're drinking?,False,0,NONE
4425,what are you drinking?,True,1,MQ_OBJ
4426,well for goodness sake.,False,0,NONE
4427,give it to Papa and he'll take the nipple out.,False,0,NONE
4428,you take it to Mama.,False,0,NONE
4429,you take it to Mama.,False,0,NONE
4430,we'll give it to Sarah.,False,0,NONE
4431,because it's Sarah's turn now.,False,0,NONE
4432,it's Sarah's turn to have a drink.,False,0,NONE
4433,"no, it's Sarah's turn.",False,0,NONE
4434,Eve had a turn.,False,0,NONE
4435,now it's Sarah's turn to have a drink of milk.,False,0,NONE
4436,you may have a turn after Sarah.,False,0,NONE
4437,you may have a turn after Sarah.,False,0,NONE
4438,okay?,False,0,NONE
4439,Fraser's going to drink his coffee out of a cup.,False,0,NONE
4440,he's big.,False,0,NONE
4441,yeah.,False,0,NONE
4442,and whens Sarah's a big girl so can she.,True,1,EQ_ADJUNCT
4443,so can she.,False,0,NONE
4444,you have a turn after Sarah.,False,0,NONE
4445,"no, it's not your turn yet.",False,0,NONE
4446,just wait for a minute.,False,0,NONE
4447,it's baby Sarah's turn now.,False,0,NONE
4448,where're her fingers?,True,1,MQ_ADJUNCT
4449,"yes, they're inside her nightie.",False,0,NONE
4450,would you like to have some lunch?,False,0,NONE
4451,noodle soup and tapioca?,False,0,NONE
4452,Papa will fix it for you if you like.,True,1,EQ_POLAR
4453,you don't want any noodle soup?,False,0,NONE
4454,and crackers?,False,0,NONE
4455,tapioca?,False,0,NONE
4456,you're going To have a cracker.,False,0,NONE
4457,you want to have a cracker on the table?,False,0,NONE
4458,alright.,False,0,NONE
4459,what do you have?,True,1,MQ_OBJ
4460,how many crackers do you have?,True,1,MQ_OBJ
4461,how many crackers?,False,0,NONE
4462,more than two.,False,0,NONE
4463,have you two crackers?,False,0,NONE
4464,have you two cracker?,False,0,NONE
4465,for me?,False,0,NONE
4466,one for Fraser?,False,0,NONE
4467,out of the bottle.,False,0,NONE
4468,yep.,False,0,NONE
4469,uhhuh.,False,0,NONE
4470,"no, it's baby Sarah's.",False,0,NONE
4471,where is Papa?,True,1,MQ_ADJUNCT
4472,in his study yeah.,False,0,NONE
4473,he's working.,False,0,NONE
4474,he's busy.,False,0,NONE
4475,busy.,False,0,NONE
4476,"no, that's not yours.",False,0,NONE
4477,whose is that?,True,1,MQ_OBJ
4478,that's right.,False,0,NONE
4479,uhhuh.,False,0,NONE
4480,Sarah's finger.,False,0,NONE
4481,that's right.,False,0,NONE
4482,okay Eve's turn.,False,0,NONE
4483,you get out.,False,0,NONE
4484,yes.,False,0,NONE
4485,is that good?,False,0,NONE
4486,do you like it?,False,0,NONE
4487,is it baby Sarah's turn now?,False,0,NONE
4488,okay.,False,0,NONE
4489,yes.,False,0,NONE
4490,you have a turn after Sarah.,False,0,NONE
4491,"yes, you may have another turn.",False,0,NONE
4492,baby Sarah's turn.,False,0,NONE
4493,alright.,False,0,NONE
4494,would you give the bottle to Papa so he can rinse the nipple for me.,False,0,NONE
4495,give it to Papa so he can rinse the nipple for us please.,False,0,NONE
4496,where is Papa?,True,1,MQ_ADJUNCT
4497,"yes, he's in the study.",False,0,NONE
4498,after Sarah has a turn.,False,0,NONE
4499,you slipped on my leg.,False,0,NONE
4500,you slipped.,False,0,NONE
4501,slipped.,False,0,NONE
4502,"no, it's Sarah's turn.",False,0,NONE
4503,first Sarah has a turn.,False,0,NONE
4504,then Eve has a turn.,False,0,NONE
4505,first it's Sarah's turn.,False,0,NONE
4506,then it's.,False,0,NONE
4507,yep.,False,0,NONE
4508,then it'll be Eve's turn.,False,0,NONE
4509,right.,False,0,NONE
4510,uhhuh.,False,0,NONE
4511,what is that?,True,1,MQ_OBJ
4512,her hair?,False,0,NONE
4513,it's your what?,False,0,NONE
4514,button?,False,0,NONE
4515,where is your penny?,True,1,MQ_ADJUNCT
4516,where is your penny?,True,1,MQ_ADJUNCT
4517,there it is.,False,0,NONE
4518,I see it by the table.,False,0,NONE
4519,on the floor.,False,0,NONE
4520,see it?,False,0,NONE
4521,there it is.,False,0,NONE
4522,got your penny?,False,0,NONE
4523,after Sarah has a turn.,False,0,NONE
4524,"yes, you can have it but you have to wait.",False,0,NONE
4525,mhm.,False,0,NONE
4526,no more?,False,0,NONE
4527,are they all gone?,False,0,NONE
4528,"yes, we'll buy some more at the al and pl.",False,0,NONE
4529,the reels go round and round.,False,0,NONE
4530,"no, it's not Eve's turn now.",False,0,NONE
4531,"oh, is she?",False,0,NONE
4532,that's because she's a baby.,False,0,NONE
4533,babies drink from bottles.,False,0,NONE
4534,big people drink from cups.,False,0,NONE
4535,I drink my milk from a cup.,False,0,NONE
4536,I drink my beer from a cup too.,False,0,NONE
4537,sure.,False,0,NONE
4538,and Mommy drinks coffee out of a cup too.,False,0,NONE
4539,when you're big you drink out of a cup.,True,1,EQ_ADJUNCT
4540,look at that big girl drink out of a cup.,False,0,NONE
4541,look at that.,False,0,NONE
4542,I see it.,False,0,NONE
4543,no.,False,0,NONE
4544,put the top on the sugar.,False,0,NONE
4545,thank you.,False,0,NONE
4546,whose cup is that?,True,1,MQ_OBJ
4547,you put it back on the table.,False,0,NONE
4548,you drink from your cup.,False,0,NONE
4549,you drink from your cup.,False,0,NONE
4550,"oh, you're mixing?",False,0,NONE
4551,alright.,False,0,NONE
4552,mixing coffee?,False,0,NONE
4553,"you put it back, Eve.",False,0,NONE
4554,Eve.,False,0,NONE
4555,put it back.,False,0,NONE
4556,we'll buy some more at the al and pl.,False,0,NONE
4557,we'll buy some more.,False,0,NONE
4558,making cookies?,False,0,NONE
4559,it's Eve's turn now.,False,0,NONE
4560,Eve's turn now.,False,0,NONE
4561,you're drinking?,False,0,NONE
4562,"yes, you have, haven't you?",False,0,NONE
4563,the dog is barking.,False,0,NONE
4564,yes.,False,0,NONE
4565,you want paper?,False,0,NONE
4566,wait.,False,0,NONE
4567,we'll get your paper.,False,0,NONE
4568,"yes, Fraser's paper is going to be written on by Fraser.",False,0,NONE
4569,here.,False,0,NONE
4570,here's Eve's paper.,False,0,NONE
4571,you write on Eve's paper.,False,0,NONE
4572,look.,False,0,NONE
4573,here's lots of paper.,False,0,NONE
4574,"hi, Eve.",False,0,NONE
4575,Mama's fixing it.,False,0,NONE
4576,you had some for breakfast.,False,0,NONE
4577,you only get a vitamin once a day.,False,0,NONE
4578,"hi, who do you see?",True,1,MQ_OBJ
4579,I see you.,False,0,NONE
4580,I see Eve.,False,0,NONE
4581,that's her space suit.,False,0,NONE
4582,would you like to put it on?,False,0,NONE
4583,no.,False,0,NONE
4584,alright.,False,0,NONE
4585,now what is that?,True,1,MQ_OBJ
4586,you said it before.,False,0,NONE
4587,Danny.,False,0,NONE
4588,you mean Danny?,False,0,NONE
4589,that's a man.,False,0,NONE
4590,not Danny.,False,0,NONE
4591,that's Mr Marks.,False,0,NONE
4592,Mr Marks.,False,0,NONE
4593,Mister Marks yeah.,False,0,NONE
4594,Clip_clop.,False,0,NONE
4595,that's right.,False,0,NONE
4596,where is he?,True,1,MQ_ADJUNCT
4597,there he is.,False,0,NONE
4598,uhhuh.,False,0,NONE
4599,what?,False,0,NONE
4600,"that's not Danny, sweetie.",False,0,NONE
4601,that's Mr Marks.,False,0,NONE
4602,Mr Marks.,False,0,NONE
4603,what is that?,True,1,MQ_OBJ
4604,right.,False,0,NONE
4605,where is Clip_clop?,True,1,MQ_ADJUNCT
4606,that's right.,False,0,NONE
4607,Mr Marks.,False,0,NONE
4608,not Danny.,False,0,NONE
4609,right.,False,0,NONE
4610,where?,False,0,NONE
4611,there he is.,False,0,NONE
4612,you're going to give the sugar to Fraser.,False,0,NONE
4613,thank you very much.,False,0,NONE
4614,more?,False,0,NONE
4615,it is.,False,0,NONE
4616,I can go get some more.,False,0,NONE
4617,we'll go get some more.,False,0,NONE
4618,get the cup please and I'll pour it in.,False,0,NONE
4619,"bring the cup, Eve.",False,0,NONE
4620,bring me your cup.,False,0,NONE
4621,have what?,False,0,NONE
4622,you have a graham cracker and juice on the table.,False,0,NONE
4623,that's enough.,False,0,NONE
4624,come on.,False,0,NONE
4625,you wanT To lay by baby Sarah?,False,0,NONE
4626,hmm?,False,0,NONE
4627,is there room for you?,False,0,NONE
4628,what?,False,0,NONE
4629,you wanT To carry her?,False,0,NONE
4630,"yes, you cann't carry her.",False,0,NONE
4631,would you like to hold her?,False,0,NONE
4632,alright.,False,0,NONE
4633,you sit down on the pillow.,False,0,NONE
4634,you sit down on the pillow.,False,0,NONE
4635,"yes, you cann't hold her that way.",False,0,NONE
4636,sit down.,False,0,NONE
4637,then you can hold her.,False,0,NONE
4638,that's it.,False,0,NONE
4639,okay.,False,0,NONE
4640,there.,False,0,NONE
4641,what's Eve doing?,True,1,MQ_OBJ
4642,yeah.,False,0,NONE
4643,where are you going?,True,1,MQ_ADJUNCT
4644,"oh, she's heavy.",False,0,NONE
4645,wait.,False,0,NONE
4646,she's too heavy.,False,0,NONE
4647,she's much too heavy for you to carry.,False,0,NONE
4648,you can hold her.,False,0,NONE
4649,you sit down on the pillow and you can hold her.,False,0,NONE
4650,see.,False,0,NONE
4651,she's heavy.,False,0,NONE
4652,see.,False,0,NONE
4653,she's heavy.,False,0,NONE
4654,you can hold her.,False,0,NONE
4655,you sit on the pillow.,False,0,NONE
4656,what are you doing?,True,1,MQ_OBJ
4657,you're laying on the radiator?,False,0,NONE
4658,well almost.,False,0,NONE
4659,almost.,False,0,NONE
4660,help Eve do what?,False,0,NONE
4661,you want to sleep on the radiator?,False,0,NONE
4662,"yes, that's silly.",False,0,NONE
4663,why?,False,0,NONE
4664,no sugar in Eve's juice.,False,0,NONE
4665,no.,False,0,NONE
4666,you don't need sugar in your juice.,False,0,NONE
4667,no.,False,0,NONE
4668,you drink your grape juice without sugar.,False,0,NONE
4669,"yes, you put Cromer's cup down and I'll bring him more coffee in a",False,0,NONE
4670,we'll get more coffee in a minute.,False,0,NONE
4671,put the top on the sugar please.,False,0,NONE
4672,top on the sugar.,False,0,NONE
4673,Eve.,False,0,NONE
4674,put the top on the sugar or I will smack your fingers.,False,0,NONE
4675,what?,False,0,NONE
4676,do what?,False,0,NONE
4677,what do you want me to do.,True,1,MQ_OBJ
4678,do what to Eve?,False,0,NONE
4679,ringing?,False,0,NONE
4680,what?,False,0,NONE
4681,what?,False,0,NONE
4682,ringing?,False,0,NONE
4683,"ringing, Eve?",False,0,NONE
4684,what's that?,True,1,MQ_OBJ
4685,ringing?,False,0,NONE
4686,what?,False,0,NONE
4687,that's Mama's ring yeah.,False,0,NONE
4688,you don't have a ring.,False,0,NONE
4689,when you get to be a lady then you can have a ring.,True,1,EQ_ADJUNCT
4690,when you grow great big.,True,1,EQ_ADJUNCT
4691,wanT To go see if the coffee's ready?,True,1,EQ_POLAR
4692,wipe your face.,False,0,NONE
4693,"yes, you finish your grape juice and then I'll wipe your face.",False,0,NONE
4694,you put it back on the table.,False,0,NONE
4695,I'll bring the coffee in there.,False,0,NONE
4696,bring the coffee in there.,False,0,NONE
4697,thank you.,False,0,NONE
4698,be careful.,False,0,NONE
4699,may I have some sugar?,False,0,NONE
4700,thank you.,False,0,NONE
4701,it fell?,False,0,NONE
4702,I don't know whether it did.,True,1,EQ_POLAR
4703,be a horsie.,False,0,NONE
4704,okay.,False,0,NONE
4705,be Clip_clop.,False,0,NONE
4706,alright.,False,0,NONE
4707,you're going To be Goldrush?,False,0,NONE
4708,Marcia's Goldrush.,False,0,NONE
4709,you cann't be Goldrush.,False,0,NONE
4710,Marcia's Goldrush.,False,0,NONE
4711,you cann't be Goldrush.,False,0,NONE
4712,Marcia's Goldrush.,False,0,NONE
4713,what's Becky's name?,True,1,MQ_OBJ
4714,what's Becky's name when she's a horse?,True,2,EQ_ADJUNCT;MQ_OBJ
4715,hmm?,False,0,NONE
4716,what's Becky's name when she's a horse?,True,2,EQ_ADJUNCT;MQ_OBJ
4717,Tequita?,False,0,NONE
4718,Tequita right.,False,0,NONE
4719,that's a mailing tube.,False,0,NONE
4720,in Papa's study yeah.,False,0,NONE
4721,put it back.,False,0,NONE
4722,it's not to play.,False,0,NONE
4723,that's a good girl.,False,0,NONE
4724,thank you.,False,0,NONE
4725,put it back in the corner.,False,0,NONE
4726,put it in the corner.,False,0,NONE
4727,thank you.,False,0,NONE
4728,"Eve, put it in the corner and leave it alone.",False,0,NONE
4729,in that corner and take your finger off.,False,0,NONE
4730,yes.,False,0,NONE
4731,Eve.,False,0,NONE
4732,"there, now leave it alone.",False,0,NONE
4733,take your finger off.,False,0,NONE
4734,you want me to smack your fingers?,False,0,NONE
4735,then put it away.,False,0,NONE
4736,now don't touch it again.,False,0,NONE
4737,leave it.,False,0,NONE
4738,lay right there.,False,0,NONE
4739,leave it alone.,False,0,NONE
4740,don't touch it again.,False,0,NONE
4741,what happened?,True,1,MQ_SUBJ
4742,what in this?,False,0,NONE
4743,a hammer?,False,0,NONE
4744,and what do you do?,True,1,EQ_OBJ
4745,your name's what?,False,0,NONE
4746,what is your name?,True,1,MQ_OBJ
4747,what is it?,True,1,MQ_OBJ
4748,it sounds like Linda.,False,0,NONE
4749,what was your name?,True,1,MQ_OBJ
4750,what is your name?,True,1,MQ_OBJ
4751,you dropped it.,False,0,NONE
4752,it didn't fall.,False,0,NONE
4753,"yes, it did fall but you dropped it.",False,0,NONE
4754,what is this?,True,1,MQ_OBJ
4755,maybe we have.,False,0,NONE
4756,your name isn't Linda.,False,0,NONE
4757,your name's what?,False,0,NONE
4758,red bicycle?,False,0,NONE
4759,she was tomato juice the other night.,False,0,NONE
4760,"Eve, get your nose out of the cup.",False,0,NONE
4761,whose coffee?,False,0,NONE
4762,Cromer's coffee yes.,False,0,NONE
4763,keep your nose out.,False,0,NONE
4764,right.,False,0,NONE
4765,did we forget his?,False,0,NONE
4766,Cromer's coffee yes.,False,0,NONE
4767,keep your nose out.,False,0,NONE
4768,right.,False,0,NONE
4769,did we forget his?,False,0,NONE
4770,"no, he has a napkin.",False,0,NONE
4771,what?,False,0,NONE
4772,mine.,False,0,NONE
4773,hmm?,False,0,NONE
4774,oh.,False,0,NONE
4775,feed the animals.,False,0,NONE
4776,did he give the fish to the seal?,False,0,NONE
4777,the raccoons are doing what?,False,0,NONE
4778,eating popcorn.,False,0,NONE
4779,oh and what's this?,True,1,MQ_OBJ
4780,yes.,False,0,NONE
4781,what?,False,0,NONE
4782,"oh, he has a hat on.",False,0,NONE
4783,he has a hat on in this picture too.,False,0,NONE
4784,what's he doing?,True,1,MQ_OBJ
4785,Eve.,False,0,NONE
4786,is he giving giraffe hay?,False,0,NONE
4787,"is he giving hay, giraffe?",False,0,NONE
4788,what animal is this?,True,1,MQ_OBJ
4789,what's he doing?,True,1,MQ_OBJ
4790,what's he doing?,True,1,MQ_OBJ
4791,what?,False,0,NONE
4792,he got what?,False,0,NONE
4793,he got what?,False,0,NONE
4794,dog barking?,False,0,NONE
4795,uhhuh.,False,0,NONE
4796,yeah.,False,0,NONE
4797,that's what it was.,True,1,EQ_OBJ
4798,there's a dog barking outside.,False,0,NONE
4799,yeah.,False,0,NONE
4800,I 'm not sure.,False,0,NONE
4801,"yeah, I think it is.",False,0,NONE
4802,I 'm sure it is.,False,0,NONE
4803,instead of saying dog she says got.,False,0,NONE
4804,what?,False,0,NONE
4805,"he's eating bread too, I think, I think.",False,0,NONE
4806,that's what it is.,True,1,EQ_OBJ
4807,is he giving the elephant bread?,False,0,NONE
4808,"is he giving bread, elephant?",False,0,NONE
4809,what is that?,True,1,MQ_OBJ
4810,thank you very much.,False,0,NONE
4811,what am I supposed to do with it?,True,2,MQ_OBJ;MQ_SUBJ
4812,thank you.,False,0,NONE
4813,"Rick, whose spoon is this?",True,1,MQ_OBJ
4814,your spoon.,False,0,NONE
4815,and whose spoon is that?,True,1,EQ_OBJ
4816,that's my spoon.,False,0,NONE
4817,what's that spoon?,True,1,MQ_OBJ
4818,my spoon.,False,0,NONE
4819,and?,False,0,NONE
4820,your spoon.,False,0,NONE
4821,"Eve, whose spoon is this?",True,1,MQ_OBJ
4822,"Rick, whose spoon is this?",True,1,MQ_OBJ
4823,your spoon.,False,0,NONE
4824,"Eve, whose spoon is this?",True,1,MQ_OBJ
4825,"no, who is this?",True,1,MQ_OBJ
4826,no.,False,0,NONE
4827,that's Fraser's paper.,False,0,NONE
4828,where's your paper?,True,1,MQ_ADJUNCT
4829,"hi, Eve.",False,0,NONE
4830,do you want something?,False,0,NONE
4831,"well, what do you want?",True,1,MQ_OBJ
4832,"yes, you'll see Eve in just a minute.",False,0,NONE
4833,who's that?,True,1,MQ_OBJ
4834,and who's that?,True,1,EQ_OBJ
4835,Eve with her shower hat?,False,0,NONE
4836,what are you doing?,True,1,MQ_OBJ
4837,"yes, I know you're wearing a shower hat.",False,0,NONE
4838,where are you?,True,1,MQ_ADJUNCT
4839,where are you in those pictures?,True,1,MQ_ADJUNCT
4840,where are you sitting?,True,1,MQ_ADJUNCT
4841,where are you sitting in the pictures?,True,1,MQ_ADJUNCT
4842,where are you sitting?,True,1,MQ_ADJUNCT
4843,hmm?,False,0,NONE
4844,who's that?,True,1,MQ_OBJ
4845,what are you doing there?,True,1,MQ_OBJ
4846,what do you have on your head?,True,1,MQ_OBJ
4847,what?,False,0,NONE
4848,you can see Eve.,False,0,NONE
4849,"Eve, would you like a peanut butter sandwich for lunch?",False,0,NONE
4850,what do you want?,True,1,MQ_OBJ
4851,more cheese?,False,0,NONE
4852,you climb in your highchair and I'll give you more cheese.,False,0,NONE
4853,"no, no more cheese at the table.",False,0,NONE
4854,we're going To eat in the highchair.,False,0,NONE
4855,"now, you had some cheese at the table.",False,0,NONE
4856,it's time for lunch.,False,0,NONE
4857,come on.,False,0,NONE
4858,it is?,False,0,NONE
4859,your papa's lunch is not ready.,False,0,NONE
4860,just Eve's lunch.,False,0,NONE
4861,you go eat your lunch and I'll come over and eat mine.,False,0,NONE
4862,alright?,False,0,NONE
4863,what?,False,0,NONE
4864,what?,False,0,NONE
4865,climb in your highchair.,False,0,NONE
4866,what?,False,0,NONE
4867,what?,False,0,NONE
4868,what do you want?,True,1,MQ_OBJ
4869,there's no toast.,False,0,NONE
4870,we're not have toast for lunch.,False,0,NONE
4871,you sit in your highchair and I'll pour you some milk.,False,0,NONE
4872,eat your cheese.,False,0,NONE
4873,no.,False,0,NONE
4874,no.,False,0,NONE
4875,you climb in your highchair please.,False,0,NONE
4876,"Eve, your lunch is ready.",False,0,NONE
4877,I 'm going to go in the other room.,False,0,NONE
4878,hump.,False,0,NONE
4879,what?,False,0,NONE
4880,hmm?,False,0,NONE
4881,that's not cheese.,False,0,NONE
4882,that's peanut butter.,False,0,NONE
4883,that's not tomato soup.,False,0,NONE
4884,it's clam chowder.,False,0,NONE
4885,uhhuh.,False,0,NONE
4886,what would you like?,True,1,MQ_OBJ
4887,would you like some fruit?,False,0,NONE
4888,what would you like for lunch?,True,1,MQ_OBJ
4889,what?,False,0,NONE
4890,icecream?,False,0,NONE
4891,"yes, you need something besides icecream.",False,0,NONE
4892,how about some um want a cracker?,False,0,NONE
4893,bread and butter?,False,0,NONE
4894,I know what I'll give you.,True,1,EQ_OBJ
4895,I know what I'll give you.,True,1,EQ_OBJ
4896,this is like tapioca.,False,0,NONE
4897,this is almost like tapioca.,False,0,NONE
4898,taste it.,False,0,NONE
4899,it's good.,False,0,NONE
4900,what would you like?,True,1,MQ_OBJ
4901,alright.,False,0,NONE
4902,I forgot your bibbie?,False,0,NONE
4903,"yes, wait.",False,0,NONE
4904,'ll fix your icecream.,False,0,NONE
4905,then we'll put your bibbie on.,False,0,NONE
4906,hmm?,False,0,NONE
4907,what?,False,0,NONE
4908,what?,False,0,NONE
4909,clam chowder?,False,0,NONE
4910,clam chowder.,False,0,NONE
4911,say clam chowder.,False,0,NONE
4912,do you want some clam chowder now?,False,0,NONE
4913,alright.,False,0,NONE
4914,just checking.,False,0,NONE
4915,just checking.,False,0,NONE
4916,okay.,False,0,NONE
4917,have a good lunch.,False,0,NONE
4918,"are you having a good lunch, Eve?",False,0,NONE
4919,what are you eating?,True,1,MQ_OBJ
4920,what's wrong?,True,1,MQ_SUBJ
4921,what's the trouble?,True,1,MQ_SUBJ
4922,what?,False,0,NONE
4923,hmm?,False,0,NONE
4924,paper clip?,False,0,NONE
4925,"oh, I've got your hair tied in the bib.",False,0,NONE
4926,there.,False,0,NONE
4927,is that better?,False,0,NONE
4928,what?,False,0,NONE
4929,what?,False,0,NONE
4930,it's alright now.,False,0,NONE
4931,it's not tied in your bib.,False,0,NONE
4932,it's loose.,False,0,NONE
4933,let me see.,False,0,NONE
4934,yeah.,False,0,NONE
4935,it's alright.,False,0,NONE
4936,Eve?,False,0,NONE
4937,is that your icecream there?,False,0,NONE
4938,whose icecream is it?,True,1,MQ_OBJ
4939,is it my icecream?,False,0,NONE
4940,"whose icecream is it, Eve?",True,1,MQ_OBJ
4941,whose icecream?,False,0,NONE
4942,what?,False,0,NONE
4943,whose icecream is it?,True,1,MQ_OBJ
4944,is it my icecream?,False,0,NONE
4945,hmm?,False,0,NONE
4946,"is it my icecream, Eve?",False,0,NONE
4947,"no, that's your icecream.",False,0,NONE
4948,that's your icecream.,False,0,NONE
4949,not my icecream.,False,0,NONE
4950,"no, she's not going To get up.",False,0,NONE
4951,she's going To take a nap.,False,0,NONE
4952,in Papa's study yep.,False,0,NONE
4953,mhm.,False,0,NONE
4954,what do you see out there?,True,1,MQ_OBJ
4955,what?,False,0,NONE
4956,"sure, she's thirsty.",False,0,NONE
4957,maybe Fraser will get your crayons for you.,False,0,NONE
4958,"okay, Mom'll get your crayons.",False,0,NONE
4959,there they are.,False,0,NONE
4960,"no, this is my spoon.",False,0,NONE
4961,where Fraser's spoon?,False,0,NONE
4962,eh?,False,0,NONE
4963,where's his spoon?,True,1,MQ_ADJUNCT
4964,where's his spoon?,True,1,MQ_ADJUNCT
4965,look in his coffee cup.,False,0,NONE
4966,"he has sugar, Eve.",False,0,NONE
4967,we're not ready to turn yet.,False,0,NONE
4968,in a minute.,False,0,NONE
4969,will we turn the page in a minute?,False,0,NONE
4970,what are we doing now?,True,1,MQ_OBJ
4971,what am I doing now?,True,1,MQ_OBJ
4972,mhm.,False,0,NONE
4973,what will we do in a minute?,True,1,MQ_OBJ
4974,eh?,False,0,NONE
4975,where is Papa?,True,1,MQ_ADJUNCT
4976,"no, he's not at Emerson making pennies.",False,0,NONE
4977,where'd he go?,True,1,MQ_ADJUNCT
4978,Chicago.,False,0,NONE
4979,that's right.,False,0,NONE
4980,what's Papa doing in Chicago?,True,1,MQ_OBJ
4981,that's a.,False,0,NONE
4982,what is that?,True,1,MQ_OBJ
4983,Eve's pencil.,False,0,NONE
4984,what do you see?,True,1,MQ_OBJ
4985,I see you.,False,0,NONE
4986,I see you.,False,0,NONE
4987,who do you see?,True,1,MQ_OBJ
4988,what are you going to do?,True,1,MQ_OBJ
4989,"yeah, you cut the paper.",False,0,NONE
4990,alright.,False,0,NONE
4991,"uhhuh, I know it is.",False,0,NONE
4992,tapioca.,False,0,NONE
4993,I 'm sorry there is no tapioca.,False,0,NONE
4994,there is no tapioca.,False,0,NONE
4995,tomorrow I'll make some for you.,False,0,NONE
4996,there is no tapioca for lunch.,False,0,NONE
4997,I 'm sorry.,False,0,NONE
4998,"yes, you were ruining the rug.",False,0,NONE
4999,straighten the rug.,False,0,NONE
5000,straighten the rug.,False,0,NONE
5001,there is no tapioca.,False,0,NONE
5002,we'll make some this afternoon.,False,0,NONE
5003,blow?,False,0,NONE
5004,come here.,False,0,NONE
5005,do you want to go to the kitchen and make some tapioca?,False,0,NONE
5006,huh?,False,0,NONE
5007,do you wanT To go to the kitchen and help me make some tapioca?,False,0,NONE
5008,"okay, let's go.",False,0,NONE
5009,let's make some tapioca.,False,0,NONE
5010,there's the bowl.,False,0,NONE
5011,there.,False,0,NONE
5012,there'll be tapioca in the bowl in a minute.,False,0,NONE
5013,we have to cook it first.,False,0,NONE
5014,do you wanT A piece a cheese?,False,0,NONE
5015,do you wanT A piece a cheese?,False,0,NONE
5016,you may have a piece of cheese.,False,0,NONE
5017,here.,False,0,NONE
5018,no what?,False,0,NONE
5019,that's the tapioca.,False,0,NONE
5020,more grape juice?,False,0,NONE
5021,are you happy now?,False,0,NONE
5022,"yes, I 'm glad.",False,0,NONE
5023,stay happy for a little while okay?,False,0,NONE
5024,for Eve's lunch.,False,0,NONE
5025,"sure, she's thirsty and hungry.",False,0,NONE
5026,just like Eve.,False,0,NONE
5027,why not?,False,0,NONE
5028,why?,False,0,NONE
5029,why not?,False,0,NONE
5030,she's hungry.,False,0,NONE
5031,why not?,False,0,NONE
5032,why not?,False,0,NONE
5033,that's what I asked.,True,1,EQ_OBJ
5034,why not?,False,0,NONE
5035,yeah.,False,0,NONE
5036,well why not?,False,0,NONE
5037,why?,False,0,NONE
5038,she's thirsty.,False,0,NONE
5039,she cann't drink out of a cup.,False,0,NONE
5040,baby Sarah cann't drink out of a cup.,False,0,NONE
5041,she drinks out of a bottle sometimes.,False,0,NONE
5042,hmm?,False,0,NONE
5043,new socks?,False,0,NONE
5044,who has new socks?,True,1,MQ_SUBJ
5045,do we have everything?,False,0,NONE
5046,no?,False,0,NONE
5047,what do we not have?,True,1,MQ_OBJ
5048,"oh, I know.",False,0,NONE
5049,I'll bring them on Wednesday.,False,0,NONE
5050,we'll play with them on Wednesday.,False,0,NONE
5051,okay?,False,0,NONE
5052,I'll bring them on Wednesday when Cromer comes.,True,1,EQ_ADJUNCT
5053,I'll bring the momma and the papa and the boy and the girl.,False,0,NONE
5054,okay?,False,0,NONE
5055,"oh, what are these?",True,1,MQ_OBJ
5056,and what do you do with them?,True,1,EQ_OBJ
5057,oh yeah.,False,0,NONE
5058,they go in your hair.,False,0,NONE
5059,where's Cromer?,True,1,MQ_ADJUNCT
5060,"oh, Cromer's at home.",False,0,NONE
5061,he'll be here.,False,0,NONE
5062,"oh yes, what did you do?",True,1,MQ_OBJ
5063,"he's not going, go get Cromer.",False,0,NONE
5064,he's going to go to see if we have any mail.,True,1,EQ_POLAR
5065,get your crayons?,False,0,NONE
5066,"yes, get the box.",False,0,NONE
5067,what?,False,0,NONE
5068,say it again.,False,0,NONE
5069,where is it?,True,1,MQ_ADJUNCT
5070,what?,False,0,NONE
5071,sponge?,False,0,NONE
5072,and what does the sponge do?,True,1,EQ_OBJ
5073,"yes, I 'm going To change her diaper.",False,0,NONE
5074,"yeah, that's your sponge.",False,0,NONE
5075,what are you doing to the sponge?,True,1,MQ_OBJ
5076,"well, not cereal now.",False,0,NONE
5077,she had cereal for breakfast.,False,0,NONE
5078,just milk now.,False,0,NONE
5079,what?,False,0,NONE
5080,you have grape juice.,False,0,NONE
5081,let you see what?,False,0,NONE
5082,"oh, it's on the table.",False,0,NONE
5083,all *NULL* you do is go and look at it.,True,1,RC_OBJ
5084,"no, it's not all gone.",False,0,NONE
5085,there's still some left.,False,0,NONE
5086,"oh, what have you there?",True,1,MQ_OBJ
5087,what are you doing?,True,1,MQ_OBJ
5088,I see you.,False,0,NONE
5089,uhhuh.,False,0,NONE
5090,what light?,False,0,NONE
5091,it's already off.,False,0,NONE
5092,I know you did.,False,0,NONE
5093,Papa's desk?,False,0,NONE
5094,no.,False,0,NONE
5095,Papa's desk.,False,0,NONE
5096,eh?,False,0,NONE
5097,I know it.,False,0,NONE
5098,pull your foot out.,False,0,NONE
5099,pull it out.,False,0,NONE
5100,you pull it out.,False,0,NONE
5101,I cann't pull it out.,False,0,NONE
5102,you pull it out.,False,0,NONE
5103,can you do it all by yourself.,False,0,NONE
5104,let me see.,False,0,NONE
5105,I hear him.,False,0,NONE
5106,I hear him.,False,0,NONE
5107,there he is.,False,0,NONE
5108,what are you doing?,True,1,MQ_OBJ
5109,you're in Sarah's bed.,False,0,NONE
5110,pull out?,False,0,NONE
5111,"yes, it's already out, isn't it?",False,0,NONE
5112,that's it.,False,0,NONE
5113,now step out of it.,False,0,NONE
5114,wait.,False,0,NONE
5115,be careful.,False,0,NONE
5116,step out.,False,0,NONE
5117,pull your foot out.,False,0,NONE
5118,you drink it all huh?,False,0,NONE
5119,you put a hole in it?,False,0,NONE
5120,where's the hole?,True,1,MQ_ADJUNCT
5121,how'd that hole get in there?,True,1,MQ_ADJUNCT
5122,in the carriage?,False,0,NONE
5123,I know it's in the carriage but how'd it get there?,True,1,MQ_ADJUNCT
5124,a pencil?,False,0,NONE
5125,did you stick it with a pencil?,False,0,NONE
5126,she cried.,False,0,NONE
5127,she did it.,False,0,NONE
5128,you did?,False,0,NONE
5129,why did you do it?,True,1,MQ_ADJUNCT
5130,I don't think we're going to open the briefcase.,False,0,NONE
5131,"well, there's nothing in the briefcase.",False,0,NONE
5132,"okay, I'll move over there.",False,0,NONE
5133,"there, it was open all the time.",False,0,NONE
5134,but there's nothing in it that's interesting.,True,1,RC_SUBJ
5135,look.,False,0,NONE
5136,do you not think it's open?,False,0,NONE
5137,there.,False,0,NONE
5138,that's fine.,False,0,NONE
5139,that's fine.,False,0,NONE
5140,"oh, I see your hands.",False,0,NONE
5141,"here's your pad, Eve.",False,0,NONE
5142,get your paper.,False,0,NONE
5143,what are you doing to Fraser's paper?,True,1,MQ_OBJ
5144,what are you doing?,True,1,MQ_OBJ
5145,"yeah, what are you doing?",True,1,MQ_OBJ
5146,"yeah, what are you doing?",True,1,MQ_OBJ
5147,now we'll write on this page.,False,0,NONE
5148,"okay, I'll draw an al bl cl.",False,0,NONE
5149,thank you.,False,0,NONE
5150,uhhuh.,False,0,NONE
5151,you'll need to give me one pencil.,False,0,NONE
5152,it's almost time for lunch and you can have some milk.,False,0,NONE
5153,not now.,False,0,NONE
5154,no grape juice.,False,0,NONE
5155,we'll have milk for lunch.,False,0,NONE
5156,there isn't any tapioca.,False,0,NONE
5157,there isn't any.,False,0,NONE
5158,we'll make some this afternoon.,False,0,NONE
5159,hmm?,False,0,NONE
5160,ice cubes?,False,0,NONE
5161,what about ice cubes?,False,0,NONE
5162,"no, you cann't play with the bouillon cubes either.",False,0,NONE
5163,not now.,False,0,NONE
5164,you don't write on your pencil.,False,0,NONE
5165,you're not writing on your pencil.,False,0,NONE
5166,you're writing with your pencil.,False,0,NONE
5167,you're not writing with Fraser's pencil.,False,0,NONE
5168,thank you.,False,0,NONE
5169,thank you.,False,0,NONE
5170,is that Eve pencil?,False,0,NONE
5171,that's right.,False,0,NONE
5172,how do you know that's Fraser's?,True,1,MQ_ADJUNCT
5173,that's right.,False,0,NONE
5174,but how do you know this is Fraser's?,True,1,EQ_ADJUNCT
5175,uhhuh.,False,0,NONE
5176,thank you.,False,0,NONE
5177,you're playing games with Fraser.,False,0,NONE
5178,thank you very much.,False,0,NONE
5179,"yes, you are.",False,0,NONE
5180,"yes, you are.",False,0,NONE
5181,the turtle?,False,0,NONE
5182,I don't know.,False,0,NONE
5183,"yes, the pingpong broke.",False,0,NONE
5184,let's go and get the cards and letters and see what the mailman,False,0,NONE
5185,what do we have here?,True,1,MQ_OBJ
5186,hmm?,False,0,NONE
5187,a check?,False,0,NONE
5188,say check.,False,0,NONE
5189,check?,False,0,NONE
5190,say check.,False,0,NONE
5191,I wish it were a check.,False,0,NONE
5192,"yes, she's sitting on the floor.",False,0,NONE
5193,yes.,False,0,NONE
5194,I'll fix your chair.,False,0,NONE
5195,we'll fix it when we get out there.,True,1,EQ_ADJUNCT
5196,you sit right there in that corner.,False,0,NONE
5197,you sit here.,False,0,NONE
5198,yes.,False,0,NONE
5199,"yes, you cann't have everything out here, Eve.",False,0,NONE
5200,you take the chair back.,False,0,NONE
5201,then we'll put the stool out.,False,0,NONE
5202,there's not room for both.,False,0,NONE
5203,there.,False,0,NONE
5204,you take it back.,False,0,NONE
5205,yep yep.,False,0,NONE
5206,and then we'll move the stool out.,False,0,NONE
5207,there's no room for both.,False,0,NONE
5208,no.,False,0,NONE
5209,you sit in that corner.,False,0,NONE
5210,right.,False,0,NONE
5211,yep.,False,0,NONE
5212,Mom's making a cheese sandwich for lunch.,False,0,NONE
5213,hmm?,False,0,NONE
5214,a piece a cheese?,False,0,NONE
5215,want a piece a cheese now?,False,0,NONE
5216,hmm?,False,0,NONE
5217,yes or no?,False,0,NONE
5218,yeah.,False,0,NONE
5219,and what are you going to do *T*-1 with it?,False,0,NONE
5220,"what, dear?",False,0,NONE
5221,"no, there's no check in there.",False,0,NONE
5222,"yep, that's your Valentine.",False,0,NONE
5223,Becky's Valentine?,False,0,NONE
5224,I don't know.,False,0,NONE
5225,"what are you looking for, Eve?",True,1,MQ_OBJ
5226,"this is don't know, Eve.",False,0,NONE
5227,are you Clip_clop?,False,0,NONE
5228,are you Clip_clop?,False,0,NONE
5229,"oh, you're dancing?",False,0,NONE
5230,I 'm sorry.,False,0,NONE
5231,that was a nice dance.,False,0,NONE
5232,there's a cheese sandwich right here.,False,0,NONE
5233,oh golly.,False,0,NONE
5234,"oh, darn it.",False,0,NONE
5235,pinch finger?,False,0,NONE
5236,"no, I didn't pinch my finger.",False,0,NONE
5237,I did.,False,0,NONE
5238,I didn't pinch my finger.,False,0,NONE
5239,"oh, when I said darn it?",True,1,EQ_ADJUNCT
5240,"no, I dropped the butter.",False,0,NONE
5241,I dropped the butter.,False,0,NONE
5242,mhm.,False,0,NONE
5243,your new fish baby fell down?,False,0,NONE
5244,where on the floor?,False,0,NONE
5245,on the floor of Mom's kitchen?,False,0,NONE
5246,"yes, I'll get it.",False,0,NONE
5247,we're going To have a cheese sandwich.,False,0,NONE
5248,alright.,False,0,NONE
5249,yep.,False,0,NONE
5250,what?,False,0,NONE
5251,who's sitting in your chair?,True,1,MQ_SUBJ
5252,Fraser yeah.,False,0,NONE
5253,he moved.,False,0,NONE
5254,yep.,False,0,NONE
5255,that's Eve's plate.,False,0,NONE
5256,that's Mom's plate.,False,0,NONE
5257,right.,False,0,NONE
5258,right.,False,0,NONE
5259,not on the new table.,False,0,NONE
5260,we'll have supper on the new table.,False,0,NONE
5261,"okay, you cool it.",False,0,NONE
5262,alright.,False,0,NONE
5263,you cool it.,False,0,NONE
5264,"what did I do with your cup, Eve?",True,1,MQ_OBJ
5265,"oh, there it is.",False,0,NONE
5266,it's in the cup.,False,0,NONE
5267,it's right there.,False,0,NONE
5268,dry it.,False,0,NONE
5269,uhhuh.,False,0,NONE
5270,"yes, blow on it.",False,0,NONE
5271,you what?,False,0,NONE
5272,I know you put it on the plate.,False,0,NONE
5273,what did you say before that?,True,1,MQ_OBJ
5274,"yes, you're having food, aren't you?",False,0,NONE
5275,are you having good food?,False,0,NONE
5276,no?,False,0,NONE
5277,"I think you're having very nice food, aren't you?",False,0,NONE
5278,"what, dear?",False,0,NONE
5279,you have good food?,False,0,NONE
5280,fruit she's having.,False,0,NONE
5281,are you eating fruit?,False,0,NONE
5282,supper?,False,0,NONE
5283,you're having lunch.,False,0,NONE
5284,yes.,False,0,NONE
5285,not supper.,False,0,NONE
5286,you're having lunch.,False,0,NONE
5287,yeah lunch.,False,0,NONE
5288,I know your arm's stuck.,False,0,NONE
5289,don't put it back in there any more.,False,0,NONE
5290,alright?,False,0,NONE
5291,hello.,False,0,NONE
5292,my foot's stuck?,False,0,NONE
5293,"no, it's not.",False,0,NONE
5294,"yes, I 'm going To eat my sandwich.",False,0,NONE
5295,"yes, we are.",False,0,NONE
5296,what are we having?,True,1,MQ_OBJ
5297,you eating your,False,0,NONE
5298,I 'm eating mine.,False,0,NONE
5299,"no, you have your own.",False,0,NONE
5300,eating chocolate icecream?,False,0,NONE
5301,we're not eating chocolate icecream now.,False,0,NONE
5302,it's not stuck.,False,0,NONE
5303,it's out.,False,0,NONE
5304,not now.,False,0,NONE
5305,okay.,False,0,NONE
5306,"no, I 'm not having fruit.",False,0,NONE
5307,I 'm going to have an apple.,False,0,NONE
5308,would you like to have part of an apple?,False,0,NONE
5309,okay.,False,0,NONE
5310,going to have chocolate?,False,0,NONE
5311,for dessert.,False,0,NONE
5312,for dessert.,False,0,NONE
5313,after your cheese sandwich.,False,0,NONE
5314,for dessert.,False,0,NONE
5315,after your cheese sandwich.,False,0,NONE
5316,have to buy more what?,False,0,NONE
5317,we have more milk.,False,0,NONE
5318,we have more milk.,False,0,NONE
5319,we don't have to buy any.,False,0,NONE
5320,are you going to eat your cheese sandwich?,False,0,NONE
5321,you have some right there.,False,0,NONE
5322,giving Papa this one?,False,0,NONE
5323,alright.,False,0,NONE
5324,are you going to eat this one?,False,0,NONE
5325,what?,False,0,NONE
5326,don't eat it then.,False,0,NONE
5327,I know we're eating your cheese sandwich.,False,0,NONE
5328,I know we ate it all.,False,0,NONE
5329,he eats fast.,False,0,NONE
5330,and you're slow.,False,0,NONE
5331,mhm.,False,0,NONE
5332,very slow.,False,0,NONE
5333,I see you.,False,0,NONE
5334,are you going to eat this one right here?,False,0,NONE
5335,"well, would you please eat it?",False,0,NONE
5336,up where?,False,0,NONE
5337,yep on the calendar.,False,0,NONE
5338,there's a man up there.,False,0,NONE
5339,yep.,False,0,NONE
5340,hmm?,False,0,NONE
5341,on the wall.,False,0,NONE
5342,yeah.,False,0,NONE
5343,on the calendar.,False,0,NONE
5344,mhm.,False,0,NONE
5345,where's what toy?,True,1,MQ_ADJUNCT
5346,upstairs.,False,0,NONE
5347,you think it's downstairs?,False,0,NONE
5348,I think it's upstairs.,False,0,NONE
5349,in your bedroom.,False,0,NONE
5350,you can get it in a little bit.,False,0,NONE
5351,you eat your lunch right now.,False,0,NONE
5352,you don't need to write.,False,0,NONE
5353,shall I peel it?,False,0,NONE
5354,you cann't peel it.,False,0,NONE
5355,I'll peel it.,False,0,NONE
5356,Papa wants an apple.,False,0,NONE
5357,yep.,False,0,NONE
5358,well.,False,0,NONE
5359,I'd better go away.,False,0,NONE
5360,and have my lunch.,False,0,NONE
5361,bring his coat?,False,0,NONE
5362,alright.,False,0,NONE
5363,I'll bring his coat as soon as he puts the taperecorder away.,False,0,NONE
5364,how's that?,True,1,MQ_ADJUNCT
5365,okay?,False,0,NONE
5366,you get your pencil.,False,0,NONE
5367,it's on the counter.,False,0,NONE
5368,you get your pencil.,False,0,NONE
5369,it's on the counter.,False,0,NONE
5370,very good.,False,0,NONE
5371,did you drop them?,False,0,NONE
5372,oh goodness.,False,0,NONE
5373,did you ever.,False,0,NONE
5374,oh goodness.,False,0,NONE
5375,did you ever.,False,0,NONE
5376,we'll put those back on the counter.,False,0,NONE
5377,yep.,False,0,NONE
5378,alright.,False,0,NONE
5379,put it in the bed.,False,0,NONE
5380,just put it in the bed.,False,0,NONE
5381,that's a girl.,False,0,NONE
5382,thank you.,False,0,NONE
5383,uhhuh.,False,0,NONE
5384,"oh, I forgot to hang up his coat.",False,0,NONE
5385,you put it on the rockingchair.,False,0,NONE
5386,you did?,False,0,NONE
5387,what are you doing?,True,1,MQ_OBJ
5388,running?,False,0,NONE
5389,"no, I think I've had enough for just now.",False,0,NONE
5390,I'll maybe have another one in a little while.,False,0,NONE
5391,he'll have another one in a little while.,False,0,NONE
5392,what's he doing?,True,1,MQ_OBJ
5393,he's writing?,False,0,NONE
5394,in a minute.,False,0,NONE
5395,I'll have one in a minute.,False,0,NONE
5396,yeah.,False,0,NONE
5397,what did you say *T*-1?,False,0,NONE
5398,where's Fraser's pencil *T*-1?,False,0,NONE
5399,and what's in the briefcase?,True,1,EQ_SUBJ
5400,what's in the briefcase?,True,1,MQ_SUBJ
5401,what did I bring today?,True,1,MQ_OBJ
5402,what did I say I would bring on Wednesday?,True,1,EQ_OBJ
5403,that's right.,False,0,NONE
5404,in the briefcase?,False,0,NONE
5405,"no, in Fraser's briefcase.",False,0,NONE
5406,uhhuh.,False,0,NONE
5407,let you see what?,False,0,NONE
5408,okay.,False,0,NONE
5409,who's that?,True,1,MQ_OBJ
5410,what?,False,0,NONE
5411,who's that?,True,1,MQ_OBJ
5412,that's the girl.,False,0,NONE
5413,the Mommy.,False,0,NONE
5414,that's the dolly.,False,0,NONE
5415,that's the Papa.,False,0,NONE
5416,that's the boy.,False,0,NONE
5417,"now you tell me, who is that?",True,1,MQ_OBJ
5418,that's right.,False,0,NONE
5419,who is that?,True,1,MQ_OBJ
5420,"no, that's the girl.",False,0,NONE
5421,the girl.,False,0,NONE
5422,who is that?,True,1,MQ_OBJ
5423,that's right.,False,0,NONE
5424,who is that?,True,1,MQ_OBJ
5425,that's right.,False,0,NONE
5426,and who is that?,True,1,EQ_OBJ
5427,"no, that's the girl.",False,0,NONE
5428,that's the girl.,False,0,NONE
5429,that's right.,False,0,NONE
5430,"yeah, that's girl too.",False,0,NONE
5431,this one's going for a walk eh?,False,0,NONE
5432,I think the Papa's going to come back.,False,0,NONE
5433,and the boy's going to go for a walk.,False,0,NONE
5434,hi.,False,0,NONE
5435,hi.,False,0,NONE
5436,"hi, Eve.",False,0,NONE
5437,hi.,False,0,NONE
5438,"Eve, don't pick your fingernail.",False,0,NONE
5439,Papa will fix it when he comes home.,True,1,EQ_ADJUNCT
5440,he'll cut it for you with the scissors.,False,0,NONE
5441,is the Mommy jumping.,False,0,NONE
5442,is the Mommy jumping.,False,0,NONE
5443,what's the Mommy doing?,True,1,MQ_OBJ
5444,did you find it?,False,0,NONE
5445,good.,False,0,NONE
5446,"what are you doing, Eve?",True,1,MQ_OBJ
5447,"oh, we have other things.",False,0,NONE
5448,that's a duck.,False,0,NONE
5449,there it is.,False,0,NONE
5450,you show me the duck pushes the squirrel.,False,0,NONE
5451,show me the duck pushes the squirrel.,False,0,NONE
5452,okay.,False,0,NONE
5453,you drink your grape juice first and we'll play later.,False,0,NONE
5454,that's very good.,False,0,NONE
5455,you show me the duck pushes the squirrel.,False,0,NONE
5456,"yes, you show me the duck pushes the dog.",False,0,NONE
5457,show me the duck pushes the dog.,False,0,NONE
5458,"okay, I'll open the briefcase.",False,0,NONE
5459,I can see you.,False,0,NONE
5460,I see you.,False,0,NONE
5461,show me the squirrel pushes the duck.,False,0,NONE
5462,"yeah, you show me Papa pushes the duck.",False,0,NONE
5463,what's happened to it?,True,1,MQ_SUBJ
5464,are those two duck?,False,0,NONE
5465,did he drink all his coffee?,False,0,NONE
5466,good.,False,0,NONE
5467,"well, there isn't anymore right now.",False,0,NONE
5468,show me the squirrel pushes the duck.,False,0,NONE
5469,yes.,False,0,NONE
5470,put the duck on the table.,False,0,NONE
5471,will you put the duck on the table?,False,0,NONE
5472,okay.,False,0,NONE
5473,"I think we'll put the dolls away, will we?",False,0,NONE
5474,will we put them away?,False,0,NONE
5475,yup.,False,0,NONE
5476,okay.,False,0,NONE
5477,I'll put the top on.,False,0,NONE
5478,what do you want?,True,1,MQ_OBJ
5479,okay.,False,0,NONE
5480,there.,False,0,NONE
5481,there it is.,False,0,NONE
5482,what did you do?,True,1,MQ_OBJ
5483,uhhuh.,False,0,NONE
5484,hello.,False,0,NONE
5485,how are you?,True,1,MQ_ADJUNCT
5486,there's not room in the kitchen.,False,0,NONE
5487,what?,False,0,NONE
5488,cheese please?,False,0,NONE
5489,let's move your highchair.,False,0,NONE
5490,"no, we'll have supper at our new table.",False,0,NONE
5491,uhhuh.,False,0,NONE
5492,"yes, we'll have lunch.",False,0,NONE
5493,tonight we'll have supper.,False,0,NONE
5494,yep.,False,0,NONE
5495,"no, we'll not have lunch on the new table.",False,0,NONE
5496,not now.,False,0,NONE
5497,right.,False,0,NONE
5498,no.,False,0,NONE
5499,hmm?,False,0,NONE
5500,that's not supper.,False,0,NONE
5501,that's lunch.,False,0,NONE
5502,soup for lunch.,False,0,NONE
5503,you're eating?,False,0,NONE
5504,"oh, they're upstairs.",False,0,NONE
5505,did you put Papa's boots away this morning?,False,0,NONE
5506,do you want to eat with us?,False,0,NONE
5507,if I may.,True,1,EQ_POLAR
5508,"yes, he wants to eat.",False,0,NONE
5509,cookies for dessert.,False,0,NONE
5510,chocolate?,False,0,NONE
5511,for dessert you may have chocolate.,False,0,NONE
5512,for desert yes.,False,0,NONE
5513,mhm.,False,0,NONE
5514,what's she doing?,True,1,MQ_OBJ
5515,mhm.,False,0,NONE
5516,right.,False,0,NONE
5517,mhm.,False,0,NONE
5518,and Eve's sitting in her highchair.,False,0,NONE
5519,right.,False,0,NONE
5520,Fraser too?,False,0,NONE
5521,what's he doing?,True,1,MQ_OBJ
5522,Papa too?,False,0,NONE
5523,"yes, he did.",False,0,NONE
5524,he comes every day to see Eve.,False,0,NONE
5525,"no, there's not room in the kitchen.",False,0,NONE
5526,we'll just leave her in the livingroom.,False,0,NONE
5527,"yes, Eve.",False,0,NONE
5528,"well hello, Eve.",False,0,NONE
5529,got his feet on the stool?,False,0,NONE
5530,I have my feet on the stool.,False,0,NONE
5531,I have my shoes on the floor.,False,0,NONE
5532,For dessert you may have chocolate.,False,0,NONE
5533,for dessert.,False,0,NONE
5534,soup first.,False,0,NONE
5535,then dessert.,False,0,NONE
5536,what?,False,0,NONE
5537,what do you want that I do with it?,True,1,EQ_OBJ
5538,"oh, blow with the spoon.",False,0,NONE
5539,alright.,False,0,NONE
5540,I think I'll put an ice cube in it.,False,0,NONE
5541,that'll be much easier.,False,0,NONE
5542,uhhuh.,False,0,NONE
5543,it's just right.,False,0,NONE
5544,it's in the sink.,False,0,NONE
5545,"would you like a graham cracker too, Eve?",False,0,NONE
5546,"that's better, isn't it?",False,0,NONE
5547,are you going To sit at the table?,False,0,NONE
5548,it did break.,False,0,NONE
5549,"yeah, that's your box.",False,0,NONE
5550,we'll bring them on Wednesday when Cromer comes.,True,1,EQ_ADJUNCT
5551,okay.,False,0,NONE
5552,yep.,False,0,NONE
5553,okay.,False,0,NONE
5554,I don't know.,False,0,NONE
5555,"it's in the box with your crayons, Eve.",False,0,NONE
5556,you'll have to get one from the kitchen.,False,0,NONE
5557,uh hmm?,False,0,NONE
5558,he's at home.,False,0,NONE
5559,he'll be here on Wednesday.,False,0,NONE
5560,Cromer comes on Wednesday.,False,0,NONE
5561,what'll happen on Wednesday?,True,1,MQ_SUBJ
5562,will we bring dolls or will we bring dolls?,False,0,NONE
5563,eh?,False,0,NONE
5564,on Wednesday will I bring dolls?,False,0,NONE
5565,will I bring doll?,False,0,NONE
5566,I 'm going steal your box.,False,0,NONE
5567,I 'm going use your box.,False,0,NONE
5568,we'll get you another one.,False,0,NONE
5569,"yes, I 'm going To use the box.",False,0,NONE
5570,hi.,False,0,NONE
5571,who is that?,True,1,MQ_OBJ
5572,that's right.,False,0,NONE
5573,that's Gordon.,False,0,NONE
5574,I 'm fixing the box *NULL* to send to Sheila.,True,1,RC_OBJ
5575,send the box to Sheila.,False,0,NONE
5576,that's right.,False,0,NONE
5577,"yes, I 'm using it.",False,0,NONE
5578,what is it?,True,1,MQ_OBJ
5579,you lost two of them.,False,0,NONE
5580,"I think I'll just cut that off, Eve.",False,0,NONE
5581,it'll be easier.,False,0,NONE
5582,wait a second.,False,0,NONE
5583,"yes, I think I'll cut it off.",False,0,NONE
5584,yeah alright.,False,0,NONE
5585,I don't know whether it'll work.,True,1,EQ_POLAR
5586,I didn't think it would.,False,0,NONE
5587,thank you.,False,0,NONE
5588,did you cut it?,False,0,NONE
5589,now put the scissors back in the box.,False,0,NONE
5590,I think we'd better put your sweeper away.,False,0,NONE
5591,we're finished cleaning.,False,0,NONE
5592,put your sweeper back in the closet please.,False,0,NONE
5593,"Eve, would you please put the sweeper back in the closet while I.",False,0,NONE
5594,"yes, you'd better put it back.",False,0,NONE
5595,thank you.,False,0,NONE
5596,it broke?,False,0,NONE
5597,what happened to it?,True,1,MQ_SUBJ
5598,what happened to it?,True,1,MQ_SUBJ
5599,it did break.,False,0,NONE
5600,cann't you do it?,False,0,NONE
5601,why?,False,0,NONE
5602,in the cupboard?,False,0,NONE
5603,"yes, you put it back in the cupboard.",False,0,NONE
5604,you can do it.,False,0,NONE
5605,alright.,False,0,NONE
5606,just a moment.,False,0,NONE
5607,there.,False,0,NONE
5608,yeah.,False,0,NONE
5609,I 'm going To have coffee in just a minute.,False,0,NONE
5610,hi.,False,0,NONE
5611,now then.,False,0,NONE
5612,now then.,False,0,NONE
5613,are you ready?,False,0,NONE
5614,give me the pencils.,False,0,NONE
5615,thank you.,False,0,NONE
5616,very good.,False,0,NONE
5617,very good.,False,0,NONE
5618,give me the pencil.,False,0,NONE
5619,thank you.,False,0,NONE
5620,okay.,False,0,NONE
5621,you write on my paper.,False,0,NONE
5622,look at that funny pencil.,False,0,NONE
5623,that's a big one.,False,0,NONE
5624,that's a big one.,False,0,NONE
5625,that's a big one.,False,0,NONE
5626,what's that?,True,1,MQ_OBJ
5627,you have those and I'll have this one.,False,0,NONE
5628,that's right.,False,0,NONE
5629,that's right.,False,0,NONE
5630,you give me the pencil.,False,0,NONE
5631,thank you.,False,0,NONE
5632,you give me the pencils.,False,0,NONE
5633,thank you.,False,0,NONE
5634,there's lots of pencils.,False,0,NONE
5635,what?,False,0,NONE
5636,what?,False,0,NONE
5637,"oh, Eve.",False,0,NONE
5638,mhm.,False,0,NONE
5639,okay.,False,0,NONE
5640,I had sugar.,False,0,NONE
5641,thank you.,False,0,NONE
5642,you have Fraser's what?,False,0,NONE
5643,"oh, I need my pencil.",False,0,NONE
5644,what do I write with if I put it down?,True,2,EQ_POLAR;MQ_OBJ
5645,but I need a pencil.,False,0,NONE
5646,that's a rubber.,False,0,NONE
5647,because it rubs.,False,0,NONE
5648,it's an eraser.,False,0,NONE
5649,it's an eraser.,False,0,NONE
5650,it's an eraser.,False,0,NONE
5651,she didn't understand push.,False,0,NONE
5652,people around here.,False,0,NONE
5653,"yes, people around here.",False,0,NONE
5654,do you want me to sit over there?,False,0,NONE
5655,do you remember what we did yesterday?,True,1,EQ_OBJ
5656,do you remember what we did yesterday?,True,1,EQ_OBJ
5657,we went to see Cathy.,False,0,NONE
5658,and what did Cathy have?,True,1,EQ_OBJ
5659,what was on Cathy's table when we got there?,True,2,EQ_ADJUNCT;MQ_SUBJ
5660,and what else?,False,0,NONE
5661,and what else besides icecream?,False,0,NONE
5662,and what besides milk?,False,0,NONE
5663,it had candles on it.,False,0,NONE
5664,what was it?,True,1,MQ_OBJ
5665,did you hurt your finger?,False,0,NONE
5666,what?,False,0,NONE
5667,who is that?,True,1,MQ_OBJ
5668,what's he doing?,True,1,MQ_OBJ
5669,"sure, he is.",False,0,NONE
5670,what is Fraser doing?,True,1,MQ_OBJ
5671,mhm.,False,0,NONE
5672,with what?,False,0,NONE
5673,what's he writing on?,True,1,MQ_OBJ
5674,right.,False,0,NONE
5675,"oh, I need my pencil.",False,0,NONE
5676,"no, Fraser's not all done.",False,0,NONE
5677,very good.,False,0,NONE
5678,look what I have.,True,1,EQ_OBJ
5679,okay.,False,0,NONE
5680,give me the crayons.,False,0,NONE
5681,give me the crayons.,False,0,NONE
5682,you give me the crayons.,False,0,NONE
5683,that's a girl.,False,0,NONE
5684,yeah.,False,0,NONE
5685,I think that pocket's full up.,False,0,NONE
5686,fixing the box for Sheila.,False,0,NONE
5687,you have two?,False,0,NONE
5688,uhhuh.,False,0,NONE
5689,do you have the crayons?,False,0,NONE
5690,who has the crayons?,True,1,MQ_SUBJ
5691,very good.,False,0,NONE
5692,yeah.,False,0,NONE
5693,you have lots of crayons in there.,False,0,NONE
5694,that's a marking pencil.,False,0,NONE
5695,in Papa's study.,False,0,NONE
5696,I 'm fixing the box for Sheila.,False,0,NONE
5697,you can not use it.,False,0,NONE
5698,no.,False,0,NONE
5699,that's right.,False,0,NONE
5700,only Mommy can use it.,False,0,NONE
5701,yeah.,False,0,NONE
5702,where are your toys?,True,1,MQ_ADJUNCT
5703,I don't know.,False,0,NONE
5704,do you know where they are?,True,1,EQ_ADJUNCT
5705,what?,False,0,NONE
5706,one for Mom.,False,0,NONE
5707,"oh, thank you.",False,0,NONE
5708,what is this?,True,1,MQ_OBJ
5709,"Eve, give me the pegs.",False,0,NONE
5710,what do you put on the floor?,True,1,MQ_OBJ
5711,what do you want me to do?,True,1,MQ_OBJ
5712,okay.,False,0,NONE
5713,no.,False,0,NONE
5714,did you put the tinkertoy on the floor?,False,0,NONE
5715,coffee.,False,0,NONE
5716,that's your cheese sandwich.,False,0,NONE
5717,we'll have to cook it first.,False,0,NONE
5718,that's hot.,False,0,NONE
5719,it's much too hot.,False,0,NONE
5720,I think you'd better wipe your fingers first.,False,0,NONE
5721,right there.,False,0,NONE
5722,it's downstairs in the washingmachine.,False,0,NONE
5723,cheese sandwich.,False,0,NONE
5724,what?,False,0,NONE
5725,yep.,False,0,NONE
5726,is that hot?,False,0,NONE
5727,too hot to eat?,False,0,NONE
5728,when you feel better.,False,0,NONE
5729,okay.,False,0,NONE
5730,is your soup hot?,False,0,NONE
5731,it's not?,False,0,NONE
5732,is the cheese sandwich hot?,False,0,NONE
5733,it's just right to eat.,False,0,NONE
5734,do you think he'll want a cheese sandwich?,False,0,NONE
5735,"yes, let's wait until he comes home and ask him.",False,0,NONE
5736,have you been drawing?,False,0,NONE
5737,more grape juice?,False,0,NONE
5738,just a second,False,0,NONE
5739,I'll open it in a minute.,False,0,NONE
5740,"oh, you're going To talk on the telephone?",False,0,NONE
5741,who're you going To talk to?,True,1,MQ_OBJ
5742,"oh, Granpa and Granny.",False,0,NONE
5743,alright.,False,0,NONE
5744,better fix it?,False,0,NONE
5745,what's wrong with it?,False,0,NONE
5746,there.,False,0,NONE
5747,talk to Granny and Granpa?,False,0,NONE
5748,why?,False,0,NONE
5749,I thought you were going to talk.,False,0,NONE
5750,okay there.,False,0,NONE
5751,that was very short.,False,0,NONE
5752,how are they?,True,1,MQ_ADJUNCT
5753,what are they doing?,True,1,MQ_OBJ
5754,they're in bed?,False,0,NONE
5755,in a clean bed.,False,0,NONE
5756,"oh, that's extra special.",False,0,NONE
5757,the tapioca's getting cool.,False,0,NONE
5758,yes.,False,0,NONE
5759,"yes, I'll have to make more.",False,0,NONE
5760,"is that Fraser's coffee, Eve?",False,0,NONE
5761,is it coffee for Fraser?,False,0,NONE
5762,thank you.,False,0,NONE
5763,do you want me to put it on Eve?,False,0,NONE
5764,Alright.,False,0,NONE
5765,there.,False,0,NONE
5766,you're welcome.,False,0,NONE
5767,there.,False,0,NONE
5768,you're welcome.,False,0,NONE
5769,"oh, you have two.",False,0,NONE
5770,"oh, that's right.",False,0,NONE
5771,I'll get another pencil.,False,0,NONE
5772,what do we do now then?,True,1,MQ_OBJ
5773,now Eve.,False,0,NONE
5774,you give me the pencils.,False,0,NONE
5775,thank you.,False,0,NONE
5776,"Eve, give Fraser two pencils.",False,0,NONE
5777,thank you.,False,0,NONE
5778,thank you.,False,0,NONE
5779,what?,False,0,NONE
5780,"what, Eve?",False,0,NONE
5781,"what, Dear?",False,0,NONE
5782,where are the Christmas cookies?,True,1,MQ_ADJUNCT
5783,they're all gone.,False,0,NONE
5784,we ate them all.,False,0,NONE
5785,where are they?,True,1,MQ_ADJUNCT
5786,they are all gone.,False,0,NONE
5787,"Eve, do you say Christmas cookies.",False,0,NONE
5788,or Christmas cookies?,False,0,NONE
5789,they're all gone?,False,0,NONE
5790,you say Christmas cookies.,False,0,NONE
5791,say Christmas cookie.,False,0,NONE
5792,what's all gone?,True,1,MQ_SUBJ
5793,aw.,False,0,NONE
5794,"oh well, maybe you'll get some more next Christmas eh?",False,0,NONE
5795,okay.,False,0,NONE
5796,it's there.,False,0,NONE
5797,you find it.,False,0,NONE
5798,you look for it.,False,0,NONE
5799,it's there.,False,0,NONE
5800,what is there?,True,1,MQ_SUBJ
5801,is it red bicycles?,False,0,NONE
5802,is it red bicycle?,False,0,NONE
5803,okay.,False,0,NONE
5804,what's happening?,True,1,MQ_SUBJ
5805,where are his feet?,True,1,MQ_ADJUNCT
5806,right where?,False,0,NONE
5807,where is the bicycle?,True,1,MQ_ADJUNCT
5808,is it on the cloth?,False,0,NONE
5809,is it under the cloth?,False,0,NONE
5810,when Daddy burned the leaves.,False,0,NONE
5811,what's he doing there?,True,1,MQ_OBJ
5812,and the potatos?,False,0,NONE
5813,Eve.,False,0,NONE
5814,you forgot about my nice red bag.,False,0,NONE
5815,what does Fraser have in his new bag over there?,True,1,MQ_OBJ
5816,what does Fraser have in that new bag?,True,1,MQ_OBJ
5817,how about this?,False,0,NONE
5818,and we'll play with this.,False,0,NONE
5819,it's Jim Jim the bird.,False,0,NONE
5820,Jim does funny things.,False,0,NONE
5821,look.,False,0,NONE
5822,"okay, I'll turn it again.",False,0,NONE
5823,that's what Jim does.,True,1,EQ_OBJ
5824,but listen.,False,0,NONE
5825,do you hear the funny noise *NULL* he makes?,True,1,RC_OBJ
5826,did you hear it?,False,0,NONE
5827,mhm.,False,0,NONE
5828,and this bird's name is Jim.,False,0,NONE
5829,the bird's name's Jim.,False,0,NONE
5830,just Jim.,False,0,NONE
5831,do you hear the noise *NULL* he makes?,True,1,RC_OBJ
5832,do you know what that is?,True,1,EQ_OBJ
5833,he chirps.,False,0,NONE
5834,he chirps.,False,0,NONE
5835,he goes.,False,0,NONE
5836,that's right.,False,0,NONE
5837,I can chirp.,False,0,NONE
5838,can you chirp?,False,0,NONE
5839,go on.,False,0,NONE
5840,you chirp.,False,0,NONE
5841,uhhuh.,False,0,NONE
5842,"it's bobbing up and down, isn't it?",False,0,NONE
5843,up and down.,False,0,NONE
5844,bobbing up and down.,False,0,NONE
5845,he's bobbing up and down.,False,0,NONE
5846,he goes up and down.,False,0,NONE
5847,bobbing up and down.,False,0,NONE
5848,he chirps.,False,0,NONE
5849,and he was bobbing up and down.,False,0,NONE
5850,that's right.,False,0,NONE
5851,he was bobbing up and down.,False,0,NONE
5852,will we watch him bobbing up and down again?,False,0,NONE
5853,"what did he do, Eve?",True,1,MQ_OBJ
5854,what did he do?,True,1,MQ_OBJ
5855,we'll leave Jim there for a minute.,False,0,NONE
5856,we'll give him a rest.,False,0,NONE
5857,"okay, we'll put him away?",False,0,NONE
5858,what are you doing?,True,1,MQ_OBJ
5859,"Eve, show me the boat pushes the bird.",False,0,NONE
5860,show me the boat pushes the bird.,False,0,NONE
5861,"okay, we'll put these away.",False,0,NONE
5862,what's that?,True,1,MQ_OBJ
5863,yeah.,False,0,NONE
5864,of course it is.,False,0,NONE
5865,and what's this?,True,1,EQ_OBJ
5866,yeah.,False,0,NONE
5867,show me the dog sits on the cup.,False,0,NONE
5868,very good.,False,0,NONE
5869,Eve.,False,0,NONE
5870,show me the cup sits on the dog.,False,0,NONE
5871,give me the dog's cup.,False,0,NONE
5872,thank you.,False,0,NONE
5873,"okay, we'll put this away.",False,0,NONE
5874,"oh, you want something else?",False,0,NONE
5875,uhhuh.,False,0,NONE
5876,Eve.,False,0,NONE
5877,give me the Papa's boy.,False,0,NONE
5878,give me the Papa's boy.,False,0,NONE
5879,is that the doll's box?,False,0,NONE
5880,is that the box's doll?,False,0,NONE
5881,we don't need something else?,False,0,NONE
5882,"oh, I don't think we need anything else.",False,0,NONE
5883,"oh, here's the Papa and the Mommy.",False,0,NONE
5884,they all came back.,False,0,NONE
5885,uhhuh.,False,0,NONE
5886,okay.,False,0,NONE
5887,there.,False,0,NONE
5888,I think that's okay.,False,0,NONE
5889,now.,False,0,NONE
5890,I'll give you the duck.,False,0,NONE
5891,you cann't find it?,False,0,NONE
5892,it might be here.,False,0,NONE
5893,"yes, in Fraser's bag.",False,0,NONE
5894,you show me the duck pushes the truck.,False,0,NONE
5895,show me the duck pushed the truck.,False,0,NONE
5896,"yes, there is another duck someplace.",False,0,NONE
5897,then we'll have two.,False,0,NONE
5898,two what?,False,0,NONE
5899,there's two.,False,0,NONE
5900,what else would you like?,True,1,MQ_OBJ
5901,what happened?,True,1,MQ_SUBJ
5902,something else.,False,0,NONE
5903,lunchtime.,False,0,NONE
5904,almost.,False,0,NONE
5905,almost.,False,0,NONE
5906,not quite.,False,0,NONE
5907,it's not quite ready.,False,0,NONE
5908,"your grape juice is all gone, sweetie.",False,0,NONE
5909,we're going To have milk for lunch.,False,0,NONE
5910,what?,False,0,NONE
5911,bread.,False,0,NONE
5912,he went upstairs to change his clothes.,False,0,NONE
5913,pick it up.,False,0,NONE
5914,"oh, you have to move it.",False,0,NONE
5915,that's a girl.,False,0,NONE
5916,it's a sort of runny tapioca.,False,0,NONE
5917,you wanT To sit in your highchair?,False,0,NONE
5918,let's move it first.,False,0,NONE
5919,let's move it out here.,False,0,NONE
5920,climb in.,False,0,NONE
5921,you move right here.,False,0,NONE
5922,your spoon?,False,0,NONE
5923,"yes, I'll get it for you.",False,0,NONE
5924,it's runny.,False,0,NONE
5925,I 'm sorry.,False,0,NONE
5926,you're not going byebye yet.,False,0,NONE
5927,"yes, I 'm going byebye in a minute.",False,0,NONE
5928,who is that?,True,1,MQ_OBJ
5929,what's he doing?,True,1,MQ_OBJ
5930,is he jumping?,False,0,NONE
5931,"and he chirps, doesn't he?",False,0,NONE
5932,he chirps.,False,0,NONE
5933,and he bobbing up and down.,False,0,NONE
5934,bobbing up and down.,False,0,NONE
5935,he bobs up and down.,False,0,NONE
5936,that's salami.,False,0,NONE
5937,would you like a piece?,False,0,NONE
5938,are you sleepy?,False,0,NONE
5939,you look sleepy.,False,0,NONE
5940,all morning.,False,0,NONE
5941,she slept all morning yes.,False,0,NONE
5942,"Eve, would you like a cracker or a piece of bread with peanut",False,0,NONE
5943,would you like butter on it too or just peanut butter?,False,0,NONE
5944,hmm?,False,0,NONE
5945,butter too?,False,0,NONE
5946,you're welcome.,False,0,NONE
5947,just salami.,False,0,NONE
5948,he went upstairs to change his clothes.,False,0,NONE
5949,"yes, you drank all the grape juice.",False,0,NONE
5950,"yes, she did.",False,0,NONE
5951,"he was bobbin up and down, wasn't he?",False,0,NONE
5952,what else did he do?,True,1,MQ_OBJ
5953,what did he do?,True,1,MQ_OBJ
5954,what noise did he make?,True,1,MQ_OBJ
5955,what about the noise?,False,0,NONE
5956,what was that?,True,1,MQ_OBJ
5957,"Eve, what?",False,0,NONE
5958,chirps?,False,0,NONE
5959,can you say that.,False,0,NONE
5960,chirp?,False,0,NONE
5961,not jump.,False,0,NONE
5962,chirp.,False,0,NONE
5963,chirp.,False,0,NONE
5964,hi.,False,0,NONE
5965,have you finished all your lunch?,False,0,NONE
5966,hi.,False,0,NONE
5967,bobbing up and down.,False,0,NONE
5968,uhhuh.,False,0,NONE
5969,who is?,False,0,NONE
5970,who is?,False,0,NONE
5971,who's bobbing up and down?,True,1,MQ_SUBJ
5972,the duck?,False,0,NONE
5973,hi.,False,0,NONE
5974,is that two pencil?,False,0,NONE
5975,is that two pencil?,False,0,NONE
5976,is that two pencils?,False,0,NONE
5977,more than two pencils.,False,0,NONE
5978,there certainly is more than two.,False,0,NONE
5979,Becky was a naughty girl yesterday.,False,0,NONE
5980,Becky was a naughty girl yesterday.,False,0,NONE
5981,yes.,False,0,NONE
5982,she almost got sick.,False,0,NONE
5983,you only take aspirins when Mommy gives them to you.,True,1,EQ_ADJUNCT
5984,when Margaret gives them to Becky.,False,0,NONE
5985,that's right.,False,0,NONE
5986,I know that's Fraser.,False,0,NONE
5987,what's he doing?,True,1,MQ_OBJ
5988,what is it?,True,1,MQ_OBJ
5989,uhhuh.,False,0,NONE
5990,is that two book?,False,0,NONE
5991,he'll put them back in the box.,False,0,NONE
5992,put them back in the box.,False,0,NONE
5993,I'll put them back.,False,0,NONE
5994,uhhuh.,False,0,NONE
5995,tapioca's spilling around?,False,0,NONE
5996,"it is sort of, isn't it?",False,0,NONE
5997,the ginger man?,False,0,NONE
5998,where?,False,0,NONE
5999,in your tapioca?,False,0,NONE
6000,hmm?,False,0,NONE
6001,in your tapioca?,False,0,NONE
6002,I don't think so.,False,0,NONE
6003,hmm?,False,0,NONE
6004,"oh, Frosty the Snowman's in there?",False,0,NONE
6005,what are they doing in your tapioca?,True,1,MQ_OBJ
6006,what are they doing in your tapioca?,True,1,MQ_OBJ
6007,in where?,False,0,NONE
6008,the snowman's wearing glasses?,False,0,NONE
6009,you don't have a snowman.,False,0,NONE
6010,he's gone away.,False,0,NONE
6011,I know that's your elbow right there.,False,0,NONE
6012,see it.,False,0,NONE
6013,right there.,False,0,NONE
6014,under his shirt.,False,0,NONE
6015,it's under his shirt and under his jacket.,False,0,NONE
6016,it's in there.,False,0,NONE
6017,see?,False,0,NONE
6018,I 'm making bouillon for Papa.,False,0,NONE
6019,with the bouillon cubes.,False,0,NONE
6020,"no, it's bouillon cubes.",False,0,NONE
6021,he's in the basement.,False,0,NONE
6022,"hey, babe.",False,0,NONE
6023,are you all done?,False,0,NONE
6024,and sit down.,False,0,NONE
6025,they are napkins yes.,False,0,NONE
6026,turn around and finish your lunch.,False,0,NONE
6027,I think you'd better finish your lunch and then we'll go.,False,0,NONE
6028,right.,False,0,NONE
6029,your new clean blanket's up in your bed.,False,0,NONE
6030,it's not sleeping.,False,0,NONE
6031,it's just laying there.,False,0,NONE
6032,"Eve, is it a clean new blanket?",False,0,NONE
6033,clean new blanket?,False,0,NONE
6034,new clean blanket?,False,0,NONE
6035,"no, it's not in the livingroom.",False,0,NONE
6036,"no, where is it?",True,1,MQ_ADJUNCT
6037,in Fraser's livingroom?,False,0,NONE
6038,where is your blanket?,True,1,MQ_ADJUNCT
6039,what's it doing in Cromer's livingroom.,True,1,MQ_OBJ
6040,who put it there?,True,1,MQ_SUBJ
6041,in Fraser's livingroom?,False,0,NONE
6042,where is your blanket?,True,1,MQ_ADJUNCT
6043,what's it doing in Cromer's livingroom.,True,1,MQ_OBJ
6044,who put it there?,True,1,MQ_SUBJ
6045,who put your blanket in Fraser's livingroom?,True,1,MQ_SUBJ
6046,green are what?,False,0,NONE
6047,green car?,False,0,NONE
6048,where's the green car?,True,1,MQ_ADJUNCT
6049,on t_v?,False,0,NONE
6050,six little taxis standing in a row.,False,0,NONE
6051,there was a green one.,False,0,NONE
6052,there was a green one.,False,0,NONE
6053,taxi uhhuh.,False,0,NONE
6054,how many taxis were there?,True,1,MQ_SUBJ
6055,I know they were on t_v.,False,0,NONE
6056,but how many taxis were there?,True,1,EQ_SUBJ
6057,hmm?,False,0,NONE
6058,on the shelf?,False,0,NONE
6059,all in a row?,False,0,NONE
6060,"Eve, please, finish your lunch.",False,0,NONE
6061,are you all done then?,False,0,NONE
6062,okay.,False,0,NONE
6063,there.,False,0,NONE
6064,who's this?,True,1,MQ_OBJ
6065,what are you doing in that picture?,True,1,MQ_OBJ
6066,what do you have on there?,True,1,MQ_OBJ
6067,oh a hat.,False,0,NONE
6068,what's that?,True,1,MQ_OBJ
6069,that's right.,False,0,NONE
6070,that's right.,False,0,NONE
6071,lying on the couch.,False,0,NONE
6072,what?,False,0,NONE
6073,put the slides in them.,False,0,NONE
6074,I'll hold it.,False,0,NONE
6075,thank you.,False,0,NONE
6076,"Eve, please.",False,0,NONE
6077,yes Eve in the snow.,False,0,NONE
6078,there's no doubt about that.,False,0,NONE
6079,what did you do?,True,1,MQ_OBJ
6080,"well, you tie that right up.",False,0,NONE
6081,right now.,False,0,NONE
6082,tie that shoe.,False,0,NONE
6083,"well, you tie it.",False,0,NONE
6084,you untied it.,False,0,NONE
6085,"Eve, tie it.",False,0,NONE
6086,now don't untie the other one.,False,0,NONE
6087,more what?,False,0,NONE
6088,you want peanut butter on the paddle?,False,0,NONE
6089,for your lunch yes.,False,0,NONE
6090,what is that?,True,1,MQ_OBJ
6091,"yes, what is that?",True,1,MQ_OBJ
6092,dooc?,False,0,NONE
6093,it's not dooc.,False,0,NONE
6094,open your what?,False,0,NONE
6095,but you untied my shoes.,False,0,NONE
6096,I cann't open the toy box until my shoes are tied.,False,0,NONE
6097,"well, you tie up my shoes.",False,0,NONE
6098,for me.,False,0,NONE
6099,"well, you tie up my shoes.",False,0,NONE
6100,thank you.,False,0,NONE
6101,no.,False,0,NONE
6102,"Eve, tell me what this is.",True,1,EQ_OBJ
6103,what is it.,True,1,MQ_OBJ
6104,that's right.,False,0,NONE
6105,yeah.,False,0,NONE
6106,I'll put it in.,False,0,NONE
6107,"when will I bring the toys eh, Eve?",True,1,MQ_ADJUNCT
6108,that's right.,False,0,NONE
6109,on Wednesday.,False,0,NONE
6110,"Eve, don't bang with the spoon.",False,0,NONE
6111,very good.,False,0,NONE
6112,yl el bl cl?,False,0,NONE
6113,and there's yl.,False,0,NONE
6114,that's dl el fl.,False,0,NONE
6115,seven nine four.,False,0,NONE
6116,five eight four three.,False,0,NONE
6117,what happened?,True,1,MQ_SUBJ
6118,is that what you did?,True,1,EQ_OBJ
6119,did you untie them?,False,0,NONE
6120,no?,False,0,NONE
6121,who did then?,True,1,MQ_SUBJ
6122,yeah.,False,0,NONE
6123,dl el fl.,False,0,NONE
6124,very good.,False,0,NONE
6125,what's fl?,True,1,MQ_OBJ
6126,six three nine seven.,False,0,NONE
6127,okay.,False,0,NONE
6128,"well, we're not quite ready to turn the page.",False,0,NONE
6129,why did you have to put it back?,True,1,MQ_ADJUNCT
6130,why do you have to get another one?,True,1,MQ_ADJUNCT
6131,why?,False,0,NONE
6132,is that a little one?,False,0,NONE
6133,no.,False,0,NONE
6134,it doesn't look like a little one.,False,0,NONE
6135,you what?,False,0,NONE
6136,why cann't you write?,True,1,MQ_ADJUNCT
6137,you can come and write on my paper.,False,0,NONE
6138,you don't want to?,False,0,NONE
6139,does Eve want milk too to drink?,False,0,NONE
6140,no?,False,0,NONE
6141,what do you want?,True,1,MQ_OBJ
6142,you want what?,False,0,NONE
6143,sandwich?,False,0,NONE
6144,"well, what do you want to drink?",True,1,MQ_OBJ
6145,you want a sandwich?,False,0,NONE
6146,"oh, a cheese sandwich?",False,0,NONE
6147,would you eat it if I fixed it for you?,True,1,EQ_POLAR
6148,I'll fix it for you but you must eat it.,False,0,NONE
6149,where is Papa?,True,1,MQ_ADJUNCT
6150,you do still want your cheese sandwich?,False,0,NONE
6151,"yes, I'll get this one for you.",False,0,NONE
6152,"yes, we'll have some tapioca too.",False,0,NONE
6153,do you want a piece of cheese?,False,0,NONE
6154,no?,False,0,NONE
6155,"well, why are you reaching for it?",True,1,MQ_ADJUNCT
6156,baby Dale.,False,0,NONE
6157,Fraser'll go eat his lunch.,False,0,NONE
6158,I'll go and have my lunch in a little while.,False,0,NONE
6159,yeah.,False,0,NONE
6160,under his shirt.,False,0,NONE
6161,right.,False,0,NONE
6162,under his jacket too.,False,0,NONE
6163,right.,False,0,NONE
6164,why don't you leave it right there?,True,1,MQ_ADJUNCT
6165,alright.,False,0,NONE
6166,I know you spilled it because you shook it.,False,0,NONE
6167,sugar?,False,0,NONE
6168,for what?,False,0,NONE
6169,"well, Fraser has sugar in his coffee.",False,0,NONE
6170,cooking.,False,0,NONE
6171,look.,False,0,NONE
6172,see?,False,0,NONE
6173,there it is.,False,0,NONE
6174,there it is.,False,0,NONE
6175,you may have it in a minute.,False,0,NONE
6176,on your tray yes.,False,0,NONE
6177,in a minute.,False,0,NONE
6178,almost done.,False,0,NONE
6179,almost done.,False,0,NONE
6180,I'll put the plate right there as soon as I stir it.,False,0,NONE
6181,what are you doing?,True,1,MQ_OBJ
6182,your finger's jumping?,False,0,NONE
6183,now it's hot.,False,0,NONE
6184,you must blow on it.,False,0,NONE
6185,shall I fix one for you?,False,0,NONE
6186,okay.,False,0,NONE
6187,"there, that one's just right.",False,0,NONE
6188,"well, it's not very hot.",False,0,NONE
6189,alright.,False,0,NONE
6190,you blow on it.,False,0,NONE
6191,there.,False,0,NONE
6192,we're all ready to have lunch.,False,0,NONE
6193,what shall I do with it?,True,1,MQ_OBJ
6194,I'll put it right here.,False,0,NONE
6195,it's not very hot.,False,0,NONE
6196,I think it's alright.,False,0,NONE
6197,let me see.,False,0,NONE
6198,"yeah, it's alright to eat.",False,0,NONE
6199,peanut butter.,False,0,NONE
6200,there.,False,0,NONE
6201,hmm?,False,0,NONE
6202,no more what?,False,0,NONE
6203,no more what?,False,0,NONE
6204,oh squirrels?,False,0,NONE
6205,they're around.,False,0,NONE
6206,they just weren't there when you were looking.,True,1,EQ_ADJUNCT
6207,what did you do?,True,1,MQ_OBJ
6208,what did you do?,True,1,MQ_OBJ
6209,did you bite the paddle?,False,0,NONE
6210,did it break?,False,0,NONE
6211,no more peanut butter on the paddle.,False,0,NONE
6212,you did bite it.,False,0,NONE
6213,you bit a piece out of it.,False,0,NONE
6214,look.,False,0,NONE
6215,see?,False,0,NONE
6216,you bit a hole in it.,False,0,NONE
6217,right there.,False,0,NONE
6218,I'll have to throw it away.,False,0,NONE
6219,I 'm sorry.,False,0,NONE
6220,"yeah, you did, didn't you?",False,0,NONE
6221,yeah.,False,0,NONE
6222,the cheese is coming out.,False,0,NONE
6223,it melted.,False,0,NONE
6224,in what?,False,0,NONE
6225,mhm.,False,0,NONE
6226,did you bite a hole out of your cheese sandwich?,False,0,NONE
6227,you bit a hole in your cheese sandwich too.,False,0,NONE
6228,look right there.,False,0,NONE
6229,"no, not the cheese sandwich.",False,0,NONE
6230,we eat the cheese sandwich.,False,0,NONE
6231,but not the paddle.,False,0,NONE
6232,it's alright to bite holes in cheese sandwiches.,False,0,NONE
6233,you hit it?,False,0,NONE
6234,"oh, that's too bad.",False,0,NONE
6235,alright.,False,0,NONE
6236,that is.,False,0,NONE
6237,he came to see you.,False,0,NONE
6238,"well, Papa comes everyday.",False,0,NONE
6239,I know.,False,0,NONE
6240,who else?,False,0,NONE
6241,I know.,False,0,NONE
6242,"please, eat your tapioca.",False,0,NONE
6243,that's right.,False,0,NONE
6244,the bowl's right there.,False,0,NONE
6245,by the sugar uhhuh.,False,0,NONE
6246,"hey, stop spitting out the tapioca.",False,0,NONE
6247,that's part of the tapioca.,False,0,NONE
6248,and you don't spit it out.,False,0,NONE
6249,there's a little something in there.,False,0,NONE
6250,I must admit.,False,0,NONE
6251,what is it?,True,1,MQ_OBJ
6252,it's what?,False,0,NONE
6253,it's hot?,False,0,NONE
6254,what did you say?,True,1,MQ_OBJ
6255,it's what?,False,0,NONE
6256,it has a hat on?,False,0,NONE
6257,"well, it certainly doesn't have a hat on.",False,0,NONE
6258,are you all finished?,False,0,NONE
6259,"no, you didn't bite a hole in it.",False,0,NONE
6260,that was broken.,False,0,NONE
6261,it was already broken before I put the tapioca in it.,False,0,NONE
6262,you didn't bite a hole in it.,False,0,NONE
6263,Mom did that a long time ago.,False,0,NONE
6264,"Mom bit the hold in it, Eve.",False,0,NONE
6265,a long time ago yes.,False,0,NONE
6266,"no, you didn't bite a hole in it.",False,0,NONE
6267,"no, you didn't.",False,0,NONE
6268,"alright, Eve bit a hole in the dish.",False,0,NONE
6269,"yeah, they're napkins.",False,0,NONE
6270,don't touch them again.,False,0,NONE
6271,those are clean napkins.,False,0,NONE
6272,clean napkins.,False,0,NONE
6273,right.,False,0,NONE
6274,you fell down.,False,0,NONE
6275,yeah.,False,0,NONE
6276,what did you do yesterday?,True,1,MQ_OBJ
6277,she's going To have her lunch.,False,0,NONE
6278,she wasn't either.,False,0,NONE
6279,who?,False,0,NONE
6280,where does she eat?,True,1,MQ_ADJUNCT
6281,"no, she cann't sit up.",False,0,NONE
6282,that's baby Sarah.,False,0,NONE
6283,is it too heavy?,False,0,NONE
6284,if it's too heavy you should put it down.,True,1,EQ_POLAR
6285,you managed very well.,False,0,NONE
6286,"okay, Fraser'll read it.",False,0,NONE
6287,then we'll go and take a nap.,False,0,NONE
6288,"yeah, I have teeth.",False,0,NONE
6289,where's your teeth?,True,1,MQ_ADJUNCT
6290,yeah.,False,0,NONE
6291,what do you have teeth for?,True,1,MQ_OBJ
6292,what do you have teeth for?,True,1,MQ_OBJ
6293,I have big teeth.,False,0,NONE
6294,yeah.,False,0,NONE
6295,you what?,False,0,NONE
6296,Mom has big teeth.,False,0,NONE
6297,"no, Sarah doesn't have any teeth at all.",False,0,NONE
6298,she doesn't have any teeth at all.,False,0,NONE
6299,byebye.,False,0,NONE
6300,we'll see Fraser again on,False,0,NONE
6301,when?,False,0,NONE
6302,when?,False,0,NONE
6303,"no, today's Monday.",False,0,NONE
6304,he comes back with Cromer on,False,0,NONE
6305,Wednesday.,False,0,NONE
6306,that's right.,False,0,NONE
6307,and my pencil.,False,0,NONE
6308,okay.,False,0,NONE
6309,"okay, I'll write with this.",False,0,NONE
6310,what are you going To do today?,True,1,MQ_OBJ
6311,the dolls,False,0,NONE
6312,what?,False,0,NONE
6313,are they?,False,0,NONE
6314,Cromer's bringing them when he comes.,True,1,EQ_ADJUNCT
6315,it's cream.,False,0,NONE
6316,okay.,False,0,NONE
6317,okay.,False,0,NONE
6318,"oh, look.",False,0,NONE
6319,you've got two.,False,0,NONE
6320,yeah.,False,0,NONE
6321,will I open it for you?,False,0,NONE
6322,I'll get your pencil out.,False,0,NONE
6323,okay.,False,0,NONE
6324,what?,False,0,NONE
6325,okay.,False,0,NONE
6326,how do you like me to write?,True,1,MQ_ADJUNCT
6327,this one?,False,0,NONE
6328,it's going away.,False,0,NONE
6329,for just a minute she's going to lay on the floor.,False,0,NONE
6330,I did.,False,0,NONE
6331,"well, Sarah's going To have some milk.",False,0,NONE
6332,she's going To have some milk first.,False,0,NONE
6333,then she'll have a nap.,False,0,NONE
6334,"that doesn't work on this paper, does it?",False,0,NONE
6335,would you like to write with mine?,False,0,NONE
6336,come here.,False,0,NONE
6337,is this your pencil?,False,0,NONE
6338,"oh, that one writes fine, Eve.",False,0,NONE
6339,give me two pencil.,False,0,NONE
6340,give me two pencil.,False,0,NONE
6341,"yes, it's just about time for Cromer.",False,0,NONE
6342,no.,False,0,NONE
6343,"yes, that's what it is.",True,1,EQ_OBJ
6344,"hi, what are you doing?",True,1,MQ_OBJ
6345,"oh, you're playing with Fraser?",False,0,NONE
6346,"well, run along and play with him.",False,0,NONE
6347,will I get your bead?,False,0,NONE
6348,"oh, where are the beads?",True,1,MQ_ADJUNCT
6349,that's what?,False,0,NONE
6350,what happened?,True,1,MQ_SUBJ
6351,that is an orange one yes.,False,0,NONE
6352,uhhuh.,False,0,NONE
6353,uhhuh.,False,0,NONE
6354,what do you do?,True,1,MQ_OBJ
6355,look at all the beads.,False,0,NONE
6356,what color's that one?,True,1,MQ_OBJ
6357,know you have it in your hand but what color is it?,True,1,MQ_OBJ
6358,what color is it?,True,1,MQ_OBJ
6359,you're making what?,False,0,NONE
6360,"oh, you're making a bead.",False,0,NONE
6361,you're putting the bead on the string.,False,0,NONE
6362,are they your beads?,False,0,NONE
6363,are they your bead?,False,0,NONE
6364,that's right.,False,0,NONE
6365,that is a purple one.,False,0,NONE
6366,Papa'll fix it when he comes home because he has the clippers.,True,1,EQ_ADJUNCT
6367,fix it with the scissors?,False,0,NONE
6368,"well, it'll be easier.",False,0,NONE
6369,"what are you going To fix it with, Eve?",True,1,MQ_OBJ
6370,"yeah, what's Papa going to use?",True,1,MQ_OBJ
6371,what's he going to fix it with?,True,1,MQ_OBJ
6372,and he's going to fix them with the,False,0,NONE
6373,you're not throwing them.,False,0,NONE
6374,you're dropping them.,False,0,NONE
6375,"yes, you did.",False,0,NONE
6376,is this a beads?,False,0,NONE
6377,what is it?,True,1,MQ_OBJ
6378,what is it?,True,1,MQ_OBJ
6379,what is it?,True,1,MQ_OBJ
6380,that's not a purple one.,False,0,NONE
6381,you get a purple one.,False,0,NONE
6382,that's a purple one.,False,0,NONE
6383,don't you spill my pure cream.,False,0,NONE
6384,"no, you didn't spill your pure cream.",False,0,NONE
6385,you spilled two knives out the box.,False,0,NONE
6386,yeah.,False,0,NONE
6387,let me put more water in the teakettle.,False,0,NONE
6388,what?,False,0,NONE
6389,who?,False,0,NONE
6390,who is it?,True,1,MQ_OBJ
6391,my cookbook?,False,0,NONE
6392,Mom got a cookbook.,False,0,NONE
6393,this here's Papa's book right here.,False,0,NONE
6394,"well, thank you.",False,0,NONE
6395,"Eve, get me red one.",False,0,NONE
6396,go find a blue one.,False,0,NONE
6397,how about a yellow one?,False,0,NONE
6398,very good.,False,0,NONE
6399,uhhuh.,False,0,NONE
6400,call Granny.,False,0,NONE
6401,are you getting sleepy?,False,0,NONE
6402,did you?,False,0,NONE
6403,"oh, I cann't see you, Eve.",False,0,NONE
6404,I cann't see you.,False,0,NONE
6405,peek.,False,0,NONE
6406,I can see you.,False,0,NONE
6407,can you see me?,False,0,NONE
6408,here are my shoes.,False,0,NONE
6409,I've got a yellow one.,False,0,NONE
6410,and I've got a blue one.,False,0,NONE
6411,and I've got,False,0,NONE
6412,green.,False,0,NONE
6413,it's what?,False,0,NONE
6414,what?,False,0,NONE
6415,it's what?,False,0,NONE
6416,it's what?,False,0,NONE
6417,that's what I was asking you.,True,1,EQ_OBJ
6418,that's yellow.,False,0,NONE
6419,and what's that?,True,1,EQ_OBJ
6420,this isn't yellow.,False,0,NONE
6421,what is it?,True,1,MQ_OBJ
6422,this is.,False,0,NONE
6423,"yes, a blue one.",False,0,NONE
6424,"yes, open the door and let him in.",False,0,NONE
6425,tell him to come in.,False,0,NONE
6426,is it Cromer?,False,0,NONE
6427,"well, tell him to come in.",False,0,NONE
6428,"Eve, go open the door for Rick.",False,0,NONE
6429,"oh Eve, you're silly.",False,0,NONE
6430,he's standing out in the cold.,False,0,NONE
6431,it's not.,False,0,NONE
6432,"that wasn't Rick, darling.",False,0,NONE
6433,"it was the gas man, the gas man.",False,0,NONE
6434,I don't know where he is.,True,1,EQ_ADJUNCT
6435,what?,False,0,NONE
6436,right.,False,0,NONE
6437,"what, dear?",False,0,NONE
6438,want some lunch?,False,0,NONE
6439,again?,False,0,NONE
6440,tell me what you want.,True,1,EQ_OBJ
6441,what's wrong with your ear?,True,1,MQ_SUBJ
6442,there he is.,False,0,NONE
6443,did he bring the dolls?,False,0,NONE
6444,he did.,False,0,NONE
6445,they're right there in the bag.,False,0,NONE
6446,"now Eve, you wait and let Rick open the bag.",False,0,NONE
6447,"yes, he'll open the bag.",False,0,NONE
6448,"ah, what's that?",True,1,MQ_OBJ
6449,who is it?,True,1,MQ_OBJ
6450,shall we make it go?,False,0,NONE
6451,"okay, what's he doing, Eve?",True,1,MQ_OBJ
6452,there.,False,0,NONE
6453,blow this time.,False,0,NONE
6454,blow.,False,0,NONE
6455,that's it.,False,0,NONE
6456,"Eve, Eve, show me.",False,0,NONE
6457,Eve,False,0,NONE
6458,"yes, we'll put that one back.",False,0,NONE
6459,how about leaving those two there right?,False,0,NONE
6460,how about bringing them both over here.,False,0,NONE
6461,that's a baby doll.,False,0,NONE
6462,mhm.,False,0,NONE
6463,mhm.,False,0,NONE
6464,would you like to play a game?,False,0,NONE
6465,huh?,False,0,NONE
6466,why don't we take two of them and put them on the table.,True,1,MQ_ADJUNCT
6467,let's see.,False,0,NONE
6468,why don't we take this?,True,1,MQ_ADJUNCT
6469,is the Mama okay and.,False,0,NONE
6470,"would you like to play a game with them, Eve?",False,0,NONE
6471,hmm?,False,0,NONE
6472,would you?,False,0,NONE
6473,"okay, which two shall we take.",True,1,MQ_OBJ
6474,let's take the Mama doll and the Papa doll and we'll put them over.,False,0,NONE
6475,"okay, why don't we play with those two?",True,1,MQ_ADJUNCT
6476,we'll take the Mama doll and the baby doll.,False,0,NONE
6477,and we'll put these away.,False,0,NONE
6478,these others away for just now and then we'll take them later.,False,0,NONE
6479,and then who's this one?,True,1,EQ_OBJ
6480,"Eve, if we take two we can play the game.",True,1,EQ_POLAR
6481,would you like to do that?,False,0,NONE
6482,uhhuh.,False,0,NONE
6483,say you take the spoon out of there.,False,0,NONE
6484,that's Cromer's coffee.,False,0,NONE
6485,"look, Eve.",False,0,NONE
6486,there's a doll and there's the lid.,False,0,NONE
6487,look it.,False,0,NONE
6488,what's that?,True,1,MQ_OBJ
6489,yes.,False,0,NONE
6490,and what's that one.,True,1,EQ_OBJ
6491,what happened?,True,1,MQ_SUBJ
6492,do you want to play a game?,False,0,NONE
6493,Eve.,False,0,NONE
6494,"Eve, can I play a game with Cromer?",False,0,NONE
6495,no?,False,0,NONE
6496,can I play game with you?,False,0,NONE
6497,no?,False,0,NONE
6498,who's going to play a game?,True,2,MQ_SUBJ
6499,"what do I have, Eve?",True,1,MQ_OBJ
6500,what?,False,0,NONE
6501,have what?,False,0,NONE
6502,what's that?,True,1,MQ_OBJ
6503,is that the box's doll?,False,0,NONE
6504,I see you.,False,0,NONE
6505,blow.,False,0,NONE
6506,harder harder.,False,0,NONE
6507,clear it out.,False,0,NONE
6508,you want me to turn that?,False,0,NONE
6509,boy.,False,0,NONE
6510,"he was bobbing up and down, wasn't he?",False,0,NONE
6511,oh.,False,0,NONE
6512,ready?,False,0,NONE
6513,I know.,False,0,NONE
6514,why don't we put some of these away so_that we willn't sit.,True,1,MQ_ADJUNCT
6515,they can stay.,False,0,NONE
6516,they can stay.,False,0,NONE
6517,okay.,False,0,NONE
6518,why don't we leave these two out for now okay?,True,1,MQ_ADJUNCT
6519,we'll lean these on the table.,False,0,NONE
6520,are you ready?,False,0,NONE
6521,okay.,False,0,NONE
6522,don't sit on Cromer's coffee.,False,0,NONE
6523,be careful.,False,0,NONE
6524,can I have those two?,False,0,NONE
6525,"oh, I want to play with them.",False,0,NONE
6526,can I help you?,False,0,NONE
6527,okay.,False,0,NONE
6528,there.,False,0,NONE
6529,look at the box.,False,0,NONE
6530,"please, don't.",False,0,NONE
6531,ready?,False,0,NONE
6532,you want it up here?,False,0,NONE
6533,what's he doing?,True,1,MQ_OBJ
6534,he chirps.,False,0,NONE
6535,yep.,False,0,NONE
6536,and he was bobbing up and down.,False,0,NONE
6537,look.,False,0,NONE
6538,he's bobbing up and down.,False,0,NONE
6539,and he chirps.,False,0,NONE
6540,"that's a pen, Eve.",False,0,NONE
6541,can you put the box on the doll?,False,0,NONE
6542,put the box on the doll.,False,0,NONE
6543,"Eve, what are you doing?",True,1,MQ_OBJ
6544,what should I do?,True,1,MQ_OBJ
6545,that's a ring.,False,0,NONE
6546,what's that?,True,1,MQ_OBJ
6547,a watch.,False,0,NONE
6548,it says what time it is.,True,1,EQ_OBJ
6549,see?,False,0,NONE
6550,hmm?,False,0,NONE
6551,uhhuh.,False,0,NONE
6552,it tells what time it is.,True,1,EQ_OBJ
6553,uhhuh.,False,0,NONE
6554,it tells what time it is.,True,1,EQ_OBJ
6555,that's a good idea.,False,0,NONE
6556,cheese.,False,0,NONE
6557,what would you like?,True,1,MQ_OBJ
6558,"well, your pink bibbie's downstairs in the washingmachine.",False,0,NONE
6559,Sarah's not wearing the pink bibbie.,False,0,NONE
6560,no.,False,0,NONE
6561,don't you want it?,False,0,NONE
6562,"well, let's just leave it right there.",False,0,NONE
6563,alright.,False,0,NONE
6564,what're you going To do?,True,1,MQ_OBJ
6565,what's that *NULL* you're writing?,True,2,EQ_OBJ
6566,mhm.,False,0,NONE
6567,no.,False,0,NONE
6568,you have to fix it?,False,0,NONE
6569,what are you going To do with it?,True,1,MQ_OBJ
6570,a little piece of fuzz.,False,0,NONE
6571,very good.,False,0,NONE
6572,yeah.,False,0,NONE
6573,your pencil didn't break.,False,0,NONE
6574,your pencil didn't break.,False,0,NONE
6575,yes.,False,0,NONE
6576,uhhuh.,False,0,NONE
6577,we're going To throw it away.,False,0,NONE
6578,we're going To throw it away.,False,0,NONE
6579,would you like to put it in the wastebasket?,False,0,NONE
6580,okay.,False,0,NONE
6581,uhhuh.,False,0,NONE
6582,very good.,False,0,NONE
6583,that's a fine thing.,False,0,NONE
6584,"what's that, Eve?",True,1,MQ_OBJ
6585,"okay, you put the top back on.",False,0,NONE
6586,what is that?,True,1,MQ_OBJ
6587,that's an fl.,False,0,NONE
6588,"hi, Eve.",False,0,NONE
6589,he did.,False,0,NONE
6590,he's early.,False,0,NONE
6591,"well, these we're going To send to Granny.",False,0,NONE
6592,Mom's just put stamps on them.,False,0,NONE
6593,we're going To to put them in the mailbox.,False,0,NONE
6594,"yes, when we go out for a walk this afternoon.",True,1,EQ_ADJUNCT
6595,what?,False,0,NONE
6596,you want me to take dolly's coat off?,False,0,NONE
6597,you're what?,False,0,NONE
6598,yeah.,False,0,NONE
6599,what?,False,0,NONE
6600,in Papa's desk.,False,0,NONE
6601,that's right.,False,0,NONE
6602,giving Sarah some milk.,False,0,NONE
6603,we did have a party.,False,0,NONE
6604,"oh, the cake plate.",False,0,NONE
6605,the happy birthday plate.,False,0,NONE
6606,what is that?,True,1,MQ_OBJ
6607,yes.,False,0,NONE
6608,am I goING To what?,False,0,NONE
6609,read Hippity_Hop?,False,0,NONE
6610,when?,False,0,NONE
6611,on Saturday?,False,0,NONE
6612,"hon, I cann't read it here.",False,0,NONE
6613,we'll read it this evening.,False,0,NONE
6614,where's your train?,True,1,MQ_ADJUNCT
6615,what is that?,True,1,MQ_OBJ
6616,"well, put it back together.",False,0,NONE
6617,what's that?,True,1,MQ_OBJ
6618,can I do it for you?,False,0,NONE
6619,it did?,False,0,NONE
6620,you did it this morning.,False,0,NONE
6621,you did it this morning.,False,0,NONE
6622,when you wake up from your nap?,True,1,EQ_ADJUNCT
6623,very good.,False,0,NONE
6624,"well, what is it?",True,1,MQ_OBJ
6625,"oh, I don't think you can read it.",False,0,NONE
6626,thank you.,False,0,NONE
6627,what is it?,True,1,MQ_OBJ
6628,dooc?,False,0,NONE
6629,"well, if it's a dooc we'll put it back then *T*-1.",True,1,EQ_POLAR
6630,we are?,False,0,NONE
6631,why?,False,0,NONE
6632,my glasses in the mailbox?,False,0,NONE
6633,why would you put my glasses in the mailbox?,True,1,MQ_ADJUNCT
6634,because why?,False,0,NONE
6635,I know which ones.,False,0,NONE
6636,but why do you want to put them in the mailbox?,True,1,EQ_ADJUNCT
6637,will you put them in my pocket instead?,False,0,NONE
6638,thank you.,False,0,NONE
6639,they've already been in the mailbox.,False,0,NONE
6640,yeah.,False,0,NONE
6641,"no, you may not have it.",False,0,NONE
6642,do you want the envelope?,False,0,NONE
6643,"well, you cann't have that other part.",False,0,NONE
6644,why?,False,0,NONE
6645,don't you want the envelope?,False,0,NONE
6646,"well, you can not play with the paper.",False,0,NONE
6647,Fraser going to?,False,0,NONE
6648,you may have that one to play with.,True,1,EQ_OBJ
6649,put some of your letters in it.,False,0,NONE
6650,what are you doing?,True,1,MQ_OBJ
6651,are you going To send it?,False,0,NONE
6652,alright.,False,0,NONE
6653,there it is.,False,0,NONE
6654,where are you going To put them in?,True,1,MQ_OBJ
6655,why?,False,0,NONE
6656,Pap'll have to fix the box because it broke.,False,0,NONE
6657,"yes, he'll fix it.",False,0,NONE
6658,I know it broke.,False,0,NONE
6659,let's put the letters back on the board in the rack.,False,0,NONE
6660,you put them in.,False,0,NONE
6661,yeah.,False,0,NONE
6662,what?,False,0,NONE
6663,they're stuck?,False,0,NONE
6664,"what happened yesterday, Eve?",True,1,MQ_SUBJ
6665,you went for a walk yesterday?,False,0,NONE
6666,what else did you do?,True,1,MQ_OBJ
6667,your pencil broke?,False,0,NONE
6668,"oh, thank you.",False,0,NONE
6669,what's in it today?,True,1,MQ_SUBJ
6670,is this anything in it?,False,0,NONE
6671,"no, not today.",False,0,NONE
6672,yep.,False,0,NONE
6673,good girl.,False,0,NONE
6674,would you put out on the counter for me?,False,0,NONE
6675,"no, because we're going To have lunch in just a little while.",False,0,NONE
6676,we'll have some milk.,False,0,NONE
6677,you want a cheese sandwich too?,False,0,NONE
6678,alright.,False,0,NONE
6679,what's he going to do?,True,2,MQ_OBJ;MQ_SUBJ
6680,"well, he's writing.",False,0,NONE
6681,he's writing.,False,0,NONE
6682,he's going keep right on writing.,False,0,NONE
6683,why?,False,0,NONE
6684,"yes, she's smiling.",False,0,NONE
6685,she's another doily on.,False,0,NONE
6686,"well, she wet in them.",False,0,NONE
6687,why she crying?,True,1,EQ_ADJUNCT
6688,because why?,False,0,NONE
6689,I don't want the rest of it.,False,0,NONE
6690,it does?,False,0,NONE
6691,may I have it?,False,0,NONE
6692,I need it.,False,0,NONE
6693,"yes, I'll put it in my pocket.",False,0,NONE
6694,another one?,False,0,NONE
6695,they're in there.,False,0,NONE
6696,you look.,False,0,NONE
6697,did you get some more cards this morning?,False,0,NONE
6698,may I see them?,False,0,NONE
6699,I see.,False,0,NONE
6700,I don't wanT To play with it.,False,0,NONE
6701,I would like to see it.,False,0,NONE
6702,"oh, is that girl making tapioca?",False,0,NONE
6703,who's it from?,True,1,MQ_OBJ
6704,who sent you that card?,True,1,MQ_SUBJ
6705,Nanny?,False,0,NONE
6706,"well, who did?",True,1,MQ_ADJUNCT
6707,dooc?,False,0,NONE
6708,may I see it?,False,0,NONE
6709,"oh, I know what they are.",True,1,EQ_OBJ
6710,you're riding a birthday card?,False,0,NONE
6711,is it time to go peepee in the potty?,False,0,NONE
6712,Eve.,False,0,NONE
6713,you're not to peepee in your big girl pants.,False,0,NONE
6714,where's the other one?,True,1,MQ_ADJUNCT
6715,what are these?,True,1,MQ_OBJ
6716,lions?,False,0,NONE
6717,what is that?,True,1,MQ_OBJ
6718,what's on that card?,True,1,MQ_SUBJ
6719,not dooc.,False,0,NONE
6720,I'll tell you what they are.,True,1,EQ_OBJ
6721,they're kittens.,False,0,NONE
6722,are they?,False,0,NONE
6723,I'd like to go upstairs before there's trouble.,False,0,NONE
6724,okay.,False,0,NONE
6725,you know what I said.,True,1,EQ_OBJ
6726,that's my spot.,False,0,NONE
6727,it's not your spot.,False,0,NONE
6728,it is.,False,0,NONE
6729,you're not to touch it.,False,0,NONE
6730,that's right.,False,0,NONE
6731,do you want to eat it in a piece of.,False,0,NONE
6732,do you want it in a.,False,0,NONE
6733,do you want to eat that one that way?,False,0,NONE
6734,okay.,False,0,NONE
6735,I know it's cold.,False,0,NONE
6736,you don't have a sandwich yet.,False,0,NONE
6737,you're eating just cheese.,False,0,NONE
6738,what is it?,True,1,MQ_OBJ
6739,that's right.,False,0,NONE
6740,where's the piece *NULL* you eat?,True,2,MQ_ADJUNCT;RC_OBJ
6741,it fell on the floor.,False,0,NONE
6742,"well, we're going To have a sandwich in just one minute.",False,0,NONE
6743,do you want just a piece of cheese?,False,0,NONE
6744,alright.,False,0,NONE
6745,more peanut butter?,False,0,NONE
6746,you haven't had any yet.,False,0,NONE
6747,what do you want?,True,1,MQ_OBJ
6748,peanut butter or cheese?,False,0,NONE
6749,goodness sakes.,False,0,NONE
6750,"what did you do, my dear?",True,1,MQ_OBJ
6751,what?,False,0,NONE
6752,your tunnel is what?,False,0,NONE
6753,"what's in the snow, darling?",True,1,MQ_SUBJ
6754,your tunnel in the snow?,False,0,NONE
6755,yes.,False,0,NONE
6756,it melted too.,False,0,NONE
6757,it melted too.,False,0,NONE
6758,Frosty melted.,False,0,NONE
6759,and your tunnel.,False,0,NONE
6760,and Becky too.,False,0,NONE
6761,what's fun?,True,1,MQ_SUBJ
6762,"oh, little friend.",False,0,NONE
6763,yes.,False,0,NONE
6764,she's your little friend.,False,0,NONE
6765,do you want some soup?,False,0,NONE
6766,there's nothing in it yet.,False,0,NONE
6767,I 'm going To give you some soup.,False,0,NONE
6768,soup.,False,0,NONE
6769,bubbles.,False,0,NONE
6770,we'll just put it there.,False,0,NONE
6771,I'll put some milk in the other cup too.,False,0,NONE
6772,alright.,False,0,NONE
6773,"well, it's hot.",False,0,NONE
6774,she's sitting in her chair.,False,0,NONE
6775,it's right here.,False,0,NONE
6776,I 'm not going To have mine.,False,0,NONE
6777,that's Papa's uhhuh.,False,0,NONE
6778,that's yours.,False,0,NONE
6779,it is.,False,0,NONE
6780,"well, he's not going yet, Eve.",False,0,NONE
6781,I 'm going into the bank.,False,0,NONE
6782,yes.,False,0,NONE
6783,Papa's going To have some soup.,False,0,NONE
6784,yes.,False,0,NONE
6785,bouillon is soup.,False,0,NONE
6786,"now what else can I get for you, Eve?",True,1,MQ_OBJ
6787,what else can I get for you?,True,1,MQ_OBJ
6788,dooc?,False,0,NONE
6789,apple?,False,0,NONE
6790,chocolate.,False,0,NONE
6791,you may certainly have chocolate.,False,0,NONE
6792,you just eat that up first.,False,0,NONE
6793,yeah.,False,0,NONE
6794,"hi, Eve.",False,0,NONE
6795,I see you out there.,False,0,NONE
6796,hi.,False,0,NONE
6797,"hi, Eve.",False,0,NONE
6798,I don't know.,False,0,NONE
6799,where's your Mom?,True,1,MQ_ADJUNCT
6800,I don't know?,False,0,NONE
6801,in Papa's study?,False,0,NONE
6802,"oh, that's where your Mom is.",True,1,EQ_ADJUNCT
6803,I don't know.,False,0,NONE
6804,oh.,False,0,NONE
6805,what's hot?,True,1,MQ_SUBJ
6806,oh yeah.,False,0,NONE
6807,you have two cheese.,False,0,NONE
6808,you're what?,False,0,NONE
6809,you're cracking it?,False,0,NONE
6810,all done?,False,0,NONE
6811,my goodness.,False,0,NONE
6812,now you may eat your chocolate.,False,0,NONE
6813,okay.,False,0,NONE
6814,time for dessert.,False,0,NONE
6815,yeah.,False,0,NONE
6816,is it good?,False,0,NONE
6817,that's not a pear.,False,0,NONE
6818,that's an apple.,False,0,NONE
6819,hmm?,False,0,NONE
6820,pear?,False,0,NONE
6821,that's not a pear.,False,0,NONE
6822,that's an apple.,False,0,NONE
6823,hmm?,False,0,NONE
6824,are you saying pear?,False,0,NONE
6825,it's not pear.,False,0,NONE
6826,it's an apple.,False,0,NONE
6827,I know you are.,False,0,NONE
6828,we've got just a little bit left.,False,0,NONE
6829,you may have a piece.,False,0,NONE
6830,yep.,False,0,NONE
6831,you have two.,False,0,NONE
6832,you have two.,False,0,NONE
6833,she's going To have a nap on the porch.,False,0,NONE
6834,on the porch.,False,0,NONE
6835,mhm.,False,0,NONE
6836,in her bed on the porch.,False,0,NONE
6837,that's right.,False,0,NONE
6838,I don't know?,False,0,NONE
6839,where is she?,True,1,MQ_ADJUNCT
6840,where did she go?,True,1,MQ_ADJUNCT
6841,that's not mine.,False,0,NONE
6842,that's yours.,False,0,NONE
6843,you have two apples.,False,0,NONE
6844,two pieces.,False,0,NONE
6845,two pieces of apple.,False,0,NONE
6846,do you want a piece of your birthday cake?,False,0,NONE
6847,you going To eat your sandwich then?,False,0,NONE
6848,eat your birthday sandwich?,False,0,NONE
6849,don't be silly.,False,0,NONE
6850,that's a cheese sandwich.,False,0,NONE
6851,birthday cake.,False,0,NONE
6852,what's the what's name?,True,1,MQ_OBJ
6853,Colin's name?,False,0,NONE
6854,Colin name's Fraser.,False,0,NONE
6855,is it Colin *NULL* you said?,True,1,RC_OBJ
6856,what's Eve's name?,True,1,MQ_OBJ
6857,that's the icing mhm?,False,0,NONE
6858,spoon?,False,0,NONE
6859,do you need a spoon?,False,0,NONE
6860,"well, lick it off.",False,0,NONE
6861,that's icing on your fingers.,False,0,NONE
6862,hold what for you?,False,0,NONE
6863,"hi, Eve.",False,0,NONE
6864,you want some more.,False,0,NONE
6865,hold your hands still.,False,0,NONE
6866,"there, do you think that's good enough?",False,0,NONE
6867,I think it is.,False,0,NONE
6868,I think it's enough.,False,0,NONE
6869,"Eve, let's put your brush and your dustpan away please.",False,0,NONE
6870,you do it.,False,0,NONE
6871,they're yours.,False,0,NONE
6872,I put mine away.,False,0,NONE
6873,"Eve, would you please put your dustpan and your brush away?",False,0,NONE
6874,it's not a party hat.,False,0,NONE
6875,come on.,False,0,NONE
6876,"thank you very much, Eve.",False,0,NONE
6877,that's a good girl.,False,0,NONE
6878,"I'll be right back, Eve.",False,0,NONE
6879,I 'm going to see if Sarah's asleep.,True,1,EQ_POLAR
6880,she is asleep yeah.,False,0,NONE
6881,what kind of hat is it?,True,1,MQ_SUBJ
6882,"well, it's right there.",False,0,NONE
6883,cann't you see it?,False,0,NONE
6884,"well, put it in without spilling.",False,0,NONE
6885,"okay, just pour it in.",False,0,NONE
6886,some cream.,False,0,NONE
6887,"Eve, would you see if Fraser would like one of your birthday.",True,1,EQ_POLAR
6888,"will I have one, Eve?",False,0,NONE
6889,would you give me one with a hole in it?,False,0,NONE
6890,give me a cookie with a hole in it.,False,0,NONE
6891,are the cookies with holes all gone?,False,0,NONE
6892,"no, I see one.",False,0,NONE
6893,I see one.,False,0,NONE
6894,is that one mine.,False,0,NONE
6895,thank you.,False,0,NONE
6896,"no, you leave my coffee there.",False,0,NONE
6897,I'll get it in a minute.,False,0,NONE
6898,"that's a lovely hat, Eve.",False,0,NONE
6899,a napkin.,False,0,NONE
6900,may I have it please?,False,0,NONE
6901,"yeah, that's a nice hat.",False,0,NONE
6902,"that's a hat, is it?",False,0,NONE
6903,and what's that?,True,1,EQ_OBJ
6904,whose briefcase?,False,0,NONE
6905,can you sing with your hat on?,False,0,NONE
6906,you can sing with your hat on.,False,0,NONE
6907,is that right?,False,0,NONE
6908,that's a swell hat.,False,0,NONE
6909,why don't you put it on the dolly then?,True,1,MQ_ADJUNCT
6910,it's too big for you?,False,0,NONE
6911,I think it's too big for the dolly.,False,0,NONE
6912,but I think it's not too big for you.,False,0,NONE
6913,"no, I don't think it's too big for you.",False,0,NONE
6914,no.,False,0,NONE
6915,not today.,False,0,NONE
6916,mhm.,False,0,NONE
6917,"okay, I'll snap it.",False,0,NONE
6918,she already has a hat on her head.,False,0,NONE
6919,she has two hats on right now.,False,0,NONE
6920,on the other hat?,False,0,NONE
6921,you want two hats on that dolly?,False,0,NONE
6922,she certainly has.,False,0,NONE
6923,"yes, she does.",False,0,NONE
6924,did she lose another shoe?,False,0,NONE
6925,you get the other one and Mom will put it on for you.,False,0,NONE
6926,"okay, dolly.",False,0,NONE
6927,and snap it too.,False,0,NONE
6928,alright.,False,0,NONE
6929,are you rocking your dolly to sleep?,False,0,NONE
6930,what is it?,True,1,MQ_OBJ
6931,do what?,False,0,NONE
6932,Eve?,False,0,NONE
6933,my name's not Eve.,False,0,NONE
6934,you can do it.,False,0,NONE
6935,that's it.,False,0,NONE
6936,that's it.,False,0,NONE
6937,thank you.,False,0,NONE
6938,"yes, that's very good.",False,0,NONE
6939,but then what do I write with?,True,1,EQ_OBJ
6940,mhm.,False,0,NONE
6941,aren't we?,False,0,NONE
6942,oh yeah.,False,0,NONE
6943,I see you.,False,0,NONE
6944,who sees you?,True,1,MQ_SUBJ
6945,"oh yep, I see it.",False,0,NONE
6946,okay.,False,0,NONE
6947,you see my ear.,False,0,NONE
6948,can you see it?,False,0,NONE
6949,you'll have to move the paper.,False,0,NONE
6950,can you see it?,False,0,NONE
6951,can you see it now?,False,0,NONE
6952,"okay, there's it right there.",False,0,NONE
6953,that's al.,False,0,NONE
6954,what are you doing to yourself?,True,1,MQ_OBJ
6955,you're what?,False,0,NONE
6956,what?,False,0,NONE
6957,your undershirt's clear up there?,False,0,NONE
6958,"well, pull it down.",False,0,NONE
6959,"hey, don't put that pencil in the cream.",False,0,NONE
6960,"well, I don't want any if you put a pencil in it no.",True,1,EQ_POLAR
6961,I can see it.,False,0,NONE
6962,I can see your ear.,False,0,NONE
6963,yep.,False,0,NONE
6964,okay.,False,0,NONE
6965,you do that then.,False,0,NONE
6966,okay.,False,0,NONE
6967,oh.,False,0,NONE
6968,look.,False,0,NONE
6969,it's stuck.,False,0,NONE
6970,"it's stuck, Eve.",False,0,NONE
6971,yeah.,False,0,NONE
6972,in mine?,False,0,NONE
6973,okay.,False,0,NONE
6974,can you pull it out?,False,0,NONE
6975,yeah.,False,0,NONE
6976,I pulled your hair.,False,0,NONE
6977,"no, not with that.",False,0,NONE
6978,"not with the pencil, Eve.",False,0,NONE
6979,with your fingers yeah.,False,0,NONE
6980,there.,False,0,NONE
6981,you write dl al?,False,0,NONE
6982,okay.,False,0,NONE
6983,will we turn the page now?,False,0,NONE
6984,just a second.,False,0,NONE
6985,let me move the books.,False,0,NONE
6986,they're under the workbench.,False,0,NONE
6987,I'll be right back.,False,0,NONE
6988,yeah.,False,0,NONE
6989,okay.,False,0,NONE
6990,I don't know.,False,0,NONE
6991,"where's what, Eve sweet?",True,1,MQ_ADJUNCT
6992,your drum?,False,0,NONE
6993,your drum is in the box.,False,0,NONE
6994,where is the stick?,True,1,MQ_ADJUNCT
6995,there's the drumstick.,False,0,NONE
6996,don't peepee in your big girl pants.,False,0,NONE
6997,let's go upstairs quick.,False,0,NONE
6998,"Eve, don't you peepee in those big girl pants.",False,0,NONE
6999,okay.,False,0,NONE
7000,don't you peepee in your big girl pants.,False,0,NONE
7001,no indeed.,False,0,NONE
7002,I think not.,False,0,NONE
7003,no.,False,0,NONE
7004,okay.,False,0,NONE
7005,I'll hammer.,False,0,NONE
7006,okay.,False,0,NONE
7007,"well, kiss it.",False,0,NONE
7008,that's a girl.,False,0,NONE
7009,okay.,False,0,NONE
7010,"well, you're doing quite well.",False,0,NONE
7011,"okay, I'll do it for you.",False,0,NONE
7012,"oh, this is a touch one.",False,0,NONE
7013,I think we'll have to hammer them some more.,False,0,NONE
7014,you got it sideways?,False,0,NONE
7015,what are you going To do with them?,True,1,MQ_OBJ
7016,put them in your toy box?,False,0,NONE
7017,"well, that'll be no fun.",False,0,NONE
7018,"no, you're not going To put them in an envelope.",False,0,NONE
7019,you don't have an envelope *NULL* to put them in.,True,1,RC_OBJ
7020,"no, he didn't take it to Emerson.",False,0,NONE
7021,we threw it away in the trash.,False,0,NONE
7022,we threw it away in the trash.,False,0,NONE
7023,that not an oh two il-s?,False,0,NONE
7024,is that an il?,False,0,NONE
7025,yes.,False,0,NONE
7026,that's an il.,False,0,NONE
7027,right.,False,0,NONE
7028,where are the al-s?,True,1,MQ_ADJUNCT
7029,find an al.,False,0,NONE
7030,no.,False,0,NONE
7031,where's the al?,True,1,MQ_ADJUNCT
7032,that's right.,False,0,NONE
7033,where are the other ones?,True,1,MQ_ADJUNCT
7034,there's another one.,False,0,NONE
7035,there's one more.,False,0,NONE
7036,where's the other one?,True,1,MQ_ADJUNCT
7037,there are three.,False,0,NONE
7038,don't you peepee.,False,0,NONE
7039,I'll be very angry if you do.,True,1,EQ_POLAR
7040,what are you going To do with it?,True,1,MQ_OBJ
7041,no.,False,0,NONE
7042,I don't think that's a good idea.,False,0,NONE
7043,"don't put the letters in your mouth, Eve.",False,0,NONE
7044,now I 'm going To have to smack your fingers if you eat them.,True,1,EQ_POLAR
7045,they're not to eat.,False,0,NONE
7046,they're to put on the board and make words.,False,0,NONE
7047,"no, you cann't eat that one either.",False,0,NONE
7048,they belong on the board.,False,0,NONE
7049,that's right.,False,0,NONE
7050,not in your mouth.,False,0,NONE
7051,that's right.,False,0,NONE
7052,you're going to make words.,False,0,NONE
7053,"let's have lunch, Eve.",False,0,NONE
7054,very good.,False,0,NONE
7055,what words are you making?,True,1,MQ_OBJ
7056,you're making your name?,False,0,NONE
7057,"we don't have cheese sandwich, Eve.",False,0,NONE
7058,you may have a piece of cheese.,False,0,NONE
7059,is that alright?,False,0,NONE
7060,that's vegetable soup for me cause you don't like it.,False,0,NONE
7061,you don't like vegetable soup so you're having noodle soup.,False,0,NONE
7062,you may have a piece of cheese.,False,0,NONE
7063,first let me wipe your fingers.,False,0,NONE
7064,they're very dirty.,False,0,NONE
7065,you got them dirty on the fence.,False,0,NONE
7066,you were watching the men.,False,0,NONE
7067,"well, they aren't building a hole, sweetie.",False,0,NONE
7068,they're building a building now.,False,0,NONE
7069,first they dug the hole and now they're building the building.,False,0,NONE
7070,"those men aren't going To put your bicycle in a truck, sweetie.",False,0,NONE
7071,the men from the store.,False,0,NONE
7072,the men from the store are going To put your bicycle in a truck.,False,0,NONE
7073,not one of those trucks.,False,0,NONE
7074,those trucks are for bricks.,False,0,NONE
7075,we're going into Boston on Saturday.,False,0,NONE
7076,that's right.,False,0,NONE
7077,"yes, he's going To watch you eat your lunch.",False,0,NONE
7078,yeah.,False,0,NONE
7079,just for a little while then I 'm going To go away.,False,0,NONE
7080,it's fun.,False,0,NONE
7081,mhm.,False,0,NONE
7082,it's fun to go to Boston.,False,0,NONE
7083,"oh, we don't have any bread, Eve.",False,0,NONE
7084,we certainly will have to buy some or Papa willn't get a sandwich.,False,0,NONE
7085,"well, chew it up.",False,0,NONE
7086,you put a hole in it?,False,0,NONE
7087,"well, that cheese is not supposed to have a hole in it.",False,0,NONE
7088,just the other cheese has a hole in it.,False,0,NONE
7089,"oh, I did forget.",False,0,NONE
7090,Papa is at Emerson.,False,0,NONE
7091,hi.,False,0,NONE
7092,is that what it's doing?,True,1,EQ_OBJ
7093,I think it's just going round and round right now.,False,0,NONE
7094,yeah.,False,0,NONE
7095,it's going round.,False,0,NONE
7096,"well, that's okay.",False,0,NONE
7097,what are you going to do?,True,1,MQ_OBJ
7098,yip?,False,0,NONE
7099,"oh, zip.",False,0,NONE
7100,I see.,False,0,NONE
7101,"yeah, I'll zip.",False,0,NONE
7102,"oh, I know.",False,0,NONE
7103,let's play with Jim.,False,0,NONE
7104,okay.,False,0,NONE
7105,what's this?,True,1,MQ_OBJ
7106,"it's a box, isn't it?",False,0,NONE
7107,okay.,False,0,NONE
7108,not right now.,False,0,NONE
7109,"oh, are you putting him in there?",False,0,NONE
7110,are you putting Jim on there?,False,0,NONE
7111,okay.,False,0,NONE
7112,what does the dolly have?,True,1,MQ_OBJ
7113,that?,False,0,NONE
7114,that's the dolly's pants.,False,0,NONE
7115,yeah.,False,0,NONE
7116,just the things that are always there.,True,1,RC_SUBJ
7117,"Eve, put the doll on the cup.",False,0,NONE
7118,"Eve, put the doll on the cup.",False,0,NONE
7119,put the bird on the cup.,False,0,NONE
7120,put the bird on the cup.,False,0,NONE
7121,very good.,False,0,NONE
7122,yep.,False,0,NONE
7123,"it's a squeaky duck, isn't it?",False,0,NONE
7124,it's a squeaky duck.,False,0,NONE
7125,can you say that?,False,0,NONE
7126,and that's a squeaky boat.,False,0,NONE
7127,yep.,False,0,NONE
7128,it's a squeaky boat.,False,0,NONE
7129,and that,False,0,NONE
7130,that's a squeaky duck.,False,0,NONE
7131,I don't think it's going flipflop.,False,0,NONE
7132,see this dog?,False,0,NONE
7133,this dog lives in the cup.,False,0,NONE
7134,you give me the dog's cup.,False,0,NONE
7135,thank you very much.,False,0,NONE
7136,what is this?,True,1,MQ_OBJ
7137,tapioca?,False,0,NONE
7138,I thought it was grape juice.,False,0,NONE
7139,you give me the cup's dog.,False,0,NONE
7140,give me the cup's dog.,False,0,NONE
7141,yeah.,False,0,NONE
7142,is that the cup's dog?,False,0,NONE
7143,and what's that?,True,1,EQ_OBJ
7144,that's the dog.,False,0,NONE
7145,yeah.,False,0,NONE
7146,"are these dolls or doll, Eve?",False,0,NONE
7147,are they dolls or are they doll?,False,0,NONE
7148,eh?,False,0,NONE
7149,"oh, look.",False,0,NONE
7150,this is a duck.,False,0,NONE
7151,and this is a duck.,False,0,NONE
7152,there are two.,False,0,NONE
7153,"this is a squeaky duck, isn't it?",False,0,NONE
7154,is this a squeaky duck?,False,0,NONE
7155,why?,False,0,NONE
7156,it's getting cool.,False,0,NONE
7157,you'll have it in just a minute.,False,0,NONE
7158,would you like to have your lunch right now?,False,0,NONE
7159,alright.,False,0,NONE
7160,"yes, it's probably cool enough as it is.",False,0,NONE
7161,yeah.,False,0,NONE
7162,"you're up in your highchair, aren't you?",False,0,NONE
7163,"yes, it's cool.",False,0,NONE
7164,"yeah, I 'm going To watch you eat your lunch.",False,0,NONE
7165,"yeah, Cromer too.",False,0,NONE
7166,"yes, those are your mittens.",False,0,NONE
7167,those are your mittens.,False,0,NONE
7168,peanut butter.,False,0,NONE
7169,where's Frosty?,True,1,MQ_ADJUNCT
7170,where is Frosty?,True,1,MQ_ADJUNCT
7171,indeed he did melt.,False,0,NONE
7172,"what did he do, Eve?",True,1,MQ_OBJ
7173,is that what he did?,True,1,EQ_OBJ
7174,"yes, his hat and his scarf fell down.",False,0,NONE
7175,and his head fell off.,False,0,NONE
7176,we'll make another one.,False,0,NONE
7177,we'll make another one.,False,0,NONE
7178,Sarah too?,False,0,NONE
7179,maybe by the time the snow begins Sarah can help us.,False,0,NONE
7180,she'll be bigger then.,False,0,NONE
7181,she'll be bigger.,False,0,NONE
7182,"hi, Eve.",False,0,NONE
7183,"no, it's not going flipflop yet.",False,0,NONE
7184,I'll make it go flipflop in a little while.,False,0,NONE
7185,I have a squeaky boat.,False,0,NONE
7186,"Eve, is my cup in the table?",False,0,NONE
7187,it's what?,False,0,NONE
7188,what is it?,True,1,MQ_OBJ
7189,is it in the table?,False,0,NONE
7190,"oh, I see.",False,0,NONE
7191,thank you.,False,0,NONE
7192,you do?,False,0,NONE
7193,alright.,False,0,NONE
7194,would you like to have a cracker?,False,0,NONE
7195,alright.,False,0,NONE
7196,you have some of those crackers on your tray.,False,0,NONE
7197,that's the same kind of cracker *NULL* I have.,True,1,EQ_OBJ
7198,it's time for Sarah to have some milk yeah.,False,0,NONE
7199,and then she's going To take a nap and you're going To take a nap.,False,0,NONE
7200,hmm?,False,0,NONE
7201,and me too yeah.,False,0,NONE
7202,"well, I 'm not going To take a nap while Fraser's here.",False,0,NONE
7203,I'll wait until they go and then I'll take a nap on the couch.,False,0,NONE
7204,I'll put my head on that pillow mhm.,False,0,NONE
7205,"hi, Eve.",False,0,NONE
7206,what's your name?,True,1,MQ_OBJ
7207,that's your name?,False,0,NONE
7208,what's my name?,True,1,MQ_OBJ
7209,"yeah, what's Cromer's name?",True,1,MQ_OBJ
7210,what's Mom's name?,True,1,MQ_OBJ
7211,excuse me.,False,0,NONE
7212,I have a cough.,False,0,NONE
7213,do you have a cough too?,False,0,NONE
7214,I 'm going to Emerson Hall.,False,0,NONE
7215,I don't know.,False,0,NONE
7216,"he went to Emerson as as well, did he?",False,0,NONE
7217,he went to Emerson too?,False,0,NONE
7218,no?,False,0,NONE
7219,where did he go?,True,1,MQ_ADJUNCT
7220,"well, where did he go?",True,1,MQ_ADJUNCT
7221,what?,False,0,NONE
7222,"well, I don't know.",False,0,NONE
7223,I think he's going to stay on the couch.,False,0,NONE
7224,I cann't see.,False,0,NONE
7225,hmm?,False,0,NONE
7226,napkins?,False,0,NONE
7227,yes.,False,0,NONE
7228,are they napkins or are they napkin?,False,0,NONE
7229,don't you take them out of the box.,False,0,NONE
7230,are they napkins or are they napkin?,False,0,NONE
7231,"yes, we had birthday cake on the napkins.",False,0,NONE
7232,that's right.,False,0,NONE
7233,alright.,False,0,NONE
7234,"I'll be there in just a minute, sweetie.",False,0,NONE
7235,sit down.,False,0,NONE
7236,alright.,False,0,NONE
7237,sit down.,False,0,NONE
7238,Mom'll be there in just a minute.,False,0,NONE
7239,I'll come in with you.,False,0,NONE
7240,just a minute.,False,0,NONE
7241,"hi, Eve.",False,0,NONE
7242,coming.,False,0,NONE
7243,what's all done?,True,1,MQ_SUBJ
7244,you're what?,False,0,NONE
7245,those are Mom's lists.,False,0,NONE
7246,keep your fingers off them.,False,0,NONE
7247,lists.,False,0,NONE
7248,for Jack and Jerry.,False,0,NONE
7249,that's a calendar right there with numbers on it.,False,0,NONE
7250,yep.,False,0,NONE
7251,okay.,False,0,NONE
7252,mhm.,False,0,NONE
7253,is it ml bl cl *NULL* you're writing or al bl cl?,True,1,RC_OBJ
7254,mhm?,False,0,NONE
7255,what kind of a pencil is this?,True,1,MQ_ADJUNCT
7256,is it a new one?,False,0,NONE
7257,yep I bought it.,False,0,NONE
7258,uhhuh.,False,0,NONE
7259,where did I buy it?,True,1,MQ_ADJUNCT
7260,what?,False,0,NONE
7261,yep.,False,0,NONE
7262,yep.,False,0,NONE
7263,mhm.,False,0,NONE
7264,yep.,False,0,NONE
7265,it's not a broken pencil is it?,False,0,NONE
7266,what are you going to do with the crayons?,True,1,MQ_OBJ
7267,your Mommy's going to do it.,False,0,NONE
7268,that belongs to the fireplace and you're not to play with it.,False,0,NONE
7269,that's the broom.,False,0,NONE
7270,the broom.,False,0,NONE
7271,I think that's your crayon isn't it?,False,0,NONE
7272,what color is that?,True,1,MQ_ADJUNCT
7273,is it blue?,False,0,NONE
7274,okay.,False,0,NONE
7275,I'll be right back Eve.,False,0,NONE
7276,I have to go see if Sarah.,True,1,EQ_POLAR
7277,yeah.,False,0,NONE
7278,did you?,False,0,NONE
7279,did you buy it?,False,0,NONE
7280,why not?,False,0,NONE
7281,no.,False,0,NONE
7282,he's at school?,False,0,NONE
7283,he'll be here on Wednesday.,False,0,NONE
7284,what did you do?,True,1,MQ_OBJ
7285,why can you not cut?,True,1,MQ_ADJUNCT
7286,would you like to read Sneezer to me?,False,0,NONE
7287,okay.,False,0,NONE
7288,a little bit.,False,0,NONE
7289,are you going to hold it?,False,0,NONE
7290,okay.,False,0,NONE
7291,I'll do that.,False,0,NONE
7292,he did read Sneezer.,False,0,NONE
7293,no more books Eve.,False,0,NONE
7294,Fraser doesn't want to read.,False,0,NONE
7295,Fraser must write with his pencil.,False,0,NONE
7296,Fraser has to write with his pencil.,False,0,NONE
7297,he cann't read you stories.,False,0,NONE
7298,what else are you going to do Eve?,True,1,MQ_OBJ
7299,alright you read Pancake to Fraser.,False,0,NONE
7300,yeah you read it to me.,False,0,NONE
7301,you read it.,False,0,NONE
7302,what?,False,0,NONE
7303,what did you say?,True,1,MQ_OBJ
7304,what did you say?,True,1,MQ_OBJ
7305,I know you're not going to read any books.,False,0,NONE
7306,that's a piece of paper that someone's been drawing on.,True,1,RC_ADJUNCT
7307,who's been drawing on that paper?,True,1,MQ_SUBJ
7308,what's she been writing?,True,1,MQ_OBJ
7309,the other side's clean.,False,0,NONE
7310,draw on the other side.,False,0,NONE
7311,"what did you do in Boston, Eve?",True,1,MQ_OBJ
7312,sure you can.,False,0,NONE
7313,you draw.,False,0,NONE
7314,draw abcs.,False,0,NONE
7315,here?,False,0,NONE
7316,okay.,False,0,NONE
7317,I'll draw a flower here.,False,0,NONE
7318,oh the man's finger.,False,0,NONE
7319,"well, here's his hand up here.",False,0,NONE
7320,what is it?,True,1,MQ_ADJUNCT
7321,oh your name's not either poopoo.,False,0,NONE
7322,"what is that, Eve?",True,1,MQ_ADJUNCT
7323,it's cl.,False,0,NONE
7324,what's that?,True,1,MQ_OBJ
7325,al?,False,0,NONE
7326,what's that?,True,1,MQ_OBJ
7327,well what's that?,True,1,MQ_OBJ
7328,Well it's not really bl.,False,0,NONE
7329,what one do we need?,True,1,MQ_OBJ
7330,we need this one.,False,0,NONE
7331,"Eve, you spell cat for Fraser.",False,0,NONE
7332,"well we cann't spell Cromer, Eve.",False,0,NONE
7333,we don't have enough letters to spell.,False,0,NONE
7334,Cromer.,False,0,NONE
7335,spell.,False,0,NONE
7336,cat.,False,0,NONE
7337,yes you spell cat?,False,0,NONE
7338,"that's not cat, is it?",False,0,NONE
7339,how do you spell cat?,True,1,MQ_ADJUNCT
7340,cat?,False,0,NONE
7341,yeah you spell cat for me.,False,0,NONE
7342,what do you need?,True,1,MQ_OBJ
7343,you need a cl.,False,0,NONE
7344,you need a cl.,False,0,NONE
7345,a red one.,False,0,NONE
7346,a red cl.,False,0,NONE
7347,mhm.,False,0,NONE
7348,now get an al.,False,0,NONE
7349,a green al.,False,0,NONE
7350,a green al.,False,0,NONE
7351,that goes by the cl.,False,0,NONE
7352,not that side.,False,0,NONE
7353,you know it's not that side.,False,0,NONE
7354,on the other side.,False,0,NONE
7355,that's right.,False,0,NONE
7356,dl spells dog.,False,0,NONE
7357,that's another word.,False,0,NONE
7358,okay.,False,0,NONE
7359,now get the tl.,False,0,NONE
7360,tl.,False,0,NONE
7361,tl.,False,0,NONE
7362,mhm.,False,0,NONE
7363,that doesn't go there.,False,0,NONE
7364,it goes right there and that spells,False,0,NONE
7365,right.,False,0,NONE
7366,yes.,False,0,NONE
7367,that's very good.,False,0,NONE
7368,dl yeah.,False,0,NONE
7369,dl is in dog.,False,0,NONE
7370,can you spell dog?,False,0,NONE
7371,can you spell dog?,False,0,NONE
7372,what about dog?,False,0,NONE
7373,do you think you could spell dog?,False,0,NONE
7374,no dl for dog.,False,0,NONE
7375,no what about dl?,False,0,NONE
7376,is that dl?,False,0,NONE
7377,what are you spelling now?,True,1,MQ_OBJ
7378,what is that?,True,1,MQ_ADJUNCT
7379,tapioca.,False,0,NONE
7380,that's a dl.,False,0,NONE
7381,don't put them in your mouth.,False,0,NONE
7382,"you spell with the letters, you don't eat them.",False,0,NONE
7383,get an ol.,False,0,NONE
7384,very good.,False,0,NONE
7385,your dl's the wrong way round.,False,0,NONE
7386,there.,False,0,NONE
7387,now get a black gl.,False,0,NONE
7388,yes.,False,0,NONE
7389,that doesn't go there.,False,0,NONE
7390,that's it.,False,0,NONE
7391,and that spells,False,0,NONE
7392,right.,False,0,NONE
7393,"would you like to have your lunch, my dear?",False,0,NONE
7394,yes you put these away first and then we'll have lunch.,False,0,NONE
7395,yes I'll watch you have your lunch.,False,0,NONE
7396,yes he'll watch you have your lunch.,False,0,NONE
7397,hi Eve.,False,0,NONE
7398,oh yeah that's a nice one.,False,0,NONE
7399,did you?,False,0,NONE
7400,you didn't buy it.,False,0,NONE
7401,Joanne gave you that bibbie.,False,0,NONE
7402,Joanne.,False,0,NONE
7403,Peter's mommy.,False,0,NONE
7404,yeah.,False,0,NONE
7405,she gave you that.,False,0,NONE
7406,yes.,False,0,NONE
7407,well just a moment.,False,0,NONE
7408,soup.,False,0,NONE
7409,what?,False,0,NONE
7410,what's the name of that soup?,True,1,MQ_OBJ
7411,that's noodle soup.,False,0,NONE
7412,noodle soup.,False,0,NONE
7413,noodle soup.,False,0,NONE
7414,"there are two different kinds of noodles in there, yes.",False,0,NONE
7415,would you like to have some cheese too?,False,0,NONE
7416,Eve would you like to have some cheese?,False,0,NONE
7417,what are you going to have after you eat your lunch?,True,1,MQ_OBJ
7418,jelly beans.,False,0,NONE
7419,"not green beans, jelly beans.",False,0,NONE
7420,yes.,False,0,NONE
7421,oh Papa's making a noise.,False,0,NONE
7422,"I'll be right back, Eve.",False,0,NONE
7423,yeah.,False,0,NONE
7424,what?,False,0,NONE
7425,you stare at me?,False,0,NONE
7426,that's what you're doing.,True,1,EQ_OBJ
7427,eh?,False,0,NONE
7428,your new coat?,False,0,NONE
7429,your new coat's in the closet.,False,0,NONE
7430,your new coat's in the closet.,False,0,NONE
7431,hanging yes.,False,0,NONE
7432,that's right.,False,0,NONE
7433,well you're making the holes in them.,False,0,NONE
7434,it didn't have holes in it when I gave it to you.,True,1,EQ_ADJUNCT
7435,Swiss cheese has holes in it.,False,0,NONE
7436,uhhuh.,False,0,NONE
7437,but that's not Swiss cheese.,False,0,NONE
7438,that's not Swiss cheese.,False,0,NONE
7439,it's not.,False,0,NONE
7440,well it's not Swiss cheese.,False,0,NONE
7441,you cann't make Swiss cheese by putting holes in it.,False,0,NONE
7442,making a sandwich for Papa.,False,0,NONE
7443,do you want a peanut butter sandwich?,False,0,NONE
7444,no that's for Papa.,False,0,NONE
7445,do you want one?,False,0,NONE
7446,do you want one?,False,0,NONE
7447,hmm?,False,0,NONE
7448,mhm.,False,0,NONE
7449,alright.,False,0,NONE
7450,no this one's for Papa but as soon as I finish this one I'll,False,0,NONE
7451,no it's not.,False,0,NONE
7452,no it's not.,False,0,NONE
7453,you haven't eaten your noodle soup so far.,False,0,NONE
7454,as soon as it gets hot.,False,0,NONE
7455,right.,False,0,NONE
7456,mhm.,False,0,NONE
7457,she's happy to see you.,False,0,NONE
7458,she's making a noise at you.,False,0,NONE
7459,I 'm going To fix some bouillon for Pop.,False,0,NONE
7460,for Pop.,False,0,NONE
7461,yep.,False,0,NONE
7462,for his lunch.,False,0,NONE
7463,for his lunch.,False,0,NONE
7464,yes he's going To have a peanut butter sandwich.,False,0,NONE
7465,oh you?,False,0,NONE
7466,yes.,False,0,NONE
7467,I 'm sorry I forgot to make one for you.,False,0,NONE
7468,you're welcome.,False,0,NONE
7469,I forgot your vitamins this morning.,False,0,NONE
7470,I forgot your vitamins this morning.,False,0,NONE
7471,vitamin time Eve.,False,0,NONE
7472,vitamin time girls.,False,0,NONE
7473,yes.,False,0,NONE
7474,vitamin girls.,False,0,NONE
7475,there.,False,0,NONE
7476,that's a girl.,False,0,NONE
7477,I burned my finger.,False,0,NONE
7478,no Fraser's not having lunch.,False,0,NONE
7479,everybody's eating but Fraser.,False,0,NONE
7480,isn't that too bad?,False,0,NONE
7481,poor Fraser.,False,0,NONE
7482,well don't lament too much.,False,0,NONE
7483,"I'll have lunch in a little while, and then I'll be okay.",False,0,NONE
7484,peas.,False,0,NONE
7485,peas and sweet potatoes and dessert.,False,0,NONE
7486,"no that's not carrots, that's sweet potatoes.",False,0,NONE
7487,sweet potatoes are orange and carrots are orange.,False,0,NONE
7488,these are sweet potatoes.,False,0,NONE
7489,no green beans aren't white.,False,0,NONE
7490,green beans are green.,False,0,NONE
7491,green beans are green.,False,0,NONE
7492,that's why you call them green beans.,True,1,EQ_ADJUNCT
7493,yes because they're green.,False,0,NONE
7494,they're green.,False,0,NONE
7495,she's eating.,False,0,NONE
7496,what're you doing?,True,1,MQ_OBJ
7497,good.,False,0,NONE
7498,well don't worry about it Eve.,False,0,NONE
7499,I think it's alright.,False,0,NONE
7500,now you're making me feel sorry for myself.,False,0,NONE
7501,"you're making Fraser feel hungry, Eve.",False,0,NONE
7502,who want some milk out of the cup?,True,1,MQ_SUBJ
7503,no we'll give her some milk out of the cup at suppertime not,False,0,NONE
7504,yes she'll drink out of Mom's breast in just a little bit.,False,0,NONE
7505,that's right.,False,0,NONE
7506,as soon as she eats her lunch.,False,0,NONE
7507,that's right.,False,0,NONE
7508,as soon as Eve eats her lunch and as soon as Eve eats her lunch,False,0,NONE
7509,"well, Eve has some milk now.",False,0,NONE
7510,you're getting sick?,False,0,NONE
7511,what's wrong with you?,True,1,MQ_SUBJ
7512,why are you getting sick?,True,1,MQ_ADJUNCT
7513,because what?,False,0,NONE
7514,what did you do to get sick?,True,1,MQ_OBJ
7515,because you have to go to bed?,False,0,NONE
7516,"oh you're getting tired, Eve.",False,0,NONE
7517,you're not getting sick.,False,0,NONE
7518,now don't hit me with your sticky fingers.,False,0,NONE
7519,you cann't hit Sarah or me with your sticky fingers.,False,0,NONE
7520,if you want to do something hit your own self.,True,1,EQ_POLAR
7521,there.,False,0,NONE
7522,not me.,False,0,NONE
7523,not Sarah and not Papa and not Fraser either.,False,0,NONE
7524,nope just Eve.,False,0,NONE
7525,you don't care about what?,False,0,NONE
7526,I see.,False,0,NONE
7527,you don't care if you put your sticky fingers on your cheek.,True,1,EQ_POLAR
7528,I do.,False,0,NONE
7529,I care.,False,0,NONE
7530,I don't like them on my face.,False,0,NONE
7531,no just your own self.,False,0,NONE
7532,not me.,False,0,NONE
7533,not Fraser.,False,0,NONE
7534,nope.,False,0,NONE
7535,hunm.,False,0,NONE
7536,that's right.,False,0,NONE
7537,that's right.,False,0,NONE
7538,nobody.,False,0,NONE
7539,alright.,False,0,NONE
7540,you do?,False,0,NONE
7541,Fraser too?,False,0,NONE
7542,you have to eat before you have a full tummy and Fraser hasn't,False,0,NONE
7543,he has an empty tummy.,False,0,NONE
7544,he has an empty tummy.,False,0,NONE
7545,well when he eats then it'll be full.,True,1,EQ_ADJUNCT
7546,but not now.,False,0,NONE
7547,that's right.,False,0,NONE
7548,yes you did indeed.,False,0,NONE
7549,Hi Eve.,False,0,NONE
7550,did you drop the letters?,False,0,NONE
7551,you'd better pick them up.,False,0,NONE
7552,you pick them up.,False,0,NONE
7553,you dropped them.,False,0,NONE
7554,oh I think you can manage.,False,0,NONE
7555,you don't have many.,False,0,NONE
7556,what are you?,True,1,MQ_ADJUNCT
7557,"oh, stop, Eve.",False,0,NONE
7558,you're moneys?,False,0,NONE
7559,many?,False,0,NONE
7560,is that what you are?,True,1,EQ_OBJ
7561,that's very good.,False,0,NONE
7562,are you standing on the board.,False,0,NONE
7563,you get off that.,False,0,NONE
7564,the letters go on that board not Eve.,False,0,NONE
7565,well don't take the crayons out because it's time to take a nap.,False,0,NONE
7566,run and give Papa a kiss.,False,0,NONE
7567,and Fraser.,False,0,NONE
7568,right.,False,0,NONE
7569,and Fraser.,False,0,NONE
7570,well I 'm going along.,False,0,NONE
7571,I'll get a kiss upstairs.,False,0,NONE
7572,I'll get a kiss upstairs.,False,0,NONE
7573,tell Fraser you'll see him on,False,0,NONE
7574,when?,False,0,NONE
7575,I 'm going to come some other time as well.,False,0,NONE
7576,you don't take your Easter baskets to bed.,False,0,NONE
7577,leave them on the table.,False,0,NONE
7578,you may have them when you come down.,True,1,EQ_ADJUNCT
7579,put them back.,False,0,NONE
7580,put them back on the table.,False,0,NONE
7581,you may have them when you come down.,True,1,EQ_ADJUNCT
7582,after you take your nap.,False,0,NONE
7583,fine then.,False,0,NONE
7584,three o'clock.,False,0,NONE
7585,"yes, Fraser will come back this afternoon.",False,0,NONE
7586,I'll come back and see you this afternoon eh?,False,0,NONE
7587,would you like that after your nap?,False,0,NONE
7588,alright.,False,0,NONE
7589,and he'll come back and see you then.,False,0,NONE
7590,"yes, in a minute.",False,0,NONE
7591,it'll go flipflop and it'll go flipflop for you this afternoon,False,0,NONE
7592,you don't need to shut it.,False,0,NONE
7593,we don't need to shut it today.,False,0,NONE
7594,Fraser's going to go and have his lunch and you're going to have a,False,0,NONE
7595,hi Eve.,False,0,NONE
7596,thank you.,False,0,NONE
7597,yeah.,False,0,NONE
7598,"did you get your tablet, Eve?",False,0,NONE
7599,there it is.,False,0,NONE
7600,mhm.,False,0,NONE
7601,okay.,False,0,NONE
7602,will I draw a lady?,False,0,NONE
7603,the lady's hand come up there.,False,0,NONE
7604,mhm.,False,0,NONE
7605,what are you doing?,True,1,MQ_OBJ
7606,on the eye.,False,0,NONE
7607,there's the lady's fingers.,False,0,NONE
7608,there's the man's hand.,False,0,NONE
7609,there.,False,0,NONE
7610,"Fraser, you want some coffee?",False,0,NONE
7611,I'll think I'll have some coffee.,False,0,NONE
7612,who's going to bring them for me?,True,1,MQ_SUBJ
7613,your new what?,False,0,NONE
7614,in the cellar?,False,0,NONE
7615,a new bucket in the cellar?,False,0,NONE
7616,that's very nice.,False,0,NONE
7617,ah yeah.,False,0,NONE
7618,when's your Mom getting the bucket for you?,True,1,MQ_ADJUNCT
7619,"at the store, yeah.",False,0,NONE
7620,look right here.,False,0,NONE
7621,here's the little man.,False,0,NONE
7622,"we haven't finished him yet, have we?",False,0,NONE
7623,"there, that's a little man.",False,0,NONE
7624,he's what?,False,0,NONE
7625,oh mustache.,False,0,NONE
7626,you'd like him to have a mustache.,False,0,NONE
7627,"well he has got one, hasn't he?",False,0,NONE
7628,that's a mustache.,False,0,NONE
7629,yeah.,False,0,NONE
7630,hey now put the cream down please.,False,0,NONE
7631,that's right.,False,0,NONE
7632,that's absolutely right.,False,0,NONE
7633,hi Eve.,False,0,NONE
7634,that's my jacket.,False,0,NONE
7635,that's a jacket *NULL* to keep me warm.,False,0,NONE
7636,my big long coat?,False,0,NONE
7637,I didn't have my coat on today because it's warm today.,False,0,NONE
7638,mhm.,False,0,NONE
7639,a little while ago.,False,0,NONE
7640,"now Eve, that's Fraser's.",False,0,NONE
7641,yeah.,False,0,NONE
7642,oh thank you.,False,0,NONE
7643,now I'll get some sugar.,False,0,NONE
7644,mhm.,False,0,NONE
7645,then some cream.,False,0,NONE
7646,just a little cream not much.,False,0,NONE
7647,then I?,False,0,NONE
7648,what am I doing now?,True,1,MQ_OBJ
7649,"I 'm stirring it, amn't I?",False,0,NONE
7650,that's fine.,False,0,NONE
7651,hi Eve.,False,0,NONE
7652,hi.,False,0,NONE
7653,what'll I write there?,True,1,MQ_OBJ
7654,okay I'll write your abc.,False,0,NONE
7655,al bl cl dl el fl.,False,0,NONE
7656,"why is that, Mom?",True,1,MQ_ADJUNCT
7657,"that's very nice, isn't it?",False,0,NONE
7658,hi Eve.,False,0,NONE
7659,is that right?,False,0,NONE
7660,that's dl.,False,0,NONE
7661,what did I do?,True,1,MQ_OBJ
7662,no I didn't.,False,0,NONE
7663,maybe that's from my coughing.,False,0,NONE
7664,maybe I did cough.,False,0,NONE
7665,that's my paper.,False,0,NONE
7666,"do you wanT To go up and peepee, Eve?",False,0,NONE
7667,"well, come on let's go.",False,0,NONE
7668,yeah that's fine.,False,0,NONE
7669,I'll just stay here.,False,0,NONE
7670,well alright.,False,0,NONE
7671,very good.,False,0,NONE
7672,okay that's your side.,False,0,NONE
7673,hi Eve.,False,0,NONE
7674,you're being silly.,False,0,NONE
7675,am I being silly?,False,0,NONE
7676,are we all being silly?,False,0,NONE
7677,ah I see.,False,0,NONE
7678,what happened to it?,True,1,MQ_SUBJ
7679,there it is.,False,0,NONE
7680,he did?,False,0,NONE
7681,oh good.,False,0,NONE
7682,mhm.,False,0,NONE
7683,"what, dear?",False,0,NONE
7684,"what did you say, honey?",False,0,NONE
7685,do you know do you want to know where she put the pudding?,True,1,EQ_ADJUNCT
7686,yesterday?,False,0,NONE
7687,well hello Eve.,False,0,NONE
7688,hi Eve.,False,0,NONE
7689,hi Eve.,False,0,NONE
7690,that's right.,False,0,NONE
7691,that's what you're having.,True,1,EQ_OBJ
7692,Pop'll do it.,False,0,NONE
7693,all done?,False,0,NONE
7694,thank you.,False,0,NONE
7695,okay.,False,0,NONE
7696,okay I'll hold it.,False,0,NONE
7697,what would you like?,True,1,MQ_OBJ
7698,what would you like to color?,True,1,EQ_OBJ
7699,uhhuh.,False,0,NONE
7700,I don't know.,False,0,NONE
7701,what happened to it?,True,1,MQ_SUBJ
7702,it looks alright to me.,False,0,NONE
7703,eh what happened to it?,True,1,EQ_ADJUNCT
7704,what are you doing?,True,1,MQ_OBJ
7705,smoothing?,False,0,NONE
7706,oh you want me to color the horse's eye.,False,0,NONE
7707,okay.,False,0,NONE
7708,there.,False,0,NONE
7709,okay.,False,0,NONE
7710,oh no.,False,0,NONE
7711,I think it's a good idea to leave the paper on the crayon.,False,0,NONE
7712,because then your hands don't get dirty.,False,0,NONE
7713,"Eve don't take the paper off, please.",False,0,NONE
7714,well,False,0,NONE
7715,"we want it on, yes.",False,0,NONE
7716,it belongs on.,False,0,NONE
7717,we don't take the paper off.,False,0,NONE
7718,well I don't think you can get it back once you've taken it off.,False,0,NONE
7719,and we'll just leave the rest.,False,0,NONE
7720,there it is.,False,0,NONE
7721,that's better.,False,0,NONE
7722,okay.,False,0,NONE
7723,there it is.,False,0,NONE
7724,and what's that *NULL* you're drawing?,True,2,EQ_OBJ;RC_OBJ
7725,nothing happened to it.,False,0,NONE
7726,there it is over there.,False,0,NONE
7727,oh your book fell down.,False,0,NONE
7728,I 'm sorry I dropped the book.,False,0,NONE
7729,thank you.,False,0,NONE
7730,that's right.,False,0,NONE
7731,that's a green one.,False,0,NONE
7732,what color is this?,True,1,MQ_ADJUNCT
7733,Eve?,False,0,NONE
7734,what color is that?,True,1,MQ_ADJUNCT
7735,"it's grass, yep.",False,0,NONE
7736,what kind of grass?,False,0,NONE
7737,is it blue grass?,False,0,NONE
7738,it's red grass *NULL* I see.,True,1,EQ_OBJ
7739,it's green grass yes.,False,0,NONE
7740,I think it's green grass.,False,0,NONE
7741,now Eve don't get rowdy.,False,0,NONE
7742,you don't go around pushing people in the face.,False,0,NONE
7743,do you?,False,0,NONE
7744,not Fraser not anyone.,False,0,NONE
7745,if you want to poke someone in the face you poke yourself.,True,1,EQ_POLAR
7746,alright then don't poke anybody.,False,0,NONE
7747,okay.,False,0,NONE
7748,what is that?,True,1,MQ_ADJUNCT
7749,what?,False,0,NONE
7750,it's sort of it's a bit like a zebra.,False,0,NONE
7751,if it had stripes it would be like a zebra wouldn't it?,True,1,EQ_POLAR
7752,if it had stripes then it would look like a zebra.,True,1,EQ_POLAR
7753,it's what?,False,0,NONE
7754,what dear?,False,0,NONE
7755,say it one more time.,False,0,NONE
7756,we'll try again.,False,0,NONE
7757,you got your pants on the wrong way.,False,0,NONE
7758,oh I see.,False,0,NONE
7759,yes of course.,False,0,NONE
7760,we got Granny's pants on the wrong way.,False,0,NONE
7761,well we'll take them off and change them.,False,0,NONE
7762,the pockets should be in front shouldn't they?,False,0,NONE
7763,silly Papa.,False,0,NONE
7764,got Granny's pants on the wrong way.,False,0,NONE
7765,we'll turn them around.,False,0,NONE
7766,put your foot in.,False,0,NONE
7767,silly Papa.,False,0,NONE
7768,yes.,False,0,NONE
7769,yes.,False,0,NONE
7770,now do we have Granny's pants on now?,False,0,NONE
7771,what are you doing?,True,1,MQ_OBJ
7772,uh,False,0,NONE
7773,here it is.,False,0,NONE
7774,there it is.,False,0,NONE
7775,yeah.,False,0,NONE
7776,what do you have in your pocket?,True,1,MQ_OBJ
7777,Eve would you carry the cream in for Fraser please?,False,0,NONE
7778,would you please carry the cream in for Fraser?,False,0,NONE
7779,here it is.,False,0,NONE
7780,very carefully now.,False,0,NONE
7781,very carefully.,False,0,NONE
7782,"thank you, Eve.",False,0,NONE
7783,okay you can get the spoon for me.,False,0,NONE
7784,thank you.,False,0,NONE
7785,careful now.,False,0,NONE
7786,easy.,False,0,NONE
7787,well I think you'd better let Fraser open.,False,0,NONE
7788,you can carry but Fraser open it.,False,0,NONE
7789,I think I'd better pour it.,False,0,NONE
7790,then I'll stir it.,False,0,NONE
7791,hi Eve.,False,0,NONE
7792,"are you a thirsty baby, Eve?",False,0,NONE
7793,yep.,False,0,NONE
7794,that's what you did.,True,1,EQ_OBJ
7795,it's all done.,False,0,NONE
7796,"put your cup on the counter, please.",False,0,NONE
7797,"no, Eve's spilled a bit of grape juice.",False,0,NONE
7798,and I just wiped it up.,False,0,NONE
7799,yeah.,False,0,NONE
7800,we'll sit over here until it gets dry and then you willn't get wet.,False,0,NONE
7801,hi.,False,0,NONE
7802,"Eve, would you please get Papa the red ashtray?",False,0,NONE
7803,it's on the fireplace.,False,0,NONE
7804,it's on the fireplace by the newspapers.,False,0,NONE
7805,that's it.,False,0,NONE
7806,"thank you very kindly, good girl.",False,0,NONE
7807,did you tell Fraser about your chin?,False,0,NONE
7808,you tell him about your chin.,False,0,NONE
7809,is it alright now?,False,0,NONE
7810,who fixed your chin?,True,1,MQ_SUBJ
7811,oh I 'm pleased that it's getting better now.,False,0,NONE
7812,that's a good idea.,False,0,NONE
7813,can I help you?,False,0,NONE
7814,okay I'll help you.,False,0,NONE
7815,ah there's one.,False,0,NONE
7816,and there's another one.,False,0,NONE
7817,there.,False,0,NONE
7818,okay?,False,0,NONE
7819,okay.,False,0,NONE
7820,okay.,False,0,NONE
7821,oh this is a nice book.,False,0,NONE
7822,I haven't seen this book before.,False,0,NONE
7823,who bought it?,True,1,MQ_SUBJ
7824,ah.,False,0,NONE
7825,and who?,False,0,NONE
7826,where are the bunnies?,True,1,MQ_ADJUNCT
7827,yeah.,False,0,NONE
7828,how many bunnies are there?,True,1,MQ_OBJ
7829,how many?,False,0,NONE
7830,are they pink and yellow?,False,0,NONE
7831,it's on a perch.,False,0,NONE
7832,it's perching.,False,0,NONE
7833,that's a good idea.,False,0,NONE
7834,I think we should wait till it dries and then you willn't get wet.,False,0,NONE
7835,mhm.,False,0,NONE
7836,mhm.,False,0,NONE
7837,what is it doing?,True,1,MQ_OBJ
7838,on a perch isn't it?,False,0,NONE
7839,what?,False,0,NONE
7840,is it dark outside?,False,0,NONE
7841,okay we'll color it dark.,False,0,NONE
7842,it's dark now.,False,0,NONE
7843,"there, that makes it dark outside.",False,0,NONE
7844,mhm.,False,0,NONE
7845,well you made a good job of that didn't you?,False,0,NONE
7846,what are you doing?,True,1,MQ_OBJ
7847,shall I put some tape on it?,False,0,NONE
7848,alright.,False,0,NONE
7849,would you bring the top here?,False,0,NONE
7850,just the top.,False,0,NONE
7851,leave the rest of the box there please.,False,0,NONE
7852,thank you.,False,0,NONE
7853,we'll fix it.,False,0,NONE
7854,there.,False,0,NONE
7855,yeah.,False,0,NONE
7856,it's fine now isn't it?,False,0,NONE
7857,it's good now.,False,0,NONE
7858,hi.,False,0,NONE
7859,do you know what I have for you?,True,1,EQ_OBJ
7860,shovel yes.,False,0,NONE
7861,oh that's Mom's from Dr Reid for Sarah and those are my hairpins.,False,0,NONE
7862,a bucket yes.,False,0,NONE
7863,let me hold the bag.,False,0,NONE
7864,you take hold of the handle.,False,0,NONE
7865,that's it.,False,0,NONE
7866,there.,False,0,NONE
7867,that's for the sandbox.,False,0,NONE
7868,oh we'll put your sweatshirt on after a bit and then you can go outside.,False,0,NONE
7869,let's stay in for a little while.,False,0,NONE
7870,okay?,False,0,NONE
7871,in a little bit.,False,0,NONE
7872,there's nobody out there now.,False,0,NONE
7873,Becky's not out there now.,False,0,NONE
7874,yes wait until Becky comes out.,False,0,NONE
7875,and you can play outside all day tomorrow.,False,0,NONE
7876,yes you can.,False,0,NONE
7877,but let's stay in the house right now.,False,0,NONE
7878,okay do you wanT To go outside then?,True,1,MQ_POLAR
7879,okay.,False,0,NONE
7880,take your sweater off and we'll put your sweatshirt on.,False,0,NONE
7881,take your sweater off.,False,0,NONE
7882,yes.,False,0,NONE
7883,Marcia lost the other one.,False,0,NONE
7884,you tell Marcia when you see her that she's not to play with your bucket.,True,1,EQ_ADJUNCT
7885,okay?,False,0,NONE
7886,that's right.,False,0,NONE
7887,and you tell her she's not to play with your bucket.,False,0,NONE
7888,because she lost the other one.,False,0,NONE
7889,yes.,False,0,NONE
7890,okay.,False,0,NONE
7891,byebye Eve.,False,0,NONE
7892,can you tell Fraser bye?,False,0,NONE
7893,bye Eve.,False,0,NONE
7894,have a nice time.,False,0,NONE
7895,they're not out there.,False,0,NONE
7896,you can go and play with your bucket by yourself.,False,0,NONE
7897,bye.,False,0,NONE
7898,have fun.,False,0,NONE
7899,do you want me to wind this now?,False,0,NONE
7900,okay.,False,0,NONE
7901,okay.,False,0,NONE
7902,do you want it out with the box or without the box?,False,0,NONE
7903,with it.,False,0,NONE
7904,it is?,False,0,NONE
7905,what's that?,True,1,MQ_OBJ
7906,mhm.,False,0,NONE
7907,high heels.,False,0,NONE
7908,oh I 'm just making it.,False,0,NONE
7909,I don't have any coffee yet?,False,0,NONE
7910,you'll have to wait for just a minute Eve.,False,0,NONE
7911,would you like to take him a napkin and a spoon?,False,0,NONE
7912,here napkin and spoon and I'll bring the coffee in just a minute.,False,0,NONE
7913,thank you very much.,False,0,NONE
7914,you are thirsty.,False,0,NONE
7915,did you have fun playing outside this morning?,False,0,NONE
7916,what were they doing?,True,1,MQ_OBJ
7917,putting sand in the pail?,False,0,NONE
7918,you were?,False,0,NONE
7919,what else did you do?,True,1,MQ_OBJ
7920,oh you had supper.,False,0,NONE
7921,what did you eat?,True,1,MQ_OBJ
7922,oh you did.,False,0,NONE
7923,did you cook it?,False,0,NONE
7924,it's what?,False,0,NONE
7925,oh it's just a kind of macaroni I see.,False,0,NONE
7926,it was noodles?,False,0,NONE
7927,okay.,False,0,NONE
7928,yes.,False,0,NONE
7929,macaroni and noodles are sort of alike.,False,0,NONE
7930,okay.,False,0,NONE
7931,I'll open it.,False,0,NONE
7932,it's the doorbell.,False,0,NONE
7933,well it's a present from Granny Hart,False,0,NONE
7934,for Eve and Sarah for Easter.,False,0,NONE
7935,for Easter.,False,0,NONE
7936,what is in there?,True,1,MQ_SUBJ
7937,it's jelly beans.,False,0,NONE
7938,I'll bet that one's for Sarah because look it's a little baby sleeping.,False,0,NONE
7939,what else is in there?,True,1,MQ_SUBJ
7940,now don't take them off yet.,False,0,NONE
7941,see what else is in the box.,True,1,EQ_SUBJ
7942,what else is in there?,True,1,MQ_SUBJ
7943,oh that one's Sarah this one must be Eve's then.,False,0,NONE
7944,this one must be Eve's because this one has Sarah's name on it.,False,0,NONE
7945,shall we open that one?,False,0,NONE
7946,"well I don't know, let's look.",False,0,NONE
7947,what is that?,True,1,MQ_OBJ
7948,where is the baby?,True,1,MQ_ADJUNCT
7949,what is it in?,True,1,MQ_OBJ
7950,in a shoe.,False,0,NONE
7951,that's right.,False,0,NONE
7952,more jelly beans.,False,0,NONE
7953,put that over on the table.,False,0,NONE
7954,that's for Sarah.,False,0,NONE
7955,that's a band.,False,0,NONE
7956,oh isn't that nice.,False,0,NONE
7957,Eve has a baby with some jelly beans on it.,False,0,NONE
7958,and Sarah has a baby.,False,0,NONE
7959,right there on the floor with jelly beans.,False,0,NONE
7960,you can take that to bed with you along with your other ten thousand.,False,0,NONE
7961,thank you very much.,False,0,NONE
7962,oh that's a nice orange one.,False,0,NONE
7963,oh thank you.,False,0,NONE
7964,that's an orange one too.,False,0,NONE
7965,well they're running through the bushes.,False,0,NONE
7966,they're running through the bushes and Nancy's not to run through the bushes and neither is Eve.,False,0,NONE
7967,hi.,False,0,NONE
7968,it's a nice baby.,False,0,NONE
7969,and she's fast asleep in bed isn't she?,False,0,NONE
7970,she's all wrapped up in her her bedclothes.,False,0,NONE
7971,oh I have some sugar thank you.,False,0,NONE
7972,"no you leave the sugar there, sweetheart.",False,0,NONE
7973,Mom'll put it away in a minute.,False,0,NONE
7974,leave it by Cromer?,False,0,NONE
7975,okay.,False,0,NONE
7976,I'll be right back.,False,0,NONE
7977,you close the door please.,False,0,NONE
7978,"no, I 'm going out to look at the car.",False,0,NONE
7979,you stay right here.,False,0,NONE
7980,"no, Papa can do it by himself.",False,0,NONE
7981,you're supposed to playing games with Fraser and Cromer.,False,0,NONE
7982,you cann't go outside and help Papa.,False,0,NONE
7983,for goodness sake.,False,0,NONE
7984,what would you like to play at?,True,1,MQ_OBJ
7985,what kind of a duck is that?,True,1,MQ_OBJ
7986,eh?,False,0,NONE
7987,what kind of a duck is that?,True,1,MQ_OBJ
7988,yes it's Cromer's duck but it's also a squeaky duck.,False,0,NONE
7989,do you remember.,False,0,NONE
7990,it's a squeaky duck.,False,0,NONE
7991,it makes that noise.,False,0,NONE
7992,see it's a squeaky duck.,False,0,NONE
7993,it goes squeak squeak.,False,0,NONE
7994,there's something else in the bag that's squeaky.,True,1,RC_SUBJ
7995,what else is squeaky?,True,1,MQ_SUBJ
7996,what?,False,0,NONE
7997,that's right.,False,0,NONE
7998,the boat's squeaky.,False,0,NONE
7999,what?,False,0,NONE
8000,"it's what, dear?",False,0,NONE
8001,what?,False,0,NONE
8002,what?,False,0,NONE
8003,say it again.,False,0,NONE
8004,yeah I hear it squeak.,False,0,NONE
8005,"that's a squeaky boat, isn't it?",False,0,NONE
8006,that's a squeaky boat.,False,0,NONE
8007,oh that's right.,False,0,NONE
8008,there are all sorts of other little things in the bag.,False,0,NONE
8009,we forgot about that?,False,0,NONE
8010,I don't know.,False,0,NONE
8011,what do you think it is?,True,1,EQ_OBJ
8012,"that doesn't look like a baby, does it?",False,0,NONE
8013,yes.,False,0,NONE
8014,hmm?,False,0,NONE
8015,they're pans.,False,0,NONE
8016,what is it?,True,1,MQ_OBJ
8017,should we wind it up?,False,0,NONE
8018,gee I don't know how.,False,0,NONE
8019,why don't you ask Fraser if he know how.,True,2,EQ_POLAR;MQ_ADJUNCT
8020,ask Fraser if he can wind it.,True,1,EQ_POLAR
8021,you cann't?,False,0,NONE
8022,well you ask Fraser if he can do it.,True,1,EQ_POLAR
8023,ah yes.,False,0,NONE
8024,it's a funny little thing isn't it?,False,0,NONE
8025,it's stuck today.,False,0,NONE
8026,"tell you what, we'll find out by next time how it works.",True,1,EQ_ADJUNCT
8027,there it goes.,False,0,NONE
8028,today it's a tired turtle but next time it'll move I think.,False,0,NONE
8029,but it's very sleepy today.,False,0,NONE
8030,the turtle's going To take a nap.,False,0,NONE
8031,"well don't feel bad, Eve.",False,0,NONE
8032,Fraser cann't either.,False,0,NONE
8033,Cromer will do it?,False,0,NONE
8034,well I'll try it.,False,0,NONE
8035,we didn't make it in time.,False,0,NONE
8036,now we're ready.,False,0,NONE
8037,mhm.,False,0,NONE
8038,we almost got it didn't we?,False,0,NONE
8039,what?,False,0,NONE
8040,okay we'll try again.,False,0,NONE
8041,that's what's supposed to happen.,True,1,EQ_SUBJ
8042,yes.,False,0,NONE
8043,pans.,False,0,NONE
8044,what do you do with the pans?,True,1,MQ_OBJ
8045,Ursula?,False,0,NONE
8046,yes a pan.,False,0,NONE
8047,how many pans are there?,True,1,MQ_OBJ
8048,pink pans?,False,0,NONE
8049,well two of them are pink.,False,0,NONE
8050,well that's sort of pink.,False,0,NONE
8051,mhm.,False,0,NONE
8052,mhm.,False,0,NONE
8053,mhm sort of pink I guess.,False,0,NONE
8054,that's what you do with them.,True,1,EQ_OBJ
8055,not got a spoon?,False,0,NONE
8056,Mom'll give you one.,False,0,NONE
8057,well you have some.,False,0,NONE
8058,in the box.,False,0,NONE
8059,did you fall on your let?,False,0,NONE
8060,oh thank you.,False,0,NONE
8061,what did you do?,True,1,MQ_OBJ
8062,oh thank you.,False,0,NONE
8063,and what are you making?,True,1,EQ_OBJ
8064,noodle soup?,False,0,NONE
8065,oh that's very good.,False,0,NONE
8066,I like noodle soup.,False,0,NONE
8067,oh yes.,False,0,NONE
8068,can I get some noodle soup too?,False,0,NONE
8069,thank you.,False,0,NONE
8070,I'd like a spoon to eat my noodle soup.,False,0,NONE
8071,can you find me a spoon?,False,0,NONE
8072,hmm?,False,0,NONE
8073,alright.,False,0,NONE
8074,thank you very much.,False,0,NONE
8075,is there more noodle soup over there Eve?,False,0,NONE
8076,I'd like some more please.,False,0,NONE
8077,noodle soup from the coffeepot?,False,0,NONE
8078,hey where's my noodle soup?,True,1,MQ_ADJUNCT
8079,you forgot to give some to Papa.,False,0,NONE
8080,there aren't enough pans Dave.,False,0,NONE
8081,there are only four.,False,0,NONE
8082,are you going To give Papa yours?,False,0,NONE
8083,what do you have in there?,True,1,MQ_OBJ
8084,thank you.,False,0,NONE
8085,it's very good noodle soup.,False,0,NONE
8086,is that a dog?,False,0,NONE
8087,I think that's an elephant.,False,0,NONE
8088,it's what?,False,0,NONE
8089,Nancy's outside playing with Steven.,False,0,NONE
8090,not to go in the bushes no.,False,0,NONE
8091,who hurt her chin?,True,1,MQ_SUBJ
8092,not now.,False,0,NONE
8093,she cried in the basement when she fell down.,True,1,EQ_ADJUNCT
8094,when she fell down in the basement she cried.,True,1,EQ_ADJUNCT
8095,she bumped her head.,False,0,NONE
8096,"Eve, where's the duck that Marcia gave you for your birthday?",True,2,MQ_ADJUNCT;RC_OBJ
8097,where is it?,True,1,MQ_ADJUNCT
8098,no that's not the one.,False,0,NONE
8099,there's one that does though I 'm sure.,True,1,RC_SUBJ
8100,that's not the one.,False,0,NONE
8101,thank you.,False,0,NONE
8102,that's right.,False,0,NONE
8103,I 'm what?,False,0,NONE
8104,yep.,False,0,NONE
8105,that's what I 'm doing.,False,0,NONE
8106,now look.,False,0,NONE
8107,she's going to fly through the air.,False,0,NONE
8108,okay.,False,0,NONE
8109,"are you about ready to have your lunch, Eve?",False,0,NONE
8110,are you about ready to have your lunch?,False,0,NONE
8111,would you put the pan back on the table?,False,0,NONE
8112,here put Mom's pan back on the table.,False,0,NONE
8113,did you give one to Papa?,False,0,NONE
8114,get that one too.,False,0,NONE
8115,no.,False,0,NONE
8116,you do?,False,0,NONE
8117,alright.,False,0,NONE
8118,we can make it work now.,False,0,NONE
8119,alright you watch the turtle work and we'll go get your lunch.,False,0,NONE
8120,we have to wind it.,False,0,NONE
8121,we have to wind it.,False,0,NONE
8122,it works now.,False,0,NONE
8123,now it works.,False,0,NONE
8124,here we go.,False,0,NONE
8125,ready?,False,0,NONE
8126,let's wind it all up.,False,0,NONE
8127,it cann't work?,False,0,NONE
8128,well it might work one of these days.,False,0,NONE
8129,yes it's very tired.,False,0,NONE
8130,you have to do what?,False,0,NONE
8131,take him to bed?,False,0,NONE
8132,oh I don't think so.,False,0,NONE
8133,the turtle can sleep on the table.,False,0,NONE
8134,mhm.,False,0,NONE
8135,well it's just peanut butter.,False,0,NONE
8136,put them in your mouth and lick them off.,False,0,NONE
8137,you get it?,False,0,NONE
8138,there's your peanut butter sandwich.,False,0,NONE
8139,that belongs to Papa.,False,0,NONE
8140,that belongs to Papa.,False,0,NONE
8141,well it's not a peanut butter sandwich *NULL* folded over.,True,1,RC_SUBJ
8142,yes you fold it over then pinch it together.,False,0,NONE
8143,it's a peanut butter sandwich with two pieces of bread.,False,0,NONE
8144,with two pieces of bread.,False,0,NONE
8145,not folded over.,False,0,NONE
8146,that's not folded over Eve.,False,0,NONE
8147,it's two pieces of bread.,False,0,NONE
8148,there's two pieces of bread.,False,0,NONE
8149,this is folded over like this.,False,0,NONE
8150,that's folded over.,False,0,NONE
8151,yes you fold it over then pinch it together.,False,0,NONE
8152,but this one is two pieces of bread.,False,0,NONE
8153,See?,False,0,NONE
8154,you're going To shut your eyes and go to sleep?,False,0,NONE
8155,well don't not in your highchair.,False,0,NONE
8156,wait until we get up in your bed.,False,0,NONE
8157,are you tired?,False,0,NONE
8158,mhm.,False,0,NONE
8159,we had a long morning.,False,0,NONE
8160,would you like to have a piece of this cheese?,False,0,NONE
8161,this cheese is named Gouda cheese.,False,0,NONE
8162,this is Gouda cheese.,False,0,NONE
8163,that's right.,False,0,NONE
8164,mhm.,False,0,NONE
8165,do you like it?,False,0,NONE
8166,good.,False,0,NONE
8167,you want what darling?,False,0,NONE
8168,you want the other kind of cheese?,False,0,NONE
8169,which kind?,False,0,NONE
8170,well there's more than one kind in there.,False,0,NONE
8171,which do you want?,True,1,MQ_OBJ
8172,well wait until you finish eating.,False,0,NONE
8173,I cann't understand you with your mouth full.,False,0,NONE
8174,chew up your cheese and then tell me again.,False,0,NONE
8175,the orange cheese?,False,0,NONE
8176,in the box?,False,0,NONE
8177,well they're in the livingroom.,False,0,NONE
8178,hmm?,False,0,NONE
8179,Cathy and Judy.,False,0,NONE
8180,now where are they?,True,1,MQ_ADJUNCT
8181,of course they're at home having their lunch.,False,0,NONE
8182,they're having their lunch too.,False,0,NONE
8183,I don't know if they're having noodle soup or not.,True,1,EQ_POLAR
8184,I know that's Papa Cummings.,False,0,NONE
8185,Papa's name is Papa uhhuh.,False,0,NONE
8186,he's going to have bouillon.,False,0,NONE
8187,bouillon.,False,0,NONE
8188,that's right bouillon soup.,False,0,NONE
8189,no this one doesn't have the bouillon cubes in it.,False,0,NONE
8190,this is another kind.,False,0,NONE
8191,this is in a can.,False,0,NONE
8192,this comes out of a can.,False,0,NONE
8193,hi Eve.,False,0,NONE
8194,"David, did you eat all the carrots and celery?",False,0,NONE
8195,eat all the carrots and celery.,False,0,NONE
8196,I'll have to fix some more.,False,0,NONE
8197,he ate all the carrots.,False,0,NONE
8198,mhm.,False,0,NONE
8199,hmm?,False,0,NONE
8200,what'd I give for Papa?,True,1,MQ_OBJ
8201,I gave Papa some celery.,False,0,NONE
8202,some celery for Papa.,False,0,NONE
8203,no no carrots.,False,0,NONE
8204,there's a whole dish full.,False,0,NONE
8205,what a tired baby doll.,False,0,NONE
8206,it is time for dessert.,False,0,NONE
8207,first okay.,False,0,NONE
8208,time for dessert.,False,0,NONE
8209,what would you like for dessert?,True,1,MQ_OBJ
8210,that surprises me.,False,0,NONE
8211,you never have chocolate for dessert.,False,0,NONE
8212,yes everyday.,False,0,NONE
8213,a little piece.,False,0,NONE
8214,no.,False,0,NONE
8215,a little one.,False,0,NONE
8216,we don't have a big one.,False,0,NONE
8217,there aren't any big ones.,False,0,NONE
8218,only little ones.,False,0,NONE
8219,I 'm going to have some more orange juice.,False,0,NONE
8220,yes.,False,0,NONE
8221,hmm?,False,0,NONE
8222,move you closer?,False,0,NONE
8223,closer to what?,False,0,NONE
8224,tell me.,False,0,NONE
8225,hmm?,False,0,NONE
8226,I 'm getting lunch.,False,0,NONE
8227,what are you doing?,True,1,MQ_OBJ
8228,mhm.,False,0,NONE
8229,mhm.,False,0,NONE
8230,I 'm drinking bouillon.,False,0,NONE
8231,he has it on his desk.,False,0,NONE
8232,hmm?,False,0,NONE
8233,what's going on?,True,1,MQ_SUBJ
8234,where?,False,0,NONE
8235,you're going on the tape recorder.,False,0,NONE
8236,you.,False,0,NONE
8237,uhhuh.,False,0,NONE
8238,no?,False,0,NONE
8239,I know you're eating your lunch.,False,0,NONE
8240,is it next door that you wonder what's going on?,True,1,EQ_SUBJ
8241,outside?,False,0,NONE
8242,Nancy.,False,0,NONE
8243,hmm?,False,0,NONE
8244,crying?,False,0,NONE
8245,she's not crying.,False,0,NONE
8246,are you finished with your lunch?,False,0,NONE
8247,well eat it and stop playing with your spoon.,False,0,NONE
8248,you did?,False,0,NONE
8249,oh Eve.,False,0,NONE
8250,you're not supposed to peepee in them.,False,0,NONE
8251,do you want to go up and peepee in the potty?,False,0,NONE
8252,you hold it.,False,0,NONE
8253,okay.,False,0,NONE
8254,don't peepee any more.,False,0,NONE
8255,wait a minute.,False,0,NONE
8256,wait a minute.,False,0,NONE
8257,wait a minute.,False,0,NONE
8258,we may as well just go to bed while we're up there hmm?,False,0,NONE
8259,we may as well just go to bed while we're upstairs.,False,0,NONE
8260,okay tell them byebye.,False,0,NONE
8261,come on quick quick.,False,0,NONE
8262,byebye Eve.,False,0,NONE
8263,come on.,False,0,NONE
8264,are you finished with your lunch?,False,0,NONE
8265,well then we'll come back then.,False,0,NONE
8266,quick come on.,False,0,NONE
8267,come on.,False,0,NONE
8268,don't waste time.,False,0,NONE
8269,there.,False,0,NONE
8270,that's fine.,False,0,NONE
8271,you have to get a brown one?,False,0,NONE
8272,but you do not have a brown one.,False,0,NONE
8273,you do?,False,0,NONE
8274,a brown pencil?,False,0,NONE
8275,"well, let's find out what it is.",True,1,EQ_OBJ
8276,where is it?,True,1,MQ_ADJUNCT
8277,in the crayon box?,False,0,NONE
8278,"well, Eve, I do not.",False,0,NONE
8279,"oh, that pencil.",False,0,NONE
8280,"that's not brown, sweetie.",False,0,NONE
8281,that's red.,False,0,NONE
8282,you can write on this paper but that's all.,False,0,NONE
8283,that does not write on paper.,False,0,NONE
8284,it only writes on this pad.,False,0,NONE
8285,uhhuh.,False,0,NONE
8286,okay.,False,0,NONE
8287,that's a black one.,False,0,NONE
8288,black.,False,0,NONE
8289,uhhuh.,False,0,NONE
8290,what did you get?,True,1,MQ_OBJ
8291,very good.,False,0,NONE
8292,what does that spell?,True,1,MQ_OBJ
8293,what?,False,0,NONE
8294,what?,False,0,NONE
8295,what?,False,0,NONE
8296,what?,False,0,NONE
8297,what?,False,0,NONE
8298,your glass?,False,0,NONE
8299,which class?,False,0,NONE
8300,your one?,False,0,NONE
8301,with an icecube in it?,False,0,NONE
8302,what for?,False,0,NONE
8303,because why?,False,0,NONE
8304,what are you going To do with it?,True,1,MQ_OBJ
8305,you had your cracker before you had your grape juice.,False,0,NONE
8306,"first you have a cracker, then you have your grape juice.",False,0,NONE
8307,I think you do not need an ice cube.,False,0,NONE
8308,but look.,False,0,NONE
8309,see this?,False,0,NONE
8310,this is the ice cube tray and they're all gone.,False,0,NONE
8311,there are not any more right now.,False,0,NONE
8312,we'll have to make some more.,False,0,NONE
8313,you go in and talk to Fraser.,False,0,NONE
8314,you do not need any more.,False,0,NONE
8315,we're going to have tapioca for lunch in a little bit.,False,0,NONE
8316,if you're going to cry go in the hall.,True,1,EQ_POLAR
8317,"well, it's not time for lunch yet.",False,0,NONE
8318,is it time for lunch?,False,0,NONE
8319,"alright, if it's time for lunch you have to wash your hands.",True,1,EQ_POLAR
8320,"well, you get in and I'll wash them.",False,0,NONE
8321,you get in your highchair and I'll wash your hands.,False,0,NONE
8322,alright.,False,0,NONE
8323,you have to get what?,False,0,NONE
8324,"oh, I know you do.",False,0,NONE
8325,I'll get it for you.,False,0,NONE
8326,are you through crying?,False,0,NONE
8327,alright.,False,0,NONE
8328,"yes, you can have tapioca.",False,0,NONE
8329,"well, if you just wait a minute I'll get it for you.",True,1,EQ_POLAR
8330,do you want a peanut butter sandwich?,False,0,NONE
8331,may I pour Fraser's coffee first?,False,0,NONE
8332,may I pour Fraser's coffee first?,False,0,NONE
8333,uhhuh.,False,0,NONE
8334,that's right.,False,0,NONE
8335,do you like your tapioca?,False,0,NONE
8336,"yeah, that's your friend Fraser.",False,0,NONE
8337,Becky's friend Timmy?,False,0,NONE
8338,Becky's friend Timmy?,False,0,NONE
8339,he's outside.,False,0,NONE
8340,Timothy's a little boy.,False,0,NONE
8341,Timothy's a little boy.,False,0,NONE
8342,and his name is Timmy.,False,0,NONE
8343,"no, Becky's a girl.",False,0,NONE
8344,"Becky's a girl, Timmy's a boy.",False,0,NONE
8345,Timmy's a boy.,False,0,NONE
8346,Becky's a girl.,False,0,NONE
8347,a dog.,False,0,NONE
8348,that's Josh.,False,0,NONE
8349,Josh.,False,0,NONE
8350,"yes, Josh.",False,0,NONE
8351,Timmy's dog.,False,0,NONE
8352,it's Timmy dog.,False,0,NONE
8353,who?,False,0,NONE
8354,what am I doing?,True,1,MQ_OBJ
8355,hi.,False,0,NONE
8356,did you?,False,0,NONE
8357,where did you spill it?,True,1,MQ_ADJUNCT
8358,"oh, on your highchair.",False,0,NONE
8359,"hello, Eve.",False,0,NONE
8360,I know.,False,0,NONE
8361,what's he doing?,True,1,MQ_OBJ
8362,what's he doing?,True,1,MQ_OBJ
8363,"yes, he is.",False,0,NONE
8364,"hi, Eve.",False,0,NONE
8365,you want more?,False,0,NONE
8366,it is indeed.,False,0,NONE
8367,there's something else down here.,False,0,NONE
8368,like part of Eve's broom.,False,0,NONE
8369,uhhuh.,False,0,NONE
8370,it's dirty.,False,0,NONE
8371,"well, I'll throw it away.",False,0,NONE
8372,hi.,False,0,NONE
8373,something on my finger.,False,0,NONE
8374,I do not know what.,False,0,NONE
8375,a piece of something.,False,0,NONE
8376,mhm.,False,0,NONE
8377,hi.,False,0,NONE
8378,were you playing outside?,False,0,NONE
8379,what were you doing?,True,1,MQ_OBJ
8380,playing with Becky.,False,0,NONE
8381,but what did you do outside?,True,1,EQ_OBJ
8382,what?,False,0,NONE
8383,play what?,False,0,NONE
8384,"oh, you were playing with Timothy's little boy?",False,0,NONE
8385,playing what?,False,0,NONE
8386,with Cathy too?,False,0,NONE
8387,but what were you playing?,True,1,EQ_OBJ
8388,"what were you playing, not who.",True,1,MQ_OBJ
8389,what?,False,0,NONE
8390,"no, that's who.",False,0,NONE
8391,is who.,False,0,NONE
8392,uhhuh.,False,0,NONE
8393,but what were you doing?,True,1,EQ_OBJ
8394,"oh, in the sandbox.",False,0,NONE
8395,did you make pies?,False,0,NONE
8396,"no, pie's name's not birthday cake.",False,0,NONE
8397,a pie is different from a birthday cake.,False,0,NONE
8398,to play outside?,False,0,NONE
8399,"well, after you have a nap.",False,0,NONE
8400,after you take a nap.,False,0,NONE
8401,mhm.,False,0,NONE
8402,mhm.,False,0,NONE
8403,in your peanut butter sandwich?,False,0,NONE
8404,do not be silly.,False,0,NONE
8405,he's outside.,False,0,NONE
8406,playing.,False,0,NONE
8407,I do not know.,False,0,NONE
8408,he's playing with Becky.,False,0,NONE
8409,what?,False,0,NONE
8410,taking the bread off?,False,0,NONE
8411,why?,False,0,NONE
8412,why don't you eat it?,True,1,MQ_ADJUNCT
8413,what is he doing?,True,1,MQ_OBJ
8414,what do you think I see out of the window?,True,1,EQ_OBJ
8415,I cann't see any squirrels right now.,False,0,NONE
8416,"yes, he'll have to come back.",False,0,NONE
8417,"he was on the fence, we saw him.",False,0,NONE
8418,"we saw him, didn't we?",False,0,NONE
8419,we saw the squirrel.,False,0,NONE
8420,hmm?,False,0,NONE
8421,"no, Fraser cann't see him.",False,0,NONE
8422,yeah.,False,0,NONE
8423,maybe the squirrel's having his lunch too.,False,0,NONE
8424,we'll have to look and see if we can find him.,True,1,EQ_POLAR
8425,perhaps.,False,0,NONE
8426,it's lunch time.,False,0,NONE
8427,would you like to have a cookie for dessert?,False,0,NONE
8428,I'll open it for you.,False,0,NONE
8429,I was laughing.,False,0,NONE
8430,she got very upset.,False,0,NONE
8431,"I was laughing, yes.",False,0,NONE
8432,because you are funny.,False,0,NONE
8433,"hi, Eve.",False,0,NONE
8434,"yes, that's what you have.",True,1,EQ_OBJ
8435,so have I.,False,0,NONE
8436,what kind of teeth do you have?,True,1,MQ_OBJ
8437,red?,False,0,NONE
8438,no.,False,0,NONE
8439,what kind of teeth?,False,0,NONE
8440,yeah.,False,0,NONE
8441,they're right there in your gums.,False,0,NONE
8442,are they little teeth or are they big teeth?,False,0,NONE
8443,"I've got big teeth, yeah.",False,0,NONE
8444,"and are they, are they black teeth or are they white teeth?",False,0,NONE
8445,yeah.,False,0,NONE
8446,I have brown hair.,False,0,NONE
8447,yep.,False,0,NONE
8448,and what kind of hair do you have?,True,1,EQ_OBJ
8449,you have red hair?,False,0,NONE
8450,are you going To eat this?,False,0,NONE
8451,"no, you can have it.",False,0,NONE
8452,me?,False,0,NONE
8453,may I have it *NULL* to eat?,True,1,EQ_OBJ
8454,may I have it?,False,0,NONE
8455,thank you.,False,0,NONE
8456,alright.,False,0,NONE
8457,hmm?,False,0,NONE
8458,he's going To stay in our livingroom.,False,0,NONE
8459,sure.,False,0,NONE
8460,you can stay up for a little while and play with him.,False,0,NONE
8461,would you like that?,False,0,NONE
8462,would you like to stay up for a little while and play with him?,False,0,NONE
8463,instead of going for a nap right away.,False,0,NONE
8464,okay.,False,0,NONE
8465,you'd like what?,False,0,NONE
8466,alright.,False,0,NONE
8467,because you haven't see Fraser in a long time.,False,0,NONE
8468,where's your friend Papa?,True,1,MQ_ADJUNCT
8469,your friend Papa's in Emerson right now.,False,0,NONE
8470,"hey, what are you doing?",True,1,MQ_OBJ
8471,patting cake.,False,0,NONE
8472,"well, not on me.",False,0,NONE
8473,wait and do your own.,False,0,NONE
8474,"well, you put your finger in it, silly.",False,0,NONE
8475,you put your finger in your eye.,False,0,NONE
8476,hurt of course.,False,0,NONE
8477,"here, you've got something in your hand.",False,0,NONE
8478,"well, Eve, where do you get these splinters.",True,1,MQ_ADJUNCT
8479,what?,False,0,NONE
8480,does it hurt?,False,0,NONE
8481,"no, it willn't hurt, no.",False,0,NONE
8482,there.,False,0,NONE
8483,it's all done.,False,0,NONE
8484,now it willn't hurt.,False,0,NONE
8485,it's happiness now.,False,0,NONE
8486,happiness is getting a sliver out.,False,0,NONE
8487,that's right.,False,0,NONE
8488,isn't that better now?,False,0,NONE
8489,what is it?,True,1,MQ_OBJ
8490,"hi, Eve.",False,0,NONE
8491,"it's a handle, is it?",False,0,NONE
8492,what happened to Jack?,True,1,MQ_SUBJ
8493,he what?,False,0,NONE
8494,"he's back now, is he?",False,0,NONE
8495,back where?,False,0,NONE
8496,who do you see?,True,1,MQ_OBJ
8497,that's right.,False,0,NONE
8498,who do I see?,True,1,MQ_OBJ
8499,"eh, who do I see?",True,1,MQ_OBJ
8500,that's right.,False,0,NONE
8501,what?,False,0,NONE
8502,"well, I think so.",False,0,NONE
8503,you haven't gone since this morning.,False,0,NONE
8504,"come on, quick.",False,0,NONE
8505,we'll come right back.,False,0,NONE
8506,quick quick.,False,0,NONE
8507,not in your room no.,False,0,NONE
8508,what?,False,0,NONE
8509,you're going down and see Fraser.,False,0,NONE
8510,I 'm going too with you.,False,0,NONE
8511,what is she doing?,True,1,MQ_OBJ
8512,after you have your nap you may go outside and play with Becky.,False,0,NONE
8513,hello.,False,0,NONE
8514,"yes, that's very nice one.",False,0,NONE
8515,"yep, that's a nice radio.",False,0,NONE
8516,you'd like me to turn it?,False,0,NONE
8517,what am I doing?,True,1,MQ_OBJ
8518,I 'm writing.,False,0,NONE
8519,what am I doing?,True,1,MQ_OBJ
8520,folding what?,False,0,NONE
8521,that's right.,False,0,NONE
8522,yep.,False,0,NONE
8523,"ah, that's very good.",False,0,NONE
8524,"you have pants too, haven't you?",False,0,NONE
8525,"they're pants from Granny, are they?",False,0,NONE
8526,do you remember what happened last time?,True,1,EQ_SUBJ
8527,you remember?,False,0,NONE
8528,when you were here with your Papa and with me.,False,0,NONE
8529,do you remember about Granny pants?,False,0,NONE
8530,"no, you don't, do you?",False,0,NONE
8531,they were on back front.,False,0,NONE
8532,remember?,False,0,NONE
8533,they were on the wrong way.,False,0,NONE
8534,"the Dodies are out there, yes.",False,0,NONE
8535,"well, we'll go and see them after.",False,0,NONE
8536,"no, you stay here and talk to Fraser, sweetie.",False,0,NONE
8537,after you have a nap then you can go outside.,False,0,NONE
8538,are you all done?,False,0,NONE
8539,are you all done crying?,False,0,NONE
8540,"okay, come here and I'll wipe your face.",False,0,NONE
8541,you want to go to bed and take a little nap.,False,0,NONE
8542,you go and give Fraser a kiss,False,0,NONE
8543,and tell him good night.,False,0,NONE
8544,you'll see him again on Wednesday.,False,0,NONE
8545,then you must stop crying if you're going to stay in the livingroom,True,1,EQ_POLAR
8546,if you're good you may stay up but if you cry it's then time to,True,2,EQ_POLAR
8547,"alright, then you must be very good.",False,0,NONE
8548,"yeah, I will wipe your tears, yeah.",False,0,NONE
8549,eh?,False,0,NONE
8550,"you be real good, is that what you say?",True,1,EQ_OBJ
8551,"oh, the big round cook.",False,0,NONE
8552,"no, that's not the big round cook.",False,0,NONE
8553,it's in the basement.,False,0,NONE
8554,I 'm washing it in the washingmachine.,False,0,NONE
8555,"yeah, I'll turn it.",False,0,NONE
8556,"oh, it's turning itself.",False,0,NONE
8557,"yeah, it'll ring by itself.",False,0,NONE
8558,what?,False,0,NONE
8559,that's Sarah's new toy that she got in the mail this morning.,True,1,RC_OBJ
8560,Sarah's new toy.,False,0,NONE
8561,uhhuh.,False,0,NONE
8562,yeah.,False,0,NONE
8563,and it rattles.,False,0,NONE
8564,"I think it rattles, doesn't it?",False,0,NONE
8565,"yes, there's another rattle in the toy box.",False,0,NONE
8566,there's one in the toy box.,False,0,NONE
8567,not in the toy box.,False,0,NONE
8568,in the basket.,False,0,NONE
8569,"no, not in the toy box.",False,0,NONE
8570,Mom made a mistake.,False,0,NONE
8571,I made a mistake.,False,0,NONE
8572,the basket not the toy box.,False,0,NONE
8573,you do have an Easter basket but it's put away,False,0,NONE
8574,until next Easter.,False,0,NONE
8575,till next Easter.,False,0,NONE
8576,next year,False,0,NONE
8577,then the Easter basket will be filled again.,False,0,NONE
8578,you'll have an Easter bunny.,False,0,NONE
8579,when will you take out your Easter basket again?,True,1,MQ_ADJUNCT
8580,what are you doing?,True,1,MQ_OBJ
8581,"that's Sarah's, don't put it in your mouth.",False,0,NONE
8582,hmm?,False,0,NONE
8583,for what?,False,0,NONE
8584,for wake?,False,0,NONE
8585,what?,False,0,NONE
8586,it doesn't go in your mouth though.,False,0,NONE
8587,ticktock no.,False,0,NONE
8588,I don't think it is.,False,0,NONE
8589,"no, it's not a clock.",False,0,NONE
8590,it's a lock.,False,0,NONE
8591,key.,False,0,NONE
8592,key.,False,0,NONE
8593,key.,False,0,NONE
8594,the key.,False,0,NONE
8595,that's right.,False,0,NONE
8596,okay.,False,0,NONE
8597,thank you very much.,False,0,NONE
8598,"yeah, of course you can.",False,0,NONE
8599,what are we going to color?,True,1,MQ_OBJ
8600,there.,False,0,NONE
8601,what would you like to color?,True,1,MQ_OBJ
8602,"okay, you color a girl.",False,0,NONE
8603,is that a horse?,False,0,NONE
8604,I don't think it's really a horse.,False,0,NONE
8605,I think it's a cow.,False,0,NONE
8606,it's a cow.,False,0,NONE
8607,"well, it looks a bit like a horse but not quite.",False,0,NONE
8608,"yeah, you've got some crayon on your finger.",False,0,NONE
8609,"oh, I think it'll be okay.",False,0,NONE
8610,can you color this thing?,False,0,NONE
8611,no?,False,0,NONE
8612,"well, what can you color?",True,1,MQ_OBJ
8613,what can you color?,True,1,MQ_OBJ
8614,this one?,False,0,NONE
8615,the paper's supposed to be on the crayon.,False,0,NONE
8616,I'll be right back Eve.,False,0,NONE
8617,"no, I 'm going to go and put a cover over Sarah's legs.",False,0,NONE
8618,I'll be right back.,False,0,NONE
8619,you stay here at the door and watch.,False,0,NONE
8620,"you stay right here, Eve.",False,0,NONE
8621,you're not to come out.,False,0,NONE
8622,"Eve, we'll stay here and watch.",False,0,NONE
8623,"do you remember what that is, Eve?",True,1,EQ_OBJ
8624,what's that?,True,1,MQ_OBJ
8625,turtle.,False,0,NONE
8626,yeah.,False,0,NONE
8627,are you going to close it for me?,False,0,NONE
8628,"oh, you do?",False,0,NONE
8629,would you put it in the wastebasket?,False,0,NONE
8630,more what?,False,0,NONE
8631,"no, I'll do this.",False,0,NONE
8632,you go and talk to Fraser and Cromer.,False,0,NONE
8633,we're all finished.,False,0,NONE
8634,would you put the tape on Papa's desk because we're all through,False,0,NONE
8635,would you put another piece in the wastebasket?,False,0,NONE
8636,thank you.,False,0,NONE
8637,what happened to this turtle?,True,1,MQ_SUBJ
8638,last time what happened,True,1,MQ_SUBJ
8639,when you turned it?,True,1,EQ_ADJUNCT
8640,you have a cookie on the table.,False,0,NONE
8641,you don't need a graham cracker.,False,0,NONE
8642,you haven't eaten your cookie.,False,0,NONE
8643,what?,False,0,NONE
8644,are they?,False,0,NONE
8645,he is?,False,0,NONE
8646,why?,False,0,NONE
8647,why is he tired?,True,1,MQ_ADJUNCT
8648,do you think he'll walk if we wind him up?,True,2,EQ_POLAR
8649,did he walk last time?,False,0,NONE
8650,"okay, we'll try it.",False,0,NONE
8651,what should we do?,True,1,MQ_OBJ
8652,that?,False,0,NONE
8653,what should we do with that?,True,1,MQ_OBJ
8654,okay.,False,0,NONE
8655,he sometimes jumps a little bit.,False,0,NONE
8656,he doesn't walk properly.,False,0,NONE
8657,flower?,False,0,NONE
8658,okay.,False,0,NONE
8659,what is Rick going to do?,True,1,MQ_OBJ
8660,these are the leaves.,False,0,NONE
8661,"mhm, on the flower.",False,0,NONE
8662,and shall we make them green?,False,0,NONE
8663,will you get me the green crayon?,False,0,NONE
8664,is that the green one?,False,0,NONE
8665,I think this a black one.,False,0,NONE
8666,why don't we make the ground with this one.,True,1,MQ_ADJUNCT
8667,we'll make the flower red.,False,0,NONE
8668,can you get me the red crayon?,False,0,NONE
8669,that's the green one.,False,0,NONE
8670,we can make the leaves.,False,0,NONE
8671,yep.,False,0,NONE
8672,now if we get the red one,True,1,EQ_POLAR
8673,cann't what?,False,0,NONE
8674,oh yes.,False,0,NONE
8675,because that's the same color as the paper.,False,0,NONE
8676,why don't we get a red one then?,True,1,MQ_ADJUNCT
8677,okay?,False,0,NONE
8678,uhhuh.,False,0,NONE
8679,hmm?,False,0,NONE
8680,it's growing.,False,0,NONE
8681,okay.,False,0,NONE
8682,shall we make another flower?,False,0,NONE
8683,alright.,False,0,NONE
8684,right there?,False,0,NONE
8685,we'll make this one different.,False,0,NONE
8686,that?,False,0,NONE
8687,"let's make that, what color should we make that?",True,1,MQ_ADJUNCT
8688,what did you do?,True,1,MQ_OBJ
8689,if we had a green one we'll make the leaves green.,True,1,EQ_POLAR
8690,the green one?,False,0,NONE
8691,that's a green one.,False,0,NONE
8692,over here?,False,0,NONE
8693,okay.,False,0,NONE
8694,we'll make a pile of leaves.,False,0,NONE
8695,can you color that in?,False,0,NONE
8696,okay.,False,0,NONE
8697,okay.,False,0,NONE
8698,let's put it,False,0,NONE
8699,okay.,False,0,NONE
8700,do you wanT To draw a house?,False,0,NONE
8701,shall we draw a house here?,False,0,NONE
8702,right here?,False,0,NONE
8703,what about a door?,False,0,NONE
8704,and a window?,False,0,NONE
8705,hmm?,False,0,NONE
8706,going To make the whole house green?,False,0,NONE
8707,okay.,False,0,NONE
8708,what do you wanT To draw?,True,1,MQ_OBJ
8709,"yes, now we have an orange house.",False,0,NONE
8710,what do we need on it?,True,1,MQ_OBJ
8711,what?,False,0,NONE
8712,what should we put on the house?,True,1,MQ_OBJ
8713,cream?,False,0,NONE
8714,"oh, cream doesn't go on the house.",False,0,NONE
8715,why do you want cream on the house?,True,1,MQ_ADJUNCT
8716,"well, you cann't put cream on the house, Eve.",False,0,NONE
8717,cream doesn't go on the house.,False,0,NONE
8718,"but that's orange, sweetie.",False,0,NONE
8719,"that's not cream, that's orange.",False,0,NONE
8720,you don't want cream on that house.,False,0,NONE
8721,"we don't have any cream, Eve.",False,0,NONE
8722,we could put a doorway.,False,0,NONE
8723,should I put a doorway on it?,False,0,NONE
8724,and what else?,False,0,NONE
8725,I can put a window,False,0,NONE
8726,and a chimney.,False,0,NONE
8727,shall we make the whole house orange?,False,0,NONE
8728,what's that?,True,1,MQ_OBJ
8729,it's what?,False,0,NONE
8730,brown.,False,0,NONE
8731,what should we draw with it?,True,1,MQ_OBJ
8732,a house?,False,0,NONE
8733,by the green one?,False,0,NONE
8734,alright.,False,0,NONE
8735,we'll make a big house.,False,0,NONE
8736,we'll make a big house.,False,0,NONE
8737,a very big house.,False,0,NONE
8738,what does it need?,True,1,MQ_OBJ
8739,mhm.,False,0,NONE
8740,we have room for two.,False,0,NONE
8741,should we make two?,False,0,NONE
8742,and should we put a window?,False,0,NONE
8743,two what?,False,0,NONE
8744,hmm?,False,0,NONE
8745,the what?,False,0,NONE
8746,if we make another window how many will we have?,True,2,EQ_POLAR;MQ_OBJ
8747,two what?,False,0,NONE
8748,mhm.,False,0,NONE
8749,we have this small house,False,0,NONE
8750,and we have this small house.,False,0,NONE
8751,probably Papa.,False,0,NONE
8752,so this is a house and we have another small house.,False,0,NONE
8753,so we have two.,False,0,NONE
8754,"yes, that's true.",False,0,NONE
8755,one two three.,False,0,NONE
8756,we have three,False,0,NONE
8757,very good.,False,0,NONE
8758,but we have two small what?,False,0,NONE
8759,"oh, it's a suitcase.",False,0,NONE
8760,"Eve, if you had another suitcase what would you have?",True,2,EQ_POLAR;MQ_OBJ
8761,what were you doing this morning?,True,1,MQ_OBJ
8762,"what did you do this morning, Eve?",True,1,MQ_OBJ
8763,"what were you doing, Eve?",True,1,MQ_OBJ
8764,which window?,False,0,NONE
8765,do you want a window?,False,0,NONE
8766,you're making what?,False,0,NONE
8767,"oh, a house building?",False,0,NONE
8768,say it again.,False,0,NONE
8769,what are you making?,True,1,MQ_OBJ
8770,to make what?,False,0,NONE
8771,yes.,False,0,NONE
8772,"Cathy, the paper on the crayon that's torn.",True,1,RC_SUBJ
8773,Cathy did it.,False,0,NONE
8774,"yes, she tore the paper.",False,0,NONE
8775,uhhuh.,False,0,NONE
8776,uhhuh.,False,0,NONE
8777,what shall I write?,True,1,MQ_OBJ
8778,shall we make a horse?,False,0,NONE
8779,uhhuh.,False,0,NONE
8780,"okay, we'll make another horse.",False,0,NONE
8781,now we have two.,False,0,NONE
8782,we have two what?,False,0,NONE
8783,alright.,False,0,NONE
8784,where?,False,0,NONE
8785,"oh, write on the tail?",False,0,NONE
8786,okay.,False,0,NONE
8787,now we have three one two three.,False,0,NONE
8788,seven that?,False,0,NONE
8789,you drank it all.,False,0,NONE
8790,in your tummy.,False,0,NONE
8791,no.,False,0,NONE
8792,it's almost time for lunch.,False,0,NONE
8793,do you have to pee?,False,0,NONE
8794,are you sure?,False,0,NONE
8795,don't you peepee in those panties.,False,0,NONE
8796,"I think, let's peepee first and then they can watch you eat lunch.",False,0,NONE
8797,"because, Eve, you have to go",False,0,NONE
8798,"you've got to, I know.",False,0,NONE
8799,don't you peepee in those panties.,False,0,NONE
8800,I'll take your word for it.,False,0,NONE
8801,don't you peepee.,False,0,NONE
8802,don't you peepee.,False,0,NONE
8803,"yes, see, you eat lunch.",False,0,NONE
8804,what are you going have?,False,0,NONE
8805,"well, we just happen to have some in the refrigerator.",False,0,NONE
8806,you're going To have some noodle soup.,False,0,NONE
8807,I guess I will.,False,0,NONE
8808,I guess I will.,False,0,NONE
8809,they're right there.,False,0,NONE
8810,I'll move the highchair so you can see.,False,0,NONE
8811,there.,False,0,NONE
8812,okay?,False,0,NONE
8813,uhhuh.,False,0,NONE
8814,he's in there too.,False,0,NONE
8815,"Eve, look what I've got.",True,1,EQ_OBJ
8816,a gosst.,False,0,NONE
8817,"yeah, a dosst.",False,0,NONE
8818,and this is a dosst.,False,0,NONE
8819,see?,False,0,NONE
8820,so what have I got.,True,1,MQ_OBJ
8821,"I've got two, two what?",False,0,NONE
8822,what is that?,True,1,MQ_OBJ
8823,yeah.,False,0,NONE
8824,yes?,False,0,NONE
8825,what am I doing?,True,1,MQ_OBJ
8826,for you?,False,0,NONE
8827,I thought I was making it for Papa.,False,0,NONE
8828,you want part of it?,False,0,NONE
8829,what?,False,0,NONE
8830,do you want a piece of it too?,False,0,NONE
8831,alright.,False,0,NONE
8832,remember when we did what?,True,1,EQ_ADJUNCT
8833,went to Rhode Island?,False,0,NONE
8834,"goodness yes, that's a month ago.",False,0,NONE
8835,what did we see when we went to Rhode Island?,True,2,EQ_ADJUNCT;MQ_OBJ
8836,John.,False,0,NONE
8837,that's right.,False,0,NONE
8838,and who else?,False,0,NONE
8839,Murray.,False,0,NONE
8840,"oh, Noel?",False,0,NONE
8841,"yes, Noel.",False,0,NONE
8842,and who else?,False,0,NONE
8843,that's all.,False,0,NONE
8844,that's all.,False,0,NONE
8845,Noel's granpa was there.,False,0,NONE
8846,"Noel's granpa and Noel's granny were there too, weren't they?",False,0,NONE
8847,"uhhuh, Noel's Granny.",False,0,NONE
8848,here it is.,False,0,NONE
8849,here's your piece.,False,0,NONE
8850,why don't you eat it both together instead of opening it.,True,1,MQ_ADJUNCT
8851,take a bite.,False,0,NONE
8852,Noel's granpa uhhuh.,False,0,NONE
8853,a bill from Dr Finn for Eve's chin.,False,0,NONE
8854,that's right.,False,0,NONE
8855,he did fix your chin?,False,0,NONE
8856,Eve?,False,0,NONE
8857,is it Eve chin or Eve's chin.,False,0,NONE
8858,very good.,False,0,NONE
8859,did you tell Fraser what happened to your chin?,True,1,EQ_SUBJ
8860,what did you do to your chin?,True,1,MQ_OBJ
8861,"yes, you did fall down the stairs.",False,0,NONE
8862,and where did you go?,True,1,EQ_ADJUNCT
8863,where did you go and have them fix it?,True,1,MQ_ADJUNCT
8864,is it still hot?,False,0,NONE
8865,that's just right.,False,0,NONE
8866,you taste that.,False,0,NONE
8867,"yes, I think that's just right for you.",False,0,NONE
8868,he's in his study eating his soup.,False,0,NONE
8869,uhhuh.,False,0,NONE
8870,Eve?,False,0,NONE
8871,do you say where's Papa?,True,1,EQ_ADJUNCT
8872,or where Papa?,False,0,NONE
8873,ah thank you.,False,0,NONE
8874,"hey, you're spilling on the floor.",False,0,NONE
8875,you spilled on the floor.,False,0,NONE
8876,again?,False,0,NONE
8877,"well, stop.",False,0,NONE
8878,would you like a cracker?,False,0,NONE
8879,"Eve, would you like a cracker?",False,0,NONE
8880,"yep, that's everything.",False,0,NONE
8881,"yes, that's fine.",False,0,NONE
8882,who's going home?,True,1,MQ_SUBJ
8883,"well, he just got here.",False,0,NONE
8884,he just got here.,False,0,NONE
8885,what?,False,0,NONE
8886,"well, I hope so.",False,0,NONE
8887,hi.,False,0,NONE
8888,what?,False,0,NONE
8889,she's outside sleeping in the carriage.,False,0,NONE
8890,hi.,False,0,NONE
8891,"hi, Eve.",False,0,NONE
8892,hi.,False,0,NONE
8893,did you?,False,0,NONE
8894,yeah.,False,0,NONE
8895,what did you spill?,True,1,MQ_OBJ
8896,"oh, look.",False,0,NONE
8897,what did you do?,True,1,MQ_OBJ
8898,"it needs blowing, doesn't it?",False,0,NONE
8899,hard.,False,0,NONE
8900,hard.,False,0,NONE
8901,blow out.,False,0,NONE
8902,oh,False,0,NONE
8903,I'll blow your nose.,False,0,NONE
8904,you're blowing out now.,False,0,NONE
8905,now blow.,False,0,NONE
8906,hard.,False,0,NONE
8907,now blow.,False,0,NONE
8908,hard.,False,0,NONE
8909,that's it.,False,0,NONE
8910,there.,False,0,NONE
8911,doesn't it feel better?,False,0,NONE
8912,what's wrong?,True,1,MQ_SUBJ
8913,your eye?,False,0,NONE
8914,what did I do?,True,1,MQ_OBJ
8915,stick my finger in it?,False,0,NONE
8916,"oh, I 'm sorry.",False,0,NONE
8917,okay.,False,0,NONE
8918,let me have it.,False,0,NONE
8919,see if I can get it off the stick.,True,1,EQ_POLAR
8920,"well, just a moment.",False,0,NONE
8921,see if can get it untied.,True,1,EQ_POLAR
8922,I do not think I can.,False,0,NONE
8923,"I 'm trying, yes.",False,0,NONE
8924,"well, if I can get it untied you can blow it up.",True,1,EQ_POLAR
8925,I can not.,False,0,NONE
8926,"they've tied too tight a knot, Eve.",False,0,NONE
8927,you can?,False,0,NONE
8928,let's see.,False,0,NONE
8929,uhhuh.,False,0,NONE
8930,no.,False,0,NONE
8931,"you're trying, uhhuh.",False,0,NONE
8932,"I took the stick out of it, yeah.",False,0,NONE
8933,I know you're trying but I don't think you're goING To get any air,False,0,NONE
8934,I know you're trying to blow it up.,False,0,NONE
8935,but it has a knot in it.,False,0,NONE
8936,it has a knot in it.,False,0,NONE
8937,it is?,False,0,NONE
8938,you're trying very hard.,False,0,NONE
8939,are you doing it?,False,0,NONE
8940,yeah.,False,0,NONE
8941,yeah.,False,0,NONE
8942,you have to blow it up big?,False,0,NONE
8943,"well, I don't think you can, Eve.",False,0,NONE
8944,because there's knot in the balloon that I can not get untied.,True,1,RC_OBJ
8945,we'll have to get another one.,False,0,NONE
8946,I don't think you can.,False,0,NONE
8947,you can put it in your mouth and blow but I don't think you'll,False,0,NONE
8948,trying to lick it.,False,0,NONE
8949,why?,False,0,NONE
8950,what are you doing?,True,1,MQ_OBJ
8951,"oh, making noise eh?",False,0,NONE
8952,uhuh.,False,0,NONE
8953,I cann't blow it up either.,False,0,NONE
8954,there's a knot in it.,False,0,NONE
8955,yep.,False,0,NONE
8956,cann't what?,False,0,NONE
8957,"well, we can put it in.",False,0,NONE
8958,yeah.,False,0,NONE
8959,Mom can put the stick in.,False,0,NONE
8960,we just cann't put any air in.,False,0,NONE
8961,"here, let me have it.",False,0,NONE
8962,alright.,False,0,NONE
8963,put the stick right in that hole.,False,0,NONE
8964,put the stick in that hole.,False,0,NONE
8965,"well, I'll hold it.",False,0,NONE
8966,cann't what?,False,0,NONE
8967,I know you tried.,False,0,NONE
8968,"there, you did it.",False,0,NONE
8969,now leave it on.,False,0,NONE
8970,you put it on by yourself.,False,0,NONE
8971,okay.,False,0,NONE
8972,now what do I do?,True,1,MQ_OBJ
8973,now what do I do?,True,1,MQ_OBJ
8974,you tell me and help you.,False,0,NONE
8975,is that the way *NULL* it goes?,True,1,RC_OBJ
8976,is that right?,False,0,NONE
8977,no.,False,0,NONE
8978,"yes, we'll get another one.",False,0,NONE
8979,what?,False,0,NONE
8980,hi.,False,0,NONE
8981,"Eve, please, come here and let me wipe your nose.",False,0,NONE
8982,"no, Fraser doesn't wanT To wipe your nose.",False,0,NONE
8983,I'll do it.,False,0,NONE
8984,come here and let me wipe your nose.,False,0,NONE
8985,"Fraser doesn't have a handkerchief for your nose, no.",False,0,NONE
8986,you're goING To help him?,False,0,NONE
8987,what you going To do?,False,0,NONE
8988,where are the pencils?,True,1,MQ_ADJUNCT
8989,where are they?,True,1,MQ_ADJUNCT
8990,are there none out here?,False,0,NONE
8991,"no, they're all gone.",False,0,NONE
8992,here's one.,False,0,NONE
8993,"well, I don't know where the other ones are.",True,1,EQ_ADJUNCT
8994,they're probably in your toy box if I know you.,True,1,EQ_POLAR
8995,what did he forget and where is it?,True,2,MQ_ADJUNCT;MQ_OBJ
8996,do you know what it is?,True,1,EQ_OBJ
8997,do you know?,False,0,NONE
8998,I don't think you do.,False,0,NONE
8999,it's by your banjo.,False,0,NONE
9000,"go, you look.",False,0,NONE
9001,over here by your banjo.,False,0,NONE
9002,something that belongs to Fraser.,False,0,NONE
9003,look.,False,0,NONE
9004,what are you looking for?,True,1,MQ_OBJ
9005,is that Fraser's?,False,0,NONE
9006,what is it?,True,1,MQ_OBJ
9007,it is.,False,0,NONE
9008,and that's Fraser's turtle.,False,0,NONE
9009,he forgot it.,False,0,NONE
9010,we saved it in the toy box.,False,0,NONE
9011,uhhuh.,False,0,NONE
9012,yeah.,False,0,NONE
9013,that's a turtle.,False,0,NONE
9014,okay.,False,0,NONE
9015,okay.,False,0,NONE
9016,yep.,False,0,NONE
9017,"yeah, I 'm writing al bl.",False,0,NONE
9018,mhm.,False,0,NONE
9019,do you want me to try to wind it?,False,0,NONE
9020,okay.,False,0,NONE
9021,now we'll see what happens this time.,True,1,EQ_SUBJ
9022,"yes, you've got it.",False,0,NONE
9023,you can make what?,False,0,NONE
9024,where is it?,True,1,MQ_ADJUNCT
9025,I don't know.,False,0,NONE
9026,I don't have it.,False,0,NONE
9027,who's in there?,True,1,MQ_SUBJ
9028,Eve?,False,0,NONE
9029,she is?,False,0,NONE
9030,do you see Eve in there?,False,0,NONE
9031,eh?,False,0,NONE
9032,are you going to play a tune for me?,False,0,NONE
9033,no?,False,0,NONE
9034,why not?,False,0,NONE
9035,no rubber bands on it.,False,0,NONE
9036,no rubber bands.,False,0,NONE
9037,rubber bands.,False,0,NONE
9038,"no, not bandaids, rubber bands.",False,0,NONE
9039,it has two rubber bands.,False,0,NONE
9040,it has two rubber bands.,False,0,NONE
9041,"well, blow your nose first.",False,0,NONE
9042,that's it.,False,0,NONE
9043,"alright, now you can get in.",False,0,NONE
9044,hi.,False,0,NONE
9045,I don't know.,False,0,NONE
9046,what am I doing?,True,1,MQ_OBJ
9047,taking it?,False,0,NONE
9048,taking it where?,False,0,NONE
9049,"no, I 'm not taking it to New_Brunswick.",False,0,NONE
9050,some year?,False,0,NONE
9051,yes.,False,0,NONE
9052,next year when we go to New_Brunswick we'll take it along.,True,1,EQ_ADJUNCT
9053,"we'll take our sheets and our blankets and our chairs, and",False,0,NONE
9054,"we'll take all our things, uhhuh.",False,0,NONE
9055,who's too big?,True,1,MQ_SUBJ
9056,what bed's too big?,True,1,MQ_SUBJ
9057,in New_Brunswick the bed's too big?,False,0,NONE
9058,"yes, Eve'll sleep in a big bed when we get there.",True,1,EQ_ADJUNCT
9059,it willn't be too big for you.,False,0,NONE
9060,it'll be bigger than your crib.,False,0,NONE
9061,you can climb in it.,False,0,NONE
9062,"sure, you can.",False,0,NONE
9063,"it'll be sort of, like, um, Becky's bed.",False,0,NONE
9064,you know the bed that Becky has?,True,1,RC_OBJ
9065,that Becky sleeps in.,True,1,EQ_OBJ
9066,her very own bed.,False,0,NONE
9067,it'll be like that.,False,0,NONE
9068,she's going To sleep in it with you?,False,0,NONE
9069,"well, we'll see about that.",False,0,NONE
9070,what are you going play?,True,1,MQ_OBJ
9071,you cann't?,False,0,NONE
9072,you going to make a train?,False,0,NONE
9073,alright.,False,0,NONE
9074,get the box.,False,0,NONE
9075,alright.,False,0,NONE
9076,you make a train.,False,0,NONE
9077,shall I help?,False,0,NONE
9078,want me to help?,False,0,NONE
9079,Fraser?,False,0,NONE
9080,"well, he'll sit on the couch.",False,0,NONE
9081,I'll look.,False,0,NONE
9082,he'll watch.,False,0,NONE
9083,he'll just watch.,False,0,NONE
9084,it's too hard?,False,0,NONE
9085,try.,False,0,NONE
9086,I think you can do it.,False,0,NONE
9087,push hard.,False,0,NONE
9088,there.,False,0,NONE
9089,"yes, we will.",False,0,NONE
9090,it is the track.,False,0,NONE
9091,uhhuh.,False,0,NONE
9092,you are?,False,0,NONE
9093,let's get it made and then you can put the train on it.,False,0,NONE
9094,you're trying.,False,0,NONE
9095,okay.,False,0,NONE
9096,work hard.,False,0,NONE
9097,there.,False,0,NONE
9098,yes.,False,0,NONE
9099,the train's on?,False,0,NONE
9100,already?,False,0,NONE
9101,it's going fast?,False,0,NONE
9102,fast as me?,False,0,NONE
9103,it's falling off?,False,0,NONE
9104,"well, fix it.",False,0,NONE
9105,okay.,False,0,NONE
9106,there.,False,0,NONE
9107,now let's put this over here.,False,0,NONE
9108,"well, just a minute and we'll see.",False,0,NONE
9109,alright.,False,0,NONE
9110,now.,False,0,NONE
9111,let's see.,False,0,NONE
9112,there.,False,0,NONE
9113,there.,False,0,NONE
9114,"are you building a railroad, honey?",False,0,NONE
9115,oh.,False,0,NONE
9116,"well, you tripped over the railroad.",False,0,NONE
9117,"yes, you did.",False,0,NONE
9118,what are you doing?,True,1,MQ_OBJ
9119,what are you doing with the green things?,True,1,MQ_OBJ
9120,"what are you doing, Eve?",True,1,MQ_OBJ
9121,"what happened to your balloon, Eve?",True,1,MQ_SUBJ
9122,why cann't you blow it up?,True,1,MQ_ADJUNCT
9123,why?,False,0,NONE
9124,"because why, Eve?",False,0,NONE
9125,because why?,False,0,NONE
9126,you have to tell me what?,False,0,NONE
9127,I know.,False,0,NONE
9128,why cann't you blow it up?,True,1,MQ_ADJUNCT
9129,"well, I know it doesn't have any air in it.",False,0,NONE
9130,"why doesn't it have any air in it, Eve?",True,1,MQ_ADJUNCT
9131,don't know where you put what?,True,1,EQ_ADJUNCT
9132,did you fix it?,False,0,NONE
9133,"oh, what?",False,0,NONE
9134,"oh, it's not that hard.",False,0,NONE
9135,"Eve, what did you do this morning?",True,1,MQ_OBJ
9136,tell Pop.,False,0,NONE
9137,what did you do this morning while I was gone?,True,1,MQ_OBJ
9138,what did you make in the sandbox?,True,1,MQ_OBJ
9139,who was the cake for?,True,1,MQ_OBJ
9140,the horse had ta have a drink of water?,False,0,NONE
9141,what's that got to do with the birthday cake?,True,1,MQ_OBJ
9142,we made a drink of water?,False,0,NONE
9143,where?,False,0,NONE
9144,in the bucket?,False,0,NONE
9145,where did you make the birthday cake?,True,1,MQ_ADJUNCT
9146,in the bucket too?,False,0,NONE
9147,after the drink of water then the birthday cake?,False,0,NONE
9148,"ah, the drink of water had a turn first in the bucket.",False,0,NONE
9149,uhhuh.,False,0,NONE
9150,then the birthday cake.,False,0,NONE
9151,that's pretty good.,False,0,NONE
9152,what else did you do?,True,1,MQ_OBJ
9153,more than two cups.,False,0,NONE
9154,count them.,False,0,NONE
9155,how many?,False,0,NONE
9156,why don't you put some of these cups under the bridge?,True,1,MQ_ADJUNCT
9157,why don't you put some of these cups under the bridge bridge?,True,1,MQ_ADJUNCT
9158,did you tell Fraser what you did yesterday?,True,1,EQ_OBJ
9159,did you tell Fraser who was here last week?,True,1,EQ_SUBJ
9160,who was visiting us last week?,True,1,MQ_SUBJ
9161,who was staying in our house?,True,1,MQ_SUBJ
9162,that's right.,False,0,NONE
9163,where are they now?,True,1,MQ_ADJUNCT
9164,where are they now?,True,1,MQ_ADJUNCT
9165,"well, not now, they're not in the airplane.",False,0,NONE
9166,they're at their home.,False,0,NONE
9167,in Ohio uhhuh.,False,0,NONE
9168,that's right.,False,0,NONE
9169,"where's Ohio, Eve?",True,1,MQ_ADJUNCT
9170,where's Ohio?,True,1,MQ_ADJUNCT
9171,what is that?,True,1,MQ_OBJ
9172,outside.,False,0,NONE
9173,mhm.,False,0,NONE
9174,where is Ohio?,True,1,MQ_ADJUNCT
9175,where's Ohio?,True,1,MQ_ADJUNCT
9176,in the airport?,False,0,NONE
9177,no.,False,0,NONE
9178,the airplane was in the airport.,False,0,NONE
9179,the airplane was there.,False,0,NONE
9180,"we saw it, didn't we?",False,0,NONE
9181,yes.,False,0,NONE
9182,okay.,False,0,NONE
9183,"oh, it's not too hard.",False,0,NONE
9184,you can do it.,False,0,NONE
9185,"I don't quite know, Eve.",False,0,NONE
9186,"well, it didn't get fixed.",False,0,NONE
9187,it needs fixed.,False,0,NONE
9188,what did you do to it?,True,1,MQ_OBJ
9189,you broke it.,False,0,NONE
9190,"no, those don't bend.",False,0,NONE
9191,don't break those.,False,0,NONE
9192,it only comes apart right there and right there.,False,0,NONE
9193,"right there, uhhuh.",False,0,NONE
9194,what?,False,0,NONE
9195,"well, of course it's at our house because it's your train.",False,0,NONE
9196,hmm?,False,0,NONE
9197,where's what?,True,1,MQ_ADJUNCT
9198,where is Ohio?,True,1,MQ_ADJUNCT
9199,where is Ohio?,True,1,MQ_ADJUNCT
9200,"no, it's not at the airport.",False,0,NONE
9201,hmm?,False,0,NONE
9202,I don't know where Ohio is.,True,1,EQ_ADJUNCT
9203,Ohio is far away.,False,0,NONE
9204,it's far away.,False,0,NONE
9205,we cann't see it.,False,0,NONE
9206,that's exactly right.,False,0,NONE
9207,that's right.,False,0,NONE
9208,"no, not now.",False,0,NONE
9209,is that a railroad?,False,0,NONE
9210,those look like cups to me.,False,0,NONE
9211,that's not a railroad.,False,0,NONE
9212,these are cups.,False,0,NONE
9213,this is the track.,False,0,NONE
9214,and that's the train.,False,0,NONE
9215,right.,False,0,NONE
9216,is that my train?,False,0,NONE
9217,okay.,False,0,NONE
9218,let's move some track down here.,False,0,NONE
9219,"and that moves the blue track, see?",False,0,NONE
9220,we need some more track.,False,0,NONE
9221,it stops right there.,False,0,NONE
9222,we need some more?,False,0,NONE
9223,uhhuh.,False,0,NONE
9224,get some more.,False,0,NONE
9225,"well, do not.",False,0,NONE
9226,I don't think that's such a good idea.,False,0,NONE
9227,why don't you go and have Papa wipe your nose?,True,1,MQ_ADJUNCT
9228,and blow for him.,False,0,NONE
9229,come here.,False,0,NONE
9230,alright.,False,0,NONE
9231,"yep, you put some right there.",False,0,NONE
9232,what?,False,0,NONE
9233,why not?,False,0,NONE
9234,"well, turn it around.",False,0,NONE
9235,that's the way.,False,0,NONE
9236,that's it.,False,0,NONE
9237,"more track, yeah.",False,0,NONE
9238,that's your side.,False,0,NONE
9239,you may sit there.,False,0,NONE
9240,why cann't you?,True,1,MQ_ADJUNCT
9241,do you?,False,0,NONE
9242,"well, it's time for lunch.",False,0,NONE
9243,there you are.,False,0,NONE
9244,"yes, he'll watch you eat your lunch.",False,0,NONE
9245,what?,False,0,NONE
9246,pizzeronic?,False,0,NONE
9247,what did you hear about pizzeronic?,True,1,MQ_OBJ
9248,I know you said pizzeronic.,False,0,NONE
9249,hi.,False,0,NONE
9250,"hello, Eve.",False,0,NONE
9251,"hello, Eve.",False,0,NONE
9252,where's Cromer?,True,1,MQ_ADJUNCT
9253,when's he coming?,True,1,MQ_ADJUNCT
9254,when does Cromer come?,True,1,MQ_ADJUNCT
9255,on Wednesday.,False,0,NONE
9256,right.,False,0,NONE
9257,"no, Fraser doesn't come on Saturday.",False,0,NONE
9258,what is today?,True,1,MQ_OBJ
9259,it's Monday.,False,0,NONE
9260,that's right.,False,0,NONE
9261,Fraser comes on Monday.,False,0,NONE
9262,that's right.,False,0,NONE
9263,who?,False,0,NONE
9264,"sure, they do come on Wednesday.",False,0,NONE
9265,"they do come on Wednesday, both of them.",False,0,NONE
9266,they're coming in a fortnight?,False,0,NONE
9267,"well, they're coming in two days.",False,0,NONE
9268,pizzeronic right there?,False,0,NONE
9269,that's cheese.,False,0,NONE
9270,that's not pizzeronic.,False,0,NONE
9271,"no, it's not.",False,0,NONE
9272,there is no tapioca.,False,0,NONE
9273,that's mine.,False,0,NONE
9274,would you like to share one with Papa?,False,0,NONE
9275,right.,False,0,NONE
9276,you may share one with Pops.,False,0,NONE
9277,"well, Pop's going To have his in the livingroom.",False,0,NONE
9278,"no, your going To have yours in.",False,0,NONE
9279,I forgot your spoon.,False,0,NONE
9280,it is very hot.,False,0,NONE
9281,you must blow on it.,False,0,NONE
9282,put an ice cube in it?,False,0,NONE
9283,"well, I don't think it's that hot.",False,0,NONE
9284,let me see how hot it is.,True,1,EQ_ADJUNCT
9285,it doesn't need an ice cube.,False,0,NONE
9286,we'll just blow on it.,False,0,NONE
9287,what?,False,0,NONE
9288,not when you have lunch.,True,1,EQ_ADJUNCT
9289,no.,False,0,NONE
9290,your pink bibbie's dirty.,False,0,NONE
9291,pizzeronic.,False,0,NONE
9292,who needs it?,True,1,MQ_SUBJ
9293,pizzc yourself.,False,0,NONE
9294,not your blankie.,False,0,NONE
9295,no blanket.,False,0,NONE
9296,"well, part of it's yours.",False,0,NONE
9297,you're sharing it with Papa.,False,0,NONE
9298,you and Papa are sharing the sandwich.,False,0,NONE
9299,right here.,False,0,NONE
9300,I 'm going To cut it in two.,False,0,NONE
9301,and you're going To get part and Papa's going To get part.,False,0,NONE
9302,did Becky share her raisins with you this morning?,False,0,NONE
9303,"well, that was nice of Becky.",False,0,NONE
9304,you want what?,False,0,NONE
9305,you want a napkin?,False,0,NONE
9306,"well, I don't have any more.",False,0,NONE
9307,it's empty.,False,0,NONE
9308,"whoops, there's one right in the bottom.",False,0,NONE
9309,right in the bottom and that's all.,False,0,NONE
9310,you're going to what?,False,0,NONE
9311,"well, you don't have any raisins.",False,0,NONE
9312,you don't have any raisins.,False,0,NONE
9313,are they clean yet?,False,0,NONE
9314,they're pretty clean.,False,0,NONE
9315,"well, partway up.",False,0,NONE
9316,don't to clear up to your shirt.,False,0,NONE
9317,just wash a little bit right in there.,False,0,NONE
9318,that's it.,False,0,NONE
9319,on your wrists.,False,0,NONE
9320,on your wrists.,False,0,NONE
9321,"well, what am I pouring for them?",True,1,MQ_OBJ
9322,uhhuh.,False,0,NONE
9323,you going To have a Fizzie?,False,0,NONE
9324,what color would you like?,True,1,MQ_OBJ
9325,would you like an orange one or a grape one?,False,0,NONE
9326,alright.,False,0,NONE
9327,you're going To work it?,False,0,NONE
9328,"okay, I'll just get it out for you and you can do it.",False,0,NONE
9329,I bet Fraser doesn't know about Fizzies.,False,0,NONE
9330,you'll have to show him how it works.,True,1,EQ_ADJUNCT
9331,huh.,False,0,NONE
9332,"oh, Cromer too?",False,0,NONE
9333,"yes, Cromer wants to see it too.",False,0,NONE
9334,"got your hands clean, Eve?",False,0,NONE
9335,"oh, I'd better clean them.",False,0,NONE
9336,were you digging up there in the dirt with Becky?,False,0,NONE
9337,what were you doing besides digging in the dirt?,True,1,MQ_OBJ
9338,you caught?,False,0,NONE
9339,what did you catch?,True,1,MQ_OBJ
9340,did you catch it?,False,0,NONE
9341,where was it?,True,1,MQ_ADJUNCT
9342,coming down the hill?,False,0,NONE
9343,what else did you do?,True,1,MQ_OBJ
9344,"well, I know you came in the house.",False,0,NONE
9345,what are you going To have?,True,1,MQ_OBJ
9346,alright.,False,0,NONE
9347,a grape one.,False,0,NONE
9348,want an ice cube?,False,0,NONE
9349,oh dear.,False,0,NONE
9350,yeah.,False,0,NONE
9351,it's not finished yet.,False,0,NONE
9352,it was still fizzing.,False,0,NONE
9353,she's upstairs in her bed sleeping.,False,0,NONE
9354,it did stop fizzing?,False,0,NONE
9355,yep.,False,0,NONE
9356,all ready to drink there.,False,0,NONE
9357,"oh, I 'm sorry.",False,0,NONE
9358,I forgot.,False,0,NONE
9359,I know it's cold.,False,0,NONE
9360,put it in.,False,0,NONE
9361,hi.,False,0,NONE
9362,we will get another balloon.,False,0,NONE
9363,at Harvard Square.,False,0,NONE
9364,yeah.,False,0,NONE
9365,next time we go.,False,0,NONE
9366,they're probably still playing outside.,False,0,NONE
9367,"well, this afternoon you may play outside after your nap.",False,0,NONE
9368,uhhuh.,False,0,NONE
9369,what am I folding?,True,1,MQ_OBJ
9370,that's right.,False,0,NONE
9371,what kind of clothes is this?,True,1,MQ_OBJ
9372,that's right.,False,0,NONE
9373,alright.,False,0,NONE
9374,you hold this one.,False,0,NONE
9375,you fold that one for me.,False,0,NONE
9376,what is that?,True,1,MQ_OBJ
9377,it's a kleenex yes.,False,0,NONE
9378,that's a good girl.,False,0,NONE
9379,alright.,False,0,NONE
9380,why don't you let Mom do it?,True,1,MQ_ADJUNCT
9381,bring it here and I'll do it for you.,False,0,NONE
9382,"well, I'd rather you took the bibs out in the kitchen for me first.",False,0,NONE
9383,put them on the counter in the kitchen.,False,0,NONE
9384,then you can fold it.,False,0,NONE
9385,for you lunch.,False,0,NONE
9386,mhm.,False,0,NONE
9387,you're going To watch them?,False,0,NONE
9388,when?,False,0,NONE
9389,"oh, Saturday.",False,0,NONE
9390,they willn't be here on Saturday.,False,0,NONE
9391,"on Wednesday, that's today.",False,0,NONE
9392,today's Wednesday.,False,0,NONE
9393,they will?,False,0,NONE
9394,"alright, you drink your Fizzie.",False,0,NONE
9395,we said what's wrong to Cathy Dodie?,True,1,EQ_SUBJ
9396,when?,False,0,NONE
9397,"oh, you and Becky said what's wrong?",True,1,EQ_SUBJ
9398,why?,False,0,NONE
9399,was she crying?,False,0,NONE
9400,where did you get the water?,True,1,MQ_ADJUNCT
9401,from on the bed?,False,0,NONE
9402,"oh, on the lounge.",False,0,NONE
9403,on the chaiselounge.,False,0,NONE
9404,yeah.,False,0,NONE
9405,I wondered where you got the water.,True,1,EQ_ADJUNCT
9406,that's where you got the water.,True,1,EQ_ADJUNCT
9407,what did you do with it?,True,1,MQ_OBJ
9408,put it in the dirt.,False,0,NONE
9409,"oh, your dirt.",False,0,NONE
9410,that's right.,False,0,NONE
9411,were you making mud pies?,False,0,NONE
9412,you don't know but you're telling tales.,False,0,NONE
9413,I know it.,False,0,NONE
9414,they did come.,False,0,NONE
9415,uhhuh.,False,0,NONE
9416,from the gate?,False,0,NONE
9417,they came through the gate.,False,0,NONE
9418,they came down the street and in the gate.,False,0,NONE
9419,did you see them come in the gate?,False,0,NONE
9420,what did you say?,True,1,MQ_OBJ
9421,you did?,False,0,NONE
9422,you fold that one that you have.,True,1,RC_OBJ
9423,that'll be a big help.,False,0,NONE
9424,hmm?,False,0,NONE
9425,alright.,False,0,NONE
9426,I'll fold it.,False,0,NONE
9427,for you.,False,0,NONE
9428,they are your yellow pedalpushers.,False,0,NONE
9429,you want to fold those?,False,0,NONE
9430,"you fold those for me, please.",False,0,NONE
9431,alright.,False,0,NONE
9432,would you get a towel from the kitchen for me.,False,0,NONE
9433,can you reach it on the rack?,False,0,NONE
9434,"would you get it for me, please, because you spilled the coffee.",False,0,NONE
9435,quick.,False,0,NONE
9436,"yes, you did spill the coffee.",False,0,NONE
9437,would you wipe it up for me?,False,0,NONE
9438,that's a girl.,False,0,NONE
9439,that's a good girl.,False,0,NONE
9440,alright.,False,0,NONE
9441,you do that.,False,0,NONE
9442,you have your yellow ones.,False,0,NONE
9443,put those over here.,False,0,NONE
9444,"no, because these are the towels.",False,0,NONE
9445,they go in the closet.,False,0,NONE
9446,and these things go in Eve's room.,False,0,NONE
9447,and the pedalpushers go in your.,False,0,NONE
9448,would you put them away when we go upstairs.,True,1,EQ_ADJUNCT
9449,that's right.,False,0,NONE
9450,they go in the closet.,False,0,NONE
9451,what is that?,True,1,MQ_OBJ
9452,bath mat.,False,0,NONE
9453,that's right.,False,0,NONE
9454,that's right.,False,0,NONE
9455,pedalpushers are Mommy's pants.,False,0,NONE
9456,okay.,False,0,NONE
9457,that'll be a big help.,False,0,NONE
9458,"oh, good, thank you.",False,0,NONE
9459,now put them on the.,False,0,NONE
9460,right there.,False,0,NONE
9461,thank you.,False,0,NONE
9462,right.,False,0,NONE
9463,now would you take this to the kitchen?,False,0,NONE
9464,put it on the counter.,False,0,NONE
9465,what?,False,0,NONE
9466,all *NULL* we have to fold is the sheet and that's too big for you?,True,1,RC_OBJ
9467,that's too big for you.,False,0,NONE
9468,I'll do that.,False,0,NONE
9469,"well, I think it's too big.",False,0,NONE
9470,can you?,False,0,NONE
9471,"well, you try and we'll see.",False,0,NONE
9472,know it's too big for you.,False,0,NONE
9473,"because Mom has to stand up to fold it, it's so big.",False,0,NONE
9474,when you get bigger you can do it.,True,1,EQ_ADJUNCT
9475,that's right.,False,0,NONE
9476,when you get big like Mom.,True,1,EQ_ADJUNCT
9477,they're big yes.,False,0,NONE
9478,they're big too.,False,0,NONE
9479,"sure, they have their shoes on.",False,0,NONE
9480,they've been outside.,False,0,NONE
9481,yes indeed.,False,0,NONE
9482,that's right.,False,0,NONE
9483,yes.,False,0,NONE
9484,that's right.,False,0,NONE
9485,"hi, Eve.",False,0,NONE
9486,how are you?,True,1,MQ_ADJUNCT
9487,they all go in the closet uhhuh.,False,0,NONE
9488,right.,False,0,NONE
9489,uhhuh.,False,0,NONE
9490,they go in the drawer.,False,0,NONE
9491,we'll take them up when we go upstairs.,True,1,EQ_ADJUNCT
9492,we're not going now.,False,0,NONE
9493,we'll go up later.,False,0,NONE
9494,hi.,False,0,NONE
9495,have you finished your Fizzie?,False,0,NONE
9496,no?,False,0,NONE
9497,"she's upstairs, sweetie, sleeping.",False,0,NONE
9498,she's in the carbed in Mom's room.,False,0,NONE
9499,"you may whistle, yes.",False,0,NONE
9500,you willn't wake her.,False,0,NONE
9501,you make whistle.,False,0,NONE
9502,blow.,False,0,NONE
9503,why cann't you?,True,1,MQ_ADJUNCT
9504,there.,False,0,NONE
9505,"you willn't wake her up, no.",False,0,NONE
9506,because she's way upstairs.,False,0,NONE
9507,"well, she's up in the room.",False,0,NONE
9508,if you want to see her you run up and look.,True,1,EQ_POLAR
9509,you be very quiet when you get there.,True,1,EQ_ADJUNCT
9510,just peek in.,False,0,NONE
9511,don't take your pipe.,False,0,NONE
9512,leave your pipe down here.,False,0,NONE
9513,what are you doing?,True,1,MQ_OBJ
9514,okay.,False,0,NONE
9515,hi.,False,0,NONE
9516,where've you been?,True,1,MQ_ADJUNCT
9517,what's she doing?,True,1,MQ_OBJ
9518,where?,False,0,NONE
9519,hmm?,False,0,NONE
9520,what's what doing?,False,0,NONE
9521,the numbers.,False,0,NONE
9522,the numbers are going around too.,False,0,NONE
9523,"see, the numbers are going around.",False,0,NONE
9524,there's seven,False,0,NONE
9525,then that one is what?,False,0,NONE
9526,then nine.,False,0,NONE
9527,then,False,0,NONE
9528,the zero.,False,0,NONE
9529,"that's not three yet, wait.",False,0,NONE
9530,there's your three.,False,0,NONE
9531,and then,False,0,NONE
9532,four.,False,0,NONE
9533,then five right here.,False,0,NONE
9534,then what?,False,0,NONE
9535,that's a six that just went by.,True,1,RC_SUBJ
9536,and there's a seven.,False,0,NONE
9537,and there's an eight.,False,0,NONE
9538,all of them are going around.,False,0,NONE
9539,that's right.,False,0,NONE
9540,how was Sarah?,True,1,MQ_ADJUNCT
9541,right now?,False,0,NONE
9542,"well, wait a little bit.",False,0,NONE
9543,hmm?,False,0,NONE
9544,"well, let me blow your nose first.",False,0,NONE
9545,"well, we're not going to wait that long.",False,0,NONE
9546,blow.,False,0,NONE
9547,went to Emerson.,False,0,NONE
9548,I hear her.,False,0,NONE
9549,do you hear her?,False,0,NONE
9550,alright.,False,0,NONE
9551,let me hold it till you get in.,False,0,NONE
9552,I will in just a moment.,False,0,NONE
9553,what's wrong with it?,True,1,MQ_SUBJ
9554,what's wrong?,True,1,MQ_SUBJ
9555,okay.,False,0,NONE
9556,just a minute.,False,0,NONE
9557,you may have your dish.,False,0,NONE
9558,what else do you want?,True,1,MQ_OBJ
9559,you want what?,False,0,NONE
9560,the brown one?,False,0,NONE
9561,there you are.,False,0,NONE
9562,it's in the brown one.,False,0,NONE
9563,in the brown one.,False,0,NONE
9564,does it taste better out of the brown one?,False,0,NONE
9565,does it taste better in the brown one?,False,0,NONE
9566,hi.,False,0,NONE
9567,I 'm going to sit in the red chair.,False,0,NONE
9568,how about some cheese?,False,0,NONE
9569,alright.,False,0,NONE
9570,"yes, he is.",False,0,NONE
9571,hi.,False,0,NONE
9572,what am I going To do?,True,1,MQ_OBJ
9573,uhhuh.,False,0,NONE
9574,Sarah's going to have some fruit and some squash and some,False,0,NONE
9575,that's about all.,False,0,NONE
9576,I guess that's enough.,False,0,NONE
9577,that's the fruit.,False,0,NONE
9578,I don't have any green beans.,False,0,NONE
9579,we don't have any green beans.,False,0,NONE
9580,we will.,False,0,NONE
9581,uhhuh.,False,0,NONE
9582,no green beans.,False,0,NONE
9583,what kind?,False,0,NONE
9584,peanut butter.,False,0,NONE
9585,"alright, I'll fold it over for you.",False,0,NONE
9586,salt.,False,0,NONE
9587,Eve.,False,0,NONE
9588,am I sitting in the chair or am I sitting chair?,False,0,NONE
9589,Eve?,False,0,NONE
9590,do I have a pencil in my hand or do I have a pencil hand?,False,0,NONE
9591,uhhuh.,False,0,NONE
9592,"Papa bought some for us, uhhuh.",False,0,NONE
9593,he did what?,False,0,NONE
9594,"oh, you do?",False,0,NONE
9595,you wait just a moment.,False,0,NONE
9596,yeah.,False,0,NONE
9597,"no, he's not.",False,0,NONE
9598,what's he doing then?,True,1,MQ_OBJ
9599,"Eve, is that he pencil or is that his pencil?",False,0,NONE
9600,"oh, he does have his glasses on.",False,0,NONE
9601,Cromer wears glasses too.,False,0,NONE
9602,he has them on his head.,False,0,NONE
9603,that's right.,False,0,NONE
9604,I don't know.,False,0,NONE
9605,ask Fraser if he has some.,True,1,EQ_POLAR
9606,ask him.,False,0,NONE
9607,I know Papa has some glasses.,False,0,NONE
9608,uhhuh.,False,0,NONE
9609,do you have some?,False,0,NONE
9610,did Fraser tell you you have some glasses?,False,0,NONE
9611,he asked you if you had some glasses.,True,1,EQ_POLAR
9612,he asked you.,False,0,NONE
9613,"Eve, do you have some glasses.",False,0,NONE
9614,and you told him yes.,False,0,NONE
9615,hi.,False,0,NONE
9616,they did come to see you.,False,0,NONE
9617,uhhuh.,False,0,NONE
9618,they did.,False,0,NONE
9619,"what did we do, Eve?",True,1,MQ_OBJ
9620,I know it is.,False,0,NONE
9621,do you like it?,False,0,NONE
9622,it is white.,False,0,NONE
9623,it has bumps in it too.,False,0,NONE
9624,mhm.,False,0,NONE
9625,let me go up and see what Sarah's doing.,True,1,EQ_OBJ
9626,I'll be right back.,False,0,NONE
9627,"yeah, I know you did.",False,0,NONE
9628,"but I wanT To go and see for myself, thank you.",False,0,NONE
9629,hi.,False,0,NONE
9630,yeah.,False,0,NONE
9631,you are?,False,0,NONE
9632,"yes, I have glasses and you break them.",False,0,NONE
9633,remember when you broke my glasses?,True,1,EQ_ADJUNCT
9634,"no, you're not supposed to.",False,0,NONE
9635,Papa fixed them for me last night.,False,0,NONE
9636,Papa fixed them.,False,0,NONE
9637,a long time ago.,False,0,NONE
9638,"no, you don't wear them.",False,0,NONE
9639,"you don't wear them, no.",False,0,NONE
9640,uhhuh.,False,0,NONE
9641,hmm?,False,0,NONE
9642,do you?,False,0,NONE
9643,do you like him with glasses on?,False,0,NONE
9644,there.,False,0,NONE
9645,he'll put them away.,False,0,NONE
9646,is that better?,False,0,NONE
9647,"it looks more like Cromer, doesn't it.",False,0,NONE
9648,different?,False,0,NONE
9649,uhhuh.,False,0,NONE
9650,he does look different.,False,0,NONE
9651,he does look different with glasses on.,False,0,NONE
9652,"hi, Eve.",False,0,NONE
9653,"Eve, is that Mama stool or is that Mama's stool?",False,0,NONE
9654,hi.,False,0,NONE
9655,I was rubbing my eyes.,False,0,NONE
9656,"I had something in my eye, not on my nose.",False,0,NONE
9657,don't know what it was.,True,1,EQ_OBJ
9658,just something.,False,0,NONE
9659,something.,False,0,NONE
9660,hi.,False,0,NONE
9661,"you're not saying hello, you're saying.",False,0,NONE
9662,hi.,False,0,NONE
9663,now you're saying hello.,False,0,NONE
9664,hi.,False,0,NONE
9665,I know he's saying it.,False,0,NONE
9666,I can hear him.,False,0,NONE
9667,"hello, Eve.",False,0,NONE
9668,what am I doing?,True,1,MQ_OBJ
9669,don't you want me to bang your highchair?,False,0,NONE
9670,"alright, I will.",False,0,NONE
9671,"good day, Eve.",False,0,NONE
9672,I said.,False,0,NONE
9673,"good day, Eve.",False,0,NONE
9674,no?,False,0,NONE
9675,"yes, he did.",False,0,NONE
9676,good day.,False,0,NONE
9677,sometimes you say that instead of hello or hi.,False,0,NONE
9678,when Papa comes home you say.,True,1,EQ_ADJUNCT
9679,"good day, Papa.",False,0,NONE
9680,okay?,False,0,NONE
9681,why not?,False,0,NONE
9682,there's no what?,False,0,NONE
9683,no pictures?,False,0,NONE
9684,what's that got to do with it?,True,1,MQ_OBJ
9685,you can not?,False,0,NONE
9686,sure you can.,False,0,NONE
9687,all *NULL* you have to do is open your mouth and say.,True,1,RC_OBJ
9688,sure.,False,0,NONE
9689,when they go what?,False,0,NONE
9690,"yep, we'll have our lunch.",False,0,NONE
9691,"Eve, you could say.",False,0,NONE
9692,how about that?,False,0,NONE
9693,what are you doing to me?,True,1,MQ_OBJ
9694,pushing me around?,False,0,NONE
9695,why?,False,0,NONE
9696,"oh, I 'm sorry.",False,0,NONE
9697,I'll go away then.,False,0,NONE
9698,I'll go away.,False,0,NONE
9699,you don't want me to go away?,False,0,NONE
9700,okay.,False,0,NONE
9701,alright.,False,0,NONE
9702,I willn't.,False,0,NONE
9703,I willn't going to eat my soup.,False,0,NONE
9704,would you like some soup?,False,0,NONE
9705,"no, it's not noodle soup.",False,0,NONE
9706,rice.,False,0,NONE
9707,yep.,False,0,NONE
9708,you want some?,False,0,NONE
9709,eh?,False,0,NONE
9710,no?,False,0,NONE
9711,alright.,False,0,NONE
9712,alright.,False,0,NONE
9713,that's your rice soup.,False,0,NONE
9714,yes.,False,0,NONE
9715,I 'm going to put it in bowls and I 'm going to eat it with my,False,0,NONE
9716,a napkin?,False,0,NONE
9717,I spilled some soup and I wiped it off.,False,0,NONE
9718,I spilled it yes.,False,0,NONE
9719,uhhuh.,False,0,NONE
9720,it's saying what?,False,0,NONE
9721,five four two?,False,0,NONE
9722,"no, it's not.",False,0,NONE
9723,I had a bone in it.,False,0,NONE
9724,a chicken bone.,False,0,NONE
9725,it is all gone.,False,0,NONE
9726,I took it out.,False,0,NONE
9727,you're not supposed to eat bones.,False,0,NONE
9728,right there.,False,0,NONE
9729,I took it out and put it on the counter.,False,0,NONE
9730,"you chew on bones, on big bones but you don't eat them.",False,0,NONE
9731,you don't chew them up and put them in your tummy.,False,0,NONE
9732,"no, you don't chew them up.",False,0,NONE
9733,you chew on bones.,False,0,NONE
9734,when we have pork chops or lamb chops then you chew on the bones,True,1,EQ_ADJUNCT
9735,but you don't eat them.,False,0,NONE
9736,you just chew the meat off the bones.,False,0,NONE
9737,you just chew the meat off.,False,0,NONE
9738,you bite it off.,False,0,NONE
9739,you're getting a splinter out?,False,0,NONE
9740,out where?,False,0,NONE
9741,a splinter in your teeth?,False,0,NONE
9742,no.,False,0,NONE
9743,they have teeth but they don't have splinters in them.,False,0,NONE
9744,not in their teeth.,False,0,NONE
9745,they did what?,False,0,NONE
9746,have they both got a bicycle?,False,0,NONE
9747,they did?,False,0,NONE
9748,did they both ride a bicycle in our gate?,False,0,NONE
9749,Fraser too?,False,0,NONE
9750,"well, ask him.",False,0,NONE
9751,he'd like to show you.,False,0,NONE
9752,you're getting new teeth too.,False,0,NONE
9753,yes.,False,0,NONE
9754,we all have teeth.,False,0,NONE
9755,what am I doing?,True,1,MQ_OBJ
9756,"Eve, do we have teeth all?",False,0,NONE
9757,no?,False,0,NONE
9758,what then?,False,0,NONE
9759,"no, we don't say that.",False,0,NONE
9760,"why do you say that, Eve?",True,1,MQ_ADJUNCT
9761,why do you say.,False,0,NONE
9762,"giddyup, rawhide?",False,0,NONE
9763,when do you say that?,True,1,MQ_ADJUNCT
9764,"oh, on Saturday when you go on the seesaw.",True,1,EQ_ADJUNCT
9765,hi.,False,0,NONE
9766,uhhuh.,False,0,NONE
9767,I know that.,False,0,NONE
9768,Eve.,False,0,NONE
9769,do you say.,False,0,NONE
9770,that Cromer or that is Cromer?,False,0,NONE
9771,"well, it's going down on the floor.",False,0,NONE
9772,you be careful.,False,0,NONE
9773,don't play with it.,False,0,NONE
9774,"Eve, do you say.",False,0,NONE
9775,that is Mom or that Mom?,False,0,NONE
9776,we're eating our lunch.,False,0,NONE
9777,we are eating our lunch.,False,0,NONE
9778,his lunch in a little bit.,False,0,NONE
9779,what?,False,0,NONE
9780,what?,False,0,NONE
9781,I don't hear anything.,False,0,NONE
9782,what is it?,True,1,MQ_OBJ
9783,probably Cathy?,False,0,NONE
9784,"well, I don't hear her.",False,0,NONE
9785,"yes, I know that's what you're saying.",True,1,EQ_OBJ
9786,why don't you say something else?,True,1,MQ_ADJUNCT
9787,I don't care.,False,0,NONE
9788,"okay, you sing a Farmer_in_the_Dell then.",False,0,NONE
9789,that'll do fine.,False,0,NONE
9790,you going To sing with me?,False,0,NONE
9791,the refrigerator.,False,0,NONE
9792,the refrigerator came on.,False,0,NONE
9793,that's what keeps it cold.,True,1,EQ_SUBJ
9794,"no, I don't want to sing it.",False,0,NONE
9795,"well, we're almost finished.",False,0,NONE
9796,it followed her to school,False,0,NONE
9797,"well, we already did that one and the second one.",False,0,NONE
9798,and we were singing it followed her.,False,0,NONE
9799,oh no.,False,0,NONE
9800,that's fine now.,False,0,NONE
9801,that's just at the right place.,False,0,NONE
9802,"see, we've got three.",False,0,NONE
9803,and here's four.,False,0,NONE
9804,and there's,False,0,NONE
9805,no five.,False,0,NONE
9806,and,False,0,NONE
9807,six.,False,0,NONE
9808,is that two?,False,0,NONE
9809,I don't think it is.,False,0,NONE
9810,"yep, that's fine.",False,0,NONE
9811,yep.,False,0,NONE
9812,what were you doing outside?,True,1,MQ_OBJ
9813,you don't have to wear it.,False,0,NONE
9814,I 'm go to fold it up.,False,0,NONE
9815,what were you doing out there with Becky?,True,1,MQ_OBJ
9816,"hmm, Eve?",False,0,NONE
9817,what were you doing out there with Becky?,True,1,MQ_OBJ
9818,getting some medicine for your horses?,False,0,NONE
9819,why were they sick?,True,1,MQ_ADJUNCT
9820,that's even worse.,False,0,NONE
9821,did the medicine make them better?,False,0,NONE
9822,what.,False,0,NONE
9823,I ironed them.,False,0,NONE
9824,that's right.,False,0,NONE
9825,you may do it.,False,0,NONE
9826,"yeah, that's pretty good.",False,0,NONE
9827,but those you don't have to fold.,False,0,NONE
9828,these are already folded.,False,0,NONE
9829,you don't have to fold those.,False,0,NONE
9830,this one needs folded though.,False,0,NONE
9831,I'll trade you.,False,0,NONE
9832,give me that one.,False,0,NONE
9833,"that one needs to be folded, yes.",False,0,NONE
9834,you are indeed.,False,0,NONE
9835,"well, tonight he will put your jammies on.",False,0,NONE
9836,not now.,False,0,NONE
9837,you don't wear jammies when you take a nap.,True,1,EQ_ADJUNCT
9838,who?,False,0,NONE
9839,Noel?,False,0,NONE
9840,"yes, Noel wears pajammies when she takes a nap.",True,1,EQ_ADJUNCT
9841,Noel uhhuh.,False,0,NONE
9842,what are you doing?,True,1,MQ_OBJ
9843,turn a somersault.,False,0,NONE
9844,"that was good, Eve.",False,0,NONE
9845,"yes, that needs to be folded.",False,0,NONE
9846,alright.,False,0,NONE
9847,"why don't you take the bibs out onto the counter for me, please?",True,1,MQ_ADJUNCT
9848,"yes, yours and Sarah's.",False,0,NONE
9849,what a big help.,False,0,NONE
9850,"well, we don't need to go to a doctor and put a bandaid on it, this",False,0,NONE
9851,it's just a bump.,False,0,NONE
9852,it didn't cut your chin.,False,0,NONE
9853,just a bump.,False,0,NONE
9854,just a bump.,False,0,NONE
9855,you really clonked it.,False,0,NONE
9856,let me see.,False,0,NONE
9857,it's red back there.,False,0,NONE
9858,what?,False,0,NONE
9859,"well, you ask me the right way and I might get you some.",False,0,NONE
9860,"just one minute, please.",False,0,NONE
9861,Fraser what?,False,0,NONE
9862,grape juice?,False,0,NONE
9863,no.,False,0,NONE
9864,I am going to do it.,False,0,NONE
9865,right.,False,0,NONE
9866,"well, you'll have that afterwards.",False,0,NONE
9867,it's not time for tapioca yet.,False,0,NONE
9868,you wanT To taste it a little bit?,False,0,NONE
9869,just one little taste?,False,0,NONE
9870,how's that?,True,1,MQ_ADJUNCT
9871,"is the tapioca, is your grape juice good?",False,0,NONE
9872,yep.,False,0,NONE
9873,"hey, what are you doing?",True,1,MQ_OBJ
9874,is that some pencils?,False,0,NONE
9875,thank you.,False,0,NONE
9876,I have some.,False,0,NONE
9877,"no, I open the window so I can hear Sarah when she wakes up.",True,1,EQ_ADJUNCT
9878,what are you doing?,True,1,MQ_OBJ
9879,that's right.,False,0,NONE
9880,alright.,False,0,NONE
9881,Nancy and Becky?,False,0,NONE
9882,I don't see Nancy and Becky.,False,0,NONE
9883,is Marcia there too?,False,0,NONE
9884,what's that *NULL* I 'm drawing?,True,2,MQ_ADJUNCT;RC_OBJ
9885,what's that *NULL* I 'm drawing?,True,2,MQ_OBJ;RC_OBJ
9886,where's the lady?,True,1,MQ_ADJUNCT
9887,thought it was a man.,False,0,NONE
9888,"well, he needs a haircut.",False,0,NONE
9889,what?,False,0,NONE
9890,there.,False,0,NONE
9891,what's that?,True,1,MQ_OBJ
9892,a lady?,False,0,NONE
9893,do you not think that's a man?,False,0,NONE
9894,"okay, it's a lady.",False,0,NONE
9895,"oh, that's a man.",False,0,NONE
9896,okay.,False,0,NONE
9897,let's draw another man.,False,0,NONE
9898,there.,False,0,NONE
9899,is that a man?,False,0,NONE
9900,which is the big one?,True,1,MQ_OBJ
9901,show me the big one.,False,0,NONE
9902,that's right.,False,0,NONE
9903,that's a man and that's a man.,False,0,NONE
9904,so there are two,False,0,NONE
9905,when it's one it's and when there're two it's,True,2,EQ_ADJUNCT
9906,no sl.,False,0,NONE
9907,men.,False,0,NONE
9908,only men.,False,0,NONE
9909,that's right.,False,0,NONE
9910,okay.,False,0,NONE
9911,candle?,False,0,NONE
9912,is that it right there?,False,0,NONE
9913,I don't think you'd better put that pencil in the couch.,False,0,NONE
9914,pencils don't belong in couches.,False,0,NONE
9915,where is the birthday cake?,True,1,MQ_ADJUNCT
9916,I don't know.,False,0,NONE
9917,what did you do with it?,True,1,MQ_OBJ
9918,"please, don't put the pencil in the couch.",False,0,NONE
9919,yes.,False,0,NONE
9920,it will make a great big hole if you put it in there again.,True,1,EQ_POLAR
9921,"you will, yeah.",False,0,NONE
9922,don't you make it.,False,0,NONE
9923,I'll smack your bottom if you make a hole in there.,True,1,EQ_POLAR
9924,in your pants?,False,0,NONE
9925,"well, that's not a very good idea either.",False,0,NONE
9926,did you make a great big hole?,False,0,NONE
9927,"no, you didn't.",False,0,NONE
9928,I know you are.,False,0,NONE
9929,don't do that again or I'll take the pencil away.,False,0,NONE
9930,I will.,False,0,NONE
9931,"yes, I will.",False,0,NONE
9932,you may have it.,False,0,NONE
9933,but don't poke it in the couch or I will take it away.,False,0,NONE
9934,it doesn't belong on your head.,False,0,NONE
9935,where did it go?,True,1,MQ_ADJUNCT
9936,bite it?,False,0,NONE
9937,I don't want to bite it.,False,0,NONE
9938,why do you want to bite it?,True,1,MQ_ADJUNCT
9939,"eh, what?",False,0,NONE
9940,why do you want to bite the pencil?,True,1,MQ_ADJUNCT
9941,okay.,False,0,NONE
9942,you're going To do what?,False,0,NONE
9943,who was singing that?,True,1,MQ_SUBJ
9944,when do you say that?,True,1,MQ_ADJUNCT
9945,when do say that?,False,0,NONE
9946,when?,False,0,NONE
9947,what do you do when you say that?,True,2,EQ_ADJUNCT;MQ_OBJ
9948,what are you doing when you say that?,True,2,EQ_ADJUNCT;MQ_OBJ
9949,I don't think he wants you to say Leeny_levey_heeny or whatever,False,0,NONE
9950,"well, you go ahead and sing it.",False,0,NONE
9951,"yes, sing it for us.",False,0,NONE
9952,you sing it for us.,False,0,NONE
9953,okay.,False,0,NONE
9954,sing with you?,False,0,NONE
9955,you sing by yourself.,False,0,NONE
9956,you don't need me to sing with you.,False,0,NONE
9957,what do you wanT To sing?,True,1,MQ_OBJ
9958,you can sing rock_a_bye baby all by yourself.,False,0,NONE
9959,do it with you?,False,0,NONE
9960,alright.,False,0,NONE
9961,you start.,False,0,NONE
9962,that's very nice.,False,0,NONE
9963,very nice.,False,0,NONE
9964,you're going To what?,False,0,NONE
9965,no more grape juice.,False,0,NONE
9966,is it all gone out of your cup?,False,0,NONE
9967,did you drink two cups of grape juice?,False,0,NONE
9968,you must've been thirsty.,False,0,NONE
9969,"no, we'll have milk for lunch.",False,0,NONE
9970,we'll have milk for lunch.,False,0,NONE
9971,outside yes.,False,0,NONE
9972,"what are you doing, miss?",True,1,MQ_OBJ
9973,Becky and Nancy are busy.,False,0,NONE
9974,"they're having their lunch, I think.",False,0,NONE
9975,"I don't think so, no.",False,0,NONE
9976,I don't hear Becky out in the yard.,False,0,NONE
9977,"no, she's not having her lunch in Becky's yard.",False,0,NONE
9978,alright.,False,0,NONE
9979,I think it's time for your lunch.,False,0,NONE
9980,alright.,False,0,NONE
9981,how's your tummy feeling?,True,1,MQ_ADJUNCT
9982,is it better?,False,0,NONE
9983,I 'm awfully glad.,False,0,NONE
9984,"yeah, I see it on the outside.",False,0,NONE
9985,how's it feel inside?,True,1,MQ_ADJUNCT
9986,hmm?,False,0,NONE
9987,inside yes.,False,0,NONE
9988,how's it feel?,True,1,MQ_ADJUNCT
9989,"inside, mhm.",False,0,NONE
9990,way inside.,False,0,NONE
9991,how's it feel?,True,1,MQ_ADJUNCT
9992,is it better?,False,0,NONE
9993,"way inside, mhm.",False,0,NONE
9994,"yes, he go see, you have your lunch.",False,0,NONE
9995,climb in your highchair.,False,0,NONE
9996,let's move it.,False,0,NONE
9997,"okay, climb in.",False,0,NONE
9998,alright.,False,0,NONE
9999,I made some for you.,False,0,NONE
10000,"yes, just for you.",False,0,NONE
10001,because I know how much you like it.,True,1,EQ_ADJUNCT
10002,what?,False,0,NONE
10003,what did you do?,True,1,MQ_OBJ
10004,I will wipe it off.,False,0,NONE
10005,what did you do?,True,1,MQ_OBJ
10006,how'd it get dirty.,True,1,MQ_ADJUNCT
10007,"oh, you have a scratch on there.",False,0,NONE
10008,"wait, I'll do it very gently.",False,0,NONE
10009,"see, you got a little scratch on there.",False,0,NONE
10010,wait'll I wipe this one first.,False,0,NONE
10011,one at a time.,False,0,NONE
10012,"what dirty hands, little girl.",False,0,NONE
10013,what have you been doing?,True,1,MQ_OBJ
10014,"oh, what did you do, Eve?",True,1,MQ_OBJ
10015,your elbow?,False,0,NONE
10016,does it hurt?,False,0,NONE
10017,that's just a little scratch.,False,0,NONE
10018,it'll be better.,False,0,NONE
10019,"yes, he's go watch you eat your lunch.",False,0,NONE
10020,hmm?,False,0,NONE
10021,what?,False,0,NONE
10022,it does now.,False,0,NONE
10023,it does now.,False,0,NONE
10024,cause I 'm putting some in.,False,0,NONE
10025,"well, if you wait for just a minute I'll get a spoon.",True,1,EQ_POLAR
10026,yes.,False,0,NONE
10027,Sarah.,False,0,NONE
10028,what?,False,0,NONE
10029,what?,False,0,NONE
10030,I don't hear her.,False,0,NONE
10031,"no, I don't hear her.",False,0,NONE
10032,she's sleeping.,False,0,NONE
10033,hi.,False,0,NONE
10034,"good day, Eve.",False,0,NONE
10035,yep.,False,0,NONE
10036,that's right.,False,0,NONE
10037,that's my jacket.,False,0,NONE
10038,a cracker.,False,0,NONE
10039,a different kind of cracker.,False,0,NONE
10040,that's called a sesame seed cracker.,False,0,NONE
10041,seeds.,False,0,NONE
10042,"yes, I think you'll like it.",False,0,NONE
10043,why not?,False,0,NONE
10044,"not the seed, eat the cracker.",False,0,NONE
10045,take a bite of the cracker.,False,0,NONE
10046,did you what?,False,0,NONE
10047,oop.,False,0,NONE
10048,I dropped.,False,0,NONE
10049,no vegetable soup.,False,0,NONE
10050,you like to have some?,False,0,NONE
10051,what is he doing?,True,1,MQ_OBJ
10052,"yeah, what 'm I doing?",True,1,MQ_OBJ
10053,you're going To have a bite of the seed.,False,0,NONE
10054,"well, why don't you take a bite of the cracker?",True,1,MQ_ADJUNCT
10055,then you'll get seeds and cracker.,False,0,NONE
10056,take a bite of the cracker and then you'll get both.,False,0,NONE
10057,you're picking off the seeds?,False,0,NONE
10058,have what?,False,0,NONE
10059,"no, not at the Peabody School.",False,0,NONE
10060,what did you have at the Peabody School?,True,1,MQ_OBJ
10061,hmm?,False,0,NONE
10062,what did you get when you went there?,True,2,EQ_ADJUNCT;MQ_OBJ
10063,vaccine.,False,0,NONE
10064,hmm?,False,0,NONE
10065,that's right.,False,0,NONE
10066,we went to Cathy's and got your airplane because you left it,False,0,NONE
10067,I cann't hear you.,False,0,NONE
10068,what?,False,0,NONE
10069,"this afternoon when you wake up your nap, what?",True,1,RC_ADJUNCT
10070,no.,False,0,NONE
10071,we already did go to the Peabody School.,False,0,NONE
10072,not again.,False,0,NONE
10073,want some cheese?,False,0,NONE
10074,cheese?,False,0,NONE
10075,what kind?,False,0,NONE
10076,the orange one?,False,0,NONE
10077,alright.,False,0,NONE
10078,hmm?,False,0,NONE
10079,yep.,False,0,NONE
10080,yeah.,False,0,NONE
10081,Taffy too has a tongue.,False,0,NONE
10082,everybody has a tongue.,False,0,NONE
10083,yep.,False,0,NONE
10084,that's right.,False,0,NONE
10085,cheese.,False,0,NONE
10086,gruyere cheese is its name.,False,0,NONE
10087,gruyere cheese.,False,0,NONE
10088,"no, I'll peel it.",False,0,NONE
10089,"no, I'll peel it.",False,0,NONE
10090,no.,False,0,NONE
10091,"no, you cann't peel it.",False,0,NONE
10092,what's that man doing?,True,1,MQ_OBJ
10093,sitting?,False,0,NONE
10094,is it one man?,False,0,NONE
10095,not two mens.,False,0,NONE
10096,just one man.,False,0,NONE
10097,you want another man?,False,0,NONE
10098,where?,False,0,NONE
10099,"men, please.",False,0,NONE
10100,where will I get them?,True,1,MQ_ADJUNCT
10101,in what box?,False,0,NONE
10102,another piece of cheese *NULL* to make another man?,True,1,RC_SUBJ
10103,will you eat it?,False,0,NONE
10104,"well, I hope so.",False,0,NONE
10105,men.,False,0,NONE
10106,men.,False,0,NONE
10107,you say men.,False,0,NONE
10108,with my cheese?,False,0,NONE
10109,I 'm going To eat my cheese.,False,0,NONE
10110,I 'm not going To play with it.,False,0,NONE
10111,I hear you.,False,0,NONE
10112,you want some more?,False,0,NONE
10113,you have some.,False,0,NONE
10114,pepper?,False,0,NONE
10115,"not on tapioca, Eve.",False,0,NONE
10116,you put pepper on soup.,False,0,NONE
10117,you don't put pepper on tapioca.,False,0,NONE
10118,"no, you don't do that.",False,0,NONE
10119,what?,False,0,NONE
10120,right here what?,False,0,NONE
10121,"right here by your plate, what?",False,0,NONE
10122,"what do you want there, please?",True,1,MQ_OBJ
10123,you already have it right there.,False,0,NONE
10124,uhhuh.,False,0,NONE
10125,"yes, that's the right end of the spoon.",False,0,NONE
10126,cut what in little pieces?,False,0,NONE
10127,what?,False,0,NONE
10128,I already cut it in little pieces.,False,0,NONE
10129,hunm.,False,0,NONE
10130,see you biting it that way.,False,0,NONE
10131,you're chewing it up with your teeth.,False,0,NONE
10132,"that's not clay, Eve.",False,0,NONE
10133,that's cheese.,False,0,NONE
10134,you cann't squeeze it and make a man.,False,0,NONE
10135,with clay you can.,False,0,NONE
10136,but that's cheese.,False,0,NONE
10137,"it's not clay, no.",False,0,NONE
10138,the clay's in the toy box.,False,0,NONE
10139,the clay is in the toy box.,False,0,NONE
10140,when?,False,0,NONE
10141,"it's in a bag, yeah.",False,0,NONE
10142,not now.,False,0,NONE
10143,you're having lunch.,False,0,NONE
10144,no.,False,0,NONE
10145,when you wake up from your nap you can have clay.,True,1,EQ_ADJUNCT
10146,to eat it?,False,0,NONE
10147,no.,False,0,NONE
10148,you don't eat clay.,False,0,NONE
10149,it's not to chew on either.,False,0,NONE
10150,it's to play with.,False,0,NONE
10151,you squeeze clay and make things.,False,0,NONE
10152,uhhuh.,False,0,NONE
10153,uhhuh.,False,0,NONE
10154,what kind of man do you want?,True,1,MQ_OBJ
10155,hmm?,False,0,NONE
10156,"no, what?",False,0,NONE
10157,hunm.,False,0,NONE
10158,what else did Papa make with the clay?,True,1,MQ_OBJ
10159,what did Papa make with the clay?,True,1,MQ_OBJ
10160,"a dog, yeah.",False,0,NONE
10161,what else did Papa make?,True,1,MQ_OBJ
10162,"a dinosaur, yes.",False,0,NONE
10163,yes.,False,0,NONE
10164,he didn't make what?,False,0,NONE
10165,"no, he made one dog.",False,0,NONE
10166,he made one dog.,False,0,NONE
10167,hmm?,False,0,NONE
10168,he was going to make another one?,False,0,NONE
10169,maybe after you wake up from your nap if you ask him.,True,2,EQ_POLAR
10170,"please, Papa.",False,0,NONE
10171,maybe he'd make you another one.,False,0,NONE
10172,yes.,False,0,NONE
10173,"okay, let's go.",False,0,NONE
10174,"no, Fraser willn't take you up.",False,0,NONE
10175,he's going To sit right here for a minute.,False,0,NONE
10176,and we'll be right back.,False,0,NONE
10177,"hi, Eve.",False,0,NONE
10178,"no, I'll be back here again in a fortnight.",False,0,NONE
10179,"I come one week, then I don't come the next one",False,0,NONE
10180,then I come the one after that and that makes a fortnight.,False,0,NONE
10181,two weeks make a fortnight.,False,0,NONE
10182,that's right.,False,0,NONE
10183,it's two weeks.,False,0,NONE
10184,two weeks.,False,0,NONE
10185,you cann't see it.,False,0,NONE
10186,it's not something *NULL* you see.,True,1,RC_OBJ
10187,no.,False,0,NONE
10188,you cann't see it.,False,0,NONE
10189,you cann't see it.,False,0,NONE
10190,even Mom cann't see it.,False,0,NONE
10191,Fraser cann't see it either.,False,0,NONE
10192,Cromer either.,False,0,NONE
10193,it's time.,False,0,NONE
10194,two weeks is time.,False,0,NONE
10195,uhhuh.,False,0,NONE
10196,turn on what?,False,0,NONE
10197,"what, darling?",False,0,NONE
10198,what?,False,0,NONE
10199,the fan?,False,0,NONE
10200,why do you want that on?,True,1,MQ_ADJUNCT
10201,you want to hear it?,False,0,NONE
10202,there.,False,0,NONE
10203,"no, we don't need the fan on today.",False,0,NONE
10204,we?,False,0,NONE
10205,who else?,False,0,NONE
10206,I don't wanT To hear it.,False,0,NONE
10207,"Fraser, do you wanT To hear it?",False,0,NONE
10208,I don't particularly like fans.,False,0,NONE
10209,"Fraser doesn't want to hear it, I don't want to hear it.",False,0,NONE
10210,you don't want to hear it either.,False,0,NONE
10211,well then.,False,0,NONE
10212,I 'm very glad of that.,False,0,NONE
10213,a lot of people?,False,0,NONE
10214,"no, these people don't like the fan.",False,0,NONE
10215,are you going To eat your cracker?,False,0,NONE
10216,because if you don't eat it I will.,True,1,EQ_POLAR
10217,"well, you eat it then.",False,0,NONE
10218,just a little part of it that fell off.,True,1,RC_SUBJ
10219,you still have the big part.,False,0,NONE
10220,eat it.,False,0,NONE
10221,why not?,False,0,NONE
10222,I see you eating it.,False,0,NONE
10223,"no, you're not making a dinosaur.",False,0,NONE
10224,"oh, you're making this kind of dinosaur.",False,0,NONE
10225,see.,False,0,NONE
10226,is that a different kind from Papa's dinosaur?,False,0,NONE
10227,different kind.,False,0,NONE
10228,they don't?,False,0,NONE
10229,who?,False,0,NONE
10230,what people?,False,0,NONE
10231,"no, we don't like the fan.",False,0,NONE
10232,they're all people.,False,0,NONE
10233,they're all people.,False,0,NONE
10234,"no, they're not children.",False,0,NONE
10235,Mom and Fraser are grownups.,False,0,NONE
10236,and you're a child.,False,0,NONE
10237,you and Sarah.,False,0,NONE
10238,mhm.,False,0,NONE
10239,and who?,False,0,NONE
10240,who's daughters.,True,1,MQ_SUBJ
10241,who's that.,True,1,MQ_SUBJ
10242,what's that?,True,1,MQ_SUBJ
10243,"oh, daughters.",False,0,NONE
10244,"daughters, that's right, you and Sarah are daughters.",False,0,NONE
10245,that's right.,False,0,NONE
10246,you're a daughter and Sarah's a daughter.,False,0,NONE
10247,"no, Papa's not a daughter.",False,0,NONE
10248,Papa's the papa.,False,0,NONE
10249,Papa's the papa.,False,0,NONE
10250,we're a family.,False,0,NONE
10251,we're called a family.,False,0,NONE
10252,uhhuh.,False,0,NONE
10253,"no, not me and Cromer.",False,0,NONE
10254,me and Papa.,False,0,NONE
10255,mhm,False,0,NONE
10256,sort of.,False,0,NONE
10257,"we're, Fraser and Cromer are friends of the family.",False,0,NONE
10258,they're our friends.,False,0,NONE
10259,they're our friends.,False,0,NONE
10260,hmm?,False,0,NONE
10261,meeting once again?,False,0,NONE
10262,yes.,False,0,NONE
10263,that's from one of the books.,False,0,NONE
10264,old friends meeting once again.,False,0,NONE
10265,"hurry up and eat your lunch, sweetheart.",False,0,NONE
10266,it's time to take a nap.,False,0,NONE
10267,uhhuh.,False,0,NONE
10268,"no, Fraser's going home and have his lunch.",False,0,NONE
10269,Fraser's going to have his lunch.,False,0,NONE
10270,and Mama's going to take nap too.,False,0,NONE
10271,"on the couch, uhhuh.",False,0,NONE
10272,"she's already taking a nap, uhhuh.",False,0,NONE
10273,we all will be sleeping.,False,0,NONE
10274,"he's going to come on Tuesday, not Wednesday.",False,0,NONE
10275,in a week?,False,0,NONE
10276,"no, in two weeks.",False,0,NONE
10277,he'll come tomorrow then in two weeks.,False,0,NONE
10278,"are you finished with your lunch, dear?",False,0,NONE
10279,will you please eat it?,False,0,NONE
10280,I know you're seeing Fraser but he'll be back tomorrow.,False,0,NONE
10281,it's nap time.,False,0,NONE
10282,it certainly is.,False,0,NONE
10283,who?,False,0,NONE
10284,you may see him again tomorrow.,False,0,NONE
10285,"well, I 'm not sure if Cromer will manage or not.",True,1,EQ_POLAR
10286,Cromer may come.,False,0,NONE
10287,we have to wait and see.,False,0,NONE
10288,what is it doing?,True,1,MQ_OBJ
10289,it's dripping.,False,0,NONE
10290,water's coming out of the spigot.,False,0,NONE
10291,it's dripping,False,0,NONE
10292,out of the spigot.,False,0,NONE
10293,what happened to it in the hole?,True,1,MQ_SUBJ
10294,this?,False,0,NONE
10295,oh.,False,0,NONE
10296,is that better?,False,0,NONE
10297,hmm?,False,0,NONE
10298,squashed?,False,0,NONE
10299,"no, there.",False,0,NONE
10300,water's in there.,False,0,NONE
10301,"please, finish your lunch, Eve.",False,0,NONE
10302,what?,False,0,NONE
10303,spigot.,False,0,NONE
10304,yes.,False,0,NONE
10305,the water's dripping out of the spigot.,False,0,NONE
10306,spigot.,False,0,NONE
10307,right.,False,0,NONE
10308,spigot.,False,0,NONE
10309,"I did put lipstick on your lips, uhhuh.",False,0,NONE
10310,not this morning.,False,0,NONE
10311,not this morning.,False,0,NONE
10312,"no, not when you wake up from your nap.",True,1,EQ_ADJUNCT
10313,we only do that in the morning.,False,0,NONE
10314,in the morning.,False,0,NONE
10315,in the morning.,False,0,NONE
10316,good morning to you.,False,0,NONE
10317,good morning.,False,0,NONE
10318,not in there.,False,0,NONE
10319,I already did make tapioca for you.,False,0,NONE
10320,do you want more?,False,0,NONE
10321,I should think not.,False,0,NONE
10322,what?,False,0,NONE
10323,it's staying in the spigot?,False,0,NONE
10324,the reason is I turned it off.,False,0,NONE
10325,it's not dripping any more.,False,0,NONE
10326,it's not dripping any more.,False,0,NONE
10327,I turned it off.,False,0,NONE
10328,no.,False,0,NONE
10329,it's not supposed to drip.,False,0,NONE
10330,I 'm not going to turn it and let you see it drip.,False,0,NONE
10331,it's not supposed to drip.,False,0,NONE
10332,it's supposed to stay right in the spigot.,False,0,NONE
10333,"come on, hurry up.",False,0,NONE
10334,"yes, I know.",False,0,NONE
10335,"yes, tomorrow he's coming back.",False,0,NONE
10336,he'll come back tomorrow morning.,False,0,NONE
10337,yep.,False,0,NONE
10338,no.,False,0,NONE
10339,after he leaves tomorrow he'll come in a fortnight.,False,0,NONE
10340,after he leaves tomorrow he'll be back in a fortnight.,False,0,NONE
10341,I know.,False,0,NONE
10342,it's going To come down.,False,0,NONE
10343,"they're short sleeves, that's right.",False,0,NONE
10344,I have round sleeves?,False,0,NONE
10345,"yes, they got folded up.",False,0,NONE
10346,yes.,False,0,NONE
10347,yours are short.,False,0,NONE
10348,they're supposed to be short.,False,0,NONE
10349,I know you cann't pull them down.,False,0,NONE
10350,yep.,False,0,NONE
10351,"what, dear?",False,0,NONE
10352,what?,False,0,NONE
10353,"yes, you may play with the peg toy.",False,0,NONE
10354,"hi, Eve.",False,0,NONE
10355,you been having fun outside?,False,0,NONE
10356,"they're holes, uhhuh.",False,0,NONE
10357,I'll be right back in just a second.,False,0,NONE
10358,your Mom'll be right back.,False,0,NONE
10359,she's just gone to see how Sarah is.,True,1,EQ_ADJUNCT
10360,yes.,False,0,NONE
10361,she woke up from her nap.,False,0,NONE
10362,"yes, we are going to put a dry diaper on her.",False,0,NONE
10363,"hi, dirty feet.",False,0,NONE
10364,I don't want it.,False,0,NONE
10365,"please, take it in the kitchen and put it on the counter.",False,0,NONE
10366,"oh, you want some more?",False,0,NONE
10367,"well, ask Papa if.",True,1,EQ_POLAR
10368,what?,False,0,NONE
10369,here what?,False,0,NONE
10370,"please, what?",False,0,NONE
10371,you're going to sit in the chair and watch me.,False,0,NONE
10372,okay.,False,0,NONE
10373,have what in your chair?,False,0,NONE
10374,"well, I don't know what he's doing.",True,1,EQ_OBJ
10375,what is he doing?,True,1,MQ_OBJ
10376,you forgot to ask him.,False,0,NONE
10377,"yes, you do have a bandaid.",False,0,NONE
10378,I wonder if it's feeling better in the band aid.,True,1,EQ_POLAR
10379,is it?,False,0,NONE
10380,we'll leave the bandaid on.,False,0,NONE
10381,for a little while.,False,0,NONE
10382,you want it off?,False,0,NONE
10383,it'll get well with the bandaid on.,False,0,NONE
10384,can I take the bandaid off.,False,0,NONE
10385,let's leave it on for a little while.,False,0,NONE
10386,alright.,False,0,NONE
10387,just a minute till I change Sarah's diaper.,False,0,NONE
10388,"oh, it's not that painful.",False,0,NONE
10389,I don't think you have to groan so.,False,0,NONE
10390,will you please sit down in your chair?,False,0,NONE
10391,hold still.,False,0,NONE
10392,there.,False,0,NONE
10393,"oh, it is better.",False,0,NONE
10394,"yes, it will.",False,0,NONE
10395,sure.,False,0,NONE
10396,how's your thumb?,True,1,MQ_ADJUNCT
10397,"oh, that's almost well.",False,0,NONE
10398,did you suck your other thumb last night?,False,0,NONE
10399,did you?,False,0,NONE
10400,good.,False,0,NONE
10401,because this one's almost well.,False,0,NONE
10402,"oh, barefoot.",False,0,NONE
10403,how's your foot?,True,1,MQ_ADJUNCT
10404,"oh, it looks quite good.",False,0,NONE
10405,"I think it's better, isn't it?",False,0,NONE
10406,"oh, it's not?",False,0,NONE
10407,I think it's almost better.,False,0,NONE
10408,yep.,False,0,NONE
10409,is that what you're going to do?,True,1,EQ_OBJ
10410,that's very nice of you.,False,0,NONE
10411,alright.,False,0,NONE
10412,I'll take his cup.,False,0,NONE
10413,"don't play on our new chair, please.",False,0,NONE
10414,don't play on the chair.,False,0,NONE
10415,not that way.,False,0,NONE
10416,you get on the chair around in the front.,False,0,NONE
10417,"not over the arms, my dear.",False,0,NONE
10418,that's right.,False,0,NONE
10419,"oh, you can get out but not over the arms.",False,0,NONE
10420,you go out the same way you got in.,False,0,NONE
10421,what is he doing over there?,True,1,MQ_OBJ
10422,bath in the bath?,False,0,NONE
10423,bapc?,False,0,NONE
10424,what's a bapc?,True,1,MQ_OBJ
10425,what is?,False,0,NONE
10426,show me a bapc.,False,0,NONE
10427,"oh, you're silly.",False,0,NONE
10428,that's not a bapc.,False,0,NONE
10429,he's sitting on it?,False,0,NONE
10430,he's not sitting on that.,False,0,NONE
10431,who's sitting on that?,True,1,MQ_SUBJ
10432,Fraser's not sitting on it.,False,0,NONE
10433,and it's not a bapc.,False,0,NONE
10434,no.,False,0,NONE
10435,you can get on that but not on our chair.,False,0,NONE
10436,get around in the front and get in if you want in.,True,1,EQ_POLAR
10437,not that side and not the other side.,False,0,NONE
10438,the front.,False,0,NONE
10439,the front.,False,0,NONE
10440,round in the front by the pillow.,False,0,NONE
10441,that's how you get in.,True,1,EQ_ADJUNCT
10442,not that pillow.,False,0,NONE
10443,the other pillow.,False,0,NONE
10444,"that one, yes.",False,0,NONE
10445,round in front.,False,0,NONE
10446,"well, then don't get in the chair.",False,0,NONE
10447,I 'm making coffee.,False,0,NONE
10448,coffee.,False,0,NONE
10449,what're you doing?,True,1,MQ_OBJ
10450,"well, what are they doing?",True,1,MQ_OBJ
10451,they are writing.,False,0,NONE
10452,"well, get it.",False,0,NONE
10453,you know where it is.,True,1,EQ_ADJUNCT
10454,right there where it always is.,False,0,NONE
10455,"you may use that one, uhhuh.",False,0,NONE
10456,"oh, this way.",False,0,NONE
10457,that's very good.,False,0,NONE
10458,would you like to write one on the next page?,False,0,NONE
10459,"what are you doing, Eve?",True,1,MQ_OBJ
10460,what are you writing?,True,1,MQ_OBJ
10461,"where's your pad, Eve?",True,1,MQ_ADJUNCT
10462,"well, I see that you are.",False,0,NONE
10463,but where is yours?,True,1,EQ_ADJUNCT
10464,"well, how about I give you a new pad?",False,0,NONE
10465,would you like a new pad?,False,0,NONE
10466,well here.,False,0,NONE
10467,a brand new pad.,False,0,NONE
10468,you forget something though.,False,0,NONE
10469,you don't just tell him to move.,False,0,NONE
10470,"yeah, that'd be a good idea.",False,0,NONE
10471,would like a a cushion behind you?,False,0,NONE
10472,that's very clever of you.,False,0,NONE
10473,that's very good.,False,0,NONE
10474,oh.,False,0,NONE
10475,did she have a boot?,False,0,NONE
10476,I don't know.,False,0,NONE
10477,where is it?,True,1,MQ_ADJUNCT
10478,"oh, there it is.",False,0,NONE
10479,I see.,False,0,NONE
10480,okay.,False,0,NONE
10481,I'll write a lady.,False,0,NONE
10482,there.,False,0,NONE
10483,is that a lady?,False,0,NONE
10484,that's.,False,0,NONE
10485,another one?,False,0,NONE
10486,there.,False,0,NONE
10487,another one?,False,0,NONE
10488,it'll be a little one.,False,0,NONE
10489,what kind of lady.,False,0,NONE
10490,okay.,False,0,NONE
10491,a really big one.,False,0,NONE
10492,that's a big one.,False,0,NONE
10493,"I'll write it on the, when I come to the next page.",True,1,EQ_ADJUNCT
10494,uhhuh.,False,0,NONE
10495,yeah.,False,0,NONE
10496,mhm.,False,0,NONE
10497,"what have you been writing on that pad, Eve?",True,1,MQ_OBJ
10498,what have you been writing?,True,1,MQ_OBJ
10499,what?,False,0,NONE
10500,that's what I asked you.,True,1,EQ_OBJ
10501,what've you been writing?,True,1,MQ_OBJ
10502,I know he did.,False,0,NONE
10503,"well, that's just part of it.",False,0,NONE
10504,that's the sticky on the bandage.,False,0,NONE
10505,we'll wash that off tonight when we give you a bath.,True,1,EQ_ADJUNCT
10506,yeah.,False,0,NONE
10507,"hi, Eve.",False,0,NONE
10508,"oh, it's hot?",False,0,NONE
10509,"I think it's okay, isn't it?",False,0,NONE
10510,wash it off.,False,0,NONE
10511,mhm.,False,0,NONE
10512,okay.,False,0,NONE
10513,going to write al bl cl?,False,0,NONE
10514,what happened?,True,1,MQ_SUBJ
10515,"hey, nosey, I don't think it fell in the briefcase.",False,0,NONE
10516,it's right by your foot.,False,0,NONE
10517,"ah, I see it.",False,0,NONE
10518,"no, it's time for your lunch.",False,0,NONE
10519,you're going To have milk.,False,0,NONE
10520,and a cheese sandwich yep.,False,0,NONE
10521,and yours is here already cut up.,False,0,NONE
10522,mhm.,False,0,NONE
10523,"no, it's not hot.",False,0,NONE
10524,mhm.,False,0,NONE
10525,hmm?,False,0,NONE
10526,what was in a bag?,True,1,MQ_SUBJ
10527,the chair?,False,0,NONE
10528,the chair came in a big box.,False,0,NONE
10529,"the chair came in a big box, not a bag.",False,0,NONE
10530,nope.,False,0,NONE
10531,Papa already has his.,False,0,NONE
10532,that's for me.,False,0,NONE
10533,already has his.,False,0,NONE
10534,I 'm going to give her milk.,False,0,NONE
10535,yep.,False,0,NONE
10536,I 'm not going To make noise.,False,0,NONE
10537,yep.,False,0,NONE
10538,yep.,False,0,NONE
10539,she'll make noise with her bottle probably.,False,0,NONE
10540,"come on, Sarah.",False,0,NONE
10541,make some noise.,False,0,NONE
10542,Eve wants to hear you.,False,0,NONE
10543,come on.,False,0,NONE
10544,she doesn't seem to want a bottle.,False,0,NONE
10545,she has to drink it first before she can make the noise.,False,0,NONE
10546,"what do you want, Sarah dear?",True,1,MQ_OBJ
10547,it's time for lunch.,False,0,NONE
10548,aren't you hungry?,False,0,NONE
10549,Eve's hungry.,False,0,NONE
10550,Mom's hungry.,False,0,NONE
10551,she must not be.,False,0,NONE
10552,I know.,False,0,NONE
10553,I think she'd probably like to have a cheese sandwich too.,False,0,NONE
10554,"well, when gets a little bigger she can have one.",True,1,EQ_ADJUNCT
10555,when?,False,0,NONE
10556,on Saturday when I had my hammer?,False,0,NONE
10557,"oh, that's right.",False,0,NONE
10558,he was lying on the couch then.,False,0,NONE
10559,but he's not now.,False,0,NONE
10560,I don't know.,False,0,NONE
10561,what are you doing?,True,1,MQ_OBJ
10562,"eating your lunch, I think.",False,0,NONE
10563,"yes, maam.",False,0,NONE
10564,"yes, you're maam.",False,0,NONE
10565,why aren't you a maam?,True,1,MQ_ADJUNCT
10566,"oh, because you're Eve Cummings?",False,0,NONE
10567,oh alright.,False,0,NONE
10568,that's alright.,False,0,NONE
10569,where is Eve Cummings?,True,1,MQ_ADJUNCT
10570,"she doesn't want her milk, no.",False,0,NONE
10571,you're doing what with them?,False,0,NONE
10572,they're not talking.,False,0,NONE
10573,they didn't say a thing.,False,0,NONE
10574,they're being very quiet.,False,0,NONE
10575,they're being very quiet.,False,0,NONE
10576,that'd be nice.,False,0,NONE
10577,you be very quiet too.,False,0,NONE
10578,you will hear her.,False,0,NONE
10579,yes.,False,0,NONE
10580,she is doing it again.,False,0,NONE
10581,"well, sort of.",False,0,NONE
10582,she's leaning back.,False,0,NONE
10583,she's not really laying down.,False,0,NONE
10584,leaning back in Mama's arms.,False,0,NONE
10585,what is he doing?,True,1,MQ_OBJ
10586,"yes, he is.",False,0,NONE
10587,"he is, he is.",False,0,NONE
10588,"well, he's not going To put them away.",False,0,NONE
10589,he's wearing them.,False,0,NONE
10590,he's going To leave them on.,False,0,NONE
10591,what is he doing?,True,1,MQ_OBJ
10592,hello.,False,0,NONE
10593,"yes, he does, doesn't he?",False,0,NONE
10594,he's funny?,False,0,NONE
10595,don't you like his glasses?,False,0,NONE
10596,"oh, I 'm getting Sarah some rattles.",False,0,NONE
10597,"there, does that make you happy?",False,0,NONE
10598,he looks funny.,False,0,NONE
10599,"well, he'll keep them off then.",False,0,NONE
10600,he willn't wear them.,False,0,NONE
10601,no.,False,0,NONE
10602,I don't know.,False,0,NONE
10603,ask him.,False,0,NONE
10604,putting your finger in your sandwich.,False,0,NONE
10605,I see.,False,0,NONE
10606,I 'm not going To tell him.,False,0,NONE
10607,you ask him.,False,0,NONE
10608,"no, I don't wanT To know.",False,0,NONE
10609,I don't want to know whether he has glasses.,True,1,EQ_POLAR
10610,you do.,False,0,NONE
10611,you ask him.,False,0,NONE
10612,"no, I don't have any glasses.",False,0,NONE
10613,no.,False,0,NONE
10614,I know he did.,False,0,NONE
10615,he doesn't have glasses.,False,0,NONE
10616,just Cromer has glasses.,False,0,NONE
10617,Did he buy them all by himself?,False,0,NONE
10618,Probably.,False,0,NONE
10619,sometimes he wears them.,False,0,NONE
10620,have what?,False,0,NONE
10621,"yes, we all have glasses.",False,0,NONE
10622,come on.,False,0,NONE
10623,hurry up.,False,0,NONE
10624,watch your feet.,False,0,NONE
10625,we'll be right back.,False,0,NONE
10626,okay.,False,0,NONE
10627,Father and Fraser continue talking after Eve and Mother return.,False,0,NONE
10628,don't?,False,0,NONE
10629,what was he doing?,True,1,MQ_OBJ
10630,what's he doing?,True,1,MQ_OBJ
10631,"well, cann't he listen to Papa?",False,0,NONE
10632,why not?,False,0,NONE
10633,"well, he's being quiet when they're talking.",True,1,EQ_ADJUNCT
10634,like you're supposed to be.,False,0,NONE
10635,he just listens.,False,0,NONE
10636,he doesn't say anything.,False,0,NONE
10637,and not interrupt.,False,0,NONE
10638,just like Eve.,False,0,NONE
10639,that's right.,False,0,NONE
10640,you want somebody?,False,0,NONE
10641,who?,False,0,NONE
10642,you want Sarah?,False,0,NONE
10643,on your lap?,False,0,NONE
10644,"well, there's not room in the highchair.",False,0,NONE
10645,after you have your lunch?,False,0,NONE
10646,where's what?,True,1,MQ_ADJUNCT
10647,"oh, your scratch.",False,0,NONE
10648,here it is right here.,False,0,NONE
10649,feed the baby first?,False,0,NONE
10650,"oh, that's mine.",False,0,NONE
10651,that's my grape juice.,False,0,NONE
10652,here.,False,0,NONE
10653,do you wanT To peepee before you go and have your grape,False,0,NONE
10654,alright then.,False,0,NONE
10655,you tell me.,False,0,NONE
10656,you want a cookie?,False,0,NONE
10657,how about a Graham cracker instead?,False,0,NONE
10658,what kind of cookies?,False,0,NONE
10659,hmm.,False,0,NONE
10660,the chocolate cookie.,False,0,NONE
10661,alright.,False,0,NONE
10662,you're going To eat it in the kitchen?,False,0,NONE
10663,why don't you eat it on the table?,True,1,MQ_ADJUNCT
10664,Fraser would like to see you.,False,0,NONE
10665,the lady did come with Fraser.,False,0,NONE
10666,her name's Gloria.,False,0,NONE
10667,her name's Gloria.,False,0,NONE
10668,peek in there at her.,False,0,NONE
10669,see her?,False,0,NONE
10670,there she is.,False,0,NONE
10671,she's going To have coffee with us.,False,0,NONE
10672,she's going To have coffee with us.,False,0,NONE
10673,and you're going To have your grape juice.,False,0,NONE
10674,right.,False,0,NONE
10675,what?,False,0,NONE
10676,you're peeking at her again?,False,0,NONE
10677,"well, peek around.",False,0,NONE
10678,she's here.,False,0,NONE
10679,Gloria.,False,0,NONE
10680,Gloria.,False,0,NONE
10681,can you say that?,False,0,NONE
10682,that's right.,False,0,NONE
10683,"well, not that little glass.",False,0,NONE
10684,you drink it out of your cup right now.,False,0,NONE
10685,"no, you don't need a glass.",False,0,NONE
10686,drink it out of your cup.,False,0,NONE
10687,who?,False,0,NONE
10688,"well, you don't need your glass.",False,0,NONE
10689,you can drink it out of your cup because it's already dirty.,False,0,NONE
10690,that's right.,False,0,NONE
10691,it's Gloria.,False,0,NONE
10692,"oh, you're not going to see Gloria.",False,0,NONE
10693,"well, you can just see Fraser.",False,0,NONE
10694,yes.,False,0,NONE
10695,yep.,False,0,NONE
10696,that's who it is.,True,1,EQ_OBJ
10697,hmm?,False,0,NONE
10698,where is she?,True,1,MQ_ADJUNCT
10699,"oh, look what I've got.",True,1,EQ_OBJ
10700,what's this?,True,1,MQ_OBJ
10701,what is that?,True,1,MQ_OBJ
10702,what's that?,True,1,MQ_OBJ
10703,it's an airplane.,False,0,NONE
10704,does it work?,False,0,NONE
10705,who fixed it for you?,True,1,MQ_SUBJ
10706,Papa.,False,0,NONE
10707,come show it to me.,False,0,NONE
10708,I don't know how to use it.,True,1,EQ_ADJUNCT
10709,he did?,False,0,NONE
10710,"and it's just for you, is it?",False,0,NONE
10711,"and what do you do with the plane, Eve?",True,1,EQ_OBJ
10712,let me see.,False,0,NONE
10713,let me see you do it.,False,0,NONE
10714,"hi, Eve.",False,0,NONE
10715,"what's this, Eve?",True,1,MQ_OBJ
10716,what's this?,True,1,MQ_OBJ
10717,"what do you do with it, Eve?",True,1,MQ_OBJ
10718,what is that?,True,1,MQ_OBJ
10719,"Eve, do you have a sister or a brother?",False,0,NONE
10720,Becky's not feeling very well.,False,0,NONE
10721,Becky has an upset tummy today.,False,0,NONE
10722,Cathy too.,False,0,NONE
10723,Cathy's not feeling very well,False,0,NONE
10724,and Becky's not feeling very well nor Margaret.,False,0,NONE
10725,they all have upset tummies.,False,0,NONE
10726,"yes, they'll get better and then you may play.",False,0,NONE
10727,not today though.,False,0,NONE
10728,they're not feeling well.,False,0,NONE
10729,"well, is that the way you ask for it?",False,0,NONE
10730,no.,False,0,NONE
10731,I 'm going To drink that grape juice.,False,0,NONE
10732,you may have some more though.,False,0,NONE
10733,it's all the same grape juice.,False,0,NONE
10734,that's not a very good thing to eat.,False,0,NONE
10735,"no, it's a new jar.",False,0,NONE
10736,it's not a new kind.,False,0,NONE
10737,it's the same old kind but I just put it in a different jar today,False,0,NONE
10738,"oh, it's right here.",False,0,NONE
10739,I've got a book here.,False,0,NONE
10740,"that's your gingerbread man, is it?",False,0,NONE
10741,do you like the gingerbread man?,False,0,NONE
10742,you do?,False,0,NONE
10743,where is he?,True,1,MQ_ADJUNCT
10744,I do not see him.,False,0,NONE
10745,I just see a house with a lady and a farmer and a barn and a,False,0,NONE
10746,do you know where he is?,True,1,EQ_ADJUNCT
10747,come show it to me?,False,0,NONE
10748,help me find it.,False,0,NONE
10749,I bet you know where it is.,True,1,EQ_ADJUNCT
10750,there he is.,False,0,NONE
10751,where did he come from?,True,1,MQ_ADJUNCT
10752,"oh, he does?",False,0,NONE
10753,and then what does he do?,True,1,EQ_OBJ
10754,he put his hat on?,False,0,NONE
10755,yes.,False,0,NONE
10756,what's he doing there?,True,1,MQ_OBJ
10757,trying to catch him?,False,0,NONE
10758,"oh, look at that.",False,0,NONE
10759,what is that?,True,1,MQ_OBJ
10760,a horse?,False,0,NONE
10761,that looks like a little baby cow.,False,0,NONE
10762,and that's a cow.,False,0,NONE
10763,wunning.,False,0,NONE
10764,where's he wunning to?,True,1,MQ_ADJUNCT
10765,how many farmers?,False,0,NONE
10766,they have their hats on.,False,0,NONE
10767,where's the gingerbread man?,True,1,MQ_ADJUNCT
10768,there he is.,False,0,NONE
10769,and what's he doing there?,True,1,EQ_OBJ
10770,"going on the, going where?",False,0,NONE
10771,on the fox's tail?,False,0,NONE
10772,"oh yes, he is.",False,0,NONE
10773,he's going on the fox's tail.,False,0,NONE
10774,"he's on the back, is he?",False,0,NONE
10775,now he's back?,False,0,NONE
10776,what's he doing there?,True,1,MQ_OBJ
10777,and that's the end of the gingerbread man.,False,0,NONE
10778,that's a nice story.,False,0,NONE
10779,tell me about that.,False,0,NONE
10780,what's that one?,True,1,MQ_OBJ
10781,a what?,False,0,NONE
10782,"tell me what it is again, Eve.",True,1,EQ_OBJ
10783,it's a burro.,False,0,NONE
10784,which story do you like best?,True,1,MQ_OBJ
10785,which book do you like the best?,True,1,MQ_OBJ
10786,what's that?,True,1,MQ_OBJ
10787,clothes are all around the yard.,False,0,NONE
10788,do you know who the lady is?,True,1,EQ_OBJ
10789,"that's Mrs Mitchell, is not it?",False,0,NONE
10790,Susan Mitchell?,False,0,NONE
10791,"oh, there's Susan Mitchell.",False,0,NONE
10792,who is the little boy?,True,1,MQ_OBJ
10793,the Papa?,False,0,NONE
10794,"oh, your Papa's in there.",False,0,NONE
10795,what's he doing there?,True,1,MQ_OBJ
10796,he working.,False,0,NONE
10797,what did you do this morning?,True,1,MQ_OBJ
10798,"where did you go this morning, Eve?",True,1,MQ_ADJUNCT
10799,did you go away this morning?,False,0,NONE
10800,you was gone away.,False,0,NONE
10801,and where was you gone?,False,0,NONE
10802,to get a new paper.,False,0,NONE
10803,newspaper.,False,0,NONE
10804,I don't know.,False,0,NONE
10805,where is it?,True,1,MQ_ADJUNCT
10806,there it is.,False,0,NONE
10807,did you get your picture taken?,False,0,NONE
10808,what happened when they took your picture?,True,2,EQ_ADJUNCT;MQ_SUBJ
10809,"oh, they took pictures of Papa.",False,0,NONE
10810,where were you when they took pictures of Papa?,True,2,EQ_ADJUNCT;MQ_ADJUNCT
10811,I know she's wiping up that.,False,0,NONE
10812,"hi, Eve.",False,0,NONE
10813,what are you doing over there?,True,1,MQ_OBJ
10814,hmm?,False,0,NONE
10815,"oh, you were telling me the story about the burro, weren't you?",False,0,NONE
10816,you finished that story.,False,0,NONE
10817,that was a nice story.,False,0,NONE
10818,let me see that one.,False,0,NONE
10819,what is that?,True,1,MQ_OBJ
10820,Humm.,False,0,NONE
10821,very good very good Eve.,False,0,NONE
10822,you tell me the story about Humm.,False,0,NONE
10823,what is Humm?,True,1,MQ_OBJ
10824,does he sing a song?,False,0,NONE
10825,what's Humm doing here?,True,1,MQ_OBJ
10826,"oh, he's eating a banana.",False,0,NONE
10827,what's he doing here?,True,1,MQ_OBJ
10828,eating parsley.,False,0,NONE
10829,what's he eating?,True,1,MQ_OBJ
10830,"say girl, Eve.",False,0,NONE
10831,say girl.,False,0,NONE
10832,what's Humm doing there?,True,1,MQ_OBJ
10833,is she looking at something?,False,0,NONE
10834,he's looking at you.,False,0,NONE
10835,and what's Humm doing there?,True,1,EQ_OBJ
10836,eating bacon.,False,0,NONE
10837,yes.,False,0,NONE
10838,"oh, what's that, Eve?",True,1,MQ_ADJUNCT
10839,who are all these people?,True,1,MQ_OBJ
10840,eating lunch.,False,0,NONE
10841,what happened over there?,True,1,MQ_SUBJ
10842,"oh, that fell down.",False,0,NONE
10843,what was in it?,True,1,MQ_SUBJ
10844,"what happened to it, Eve?",True,1,MQ_SUBJ
10845,fell down.,False,0,NONE
10846,what's that little boy doing?,True,1,MQ_OBJ
10847,why?,False,0,NONE
10848,"and what's that little girl doing, Eve?",True,1,EQ_OBJ
10849,why?,False,0,NONE
10850,what are the children doing here?,True,1,MQ_OBJ
10851,"oh, they're trying to find Humm.",False,0,NONE
10852,what happened to Humm?,True,1,MQ_SUBJ
10853,he did.,False,0,NONE
10854,why did he go to school?,True,1,MQ_ADJUNCT
10855,he he's not there?,False,0,NONE
10856,"something fell on the floor, did not it?",False,0,NONE
10857,the boy throwing something on the floor?,False,0,NONE
10858,what do you think he's doing?,True,1,EQ_OBJ
10859,he's trying to put the toys on the girl.,False,0,NONE
10860,who are these people?,True,1,MQ_OBJ
10861,"why are they sad, Eve?",True,1,MQ_ADJUNCT
10862,and they're sad?,False,0,NONE
10863,why not?,False,0,NONE
10864,that's right.,False,0,NONE
10865,you are a good girl.,False,0,NONE
10866,you are.,False,0,NONE
10867,they eating lunch.,False,0,NONE
10868,who are those people?,True,1,MQ_OBJ
10869,girls and boys?,False,0,NONE
10870,show me the girls.,False,0,NONE
10871,show me the boys.,False,0,NONE
10872,what are the girls and boys doing?,True,1,MQ_OBJ
10873,they're trying to find Humm.,False,0,NONE
10874,they're peeking out of the kitchen door.,False,0,NONE
10875,what does Humm have there?,True,1,MQ_OBJ
10876,he has a Hummburger.,False,0,NONE
10877,what's in the Hummburger?,True,1,MQ_SUBJ
10878,I see a lot of food there.,False,0,NONE
10879,what kind of food is in the Hamburger?,True,1,MQ_SUBJ
10880,let's see.,False,0,NONE
10881,what's this?,True,1,MQ_OBJ
10882,we have bacon and banana and parsley and bread.,False,0,NONE
10883,all kinds a things.,False,0,NONE
10884,and a banana.,False,0,NONE
10885,and a banana.,False,0,NONE
10886,would you like to eat all that?,False,0,NONE
10887,me neither.,False,0,NONE
10888,"hi, Eve.",False,0,NONE
10889,did you tell Gloria the story?,False,0,NONE
10890,here's your grape juice.,False,0,NONE
10891,and they're all the things in the toy shop.,False,0,NONE
10892,some ball?,False,0,NONE
10893,and what's that?,True,1,EQ_OBJ
10894,what do you do in a boat?,True,1,MQ_OBJ
10895,you fly it?,False,0,NONE
10896,what do you do then?,True,1,MQ_OBJ
10897,you swim it.,False,0,NONE
10898,ah.,False,0,NONE
10899,what do you do with it?,True,1,MQ_OBJ
10900,do you want go swimming with me?,False,0,NONE
10901,my little boy is going swimming.,False,0,NONE
10902,oh yes.,False,0,NONE
10903,"yes, we have to wipe it up.",False,0,NONE
10904,all gone.,False,0,NONE
10905,where did it go?,True,1,MQ_ADJUNCT
10906,it's in your tummy.,False,0,NONE
10907,she is indeed.,False,0,NONE
10908,very much awake.,False,0,NONE
10909,"oh, I hear a great big army tramping through the house.",False,0,NONE
10910,must be lots and lots of soldiers making all that noise.,False,0,NONE
10911,"who could that be making all that noise, Colin?",True,1,MQ_SUBJ
10912,I don't know who's making all that noise?,True,1,EQ_SUBJ
10913,who was making all that noise?,True,1,MQ_SUBJ
10914,hmm.,False,0,NONE
10915,"Sarah, who's making that noise.",True,1,MQ_SUBJ
10916,you?,False,0,NONE
10917,what're you doing.,True,1,MQ_OBJ
10918,"well, I 'm glad.",False,0,NONE
10919,who's the little girl?,True,1,MQ_SUBJ
10920,who's that little girl?,True,1,MQ_SUBJ
10921,who's that little baby?,True,1,MQ_SUBJ
10922,that's Sarah?,False,0,NONE
10923,is she?,False,0,NONE
10924,what does your baby sister do?,True,1,MQ_OBJ
10925,she does?,False,0,NONE
10926,what else does she do?,True,1,MQ_OBJ
10927,does she cry?,False,0,NONE
10928,does she laugh?,False,0,NONE
10929,what else does she do?,True,1,MQ_OBJ
10930,she does?,False,0,NONE
10931,who?,False,0,NONE
10932,what's Sarah doing now?,True,1,MQ_OBJ
10933,"yes, I saw.",False,0,NONE
10934,what's your Mommy doing?,True,1,MQ_OBJ
10935,making a what for you?,False,0,NONE
10936,with the green needle.,False,0,NONE
10937,what're you doing?,True,1,MQ_OBJ
10938,"you've got your back at the door now, don't you?",False,0,NONE
10939,what's that?,True,1,MQ_OBJ
10940,"oh, a dingdong dell.",False,0,NONE
10941,what's that?,True,1,MQ_OBJ
10942,a what?,False,0,NONE
10943,"oh, a cart.",False,0,NONE
10944,what?,False,0,NONE
10945,what is it?,True,1,MQ_OBJ
10946,what is it?,True,1,MQ_OBJ
10947,"what is that, something *NULL* the man has?",True,2,MQ_OBJ;RC_OBJ
10948,isn't it a cart?,False,0,NONE
10949,I think it's a cart.,False,0,NONE
10950,"well, I know you said it wasn't but what is it?",True,1,MQ_OBJ
10951,"well, I 'm aware of that.",False,0,NONE
10952,you look like a turtle.,False,0,NONE
10953,you look like a turtle with a big shell on your back.,False,0,NONE
10954,"you don't have a shell, do you?",False,0,NONE
10955,oh?,False,0,NONE
10956,I think not.,False,0,NONE
10957,it's almost time to have lunch.,False,0,NONE
10958,there it goes.,False,0,NONE
10959,"what's it doing, Eve?",True,1,MQ_OBJ
10960,"did you go on the subway train, Eve?",False,0,NONE
10961,where did you go?,True,1,MQ_ADJUNCT
10962,"what are you doing, Eve?",True,1,MQ_OBJ
10963,what happened to you?,True,1,MQ_SUBJ
10964,what happened to you again?,True,1,MQ_SUBJ
10965,and what happened to you?,True,1,EQ_SUBJ
10966,"show me what to do with this, Eve.",True,1,EQ_OBJ
10967,I don't know what to do with that.,True,1,EQ_OBJ
10968,what does it do?,True,1,MQ_OBJ
10969,too quickly.,False,0,NONE
10970,"well, not really too quickly.",False,0,NONE
10971,hi.,False,0,NONE
10972,how did you get down the stairs so fast?,True,1,MQ_ADJUNCT
10973,where's the airplane?,True,1,MQ_ADJUNCT
10974,show it to me again.,False,0,NONE
10975,"what did it do, Eve?",True,1,MQ_OBJ
10976,"well, one more time only.",False,0,NONE
10977,this is the last one.,False,0,NONE
10978,here it comes.,False,0,NONE
10979,where did it go?,True,1,MQ_ADJUNCT
10980,and who did it hit?,True,1,EQ_OBJ
10981,it hit me.,False,0,NONE
10982,let's see you do it.,False,0,NONE
10983,is it flying now?,False,0,NONE
10984,where's it going?,True,1,MQ_ADJUNCT
10985,okay.,False,0,NONE
10986,there.,False,0,NONE
10987,what's Colin doing?,True,1,MQ_OBJ
10988,what's Fraser doing?,True,1,MQ_OBJ
10989,"oh, I 'm sorry.",False,0,NONE
10990,I'll keep my finger off her.,False,0,NONE
10991,what?,False,0,NONE
10992,two what?,False,0,NONE
10993,okay.,False,0,NONE
10994,show me the ladies.,False,0,NONE
10995,"Eve, show me the ladies.",False,0,NONE
10996,very good.,False,0,NONE
10997,now show me the lady.,False,0,NONE
10998,what are you going to write?,True,1,MQ_OBJ
10999,"oh gee, what's your father doing?",True,1,MQ_OBJ
11000,"that's Colin, yes.",False,0,NONE
11001,would you like me to draw another lady for you?,False,0,NONE
11002,then we would have four.,False,0,NONE
11003,four there.,False,0,NONE
11004,what do you want me to do?,True,1,MQ_OBJ
11005,okay.,False,0,NONE
11006,yep.,False,0,NONE
11007,that's my name.,False,0,NONE
11008,Colin Fraser.,False,0,NONE
11009,and your name is Eve Cummings.,False,0,NONE
11010,"Eve, how about you write something for me.",False,0,NONE
11011,"okay, I'll do that.",False,0,NONE
11012,how many fingers do you have?,True,1,MQ_OBJ
11013,"they're dirty, are they?",False,0,NONE
11014,the dirty fingers.,False,0,NONE
11015,"what're you doing, Eve?",True,1,MQ_OBJ
11016,what's in your mouth?,True,1,MQ_SUBJ
11017,what is that in your mouth?,True,1,MQ_SUBJ
11018,a lollipop?,False,0,NONE
11019,what's that?,True,1,MQ_SUBJ
11020,is that what it is?,True,1,EQ_OBJ
11021,how'd it get so black?,True,1,MQ_ADJUNCT
11022,what lady?,False,0,NONE
11023,"well, you ask her.",False,0,NONE
11024,you have to ask her because it's her tongue.,False,0,NONE
11025,you must to ask her please if you could see her tongue.,True,1,EQ_POLAR
11026,I 'm not going To show it to you.,False,0,NONE
11027,not goING To show it to you.,False,0,NONE
11028,that's what I 'm using *NULL* to knit with.,True,2,EQ_OBJ
11029,the blue one?,False,0,NONE
11030,down on the table.,False,0,NONE
11031,are you going to ask Gloria?,False,0,NONE
11032,are you going to ask Gloria what her tongue is like?,True,1,EQ_OBJ
11033,if you'd ask her please I'd bet she'd do it.,True,1,EQ_POLAR
11034,yes you are.,False,0,NONE
11035,were you going To ask me a question?,False,0,NONE
11036,were you going To ask me something?,False,0,NONE
11037,did you wanT To see something?,False,0,NONE
11038,dingdong bell.,False,0,NONE
11039,that's a cart.,False,0,NONE
11040,it's another kind of a cart.,False,0,NONE
11041,it's another kind of a cart.,False,0,NONE
11042,is it green?,False,0,NONE
11043,she's listening to the story.,False,0,NONE
11044,why don't you show me the book and you ask me questions?,True,1,MQ_ADJUNCT
11045,"instead of me asking you questions, you ask me questions.",False,0,NONE
11046,okay?,False,0,NONE
11047,you're not reading the book?,False,0,NONE
11048,are there any sheep in that book?,False,0,NONE
11049,doggies?,False,0,NONE
11050,are there any sheep?,False,0,NONE
11051,there are no what?,False,0,NONE
11052,no?,False,0,NONE
11053,are there any goats?,False,0,NONE
11054,is there a goat in there?,False,0,NONE
11055,any buses?,False,0,NONE
11056,yes.,False,0,NONE
11057,how many doggies?,False,0,NONE
11058,that's a lot.,False,0,NONE
11059,eight doggies.,False,0,NONE
11060,one two three four five six seven eight doggies.,False,0,NONE
11061,one two three four five six seven doggies.,False,0,NONE
11062,not two doggies?,False,0,NONE
11063,how many?,False,0,NONE
11064,are there any pots?,False,0,NONE
11065,how many buses?,False,0,NONE
11066,how many buses?,False,0,NONE
11067,is there a bus in there?,False,0,NONE
11068,is there a bus in the book?,False,0,NONE
11069,in the Hippity_hop book.,False,0,NONE
11070,isn't that the Hippity_hop book?,False,0,NONE
11071,"well, we must go and do it.",False,0,NONE
11072,come on.,False,0,NONE
11073,come on quick.,False,0,NONE
11074,come on quick quick.,False,0,NONE
11075,we'll come right back down.,False,0,NONE
11076,till we get back.,False,0,NONE
11077,very good.,False,0,NONE
11078,hi.,False,0,NONE
11079,"see, they did wait for us.",False,0,NONE
11080,I think it's probably about time.,False,0,NONE
11081,alright.,False,0,NONE
11082,it was in a bag?,False,0,NONE
11083,"no, it's too big for a bag.",False,0,NONE
11084,would you like a piece of cheese?,False,0,NONE
11085,and what?,False,0,NONE
11086,cracker or bread and butter?,False,0,NONE
11087,hmm?,False,0,NONE
11088,you'll get your spoon.,False,0,NONE
11089,here you are.,False,0,NONE
11090,"hi, Eve.",False,0,NONE
11091,shall I cut it?,False,0,NONE
11092,I have any peanut butter.,False,0,NONE
11093,just a little little bit.,False,0,NONE
11094,we'll have to save some for Papa.,False,0,NONE
11095,we'll have to save some for Papa.,False,0,NONE
11096,would you like a bite of lobster salad?,False,0,NONE
11097,it's lobster salad.,False,0,NONE
11098,"well, I 'm trying to thaw out buns for Papa for his sandwich.",False,0,NONE
11099,put in the skillet.,False,0,NONE
11100,"not to bake, no.",False,0,NONE
11101,just so it thaws out.,False,0,NONE
11102,just so it'll thaw out because it was frozen.,False,0,NONE
11103,I already cut it.,False,0,NONE
11104,already cut it.,False,0,NONE
11105,see?,False,0,NONE
11106,two pieces.,False,0,NONE
11107,they don't want to see your mouth.,False,0,NONE
11108,"oh, Eve.",False,0,NONE
11109,they don't want to see your tummy either.,False,0,NONE
11110,you're supposed to be eating your lunch.,False,0,NONE
11111,do you want some lobster salad for your lunch?,False,0,NONE
11112,since you're so big.,False,0,NONE
11113,do you?,False,0,NONE
11114,you get a little bit bigger too?,False,0,NONE
11115,you might like it when you get a little bit bigger.,True,1,EQ_ADJUNCT
11116,"yeah, when Sarah gets a little bigger too.",True,1,EQ_ADJUNCT
11117,"well, I 'm going To see if she'd like have a piece of toast.",True,1,EQ_POLAR
11118,I don't know whether she likes them or not but we'll try.,True,1,EQ_POLAR
11119,what is Sarah having?,True,1,MQ_OBJ
11120,hmm?,False,0,NONE
11121,zwieback.,False,0,NONE
11122,zwieback.,False,0,NONE
11123,what am I doing?,True,1,MQ_OBJ
11124,what's exactly what I 'm doing.,True,1,EQ_OBJ
11125,that's his sandwich.,False,0,NONE
11126,oh.,False,0,NONE
11127,I bumped into the board.,False,0,NONE
11128,"what, dear?",False,0,NONE
11129,what?,False,0,NONE
11130,you forgot something.,False,0,NONE
11131,alright.,False,0,NONE
11132,board.,False,0,NONE
11133,just board.,False,0,NONE
11134,what did I do?,True,1,MQ_OBJ
11135,hmm?,False,0,NONE
11136,you said God?,False,0,NONE
11137,God?,False,0,NONE
11138,"no, Mama didn't say God.",False,0,NONE
11139,not that time I didn't.,False,0,NONE
11140,they're not feeling very well.,False,0,NONE
11141,they do.,False,0,NONE
11142,yeah.,False,0,NONE
11143,that's right.,False,0,NONE
11144,and so does Margaret.,False,0,NONE
11145,uhhuh.,False,0,NONE
11146,"no, Helga's alright.",False,0,NONE
11147,she feels fine.,False,0,NONE
11148,uhhuh.,False,0,NONE
11149,that's what she's having.,True,1,EQ_OBJ
11150,green beans and carrots.,False,0,NONE
11151,where?,False,0,NONE
11152,"in that glass, yes.",False,0,NONE
11153,we'll sing that after lunch.,False,0,NONE
11154,we willn't sing it right now.,False,0,NONE
11155,I 'm eating lobster salad too.,False,0,NONE
11156,on bread.,False,0,NONE
11157,I 'm going To go home.,False,0,NONE
11158,I've got ta go back to work.,False,0,NONE
11159,I'll be back.,False,0,NONE
11160,she's going to go and have her lunch.,False,0,NONE
11161,uhhuh.,False,0,NONE
11162,ask her if she's coming back again.,True,1,EQ_POLAR
11163,"I'll be back another time, Eve, and visit with you again.",False,0,NONE
11164,"oh yes, she'll be back.",False,0,NONE
11165,when will she be back?,True,1,MQ_ADJUNCT
11166,who?,False,0,NONE
11167,what's she going To do?,True,1,MQ_OBJ
11168,"I know you were telling Fraser that but Mom was gone, I didn't",False,0,NONE
11169,what did you tell Fraser?,True,1,MQ_OBJ
11170,why don't you tell your mother?,True,1,MQ_ADJUNCT
11171,"no, she's not going To come back when she wakes up from her nap.",True,1,EQ_ADJUNCT
11172,no.,False,0,NONE
11173,she'll be back another time.,False,0,NONE
11174,when Fraser comes another time then she'll come.,True,1,EQ_ADJUNCT
11175,no more humming.,False,0,NONE
11176,eat lunch.,False,0,NONE
11177,no more humming.,False,0,NONE
11178,no more singing.,False,0,NONE
11179,we're eating our lunch.,False,0,NONE
11180,"you can sing that after you finish your lunch, eh?",False,0,NONE
11181,then sing,False,0,NONE
11182,with Fraser and Papa and Sarah will listen.,False,0,NONE
11183,finish your lunch.,False,0,NONE
11184,wait until you finish your lunch.,False,0,NONE
11185,yes.,False,0,NONE
11186,she's going To go home and have her lunch and then she's going To go,False,0,NONE
11187,in her study?,False,0,NONE
11188,maybe.,False,0,NONE
11189,not in Papa's study.,False,0,NONE
11190,in her study.,False,0,NONE
11191,"that's right, he's in he study.",False,0,NONE
11192,no more humming.,False,0,NONE
11193,I 'm going give her some tapioca too.,False,0,NONE
11194,Sarah's going To eat some tapioca.,False,0,NONE
11195,it's in her dish.,False,0,NONE
11196,you may see it when I give it to her.,True,1,EQ_ADJUNCT
11197,you forgot to tell Fraser where we went.,True,1,EQ_ADJUNCT
11198,remember when we were sleeping?,True,1,EQ_ADJUNCT
11199,when you slept in that great big bed.,False,0,NONE
11200,you forgot to tell Fraser.,False,0,NONE
11201,tell him what we did.,True,1,EQ_OBJ
11202,tell him where we went and what we did.,True,2,EQ_ADJUNCT;EQ_OBJ
11203,"well, you forgot to tell him the other day.",False,0,NONE
11204,you can tell him right now.,False,0,NONE
11205,tell him what we did.,True,1,EQ_OBJ
11206,you wanT To do what?,False,0,NONE
11207,"no, don't do that.",False,0,NONE
11208,we went down to.,False,0,NONE
11209,and what did we do?,True,1,EQ_OBJ
11210,"we had breakfast there, yes.",False,0,NONE
11211,are you finished?,False,0,NONE
11212,"you're still eating your sandwich, aren't you.",False,0,NONE
11213,alright.,False,0,NONE
11214,now we'll wash your hands.,False,0,NONE
11215,Fraser'd like to know what you did when you went to the beach.,True,2,EQ_ADJUNCT;EQ_OBJ
11216,"what was it, what did you do?",True,2,MQ_OBJ
11217,"we didn't forget, we didn't plan to eat supper at the beach.",False,0,NONE
11218,so what did you do then?,True,1,MQ_OBJ
11219,what did we see?,True,1,MQ_OBJ
11220,"we did see saltersc, yes.",False,0,NONE
11221,but who was there?,True,1,EQ_SUBJ
11222,who was there?,True,1,MQ_SUBJ
11223,"well, of course I was there.",False,0,NONE
11224,pies and cakes and there's sand.,False,0,NONE
11225,did you like going to the sands?,False,0,NONE
11226,yeah.,False,0,NONE
11227,yeah.,False,0,NONE
11228,what are you doing?,True,1,MQ_OBJ
11229,and do you know what I did?,True,1,EQ_OBJ
11230,went down to New York.,False,0,NONE
11231,on an airplane.,False,0,NONE
11232,that's what I did.,True,1,EQ_OBJ
11233,I went to New York.,False,0,NONE
11234,"oh, what did I do there?",True,1,MQ_OBJ
11235,I went to a wedding.,False,0,NONE
11236,"oh, in the airplane?",False,0,NONE
11237,"well, I went inside the airplane.",False,0,NONE
11238,and when everybody was inside the airplane they closed the door,True,1,EQ_ADJUNCT
11239,and we flew from Boston to New York.,False,0,NONE
11240,I'll come back and see you again.,False,0,NONE
11241,that's right.,False,0,NONE
11242,"well, on Wednesday.",False,0,NONE
11243,not today.,False,0,NONE
11244,on Wednesday.,False,0,NONE
11245,he's going to go to Emerson hall today.,False,0,NONE
11246,but he's not going To come back today.,False,0,NONE
11247,on Wednesday.,False,0,NONE
11248,"no, I don't think I willn't be back this afternoon.",False,0,NONE
11249,"but I'll come back tomorrow, tomorrow morning.",False,0,NONE
11250,how about that?,False,0,NONE
11251,"yeah, tomorrow morning.",False,0,NONE
11252,"yeah, when you wake up from your night's",False,0,NONE
11253,from your good night's sleep.,False,0,NONE
11254,that's right.,False,0,NONE
11255,you take a nap after lunch and you have a night's sleep after,False,0,NONE
11256,yes.,False,0,NONE
11257,"well, in the morning.",False,0,NONE
11258,when you wake up from your good night's sleep.,False,0,NONE
11259,from your good night's sleep.,False,0,NONE
11260,uhhuh.,False,0,NONE
11261,stretching.,False,0,NONE
11262,can you wink one eye at a time?,False,0,NONE
11263,I know that's what I am.,True,1,EQ_OBJ
11264,you're exactly right.,False,0,NONE
11265,what's that one?,True,1,MQ_OBJ
11266,what color of blouse is that?,True,1,MQ_OBJ
11267,what color of coat is that?,True,1,MQ_OBJ
11268,yeah.,False,0,NONE
11269,"yes, I know.",False,0,NONE
11270,yours is blue.,False,0,NONE
11271,yours is blue.,False,0,NONE
11272,he did.,False,0,NONE
11273,you didn't forget it.,False,0,NONE
11274,you said it.,False,0,NONE
11275,you didn't forget it.,False,0,NONE
11276,it went in there.,False,0,NONE
11277,why don't you say another one?,True,1,MQ_ADJUNCT
11278,don't say that one again.,False,0,NONE
11279,"well, you really know that one, don't you?",False,0,NONE
11280,"oh, don't say it again, Eve.",False,0,NONE
11281,say another one.,False,0,NONE
11282,say another nursery rhyme.,False,0,NONE
11283,I don't wanT To hear Miss Muffet again.,False,0,NONE
11284,sing.,False,0,NONE
11285,I've been working on the railroad.,False,0,NONE
11286,"or Colin, Eve.",False,0,NONE
11287,"yeah, that sounds",False,0,NONE
11288,Colin.,False,0,NONE
11289,his name is Colin Fraser.,False,0,NONE
11290,he's right behind you sitting in the chair.,False,0,NONE
11291,"yep, that's who I am.",True,1,EQ_OBJ
11292,"well, I 'm Fraser as well and I 'm Colin.",False,0,NONE
11293,I 'm Colin Fraser.,False,0,NONE
11294,you see?,False,0,NONE
11295,and you are Eve Cummings.,False,0,NONE
11296,yes.,False,0,NONE
11297,uhhuh.,False,0,NONE
11298,very good.,False,0,NONE
11299,are you going To sing.,False,0,NONE
11300,I've been working on the railroad?,False,0,NONE
11301,what did we forget?,True,1,MQ_OBJ
11302,"oh, they're not talking to you.",False,0,NONE
11303,"well, it's not Becky.",False,0,NONE
11304,it's Nancy calling to somebody else.,False,0,NONE
11305,it's somebody else.,False,0,NONE
11306,Colin Fraser.,False,0,NONE
11307,that's right.,False,0,NONE
11308,just like your name is Eve Cummings.,False,0,NONE
11309,only you call him Fraser so he ought to call you Cummings.,False,0,NONE
11310,"oh, you're pulling her down.",False,0,NONE
11311,"oh, she's falling.",False,0,NONE
11312,"you're falling, Sarah.",False,0,NONE
11313,you want her to play with your ear?,False,0,NONE
11314,we'll cut the pictures after you have your nap.,False,0,NONE
11315,after you have your nap then you and Papa can cut the pictures.,False,0,NONE
11316,"watch your foot, please.",False,0,NONE
11317,Eve.,False,0,NONE
11318,is she?,False,0,NONE
11319,"well, don't put your foot on her head.",False,0,NONE
11320,with your ear?,False,0,NONE
11321,I hope she doesn't burp in your ear.,False,0,NONE
11322,"no, that's not Papa.",False,0,NONE
11323,that's just a little statue *NULL* we have in the window.,True,1,RC_OBJ
11324,uhhuh.,False,0,NONE
11325,it looks like Papa?,False,0,NONE
11326,"well, it's not.",False,0,NONE
11327,"thanks, Eve.",False,0,NONE
11328,a picture.,False,0,NONE
11329,another statue.,False,0,NONE
11330,what was that?,True,1,MQ_OBJ
11331,"Eve, please, come in and shut the door, darling.",False,0,NONE
11332,that's alright.,False,0,NONE
11333,you come back in.,False,0,NONE
11334,you can see Helga and play with them later.,False,0,NONE
11335,play with the children.,False,0,NONE
11336,you can play yourself but not now.,False,0,NONE
11337,you have to go and take a nap in just a few minutes.,False,0,NONE
11338,go up and sleep in your bed.,False,0,NONE
11339,"we can play with the children, yes, when you wake up.",False,0,NONE
11340,outside.,False,0,NONE
11341,what are you doing to me?,True,1,MQ_OBJ
11342,pushing what?,False,0,NONE
11343,"well, I know.",False,0,NONE
11344,why are you doing that?,True,1,MQ_ADJUNCT
11345,you're going push the rest of it?,False,0,NONE
11346,"well, I willn't be able to get out.",False,0,NONE
11347,"well, Eve.",False,0,NONE
11348,how will we get out.,True,1,MQ_ADJUNCT
11349,"well, I know you're in but how will we get out?",True,1,MQ_ADJUNCT
11350,I know our shoes are in.,False,0,NONE
11351,"well, I wish you would.",False,0,NONE
11352,thank you.,False,0,NONE
11353,"here it comes, Sarah.",False,0,NONE
11354,here comes Eve pushing the table.,False,0,NONE
11355,"oh, I see what you're doing now.",True,1,EQ_OBJ
11356,uhhuh.,False,0,NONE
11357,"well, I don't know how you'll get in.",True,1,EQ_ADJUNCT
11358,silly yourself.,False,0,NONE
11359,how will you push it back?,True,1,MQ_ADJUNCT
11360,"leave it right there, please.",False,0,NONE
11361,Colin Fraser.,False,0,NONE
11362,Colin Fraser.,False,0,NONE
11363,uhhuh.,False,0,NONE
11364,Colin?,False,0,NONE
11365,there's only one Colin.,False,0,NONE
11366,over there.,False,0,NONE
11367,Colin is his name.,False,0,NONE
11368,there isn't another Colin.,False,0,NONE
11369,just one Colin just like there's one Eve.,False,0,NONE
11370,only one Eve right there and only one Colin over there.,False,0,NONE
11371,Colin Fraser,False,0,NONE
11372,and Eve Cummings.,False,0,NONE
11373,that's right.,False,0,NONE
11374,hi.,False,0,NONE
11375,"hi, Eve.",False,0,NONE
11376,"yeah, that's who I am.",True,1,EQ_OBJ
11377,"well, Sarah's going To have her bottle right now.",False,0,NONE
11378,thank you but she doesn't want a peg toy right now.,False,0,NONE
11379,on what?,False,0,NONE
11380,you don't write on that.,False,0,NONE
11381,you don't write on this.,False,0,NONE
11382,you only write on paper.,False,0,NONE
11383,you're drawing on it?,False,0,NONE
11384,"oh, I see.",False,0,NONE
11385,"you have to draw with the pencil, sweetie.",False,0,NONE
11386,it doesn't work if you write on the peg and then try to write with,True,1,EQ_POLAR
11387,"well, I see you are.",False,0,NONE
11388,okay.,False,0,NONE
11389,thank you.,False,0,NONE
11390,what do you have?,True,1,MQ_OBJ
11391,that's right.,False,0,NONE
11392,only one Colin and one Eve both together.,False,0,NONE
11393,"hi, Eve.",False,0,NONE
11394,okay.,False,0,NONE
11395,"okay, I'll do that.",False,0,NONE
11396,up here?,False,0,NONE
11397,here?,False,0,NONE
11398,what are you doing?,True,1,MQ_OBJ
11399,running?,False,0,NONE
11400,you're going round.,False,0,NONE
11401,you're going round and round.,False,0,NONE
11402,and round.,False,0,NONE
11403,is that round?,False,0,NONE
11404,"ah, I see.",False,0,NONE
11405,what's what?,True,1,MQ_SUBJ
11406,rain?,False,0,NONE
11407,are there spots over there?,False,0,NONE
11408,is that rain?,False,0,NONE
11409,yeah.,False,0,NONE
11410,"well, it might look like one but it doesn't belong in your mouth.",False,0,NONE
11411,okay.,False,0,NONE
11412,okay.,False,0,NONE
11413,it's about time for your nap.,False,0,NONE
11414,"I think should have a nap too, don't you?",False,0,NONE
11415,"okay, thank you.",False,0,NONE
11416,on the train?,False,0,NONE
11417,okay.,False,0,NONE
11418,it's man.,False,0,NONE
11419,"yeah, he's on the train.",False,0,NONE
11420,okay.,False,0,NONE
11421,what?,False,0,NONE
11422,what?,False,0,NONE
11423,what hurts?,True,1,MQ_SUBJ
11424,"no, not Colingc, honey.",False,0,NONE
11425,not Colingc.,False,0,NONE
11426,Colin.,False,0,NONE
11427,Colin.,False,0,NONE
11428,Colin.,False,0,NONE
11429,"well, best go and get Papa to get the tool and fix it for you.",False,0,NONE
11430,"yes, darling.",False,0,NONE
11431,what's wrong with it?,True,1,MQ_SUBJ
11432,you have a fingernail?,False,0,NONE
11433,"oh my, look at that.",False,0,NONE
11434,"hangnail, Eve.",False,0,NONE
11435,"hangnail, uhhuh.",False,0,NONE
11436,what?,False,0,NONE
11437,Papa fixed it for you?,False,0,NONE
11438,that's your thumb sucking one.,False,0,NONE
11439,she probably caught it in her teeth.,False,0,NONE
11440,you suck the other one?,False,0,NONE
11441,alright.,False,0,NONE
11442,it's probably a good idea too.,False,0,NONE
11443,"oh, you wanT To read it?",False,0,NONE
11444,"well, let's read it later.",False,0,NONE
11445,well alright.,False,0,NONE
11446,is London bridge falling down?,False,0,NONE
11447,"that's your favorite book, is it?",False,0,NONE
11448,"well, darling, I have to work right now.",False,0,NONE
11449,we'll read it later.,False,0,NONE
11450,how'll that be?,True,1,MQ_ADJUNCT
11451,"Eve, you can read the stories to me.",False,0,NONE
11452,how about that?,False,0,NONE
11453,now that's a good idea.,False,0,NONE
11454,who can read them to you?,True,1,MQ_SUBJ
11455,what?,False,0,NONE
11456,"not right now, sweetheart.",False,0,NONE
11457,we cann't read them for you.,False,0,NONE
11458,we'll read them later.,False,0,NONE
11459,did you show Fraser the pretty pictures *NULL* you were drawing for me,True,1,RC_OBJ
11460,he'd like to see them.,False,0,NONE
11461,he's going to draw you some pictures?,False,0,NONE
11462,"well, you show him what you drew.",True,1,EQ_OBJ
11463,you show him the pictures *NULL* you drew this morning.,True,1,RC_OBJ
11464,oh yes.,False,0,NONE
11465,"you used all those pretty colors, didn't you?",False,0,NONE
11466,"okay, I'll do that for you.",False,0,NONE
11467,okay.,False,0,NONE
11468,with the orange one.,False,0,NONE
11469,what would you like me to do?,True,1,MQ_OBJ
11470,like that?,False,0,NONE
11471,not like that.,False,0,NONE
11472,"yeah, that's the way.",False,0,NONE
11473,"is it a flower, do you think?",False,0,NONE
11474,okay.,False,0,NONE
11475,okay.,False,0,NONE
11476,on this side.,False,0,NONE
11477,okay.,False,0,NONE
11478,boom?,False,0,NONE
11479,boom.,False,0,NONE
11480,yep.,False,0,NONE
11481,okay.,False,0,NONE
11482,okay.,False,0,NONE
11483,"okay, down here.",False,0,NONE
11484,boom.,False,0,NONE
11485,that'd be a good idea because,False,0,NONE
11486,now you draw some flowers for me.,False,0,NONE
11487,why cann't you make one?,True,1,MQ_ADJUNCT
11488,because what?,False,0,NONE
11489,there are no pictures where?,False,0,NONE
11490,on the crayon?,False,0,NONE
11491,"write now, what?",False,0,NONE
11492,okay.,False,0,NONE
11493,what'll we write on next?,True,1,MQ_OBJ
11494,okay.,False,0,NONE
11495,this time I 'm not drawing a flower.,False,0,NONE
11496,I 'm not drawing a flower this time.,False,0,NONE
11497,what is it?,True,1,MQ_OBJ
11498,what 'm I drawing?,True,1,MQ_OBJ
11499,"yes, that's right.",False,0,NONE
11500,yeah.,False,0,NONE
11501,now will I draw another house?,False,0,NONE
11502,sure.,False,0,NONE
11503,we've got one house and another house.,False,0,NONE
11504,we've got two,False,0,NONE
11505,"okay, another one.",False,0,NONE
11506,is it a bouncy couch?,False,0,NONE
11507,"well, it's not such a good idea for you to bounce on it, I think",False,0,NONE
11508,what?,False,0,NONE
11509,why?,False,0,NONE
11510,why did you throw those down?,True,1,MQ_ADJUNCT
11511,why?,False,0,NONE
11512,they don't belong on the floor.,False,0,NONE
11513,"oh, I see.",False,0,NONE
11514,alright.,False,0,NONE
11515,don't bounce very hard.,False,0,NONE
11516,don't bounce very hard.,False,0,NONE
11517,"no, not because Sarah's asleep.",False,0,NONE
11518,because don't want you to bounce off.,False,0,NONE
11519,if you bounce too hard you might fall right off on your head.,True,1,EQ_POLAR
11520,you're going to get paint tomorrow?,False,0,NONE
11521,"what are we going To get, Eve?",True,1,MQ_OBJ
11522,what are you going To do with the paint?,True,1,MQ_OBJ
11523,yeah.,False,0,NONE
11524,that's your shoe.,False,0,NONE
11525,why don't you take your socks off while you're at it?,True,1,MQ_ADJUNCT
11526,Sarah.,False,0,NONE
11527,up in her bed.,False,0,NONE
11528,she was taking a nap.,False,0,NONE
11529,"ah, you managed very well.",False,0,NONE
11530,very clever.,False,0,NONE
11531,I know you're on the book.,False,0,NONE
11532,would you please get off?,False,0,NONE
11533,"Eve, would you please put your socks in your shoes and I'll take",False,0,NONE
11534,Eve.,False,0,NONE
11535,"Eve, dear.",False,0,NONE
11536,would you please put your socks in your shoes and I will take,False,0,NONE
11537,now.,False,0,NONE
11538,yeah.,False,0,NONE
11539,thank you very much.,False,0,NONE
11540,I'll be right back.,False,0,NONE
11541,okay.,False,0,NONE
11542,do you want me to write another house or draw another house?,False,0,NONE
11543,okay.,False,0,NONE
11544,a bus?,False,0,NONE
11545,alright.,False,0,NONE
11546,on the house?,False,0,NONE
11547,"that's a house, that's not a bus.",False,0,NONE
11548,let's make a bus.,False,0,NONE
11549,have you ever been in a bus?,False,0,NONE
11550,where did you go?,True,1,MQ_ADJUNCT
11551,you what?,False,0,NONE
11552,what did you do?,True,1,MQ_OBJ
11553,"we went on the bus, didn't we, Eve?",False,0,NONE
11554,"did, do you like going on buses?",False,0,NONE
11555,"it did, did it?",False,0,NONE
11556,"and you've been on a subway too, haven't you?",False,0,NONE
11557,have you been on a subway?,False,0,NONE
11558,and what did you do when you were on the subway?,True,2,EQ_ADJUNCT;EQ_OBJ
11559,you couldn't be on the bus and on the subway at the same time.,False,0,NONE
11560,"no, I don't think so.",False,0,NONE
11561,are you telling Fraser what you and Papa did yesterday?,True,1,EQ_OBJ
11562,when you went to get the car?,True,1,EQ_ADJUNCT
11563,were you on the subway yesterday?,False,0,NONE
11564,that's right.,False,0,NONE
11565,that's right.,False,0,NONE
11566,"the doors, they open and they shut by themselves, don't they?",False,0,NONE
11567,yeah.,False,0,NONE
11568,there's a bus there.,False,0,NONE
11569,there's one.,False,0,NONE
11570,there's a bus.,False,0,NONE
11571,okay.,False,0,NONE
11572,then what'll we have?,True,1,MQ_OBJ
11573,yeah.,False,0,NONE
11574,there's your other bus.,False,0,NONE
11575,here's a ship.,False,0,NONE
11576,here's a ship.,False,0,NONE
11577,yeah.,False,0,NONE
11578,"well, it will be.",False,0,NONE
11579,oh,False,0,NONE
11580,"it does, does it?",False,0,NONE
11581,it looks like a sailingboat too?,False,0,NONE
11582,"yeah, that's what it is.",True,1,EQ_OBJ
11583,it's a boat on the sea.,False,0,NONE
11584,and the smoke's coming out of its funnel.,False,0,NONE
11585,both funnels.,False,0,NONE
11586,yeah.,False,0,NONE
11587,"yes, she is.",False,0,NONE
11588,what's that in your mouth?,True,1,MQ_ADJUNCT
11589,something?,False,0,NONE
11590,something?,False,0,NONE
11591,"well, I suppose.",False,0,NONE
11592,let me see.,False,0,NONE
11593,is it out?,False,0,NONE
11594,did we get it?,False,0,NONE
11595,okay.,False,0,NONE
11596,not too hard.,False,0,NONE
11597,very gently Eve.,False,0,NONE
11598,"that's too hard, Eve, that's too hard.",False,0,NONE
11599,do it very gently.,False,0,NONE
11600,hmm?,False,0,NONE
11601,where?,False,0,NONE
11602,"well, you pretend and it'll make your toe feel better.",False,0,NONE
11603,are her hands cold?,False,0,NONE
11604,let me see.,False,0,NONE
11605,"oh, they are cold.",False,0,NONE
11606,uhhuh.,False,0,NONE
11607,are her feet cold?,False,0,NONE
11608,just a little bit.,False,0,NONE
11609,what?,False,0,NONE
11610,the bus stop?,False,0,NONE
11611,are you pretending Sarah's a bus stop?,False,0,NONE
11612,no more grape juice.,False,0,NONE
11613,we're going To have lunch in just a few minutes.,False,0,NONE
11614,"you may have the rest of the tapioca, yes.",False,0,NONE
11615,you may have the rest of the tapioca if you wish.,True,1,EQ_POLAR
11616,"hey, you better get up.",False,0,NONE
11617,not too hard Eve.,False,0,NONE
11618,very gently.,False,0,NONE
11619,"Eve, not too hard.",False,0,NONE
11620,"hi, Eve.",False,0,NONE
11621,not today.,False,0,NONE
11622,she's not coming.,False,0,NONE
11623,I don't know.,False,0,NONE
11624,she's working probably.,False,0,NONE
11625,but she'll be back some other day.,False,0,NONE
11626,"no, we'll read it later.",False,0,NONE
11627,we'll read it tonight before you go to bed.,False,0,NONE
11628,I I could probably read one or two.,False,0,NONE
11629,"ask the right way, Eve.",False,0,NONE
11630,that's not the right way to ask.,False,0,NONE
11631,that's.,False,0,NONE
11632,this way?,False,0,NONE
11633,you mean you want to start at the back?,False,0,NONE
11634,"that's the way, isn't it.",False,0,NONE
11635,this is the right way.,False,0,NONE
11636,this this one?,False,0,NONE
11637,what about Little Boy Blue?,False,0,NONE
11638,do you know that one?,False,0,NONE
11639,okay.,False,0,NONE
11640,we'll try another one.,False,0,NONE
11641,"no, it's Baa_baa_black_sheep.",False,0,NONE
11642,what's this picture about?,True,1,MQ_OBJ
11643,who's going home?,True,1,MQ_SUBJ
11644,they're going to market.,False,0,NONE
11645,"on, no, that's right.",False,0,NONE
11646,they've bought their fat pig and now they must be on their way back,False,0,NONE
11647,what are you going to do with your tapioca?,True,1,MQ_OBJ
11648,"this is going to be my favorite rhyme, Eve.",False,0,NONE
11649,there was an old woman at Exeter.,False,0,NONE
11650,when visitors came it so vexed her.,True,1,EQ_ADJUNCT
11651,so,False,0,NONE
11652,"well, we know it's your own favorite book.",False,0,NONE
11653,we know that's your own favorite book.,False,0,NONE
11654,Fraser was just reading a rhyme from it.,False,0,NONE
11655,don't need to get so possessive about it.,False,0,NONE
11656,"yes, Fraser was just reading a rhyme out out of your new book.",False,0,NONE
11657,we're going to New_Brunswick next year and Fraser's going to Exeter,False,0,NONE
11658,Exeter yep.,False,0,NONE
11659,"hey, now be careful of your new book Baggy.",False,0,NONE
11660,dirty feet on this nice clean book.,False,0,NONE
11661,have you got dirty feet?,False,0,NONE
11662,or do you have clean feet.,False,0,NONE
11663,for a change yes.,False,0,NONE
11664,who wants to have lunch?,True,1,MQ_SUBJ
11665,Eve Eve.,False,0,NONE
11666,what does Eve want for lunch?,True,1,MQ_OBJ
11667,"well, you stop throwing it down.",False,0,NONE
11668,put it down.,False,0,NONE
11669,would you like to have some noodle soup too?,False,0,NONE
11670,hold on the counter?,False,0,NONE
11671,what?,False,0,NONE
11672,"well, you may have your dish in just one moment.",False,0,NONE
11673,know you washed it.,False,0,NONE
11674,did you tell Fraser what you did for me this morning?,True,1,EQ_OBJ
11675,you washed them?,False,0,NONE
11676,that's very very good.,False,0,NONE
11677,I had to wash the floor afterwards.,False,0,NONE
11678,"oh, I 'm sorry.",False,0,NONE
11679,did she ever?,False,0,NONE
11680,I'll get it for her.,False,0,NONE
11681,"no, I 'm rinsing out the coffeepot so I can give Pop some more",False,0,NONE
11682,"you want what, darling?",False,0,NONE
11683,you wanT a peepee?,False,0,NONE
11684,okay.,False,0,NONE
11685,leave your spoon on the train.,False,0,NONE
11686,we'll come right back.,False,0,NONE
11687,very good.,False,0,NONE
11688,"well, you eat some of your noodle soup first and then you can have",False,0,NONE
11689,"baby, baby, stick you head in gravy.",False,0,NONE
11690,wash it up with bubblegum and send it to the navy.,False,0,NONE
11691,"no, it's not drink, it's stick.",False,0,NONE
11692,Becky doesn't say it right.,False,0,NONE
11693,"it's not drink your head, it's stick your head in gravy.",False,0,NONE
11694,yes.,False,0,NONE
11695,stick your head in gravy.,False,0,NONE
11696,what?,False,0,NONE
11697,some more what?,False,0,NONE
11698,just a moment.,False,0,NONE
11699,moment.,False,0,NONE
11700,moment.,False,0,NONE
11701,"do you know, Colin, the size of a normal lobster tail?",False,0,NONE
11702,this is the tail from the fourteen pound one.,False,0,NONE
11703,that's what it is.,True,1,EQ_OBJ
11704,he doesn't want to see your lunch in your mouth.,False,0,NONE
11705,remember.,False,0,NONE
11706,it's remember.,False,0,NONE
11707,"that's mayonnaise, darling.",False,0,NONE
11708,mayonnaise.,False,0,NONE
11709,take off my shoe?,False,0,NONE
11710,I 'm making lobster salad for Papa.,False,0,NONE
11711,to put on a sandwich.,False,0,NONE
11712,that's right.,False,0,NONE
11713,mayonnaise and lobster.,False,0,NONE
11714,mayonnaise uhhuh.,False,0,NONE
11715,yeah.,False,0,NONE
11716,Papa too.,False,0,NONE
11717,where?,False,0,NONE
11718,mayonnaise on my finger.,False,0,NONE
11719,wanT To bite.,False,0,NONE
11720,it's good.,False,0,NONE
11721,alright.,False,0,NONE
11722,Eve's in the tree?,False,0,NONE
11723,what's she doing in the tree?,True,1,MQ_OBJ
11724,"would you please eat your lunch, Miss Cummings.",False,0,NONE
11725,I know what you're saying.,True,1,EQ_OBJ
11726,I wish you'd eat your lunch though.,False,0,NONE
11727,"please, do.",False,0,NONE
11728,why do I have to say it.,True,1,MQ_ADJUNCT
11729,uhhuh.,False,0,NONE
11730,mayonnaise.,False,0,NONE
11731,you ask me and I'll,False,0,NONE
11732,who does?,True,1,MQ_SUBJ
11733,there will be no more.,False,0,NONE
11734,this is the end.,False,0,NONE
11735,see?,False,0,NONE
11736,is the end.,False,0,NONE
11737,is the end.,False,0,NONE
11738,may I have a spoonful of that to give to Sarah?,False,0,NONE
11739,for her lunch.,False,0,NONE
11740,may I have a spoonful of this to give to Sarah.,False,0,NONE
11741,hmm?,False,0,NONE
11742,willn't you share your tapioca with Sarah?,False,0,NONE
11743,she'd like to have some too.,False,0,NONE
11744,just a little bit?,False,0,NONE
11745,thank you.,False,0,NONE
11746,could I have just a little bit more?,False,0,NONE
11747,could I have just a little bit more?,False,0,NONE
11748,I know.,False,0,NONE
11749,but I have just a little bit.,False,0,NONE
11750,she'd like to have a little bit more.,False,0,NONE
11751,there.,False,0,NONE
11752,thank you.,False,0,NONE
11753,you sharing it with Sarah.,False,0,NONE
11754,good.,False,0,NONE
11755,makes her happy.,False,0,NONE
11756,makes her happy to have some tapioca too.,False,0,NONE
11757,there is no little bit more.,False,0,NONE
11758,there is no more.,False,0,NONE
11759,that's alright now.,False,0,NONE
11760,what?,False,0,NONE
11761,bread.,False,0,NONE
11762,bread.,False,0,NONE
11763,lobster in it.,False,0,NONE
11764,yep.,False,0,NONE
11765,do you?,False,0,NONE
11766,alright.,False,0,NONE
11767,"oh, you don't want this one.",False,0,NONE
11768,okay.,False,0,NONE
11769,put it right down on your cracker.,False,0,NONE
11770,there.,False,0,NONE
11771,that is lobster and it is good.,False,0,NONE
11772,"well, you can eat it on a cracker.",False,0,NONE
11773,"well, don't have mine in a dish.",False,0,NONE
11774,in a dish?,False,0,NONE
11775,why?,False,0,NONE
11776,what?,False,0,NONE
11777,this see?,False,0,NONE
11778,that was in the refrigerator and I just took it out.,False,0,NONE
11779,here.,False,0,NONE
11780,that just came out of the refrigerator.,False,0,NONE
11781,there's no more in the refrigerator.,False,0,NONE
11782,this is it.,False,0,NONE
11783,this is what was in the refrigerator.,True,1,EQ_SUBJ
11784,that's mayonnaise in that one.,False,0,NONE
11785,that's not lobster.,False,0,NONE
11786,do you want some of this?,False,0,NONE
11787,alright.,False,0,NONE
11788,take some.,False,0,NONE
11789,there.,False,0,NONE
11790,put it in your dish.,False,0,NONE
11791,now you want some lobster in there?,False,0,NONE
11792,you're going To eat just the mayonnaise?,False,0,NONE
11793,you can put it in.,False,0,NONE
11794,lick it off with your tongue.,False,0,NONE
11795,taste it.,False,0,NONE
11796,it's mayonnaise.,False,0,NONE
11797,what you going To do with it?,False,0,NONE
11798,"well, I know you are.",False,0,NONE
11799,what are you going To do with it then?,True,1,MQ_OBJ
11800,clean it off what?,False,0,NONE
11801,"clean what, the spoon?",False,0,NONE
11802,alright.,False,0,NONE
11803,and then what?,False,0,NONE
11804,yeah.,False,0,NONE
11805,I know.,False,0,NONE
11806,I show you turning it around.,False,0,NONE
11807,now what?,False,0,NONE
11808,"yeah, I know you are.",False,0,NONE
11809,then what?,False,0,NONE
11810,oh.,False,0,NONE
11811,"oh, that'll be wonderful.",False,0,NONE
11812,alright.,False,0,NONE
11813,you do that.,False,0,NONE
11814,"David, do you want some soup?",False,0,NONE
11815,no.,False,0,NONE
11816,just Eve's having soup.,False,0,NONE
11817,it is.,False,0,NONE
11818,taste it.,False,0,NONE
11819,lick it off just like you do tapioca.,False,0,NONE
11820,put in your mouth and lick it off.,False,0,NONE
11821,"put it in your mouth, Eve and clean it off.",False,0,NONE
11822,just like you do the tapioca.,False,0,NONE
11823,it's off.,False,0,NONE
11824,are you just playing or are you going to eat it?,False,0,NONE
11825,Eve.,False,0,NONE
11826,are you going to eat it?,False,0,NONE
11827,I know you did.,False,0,NONE
11828,it's not to play with though.,False,0,NONE
11829,it's to eat.,False,0,NONE
11830,are you finished?,False,0,NONE
11831,"well, then finish quickly.",False,0,NONE
11832,about time to take a nap.,False,0,NONE
11833,come on.,False,0,NONE
11834,hurry up.,False,0,NONE
11835,Cromer.,False,0,NONE
11836,am I Cromer?,False,0,NONE
11837,Colin Fraser.,False,0,NONE
11838,Colin comes first and then Fraser.,False,0,NONE
11839,uhhuh.,False,0,NONE
11840,that's right.,False,0,NONE
11841,are you finished with your soup?,False,0,NONE
11842,what?,False,0,NONE
11843,this?,False,0,NONE
11844,what are you pointing to?,True,1,MQ_OBJ
11845,what?,False,0,NONE
11846,"what do you want, darling?",True,1,MQ_OBJ
11847,over in here?,False,0,NONE
11848,what do you want?,True,1,MQ_OBJ
11849,what?,False,0,NONE
11850,what that?,False,0,NONE
11851,what do you want?,True,1,MQ_OBJ
11852,this?,False,0,NONE
11853,that's not to play with.,False,0,NONE
11854,that's Mom's baster.,False,0,NONE
11855,that's not to play with.,False,0,NONE
11856,want that?,False,0,NONE
11857,that's my cookie press.,False,0,NONE
11858,no.,False,0,NONE
11859,not a toy.,False,0,NONE
11860,Mom cooks with that.,False,0,NONE
11861,yep.,False,0,NONE
11862,I don't stir with it.,False,0,NONE
11863,"no, I cook with it.",False,0,NONE
11864,make cookies with it.,False,0,NONE
11865,Christmas cookies uhhuh.,False,0,NONE
11866,what kind of cookies?,False,0,NONE
11867,pie cookies?,False,0,NONE
11868,"well, I don't make graham crackers.",False,0,NONE
11869,uhhuh.,False,0,NONE
11870,"no, that one doesn't snap.",False,0,NONE
11871,that one ties.,False,0,NONE
11872,two ties uhhuh.,False,0,NONE
11873,"yes, your pink bibbie snaps but not this one.",False,0,NONE
11874,"okay, Eve.",False,0,NONE
11875,time to give everybody a kiss.,False,0,NONE
11876,naptime.,False,0,NONE
11877,alright.,False,0,NONE
11878,well it's almost time for lunch.,False,0,NONE
11879,I'll give you just a little bit.,False,0,NONE
11880,would you ask Colin if he'd like to have some coffee?,True,1,EQ_POLAR
11881,why don't you get in there and ask him?,True,1,MQ_ADJUNCT
11882,Eve.,False,0,NONE
11883,would you please ask him?,False,0,NONE
11884,no you didn't.,False,0,NONE
11885,he didn't hear you.,False,0,NONE
11886,were you going to ask me something?,False,0,NONE
11887,go ahead.,False,0,NONE
11888,but he didn't hear you.,False,0,NONE
11889,ask him again.,False,0,NONE
11890,now you go and ask Fraser please.,False,0,NONE
11891,then I'll have to ask him if you willn't.,True,1,EQ_POLAR
11892,do you want your lunch?,False,0,NONE
11893,yes I'll.,False,0,NONE
11894,you have to wait while the noodles get cold.,False,0,NONE
11895,go and talk to Fraser for a minute until the noodles cook.,False,0,NONE
11896,"well Eve, you cann't eat, darling, until the noodles cook.",False,0,NONE
11897,"you'll get your you'll get your lunch in a minute, Eve.",False,0,NONE
11898,well you climb in.,False,0,NONE
11899,"well you can eat your tapioca, I guess.",False,0,NONE
11900,those are the noodles and they're cooking.,False,0,NONE
11901,well you have to have your spoon yes.,False,0,NONE
11902,now you want a spoon Eve.,False,0,NONE
11903,that's right.,False,0,NONE
11904,Fraser Colin.,False,0,NONE
11905,Colin Fraser.,False,0,NONE
11906,Colin Fraser.,False,0,NONE
11907,uhhuh.,False,0,NONE
11908,Colin Fraser.,False,0,NONE
11909,that's his name.,False,0,NONE
11910,"well darling, you must wait until they get cool.",False,0,NONE
11911,well you may have them yes but you must wait for a few minutes,False,0,NONE
11912,do you want them with some juice or just with uh just noodles,False,0,NONE
11913,you don't want any juice on them?,False,0,NONE
11914,would you like to have a piece of celery or a carrot?,False,0,NONE
11915,they have cooled.,False,0,NONE
11916,yes.,False,0,NONE
11917,uhhuh.,False,0,NONE
11918,Papa have one.,False,0,NONE
11919,uhhuh.,False,0,NONE
11920,you like them?,False,0,NONE
11921,I remember when we had macaroni.,True,1,EQ_ADJUNCT
11922,that's right.,False,0,NONE
11923,I 'm going To have some broth.,False,0,NONE
11924,noodle soup.,False,0,NONE
11925,I 'm going To have noodle soup.,False,0,NONE
11926,Papa and I are having noodle soup.,False,0,NONE
11927,that's right.,False,0,NONE
11928,do you?,False,0,NONE
11929,oh we forgot to put a bib on.,False,0,NONE
11930,tomatoes dear.,False,0,NONE
11931,uhhuh.,False,0,NONE
11932,uhhuh.,False,0,NONE
11933,yes after your nap uhhuh.,False,0,NONE
11934,you can play with Becky after your nap.,False,0,NONE
11935,that's right.,False,0,NONE
11936,uhhuh.,False,0,NONE
11937,uhhuh it's just standing right there.,False,0,NONE
11938,so I can cut it.,False,0,NONE
11939,uhhuh.,False,0,NONE
11940,two fine big ones?,False,0,NONE
11941,what?,False,0,NONE
11942,what's.,False,0,NONE
11943,the tomato?,False,0,NONE
11944,that's a fine one.,False,0,NONE
11945,yes indeed.,False,0,NONE
11946,no that's not long.,False,0,NONE
11947,it's a big round one.,False,0,NONE
11948,what?,False,0,NONE
11949,that knife?,False,0,NONE
11950,it's cutting the tomato into pieces.,False,0,NONE
11951,would you like to have a piece?,False,0,NONE
11952,yes I'll have some because I like tomatoes.,False,0,NONE
11953,uhhuh.,False,0,NONE
11954,I was just bent over.,False,0,NONE
11955,I was just bent over and I said uh.,False,0,NONE
11956,yes.,False,0,NONE
11957,uhhuh.,False,0,NONE
11958,that's noodles uhhuh.,False,0,NONE
11959,would you like to have a peanut butter sandwich?,False,0,NONE
11960,where is the peanut butter?,True,1,MQ_ADJUNCT
11961,no it's not all gone.,False,0,NONE
11962,I found it.,False,0,NONE
11963,there's more butter uhhuh.,False,0,NONE
11964,alright.,False,0,NONE
11965,some more.,False,0,NONE
11966,yes I 'm giving you some noodles.,False,0,NONE
11967,uhhuh.,False,0,NONE
11968,you cann't.,False,0,NONE
11969,you have to wait till they cool off then you can eat them.,False,0,NONE
11970,it'll just take a minute.,False,0,NONE
11971,alright.,False,0,NONE
11972,that's a pretty good idea.,False,0,NONE
11973,that's right.,False,0,NONE
11974,are they?,False,0,NONE
11975,well taste them.,False,0,NONE
11976,be careful though because they might still be kinda warm.,False,0,NONE
11977,what are they Eve?,True,1,MQ_OBJ
11978,oh they're warm.,False,0,NONE
11979,Fraser is having coffee.,False,0,NONE
11980,uhhuh.,False,0,NONE
11981,no.,False,0,NONE
11982,not me.,False,0,NONE
11983,not me.,False,0,NONE
11984,that's right.,False,0,NONE
11985,what did you say?,True,1,MQ_OBJ
11986,I see.,False,0,NONE
11987,uhhuh.,False,0,NONE
11988,yeah.,False,0,NONE
11989,it's almost.,False,0,NONE
11990,in a little while.,False,0,NONE
11991,in a little while it'll be time for my lunch.,False,0,NONE
11992,in what?,False,0,NONE
11993,no in a little while in a in a short time.,False,0,NONE
11994,then I'll have lunch.,False,0,NONE
11995,yeah.,False,0,NONE
11996,Eve.,False,0,NONE
11997,what's that Eve?,True,1,MQ_OBJ
11998,ah.,False,0,NONE
11999,I see.,False,0,NONE
12000,"what is this, Eve?",True,1,MQ_OBJ
12001,right here.,False,0,NONE
12002,yeah.,False,0,NONE
12003,and what do you put on it?,True,1,EQ_OBJ
12004,you put,False,0,NONE
12005,that's right.,False,0,NONE
12006,that's what you do.,True,1,EQ_OBJ
12007,what?,False,0,NONE
12008,oh I'll sit on the chair in a minute.,False,0,NONE
12009,I'll on it in a minute.,False,0,NONE
12010,what's that?,True,1,MQ_OBJ
12011,uhhuh it's a mug.,False,0,NONE
12012,what's this?,True,1,MQ_OBJ
12013,uhhuh.,False,0,NONE
12014,is it like Judy's cup?,False,0,NONE
12015,uhhuh.,False,0,NONE
12016,and what's that *NULL* you have around your neck?,True,2,EQ_ADJUNCT;RC_OBJ
12017,eh?,False,0,NONE
12018,it's a what Eve?,False,0,NONE
12019,yeah.,False,0,NONE
12020,what's that?,True,1,MQ_OBJ
12021,uhhuh.,False,0,NONE
12022,oh that's what it is.,True,1,EQ_OBJ
12023,it's a very nice one.,False,0,NONE
12024,yeah.,False,0,NONE
12025,is that a tiger or a bear or what?,False,0,NONE
12026,no.,False,0,NONE
12027,no it's a clown.,False,0,NONE
12028,is it a clown?,False,0,NONE
12029,or is it a tiger?,False,0,NONE
12030,that's right.,False,0,NONE
12031,I think it is.,False,0,NONE
12032,hi.,False,0,NONE
12033,hi.,False,0,NONE
12034,it certainly is.,False,0,NONE
12035,yeah.,False,0,NONE
12036,this morning she said.,False,0,NONE
12037,my Fraser's coming.,False,0,NONE
12038,he did come didn't he?,False,0,NONE
12039,he did come.,False,0,NONE
12040,no he doesn't live in Emerson Hall honey.,False,0,NONE
12041,he works there.,False,0,NONE
12042,in the dish,False,0,NONE
12043,your what?,False,0,NONE
12044,there're your noodles.,False,0,NONE
12045,we both have the same kind of dish.,False,0,NONE
12046,that's your dish and that's mine.,False,0,NONE
12047,don't get so excited.,False,0,NONE
12048,yes they're round dishes.,False,0,NONE
12049,well it isn't either yours.,False,0,NONE
12050,just a white one uhhuh.,False,0,NONE
12051,we only have two brown ones.,False,0,NONE
12052,we only have two brown ones.,False,0,NONE
12053,have all of them.,False,0,NONE
12054,that's right.,False,0,NONE
12055,that's right.,False,0,NONE
12056,uhhuh.,False,0,NONE
12057,it was under your sandwich?,False,0,NONE
12058,that's kinda silly.,False,0,NONE
12059,fixed the beans?,False,0,NONE
12060,oh yesterday when we fixed the beans,True,1,EQ_ADJUNCT
12061,uhhuh.,False,0,NONE
12062,I do too.,False,0,NONE
12063,no he didn't.,False,0,NONE
12064,what didn't I do?,True,1,MQ_OBJ
12065,oh no I didn't.,False,0,NONE
12066,yep.,False,0,NONE
12067,I ate my own soup.,False,0,NONE
12068,yes that's right.,False,0,NONE
12069,it is?,False,0,NONE
12070,what is it?,True,1,MQ_OBJ
12071,in Boston.,False,0,NONE
12072,away over there.,False,0,NONE
12073,uhhuh.,False,0,NONE
12074,no.,False,0,NONE
12075,too far away to see.,False,0,NONE
12076,yes.,False,0,NONE
12077,perhaps.,False,0,NONE
12078,uhhuh.,False,0,NONE
12079,uhhuh.,False,0,NONE
12080,did you tell Fraser what you and Papa did this morning?,True,1,EQ_OBJ
12081,don't be so silly and tell him again.,False,0,NONE
12082,tell him again.,False,0,NONE
12083,what did you do?,True,1,MQ_OBJ
12084,went to the garage.,False,0,NONE
12085,oh you went to the garage again.,False,0,NONE
12086,ah.,False,0,NONE
12087,yeah.,False,0,NONE
12088,and what did you see in the subway?,True,1,EQ_OBJ
12089,people.,False,0,NONE
12090,and what else?,False,0,NONE
12091,what do the people go into?,True,1,MQ_OBJ
12092,to get their car.,False,0,NONE
12093,that's right.,False,0,NONE
12094,in the subway what do the people sit down in?,True,1,MQ_OBJ
12095,they go into a,False,0,NONE
12096,and it goes choochoo.,False,0,NONE
12097,what's it called?,True,1,MQ_OBJ
12098,two al?,False,0,NONE
12099,what's two al?,True,1,MQ_OBJ
12100,what?,False,0,NONE
12101,two al.,False,0,NONE
12102,I don't know what that is.,True,1,EQ_OBJ
12103,what do we get on when we go down the stairs in the subway when,True,2,EQ_ADJUNCT;EQ_OBJ
12104,yeah.,False,0,NONE
12105,what?,False,0,NONE
12106,a tunnel?,False,0,NONE
12107,and it's not a tunnel.,False,0,NONE
12108,yes we did see one.,False,0,NONE
12109,what goes on the tracks?,True,1,MQ_SUBJ
12110,what goes on the tracks?,True,1,MQ_SUBJ
12111,subways yes.,False,0,NONE
12112,what?,False,0,NONE
12113,yes we do.,False,0,NONE
12114,yes I think so.,False,0,NONE
12115,you had a big lunch.,False,0,NONE
12116,oh you want your tapioca?,False,0,NONE
12117,"Eve, I 'm almost finished too.",False,0,NONE
12118,what am I almost finished?,True,1,MQ_OBJ
12119,what am I drinking?,True,1,MQ_OBJ
12120,yep I like it.,False,0,NONE
12121,that's what you are.,True,1,EQ_OBJ
12122,uhhuh.,False,0,NONE
12123,"you're what, barefoot?",False,0,NONE
12124,I see them?,False,0,NONE
12125,I think so.,False,0,NONE
12126,before you take a nap we will.,False,0,NONE
12127,he's just looking around.,False,0,NONE
12128,uhhuh.,False,0,NONE
12129,hi.,False,0,NONE
12130,hi.,False,0,NONE
12131,hello.,False,0,NONE
12132,yes I drank all my,False,0,NONE
12133,yep.,False,0,NONE
12134,uhhuh.,False,0,NONE
12135,no he still has it,False,0,NONE
12136,should I give it to Mama?,False,0,NONE
12137,yep,False,0,NONE
12138,I'll have a tomato sandwich.,False,0,NONE
12139,just a moment.,False,0,NONE
12140,what people?,False,0,NONE
12141,there aren't any people out there.,False,0,NONE
12142,I was peeping out at Sarah.,False,0,NONE
12143,I was peeking out at Sarah.,False,0,NONE
12144,well I 'm going To bring her in because she's awake.,False,0,NONE
12145,I make funny noises that's all.,False,0,NONE
12146,hey.,False,0,NONE
12147,you certainly did.,False,0,NONE
12148,on the floor.,False,0,NONE
12149,you want to drink it?,False,0,NONE
12150,well just a minute.,False,0,NONE
12151,yes.,False,0,NONE
12152,please get down.,False,0,NONE
12153,alright.,False,0,NONE
12154,hi.,False,0,NONE
12155,that was the bowl *NULL* my soup was in.,True,1,RC_OBJ
12156,Eve.,False,0,NONE
12157,what's that?,True,1,MQ_OBJ
12158,what's that?,True,1,MQ_OBJ
12159,yeah.,False,0,NONE
12160,and what's that there?,True,1,EQ_OBJ
12161,that's right.,False,0,NONE
12162,and what's this here?,True,1,EQ_OBJ
12163,yeah.,False,0,NONE
12164,that's right.,False,0,NONE
12165,and what's that there?,True,1,EQ_OBJ
12166,yep.,False,0,NONE
12167,and that?,False,0,NONE
12168,oh it got dirty on the bandaid did it?,False,0,NONE
12169,yeah.,False,0,NONE
12170,what is it?,True,1,MQ_OBJ
12171,it hurt.,False,0,NONE
12172,okay let's sit on the couch.,False,0,NONE
12173,that's a good idea.,False,0,NONE
12174,okay you get pencil.,False,0,NONE
12175,take only one.,False,0,NONE
12176,you only need one *NULL* to write with dear.,True,1,RC_OBJ
12177,that's enough.,False,0,NONE
12178,yep.,False,0,NONE
12179,that's.,False,0,NONE
12180,oh you can?,False,0,NONE
12181,okay what would you like to do?,True,1,MQ_OBJ
12182,no we're not ready to turn it yet.,False,0,NONE
12183,we'll be ready in a minute.,False,0,NONE
12184,these are words.,False,0,NONE
12185,these are words.,False,0,NONE
12186,oh they're just they're just on that page.,False,0,NONE
12187,what would you like me to draw here?,True,1,MQ_OBJ
12188,how if I draw a funny face eh?,True,1,EQ_POLAR
12189,okay.,False,0,NONE
12190,what's that?,True,1,MQ_OBJ
12191,yeah.,False,0,NONE
12192,okay?,False,0,NONE
12193,indeed it is.,False,0,NONE
12194,oh who's that?,False,0,NONE
12195,it's your baby what?,False,0,NONE
12196,it's growing?,False,0,NONE
12197,it's what?,False,0,NONE
12198,it's swimming?,False,0,NONE
12199,okay.,False,0,NONE
12200,what did you say?,True,1,MQ_OBJ
12201,alright.,False,0,NONE
12202,yep that's what it does.,True,1,EQ_OBJ
12203,it goes in there.,False,0,NONE
12204,okay.,False,0,NONE
12205,okay.,False,0,NONE
12206,now what am I going To do?,True,2,MQ_OBJ;MQ_SUBJ
12207,yeah.,False,0,NONE
12208,what are you going To do?,True,1,MQ_OBJ
12209,get what?,False,0,NONE
12210,thank you.,False,0,NONE
12211,now whose is this?,True,1,MQ_OBJ
12212,uhhuh.,False,0,NONE
12213,okay.,False,0,NONE
12214,hey what?,False,0,NONE
12215,what's that?,True,1,MQ_OBJ
12216,that's right.,False,0,NONE
12217,and what's that?,True,1,EQ_OBJ
12218,that's right.,False,0,NONE
12219,and what am I pulling?,False,0,NONE
12220,what am I pulling?,True,1,MQ_OBJ
12221,what is that?,True,1,MQ_OBJ
12222,what are you pulling?,True,1,MQ_OBJ
12223,yeah.,False,0,NONE
12224,she said.,False,0,NONE
12225,Papa has short hair.,False,0,NONE
12226,Papa has short hair.,False,0,NONE
12227,uhhuh.,False,0,NONE
12228,that's very nice.,False,0,NONE
12229,well,False,0,NONE
12230,what are you going to write for me?,True,1,MQ_OBJ
12231,swimming?,False,0,NONE
12232,how does all the swimming come in?,True,1,MQ_ADJUNCT
12233,okay.,False,0,NONE
12234,yes.,False,0,NONE
12235,that's just exactly what I 'm singing.,True,1,EQ_OBJ
12236,well,False,0,NONE
12237,okay.,False,0,NONE
12238,he can have eyes in a minute.,False,0,NONE
12239,okay.,False,0,NONE
12240,what is it?,True,1,MQ_OBJ
12241,and what's that on this page?,True,1,EQ_OBJ
12242,that part.,False,0,NONE
12243,no what's this part?,True,1,MQ_OBJ
12244,yeah.,False,0,NONE
12245,well it's round on the other side.,False,0,NONE
12246,where's his other ear?,True,1,MQ_ADJUNCT
12247,yeah.,False,0,NONE
12248,yeah.,False,0,NONE
12249,yeah.,False,0,NONE
12250,yep.,False,0,NONE
12251,why don't you put it down by the dog sweetie and maybe she'll,True,1,EQ_ADJUNCT
12252,put the cow down by the dog and she'll get it in a little bit.,False,0,NONE
12253,that's it.,False,0,NONE
12254,very gently Eve.,False,0,NONE
12255,very gently.,False,0,NONE
12256,she's a good baby you say?,False,0,NONE
12257,she's not,False,0,NONE
12258,okay I'll write you lady.,False,0,NONE
12259,just a little little one?,False,0,NONE
12260,write her some ears?,False,0,NONE
12261,how many ears?,False,0,NONE
12262,nine ears.,False,0,NONE
12263,she's going To look a funny lady isn't she?,False,0,NONE
12264,with ears all over the place.,False,0,NONE
12265,and an ear and her nose and an ear,False,0,NONE
12266,yep.,False,0,NONE
12267,that's what she's got.,True,1,EQ_OBJ
12268,see?,False,0,NONE
12269,there's one.,False,0,NONE
12270,oh oh what's that?,True,1,MQ_OBJ
12271,what's that part there?,True,1,MQ_OBJ
12272,it's what?,True,1,MQ_POLAR
12273,yeah it's her chin yeah.,False,0,NONE
12274,and what's this part?,True,1,EQ_OBJ
12275,this part here.,False,0,NONE
12276,yeah.,False,0,NONE
12277,okay.,False,0,NONE
12278,I'll do that.,False,0,NONE
12279,yeah.,False,0,NONE
12280,no it's a lady.,False,0,NONE
12281,I feel my talents aren't really appreciated,False,0,NONE
12282,I 'm drawing something else for you now.,False,0,NONE
12283,well what does this look like?,True,1,MQ_OBJ
12284,yeah.,False,0,NONE
12285,it's a sailing,False,0,NONE
12286,come and get it.,False,0,NONE
12287,because it's almost time to go upstairs.,False,0,NONE
12288,I heard you say bih.,False,0,NONE
12289,can you look through there?,False,0,NONE
12290,yeah.,False,0,NONE
12291,what?,False,0,NONE
12292,it fix?,False,0,NONE
12293,what'd you do to it?,True,1,MQ_OBJ
12294,okay.,False,0,NONE
12295,what's your name?,True,1,MQ_OBJ
12296,what?,False,0,NONE
12297,what's your name?,True,1,MQ_OBJ
12298,okay.,False,0,NONE
12299,uhhuh.,False,0,NONE
12300,look.,False,0,NONE
12301,there are two pencils aren't there?,False,0,NONE
12302,and now you've got,False,0,NONE
12303,how many?,False,0,NONE
12304,how many do you have?,True,1,MQ_OBJ
12305,why're you saying that?,True,1,MQ_ADJUNCT
12306,who's?,True,1,MQ_SUBJ
12307,what's this?,True,1,MQ_OBJ
12308,this big thing.,False,0,NONE
12309,what is that?,True,1,MQ_OBJ
12310,and what have you put on the table?,True,1,EQ_OBJ
12311,okay.,False,0,NONE
12312,oh that was a very good one.,False,0,NONE
12313,a very good one.,False,0,NONE
12314,there she goes.,False,0,NONE
12315,there's one over here.,False,0,NONE
12316,back here behind the chair.,False,0,NONE
12317,uhhuh.,False,0,NONE
12318,the dolly's on the boy box.,False,0,NONE
12319,uhhuh.,False,0,NONE
12320,how many dollies?,False,0,NONE
12321,are you going To jump on it?,False,0,NONE
12322,be careful.,False,0,NONE
12323,oh we will.,False,0,NONE
12324,yep.,False,0,NONE
12325,oh yes.,False,0,NONE
12326,definitely.,False,0,NONE
12327,what's going,True,1,MQ_SUBJ
12328,oh the cow?,False,0,NONE
12329,the what?,False,0,NONE
12330,let's do it on this stool.,False,0,NONE
12331,watch your head.,False,0,NONE
12332,there a stool back under there Fraser.,False,0,NONE
12333,what are you doing?,True,1,MQ_OBJ
12334,yeah I know.,False,0,NONE
12335,but what is it?,True,1,EQ_OBJ
12336,what are you doing?,True,1,MQ_OBJ
12337,what did you do?,True,1,MQ_OBJ
12338,what did you do to yourself?,True,1,MQ_OBJ
12339,"Eve, what did you do to yourself?",True,1,MQ_OBJ
12340,oh well I'll do it for you then.,False,0,NONE
12341,there.,False,0,NONE
12342,is the cow ready to go down this one?,False,0,NONE
12343,"now that's too much, darling.",False,0,NONE
12344,the cow cann't go down that.,False,0,NONE
12345,get the cow Eve.,False,0,NONE
12346,well I don't think it will.,False,0,NONE
12347,but you try.,False,0,NONE
12348,and the cow can go down the little stool.,False,0,NONE
12349,there you go.,False,0,NONE
12350,oh too much.,False,0,NONE
12351,let's put it on the big table.,False,0,NONE
12352,let's put it on the big table.,False,0,NONE
12353,because it works there.,False,0,NONE
12354,well it willn't work there Eve.,False,0,NONE
12355,it slips right off.,False,0,NONE
12356,uhhuh.,False,0,NONE
12357,what way is that?,True,1,MQ_OBJ
12358,"honey, I don't think it will work on the little stool.",False,0,NONE
12359,it works on the big table just fine.,False,0,NONE
12360,easy.,False,0,NONE
12361,don't break the cow.,False,0,NONE
12362,after all it doesn't belong to you.,False,0,NONE
12363,you'd better not break it.,False,0,NONE
12364,we'll have to buy Becky a new one.,False,0,NONE
12365,no don't break it.,False,0,NONE
12366,not a blue one a new one.,False,0,NONE
12367,you better not.,False,0,NONE
12368,I hope not.,False,0,NONE
12369,put it where?,False,0,NONE
12370,in the trash?,False,0,NONE
12371,well I don't think so.,False,0,NONE
12372,make it red?,False,0,NONE
12373,what are you going to make it?,True,1,MQ_ADJUNCT
12374,Eve?,False,0,NONE
12375,stop throwing it.,False,0,NONE
12376,if you throw it once more I 'm goING To smack your bottom and we'll,True,1,EQ_POLAR
12377,no more throwing.,False,0,NONE
12378,no you throw it again and see what happens.,True,1,EQ_SUBJ
12379,I 'm goING To.,False,0,NONE
12380,smack your bottom and we'll give it back to Becky if you throw it,True,1,EQ_POLAR
12381,you bet I will smack your bottom.,False,0,NONE
12382,well what's going to happen when you throw it again?,True,2,EQ_ADJUNCT;MQ_SUBJ
12383,and what am I going to do when you throw it again?,True,2,EQ_ADJUNCT;EQ_OBJ
12384,that's right.,False,0,NONE
12385,hard.,False,0,NONE
12386,what's your Mommy going To hit?,True,1,MQ_OBJ
12387,you will not throw it.,False,0,NONE
12388,that's a good girl.,False,0,NONE
12389,that makes me happy.,False,0,NONE
12390,that makes Sarah happy too.,False,0,NONE
12391,everybody happy.,False,0,NONE
12392,does it make Eve happy too?,False,0,NONE
12393,she's not having pears.,False,0,NONE
12394,she having peas and squash,False,0,NONE
12395,no not celery.,False,0,NONE
12396,pineapple dessert.,False,0,NONE
12397,that's right.,False,0,NONE
12398,no cereal.,False,0,NONE
12399,not for lunch for breakfast she has cereal.,False,0,NONE
12400,well not while she's eating.,False,0,NONE
12401,wait till she's finished please.,False,0,NONE
12402,right.,False,0,NONE
12403,do you have an alphabet book Eve?,False,0,NONE
12404,boy oh boy oh boy.,False,0,NONE
12405,well we're just about to go upstairs to take a nap.,False,0,NONE
12406,I don't think there's time to read a book Eve.,False,0,NONE
12407,not today because it's time for us.,False,0,NONE
12408,it's very late.,False,0,NONE
12409,next time Fraser comes he'll read you a story.,False,0,NONE
12410,I'll read you lots of stories.,False,0,NONE
12411,what's that little animal there?,True,1,MQ_OBJ
12412,well that's a pretty good idea.,False,0,NONE
12413,you read Fraser a story until we're ready to go.,False,0,NONE
12414,you have Fizzie.,False,0,NONE
12415,oh boy.,False,0,NONE
12416,what is what?,True,1,MQ_OBJ
12417,oh that?,False,0,NONE
12418,iced tea.,False,0,NONE
12419,rabbit.,False,0,NONE
12420,okay.,False,0,NONE
12421,that's enough for now.,False,0,NONE
12422,we'll do some more in a little bit.,False,0,NONE
12423,alright?,False,0,NONE
12424,Cromer's not going to come any more.,False,0,NONE
12425,remember?,False,0,NONE
12426,where did Cromer go?,True,1,MQ_ADJUNCT
12427,no not to Emerson Hall.,False,0,NONE
12428,where did Mom tell you he went?,True,1,EQ_ADJUNCT
12429,where did he go?,True,1,MQ_ADJUNCT
12430,no not for walk.,False,0,NONE
12431,he went to Colorado.,False,0,NONE
12432,yes.,False,0,NONE
12433,he's working there uhhuh.,False,0,NONE
12434,he's coming back to Cambridge.,False,0,NONE
12435,he's coming back to Cambridge.,False,0,NONE
12436,but we willn't be here.,False,0,NONE
12437,because we're going to,False,0,NONE
12438,yes we are.,False,0,NONE
12439,New_Brunswick uhhuh.,False,0,NONE
12440,what are you going to do in New_Brunswick eh?,True,1,MQ_OBJ
12441,you're going To what?,False,0,NONE
12442,yeah.,False,0,NONE
12443,and you're going to have a big,False,0,NONE
12444,and you're going to have a big,False,0,NONE
12445,not not big?,False,0,NONE
12446,what's not going to be big?,True,1,MQ_SUBJ
12447,yes he did.,False,0,NONE
12448,yes he did.,False,0,NONE
12449,who did?,True,1,MQ_SUBJ
12450,who?,False,0,NONE
12451,who went to Colorado?,True,1,MQ_SUBJ
12452,well Fraser's sitting right there on the couch.,False,0,NONE
12453,Fraser's going to England.,False,0,NONE
12454,is that what she was saying?,True,1,EQ_OBJ
12455,Benny?,False,0,NONE
12456,oh bandaid silly.,False,0,NONE
12457,Fraser's going to England and Cromer went to Colorado.,False,0,NONE
12458,eng no not England.,False,0,NONE
12459,that's right.,False,0,NONE
12460,no you're not going to play with the Dodies.,False,0,NONE
12461,they're going to go to the beach.,False,0,NONE
12462,they're going to the beach.,False,0,NONE
12463,later on.,False,0,NONE
12464,uhhuh.,False,0,NONE
12465,after your nap they'll be back probably.,False,0,NONE
12466,alright.,False,0,NONE
12467,how about an eggnog?,False,0,NONE
12468,what?,False,0,NONE
12469,yeah.,False,0,NONE
12470,yes I.,False,0,NONE
12471,there's just a little bit left not very much.,False,0,NONE
12472,you may have what's there.,True,1,EQ_SUBJ
12473,let me wipe your fingers first.,False,0,NONE
12474,then you may have some uhhuh.,False,0,NONE
12475,what were you doing outside playing this morning?,True,1,MQ_OBJ
12476,some medicine?,False,0,NONE
12477,was Cathy sick?,False,0,NONE
12478,no?,False,0,NONE
12479,why were you getting her medicine then?,True,1,MQ_ADJUNCT
12480,did she take it?,False,0,NONE
12481,what did you do with it?,True,1,MQ_OBJ
12482,you were moving the rug?,False,0,NONE
12483,was Cathy on it?,False,0,NONE
12484,and you were pulling her on the rug?,False,0,NONE
12485,I bet that was kinda hard wasn't it?,False,0,NONE
12486,Cathy's big.,False,0,NONE
12487,Cathy's big.,False,0,NONE
12488,well she's little but she's heavy.,False,0,NONE
12489,she is heavy.,False,0,NONE
12490,heavy.,False,0,NONE
12491,no this is all.,False,0,NONE
12492,I'll make some more tomorrow.,False,0,NONE
12493,well I suppose you'll have to have it *NULL* to eat with.,True,2,EQ_SUBJ;RC_OBJ
12494,Sarah's lunch.,False,0,NONE
12495,now Eve wants a eggnog.,False,0,NONE
12496,yeah.,False,0,NONE
12497,Sarah doesn't have a eggnog.,False,0,NONE
12498,Sarah doesn't have a eggnog.,False,0,NONE
12499,yes.,False,0,NONE
12500,what were doing Eve?,False,0,NONE
12501,what was that *NULL* you were doing?,True,2,MQ_OBJ;RC_OBJ
12502,was that a song?,False,0,NONE
12503,it's nice.,False,0,NONE
12504,"now Eve, what else do you want?",True,1,MQ_OBJ
12505,how about a piece of cheese?,False,0,NONE
12506,no no cheese sandwich today.,False,0,NONE
12507,just a piece of cheese.,False,0,NONE
12508,today yes.,False,0,NONE
12509,they are going to the beach.,False,0,NONE
12510,they're going to the beach.,False,0,NONE
12511,to the beach.,False,0,NONE
12512,mhm in a little while.,False,0,NONE
12513,I'll see if I can fix that pool.,True,1,EQ_POLAR
12514,well he's going To fix the swimming pool while you take your nap.,False,0,NONE
12515,maybe Cathy Beach will come and play with you this afternoon,False,0,NONE
12516,in the swimming pool.,False,0,NONE
12517,okay?,False,0,NONE
12518,I know there's a hole in it.,False,0,NONE
12519,a great big one.,False,0,NONE
12520,what?,False,0,NONE
12521,this afternoon not tomorrow.,False,0,NONE
12522,this afternoon after you have your nap.,False,0,NONE
12523,we'll see.,False,0,NONE
12524,I'll call Judy this afternoon.,False,0,NONE
12525,we'll see if they can come.,True,1,EQ_POLAR
12526,no they're not coming right now.,False,0,NONE
12527,Cathy's having her lunch.,False,0,NONE
12528,Papa's eating celery right now.,False,0,NONE
12529,what are you doing to your celery?,True,1,MQ_OBJ
12530,you're,False,0,NONE
12531,yeah.,False,0,NONE
12532,what are you doing to it with your teeth?,True,1,MQ_OBJ
12533,you're,False,0,NONE
12534,a peanut butter sandwich?,False,0,NONE
12535,what are you doing with your celery?,True,1,MQ_OBJ
12536,with your celery?,False,0,NONE
12537,why it isn't a gun.,True,1,MQ_ADJUNCT
12538,it is?,False,0,NONE
12539,well.,False,0,NONE
12540,don't you shoot me.,False,0,NONE
12541,don't you shoot me with that gun.,False,0,NONE
12542,don't shoot Fraser.,False,0,NONE
12543,Fraser doesn't want you to shoot him.,False,0,NONE
12544,if you shoot me with your celery I'll shoot you with my finger.,True,1,EQ_POLAR
12545,yeah.,False,0,NONE
12546,is he shooting you?,False,0,NONE
12547,what'd you do?,True,1,MQ_OBJ
12548,bite your finger?,False,0,NONE
12549,well you're supposed to eat your celery not your finger.,False,0,NONE
12550,it was your thumb?,False,0,NONE
12551,oh I 'm sorry.,False,0,NONE
12552,thumb thumb?,False,0,NONE
12553,bang yourself.,False,0,NONE
12554,bang.,False,0,NONE
12555,yeah I'll be back.,False,0,NONE
12556,no not anymore.,False,0,NONE
12557,perhaps I will.,False,0,NONE
12558,he might back yeah.,False,0,NONE
12559,yes.,False,0,NONE
12560,she's going To have a bottle yes.,False,0,NONE
12561,it's in the kitchen I think on the counter.,False,0,NONE
12562,do you see it?,False,0,NONE
12563,right in front of you.,False,0,NONE
12564,right in front of you.,False,0,NONE
12565,over by the sink.,False,0,NONE
12566,I don't know.,False,0,NONE
12567,do you see it?,False,0,NONE
12568,well I'll find it in a minute.,False,0,NONE
12569,well just a minute sweetie.,False,0,NONE
12570,I'll come and find it.,False,0,NONE
12571,hmm?,False,0,NONE
12572,there's the bottle.,False,0,NONE
12573,right in front of you.,False,0,NONE
12574,right there.,False,0,NONE
12575,sit down please.,False,0,NONE
12576,what're you doing Eve?,True,1,MQ_OBJ
12577,you eating?,False,0,NONE
12578,well I'd rather you didn't do that either.,False,0,NONE
12579,just sit still and eat your lunch.,False,0,NONE
12580,okay.,False,0,NONE
12581,where are you going Eve?,True,1,MQ_ADJUNCT
12582,what's wrong with your leg?,True,1,MQ_SUBJ
12583,now you said you had to peepee.,False,0,NONE
12584,go and do it and then come back.,False,0,NONE
12585,you don't want any dessert?,False,0,NONE
12586,well you must go upstairs and peepee first and then we'll go,False,0,NONE
12587,are you finished with your lunch?,False,0,NONE
12588,dessert.,False,0,NONE
12589,dessert.,False,0,NONE
12590,dessert.,False,0,NONE
12591,dessert.,False,0,NONE
12592,what dear?,False,0,NONE
12593,oh are those for me?,False,0,NONE
12594,oh Eve how delightful.,False,0,NONE
12595,they're very pretty.,False,0,NONE
12596,this morning.,False,0,NONE
12597,yes.,False,0,NONE
12598,they're very lovely.,False,0,NONE
12599,what do you want?,True,1,MQ_OBJ
12600,this one I think is lemon.,False,0,NONE
12601,want this one?,False,0,NONE
12602,I think that one is lemon.,False,0,NONE
12603,you'll like that.,False,0,NONE
12604,I think so.,False,0,NONE
12605,you taste it and see.,False,0,NONE
12606,I think it's lemon.,False,0,NONE
12607,it looks like lemon.,False,0,NONE
12608,uhhuh.,False,0,NONE
12609,that's not candy cane.,False,0,NONE
12610,that's a piece of candy.,False,0,NONE
12611,that's a piece of candy.,False,0,NONE
12612,okay run.,False,0,NONE
12613,quick.,False,0,NONE
12614,David.,False,0,NONE
12615,David.,False,0,NONE
12616,are you upstairs?,False,0,NONE
12617,where is he?,True,1,MQ_ADJUNCT
12618,no he's not in there.,False,0,NONE
12619,"oh what's the wise idea, yourself.",True,1,MQ_SUBJ
12620,I don't know where Papa is Eve.,True,1,EQ_ADJUNCT
12621,I think he went out to the car.,False,0,NONE
12622,you stay up here please.,False,0,NONE
12623,you stay right here.,False,0,NONE
12624,well I hope so.,False,0,NONE
12625,well we'll wait until you finish your candy.,False,0,NONE
12626,then we'll do some more.,False,0,NONE
12627,okay?,False,0,NONE
12628,whoops.,False,0,NONE
12629,let me wash it off.,False,0,NONE
12630,you may have it back because that was an accident.,False,0,NONE
12631,that's right.,False,0,NONE
12632,accident.,False,0,NONE
12633,uhhuh.,False,0,NONE
12634,open your mouth.,False,0,NONE
12635,accident.,False,0,NONE
12636,uhhuh.,False,0,NONE
12637,open your mouth.,False,0,NONE
12638,what?,False,0,NONE
12639,oh your candy.,False,0,NONE
12640,well it's hard to talk with a piece of candy in your mouth I must,False,0,NONE
12641,yes I think we ought to throw it away.,False,0,NONE
12642,put it in the wastebasket.,False,0,NONE
12643,are you going to read Humm?,False,0,NONE
12644,that's not Humm is it?,False,0,NONE
12645,another picture please.,False,0,NONE
12646,what kind a talk's that?,True,1,MQ_SUBJ
12647,how if you sit over here and get your picture taken eh?,True,1,EQ_POLAR
12648,then I'll get my picture taken next time.,False,0,NONE
12649,oh yeah.,False,0,NONE
12650,but I think I'll be back again.,False,0,NONE
12651,oh those are pictures that Papa's taking.,True,1,RC_OBJ
12652,we'll look at them later.,False,0,NONE
12653,sit up straight please.,False,0,NONE
12654,oh you can paint.,False,0,NONE
12655,they're right here.,False,0,NONE
12656,there's one.,False,0,NONE
12657,and there's another one.,False,0,NONE
12658,did I get one?,False,0,NONE
12659,you didn't paint one for me?,False,0,NONE
12660,what did you paint?,True,1,MQ_OBJ
12661,next time.,False,0,NONE
12662,would you paint one for us next time?,False,0,NONE
12663,have one what?,False,0,NONE
12664,he's coating the pictures.,False,0,NONE
12665,they'll get dry in a little bit uhhuh.,False,0,NONE
12666,right.,False,0,NONE
12667,"no Eve, don't touch them please.",False,0,NONE
12668,no not now.,False,0,NONE
12669,hey.,False,0,NONE
12670,put that away missy.,False,0,NONE
12671,you are not playing with that.,False,0,NONE
12672,put it away.,False,0,NONE
12673,do it.,False,0,NONE
12674,now put it back on the table.,False,0,NONE
12675,thank you.,False,0,NONE
12676,no it belongs in here.,False,0,NONE
12677,you do?,False,0,NONE
12678,Fraser's going to come back.,False,0,NONE
12679,Mom was wrong.,False,0,NONE
12680,Fraser's going to come back again.,False,0,NONE
12681,I think I will be back Eve.,False,0,NONE
12682,blouse.,False,0,NONE
12683,goose.,False,0,NONE
12684,I see that blouse.,False,0,NONE
12685,what does that blouse have one?,False,0,NONE
12686,no.,False,0,NONE
12687,it doesn't have snap.,False,0,NONE
12688,it has buttons.,False,0,NONE
12689,it has buttons in the back.,False,0,NONE
12690,you're not to play with the flyswatter.,False,0,NONE
12691,"Eve, because it's very dirty.",False,0,NONE
12692,put it back.,False,0,NONE
12693,you're not to play with it.,False,0,NONE
12694,please put it back.,False,0,NONE
12695,you are not going to play with it.,False,0,NONE
12696,it's dirty.,False,0,NONE
12697,well it's laying right there until we have a fly *NULL* to kill.,True,1,RC_OBJ
12698,fish.,False,0,NONE
12699,hmm?,False,0,NONE
12700,fire?,False,0,NONE
12701,fish.,False,0,NONE
12702,oh are you playing games.,False,0,NONE
12703,well we'll do a few more in a little bit.,False,0,NONE
12704,alright?,False,0,NONE
12705,were you playing games with Sarah?,False,0,NONE
12706,what are you doing to Sarah?,True,1,MQ_OBJ
12707,that's right.,False,0,NONE
12708,hi Eve.,False,0,NONE
12709,hi Eve.,False,0,NONE
12710,for me.,False,0,NONE
12711,oh say that is nice.,False,0,NONE
12712,I have an idea Eve.,False,0,NONE
12713,let's put the pretty picture up here on the wall so we can look at,False,0,NONE
12714,it's some Scotch.,False,0,NONE
12715,we'll put the pretty picture right there.,False,0,NONE
12716,so I can see it yes.,False,0,NONE
12717,we'll put this one right down here,False,0,NONE
12718,Eve.,False,0,NONE
12719,why don't we put one up in your room?,True,1,MQ_ADJUNCT
12720,so you and Sarah can look at it.,False,0,NONE
12721,say that's a nice one.,False,0,NONE
12722,say that is nice.,False,0,NONE
12723,that's for Sarah?,False,0,NONE
12724,well we can move it upstairs later.,False,0,NONE
12725,we'll put it upstairs by the bed when we go up to take a nap.,True,1,EQ_ADJUNCT
12726,when we go up to take a nap we'll put it by the bed so you and,True,1,EQ_ADJUNCT
12727,"Eve, what's that *NULL* your Papa has in his hand?",True,2,MQ_OBJ;RC_OBJ
12728,his left hand.,False,0,NONE
12729,what is that?,True,1,MQ_OBJ
12730,that's right.,False,0,NONE
12731,that's what it is.,True,1,EQ_OBJ
12732,it's a fork.,False,0,NONE
12733,okay.,False,0,NONE
12734,okay.,False,0,NONE
12735,let me draw you some other things.,False,0,NONE
12736,right.,False,0,NONE
12737,yeah.,False,0,NONE
12738,very good.,False,0,NONE
12739,do you know what this would be?,True,1,EQ_OBJ
12740,you see?,False,0,NONE
12741,there's a little boy sitting in it and,False,0,NONE
12742,do you know what this is?,True,1,EQ_OBJ
12743,uhhuh.,False,0,NONE
12744,what do you think this is?,True,1,EQ_OBJ
12745,you have one upstairs.,False,0,NONE
12746,when you're dirty your Mommy puts you in it.,True,2,EQ_ADJUNCT
12747,what is it?,True,1,MQ_OBJ
12748,that's right.,False,0,NONE
12749,oh no I I need these.,False,0,NONE
12750,what is this funny thing?,True,1,MQ_OBJ
12751,what is this funny thing?,True,1,MQ_OBJ
12752,what is that?,True,1,MQ_OBJ
12753,that's right.,False,0,NONE
12754,you're very clever.,False,0,NONE
12755,yeah.,False,0,NONE
12756,what?,False,0,NONE
12757,what is that?,True,1,MQ_OBJ
12758,that's right.,False,0,NONE
12759,it's a penny.,False,0,NONE
12760,would you like a penny?,False,0,NONE
12761,oh you don't?,False,0,NONE
12762,well I'll leave.,False,0,NONE
12763,then when you've got another pair of pants on with pockets then you,True,1,EQ_ADJUNCT
12764,yeah.,False,0,NONE
12765,yeah I have lots of pockets.,False,0,NONE
12766,oh yes I there I have a pocket there.,False,0,NONE
12767,you have what?,False,0,NONE
12768,green ones.,False,0,NONE
12769,ah well that's nice.,False,0,NONE
12770,uh now I 'm going to draw you something else.,False,0,NONE
12771,I wonder if you'll know what this is.,True,2,EQ_OBJ;EQ_POLAR
12772,you find it in the railway station.,False,0,NONE
12773,well you're supposed to tell me.,False,0,NONE
12774,yeah.,False,0,NONE
12775,you want something *NULL* to write?,True,1,RC_OBJ
12776,well what would you like?,True,1,MQ_OBJ
12777,that's your eggnog.,False,0,NONE
12778,just about time for us to go upstairs and take a nap.,False,0,NONE
12779,what is that *NULL* your Mommy has on her finger?,True,2,MQ_OBJ;RC_OBJ
12780,what's that?,True,1,MQ_OBJ
12781,hmm?,False,0,NONE
12782,what is it?,True,1,MQ_OBJ
12783,what is that?,True,1,MQ_OBJ
12784,right there.,False,0,NONE
12785,yes.,False,0,NONE
12786,how many rings?,False,0,NONE
12787,two three four?,False,0,NONE
12788,no.,False,0,NONE
12789,I don't have that many.,False,0,NONE
12790,I have one two rings.,False,0,NONE
12791,one two.,False,0,NONE
12792,hey?,False,0,NONE
12793,Eve?,False,0,NONE
12794,do you know what time it is?,True,1,EQ_OBJ
12795,time to,False,0,NONE
12796,okay.,False,0,NONE
12797,you come right over here.,False,0,NONE
12798,oh you're going To read right over there?,False,0,NONE
12799,alright.,False,0,NONE
12800,what?,False,0,NONE
12801,well I know it's not knee.,False,0,NONE
12802,what is it?,True,1,MQ_OBJ
12803,right.,False,0,NONE
12804,what's that?,True,1,MQ_OBJ
12805,toes.,False,0,NONE
12806,has an sl.,False,0,NONE
12807,toes.,False,0,NONE
12808,no it's not just one toe.,False,0,NONE
12809,it's toes.,False,0,NONE
12810,and what's that?,True,1,EQ_OBJ
12811,that's knee.,False,0,NONE
12812,right.,False,0,NONE
12813,and what's that one?,True,1,EQ_OBJ
12814,right.,False,0,NONE
12815,that's good Eve.,False,0,NONE
12816,good good good.,False,0,NONE
12817,you wanT To hold them for me?,False,0,NONE
12818,let's do that tonight at supper.,False,0,NONE
12819,okay.,False,0,NONE
12820,put the pencil down.,False,0,NONE
12821,give Papa a kiss,False,0,NONE
12822,that dolly's going To sit right there.,False,0,NONE
12823,while you take a nap.,False,0,NONE
12824,don't eat it.,False,0,NONE
12825,please take it in the kitchen and put it on the counter,False,0,NONE
12826,it's wet out there?,False,0,NONE
12827,we better take it along.,False,0,NONE
12828,well give Papa a kiss.,False,0,NONE
12829,no stalling.,False,0,NONE
12830,go and give Papa a kiss.,False,0,NONE
12831,you're not going To read it for Fraser.,False,0,NONE
12832,you may put it away if you like.,True,1,EQ_POLAR
12833,you may take it to bed with you.,False,0,NONE
12834,go and give Papa a kiss.,False,0,NONE
12835,does Fraser get one too?,False,0,NONE
12836,this is one of your pictures.,False,0,NONE
12837,we're going To hang it up on the wall,False,0,NONE
12838,did you tell Fraser goodbye?,False,0,NONE
12839,bye.,False,0,NONE
12840,may I tie your shoe for you please.,False,0,NONE
12841,I don't want you to trip on your shoelace.,False,0,NONE
12842,is right.,False,0,NONE
12843,there.,False,0,NONE
12844,what?,False,0,NONE
12845,well why did you untie it?,True,1,MQ_ADJUNCT
12846,it's not better!,False,0,NONE
12847,what do you mean it's not better?,True,1,MQ_OBJ
12848,Becky's downstairs I guess.,False,0,NONE
12849,Mama's upstairs.,False,0,NONE
12850,where is Eve?,True,1,MQ_ADJUNCT
12851,downstairs?,False,0,NONE
12852,I 'm right here.,False,0,NONE
12853,where are you?,True,1,MQ_ADJUNCT
12854,it's not straight.,False,0,NONE
12855,I know it's not straight.,False,0,NONE
12856,she's sleeping up in her bed.,False,0,NONE
12857,I broke my cream pitcher so I'll just give it to you.,False,0,NONE
12858,oh that's very nice yes.,False,0,NONE
12859,why don't you tell Colin what is that picture?,True,2,EQ_OBJ;MQ_ADJUNCT
12860,you're having a tough time of it.,False,0,NONE
12861,okay.,False,0,NONE
12862,okay I'll put my pencil there.,False,0,NONE
12863,okay I'll get mine out.,False,0,NONE
12864,he is?,False,0,NONE
12865,he is?,False,0,NONE
12866,okay I'll do that.,False,0,NONE
12867,yeah that's very good.,False,0,NONE
12868,what was it?,True,1,MQ_OBJ
12869,okay you do that.,False,0,NONE
12870,but that's your pencil.,False,0,NONE
12871,yes that one's my one.,False,0,NONE
12872,that's your one.,False,0,NONE
12873,are we?,False,0,NONE
12874,not quite.,False,0,NONE
12875,we're not quite ready to turn the page.,False,0,NONE
12876,we what?,False,0,NONE
12877,nope not yet Eve.,False,0,NONE
12878,yes we made a great big hole in here.,False,0,NONE
12879,we have to get a new one.,False,0,NONE
12880,what?,False,0,NONE
12881,but it's not time for lunch yet.,False,0,NONE
12882,you wait just a little bit and we'll have lunch.,False,0,NONE
12883,not now.,False,0,NONE
12884,not now it's not time.,False,0,NONE
12885,would you like to have a cracker?,False,0,NONE
12886,oh it would huh we'll see.,False,0,NONE
12887,oh you need a chocolate one.,False,0,NONE
12888,you may choose it yourself.,False,0,NONE
12889,no that's not some of Margaret Keller's.,False,0,NONE
12890,that's my kleenex.,False,0,NONE
12891,yes what kind of a cookie is it?,True,1,MQ_OBJ
12892,yes we heard you tell Becky to be quiet.,False,0,NONE
12893,alright.,False,0,NONE
12894,"Eve, that's enough.",False,0,NONE
12895,shut the door we willn't hear her then.,False,0,NONE
12896,that's right.,False,0,NONE
12897,yeah.,False,0,NONE
12898,what is that?,True,1,MQ_OBJ
12899,yes indeed I am.,False,0,NONE
12900,may I have coffee with Fraser?,False,0,NONE
12901,well we'll be able to hear Sarah when she wakes up.,True,1,EQ_ADJUNCT
12902,we'll shut the door so we willn't hear Becky.,False,0,NONE
12903,what?,False,0,NONE
12904,all around the what?,False,0,NONE
12905,all around the block?,False,0,NONE
12906,you had to get what?,False,0,NONE
12907,had to get your shoe caught?,False,0,NONE
12908,where did you hear that?,True,1,MQ_ADJUNCT
12909,and then what do you do?,True,1,EQ_OBJ
12910,you do what to your shoes?,False,0,NONE
12911,I don't know what you're talking about.,True,1,EQ_OBJ
12912,and you had to cry?,False,0,NONE
12913,oh is that?,False,0,NONE
12914,well you better cry then.,False,0,NONE
12915,oh alright.,False,0,NONE
12916,that's a silly song.,False,0,NONE
12917,you're a bickle_bicklewp back.,False,0,NONE
12918,what?,False,0,NONE
12919,see you jump?,False,0,NONE
12920,yes we'd love to see jump.,False,0,NONE
12921,very good.,False,0,NONE
12922,no you may have another one for dessert.,False,0,NONE
12923,I see.,False,0,NONE
12924,be careful or you'll fall on your nose.,False,0,NONE
12925,you ask Fraser.,False,0,NONE
12926,yeah.,False,0,NONE
12927,what're you going to ask me?,True,1,MQ_OBJ
12928,yeah.,False,0,NONE
12929,well what did you do with the one *NULL* you had?,True,2,MQ_OBJ;RC_OBJ
12930,there it is on the table by your glass.,False,0,NONE
12931,I suppose so.,False,0,NONE
12932,no.,False,0,NONE
12933,yes he is.,False,0,NONE
12934,nope probably not.,False,0,NONE
12935,he'll share the paper with you while he's here.,False,0,NONE
12936,he'll share the paper with you.,False,0,NONE
12937,alright.,False,0,NONE
12938,is that what you're writing?,True,1,RC_OBJ
12939,okay I'll write you a lady on there.,False,0,NONE
12940,big lady?,False,0,NONE
12941,did he?,False,0,NONE
12942,that helps him draw.,False,0,NONE
12943,there is that a good lady?,False,0,NONE
12944,another big lady?,False,0,NONE
12945,that'd be great huh?,False,0,NONE
12946,there's the other one.,False,0,NONE
12947,oh the other one's here.,False,0,NONE
12948,that helps him to draw better.,False,0,NONE
12949,you don't know to make one?,False,0,NONE
12950,well you try.,False,0,NONE
12951,see if you can make one.,True,1,EQ_POLAR
12952,you look at Fraser's lady and see if you can make one.,True,1,EQ_POLAR
12953,well tear it off from the other end.,False,0,NONE
12954,not that end the other end.,False,0,NONE
12955,mhm.,False,0,NONE
12956,that's right.,False,0,NONE
12957,just one.,False,0,NONE
12958,that's more than one.,False,0,NONE
12959,you're writing holes?,False,0,NONE
12960,it's pretty easy to write holes isn't it?,False,0,NONE
12961,I see you are.,False,0,NONE
12962,what happens when you put it in the hole.,True,2,EQ_ADJUNCT;MQ_SUBJ
12963,hmm.,False,0,NONE
12964,and then what happens?,True,1,EQ_SUBJ
12965,that's what it does?,True,1,EQ_OBJ
12966,oh.,False,0,NONE
12967,"sweetie, it's not time to eat lunch.",False,0,NONE
12968,in just a little bit.,False,0,NONE
12969,I'll fix lunch for you.,False,0,NONE
12970,would you like to have noodle soup?,False,0,NONE
12971,alright.,False,0,NONE
12972,would you please take the pencil off the floor?,False,0,NONE
12973,I know you're rolling it but that's not what you do with pencils,True,1,EQ_OBJ
12974,there is no tapioca.,False,0,NONE
12975,I didn't make any.,False,0,NONE
12976,I will make you some tapioca on Wednesday.,False,0,NONE
12977,well Fraser probably willn't come on Wednesday.,False,0,NONE
12978,the next time it will be either Fraser or Gloria.,False,0,NONE
12979,remember Gloria?,False,0,NONE
12980,Gloria.,False,0,NONE
12981,that's right Gloria.,False,0,NONE
12982,instead of Fraser.,False,0,NONE
12983,maybe both of them will come.,False,0,NONE
12984,would you like that?,False,0,NONE
12985,yes I thought you probably would.,False,0,NONE
12986,they will walk!,False,0,NONE
12987,well that's either Gloria or the mover.,False,0,NONE
12988,let's see.,False,0,NONE
12989,"Eve, come here.",False,0,NONE
12990,I'll tell you what's going to happen.,True,1,EQ_SUBJ
12991,Papa's going to go to the basement with the movers.,False,0,NONE
12992,do you have wet panties?,False,0,NONE
12993,you stay here and talk to Fraser and I 'm going to go in here and,False,0,NONE
12994,everybody's talking to somebody.,False,0,NONE
12995,why don't you tell me about this picture are you sleepy?,True,1,EQ_ADJUNCT
12996,you'll have lunch in a little while.,False,0,NONE
12997,your lunch will make you happy?,False,0,NONE
12998,come on and sit over here.,False,0,NONE
12999,are you alright?,False,0,NONE
13000,okay I'll write you a lady on this page.,False,0,NONE
13001,yeah that's a big lady.,False,0,NONE
13002,where?,False,0,NONE
13003,well there's an ear.,False,0,NONE
13004,how many ears do you want?,True,1,MQ_OBJ
13005,do you want another one like that there?,False,0,NONE
13006,there are two ears.,False,0,NONE
13007,is that right?,False,0,NONE
13008,write another what?,False,0,NONE
13009,alright.,False,0,NONE
13010,I'll make one up here.,False,0,NONE
13011,okay one here.,False,0,NONE
13012,here.,False,0,NONE
13013,nice and quiet now isn't it?,False,0,NONE
13014,yes.,False,0,NONE
13015,is that Papa guitar or Papa's guitar?,False,0,NONE
13016,oh I see.,False,0,NONE
13017,now what do you do after supper?,True,1,MQ_OBJ
13018,you go to Cathy Beach's new house oh goodness.,False,0,NONE
13019,and what do you do once you get there?,True,1,EQ_OBJ
13020,yes Sarah's awake.,False,0,NONE
13021,after you wake up from your nap you're going to go on the street,False,0,NONE
13022,it was something and Danny is that right?,False,0,NONE
13023,are you going to go to the house?,False,0,NONE
13024,I think she was just telling me what she sometimes does.,True,1,EQ_OBJ
13025,well he didn't buy us a new house.,False,0,NONE
13026,he got a new house for us we're going to move in.,False,0,NONE
13027,where is our new house?,True,1,MQ_ADJUNCT
13028,New_Brunswick.,False,0,NONE
13029,right.,False,0,NONE
13030,New_Brunswick is way up in Canada.,False,0,NONE
13031,well sort of.,False,0,NONE
13032,not up in the air though.,False,0,NONE
13033,mhm.,False,0,NONE
13034,on the ground.,False,0,NONE
13035,on the ground yeah.,False,0,NONE
13036,Canada,False,0,NONE
13037,we get in our car and we drive out of Massachusetts and we drive up,False,0,NONE
13038,New_Brunswick's inside of Canada.,False,0,NONE
13039,it's all very confusing I must say.,False,0,NONE
13040,no it's not up in the air.,False,0,NONE
13041,do you know where Ohio is?,True,1,EQ_ADJUNCT
13042,yes that's Grandpa and Granny you're right.,False,0,NONE
13043,who else are we going to see when we go to Ohio?,True,2,EQ_ADJUNCT;MQ_OBJ
13044,who?,False,0,NONE
13045,remember?,False,0,NONE
13046,Peter?,False,0,NONE
13047,what're you going to do when you see Peter?,True,2,EQ_ADJUNCT;MQ_OBJ
13048,what?,False,0,NONE
13049,he's camp.,False,0,NONE
13050,right.,False,0,NONE
13051,yes you can ride on a great big horse.,False,0,NONE
13052,alright darling.,False,0,NONE
13053,just a minute.,False,0,NONE
13054,alright.,False,0,NONE
13055,you sit here.,False,0,NONE
13056,"you will see Fraser, willn't you.",False,0,NONE
13057,alright Eve wants an eggnog.,False,0,NONE
13058,yes I'll put it in your pitcher.,False,0,NONE
13059,just wait'll I make it.,False,0,NONE
13060,where?,False,0,NONE
13061,the little one.,False,0,NONE
13062,milk egg salt.,False,0,NONE
13063,you didn't buy some salt.,False,0,NONE
13064,we already had some salt.,False,0,NONE
13065,Papa bought some vanilla yes because we didn't have any.,False,0,NONE
13066,be very careful.,False,0,NONE
13067,hi.,False,0,NONE
13068,it's in Canada.,False,0,NONE
13069,it's far away and you go by car.,False,0,NONE
13070,mhm.,False,0,NONE
13071,Schroeder.,False,0,NONE
13072,Schroeder and he eats a bread and butter sandwich.,False,0,NONE
13073,that's right.,False,0,NONE
13074,are you a peanut butter eater Colin?,False,0,NONE
13075,my what?,False,0,NONE
13076,am I boy?,False,0,NONE
13077,I used to be.,False,0,NONE
13078,but now I 'm a man.,False,0,NONE
13079,yes.,False,0,NONE
13080,did you?,False,0,NONE
13081,well I used to be.,False,0,NONE
13082,well Papa's a man too.,False,0,NONE
13083,Papa used to be a boy when he was little.,True,1,EQ_ADJUNCT
13084,yes he is.,False,0,NONE
13085,yes he is.,False,0,NONE
13086,you Daddy's a boy is he?,False,0,NONE
13087,you cann't?,False,0,NONE
13088,why not?,False,0,NONE
13089,I 'm not?,False,0,NONE
13090,oh.,False,0,NONE
13091,that's right.,False,0,NONE
13092,I 'm not a boy.,False,0,NONE
13093,oh no I 'm not a girl.,False,0,NONE
13094,no when I was little I was a boy.,True,1,EQ_ADJUNCT
13095,no I wasn't.,False,0,NONE
13096,no.,False,0,NONE
13097,I what?,False,0,NONE
13098,are you a boy or are you a girl?,False,0,NONE
13099,you?,False,0,NONE
13100,"I think you're a girl, aren't you?",False,0,NONE
13101,"you're a girl, aren't you?",False,0,NONE
13102,she's right here.,False,0,NONE
13103,see her?,False,0,NONE
13104,see her?,False,0,NONE
13105,who willn't blow the horn?,True,1,MQ_SUBJ
13106,Dinah?,False,0,NONE
13107,you'll have to teach Fraser that song.,False,0,NONE
13108,there is your spoon.,False,0,NONE
13109,well it's not hot now.,False,0,NONE
13110,that's just right.,False,0,NONE
13111,what're you?,True,1,MQ_OBJ
13112,sure you are.,False,0,NONE
13113,did Fraser tell you you were a boy?,False,0,NONE
13114,"why Fraser's silly, isn't he?",False,0,NONE
13115,who's a boy?,True,1,MQ_SUBJ
13116,that's right.,False,0,NONE
13117,and what's Sarah?,True,1,EQ_OBJ
13118,Sarah's a girl.,False,0,NONE
13119,and what am I?,True,1,EQ_OBJ
13120,that's right.,False,0,NONE
13121,and what're you?,True,1,EQ_OBJ
13122,and what's Becky?,True,1,EQ_OBJ
13123,mhm.,False,0,NONE
13124,we were having a great long argument in which Eve was insisting she,False,0,NONE
13125,well you got things fudged up Eve.,False,0,NONE
13126,I didn't tell you you were a boy.,False,0,NONE
13127,I said you were a girl.,False,0,NONE
13128,you said you were a boy.,False,0,NONE
13129,not Fraser you did.,False,0,NONE
13130,hmm?,False,0,NONE
13131,the monkey on Becky's tv says what?,False,0,NONE
13132,tattaho.,False,0,NONE
13133,what kind of monkey was that?,True,1,MQ_OBJ
13134,black one.,False,0,NONE
13135,what was he doing?,True,1,MQ_OBJ
13136,putting his head in a hole?,False,0,NONE
13137,why was he doing that?,True,1,MQ_ADJUNCT
13138,oh he wanted to.,False,0,NONE
13139,here David.,False,0,NONE
13140,that's your mug.,False,0,NONE
13141,wait let me pour some in another one.,False,0,NONE
13142,no when you're big you're a lady.,True,1,EQ_ADJUNCT
13143,no you'll never be a man.,False,0,NONE
13144,well she'll go right there when I fix your lunch.,True,1,EQ_ADJUNCT
13145,when Fraser goes away?,False,0,NONE
13146,well maybe we'll give her lunch before he goes away because she's,False,0,NONE
13147,she is hungry.,False,0,NONE
13148,hmm?,False,0,NONE
13149,you are.,False,0,NONE
13150,I thought you were eating your lunch.,False,0,NONE
13151,oh this is outside.,False,0,NONE
13152,you're getting wet because it's raining.,False,0,NONE
13153,hmm.,False,0,NONE
13154,yeah I know.,False,0,NONE
13155,you better play in the basement.,False,0,NONE
13156,please eat your noodle soup with your spoon instead of your fingers,False,0,NONE
13157,well the noodles are kind of little.,False,0,NONE
13158,please eat them with your spoon.,False,0,NONE
13159,hmm?,False,0,NONE
13160,no.,False,0,NONE
13161,when you're a boy and you grow up then you're a man.,True,1,EQ_ADJUNCT
13162,but when you're a little girl and you grow up then you're a lady,True,1,EQ_ADJUNCT
13163,Papa used to be a little boy.,False,0,NONE
13164,and he grew up and now he's a man.,False,0,NONE
13165,oh he's only a big boy?,False,0,NONE
13166,well then when he gets a little bit bigger then he'll be a man,True,1,EQ_ADJUNCT
13167,Fraser's bigger?,False,0,NONE
13168,what's Fraser?,True,1,MQ_OBJ
13169,Fraser's Colin.,False,0,NONE
13170,yes I know that.,False,0,NONE
13171,please give me two crackers.,False,0,NONE
13172,she wants to have a peepee just to pass the time away.,False,0,NONE
13173,oh Eve.,False,0,NONE
13174,too many men here today.,False,0,NONE
13175,I hope it makes Sarah happy.,False,0,NONE
13176,Eve do you have to peepee?,False,0,NONE
13177,are you all finished?,False,0,NONE
13178,well put the towel in your lap.,False,0,NONE
13179,you want to have dessert.,False,0,NONE
13180,were you all finished here?,False,0,NONE
13181,you may have a coolpop.,False,0,NONE
13182,what kind do you want?,True,1,MQ_OBJ
13183,green one.,False,0,NONE
13184,well let me see where a green one is.,True,1,EQ_ADJUNCT
13185,think we have the rest of it in what?,False,0,NONE
13186,you are having a coolpop yes.,False,0,NONE
13187,"Sarah, you cann't roll over in the chair.",False,0,NONE
13188,she's trying.,False,0,NONE
13189,is that the mailman?,False,0,NONE
13190,remember Julie?,False,0,NONE
13191,she sent a box.,False,0,NONE
13192,right here.,False,0,NONE
13193,Papa's going To open it up.,False,0,NONE
13194,you're going To what?,False,0,NONE
13195,you're going to eat?,False,0,NONE
13196,oh you're going to read.,False,0,NONE
13197,well we'll see.,False,0,NONE
13198,wait a minute.,False,0,NONE
13199,"I 'm sorry, Eve it's nothing for you.",False,0,NONE
13200,oh look.,False,0,NONE
13201,sheets for our bed and a card.,False,0,NONE
13202,shall we read the card?,False,0,NONE
13203,let's see what she says.,True,1,EQ_OBJ
13204,mhm.,False,0,NONE
13205,they went back home.,False,0,NONE
13206,they were here just for a visit.,False,0,NONE
13207,just to visit mhm.,False,0,NONE
13208,what dear?,False,0,NONE
13209,well is there one in the kitchen?,False,0,NONE
13210,what did you do with all of them?,True,1,MQ_OBJ
13211,well they're probably in your crayon box.,False,0,NONE
13212,yes I see it.,False,0,NONE
13213,let you find them there.,False,0,NONE
13214,big one and a little one.,False,0,NONE
13215,oh you don't want the little one.,False,0,NONE
13216,oh is this my pad?,False,0,NONE
13217,you wouldn't like it?,False,0,NONE
13218,okay.,False,0,NONE
13219,you wouldn't like it at all.,False,0,NONE
13220,"yeah this is a different kind of pad, isn't it?",False,0,NONE
13221,you want to write what?,False,0,NONE
13222,okay can you write a snowman?,False,0,NONE
13223,okay.,False,0,NONE
13224,do you want me to write you a snowman?,False,0,NONE
13225,okay.,False,0,NONE
13226,just a little one okay.,False,0,NONE
13227,I'll be right back Eve.,False,0,NONE
13228,two snowmen well.,False,0,NONE
13229,okay I'll will write you another one.,False,0,NONE
13230,right there.,False,0,NONE
13231,do you think there'll be enough room there?,False,0,NONE
13232,will there?,False,0,NONE
13233,okay I'll write you a snowman with your crayons.,False,0,NONE
13234,you're sitting on it.,False,0,NONE
13235,yes.,False,0,NONE
13236,on this page?,False,0,NONE
13237,what's Fraser doing?,True,1,MQ_OBJ
13238,picture of what?,False,0,NONE
13239,small one?,False,0,NONE
13240,big?,False,0,NONE
13241,"I should drink my coffee, shouldn't I?",False,0,NONE
13242,mhm.,False,0,NONE
13243,I was using the crayon and the pencil see?,False,0,NONE
13244,and a pipe.,False,0,NONE
13245,we'll make it a black pipe.,False,0,NONE
13246,another what?,False,0,NONE
13247,a red what?,False,0,NONE
13248,snowman?,False,0,NONE
13249,okay.,False,0,NONE
13250,what dear?,False,0,NONE
13251,when he comes back.,True,1,EQ_OBJ
13252,you mean he's not going to do anymore now?,False,0,NONE
13253,oh is he?,False,0,NONE
13254,well he's here.,False,0,NONE
13255,why wait until he comes back?,True,1,EQ_ADJUNCT
13256,yes.,False,0,NONE
13257,al bl.,False,0,NONE
13258,put her in the basement.,False,0,NONE
13259,how are you Eve?,True,1,MQ_ADJUNCT
13260,oh did you forget about your Fizzie?,False,0,NONE
13261,Eve that's Colin's paper.,False,0,NONE
13262,it's not time for lunch yet it's too early.,False,0,NONE
13263,you drink your Fizzie.,False,0,NONE
13264,"honey, it's not time for lunch.",False,0,NONE
13265,you can have it in just a little bit.,False,0,NONE
13266,no Fraser will probably stay here and watch you have your lunch,False,0,NONE
13267,Gloria is coming.,False,0,NONE
13268,with Fraser mhm.,False,0,NONE
13269,heard you saying why are you saying it?,True,1,MQ_ADJUNCT
13270,I see Eve.,False,0,NONE
13271,very beautiful.,False,0,NONE
13272,eat what?,False,0,NONE
13273,they were playing with beads this morning.,False,0,NONE
13274,would you please bring over that ashtray from the television set?,False,0,NONE
13275,yes my dear.,False,0,NONE
13276,yes.,False,0,NONE
13277,you're sure acting silly this morning Eve.,False,0,NONE
13278,don't put the beads in your mouth Eve.,False,0,NONE
13279,mhm.,False,0,NONE
13280,are you the mommy?,False,0,NONE
13281,what're you cooking for supper?,True,1,MQ_OBJ
13282,pastina and what else?,False,0,NONE
13283,what kind of meat are we having?,True,1,MQ_OBJ
13284,aren't we having any meat?,False,0,NONE
13285,what?,False,0,NONE
13286,what kind of meat?,False,0,NONE
13287,what?,False,0,NONE
13288,who knows what that is.,True,2,EQ_OBJ;MQ_SUBJ
13289,you'd better stop chewing the bones.,False,0,NONE
13290,that's the string of the beads.,False,0,NONE
13291,are you putting something on your knee?,False,0,NONE
13292,I think you ought to put the supper over on the table.,False,0,NONE
13293,oh.,False,0,NONE
13294,that's the cooking place.,False,0,NONE
13295,what is the cooking place.,True,1,MQ_OBJ
13296,that's where you cook the meat?,True,1,EQ_ADJUNCT
13297,hmm.,False,0,NONE
13298,is it a refrigerator?,False,0,NONE
13299,what do we like to eat?,True,1,MQ_OBJ
13300,you like that.,False,0,NONE
13301,I don't.,False,0,NONE
13302,why don't you cook something else.,True,1,MQ_ADJUNCT
13303,I like some meat please.,False,0,NONE
13304,what kind of meat?,False,0,NONE
13305,big ones.,False,0,NONE
13306,big ones what?,False,0,NONE
13307,yeah.,False,0,NONE
13308,what is the refrigerator?,True,1,MQ_OBJ
13309,oh is that your refrigerator?,False,0,NONE
13310,I 'm going to take some ice cubes out.,False,0,NONE
13311,better get some ice cubes.,False,0,NONE
13312,alright.,False,0,NONE
13313,it's not?,False,0,NONE
13314,takes a long time to cook.,False,0,NONE
13315,is it stew?,False,0,NONE
13316,well I 'm getting hungry.,False,0,NONE
13317,I wish you'd get done.,False,0,NONE
13318,alright.,False,0,NONE
13319,may I have some bread and butter while I 'm waiting for the stew?,False,0,NONE
13320,alright.,False,0,NONE
13321,thank you.,False,0,NONE
13322,that'll make me happy until supper's ready.,False,0,NONE
13323,hey.,False,0,NONE
13324,well I 'm hungry too.,False,0,NONE
13325,I don't wanT To wait.,False,0,NONE
13326,"see how frustrating it is, Eve, to have people stomping their",False,0,NONE
13327,yes.,False,0,NONE
13328,I want something *NULL* to eat!,True,1,RC_OBJ
13329,hurry up I want something *NULL* to eat right now.,True,1,RC_OBJ
13330,I want something *NULL* right now to eat.,True,1,RC_OBJ
13331,I don't wanT To wait.,False,0,NONE
13332,better give Papa some bread and butter Eve.,False,0,NONE
13333,where is it?,True,1,MQ_ADJUNCT
13334,alright.,False,0,NONE
13335,I 'm going outside.,False,0,NONE
13336,I don't wanT To eat now.,False,0,NONE
13337,is that supper done yet?,False,0,NONE
13338,goodness it takes a long time.,False,0,NONE
13339,oh I 'm terribly sorry.,False,0,NONE
13340,I didn't know I was standing on your ice cubes.,False,0,NONE
13341,I didn't know where they were.,True,1,EQ_ADJUNCT
13342,you forgot to tell me what you'd done with them.,True,1,EQ_OBJ
13343,icecubes?,False,0,NONE
13344,cooking?,False,0,NONE
13345,I don't think icecubes cook Eve.,False,0,NONE
13346,icecubes freeze.,False,0,NONE
13347,that's right to freeze.,False,0,NONE
13348,I don't wanT To wait.,False,0,NONE
13349,I wanT To eat right now.,False,0,NONE
13350,I cann't wait.,False,0,NONE
13351,I 'm so hungry.,False,0,NONE
13352,please give me something *NULL* to eat.,True,1,RC_OBJ
13353,well I cann't wait till you're up from your nap.,False,0,NONE
13354,better give your father something *NULL* to eat.,True,1,RC_OBJ
13355,what would you have?,True,1,MQ_OBJ
13356,well guess what I made for you.,True,1,EQ_OBJ
13357,guess.,False,0,NONE
13358,what do you like best of all?,True,1,MQ_OBJ
13359,that's right.,False,0,NONE
13360,and that's what I made for you.,True,1,EQ_OBJ
13361,it's right here.,False,0,NONE
13362,well that's the one *NULL* you wouldn't let Papa have.,True,1,RC_OBJ
13363,well how about that.,False,0,NONE
13364,I 'm sorely disappointed.,False,0,NONE
13365,hello.,False,0,NONE
13366,mhm.,False,0,NONE
13367,I've been working at it awhile.,False,0,NONE
13368,I've been working at it awhile.,False,0,NONE
13369,well just wait a second.,False,0,NONE
13370,yes.,False,0,NONE
13371,yeah.,False,0,NONE
13372,did you spill it on your dress?,False,0,NONE
13373,well don't eat it off your tray.,False,0,NONE
13374,I know you don't like the crust.,False,0,NONE
13375,that's why I 'm cutting it off.,True,1,EQ_ADJUNCT
13376,shall I fold it over or do you want to?,False,0,NONE
13377,a bubble.,False,0,NONE
13378,what kind of bubble.,False,0,NONE
13379,right there.,False,0,NONE
13380,hi Eve remember me?,False,0,NONE
13381,that's Gloria.,False,0,NONE
13382,may I sit on your chair Eve?,False,0,NONE
13383,oh Eve eat your lunch.,False,0,NONE
13384,you can peek at her in a little bit.,False,0,NONE
13385,just forget she's there.,False,0,NONE
13386,that's right.,False,0,NONE
13387,do you want carrots or a piece of celery?,False,0,NONE
13388,yes we do have celery.,False,0,NONE
13389,we don't have any carrots.,False,0,NONE
13390,do you want celery?,False,0,NONE
13391,we do have celery.,False,0,NONE
13392,want some?,False,0,NONE
13393,yes.,False,0,NONE
13394,she's writing with Fraser.,False,0,NONE
13395,is that Fraser's Gloria?,False,0,NONE
13396,well maybe.,False,0,NONE
13397,after a fashion.,False,0,NONE
13398,after a fashion yes.,False,0,NONE
13399,oh I 'm sorry.,False,0,NONE
13400,yeah.,False,0,NONE
13401,you want to finish this tapioca while I go and feed Sarah?,False,0,NONE
13402,she's in with Papa right now.,False,0,NONE
13403,no more.,False,0,NONE
13404,hi Eve how are you?,False,0,NONE
13405,well I thought I'd have some more coffee.,False,0,NONE
13406,I 'm eating it.,False,0,NONE
13407,may I have some of your sandwich?,False,0,NONE
13408,what?,False,0,NONE
13409,you may but you cann't too.,False,0,NONE
13410,I may have some but I cann't too.,False,0,NONE
13411,yes dear.,False,0,NONE
13412,I see you.,False,0,NONE
13413,there I am.,False,0,NONE
13414,hi.,False,0,NONE
13415,they'll go in a little bit mhm.,False,0,NONE
13416,I 'm right here.,False,0,NONE
13417,what dear?,False,0,NONE
13418,what do you want dear?,True,1,MQ_OBJ
13419,you ready for dessert already?,False,0,NONE
13420,you want it?,False,0,NONE
13421,you want dessert.,False,0,NONE
13422,okay.,False,0,NONE
13423,do you want this?,False,0,NONE
13424,I should be big.,False,0,NONE
13425,well you're getting bigger every day.,False,0,NONE
13426,would you like me to wipe your hands?,False,0,NONE
13427,my coat I think she said.,False,0,NONE
13428,do you do you you want to wear you bibbie or shall I,False,0,NONE
13429,snap.,False,0,NONE
13430,jump down you girl.,False,0,NONE
13431,alright get down then.,False,0,NONE
13432,good for Pa.,False,0,NONE
13433,it certainly is.,False,0,NONE
13434,that's right.,False,0,NONE
13435,right.,False,0,NONE
13436,right right.,False,0,NONE
13437,right right.,False,0,NONE
13438,right right.,False,0,NONE
13439,where's David?,True,1,MQ_ADJUNCT
13440,oh I thought I was Papa.,False,0,NONE
13441,yes.,False,0,NONE
13442,where's Colin?,True,1,MQ_ADJUNCT
13443,where's Fraser?,True,1,MQ_ADJUNCT
13444,where's Colin Fraser?,True,1,MQ_ADJUNCT
13445,well she's not sitting on our couch now but she did before.,False,0,NONE
13446,Eve don't put your feet up there.,False,0,NONE
13447,no it'll come on by itself.,False,0,NONE
13448,well the heater turns on itself yes.,False,0,NONE
13449,it's too messy.,False,0,NONE
13450,hmm.,False,0,NONE
13451,what?,False,0,NONE
13452,there's no fish food in there floating around.,False,0,NONE
13453,do you have an ashtray Gloria?,False,0,NONE
13454,what were you doing outside this morning?,True,1,MQ_OBJ
13455,you were playing so long?,False,0,NONE
13456,oh Eve look you have chocolate all over you.,False,0,NONE
13457,yes.,False,0,NONE
13458,stop chewing on your clothes.,False,0,NONE
13459,where're you going there toots?,True,1,MQ_ADJUNCT
13460,you cann't get out there.,False,0,NONE
13461,don't you step in the chair there.,False,0,NONE
13462,climb over.,False,0,NONE
13463,here.,False,0,NONE
13464,too bad.,False,0,NONE
13465,I see you did get in.,False,0,NONE
13466,you cann't see what?,False,0,NONE
13467,why you can so see the fish tank.,True,1,MQ_POLAR
13468,are your eyes growing dim?,False,0,NONE
13469,yeah?,False,0,NONE
13470,I thought so.,False,0,NONE
13471,she's doing fine thank you.,False,0,NONE
13472,big help.,False,0,NONE
13473,big help.,False,0,NONE
13474,why don't you take your shoes and socks off so when you go upstairs,True,2,EQ_ADJUNCT
13475,alright.,False,0,NONE
13476,I don't think you can untie those knots because I tied two in them,False,0,NONE
13477,sit right here please.,False,0,NONE
13478,are you going to do it?,False,0,NONE
13479,well you just see.,False,0,NONE
13480,it's a hard thing *NULL* to do.,True,1,RC_OBJ
13481,will Fraser do it?,False,0,NONE
13482,you ask Fraser if he'll do it for you.,True,1,EQ_POLAR
13483,what would you like?,False,0,NONE
13484,he doesn't know what do.,True,1,EQ_OBJ
13485,you didn't ask him.,False,0,NONE
13486,you just have your foot up there.,False,0,NONE
13487,Fraser will do it.,False,0,NONE
13488,good Fraser.,False,0,NONE
13489,yeah.,False,0,NONE
13490,yeah.,False,0,NONE
13491,this is a complicated knot.,False,0,NONE
13492,they didn't teach me this in the Boy_Scouts.,False,0,NONE
13493,it's not finished.,False,0,NONE
13494,can you untie that knot now?,False,0,NONE
13495,that's it.,False,0,NONE
13496,you can do the rest of it.,False,0,NONE
13497,and your socks please.,False,0,NONE
13498,do they have dirt in them?,False,0,NONE
13499,why were you playing in the sandbox or something?,False,0,NONE
13500,why do they have dirt in them then?,True,1,MQ_ADJUNCT
13501,Jackie came yesterday.,False,0,NONE
13502,well but you had a bath since then.,False,0,NONE
13503,you shouldn't have dirt in your shoes from yesterday.,False,0,NONE
13504,yes Jackie came yesterday,False,0,NONE
13505,yesterday afternoon.,False,0,NONE
13506,yes I know you did yesterday but there's no dirt in there now.,False,0,NONE
13507,well there'd better not be.,False,0,NONE
13508,yes you're going barefoot.,False,0,NONE
13509,oh honey I'll write you a snowman later.,False,0,NONE
13510,yes I can get you.,False,0,NONE
13511,alright.,False,0,NONE
13512,hi Eve.,False,0,NONE
13513,what's the wise idea.,True,1,MQ_OBJ
13514,that's Becky's phrase.,False,0,NONE
13515,the wise idea.,False,0,NONE
13516,no that's not right.,False,0,NONE
13517,no it's not.,False,0,NONE
13518,wise.,False,0,NONE
13519,wise idea.,False,0,NONE
13520,well you sit in the rocking chair because Sarah's going to sit in,False,0,NONE
13521,you have some tissue in your mouth.,False,0,NONE
13522,see if you can get it.,True,1,EQ_POLAR
13523,hi Eve.,False,0,NONE
13524,how are you this morning dear.,True,1,MQ_ADJUNCT
13525,hmm?,False,0,NONE
13526,you alright?,False,0,NONE
13527,good.,False,0,NONE
13528,it's a nice big glass isn't it?,False,0,NONE
13529,and what's in the nice big glass?,True,1,EQ_SUBJ
13530,what does it taste like?,True,1,MQ_OBJ
13531,that's a lot of thinking.,False,0,NONE
13532,what are you thinking about?,True,1,MQ_OBJ
13533,the Fizzie?,False,0,NONE
13534,are there different kinds of Fizzie.,False,0,NONE
13535,or just one Fizzie?,False,0,NONE
13536,what kinds of Fizzies?,False,0,NONE
13537,orange?,False,0,NONE
13538,orange Fizzie?,False,0,NONE
13539,and you had an orange Fizzie?,False,0,NONE
13540,yesterday.,False,0,NONE
13541,did you like it?,False,0,NONE
13542,what kind of Fizzie do you have today?,True,1,MQ_OBJ
13543,you have a grape Fizzie?,False,0,NONE
13544,which do you like better?,True,1,MQ_OBJ
13545,you like the grape.,False,0,NONE
13546,it's a big glass of cold isn't it.,False,0,NONE
13547,what else is inside your glass?,True,1,MQ_SUBJ
13548,what else?,False,0,NONE
13549,icecubes.,False,0,NONE
13550,do you like icecubes?,False,0,NONE
13551,now let's not be so squirrely pumpkin.,False,0,NONE
13552,does she know that she's taking a trip?,False,0,NONE
13553,are you going somewhere?,False,0,NONE
13554,that's Becky on the truck?,False,0,NONE
13555,and what's she doing there?,True,1,EQ_OBJ
13556,what kind of truck is she on?,True,1,MQ_OBJ
13557,a blue truck.,False,0,NONE
13558,is it a big truck or a little truck?,False,0,NONE
13559,that's my pencil yes.,False,0,NONE
13560,the other way?,False,0,NONE
13561,hello Eve.,False,0,NONE
13562,how are you Eve?,True,1,MQ_ADJUNCT
13563,what's that she's sitting on?,True,1,EQ_OBJ
13564,a glass of cold.,False,0,NONE
13565,a glass of cold grape fizz.,False,0,NONE
13566,grape Fizzie.,False,0,NONE
13567,a glass of cold grape Fizzie?,False,0,NONE
13568,is that your little girl crying?,False,0,NONE
13569,is that your little baby crying?,False,0,NONE
13570,Eve please don't chew on your dress.,False,0,NONE
13571,we have this difficulty in the apartment building.,False,0,NONE
13572,in fact there's a new baby *NULL* I've not seen but only heard.,True,2,RC_OBJ
13573,no it's not her crying.,False,0,NONE
13574,Eve.,False,0,NONE
13575,you stay down here please Sarah's.,False,0,NONE
13576,Sarah is sleeping Eve.,False,0,NONE
13577,no she's not crying she's,False,0,NONE
13578,Eve.,False,0,NONE
13579,Eve dear.,False,0,NONE
13580,please come down the stairs.,False,0,NONE
13581,Eve please come here.,False,0,NONE
13582,I want to speak to you please.,False,0,NONE
13583,Eve what's this over here?,True,1,MQ_OBJ
13584,Eve honey.,False,0,NONE
13585,I think she's wet.,False,0,NONE
13586,there's old fat Sarah.,False,0,NONE
13587,hi fat Sarah.,False,0,NONE
13588,can you peek with Sarah?,False,0,NONE
13589,can you peek with Sarah?,False,0,NONE
13590,oh Sarah isn't that a wet diaper.,False,0,NONE
13591,it certainly is.,False,0,NONE
13592,Sarah's rubber pants.,False,0,NONE
13593,that's your big sis Sarah.,False,0,NONE
13594,mhm alright.,False,0,NONE
13595,would you like to use this?,False,0,NONE
13596,it's just like mine.,False,0,NONE
13597,it's the same as Papa's is.,False,0,NONE
13598,how about that?,False,0,NONE
13599,what is Papa doing?,True,1,MQ_OBJ
13600,who's that?,True,1,MQ_OBJ
13601,it looks like a little girl.,False,0,NONE
13602,Sarah.,False,0,NONE
13603,is that Sarah?,False,0,NONE
13604,that's a man?,False,0,NONE
13605,that's another man.,False,0,NONE
13606,you're making it all red how nice.,False,0,NONE
13607,write another one.,False,0,NONE
13608,what's Sarah doing?,True,1,MQ_OBJ
13609,she's just sitting there?,False,0,NONE
13610,is Eve allowed to write on the table?,False,0,NONE
13611,why don't you sit here and you write there?,True,1,MQ_ADJUNCT
13612,you want to write with me?,False,0,NONE
13613,where's your crayon Eve?,True,1,MQ_ADJUNCT
13614,where's your writing pad Eve?,True,1,MQ_ADJUNCT
13615,let's see what can we let you write on?,True,1,MQ_OBJ
13616,alright you write here with me.,False,0,NONE
13617,let's make another.,False,0,NONE
13618,let's make a baby.,False,0,NONE
13619,make a pretty little baby?,False,0,NONE
13620,what's the baby doing?,True,1,MQ_OBJ
13621,okay put tops on the other side.,False,0,NONE
13622,you put the top of yours on the other side.,False,0,NONE
13623,what's the baby doing.,True,1,MQ_OBJ
13624,is that a green baby or a red baby?,False,0,NONE
13625,that's a red baby.,False,0,NONE
13626,that's right.,False,0,NONE
13627,the red is on top of a green one.,False,0,NONE
13628,then the green's underneath the red one isn't it.,False,0,NONE
13629,on this part?,False,0,NONE
13630,okay.,False,0,NONE
13631,we'll make a fat baby.,False,0,NONE
13632,okay?,False,0,NONE
13633,here's the big eyes.,False,0,NONE
13634,here's a little tiny nose.,False,0,NONE
13635,and here's a nice smiling little mouth.,False,0,NONE
13636,how's that?,True,1,MQ_ADJUNCT
13637,is that a smiling baby or a crying baby?,False,0,NONE
13638,does this baby have hair?,False,0,NONE
13639,oh now it's a green baby!,False,0,NONE
13640,what's that?,True,1,MQ_OBJ
13641,that red.,False,0,NONE
13642,isn't that blue?,False,0,NONE
13643,you put yours on top.,False,0,NONE
13644,let's put mine on yours and put yours on mine.,False,0,NONE
13645,now put yours on mine.,False,0,NONE
13646,you put the top on and I put.,False,0,NONE
13647,then I cann't write either.,False,0,NONE
13648,what's Sarah doing?,True,1,MQ_OBJ
13649,what does she have?,True,1,MQ_OBJ
13650,what kind of toys?,False,0,NONE
13651,was that your toy first?,False,0,NONE
13652,what'd you do?,True,1,MQ_OBJ
13653,you wrote on yourself.,False,0,NONE
13654,oh want me take it off?,False,0,NONE
13655,let's see.,False,0,NONE
13656,oh no here.,False,0,NONE
13657,here watch.,False,0,NONE
13658,magic.,False,0,NONE
13659,magic.,False,0,NONE
13660,magic.,False,0,NONE
13661,there.,False,0,NONE
13662,off some more?,False,0,NONE
13663,goodness sakes.,False,0,NONE
13664,there it goes.,False,0,NONE
13665,see it's going away.,False,0,NONE
13666,here.,False,0,NONE
13667,just about.,False,0,NONE
13668,there.,False,0,NONE
13669,no more.,False,0,NONE
13670,let's check that out shall we?,False,0,NONE
13671,oh my quite a glob.,False,0,NONE
13672,tickle?,False,0,NONE
13673,uhhuh.,False,0,NONE
13674,oh want to blow it off?,False,0,NONE
13675,there.,False,0,NONE
13676,big big breath wasn't it.,False,0,NONE
13677,no cann't write again.,False,0,NONE
13678,let's make a coffee cup.,False,0,NONE
13679,there's the coffee.,False,0,NONE
13680,you're putting the coffee in the cup.,False,0,NONE
13681,oh isn't that awful.,False,0,NONE
13682,you putting the coffee in the cup.,False,0,NONE
13683,let's make another coffee cup here.,False,0,NONE
13684,put coffee in the coffee cup.,False,0,NONE
13685,that's a lot of coffee.,False,0,NONE
13686,you made a baby!,False,0,NONE
13687,look at what you did.,True,1,EQ_OBJ
13688,Eve you see drew a little baby.,False,0,NONE
13689,here are the eyes and here's the nose.,False,0,NONE
13690,no that's a tongue sticking his tongue out.,False,0,NONE
13691,that's your card?,False,0,NONE
13692,you going to put some coffee.,False,0,NONE
13693,put some milk in your cup.,False,0,NONE
13694,that's Eve's cup.,False,0,NONE
13695,write Eve?,False,0,NONE
13696,el vl el Eve.,False,0,NONE
13697,can you translate?,False,0,NONE
13698,write for her.,False,0,NONE
13699,write her instead of draw her.,False,0,NONE
13700,draw her head and then it'll be Eve.,False,0,NONE
13701,you want me to draw your head?,False,0,NONE
13702,here's head.,False,0,NONE
13703,and here's an eyebrow and here's another eyebrow and here's an eye,False,0,NONE
13704,and here's another eye.,False,0,NONE
13705,how many eyes do you have?,True,1,MQ_OBJ
13706,that's a lot of eyes.,False,0,NONE
13707,I wouldn't put that.,False,0,NONE
13708,Eve don't put the pencil in your eye dear.,False,0,NONE
13709,you don't want red eyes do you?,False,0,NONE
13710,because you have pretty blue eyes.,False,0,NONE
13711,and let's make a little tiny nose.,False,0,NONE
13712,Eve do not do it again.,False,0,NONE
13713,here's a little tiny nose.,False,0,NONE
13714,and here's a very pretty little mouth.,False,0,NONE
13715,how's that?,True,1,MQ_ADJUNCT
13716,okay put some milk in there in this cup.,False,0,NONE
13717,see it even says Eve.,False,0,NONE
13718,very good.,False,0,NONE
13719,that's very good.,False,0,NONE
13720,that's a nice looking now too isn't it.,False,0,NONE
13721,let's make another cup.,False,0,NONE
13722,and let's put some Fizzie in the other cup.,False,0,NONE
13723,look at all the nice Fizzie.,False,0,NONE
13724,what kind of Fizzie is it?,True,1,MQ_OBJ
13725,grape Fizzie or orange Fizzie?,False,0,NONE
13726,and let's put an ice cube in.,False,0,NONE
13727,that's an ice cube.,False,0,NONE
13728,how many icecubes do we have?,True,1,MQ_OBJ
13729,she actually is.,False,0,NONE
13730,um.,False,0,NONE
13731,I put it on your stool.,False,0,NONE
13732,well bring it back in the living room then but don't be so sassy,False,0,NONE
13733,Sarah's answering.,False,0,NONE
13734,I think Eve the top fell on the floor if that's what you're,True,2,EQ_POLAR
13735,maybe it's under the couch.,False,0,NONE
13736,do you see it?,False,0,NONE
13737,where is it?,True,1,MQ_ADJUNCT
13738,okay here's another one.,False,0,NONE
13739,here.,False,0,NONE
13740,let's draw a picture here Eve.,False,0,NONE
13741,now let's make a big bottle.,False,0,NONE
13742,a big bottle?,False,0,NONE
13743,and what'll we put in the bottle?,True,1,EQ_OBJ
13744,okay.,False,0,NONE
13745,that's good.,False,0,NONE
13746,let's make another one.,False,0,NONE
13747,make a very big bottle.,False,0,NONE
13748,what shall we put in that bottle?,True,1,MQ_OBJ
13749,Fizzie.,False,0,NONE
13750,what's a matter?,True,1,MQ_OBJ
13751,what're you putting in?,True,1,MQ_OBJ
13752,put another milk okay.,False,0,NONE
13753,here's another white one.,False,0,NONE
13754,Sarah Sarah.,False,0,NONE
13755,where's your toy?,True,1,MQ_ADJUNCT
13756,Sarah cann't find her rattle.,False,0,NONE
13757,do you want to find it for her?,False,0,NONE
13758,oops Sarah rolled over.,False,0,NONE
13759,careful with her now.,False,0,NONE
13760,very careful.,False,0,NONE
13761,that's it.,False,0,NONE
13762,be careful now honey.,False,0,NONE
13763,that's it.,False,0,NONE
13764,easy.,False,0,NONE
13765,easy does it.,False,0,NONE
13766,very careful with her arm.,False,0,NONE
13767,don't twist it.,False,0,NONE
13768,alright.,False,0,NONE
13769,let's roll her back on the cushion shall we.,False,0,NONE
13770,there we go Sarah.,False,0,NONE
13771,there.,False,0,NONE
13772,oh big sis helped you get back on the cushion.,False,0,NONE
13773,you must thank her.,False,0,NONE
13774,she probably would.,False,0,NONE
13775,go get your pencil?,False,0,NONE
13776,Eve I don't like that noise.,False,0,NONE
13777,let's get the big spoon.,False,0,NONE
13778,the spoon.,False,0,NONE
13779,what'd you put on the spoon?,True,1,MQ_OBJ
13780,what?,False,0,NONE
13781,put some jello on the spoon.,False,0,NONE
13782,put some jello in.,False,0,NONE
13783,she put pastina in it which is one of her favorite foods.,False,0,NONE
13784,that's another spoon.,False,0,NONE
13785,write Sarah?,False,0,NONE
13786,sl al rl al.,False,0,NONE
13787,write her head.,False,0,NONE
13788,okay write Sarah.,False,0,NONE
13789,oh okay.,False,0,NONE
13790,and here's her eyebrows.,False,0,NONE
13791,because I made the eyebrows on that one.,False,0,NONE
13792,do you want me to make the eyebrows on the new one?,False,0,NONE
13793,here you make the eyebrows.,False,0,NONE
13794,here we'll make a big face.,False,0,NONE
13795,now you make the eyebrows.,False,0,NONE
13796,nice eyebrows.,False,0,NONE
13797,beautiful eyebrows.,False,0,NONE
13798,Eve.,False,0,NONE
13799,bring the pencil and the pad on the table here and I'll draw our,False,0,NONE
13800,would you like that?,False,0,NONE
13801,uhhuh.,False,0,NONE
13802,yes.,False,0,NONE
13803,put this on the end shall we?,False,0,NONE
13804,which side will we begin?,True,1,MQ_OBJ
13805,this side?,False,0,NONE
13806,alright.,False,0,NONE
13807,what's this Eve?,True,1,MQ_OBJ
13808,what's that?,True,1,MQ_OBJ
13809,he's coming home from work.,False,0,NONE
13810,and here's his,False,0,NONE
13811,what is it?,True,1,MQ_OBJ
13812,alright.,False,0,NONE
13813,where's he going to ride?,True,1,MQ_ADJUNCT
13814,where's he going to ride the bicycle?,True,1,MQ_ADJUNCT
13815,is he?,False,0,NONE
13816,uhhuh.,False,0,NONE
13817,then where is he going?,True,1,MQ_ADJUNCT
13818,now down here we'll make Granny's house.,False,0,NONE
13819,alright.,False,0,NONE
13820,you want to sit on a chair you mean?,True,1,MQ_POLAR
13821,okay.,False,0,NONE
13822,there's a big chimney on Granny's house.,False,0,NONE
13823,see the smoke coming out the chimney.,False,0,NONE
13824,alright.,False,0,NONE
13825,you're sitting very close.,False,0,NONE
13826,how closer can you get?,True,1,MQ_ADJUNCT
13827,here's Granny's curtains at the windows.,False,0,NONE
13828,here's a bush.,False,0,NONE
13829,shrub.,False,0,NONE
13830,what is that?,True,1,MQ_OBJ
13831,right.,False,0,NONE
13832,Becky's not outside darling.,False,0,NONE
13833,that's some kids on the other walk.,False,0,NONE
13834,what's our car doing at Granny's house?,True,1,MQ_OBJ
13835,what's our car doing at Granny's house?,True,1,MQ_OBJ
13836,that's right.,False,0,NONE
13837,and look who's looking out the window at Granny's house?,True,1,EQ_SUBJ
13838,look who's looking out the window at Granny's house.,True,1,EQ_SUBJ
13839,who's that?,True,1,MQ_SUBJ
13840,that's Eve at Granny's house.,False,0,NONE
13841,Sarah.,False,0,NONE
13842,you'll be there too.,False,0,NONE
13843,look.,False,0,NONE
13844,we'll put Sarah in here.,False,0,NONE
13845,she's looking out that window.,False,0,NONE
13846,here's Eve in one window and Sarah in another.,False,0,NONE
13847,and who's this?,True,1,EQ_OBJ
13848,walking up to the door who lives there?,True,1,MQ_SUBJ
13849,Papa?,False,0,NONE
13850,Papa's wearing a dress!,False,0,NONE
13851,then who is it?,True,1,MQ_OBJ
13852,right.,False,0,NONE
13853,and Momma has in her hand a cherry,False,0,NONE
13854,popsicle.,False,0,NONE
13855,and she's bringing it to,False,0,NONE
13856,hmm?,False,0,NONE
13857,and who's going to eat it when she gets it to Granny's house?,True,2,EQ_ADJUNCT;EQ_SUBJ
13858,Eve's going to eat it.,False,0,NONE
13859,Eve's waving to Momma out the window.,False,0,NONE
13860,see her hand.,False,0,NONE
13861,she says hi Momma.,False,0,NONE
13862,hmm.,False,0,NONE
13863,that's right.,False,0,NONE
13864,show Sarah what's happening.,True,1,EQ_SUBJ
13865,tell her what's happening.,True,1,EQ_SUBJ
13866,tell her what's in the picture.,True,1,EQ_SUBJ
13867,again?,False,0,NONE
13868,and again?,False,0,NONE
13869,again.,False,0,NONE
13870,alright.,False,0,NONE
13871,oh the horse is tired.,False,0,NONE
13872,let's do it again in fifteen minutes.,False,0,NONE
13873,shall we?,False,0,NONE
13874,we'll wait fifteen minutes for my leg.,False,0,NONE
13875,see my leg is the horse.,False,0,NONE
13876,the horse has to rest and eat his supper.,False,0,NONE
13877,it has to eat its supper yes.,False,0,NONE
13878,no it's not finished eating.,False,0,NONE
13879,it's still eating.,False,0,NONE
13880,oh you'll give the horse indigestion.,False,0,NONE
13881,it's still up.,False,0,NONE
13882,oh.,False,0,NONE
13883,well let's just take a little short trot.,False,0,NONE
13884,are you riding to the hounds?,False,0,NONE
13885,are you riding to the hounds?,False,0,NONE
13886,you.,False,0,NONE
13887,get off the horse.,False,0,NONE
13888,I think you got on the wrong side.,False,0,NONE
13889,you're falling off that horse.,False,0,NONE
13890,you're falling off that horse.,False,0,NONE
13891,there!,False,0,NONE
13892,you always get on the horse on this side.,False,0,NONE
13893,get on and get off the horse on this side.,False,0,NONE
13894,it's called the near side.,False,0,NONE
13895,that's right.,False,0,NONE
13896,that's right.,False,0,NONE
13897,get on.,False,0,NONE
13898,get on the near side.,False,0,NONE
13899,that's it.,False,0,NONE
13900,yes better tighten up the.,False,0,NONE
13901,don't want to have a loose saddle.,False,0,NONE
13902,say you ride quite well.,False,0,NONE
13903,we'll teach you to post next week.,False,0,NONE
13904,we'll teach you to post next week.,False,0,NONE
13905,what's wrong with fat Sarah?,True,1,MQ_SUBJ
13906,hmm?,False,0,NONE
13907,oh did she do that?,False,0,NONE
13908,well that silly goose.,False,0,NONE
13909,she just doesn't know better.,False,0,NONE
13910,we'll teach her though willn't we.,False,0,NONE
13911,she might because she's young.,False,0,NONE
13912,Sarah's teething I think.,False,0,NONE
13913,Sarah's teething.,False,0,NONE
13914,and when little babies teeth they drool.,False,0,NONE
13915,drool on the baby's finger Sarah.,False,0,NONE
13916,is that your baby or her baby?,False,0,NONE
13917,it's her baby?,False,0,NONE
13918,the baby.,False,0,NONE
13919,kiss the baby.,False,0,NONE
13920,easy.,False,0,NONE
13921,alright but be very careful of the coffee cup and the sugar.,False,0,NONE
13922,Sarah watch Eve's going to jump for you.,False,0,NONE
13923,whu my!,False,0,NONE
13924,that is jumping.,False,0,NONE
13925,good jump.,False,0,NONE
13926,that's quite a nice one.,False,0,NONE
13927,did you see that Sarah?,False,0,NONE
13928,oh my.,False,0,NONE
13929,do it on your back?,False,0,NONE
13930,alright.,False,0,NONE
13931,oh.,False,0,NONE
13932,be careful you'll run into Papa's iron cross.,False,0,NONE
13933,don't hit that.,False,0,NONE
13934,that would hurt.,False,0,NONE
13935,that's right.,False,0,NONE
13936,be very careful with that.,False,0,NONE
13937,see.,False,0,NONE
13938,look.,False,0,NONE
13939,let me see your finger.,False,0,NONE
13940,see it has very sharp edges and that would hurt if you fall on it.,True,1,EQ_POLAR
13941,see?,False,0,NONE
13942,Sarah what's wrong with you?,True,1,MQ_SUBJ
13943,what's wrong with Sarah Eve?,True,1,MQ_SUBJ
13944,she's getting fussy.,False,0,NONE
13945,she'd like to get back on the pillow.,False,0,NONE
13946,I think she needs her rattle her pink rattle maybe her key,False,0,NONE
13947,why you have Sarah's toy!,False,0,NONE
13948,let's go put Sarah back on her cushion shall we do that?,False,0,NONE
13949,I think maybe that's what she wants.,True,1,EQ_OBJ
13950,here we go.,False,0,NONE
13951,oh!,False,0,NONE
13952,down we go Sarah.,False,0,NONE
13953,well Sarah getting a cold?,False,0,NONE
13954,better Papa'd better close the window.,False,0,NONE
13955,yeah we're alright.,False,0,NONE
13956,she hit her face.,False,0,NONE
13957,turn her so you can see us.,False,0,NONE
13958,somebody's in my chair!,False,0,NONE
13959,thank you.,False,0,NONE
13960,there we go.,False,0,NONE
13961,how about that?,False,0,NONE
13962,well not when you ask like that I willn't.,False,0,NONE
13963,what did you say?,True,1,MQ_OBJ
13964,did you say the magic word?,False,0,NONE
13965,would you draw me a picture of our house at Sackville please?,False,0,NONE
13966,on the yellow tablet?,False,0,NONE
13967,I'd like to see you do that.,False,0,NONE
13968,alright.,False,0,NONE
13969,I don't want to help.,False,0,NONE
13970,no you do it over here.,False,0,NONE
13971,you going to make a blue house?,False,0,NONE
13972,don't make a blue house.,False,0,NONE
13973,don't make a red house.,False,0,NONE
13974,don't make a red house.,False,0,NONE
13975,don't write on Daddy's tablet.,False,0,NONE
13976,don't write on Daddy's yellow tablet.,False,0,NONE
13977,that your tablet?,False,0,NONE
13978,don't write on my tablet.,False,0,NONE
13979,no don't do that.,False,0,NONE
13980,don't write on your tablet.,False,0,NONE
13981,Sarah what's wrong babe?,True,1,MQ_SUBJ
13982,put them on top.,False,0,NONE
13983,where's your tablet?,True,1,MQ_ADJUNCT
13984,where's Papa's tablet?,True,1,MQ_ADJUNCT
13985,go get it.,False,0,NONE
13986,you go.,False,0,NONE
13987,what's that?,True,1,MQ_OBJ
13988,what is that?,True,1,MQ_OBJ
13989,what is that?,True,1,MQ_OBJ
13990,want me to?,False,0,NONE
13991,what's in it?,True,1,MQ_SUBJ
13992,many kinds.,False,0,NONE
13993,I wonder if Sara would like to see it.,True,1,EQ_POLAR
13994,you don't think she would?,False,0,NONE
13995,alright.,False,0,NONE
13996,after your nap we'll show her.,False,0,NONE
13997,we'll explain to her what it's all about.,True,1,EQ_OBJ
13998,okay?,False,0,NONE
13999,hello.,False,0,NONE
14000,hello.,False,0,NONE
14001,hello.,False,0,NONE
14002,hello.,False,0,NONE
14003,are you?,False,0,NONE
14004,go back soon.,False,0,NONE
14005,be like an exercise.,False,0,NONE
14006,is that an exercise?,False,0,NONE
14007,can you do a Bx?,False,0,NONE
14008,yes.,False,0,NONE
14009,yes.,False,0,NONE
14010,yes.,False,0,NONE
14011,yes.,False,0,NONE
14012,"alright, I willn't catch you this time.",False,0,NONE
14013,a big sl a bl.,False,0,NONE
14014,that was a Bx?,False,0,NONE
14015,I don't think it was a Bx.,False,0,NONE
14016,"oh, what was that?",True,1,EQ_OBJ
14017,"no, I've never seen a Bx like that.",False,0,NONE
14018,"have you, Sarah?",False,0,NONE
14019,what's a Bx?,True,1,MQ_OBJ
14020,I 'm doing the Canadian the Raf basic exercise plan.,False,0,NONE
14021,is that a Bx?,False,0,NONE
14022,Sara doesn't think it's a Bx and I 'm not so convinced that it is.,False,0,NONE
14023,watch the feet in Sara's face.,False,0,NONE
14024,it was?,False,0,NONE
14025,"indeed, the strangest *NULL* I've ever seen.",True,1,RC_OBJ
14026,watch your feet now in Sara's face.,False,0,NONE
14027,it doesn't look like a Bx to me.,False,0,NONE
14028,that's no Bx *NULL* I've seen.,True,1,RC_OBJ
14029,I think you're silly.,False,0,NONE
14030,did you scratch your knee on the Iron Cross.,False,0,NONE
14031,"now, didn't I tell you to be careful of that?",False,0,NONE
14032,it has sharp edges and it hurts when you touch it.,True,1,EQ_ADJUNCT
14033,where?,False,0,NONE
14034,may I kiss it?,False,0,NONE
14035,"alright, let's get it up here.",False,0,NONE
14036,eat lunch!,False,0,NONE
14037,is it time for lunch already?,False,0,NONE
14038,oh are you sure?,False,0,NONE
14039,what do you want for lunch?,True,1,MQ_OBJ
14040,how about cheese sandwich?,False,0,NONE
14041,eggnog?,False,0,NONE
14042,that's all there is.,False,0,NONE
14043,"oh, I think we have enough bread.",False,0,NONE
14044,yes we do.,False,0,NONE
14045,an eggnog?,False,0,NONE
14046,I think you better peepee first.,False,0,NONE
14047,you go up and peepee and then I'll fix,False,0,NONE
14048,lunch.,False,0,NONE
14049,alright.,False,0,NONE
14050,"well, then I 'm not going to fix lunch.",False,0,NONE
14051,alright.,False,0,NONE
14052,hurry up.,False,0,NONE
14053,"run, run.",False,0,NONE
14054,"hi, Sara.",False,0,NONE
14055,want me to come with you?,False,0,NONE
14056,"run, here I come.",False,0,NONE
14057,"here I come,.",False,0,NONE
14058,shall I come?,False,0,NONE
14059,alright.,False,0,NONE
14060,are you coming down?,False,0,NONE
14061,what is it?,True,1,MQ_OBJ
14062,yeah.,False,0,NONE
14063,I can what?,False,0,NONE
14064,"oh, you cann't see me?",False,0,NONE
14065,shall I come over there?,False,0,NONE
14066,how's that?,True,1,MQ_ADJUNCT
14067,"you want to get up in your highchair, big girl?",False,0,NONE
14068,can you see me now?,False,0,NONE
14069,now let's see how can we make an eggnog.,True,1,EQ_ADJUNCT
14070,"move what, dear?",False,0,NONE
14071,how's that?,True,1,MQ_ADJUNCT
14072,"now what do we need for an eggnog, Eve?",True,1,MQ_OBJ
14073,an egg.,False,0,NONE
14074,what else?,False,0,NONE
14075,and what else?,False,0,NONE
14076,"sugar, that's right.",False,0,NONE
14077,first we'll put in the egg.,False,0,NONE
14078,shall I put the shell in?,False,0,NONE
14079,shall I put the egg shell in?,False,0,NONE
14080,"no egg shell, alright.",False,0,NONE
14081,some milk?,False,0,NONE
14082,all right.,False,0,NONE
14083,is that enough milk?,False,0,NONE
14084,shall we put some more milk in?,False,0,NONE
14085,I think a little more would help.,False,0,NONE
14086,how's that?,True,1,MQ_ADJUNCT
14087,that looks alright.,False,0,NONE
14088,now we need the sugar.,False,0,NONE
14089,and a touch of vanilla.,False,0,NONE
14090,now we mix.,False,0,NONE
14091,I think it's done.,False,0,NONE
14092,shall we see?,False,0,NONE
14093,do you want it in your pitcher?,False,0,NONE
14094,alright.,False,0,NONE
14095,where's the pitcher.,True,1,MQ_ADJUNCT
14096,"here, pitcher.",False,0,NONE
14097,there it is.,False,0,NONE
14098,how's that one?,True,1,MQ_ADJUNCT
14099,pretty good one?,False,0,NONE
14100,"oh, we forgot your bibbie.",False,0,NONE
14101,slip on my part.,False,0,NONE
14102,arms in please.,False,0,NONE
14103,"now, how about a cheese sandwich?",False,0,NONE
14104,that taste pretty good?,False,0,NONE
14105,alright.,False,0,NONE
14106,"what's that *NULL* you're eating, Eve?",True,2,MQ_OBJ;RC_OBJ
14107,oh.,False,0,NONE
14108,you like cheese?,False,0,NONE
14109,this kind of cheese.,False,0,NONE
14110,what?,False,0,NONE
14111,I didn't hear you.,False,0,NONE
14112,what kind of cheese is that?,True,1,MQ_OBJ
14113,orange cheese.,False,0,NONE
14114,where is she?,True,1,MQ_ADJUNCT
14115,Sara.,False,0,NONE
14116,she's talking.,False,0,NONE
14117,"eggnog, yeah.",False,0,NONE
14118,did you finish it?,False,0,NONE
14119,"oh, you did!",False,0,NONE
14120,"whoops, spilled it.",False,0,NONE
14121,"yep, all gone.",False,0,NONE
14122,it's all finished.,False,0,NONE
14123,just a little little bit.,False,0,NONE
14124,all gone.,False,0,NONE
14125,it's all gone.,False,0,NONE
14126,guess he will.,False,0,NONE
14127,"better finish your cheese, Sara.",False,0,NONE
14128,Eve.,False,0,NONE
14129,now Daddy's coming back to make it for you.,False,0,NONE
14130,Daddy's coming back to make it for you.,False,0,NONE
14131,very funny.,False,0,NONE
14132,what's Sara saying?,True,1,MQ_OBJ
14133,what?,False,0,NONE
14134,what's the matter?,True,1,MQ_OBJ
14135,really?,False,0,NONE
14136,do you want me to pour the rest of this in?,False,0,NONE
14137,"oh, I 'm sorry.",False,0,NONE
14138,may I top it?,False,0,NONE
14139,stop it?,False,0,NONE
14140,look at Sara.,False,0,NONE
14141,about to crawl?,False,0,NONE
14142,is that a cup on the table?,False,0,NONE
14143,you want to see what I have?,True,1,EQ_OBJ
14144,"there, see.",False,0,NONE
14145,you want some more eggnog?,False,0,NONE
14146,how's your cheese doing?,True,1,MQ_ADJUNCT
14147,is that cheese in your mouth?,False,0,NONE
14148,that's a finger!,False,0,NONE
14149,that's cheese.,False,0,NONE
14150,what is it?,True,1,MQ_OBJ
14151,is that a baby noise?,False,0,NONE
14152,that's a baby noise.,False,0,NONE
14153,how many fingers do you have?,True,1,MQ_OBJ
14154,that's a lot of fingers.,False,0,NONE
14155,that's a thumb?,False,0,NONE
14156,"you have a fingernail, yes.",False,0,NONE
14157,that's right.,False,0,NONE
14158,what?,False,0,NONE
14159,did he?,False,0,NONE
14160,he bought you some new bed slippers?,False,0,NONE
14161,that's another cup?,False,0,NONE
14162,what kind of slippers did David buy you?,True,1,MQ_OBJ
14163,"what kind of slippers did David buy, did Poppa buy you?",True,1,MQ_OBJ
14164,new red sock slippers.,False,0,NONE
14165,what?,False,0,NONE
14166,new red,False,0,NONE
14167,sign slippers?,False,0,NONE
14168,he'll be right here.,False,0,NONE
14169,he's just helping the men from Morgan Memorial.,False,0,NONE
14170,he'll be right in.,False,0,NONE
14171,here he comes.,False,0,NONE
14172,hear him?,False,0,NONE
14173,here he comes.,False,0,NONE
14174,"yes, Eve.",False,0,NONE
14175,okay.,False,0,NONE
14176,"say, you've been drinking your eggnog, haven't you.",False,0,NONE
14177,now how's fat Sara?,True,1,MQ_ADJUNCT
14178,alright.,False,0,NONE
14179,now how about that cheese sandwich?,False,0,NONE
14180,alrightie?,False,0,NONE
14181,"Sara, what could be bothering you, child.",True,1,EQ_SUBJ
14182,we're here.,False,0,NONE
14183,we're all right here.,False,0,NONE
14184,"just a minute, Sara.",False,0,NONE
14185,did you fall off your pillow?,False,0,NONE
14186,she.,False,0,NONE
14187,"oh, you're just being squirrely.",False,0,NONE
14188,"you're just being squirrely, aren't you.",False,0,NONE
14189,"well, let's just leave her here on the cushions, dear.",False,0,NONE
14190,is that alright?,False,0,NONE
14191,can you see her now?,False,0,NONE
14192,there she is.,False,0,NONE
14193,you cann't.,False,0,NONE
14194,well.,False,0,NONE
14195,how about we move the chair like this.,False,0,NONE
14196,can you see her now?,False,0,NONE
14197,there you can see her.,False,0,NONE
14198,Sara.,False,0,NONE
14199,we're all here.,False,0,NONE
14200,"oh, you're drinking a lot of eggnog this morning.",False,0,NONE
14201,what dear?,False,0,NONE
14202,"what did you say, sweetheart?",True,1,MQ_OBJ
14203,do you want some more?,False,0,NONE
14204,"goodnesssakes, what an eggnog drinker.",False,0,NONE
14205,"goodnesssakes, what an eggnog drinker.",False,0,NONE
14206,you've drunk all of your eggnog.,False,0,NONE
14207,nope.,False,0,NONE
14208,"yes, I 'm Gloria.",False,0,NONE
14209,"you drank an awful lot of eggnog, didn't you, that's wonderful.",False,0,NONE
14210,what are you going to eat next?,True,1,MQ_OBJ
14211,who's cutting?,True,1,MQ_SUBJ
14212,what's he cutting?,True,1,MQ_OBJ
14213,"what's a matter, Sara?",True,1,MQ_OBJ
14214,"now be careful, dear, it's very hot.",False,0,NONE
14215,let it cool off.,False,0,NONE
14216,what's the matter?,True,1,MQ_OBJ
14217,are you hungry too?,False,0,NONE
14218,are you hungry too?,False,0,NONE
14219,"that's right, Sara.",False,0,NONE
14220,Momma went to Boston.,False,0,NONE
14221,"how did Momma go to Boston, Eve?",True,1,MQ_ADJUNCT
