tree_id,sentence,has_trace,n_deps
0,he's all tired out.,False,0
1,his name is Rinny from Rin_tin_tin.,False,0
2,"see, he's just playing, honey.",False,0
3,he doesn't want to chase you.,False,0
4,that's alright.,False,0
5,he doesn't want to bother you.,False,0
6,"well, Rinny, come on in here.",False,0
7,is that a good song?,False,0
8,what were you singing?,True,1
9,what about all those things in that basket?,False,0
10,shall we just take the basket outside?,False,0
11,what about those things?,False,0
12,aren't they toys?,False,0
13,so it be a what?,False,0
14,a what?,False,0
15,a buttomc?,False,0
16,what is that?,True,1
17,what way?,False,0
18,he's looking around?,False,0
19,you're a silly silly boy.,False,0
20,"oh, what is that?",True,1
21,a yoyo.,False,0
22,can you use it?,False,0
23,you put the string in here.,False,0
24,Paul was watching and his head was going up and down.,False,0
25,when you get it down you have to jerk it a little so it will come.,True,1
26,"oh yes, you can.",False,0
27,now pull it.,False,0
28,no.,False,0
29,"what're you doing over in the corner, Paul?",True,1
30,it takes time to learn how to use it properly.,True,1
31,"yes, you did a little.",False,0
32,"yes, it's very easy to get off.",False,0
33,what?,False,0
34,what?,False,0
35,what does that mean?,True,1
36,that's the name of the toy.,False,0
37,"yes, it's my turn.",False,0
38,yes.,False,0
39,some what?,False,0
40,some glasses.,False,0
41,now pull it up.,False,0
42,"Paul, stop.",False,0
43,"yes, so it willn't be difficult to get it out.",False,0
44,put it on your middle finger.,False,0
45,how did you hurt it?,True,1
46,because it's easier to do I think.,False,0
47,probably.,False,0
48,"just pull it straight up, alright.",False,0
49,"yes, that's all *NULL* you have to do.",True,1
50,because those are pretty colors.,False,0
51,"oh yes, I think you're getting it.",False,0
52,"oh yes, when you're learning things you have to miss sometimes.",True,1
53,what?,False,0
54,you just what?,False,0
55,what kind of work do you do?,True,1
56,"oh, it's your business.",False,0
57,"no, don't pull them, Adam.",False,0
58,"good, Adam.",False,0
59,almost.,False,0
60,pull the string up.,False,0
61,"oh, you have big glasses.",False,0
62,I think Paul would like to see you.,False,0
63,"oh, you are?",False,0
64,"oh, I 'm green?",False,0
65,"oh, I don't mind.",False,0
66,when you take the glasses off am I still green?,True,1
67,Paul doesn't know what to think about you.,True,1
68,"let him have a turn, alright?",False,0
69,alright.,False,0
70,it's your turn.,False,0
71,that was long ago.,False,0
72,what light?,False,0
73,who's in your chair?,True,1
74,you did what?,False,0
75,"you did what, Adam?",False,0
76,did you try to open it?,False,0
77,I don't think that duck can drive very well.,False,0
78,I don't think that duck can drive very well.,False,0
79,he knocked the pig off and ran over the goat.,False,0
80,he's a dangerous driver.,False,0
81,I don't think that's sixty four.,False,0
82,his mother locked the door?,False,0
83,why?,False,0
84,"oh no, I saw it.",False,0
85,"the duck didn't get hurt, did he?",False,0
86,"oh, he doesn't know where he's driving?",True,1
87,"no, you have that and Paul is playing with that.",False,0
88,Paul is playing with the trailer because you had the barn.,False,0
89,"oh, I don't know.",False,0
90,I should think you could find a parking space almost any place.,False,0
91,he what?,False,0
92,"oh, now he's a very good driver?",False,0
93,you're caught by a fish?,False,0
94,is that brown one a duck too?,False,0
95,"yes, since Paul's playing with the barn.",False,0
96,"look, Adam.",False,0
97,"yes, Paul had the glasses on.",False,0
98,I don't think he'll let me.,False,0
99,yes.,False,0
100,how did you break your window?,True,1
101,what window?,False,0
102,where?,False,0
103,I don't think I understand what you're talking about?,True,1
104,you mean the windshield like that?,False,0
105,on the car?,False,0
106,"oh yes, I don't know where that is.",True,1
107,what light?,False,0
108,oh yes.,False,0
109,I 'm sure it must be on.,False,0
110,you let him use that while you're driving the car?,False,0
111,yes.,False,0
112,I guess he was just measuring the string to see how long it was.,True,1
113,you don't want anything in there?,False,0
114,this is a real microscope.,False,0
115,microscope.,False,0
116,don't you want to look through here first?,False,0
117,mmhm.,False,0
118,we need a small mirror.,False,0
119,"no, a tiny mirror.",False,0
120,we need something *NULL* to look at.,True,1
121,we could use a hair.,False,0
122,because we're going to look at it under a microscope.,False,0
123,I didn't bring him.,False,0
124,he came by himself.,False,0
125,he came in through the open door.,False,0
126,"Rinny, no no.",False,0
127,"no, I see some big ropes.",False,0
128,"Paul, no no.",False,0
129,can you look through that hole?,False,0
130,"no, look through the hole, honey.",False,0
131,did you see it?,False,0
132,"it's what you call a mechanical toy, yes.",True,1
133,no no.,False,0
134,it does what?,False,0
135,"oh, I suppose it's something *NULL* you can make.",True,1
136,"different things, different shapes.",False,0
137,a what?,False,0
138,a fish cart?,False,0
139,why do you lock the animals up at night?,True,1
140,what kind of food do you have?,True,1
141,what kind is that?,True,1
142,I don't know what ice vanilla food is.,True,1
143,what is it?,True,1
144,let Paul have one.,False,0
145,can you do what?,False,0
146,what do you have?,True,1
147,some what?,False,0
148,what kind of food?,False,0
149,a what?,False,0
150,what kind of head?,False,0
151,can you?,False,0
152,is it now a bicycle?,False,0
153,some what?,False,0
154,yes.,False,0
155,some for my little baby and Ursula.,False,0
156,"no, I didn't.",False,0
157,thank you.,False,0
158,alright.,False,0
159,what?,False,0
160,alright.,False,0
161,alright.,False,0
162,I have it.,False,0
163,it's alright.,False,0
164,does he want what?,False,0
165,kings?,False,0
166,what are those?,True,1
167,and what will the poor cow do?,True,1
168,you have two friends in there?,False,0
169,"how many shapes can you make with that, Adam?",True,1
170,that's one.,False,0
171,"two, three.",False,0
172,"oh, you mean a crown.",False,0
173,you mean a fish net.,False,0
174,"oh, what will she do.",True,1
175,poor little cow.,False,0
176,"oh, very good.",False,0
177,why don't you just sit on your bed.,True,1
178,"that's a doggie, isn't it?",False,0
179,"oh, he's swinging.",False,0
180,oh very.,False,0
181,careful of my long white beard.,False,0
182,do you live on a farm?,False,0
183,yes.,False,0
184,what's your name?,True,1
185,dragon.,False,0
186,I never saw a dragon on a farm before.,False,0
187,do you live in a barnyard?,False,0
188,yes.,False,0
189,"clucko clucko clucko, do you live up in the mountains?",False,0
190,on the farm.,False,0
191,are you a baby dragon or a papa dragon?,False,0
192,yes.,False,0
193,I 'm a mommy chicken and I've got seventeen baby chicks.,False,0
194,hello.,False,0
195,you do.,False,0
196,I've never seen you on my farm.,False,0
197,"oh, where's your farm?",True,1
198,"oh, I see.",False,0
199,would you like some of my salt?,False,0
200,don't you eat my chickens.,False,0
201,you're a funny little boy.,False,0
202,"Mr Dragon, you don't like blocks?",False,0
203,ice.,False,0
204,do you get ice on the farm?,False,0
205,"oh no, that's my beard.",False,0
206,"oh please, don't, Mr Dragon.",False,0
207,it looks like a cow but I've never seen a cow with a beard.,False,0
208,it's a bull?,False,0
209,you've never seen one of those?,False,0
210,"oh, you have so.",False,0
211,let's put these up first.,False,0
212,I don't bring water in my bag.,False,0
213,why?,False,0
214,I couldn't carry it.,False,0
215,it would spill all over.,False,0
216,yes.,False,0
217,what did you do?,True,1
218,no.,False,0
219,because then you cann't paint.,False,0
220,"no no, he's not bothering you.",False,0
221,he's just looking.,False,0
222,maybe Adam would like to paint his popsicle sticks.,False,0
223,here they all are.,False,0
224,dip the brush in paint lots of times so it's one color.,False,0
225,you could do all those colors.,False,0
226,roll it around until you get a good color.,False,0
227,oh yes.,False,0
228,put it back in the yellow.,False,0
229,you get nice thick colors.,False,0
230,"oh, that's pretty, Adam.",False,0
231,"oh, that's very pretty, Adam.",False,0
232,"yes, that's very very pretty, Adam.",False,0
233,"no no, you cann't have the paint.",False,0
234,no I don't think he needs it.,False,0
235,that would spoil the paints.,False,0
236,it's not a tricycle stick.,False,0
237,it's a popsicle stick.,False,0
238,you did.,False,0
239,the people in the factory where they make the popsicles put the,True,1
240,and then you eat frozen whatever it is.,True,1
241,and then they throw the popsicle stick away.,False,0
242,yes.,False,0
243,"no, they shouldn't throw it on the sidewalk at all, should they?",False,0
244,that's where we found those.,True,1
245,that's right.,False,0
246,is that what you do?,True,1
247,you do it.,False,0
248,what kind?,False,0
249,you mean what color?,False,0
250,did you make me blue?,False,0
251,know what that color is?,True,1
252,is it?,False,0
253,I think it's brown too.,False,0
254,you may leave them there.,False,0
255,here's your can.,False,0
256,here's another one.,False,0
257,don't use so much water.,False,0
258,don't you need some color?,False,0
259,what is it?,True,1
260,that's right.,False,0
261,alright.,False,0
262,how colored they are.,True,1
263,why don't you count them?,True,1
264,it doesn't have any paint on?,False,0
265,why didn't you put any paint on?,True,1
266,"wait, Adam, don't pull the bag in the water.",False,0
267,have you finished with the paint?,False,0
268,yes.,False,0
269,I 'm a nice what?,False,0
270,oh no.,False,0
271,oh no.,False,0
272,they're alright just like dat.,False,0
273,what are you looking for?,True,1
274,that's right.,False,0
275,I thought you'd seen one of those before.,False,0
276,"careful, don't pull it so hard.",False,0
277,alright.,False,0
278,"would you like to see how many of these we found, Adam?",True,1
279,I don't know if there's a whole set or not.,True,1
280,it's to draw.,False,0
281,you need paper.,False,0
282,no no.,False,0
283,just write with it.,False,0
284,Rin.,False,0
285,let go.,False,0
286,you mean the scissors?,False,0
287,Rinny Rinny.,False,0
288,you can only use one thing at a time.,False,0
289,"what do you mean, Adam?",True,1
290,watch your fingers.,False,0
291,"no no, Adam.",False,0
292,Rinny.,False,0
293,what're you going to make?,True,1
294,"he said please, don't have a car run over me.",False,0
295,"you going To bite it to pieces, Rinny?",False,0
296,Rinny!,False,0
297,"go back, Rinny.",False,0
298,it's like a foot rest.,False,0
299,Rinny.,False,0
300,what're you doing back in there?,True,1
301,"you just cann't stay out, can you?",False,0
302,that was an accident.,False,0
303,honey.,False,0
304,no thank you.,False,0
305,I don't know what ice vanilla is.,True,1
306,you mean vanilla ice?,False,0
307,you're building a house.,False,0
308,I was talking to Paul just then.,False,0
309,but I 'm talking to you right now.,False,0
310,what're you doing?,True,1
311,"no toy in your mouth, Paulie.",False,0
312,no no.,False,0
313,thank you.,False,0
314,"well, how will you get the blocks out when you want them.",True,2
315,"no, you may not.",False,0
316,if you keep every thing that she has what would she have for,True,2
317,you what?,False,0
318,"no, I don't think his tail goes on his head.",False,0
319,I don't think so.,False,0
320,no.,False,0
321,there are lots of other pieces around.,False,0
322,"no, on the floor.",False,0
323,go over there so you willn't jump on us.,False,0
324,"well, what're you doing?",True,1
325,put your pajamas the floor.,False,0
326,that's right.,False,0
327,what're you doing?,True,1
328,trying to break it?,False,0
329,why would you break it?,True,1
330,yes.,False,0
331,I have some money.,False,0
332,"no no, Paul cann't have any.",False,0
333,"I don't think I need money, thank you.",False,0
334,thank you.,False,0
335,what did you buy?,True,1
336,how much money do you have?,True,1
337,how can you save your money if you put it in there.,True,2
338,how can you save your money if you put it in there.,True,2
339,let's see how much money you have?,True,1
340,sixty dollars?,False,0
341,what would you do with sixty dollars.,True,1
342,what man?,False,0
343,"good morning, sir, what could I help you with this morning?",True,1
344,"one dollars, two dollars, three, four, five.",False,0
345,five dollars.,False,0
346,fifty.,False,0
347,you didn't give me enough.,False,0
348,I said five.,False,0
349,"well, if you don't want to buy my food then you just put it back on.",True,1
350,you only gave me one dollar.,False,0
351,alright.,False,0
352,you left your pocketbook.,False,0
353,"well, you should always take that because that has your money in",False,0
354,it's alright.,False,0
355,you paid me enough money.,False,0
356,you're welcome.,False,0
357,thank you.,False,0
358,what do you need?,True,1
359,"careful, don't hurt Paul.",False,0
360,what will she have to bring next time?,True,1
361,that's Adam's pocketbook.,False,0
362,you're going to serve us out here.,False,0
363,if I want some more what?,True,1
364,"let him have the car, honey.",False,0
365,"that's one penny, please.",False,0
366,thank you.,False,0
367,I don't give money out in the store.,False,0
368,I just sell food.,False,0
369,is this your dollar?,False,0
370,"alright, I'll give you thirty cents back.",False,0
371,thank you.,False,0
372,that's alright.,False,0
373,I'll sell it to you for fifty cents.,False,0
374,you don't have to have a dollar.,False,0
375,don't you have fifty cents?,False,0
376,that's the biggest round one.,False,0
377,what?,False,0
378,it's in the bank.,False,0
379,in the bank.,False,0
380,mmhm.,False,0
381,how can I give people any change?,True,1
382,"no, I don't.",False,0
383,yes.,False,0
384,we went swimming nearly every day.,False,0
385,if you say so.,True,1
386,"oh, at camp?",False,0
387,"oh, really.",False,0
388,which one do you think I should use?,True,1
389,alright.,False,0
390,here's your pencil.,False,0
391,this what?,False,0
392,"what can you make with those, Adam?",True,1
393,did she tell you you could go in there?,False,0
394,that's to help you learn how to count.,True,1
395,number fun.,False,0
396,push one up.,False,0
397,count them.,False,0
398,how many?,False,0
399,count again.,False,0
400,one and one make what?,False,0
401,so how many should you have up?,True,1
402,that's right.,False,0
403,you should have three up.,False,0
404,not three more.,False,0
405,make it look like that one.,False,0
406,does it look exactly like that?,False,0
407,I think you've got one too many.,False,0
408,maybe on another page you'll use the other ones.,False,0
409,how many little puppies over here?,False,0
410,one two three four on your number fun,False,0
411,"yes, that's a bee hive.",False,0
412,can you make it look like that?,False,0
413,that's right.,False,0
414,count each one only once.,False,0
415,one two.,False,0
416,count this one.,False,0
417,two.,False,0
418,how many do you need to push up?,True,1
419,this is six over here.,False,0
420,make it look like that.,False,0
421,make it look like that.,False,0
422,like this?,False,0
423,how many school children will be late?,True,1
424,count them.,False,0
425,how many?,False,0
426,this is what eight will look like.,True,1
427,now all the shiny cars in a line.,False,0
428,I don't think that's right.,False,0
429,let's try it again.,False,0
430,but you counted that one twice.,False,0
431,that's only one car.,False,0
432,watch what you're doing.,True,1
433,is that what you do?,True,1
434,look here.,False,0
435,"you willn't have any green ones, will you?",False,0
436,"no no, don't pull on the book, Paulie.",False,0
437,"oh no, you're alright.",False,0
438,we haven't done this page.,False,0
439,"fishes swimming, count all ten.",False,0
440,but you didn't count this one.,False,0
441,that's for that one.,False,0
442,how many do you have up there?,True,1
443,count them before they run away.,False,0
444,"no, Paulie, no no.",False,0
445,tell me how many have you found.,True,1
446,can you count the toys?,False,0
447,twenty homes are here in this town.,False,0
448,"two red counters up, all green counters down.",False,0
449,you have eighteen there.,False,0
450,did you see this?,False,0
451,eighteen sheep inside the gate.,False,0
452,"red counter, one green, counters eight.",False,0
453,now we're all finished.,False,0
454,alright.,False,0
455,you do it by yourself this time.,False,0
456,can you count?,False,0
457,she's handing you something.,False,0
458,I don't know.,False,0
459,what do you think they're for?,True,1
460,you can make designs with them.,False,0
461,"let him look, honey.",False,0
462,"oh, another one broken.",False,0
463,I need a new one.,False,0
464,what happened?,True,1
465,is that a large one or a small one?,False,0
466,you can put them in all different directions.,False,0
467,a direction with this?,False,0
468,here's some more.,False,0
469,more rubber bands there.,False,0
470,what're you making with the long one?,True,1
471,what did you make?,True,1
472,why don't you use the small ones?,True,1
473,you don't have to stretch them very far.,False,0
474,hmm?,False,0
475,mmhm.,False,0
476,do you know what a design is?,True,1
477,designs are different shapes of things.,False,0
478,what is that *NULL* you're making?,True,2
479,a boat.,False,0
480,two motor boats.,False,0
481,ok.,False,0
482,what is that *NULL* you're making?,True,2
483,what?,False,0
484,"oh, two big boats.",False,0
485,I cann't see.,False,0
486,put them around here.,False,0
487,a design doesn't have to be something.,False,0
488,it can just be a shape that you think is pretty.,True,1
489,I think Paul put one on.,False,0
490,"he wants to play with you, Adam.",False,0
491,alright.,False,0
492,"well, let him put one on.",False,0
493,that's a rubber band.,False,0
494,"yes, can you think of anything else that that's like that?",False,0
495,like band and bandaid?,False,0
496,band box?,False,0
497,bandage?,False,0
498,"well, pick the rubber bands up and put them in the bag.",False,0
499,he thinks it's a what?,False,0
500,"well, it is round like a ring.",False,0
501,"no, you cann't play the game if you don't play the rubber bands.",True,1
502,put them all in there.,False,0
503,so they willn't be so stretched.,False,0
504,mmhm.,False,0
505,I'll hold it while you put yours down.,False,0
506,"put this back first, Adam.",False,0
507,do you like this?,False,0
508,no.,False,0
509,"oh, Paul.",False,0
510,"no, not lobster.",False,0
511,they're part of rabbit.,False,0
512,they're part of big rabbit.,False,0
513,"well yes, like lobsters.",False,0
514,but that's after the skin is off.,False,0
515,"you, Paul.",False,0
516,"Adam, go look on the bed and bring Paul one of your books.",False,0
517,I think there're some old books there that are all torn.,True,1
518,mmhm.,False,0
519,"now put this back in the bag, Adam.",False,0
520,do you think Robin uses that?,False,0
521,"yes, since he's a big boy and goes to school.",False,0
522,what kind of school do you go to?,True,1
523,you don't learn how to count at nursery school.,True,1
524,you do?,False,0
525,can you count?,False,0
526,ok.,False,0
527,if you can count tell me how many I have up there.,True,2
528,"don't step on the book, honey.",False,0
529,these are what kind of people?,False,0
530,Eskimo.,False,0
531,would you like me to read?,False,0
532,I'd like to see it.,False,0
533,Paul would like to see it.,False,0
534,we need something like a shoelace *NULL* to spin it.,True,1
535,yes.,False,0
536,there's one in there under your bed.,False,0
537,you go this way.,False,0
538,because it's closer.,False,0
539,that's just right.,False,0
540,now you hold onto the handle and pull as fast as you can pull.,False,0
541,how can you tell it's going to stop?,True,1
542,you're going to do it.,False,0
543,now hold on to the handle and pull hard.,False,0
544,hold back a little further.,False,0
545,good.,False,0
546,"yes, you did.",False,0
547,yes.,False,0
548,what's going up in the sky?,True,1
549,move your hand a little farther?,False,0
550,"no, Adam will do it this time and you may do it next time.",False,0
551,"he couldn't do that, could you, Paul?",False,0
552,that's right.,False,0
553,you have to wrap it around first.,False,0
554,good.,False,0
555,that pretty.,False,0
556,yes.,False,0
557,that was very good.,False,0
558,there it is.,False,0
559,"no, you tricked yourself.",False,0
560,you didn't know where it went.,True,1
561,like a snake?,False,0
562,it wobbles in like a snake?,False,0
563,I'll be right back.,False,0
564,yes.,False,0
565,"oh, she is.",False,0
566,did she come to visit?,False,0
567,does she play with you?,False,0
568,I'll go upstairs later.,False,0
569,uhhuh.,False,0
570,"good for you, Adam.",False,0
571,"Adam put it on the other way, I think.",False,0
572,is it easier this way?,False,0
573,yes.,False,0
574,wrap the gas in?,False,0
575,you did?,False,0
576,that was very good.,False,0
577,is it Paul's turn?,False,0
578,you look sleepy.,False,0
579,"yes, I see.",False,0
580,yes.,False,0
581,"no, I don't know what a grabby boat is.",True,1
582,"please, tell me.",False,0
583,a grabby boat is for shirts?,False,0
584,sweaters too?,False,0
585,will I find any blouses on the grabby boat?,False,0
586,any dresses?,False,0
587,any pants?,False,0
588,"yes, you are.",False,0
589,you can count?,False,0
590,can you read?,False,0
591,"no, Paul cann't count either.",False,0
592,"oh, I 'm sure Robin can read.",False,0
593,you and Robin are friends.,False,0
594,"oh yes, you can.",False,0
595,you're a big boy.,False,0
596,perhaps the shoelace got tangled that time.,False,0
597,it's your turn.,False,0
598,you have to show me how to do it.,True,1
599,how do you do it?,True,1
600,what do I turn around?,True,1
601,what do I turn around?,True,1
602,this?,False,0
603,it willn't turn.,False,0
604,like that?,False,0
605,"well, what do I pull?",True,1
606,oh.,False,0
607,"oh, thank you, big boy.",False,0
608,"oh, you scratched the record?",False,0
609,now are you goING To help me this time.,False,0
610,alright.,False,0
611,we'll let Paul.,False,0
612,why don't you let Paul do it?,True,1
613,"alright, Paulie, we'll let Paul pull the string.",False,0
614,alright?,False,0
615,"oh, Paul.",False,0
616,"look, here it is.",False,0
617,poor little baby.,False,0
618,"ok, is it Paul's turn?",False,0
619,why don't you turn it now so he can see it?,True,1
620,he likes to see it turn.,False,0
621,"no no, don't kick him, Paul.",False,0
622,"no no, dear.",False,0
623,whose house?,False,0
624,"yes, you are a big boy.",False,0
625,you have to do what?,False,0
626,what happened?,True,1
627,you want to try this?,False,0
628,you don't know?,False,0
629,you don't remember?,False,0
630,that's it.,False,0
631,do you like that?,False,0
632,"oh, it's a ball when you turn it around.",True,1
633,alright.,False,0
634,"oh, you must think the bag has no bottom.",False,0
635,"no no, let him have that one, dear.",False,0
636,has a what?,False,0
637,top and no bottom.,False,0
638,you need some paper first.,False,0
639,what can you use for paper?,True,1
640,"no no, those are Daddy's things.",False,0
641,why don't you use the newspaper there on the sewing machine?,True,1
642,that's a magazine.,False,0
643,are you ready for some water?,False,0
644,we don't have any different colors.,False,0
645,"no no, you put the water in here.",False,0
646,"no, because next time *NULL* you want to use the paints they would be all",True,1
647,there's a cow.,False,0
648,why don't you paint the cow?,True,1
649,"that's pretty, Adam.",False,0
650,that's a pretty color.,False,0
651,"no, why?",False,0
652,"can drink it, what does that mean?",True,1
653,it makes what?,False,0
654,meals?,False,0
655,what's a meal?,True,1
656,"yes, I think it will dry.",False,0
657,alright.,False,0
658,what'll you cook?,True,1
659,what're you cooking?,True,1
660,I think you need to use the water out of there first and then you,False,0
661,but it's already black.,False,0
662,so how can that make it black?,True,1
663,that's black.,False,0
664,mmhm.,False,0
665,it's already black.,False,0
666,do I know what?,False,0
667,what tire do you see in the store?,True,1
668,why are you doing that?,True,1
669,but you just painted it.,False,0
670,you cann't wash paint until it dries.,False,0
671,"no, because you've taken the paint off.",False,0
672,the paint's all on your hands.,False,0
673,"no no, don't put your fingers in it, Adam.",False,0
674,have you finished here?,False,0
675,"well, then don't wash your hands until you've finished.",False,0
676,so you're all finished.,False,0
677,"no, you said you had finished.",False,0
678,no no.,False,0
679,this is Paul's.,False,0
680,but you want to wash your hands.,False,0
681,why did you wash your hands?,True,1
682,"would you close that door, please?",False,0
683,"no, so that",False,0
684,so that we willn't hear the noise from out there.,False,0
685,you paint with a paint brush.,False,0
686,why're doing that?,False,0
687,that's not finger paint.,False,0
688,that's water color.,False,0
689,"use your brush, honey.",False,0
690,"yes, for painting.",False,0
691,"no, it's not fingerpaint.",False,0
692,you're silly.,False,0
693,"yes, if you put it aside and let it dry.",True,1
694,"yes, I think he's a little tired.",False,0
695,he's feeling better.,False,0
696,maybe he's hungry.,False,0
697,"oh, you are?",False,0
698,don't do that.,False,0
699,just paint your truck now.,False,0
700,you just paint that.,False,0
701,you're cooking syrup?,False,0
702,what do you use that for?,True,1
703,why would your daddy kill a worm?,True,1
704,"that was a rubber band that broke, wasn't it?",True,1
705,that wasn't black.,False,0
706,that was brown.,False,0
707,no no.,False,0
708,a shower?,False,0
709,what would you use a shower for?,True,1
710,no no no.,False,0
711,you painted it.,False,0
712,now you have to put it down and let it dry.,False,0
713,"leave it in here, Adam.",False,0
714,yes.,False,0
715,you leave it on there.,False,0
716,"let it dry and then you may wash it off after your nap, this",False,0
717,"no no no, Adam.",False,0
718,"well, you just painted it.",False,0
719,why did you waste your paint?,True,1
720,but you painted it first.,False,0
721,until you wash it off.,False,0
722,you mean a fish net?,False,0
723,why not?,False,0
724,"yes, I like swordfish.",False,0
725,"no, I wouldn't like to catch a swordfish.",False,0
726,because I don't know that much about fishing.,False,0
727,you do?,False,0
728,"well, how would you keep the swordfish from sticking you in the",False,0
729,"well, they do catch them",False,0
730,do you hear Paul crying again?,False,0
731,yes.,False,0
732,I guess something is disturbing him.,False,0
733,it will dry very quickly if you just leave it there.,True,1
734,yes.,False,0
735,yes.,False,0
736,what?,False,0
737,"well, what are those supposed to be?",True,1
738,that's the windshield wiper.,False,0
739,what does the windshield wiper do?,True,1
740,"oh, that's the windshield wiper for paint.",False,0
741,"oh, it is?",False,0
742,"ouch, you hit my toe with that big power shovel.",False,0
743,is it safe to drive like that?,False,0
744,don't you have to have your shovel in a special way?,False,0
745,cann't you fold it up any more so that you won't hit another truck?,False,0
746,can you leave it like that?,False,0
747,just like that.,False,0
748,yes.,False,0
749,"oh, is that the way *NULL* you drive it?",True,1
750,"well, I don't really know.",False,0
751,do you like to play with your daddy?,False,0
752,he's walking with his Daddy?,False,0
753,"hold my hand, we're going to cross the street.",False,0
754,you saw what?,False,0
755,"oh, they're going to camp.",False,0
756,my father?,False,0
757,is this the Mother?,False,0
758,that's what?,False,0
759,what kind of car is this?,True,1
760,I think he means oldfashioned.,False,0
761,"well, they're just little cars.",False,0
762,"we're having, um",False,0
763,a rally.,False,0
764,for what?,False,0
765,that's right.,False,0
766,don't you think you have to stand up and try to get it on top first?,False,0
767,that's right.,False,0
768,that was very close.,False,0
769,"no, you didn't get it.",False,0
770,you almost did.,False,0
771,oh.,False,0
772,you just put it on there.,False,0
773,I going drive my cars out de way.,False,0
774,"drive your cars out de way, Mommy.",False,0
775,I got ta drive in de air.,False,0
776,"Mommy, dis a oldfashioned automobile car, huh?",False,0
777,a boy drives.,False,0
778,"Mommy, drive your car out de way so minesn.",False,0
779,can go by so de boy can drive.,False,0
780,"wait, Mr Driver.",False,0
781,don't run over me.,False,0
782,you have to back up and go around another way.,False,0
783,"oh, what're they going to do at camp?",True,1
784,for Daddy to come?,False,0
785,is that what you said?,True,1
786,"oh, are they waiting for them to come?",False,0
787,"oh well, what's the little girl going to have for a toy?",True,1
788,alright.,False,0
789,now what is the little girl going to take to camp for a toy?,True,1
790,"what do you mean, what are you waiting for?",True,2
791,is the little boy going to drive that big truck by himself all the way to camp,False,0
792,alright.,False,0
793,park it where?,False,0
794,alright.,False,0
795,here we are at camp.,False,0
796,close the door.,False,0
797,mmhm.,False,0
798,"no, I have a green one.",False,0
799,they're just driving along.,False,0
800,"hello, Peter.",False,0
801,"hello, Peter.",False,0
802,"well then, you have to say hello, Peter.",False,0
803,"hello, Joe.",False,0
804,how're you?,True,1
805,"hello, Peter.",False,0
806,"well, you have to say hello, Joe then.",False,0
807,if I 'm Peter you're Joe.,True,1
808,is that right?,False,0
809,"well then, I'll say hello, Joe and you say hello",False,0
810,Peter.,False,0
811,that's right.,False,0
812,"hello, Joe.",False,0
813,where're you going?,True,1
814,we've just been to camp.,False,0
815,we had a nice time.,False,0
816,hope you have a nice time.,False,0
817,goodbye.,False,0
818,"yes, I did.",False,0
819,"hello, Joe.",False,0
820,"nice day, isn't it?",False,0
821,"well yes, but even tomorrow is still a day.",False,0
822,"yes, I am going to a picnic tomorrow.",False,0
823,hello.,False,0
824,where are we having the picnic?,True,1
825,"oh, at Benson's Animal Farm?",False,0
826,that's a nice place.,False,0
827,would you like to go down and ride on the train?,False,0
828,"oh, that's the train?",False,0
829,you don't want to ride on the train.,False,0
830,why do you have to go to New York?,True,1
831,alright.,False,0
832,I have to park my car first.,False,0
833,what're we going to see in New York?,True,1
834,where will we go in New York to see the animals?,True,1
835,alright.,False,0
836,don't you remember?,False,0
837,I think so.,False,0
838,what is that?,True,1
839,"thank you, Peter.",False,0
840,hmm?,False,0
841,it would be a lot easier if you were both named Joe.,True,1
842,this is the first time he's tried this naming.,False,0
843,"hello, Joe.",False,0
844,we're at the farm now.,False,0
845,that's just some,False,0
846,"some greenery, some grass, some shrubs.",False,0
847,what's an animal man?,True,1
848,fold it up?,False,0
849,"no, I 'm not quite sure.",False,0
850,what does fold mean?,True,1
851,what does fold mean?,True,1
852,did you get all the animals out?,False,0
853,what about these animals?,False,0
854,no no.,False,0
855,mmhm.,False,0
856,this is what it should look like.,True,1
857,perhaps there's some more of it some place.,False,0
858,does it really belong under there?,False,0
859,I don't think you have the barn quite finished yet.,False,0
860,do you see any parts there that you fold?,True,1
861,you fold on the dotted lines.,False,0
862,do you see any lines there?,False,0
863,you didn't quite finish taking it out.,False,0
864,is there some more?,False,0
865,make it like that?,False,0
866,a window?,False,0
867,do you see the window here?,False,0
868,is the window on this part or is it on the other part?,False,0
869,that's what it should look like.,True,1
870,you think perhaps this looks like part?,False,0
871,some part somewhere what?,False,0
872,why do we need our car?,True,1
873,hmm?,False,0
874,we just have part of it.,False,0
875,perhaps Robin started putting it together and didn't finish.,False,0
876,you have a part missing.,False,0
877,there's a part that goes in between the top and the bottom.,True,1
878,don't you think that looks like the roof?,False,0
879,where's the part that goes in between?,True,2
880,that's what's missing.,True,1
881,yes.,False,0
882,do you let people play with your toys?,False,0
883,you have to get out over there.,False,0
884,"there's nobody in either car, so how're you going to get out.",True,1
885,thank you.,False,0
886,see you another day.,False,0
887,alright.,False,0
888,yes.,False,0
889,"oh yes, it's pretty easy to get out here.",False,0
890,because there's nobody behind.,False,0
891,I don't know.,False,0
892,how're you going to get out?,True,1
893,I 'm going to be what?,False,0
894,alright.,False,0
895,hello.,False,0
896,what's your name?,True,1
897,Sally.,False,0
898,"hi, Bobby.",False,0
899,didn't have a name.,False,0
900,yes.,False,0
901,yes.,False,0
902,"yes, she has a name now.",False,0
903,her name is Sally.,False,0
904,is Bobby?,False,0
905,why is your name Bobby?,True,1
906,because that's the name *NULL* my mommy gave me.,True,1
907,would you like to play?,False,0
908,alright.,False,0
909,what do you want to play?,True,1
910,hide and seek?,False,0
911,I don't know how to play that.,True,1
912,how do you play that?,True,1
913,alright.,False,0
914,I don't think I'd like to hide under the bulldozer.,False,0
915,it might move and I might get hurt.,False,0
916,I'll hide behind something.,False,0
917,"hi, Bobby.",False,0
918,I see you.,False,0
919,"careful, there's a lady on the sidewalk.",False,0
920,alright.,False,0
921,your tongue hurts.,False,0
922,what do you have here?,True,1
923,"oh, you eat too much?",False,0
924,what makes you think so?,True,1
925,very good.,False,0
926,what happened?,True,1
927,"you wouldn't hurt Adam, would you?",False,0
928,"oh no, Adam.",False,0
929,he didn't mean to hurt you.,False,0
930,"Paul, look at the telephones.",False,0
931,see the telephones?,False,0
932,yes.,False,0
933,oh.,False,0
934,what do you think makes the light?,True,1
935,"can you do that, Adam?",False,0
936,untangle it?,False,0
937,if you dial that one this one ought to ring.,True,1
938,perhaps one should be down and one should be up.,False,0
939,ring ring.,False,0
940,hello.,False,0
941,it's a very long wire.,False,0
942,does your light go on?,False,0
943,yes.,False,0
944,"oh, Paul.",False,0
945,except I think it's supposed to be at your ear.,False,0
946,you hold it up to your ear?,False,0
947,what?,False,0
948,she said that if you push the button one way it's supposed to ring.,True,2
949,yes.,False,0
950,"Adam, why don't you go over a little further and see if we can",True,2
951,ring ring.,False,0
952,is anybody there?,False,0
953,"anyone say hello, Paul?",False,0
954,"hello, Adam.",False,0
955,what's the problem?,True,1
956,what end off?,False,0
957,off?,False,0
958,what do you mean off?,True,1
959,what?,False,0
960,do you mean untangle it?,False,0
961,tangle means put it back like it was.,False,0
962,is that what you want?,True,1
963,that's a very long number.,False,0
964,"just a minute, sir.",False,0
965,now how did that light go on before?,True,1
966,"that's a plug, an earphone plug.",False,0
967,you can take care of yours and Paul can take care of his?,False,0
968,"wait, now why are you changing?",True,1
969,"it's alright, Paul.",False,0
970,I don't know why he wants to change.,True,1
971,"dog, yes.",False,0
972,what happened to it?,True,1
973,why did it go away?,True,1
974,"yes, that does come out.",False,0
975,but I don't think she wants you to take it out.,False,0
976,you did?,False,0
977,alright.,False,0
978,let Paul have that one with the light.,False,0
979,"well, he likes the light.",False,0
980,"yes, I suppose so.",False,0
981,do you have a runny nose?,False,0
982,would you like to use a Kleenex?,False,0
983,yes?,False,0
984,"over, over on the sewing machine.",False,0
985,does it sew toys?,False,0
986,yes.,False,0
987,they were all what color?,False,0
988,no.,False,0
989,these are the fish.,False,0
990,what color are they?,True,1
991,what color is this?,True,1
992,they were all,False,0
993,yes.,False,0
994,"well, what is the color?",True,1
995,your teeth hurt?,False,0
996,that Cecelia gave him.,True,1
997,"well, perhaps the cookies couldn't.",False,0
998,how many cookies do you think you'll need?,True,1
999,whyn't you see if Ursula would like some cookies?,True,2
1000,"no, thank you, Adam.",False,0
1001,"I think Paul wants one, Adam.",False,0
1002,"oh yes, he can.",False,0
1003,bring the box.,False,0
1004,alright.,False,0
1005,you give him two of yours.,False,0
1006,one two.,False,0
1007,thank you.,False,0
1008,like a water moving machine.,False,0
1009,"no more, Adam.",False,0
1010,not particularly.,False,0
1011,what is that?,True,1
1012,you'd throw a spear at the tuna fish so that he wouldn't eat his,False,0
1013,an eel,False,0
1014,"yes, it's like a snake.",False,0
1015,and see amoebas,False,0
1016,"they're like the others, aren't they?",False,0
1017,when the little fish had learned to swim together like one giant,False,0
1018,do you know why he was going to be the eye?,True,1
1019,why do you think he's going to be the eye?,True,1
1020,they're all swimming together and they look like one big fish and,False,0
1021,do you know why he's the eye?,True,1
1022,what do you think happened?,True,1
1023,you'd like to give Adam one.,False,0
1024,yes.,False,0
1025,do you want another book?,False,0
1026,no?,False,0
1027,do you want this?,False,0
1028,yes.,False,0
1029,ok.,False,0
1030,that's right.,False,0
1031,"no no, Adam.",False,0
1032,what did you say?,True,1
1033,there's one in the middle of the shoe?,False,0
1034,do you remember that?,False,0
1035,lift it up a little while you're pulling.,False,0
1036,maybe it gets stuck on the end.,False,0
1037,a crashed lady?,False,0
1038,why does she look like a crashed lady?,True,1
1039,"maybe that shoelace isn't very good, Adam.",False,0
1040,"here, Paul.",False,0
1041,this way.,False,0
1042,why do you want to do that?,True,1
1043,"no no, Adam.",False,0
1044,yes.,False,0
1045,no.,False,0
1046,a rolling caterpillar.,False,0
1047,your what?,False,0
1048,"no no, Adam.",False,0
1049,yes.,False,0
1050,she knows Ursula.,False,0
1051,"yes, she does.",False,0
1052,he's the funniest baby *NULL* you ever had!,True,1
1053,may I give Adam one?,False,0
1054,"oh, he's going to give you one.",False,0
1055,"oh, thank you.",False,0
1056,"well, why don't you put the whole box back in there?",True,1
1057,"no, you stay in here.",False,0
1058,"no, Paul.",False,0
1059,what happened?,True,1
1060,careful.,False,0
1061,why do you say he's a bad boy?,True,1
1062,because she what?,False,0
1063,because she did what?,False,0
1064,your car?,False,0
1065,why did she keep your car?,True,1
1066,"oh, your bike.",False,0
1067,"you mustn't say that, that's not a nice word *NULL* to use.",True,1
1068,that's why she what?,True,1
1069,because you called her stupid?,False,0
1070,"well, that's not very nice to do at all.",False,0
1071,would you like for anyone to call you stupid?,False,0
1072,"well, whether you're bad or good don't you want people to call",True,1
1073,"well, that's what you should call your friends, call them by their",True,1
1074,do you have any boys in your class?,False,0
1075,who are they?,True,1
1076,"hello hello, Paul.",False,0
1077,I'll try.,False,0
1078,you almost did it.,False,0
1079,"careful, Adam.",False,0
1080,that might swing off.,False,0
1081,yes.,False,0
1082,yes.,False,0
1083,you what?,False,0
1084,you forget dose dollies.,False,0
1085,what dollies?,False,0
1086,the dollies *NULL* you had last week?,True,1
1087,what dollies?,False,0
1088,"oh, I see.",False,0
1089,that's not a hammer.,False,0
1090,"oh, what kind of whistle is that?",True,1
1091,like a police whistle.,False,0
1092,"why don't you put the whistle down and go close the door, please.",True,1
1093,I wonder too.,False,0
1094,let's take the ones out first.,False,0
1095,"well, they ought to work.",False,0
1096,hello.,False,0
1097,how are you?,True,1
1098,I haven't seen you for a long while.,False,0
1099,what's that?,True,1
1100,really?,False,0
1101,what're you going To do with it?,True,1
1102,going To play with it.,False,0
1103,"that's not a saw, Adam.",False,0
1104,what is it?,True,1
1105,what do you think that is?,True,1
1106,that's a drill.,False,0
1107,what is that song?,True,1
1108,"oh, when were you in Texas?",True,1
1109,"oh, were you there too?",False,0
1110,I was?,False,0
1111,I don't remember that.,False,0
1112,what were we doing in Texas?,True,1
1113,you were fighting?,False,0
1114,with whom did you fight?,True,1
1115,"oh, a surprise for Cecelia?",False,0
1116,tomorrow?,False,0
1117,did we ride horses while we were in Texas?,False,0
1118,"oh, you were on the wagon and I was on the horse.",False,0
1119,where was Paul?,True,1
1120,Daddy was on the wagon with you?,False,0
1121,where was Paul?,True,1
1122,"oh, he was on a wagon.",False,0
1123,why was I the only one on a horse?,True,1
1124,"no, you said",False,0
1125,well alright.,False,0
1126,we'll see.,False,0
1127,we'll see.,False,0
1128,"oh, the light doesn't go on?",False,0
1129,Ursula's going to check.,False,0
1130,dial.,False,0
1131,"well, the light came on that time.",False,0
1132,you're going to call your grandfather?,False,0
1133,"oh, do you have the same grandfather?",False,0
1134,"oh, that would make a very nice bed.",False,0
1135,back?,False,0
1136,now both lights are on.,False,0
1137,can you say Paul?,False,0
1138,the repair man is here now.,False,0
1139,ring ring ring.,False,0
1140,who's there?,True,1
1141,Mr Head Lead.,False,0
1142,who is that?,True,1
1143,that's part of his sleeve.,False,0
1144,it's not a tear.,False,0
1145,"did you put dat piece back in, Adam?",False,0
1146,you'd like to see that?,False,0
1147,alright.,False,0
1148,I'll get some slides.,False,0
1149,yes.,False,0
1150,"I'll be right back, Paul.",False,0
1151,you want to look at these first?,False,0
1152,no.,False,0
1153,mmhm.,False,0
1154,I think your Mother is going to get some.,False,0
1155,here's one.,False,0
1156,"Adam will show you pictures, Paul.",False,0
1157,here's another one.,False,0
1158,that's something in Italy.,False,0
1159,they're carrying very big flags.,False,0
1160,here's another picture of it.,False,0
1161,here's a picture of David when he was little like Paul is.,True,1
1162,wait a minute.,False,0
1163,don't get caught in here.,False,0
1164,just like Paul.,False,0
1165,did you see this one already?,False,0
1166,did you see that one already?,False,0
1167,look here.,False,0
1168,who is this?,True,1
1169,here's one.,False,0
1170,did you take all this?,False,0
1171,"yes, you did.",False,0
1172,I think these are places mostly.,False,0
1173,alright.,False,0
1174,"well, you look at those *NULL* you have first.",True,1
1175,did you show those to Ursula?,False,0
1176,I don't think she saw that one.,False,0
1177,"no, that was this summer.",False,0
1178,"no, she didn't.",False,0
1179,no.,False,0
1180,she went to a beauty salon.,False,0
1181,that's a city?,False,0
1182,"what city is that, Adam?",True,1
1183,yes.,False,0
1184,that was last summer when we went to New Hampshire.,True,1
1185,"yes, Paul was there but Paul was a little baby.",False,0
1186,she's holding you.,False,0
1187,"well, it's last summer.",False,0
1188,you weren't a little baby.,False,0
1189,let Paul see.,False,0
1190,who is that?,True,1
1191,let Ursula see.,False,0
1192,"where you used to what, Adam?",False,0
1193,what do you mean?,True,1
1194,how could you do that?,True,1
1195,"no, that's the church where we used to go to church a long time",True,1
1196,what is that?,True,1
1197,may I see that?,False,0
1198,Paul would like to see it too.,False,0
1199,that was our backyard.,False,0
1200,when we lived in Pembroke.,True,1
1201,mmhm.,False,0
1202,yes.,False,0
1203,"I have some here, Adam.",False,0
1204,you have some in your box?,False,0
1205,maybe.,False,0
1206,that was Provincetown.,False,0
1207,what space?,False,0
1208,the army man is going to look out?,False,0
1209,I don't see anybody looking out.,False,0
1210,box.,False,0
1211,you have some right here.,False,0
1212,"well, let's put those back in here first.",False,0
1213,"oh, you're going to look at those?",False,0
1214,let's put those in first.,False,0
1215,"no no, we have to put them in first and then you may open",False,0
1216,let's put those in first.,False,0
1217,in this box.,False,0
1218,I think so.,False,0
1219,do I want to see what?,False,0
1220,these intelligent slides?,False,0
1221,don't you have to turn it around?,False,0
1222,"Paul, look here.",False,0
1223,who is that?,True,1
1224,"oh, you do have a big shadow there.",False,0
1225,"that looks like an animal, doesn't it?",False,0
1226,that's just the shadow of you and the slide.,False,0
1227,if you turn it that way what does it look like?,True,2
1228,what does the shadow look like when you turn it?,True,2
1229,if you turn it that way it looks like something to me.,True,1
1230,"yes, I thought it looked like a rooster too.",False,0
1231,would you show it to Ursula?,False,0
1232,"here's one, Adam that you'd like to see.",True,1
1233,"yes, it's very light.",False,0
1234,let Paul see.,False,0
1235,"no, that's when we lived in Cambridge.",True,1
1236,you were standing and he took the picture.,False,0
1237,here's one.,False,0
1238,that'd be a nice one *NULL* to show Ursula.,True,1
1239,that's you on your birthday.,False,0
1240,"oh, that's Paul when he came home from the hospital.",True,1
1241,show it to Ursula.,False,0
1242,"you cann't do them all at once, Adam.",False,0
1243,then you couldn't see anything.,False,0
1244,that's your grandmother when she came to stay with you last year.,True,1
1245,box.,False,0
1246,intelligent ladies?,False,0
1247,"what does intelligent mean, Adam?",True,1
1248,"oh, you finished.",False,0
1249,"no, there are some on the floor.",False,0
1250,"put one in there and show it to him, Adam, please.",False,0
1251,here's one.,False,0
1252,that's what?,False,0
1253,"I don't think you ought to put in two at a time, Adam.",False,0
1254,you won't see anything.,False,0
1255,why don't you let Paul put one in and then we'll be finished,True,1
1256,"no no, one at a time.",False,0
1257,"you might break it, Adam.",False,0
1258,you only put one in at a time.,False,0
1259,what is that?,True,1
1260,I don't know.,False,0
1261,maybe something at the,False,0
1262,arts festival last year.,False,0
1263,that's another bronze.,False,0
1264,I think so.,False,0
1265,"oh, why would you dump them out?",True,1
1266,she'd like to see that one.,False,0
1267,"well, how can she see it if you don't press it?",True,2
1268,I don't want to look at Bozo.,False,0
1269,I'd like to watch the Friendly Giant.,False,0
1270,no.,False,0
1271,that's a picture of you when you were a little baby.,True,1
1272,why is it dark?,True,1
1273,why is it dark?,True,1
1274,because what?,False,0
1275,"because you took the plug out, I see.",False,0
1276,let's put this back first.,False,0
1277,Paul was trying to put that one in his shoe.,False,0
1278,a slide.,False,0
1279,that's a camera.,False,0
1280,now maybe you could put a screw in that hole.,False,0
1281,what happened?,True,1
1282,shall I help you put it back on?,False,0
1283,alright.,False,0
1284,it's a screw driver.,False,0
1285,he can hold one.,False,0
1286,he won't lose it.,False,0
1287,"no, you have to put the screw all the way in.",False,0
1288,it's good exercise for you.,False,0
1289,let him play with that.,False,0
1290,there's one in your hand.,False,0
1291,I 'm a silly lady.,False,0
1292,for what?,False,0
1293,when you turn it.,True,1
1294,Adam wants to use it now.,False,0
1295,let him have a turn with that while you.,False,0
1296,"he needs both of the, he says.",False,0
1297,"Adam, let him turn this, please and then you may have it when",False,0
1298,careful.,False,0
1299,what'd you say?,True,1
1300,you make a hole for Paul.,False,0
1301,"no, I don't think that would work.",False,0
1302,"alright, Adam.",False,0
1303,"would you drill a hole for Paul, please?",False,0
1304,"please, drill a hole for your little brother.",False,0
1305,he knows you're such a nice big boy who can do so many things so much,True,1
1306,he wants to play with you.,False,0
1307,"alright, Paul.",False,0
1308,he's going to drill a hole for you.,False,0
1309,what do you think is wrong?,True,1
1310,I think something's wrong with that.,False,0
1311,it doesn't seem to be making a hole.,False,0
1312,what's what for?,True,1
1313,I don't know exactly.,False,0
1314,you can keep the board.,False,0
1315,"what're you looking at, Adam?",True,1
1316,oh really.,False,0
1317,ok.,False,0
1318,come on.,False,0
1319,put yours on.,False,0
1320,maybe we should set this.,False,0
1321,where shall we put that?,False,0
1322,do you?,False,0
1323,do they have one there?,False,0
1324,let him play it too.,False,0
1325,does that balance?,False,0
1326,you what?,False,0
1327,you love Colorform?,False,0
1328,"oh, channel nine.",False,0
1329,what's supposed to happen to it?,True,1
1330,what is this?,True,1
1331,the big thing?,False,0
1332,channel nine is going on first?,False,0
1333,"do you have one like this at school, Adam?",False,0
1334,you don't have any of these?,False,0
1335,"may I see it a minute, please.",False,0
1336,you put yours on.,False,0
1337,"ok, Adam, what happened?",True,1
1338,why don't you try it again.,True,1
1339,you've finished.,False,0
1340,have you finished playing with this right now?,False,0
1341,alright.,False,0
1342,put it back.,False,0
1343,I 'm putting this in there.,False,0
1344,what's that?,True,1
1345,what is that?,True,1
1346,"no, they don't match.",False,0
1347,alright.,False,0
1348,you can take the fire truck out.,False,0
1349,it is!,False,0
1350,what's so funny about it?,True,1
1351,no more what?,False,0
1352,now your fancy engine goes?,False,0
1353,you love what?,False,0
1354,you're going to hide what?,False,0
1355,hang what?,False,0
1356,these letters?,False,0
1357,"these aren't letters, these are numbers.",False,0
1358,don't do that.,False,0
1359,blow.,False,0
1360,"yes, dear.",False,0
1361,a whale?,False,0
1362,a wheel?,False,0
1363,what?,False,0
1364,it does?,False,0
1365,what do you want me to do?,True,1
1366,thank you.,False,0
1367,move the tricycle over here out of the way.,False,0
1368,"oh, thank you.",False,0
1369,your what?,False,0
1370,because you're talking and I couldn't understand you.,False,0
1371,where's the fire?,True,1
1372,"careful, Adam, don't get on his fingers.",False,0
1373,your shirt and pants don't meet.,False,0
1374,you don't own this store?,False,0
1375,what store?,False,0
1376,"no, you don't, do you?",False,0
1377,he wants what's inside.,True,1
1378,look at that little boy in the mirror crying.,False,0
1379,looking at the little boy.,False,0
1380,"do you see, Adam?",False,0
1381,in the mirror.,False,0
1382,hmm?,False,0
1383,"Paul, he's looking out the window.",False,0
1384,what do you see?,True,1
1385,"oh, Paul wasn't quick?",False,0
1386,you should not have hurt your little hand.,False,0
1387,"oh, Paul, where is Rin_tin_tin?",True,1
1388,what is that?,True,1
1389,can you show pictures with that?,False,0
1390,"oh, that's a car?",False,0
1391,"what do you think you use that for, Adam?",True,1
1392,"oh, you don't have any lights?",False,0
1393,what happens at night then?,True,1
1394,"oh, Paul, you're a little character.",False,0
1395,"please, don't.",False,0
1396,I like a nice clean backyard.,False,0
1397,"no, I don't think they have their lights on all the time.",False,0
1398,"I don't think it blinks all the time, does it?",False,0
1399,the white light?,False,0
1400,at night?,False,0
1401,"yes, they do.",False,0
1402,"perhaps they leave the blinking light on too, I don't know.",False,0
1403,what are my slides doing in there?,True,1
1404,shame on you.,False,0
1405,"you take that one, I'll keep this one.",False,0
1406,why don't you use the other light?,True,1
1407,that light.,False,0
1408,"Paul, Adam already has them.",False,0
1409,no.,False,0
1410,"alright, what do you do when you're finished with something?",True,2
1411,dog.,False,0
1412,dog.,False,0
1413,dog cat ranedn Adam.,False,0
1414,"what else does Paul say, Adam?",True,1
1415,box he says.,False,0
1416,block.,False,0
1417,car.,False,0
1418,these are things *NULL* you can make.,True,1
1419,this is a humdinger.,False,0
1420,do you see any writing?,False,0
1421,where's the writing?,True,1
1422,is there any on that page?,False,0
1423,this is how to grow a goofy garden.,True,1
1424,"where's your shoe, Paul?",True,1
1425,you're going to make what?,False,0
1426,a curtain?,False,0
1427,how to make dingdong music.,True,1
1428,what'd you think you do?,True,1
1429,what do you have to use?,True,1
1430,and what is that?,True,1
1431,in where?,False,0
1432,no.,False,0
1433,"no, put these are what?",False,0
1434,what did you say?,True,1
1435,that's a Creepy Willy.,False,0
1436,Creepy Willy.,False,0
1437,because his name is Willy and he creeps.,False,0
1438,wouldn't you like to make that?,False,0
1439,camera.,False,0
1440,I 'm going to tell you.,False,0
1441,I'd like brown.,False,0
1442,thank you.,False,0
1443,Paul would like red.,False,0
1444,what color is the one *NULL* you gave Ursula?,True,2
1445,isn't this yours on the floor?,False,0
1446,where's the paper?,True,1
1447,whyn't you draw me a whale?,True,1
1448,show Ursula how you drew the whale at school.,True,1
1449,"oh, I see.",False,0
1450,"no, don't draw in your book, honey.",False,0
1451,"oh no, you can make it.",False,0
1452,alright.,False,0
1453,what do you need?,True,1
1454,look here.,False,0
1455,you always begin with number one.,False,0
1456,"that's all *NULL* you need, a pair of scissors.",True,1
1457,go over and under.,False,0
1458,it's two pieces.,False,0
1459,what is this?,True,1
1460,what does Mommy have in her hand?,True,1
1461,"what's in it, do you think?",True,1
1462,magic what Adam?,False,0
1463,"does it, Adam, where?",False,0
1464,where?,False,0
1465,"let's see, Adam.",False,0
1466,cann't start it?,False,0
1467,what?,False,0
1468,"I think Paul had this, Adam.",False,0
1469,"alright, that's enough.",False,0
1470,"what is that, Paul?",True,1
1471,"don't use all the tape, dear.",False,0
1472,what a what?,False,0
1473,now that's enough.,False,0
1474,can you tear it off?,False,0
1475,you cann't?,False,0
1476,that's a compass.,False,0
1477,oh alright.,False,0
1478,"Paul, he would not like for you to do this.",False,0
1479,it's going to end up like flypaper.,False,0
1480,"do you need a scissors, Adam?",False,0
1481,I think I have a scissors.,False,0
1482,here it is.,False,0
1483,you think you'll keep it for your next road line?,False,0
1484,Mr Grant.,False,0
1485,you don't have any place *NULL* to put what?,True,1
1486,you don't have a garage.,False,0
1487,I don't think it's time *NULL* to play this.,True,1
1488,alright.,False,0
1489,you're going to play policemen?,False,0
1490,"awoh, your house fell over.",False,0
1491,it's in.,False,0
1492,it must be in your room in the drawer.,False,0
1493,can you put it together?,False,0
1494,alright.,False,0
1495,can you build a house?,False,0
1496,will you close the door?,False,0
1497,he really understands a deal.,False,0
1498,when it's time *NULL* to get Adam he gets his coat on and goes to the door.,True,2
1499,"you forgot all about your belt, didn't you?",False,0
1500,you cann't find it?,False,0
1501,"yes, I'd like to.",False,0
1502,what're you going to have today?,True,1
1503,"no, Adam.",False,0
1504,"oh, Adam.",False,0
1505,I don't think that's very nice.,False,0
1506,who does anything like that?,True,1
1507,who would cut somebody's head off?,True,1
1508,he just has a few of them.,False,0
1509,"no no, now Paul took these out Adam.",False,0
1510,"oh, I'd like some turtle pie.",False,0
1511,"oh, thank you.",False,0
1512,I don't know you'll have to ask her.,False,0
1513,your fingers.,False,0
1514,"oh, you mean to start it.",False,0
1515,what?,False,0
1516,"yes, you're very strong, aren't you?",False,0
1517,"yes, my goodness, you must have been eating your egg for",False,0
1518,just like Popeye?,False,0
1519,and Mighty_Mouse?,False,0
1520,where is the water?,True,1
1521,what did we do with Ursula's clock?,True,1
1522,"do you have the same trouble, Adam?",False,0
1523,why would you do that?,True,1
1524,are you a boxer?,False,0
1525,you're strong.,False,0
1526,"oh, I don't know that I'd like that at all.",False,0
1527,alright.,False,0
1528,here I go.,False,0
1529,here's some more.,False,0
1530,here're your glasses.,False,0
1531,"don't sit down, dog dog barks.",False,0
1532,"a cat says meow, car truck.",False,0
1533,what else does he understand?,True,1
1534,what else does he understand?,True,1
1535,he understands not to touch the stove because it's hot and he,False,0
1536,"oh no, I mean that he understands that sometimes his food is hot",False,0
1537,he understands the way in which I feed the dog because he's tried,True,1
1538,"oh, this isn't a road.",False,0
1539,that's the road over there.,False,0
1540,careful.,False,0
1541,"Mr Truck, you almost had an accident.",False,0
1542,you almost did.,False,0
1543,he can follow the direction to wash his hands.,False,0
1544,"well, this is a house, this isn't a highway.",False,0
1545,he understands go to bed.,False,0
1546,alright.,False,0
1547,thank you.,False,0
1548,here's a horsie.,False,0
1549,he knows about books.,False,0
1550,you were sitting on him.,False,0
1551,shame on you!,False,0
1552,careful.,False,0
1553,careful.,False,0
1554,"oh, that was an accident.",False,0
1555,a what?,False,0
1556,a barn?,False,0
1557,I think he could follow an instruction if the objects weren't in the,True,2
1558,"oh, I am.",False,0
1559,why cann't you drive?,True,1
1560,turn your wheels to the right.,False,0
1561,"oh, you have a flat tire.",False,0
1562,"well, first you have to change your tire.",False,0
1563,dog.,False,0
1564,Adam has a doggie.,False,0
1565,where's the cat?,True,1
1566,can you get the cat for Mommy?,False,0
1567,can you get the cat for Mommy?,False,0
1568,"look, get off my chair.",False,0
1569,"oh yes, he likes to do that but that's very naughty, isn't it?",False,0
1570,stay out of trouble!,False,0
1571,"please, don't ride over me.",False,0
1572,"oh, I would like a",False,0
1573,I'd like a boat pie.,False,0
1574,what does that mean?,True,1
1575,thank you.,False,0
1576,now I feel all better.,False,0
1577,"Paul, can you find the block that goes in here, the long block?",True,1
1578,thank you.,False,0
1579,I don't think I'd want anything now.,False,0
1580,I must leave the table?,False,0
1581,alright.,False,0
1582,"would you excuse me, please?",False,0
1583,"oh, is that aspirin?",False,0
1584,"oh, I've left the table.",False,0
1585,you excused me from the table.,False,0
1586,look in the drawer where you keep your shirt.,True,1
1587,he doesn't seem to be very concerned.,False,0
1588,"no, I don't think he did.",False,0
1589,"yes, nightnight, baby.",False,0
1590,"nightnight, baby.",False,0
1591,"oh, you're a policeman?",False,0
1592,"nightnight, policeman.",False,0
1593,"yes, it did.",False,0
1594,"oh, thank you for letting your dog visit with me.",False,0
1595,Adam or dog?,False,0
1596,"Paul, would you open the door for Mommy, please?",False,0
1597,"could you open the door, please?",False,0
1598,that door.,False,0
1599,"you didn't have to, did you?",False,0
1600,"thank you, Adam.",False,0
1601,"now would you close the door, please?",False,0
1602,"well, Paul, would you go close the door, please?",False,0
1603,he shouldn't have holdedn his horses?,False,0
1604,"no, I guess not.",False,0
1605,you're the winner?,False,0
1606,"is that right, Paul?",False,0
1607,is Adam the winner?,False,0
1608,"oh no, he didn't say anything about window.",False,0
1609,he said winner.,False,0
1610,"a tricycle has a back, yes.",False,0
1611,a bike has a back like that.,False,0
1612,"oh, I forgot.",False,0
1613,"oh, that's the kind *NULL* you just push, Adam.",True,1
1614,"oh, do you know what that story's about?",True,1
1615,Adam?,False,0
1616,he's calling you.,False,0
1617,that's for somebody to put their fingers through so they can hold,False,0
1618,what do you think the name of that story is?,True,1
1619,you're not going to tell me?,False,0
1620,why don't you whisper in my ear.,True,1
1621,yes.,False,0
1622,yes.,False,0
1623,who else?,False,0
1624,the what came out?,False,0
1625,the page?,False,0
1626,"yes, Adam is talking to you.",False,0
1627,do you understand what he's saying?,True,1
1628,"say thank you, Adam.",False,0
1629,the what?,False,0
1630,Adam told you not to tear it up.,False,0
1631,you're going to have to love the birds?,False,0
1632,why are you going to have to love the birds?,True,1
1633,why?,False,0
1634,are there any birds that are not nice?,True,1
1635,are there any birds that are not nice?,True,1
1636,what kind?,False,0
1637,boy?,False,0
1638,"oh bird you're saying, I guess.",False,0
1639,what is this supposed to be?,True,1
1640,"a log, yes.",False,0
1641,how do you get a log?,True,1
1642,"oh, perhaps an ax goes in.",False,0
1643,see where it goes?,True,1
1644,see the man?,False,0
1645,in the forest.,False,0
1646,"yes, maybe.",False,0
1647,who is this do you suppose?,True,1
1648,"oh, thank you, Adam, that was very kind of you.",False,0
1649,"did you put it in your pocket, Adam?",False,0
1650,"yes, he'd like to do it himself.",False,0
1651,that noise was a big truck outside.,False,0
1652,"Paul, he says for you not to mess up my things.",False,0
1653,"yes, I do have a pocket.",False,0
1654,"yes, how do you know that?",True,1
1655,are we in the nursery?,False,0
1656,what shall we do?,True,1
1657,do you go to kindergarten?,False,0
1658,you do?,False,0
1659,I thought you went to nursery school.,False,0
1660,"Adam, what's the difference between a",False,0
1661,what's the difference?,True,1
1662,why do you call one kindergarten and one nursery school?,True,1
1663,"yes, they don't have the same name.",False,0
1664,what did we do on these dotted lines?,True,1
1665,that's right.,False,0
1666,is that what what is for?,True,1
1667,you're not supposed to jump out of your chair!,False,0
1668,I think perhaps it might do better on the floor.,False,0
1669,"no, it doesn't.",False,0
1670,the rug is,False,0
1671,why doesn't it stand on the rug?,True,1
1672,yes.,False,0
1673,are you reading a story?,False,0
1674,"no, Paul, let him share.",False,0
1675,"Paul, that was a very nice story.",False,0
1676,you're stuck.,False,0
1677,"oh, Paul, cann't you share your story with Adam?",False,0
1678,"oh, Paul, you're the teacher.",False,0
1679,you read a story to the class now.,False,0
1680,alright.,False,0
1681,"Adam Smith, now it's your turn to read a story to the class.",False,0
1682,"yes, you're the teacher.",False,0
1683,"oh no, this is Adam's.",False,0
1684,these are tea cakes.,False,0
1685,what's a tea cake?,True,1
1686,alright.,False,0
1687,what is it?,True,1
1688,"no, that's just part of a book.",False,0
1689,that's not a real tea cake.,False,0
1690,"oh, is there a difference in Jesus and god?",False,0
1691,"oh, another story.",False,0
1692,you did?,False,0
1693,how can you stand these trees and the difference?,True,1
1694,what does that mean?,True,1
1695,go up?,False,0
1696,how do you play go up?,True,1
1697,it's a movie camera.,False,0
1698,a movie camera.,False,0
1699,"no, it takes movies, then you show them later on.",False,0
1700,here.,False,0
1701,thank you!,False,0
1702,he knows what I 'm supposed to do.,True,1
1703,are you having trouble?,False,0
1704,"oh, Adam.",False,0
1705,what're you doing?,True,1
1706,I'll show you how we wind it up.,True,1
1707,you can do this part.,False,0
1708,we had a halloween party.,False,0
1709,"oh, did you, Adam?",False,0
1710,what was your costume?,True,1
1711,David had just the same.,False,0
1712,you help me.,False,0
1713,"ok, I think that's good.",False,0
1714,"oh, Paul and Adam.",False,0
1715,"I think we need a tray *NULL* to set it on, and a little bit of water.",True,1
1716,you put water in there.,False,0
1717,that's right.,False,0
1718,mmhm.,False,0
1719,"oh, you're taking your turn, alright?",False,0
1720,alright.,False,0
1721,would you like some under here?,False,0
1722,"would you like some, Diandra?",False,0
1723,"well, put your bowl down.",False,0
1724,a water fountain.,False,0
1725,yes.,False,0
1726,"oh, what else is a different thing?",True,1
1727,you're spilling what you have.,True,1
1728,all gone.,False,0
1729,"well, I don't think there's any more in there.",False,0
1730,"would you like some help, Adam?",False,0
1731,"Paul, I don't think she needs your help.",False,0
1732,you've had enough.,False,0
1733,let's see if we do it this way.,True,1
1734,yes.,False,0
1735,what?,False,0
1736,"that's enough, Adam.",False,0
1737,he cann't hold that much.,False,0
1738,Paul isn't going get any more?,False,0
1739,why not?,False,0
1740,what're you doing?,True,1
1741,see what.,False,0
1742,"no, Diandra, I don't think you need any more water, dear.",False,0
1743,"give me my pitcher, please.",False,0
1744,all gone.,False,0
1745,"don't throw it, dear.",False,0
1746,"let him have those, Paul.",False,0
1747,"no, I don't think Paul needs any more.",False,0
1748,what is this?,True,1
1749,sock.,False,0
1750,oh yes.,False,0
1751,do you have to drink the water?,False,0
1752,alright.,False,0
1753,what?,False,0
1754,this all comes apart?,False,0
1755,you do it.,False,0
1756,which one looks like that?,True,1
1757,what?,False,0
1758,the what?,False,0
1759,that's not a tiger.,False,0
1760,"oh please, don't let the lion eat me.",False,0
1761,"oh, thank you, lion.",False,0
1762,yes.,False,0
1763,no.,False,0
1764,yes.,False,0
1765,that's the way *NULL* they're made.,True,1
1766,do you have four feet?,False,0
1767,"well, where're your hands?",True,1
1768,"oh, you're a tiger.",False,0
1769,"no, Diandra, don't put them down there.",False,0
1770,"oh, don't come out, tiger.",False,0
1771,"oh, the nice lion.",False,0
1772,"Adam, you know better than to throw.",False,0
1773,would you like this back?,False,0
1774,do what?,False,0
1775,"well, he's trying to do it.",False,0
1776,he has to learn how.,False,0
1777,"yes, that's the one for a big boy like you.",False,0
1778,it looks like those legs might belong to a little girl.,False,0
1779,a book.,False,0
1780,the elephant will stand up too.,False,0
1781,I don't know about the lion.,False,0
1782,yes.,False,0
1783,I think I'll bring it back again.,False,0
1784,don't you think I can get water here?,False,0
1785,oh.,False,0
1786,I couldn't carry very much.,False,0
1787,"oh well, why don't you play some more and then maybe you'll",True,1
1788,I think it's upsidedown.,False,0
1789,that's where the bell was.,True,1
1790,when you close the book.,False,0
1791,you hit the bottom of the,False,0
1792,and this goes way up if you're very strong and hits a bell.,True,1
1793,yes.,False,0
1794,"oh, thank you.",False,0
1795,"Paul, no, that's Adam's.",False,0
1796,thank you.,False,0
1797,that's a firetruck.,False,0
1798,car.,False,0
1799,"that's no car, that's firetruck.",False,0
1800,did you finish the puzzle?,False,0
1801,I'd like to see what it looks like.,True,1
1802,"oh, he is.",False,0
1803,let's hope the lion doesn't come back and find the man in his cage.,False,0
1804,oh my goodness.,False,0
1805,"oh, thank you.",False,0
1806,you give me a kiss.,False,0
1807,those are stands for the other animals.,False,0
1808,have one what?,False,0
1809,"yes, there's one on the other side.",False,0
1810,where're you going?,True,1
1811,dog.,False,0
1812,"oh, there is a dog on that page.",False,0
1813,you're at the zoo.,False,0
1814,you cann't find water at the zoo.,False,0
1815,is that right?,False,0
1816,two toes.,False,0
1817,is that a giraffe?,False,0
1818,what about the monkey?,False,0
1819,"yes, you may have yours back.",False,0
1820,what did I have?,True,1
1821,these?,False,0
1822,"oh no, you took your back, didn't you?",False,0
1823,"peanuts, yes.",False,0
1824,all getting some peanuts?,False,0
1825,"oh, thank you.",False,0
1826,goodbye at the zoo.,False,0
1827,yes.,False,0
1828,he's a talking house.,False,0
1829,"no, I never heard of a talking house either.",False,0
1830,I guess he's just a little boy.,False,0
1831,he's little boy house?,False,0
1832,that's a door.,False,0
1833,"oh, you are.",False,0
1834,you have to work a little harder.,False,0
1835,"oh, I have plenty, thank you.",False,0
1836,but I have plenty.,False,0
1837,I cann't drink so much.,False,0
1838,what?,False,0
1839,can you drink two cups at once?,False,0
1840,alright.,False,0
1841,you can keep those.,False,0
1842,alright.,False,0
1843,and then I'll bring it back sometimes.,False,0
1844,what other things would you like me to bring back that I brought,True,2
1845,do you think that's a clock?,False,0
1846,in case *NULL* you want to ride your car on it?,True,1
1847,I still have some water.,False,0
1848,do you want to drink this?,False,0
1849,alright.,False,0
1850,why do you think it makes the bubbles?,True,1
1851,why does it make so many bubbles?,True,1
1852,lots of what?,False,0
1853,spots?,False,0
1854,you mean the water's dirty?,False,0
1855,"whoops, it's spilling over.",False,0
1856,"oh, Adam.",False,0
1857,"what're you going to do about that, Adam?",True,1
1858,pour some in another cup.,False,0
1859,why don't we clean up this tray?,True,1
1860,you don't want your cup what?,False,0
1861,you're drying the cup?,False,0
1862,what else're you going to have?,True,1
1863,"well no, I think I better take that back and bring it again.",False,0
1864,what?,False,0
1865,did you ever have something called flupperc millerc?,False,0
1866,what's it look like?,True,1
1867,I never heard of a Flupper_nutter.,False,0
1868,you did?,False,0
1869,squeeze?,False,0
1870,we better put a cup under there.,False,0
1871,shall we pour that in there?,False,0
1872,let's see if I can get it out this time.,True,1
1873,yes.,False,0
1874,can I see yours?,False,0
1875,"no, I think that's enough, Adam.",False,0
1876,so it be a bigger what?,False,0
1877,no.,False,0
1878,that'll be enough.,False,0
1879,this is hard to do.,False,0
1880,then maybe that's enough.,False,0
1881,how about this?,False,0
1882,that's a new one.,False,0
1883,I'll start it for you.,False,0
1884,"I got it started, Adam.",False,0
1885,yes.,False,0
1886,you need it to fly the plane.,False,0
1887,that's right.,False,0
1888,you do?,False,0
1889,"well, let's see.",False,0
1890,where do the wings go?,True,1
1891,you don't remember?,False,0
1892,just push this down.,False,0
1893,don't you suppose it goes like that?,False,0
1894,"Paul, he'll show you how it goes.",True,1
1895,he'll show you how it goes like a good big brother.,True,1
1896,big brother shows you how everything goes.,True,1
1897,"don't you, big brother?",False,0
1898,why not?,False,0
1899,what happens at eight thirty?,True,1
1900,"I need the directions, Adam.",False,0
1901,"Diandra, come over here.",False,0
1902,what happens at eight thirty?,True,1
1903,you're taking off at eight thirty?,False,0
1904,there's not enough instructions for me.,False,0
1905,nope.,False,0
1906,it says do it like this.,False,0
1907,and then you let it go like that.,False,0
1908,one end goes here,False,0
1909,that's the way.,False,0
1910,"oh, that's alright.",False,0
1911,it'll dry out.,False,0
1912,"do you want to try, Adam?",False,0
1913,"well, why don't you leave it on and then well alright.",True,1
1914,I guess that will still fly.,False,0
1915,alright.,False,0
1916,"back up, pilot.",False,0
1917,what?,False,0
1918,outside.,False,0
1919,it's not eight thirty yet?,False,0
1920,"come on, Diandra.",False,0
1921,let's look in the basket.,False,0
1922,alright.,False,0
1923,tall tall tower.,False,0
1924,I see.,False,0
1925,"please, pilot, don't run into me.",False,0
1926,"oh please, don't ride on my back, airplane.",False,0
1927,"Adam, do you know what this is?",True,1
1928,"it's not a clock really, it's a compass.",False,0
1929,it tells you directions.,False,0
1930,it has on numbers that tell you north east south and west.,True,1
1931,the airplane needs to know what direction it's going in.,True,1
1932,that's right.,False,0
1933,especially airplanes because they don't have any roads *NULL* to go on.,True,1
1934,they have to know which way they're going.,True,1
1935,"yes then, they don't have to use the compass.",False,0
1936,there's another one.,False,0
1937,"no no, Adam.",False,0
1938,"here, Diandra.",False,0
1939,here's another one.,False,0
1940,"why are you going to take his, Adam?",True,1
1941,you don't have any.,False,0
1942,in the dark?,False,0
1943,tonight?,False,0
1944,what about today?,False,0
1945,"yes, dis is Ursula's day.",False,0
1946,that's right.,False,0
1947,is there a television on the airplane?,False,0
1948,do you?,False,0
1949,that's the nose.,False,0
1950,that's where you put the rubber band.,True,1
1951,"no, those are his, Adam Smith, did you hear me?",False,0
1952,it doesn't help to cry.,False,0
1953,the wheels might be up in here.,False,0
1954,they don't drop down until you're ready to land.,False,0
1955,when it's flying in the air you don't need wheels.,True,1
1956,where you going?,False,0
1957,see what happens?,True,1
1958,sure.,False,0
1959,"no, Adam had the compass, Paul.",False,0
1960,are you going to draw an airplane?,False,0
1961,just like yours?,False,0
1962,alright here.,False,0
1963,would you like a piece of her paper?,False,0
1964,say thank you.,False,0
1965,what're you going to draw?,True,1
1966,airplane too?,False,0
1967,Mommy.,False,0
1968,how does he look when it's snow time?,True,2
1969,"thank you very kindly, Adam, that was very nice of you.",False,0
1970,you have to ask for it.,False,0
1971,I put mine away over here.,False,0
1972,"no, you're drawing for me, aren't you?",False,0
1973,I thought you drew one for me.,False,0
1974,"did you go to school yesterday, Adam?",False,0
1975,what would it look like?,True,1
1976,how many?,False,0
1977,here's the wing.,False,0
1978,that's hard.,False,0
1979,here's a star.,False,0
1980,will you make the star?,False,0
1981,there.,False,0
1982,ok.,False,0
1983,is that a hard paper?,False,0
1984,"maybe if you put it on the puzzle it would be easier, wouldn't it?",True,1
1985,that's nice.,False,0
1986,uhhuh.,False,0
1987,it has a Beetle?,False,0
1988,a bl?,False,0
1989,did you make a tail?,False,0
1990,how about a tail light?,False,0
1991,how many wings?,False,0
1992,that's a what?,False,0
1993,why is that an octopus?,True,1
1994,"what is that, Adam?",True,1
1995,that's a good idea.,False,0
1996,are you the pilot?,False,0
1997,no?,False,0
1998,the driver sometimes is called the pilot.,False,0
1999,I cann't see them.,False,0
2000,where are they?,True,1
2001,"oh yes, I can.",False,0
2002,can you show which is the wing?,True,1
2003,who's on the airplane now?,True,1
2004,nobody?,False,0
2005,it's in the garage?,False,0
2006,does it have enough gas?,False,0
2007,oh yes.,False,0
2008,does it have a compass?,False,0
2009,the thing inside the tire is a compass.,False,0
2010,would this do?,False,0
2011,what?,False,0
2012,I've never seen him.,False,0
2013,"oh, thank you.",False,0
2014,when is he on early in the morning?,True,1
2015,did you see him already today?,False,0
2016,tomorrow would be fine.,False,0
2017,is it very early in the morning?,False,0
2018,I might not be able to get here that early.,False,0
2019,yes?,False,0
2020,"I live in Cambridge, remember?",False,0
2021,"you used to live in Cambridge, remember?",False,0
2022,"yes, on Trowbridge Street.",False,0
2023,and I used to come and visit you.,False,0
2024,do you know where you live?,True,1
2025,"yes, would you, please?",False,0
2026,do you know how to spell it?,True,1
2027,ul.,False,0
2028,rl.,False,0
2029,sl.,False,0
2030,il.,False,0
2031,el.,False,0
2032,that's all.,False,0
2033,should I write your name now?,False,0
2034,how do you spell it?,True,1
2035,al.,False,0
2036,dl.,False,0
2037,al.,False,0
2038,ml.,False,0
2039,there it is.,False,0
2040,that's right.,False,0
2041,how do you get the wheels down?,True,1
2042,oh yes.,False,0
2043,how do you make them go up?,True,1
2044,isn't that nice.,False,0
2045,what were you going to say about your Daddy?,True,1
2046,that's nice of you.,False,0
2047,a dog?,False,0
2048,a dart?,False,0
2049,"oh, that's a wheel.",False,0
2050,that's your dot maker.,False,0
2051,"Adam, which crayon is longer?",True,1
2052,which one?,False,0
2053,show me.,False,0
2054,what color paper would you like?,True,1
2055,the light blue or the dark blue?,False,0
2056,this one?,False,0
2057,this one?,False,0
2058,what color is that?,True,1
2059,that's Robin's favorite color too.,False,0
2060,no?,False,0
2061,what do you need?,True,1
2062,is this what you need?,True,1
2063,maybe this is what you need.,True,1
2064,"yes, what would you like?",True,1
2065,shall we each have a piece?,False,0
2066,I'll have to make a square first.,False,0
2067,I could make a bird.,False,0
2068,what other one?,False,0
2069,out of this piece?,False,0
2070,that was a sneeze.,False,0
2071,how do you sneeze?,True,1
2072,now do the way *NULL* I sneeze.,True,1
2073,it says I need another paper?,False,0
2074,not yet.,False,0
2075,I have to finish folding it first.,False,0
2076,"it's supposed to be a bird, not a tent.",False,0
2077,you fold it to be a wing.,False,0
2078,should we get the telephone?,False,0
2079,"no no, Daddy answered it.",False,0
2080,you did.,False,0
2081,"well, isn't that nice?",False,0
2082,there's your bird.,False,0
2083,"oh, is that right.",False,0
2084,"oh, it's not a very heavy airplane, is it?",False,0
2085,I didn't even feel it.,False,0
2086,I 'm glad you do.,False,0
2087,"the tape recorder's working, and so is the doorbell?",False,0
2088,neither one.,False,0
2089,what was wrong with it?,True,1
2090,but it wouldn't work?,False,0
2091,don't you think I could sit in that chair?,False,0
2092,I usually sit there.,False,0
2093,do you think I could sit in it this morning?,False,0
2094,do you think I could sit in it this morning?,False,0
2095,what does he do?,True,1
2096,what kind of fish?,False,0
2097,how did you catch them?,True,1
2098,what're you doing with the fish?,True,1
2099,what happened to your shoe?,True,1
2100,careful.,False,0
2101,that looks like a piece of rug to me.,False,0
2102,if you say so.,True,1
2103,who wears that?,True,1
2104,you wear it?,False,0
2105,let's see.,False,0
2106,oh yes.,False,0
2107,look.,False,0
2108,"they're going to fall out, aren't they?",False,0
2109,where's your doggie?,True,1
2110,how big is he now?,True,1
2111,he's growing.,False,0
2112,which things?,False,0
2113,that's question mark and that's a question mark.,False,0
2114,because it's a book of riddles.,False,0
2115,"no, riddles.",False,0
2116,what fish do what?,False,0
2117,why are fish so smart?,True,1
2118,see all the fish?,False,0
2119,they're so smart because they always go around in schools.,False,0
2120,what?,False,0
2121,what do you think?,True,1
2122,it says what hurts more than a giraffe with a sore throat?,True,1
2123,a centipede with sore feet.,False,0
2124,what do you think?,True,1
2125,that's right.,False,0
2126,it's a box of quackerswp.,False,0
2127,what's he doing?,True,1
2128,would you rather have an elephant chase you or a lion?,False,0
2129,let's see what the next page is.,True,1
2130,in bed?,False,0
2131,what happened to the turtle?,True,1
2132,let me see.,False,0
2133,why don't you put an ad in the paper when you lost your dog?,True,2
2134,he's crying because he lost his dog.,False,0
2135,did he find it?,False,0
2136,"yes, certainly.",False,0
2137,do you know what letter that is?,True,1
2138,hl?,False,0
2139,"al, that's right.",False,0
2140,ok.,False,0
2141,"well, it's got a line this way too.",False,0
2142,alright.,False,0
2143,so many!,False,0
2144,look how many al-s you've got.,True,1
2145,how many are there?,True,1
2146,count them.,False,0
2147,what is it?,True,1
2148,do you know what that's called?,True,1
2149,a magnet.,False,0
2150,do you know what your name starts with?,True,1
2151,do you know what that is?,True,1
2152,that's right.,False,0
2153,"that's not a letter, that's a sign for dividing.",False,0
2154,when you have lots of things and you share them with your brother,True,1
2155,which baby?,False,0
2156,you mean Paul?,False,0
2157,you're going to divide things with him.,False,0
2158,"almost, but you need an ml.",False,0
2159,and then it has three lines.,False,0
2160,do you have a crayon?,False,0
2161,"look, an el looks like that.",False,0
2162,there's a yellow one and a blue one.,False,0
2163,there's a red one too.,False,0
2164,over on this side.,False,0
2165,what about that?,False,0
2166,"that's a long one, isn't it?",False,0
2167,alright.,False,0
2168,yes.,False,0
2169,that's going to be Adam.,False,0
2170,that's a marker when you find all those letters then you can write,True,1
2171,you need just one more.,False,0
2172,just put that one in in the right place.,False,0
2173,this is the start al.,False,0
2174,dl.,False,0
2175,we just had an al.,False,0
2176,where did it go?,True,1
2177,alright.,False,0
2178,which one?,False,0
2179,the ml?,False,0
2180,you've got one right there.,False,0
2181,right nearby.,False,0
2182,what do you use your name for?,True,1
2183,"yes, which one do you want me to draw, this one?",True,1
2184,that one?,False,0
2185,"no, we have to find a crayon to write on there.",False,0
2186,"no, because that willn't come off but crayons do.",False,0
2187,"I didn't find a crayon, did you?",False,0
2188,alright.,False,0
2189,who're you going to shoot?,True,1
2190,what?,False,0
2191,"no, but I can bring it back.",False,0
2192,I like to bring things back because then they're surprises.,False,0
2193,I know you do.,False,0
2194,for what kind of pistol?,False,0
2195,I don't know that kind.,False,0
2196,al for book?,False,0
2197,is that what book starts with?,True,1
2198,do you want to know how to write Mommy?,True,1
2199,start with this ml then you need an ol.,False,0
2200,"no, now we're writing Mommy.",False,0
2201,we need another ml.,False,0
2202,because that's how you spell Mommy.,True,1
2203,yes.,False,0
2204,"oh no, you have to have more.",False,0
2205,here's another one.,False,0
2206,that would go here and that spells mom.,False,0
2207,"oh, I see.",False,0
2208,"do you think it really does, Adam?",False,0
2209,"well, put them all on.",False,0
2210,that's an hl for horse.,False,0
2211,I thought they were hl-s.,False,0
2212,what else does she call you?,True,1
2213,what?,False,0
2214,what other names does she call you?,True,1
2215,tell me one.,False,0
2216,sometimes I call my children bunny rabbits.,False,0
2217,does she do that?,False,0
2218,sometimes I call my children pumpkins.,False,0
2219,what does she call you?,True,1
2220,do you look like an elephant?,False,0
2221,mmhm.,False,0
2222,sometimes I call them puppies.,False,0
2223,sometimes I call them,False,0
2224,Rumplestilskin.,False,0
2225,I didn't know you were a cat.,False,0
2226,David used to be a cat.,False,0
2227,"let's see, what else?",False,0
2228,the Lion Heart?,False,0
2229,monkeys.,False,0
2230,number bits?,False,0
2231,sometimes I call my children squirrels.,False,0
2232,we used to call them a squeezlen.,False,0
2233,it's in between a squirrel and a weasel.,False,0
2234,do you think it's a real animal?,False,0
2235,probably it would have sharp teeth.,False,0
2236,let me see.,False,0
2237,oh yes.,False,0
2238,which one is that?,True,1
2239,that's right.,False,0
2240,that's an hl for Hercules.,False,0
2241,how can you tell that you're strong?,True,1
2242,what?,False,0
2243,why don't you want her to see?,True,1
2244,yes sir.,False,0
2245,"oh, very good.",False,0
2246,oh.,False,0
2247,what?,False,0
2248,"no, I don't think so.",False,0
2249,that was Paul.,False,0
2250,"Paul, did you call Adam?",False,0
2251,we used to call you tiger a long time ago.,False,0
2252,"did you spell your name, Adam, like it is here on the paper?",False,0
2253,no.,False,0
2254,what is it?,True,1
2255,"oh, you had some on the back of yours too?",False,0
2256,"he was giving it to you, Adam.",False,0
2257,"can you put it up there, Adam?",False,0
2258,now these we have to be very careful with.,False,0
2259,you have to be very careful with them and write only on paper.,False,0
2260,"he was giving you something, Adam, that he found.",True,1
2261,"yes, it's good to make sure you put the cover back on.",False,0
2262,isn't this it?,False,0
2263,here it is.,False,0
2264,"no no, this is for Adam.",False,0
2265,this is for big boys.,False,0
2266,what is that?,True,1
2267,leaves?,False,0
2268,that is very pretty.,False,0
2269,"stay on the paper, Adam.",False,0
2270,he just wants to keep them for you.,False,0
2271,isn't that right?,False,0
2272,let's get back up on the paper.,False,0
2273,the boats were what?,False,0
2274,reeds?,False,0
2275,reeds?,False,0
2276,reeds.,False,0
2277,it's a water show.,False,0
2278,"what's that, you're drawing a terrible tiger?",True,1
2279,"is that something *NULL* you've seen on television, Adam?",True,1
2280,what color is that?,True,1
2281,both?,False,0
2282,are they both blue?,False,0
2283,what is it?,True,1
2284,"yes, dear.",False,0
2285,"oh, is that Felix the Cat?",False,0
2286,what's that picture?,True,1
2287,"that's not his hand, that's his mouth, isn't it?",False,0
2288,"buy a what, Adam?",False,0
2289,"don't take it apart, Diandra.",False,0
2290,do you have some crayons?,False,0
2291,you could crayon in that book.,False,0
2292,"you could if you do it on the newspaper, alright?",True,1
2293,"oh, look at that.",False,0
2294,what is that?,True,1
2295,"you cann't see anymore what it is, can you?",True,1
2296,here are some of the other kind if you want.,True,1
2297,with what?,False,0
2298,puzzle?,False,0
2299,are you worried about them?,False,0
2300,what're they going to have for the picnic?,True,1
2301,do you have a scissors?,False,0
2302,do you know where it is?,True,1
2303,here's a book *NULL* we could read.,True,1
2304,shall we read that first?,False,0
2305,a lion.,False,0
2306,birdies.,False,0
2307,and the monkey.,False,0
2308,they're building a fair.,False,0
2309,here's the parade.,False,0
2310,in a parade.,False,0
2311,let's see if we see the king.,True,1
2312,where?,False,0
2313,no.,False,0
2314,maybe he's already there.,False,0
2315,here he is,False,0
2316,the house of the what?,False,0
2317,what are these things?,True,1
2318,what?,False,0
2319,that's right.,False,0
2320,the kangaroo house.,False,0
2321,they're going to the house of the what?,False,0
2322,"the bird house, that's right.",False,0
2323,can you find the children?,False,0
2324,the house of the,False,0
2325,Alexander.,False,0
2326,Flora.,False,0
2327,and Pom.,False,0
2328,you could buy some,False,0
2329,"franks, right.",False,0
2330,"they're holding up the sign, who's eating one?",True,1
2331,he's got a whole bunch of packages in his pocket.,False,0
2332,lots of feathers.,False,0
2333,and a bottle and some feathers.,False,0
2334,it's a statue of a lion.,False,0
2335,that's what he wanted.,True,1
2336,whose house is this?,True,1
2337,yes.,False,0
2338,and here's Alexander.,False,0
2339,Flora.,False,0
2340,and Pom.,False,0
2341,they're going deep sea diving.,False,0
2342,they all put on diving suits.,False,0
2343,this one's going up to the top.,False,0
2344,what's that.,True,1
2345,"a slide, splash in the water, and look what happened to him.",True,1
2346,they go and have little something.,False,0
2347,look where the birds sit.,True,1
2348,what is that do you think?,True,1
2349,the mountains?,False,0
2350,they're watching a puppet show.,False,0
2351,these are puppets.,False,0
2352,these kangaroos are in there.,False,0
2353,that's a dragon.,False,0
2354,what do you think?,True,1
2355,I don't know.,False,0
2356,who?,False,0
2357,"no, here's his face.",False,0
2358,then they couldn't see.,False,0
2359,now it's night time.,False,0
2360,they have to go back.,False,0
2361,first they go for a boat ride.,False,0
2362,here're the boats.,False,0
2363,"oh, this side, yeah.",False,0
2364,this is the fair and this is where they live.,True,1
2365,"that's a good idea, isn't it?",False,0
2366,but they could walk across the bridge.,False,0
2367,now were you going to find me a scissors?,False,0
2368,you read that one to me if you like.,True,1
2369,"well, that's what I need the scissors for.",True,1
2370,we can make very nice designs with it if we cut some paper to go on,True,1
2371,we have to have scissors to cut it out.,False,0
2372,really?,False,0
2373,how do you know that's the kind *NULL* he likes?,True,2
2374,let's use this one.,False,0
2375,we need a circle just that size.,False,0
2376,a circle just that size.,False,0
2377,thank you.,False,0
2378,I'll trim it just a bit.,False,0
2379,that's very nice.,False,0
2380,"yes, it's sort of an egg shape.",False,0
2381,"now, Adam, let's start, I cut this way.",False,0
2382,you turn this.,False,0
2383,I'll hold this down.,False,0
2384,you turn it.,False,0
2385,"whoops, not too fast.",False,0
2386,you can turn it over and do a different one.,False,0
2387,yes.,False,0
2388,lots of different things.,False,0
2389,not too fast.,False,0
2390,a head of a turtle?,False,0
2391,now you can set this in different places and see what it does.,True,1
2392,each time you move it it gets a different design.,False,0
2393,I don't think it'll write your name but it'll make lots of different,False,0
2394,"alright, try.",False,0
2395,what?,False,0
2396,until this writes your name?,False,0
2397,it might do something surprising.,False,0
2398,let's make another piece of paper alright?,False,0
2399,alright.,False,0
2400,it's a little bit too big.,False,0
2401,make it a tiny bit smaller.,False,0
2402,you like that?,False,0
2403,"no, I'll think I'll bring it back.",False,0
2404,let's make it a tiny bit smaller.,False,0
2405,that's right.,False,0
2406,now it's just exactly right.,False,0
2407,it looks like a big flower.,False,0
2408,yes.,False,0
2409,another turtle?,False,0
2410,no more?,False,0
2411,not too fast.,False,0
2412,you need to go slower with it.,False,0
2413,isn't that pretty?,False,0
2414,that's enough?,False,0
2415,"ok, wait, Adam.",False,0
2416,that's right.,False,0
2417,I think so.,False,0
2418,let's try it.,False,0
2419,it's a surprise.,False,0
2420,"not too fast, Adam, because it doesn't work.",False,0
2421,is that a turtle?,False,0
2422,no?,False,0
2423,what is it?,True,1
2424,the pen?,False,0
2425,that's what makes it draw.,True,1
2426,"no, it just stays blue.",False,0
2427,because it's a pen that's writing.,True,1
2428,it could but then the machine wouldn't work.,False,0
2429,alright.,False,0
2430,try it.,False,0
2431,alright.,False,0
2432,do you want to cut?,False,0
2433,start here.,False,0
2434,alright.,False,0
2435,put it on.,False,0
2436,"no, I think I'll cut it now.",False,0
2437,yes.,False,0
2438,just a minute.,False,0
2439,is that your favorite?,False,0
2440,"oh, is that alright?",False,0
2441,what happened?,True,1
2442,"oh, that's a good one, Adam.",False,0
2443,"no, just one.",False,0
2444,shall we trim it just a little bit?,False,0
2445,alright.,False,0
2446,shall I draw where you cut it?,True,1
2447,alright.,False,0
2448,remember to go very slow when you're turning.,True,1
2449,so you can get a turtle in the middle.,False,0
2450,now you can change it.,False,0
2451,silly!,False,0
2452,"I didn't think you were calling anyone silly, were you?",False,0
2453,that's what I thought.,True,1
2454,try it like that.,False,0
2455,that?,False,0
2456,that makes it wavy.,False,0
2457,it makes it wavy like on the ocean.,False,0
2458,alright.,False,0
2459,alright.,False,0
2460,"it's hard to hold it, isn't it?",False,0
2461,sure.,False,0
2462,I could draw around it.,False,0
2463,would that make it any easier?,False,0
2464,and you could cut on the line.,False,0
2465,that's good.,False,0
2466,yes.,False,0
2467,it's pretty good.,False,0
2468,which way?,False,0
2469,oh yes.,False,0
2470,there's one more piece here.,False,0
2471,alright.,False,0
2472,try them all.,False,0
2473,push it down.,False,0
2474,ok.,False,0
2475,right.,False,0
2476,is that what you call slow?,True,1
2477,that isn't slow.,False,0
2478,alright.,False,0
2479,I 'm not ready.,False,0
2480,whoops.,False,0
2481,you can keep those.,False,0
2482,just be sure you don't get it on,False,0
2483,do it on the newspaper.,False,0
2484,"ok, Adam?",False,0
2485,what?,False,0
2486,press it straight down on the stamp pad.,False,0
2487,it says six five four two zero seven.,False,0
2488,it says the same.,False,0
2489,you can change the numbers.,False,0
2490,"well, you have to put it back in the ink gently.",False,0
2491,six five four one nine seven.,False,0
2492,six five four three eight.,False,0
2493,six five four three eight.,False,0
2494,what do you think?,True,1
2495,keep your fingers off.,False,0
2496,what does that say?,True,1
2497,which one?,False,0
2498,seven five four two zero seven.,False,0
2499,yes.,False,0
2500,from all of those on the bottom.,False,0
2501,right.,False,0
2502,"did you go to school yesterday, Adam?",False,0
2503,no?,False,0
2504,what did you get?,True,1
2505,"what kind of something, a present?",False,0
2506,you don't know what you got?,True,1
2507,you don't like it?,False,0
2508,that's all *NULL* I've got.,True,1
2509,do you know what that is?,True,1
2510,I bet you know.,False,0
2511,you know how to use it.,True,1
2512,that's good.,False,0
2513,that's it.,False,0
2514,maybe it needs to be a little longer for you.,False,0
2515,for Robin.,False,0
2516,mmhm.,False,0
2517,I know you are.,False,0
2518,right.,False,0
2519,which friend?,False,0
2520,"oh, at school?",False,0
2521,how can you have too much?,True,1
2522,think you could jump better if I tie your shoes?,True,2
2523,no?,False,0
2524,I think so.,False,0
2525,let me try.,False,0
2526,hmm?,False,0
2527,is it?,False,0
2528,I cann't right now.,False,0
2529,I have to go back up to see if Paul and Diandra are alright.,True,1
2530,to see if you and Ursula were alright.,True,1
2531,are you finished with that?,False,0
2532,"oh, would you like to play with them?",False,0
2533,"oh, that's dry Jello.",False,0
2534,I think maybe some little boy *NULL* I know put it in.,True,1
2535,what little boy do you think?,False,0
2536,would it be you?,False,0
2537,then who would it be?,True,1
2538,no.,False,0
2539,David or else?,False,0
2540,could be Robin.,False,0
2541,how could Robin do that?,True,1
2542,he just opens up a package of Jello.,False,0
2543,mmhm.,False,0
2544,it's a toy clock.,False,0
2545,oh.,False,0
2546,"don't knock on the window, Adam.",False,0
2547,huh?,False,0
2548,careful.,False,0
2549,Paul is right behind you.,False,0
2550,"no no, don't push.",False,0
2551,"no no, don't push.",False,0
2552,so you can call another fire department and say come to thirty two,False,0
2553,we need some help.,False,0
2554,"Adam, shall I strap it on for you?",False,0
2555,"Adam, let's not play that way, Diandra, don't do it now.",False,0
2556,you can press the button on that microphone.,False,0
2557,see what happens.,True,1
2558,"talk, Adam.",False,0
2559,don't pretend like that.,False,0
2560,then he willn't try to talk if you don't talk properly.,True,1
2561,"Diandra, Paul had that.",False,0
2562,"Adam, do you want to see some of the things *NULL* I brought?",True,1
2563,you are?,False,0
2564,a fire engine?,False,0
2565,"a fireman, oh, I see.",False,0
2566,you have to pull it all the way down.,False,0
2567,I think you have to look toward the light.,False,0
2568,"oh, that's nice.",False,0
2569,"let Paul see it, please.",False,0
2570,"alright, Paul, you don't have to look.",False,0
2571,footprints?,False,0
2572,let Paul see this one.,False,0
2573,"Diandra, Paul had that.",False,0
2574,"please, give it to him.",False,0
2575,the box is on his arm.,False,0
2576,I see more than four.,False,0
2577,six.,False,0
2578,I don't see any peanut.,False,0
2579,moustache?,False,0
2580,this is Rocky.,False,0
2581,"Adam, let me put it in so it's straight.",False,0
2582,look what Alvin's on.,True,1
2583,did you say.,False,0
2584,Alvin.,False,0
2585,Alvin.,False,0
2586,"oh, Rocky, I 'm sorry.",False,0
2587,now you hold it still.,False,0
2588,that's a boy.,False,0
2589,it looks like you're there?,False,0
2590,what?,False,0
2591,it looks like you're there?,False,0
2592,what does that mean?,True,1
2593,"oh, what you see on television.",True,1
2594,you see what?,False,0
2595,you see two?,False,0
2596,"Paul, you want to sing Old_Mac_Donald?",False,0
2597,yes.,False,0
2598,"Paul, stop that.",False,0
2599,we cann't hear ourselves think.,False,0
2600,"careful, don't break that.",False,0
2601,"is it too tight, Adam?",False,0
2602,where's your little animal?,True,1
2603,want to go over there and look for your animal?,False,0
2604,Dudley_Do_Right.,False,0
2605,with a big chin?,False,0
2606,two?,False,0
2607,let's see.,False,0
2608,"move your fingers, I cann't see.",False,0
2609,are you?,False,0
2610,do you want to see the first one again?,False,0
2611,Jack and the Beanstalk.,False,0
2612,yes.,False,0
2613,the creature from the beanstalk.,False,0
2614,what?,False,0
2615,look through the light.,False,0
2616,you do?,False,0
2617,it's to make strong muscles.,False,0
2618,squeeze it.,False,0
2619,let's get something *NULL* to do it on.,True,1
2620,"I have paper, but you have to put something under it because it makes",False,0
2621,"Diandra, now you go into your room if you cann't stop that.",True,1
2622,we could fold this this way.,False,0
2623,just slide it under.,False,0
2624,you think you'll what?,False,0
2625,you'll make a refrigerator with two holes.,False,0
2626,"yes, it cuts.",False,0
2627,it's a sharp one.,False,0
2628,you'd better ask your mother if it's alright.,True,1
2629,"yes, if you're careful.",True,1
2630,an egg?,False,0
2631,what for?,False,0
2632,for your babies?,False,0
2633,how many do you have?,True,1
2634,where did you lose him?,True,1
2635,what are you giving them for dinner?,True,1
2636,"oh, I forgot.",False,0
2637,I thought maybe they were having something else.,False,0
2638,frying pans?,False,0
2639,can you?,False,0
2640,bottoms of the pans?,False,0
2641,you just make it around and make a handle.,False,0
2642,it doesn't understand?,False,0
2643,what kind?,False,0
2644,hmm?,False,0
2645,where do they want to go?,True,1
2646,you're going To have to have what?,False,0
2647,"what're you making now, Adam?",True,1
2648,I don't have any more?,False,0
2649,can you use this?,False,0
2650,for paper?,False,0
2651,"well, you needn't get angry because you don't know your colors.",False,0
2652,what're you doing?,True,1
2653,what is this supposed to be?,True,1
2654,the fire father?,False,0
2655,"oh, I 'm cowboy lady?",False,0
2656,"yes, cowgirl.",False,0
2657,I think that might be nice.,False,0
2658,what're you working on?,True,1
2659,what?,False,0
2660,some more noodles.,False,0
2661,you must have a lot of noodles by now.,False,0
2662,you don't have any noodles?,False,0
2663,you made so many noodles.,False,0
2664,it's what?,False,0
2665,I think he said chowder.,False,0
2666,you could feed twenty children with all those noodles.,False,0
2667,you do have a lot of children.,False,0
2668,you must have a hard time feeding all those children.,False,0
2669,why not?,False,0
2670,what are the others named?,True,1
2671,Granny?,False,0
2672,what about that yellow and blue one?,False,0
2673,what is that one named?,True,1
2674,Daddy?,False,0
2675,"yes, I know.",False,0
2676,"yes, what kinds?",False,0
2677,I've seen a guitar but I didn't think it was a drum.,False,0
2678,I've seen a guitar but I didn't think it was a drum.,False,0
2679,here's a fire truck.,False,0
2680,you don't need a fire truck?,False,0
2681,some what?,False,0
2682,put the dirt where?,False,0
2683,"no, I cann't put the dirt in the station wagon.",False,0
2684,"no, I cann't put the dirt in the station wagon.",False,0
2685,ten cents?,False,0
2686,"Adam, where'd you go?",True,1
2687,let's throw some things away.,False,0
2688,"oh, just some things that you don't play with.",True,1
2689,"no, that's Robin's hat.",False,0
2690,all these toys.,False,0
2691,that what?,False,0
2692,a merrygoround?,False,0
2693,"no, I don't think so.",False,0
2694,did you say that?,False,0
2695,"six oh four, please.",False,0
2696,men have what?,False,0
2697,"oh, a book like this?",False,0
2698,doesn't your Mommy have a book like this?,False,0
2699,I 'm not a man.,False,0
2700,one more.,False,0
2701,yes.,False,0
2702,"you can do it on the floor too, Adam.",False,0
2703,if you do it faster you can see it change colors.,True,1
2704,alright.,False,0
2705,let Paul play with this while you play with something else.,False,0
2706,where did you hear a lion?,True,1
2707,he tries to ate this.,False,0
2708,do I want to see something?,False,0
2709,yes.,False,0
2710,put it on al.,False,0
2711,what is that?,True,1
2712,"oh, what is it on?",True,1
2713,what?,False,0
2714,more what?,False,0
2715,"no, don't chase him, Diandra, he was playing with that.",False,0
2716,I was playing.,False,0
2717,you what?,False,0
2718,I was.,False,0
2719,you were what?,False,0
2720,I was.,False,0
2721,you were throwing it?,False,0
2722,throw it.,False,0
2723,thank you.,False,0
2724,your finger,False,0
2725,"alright, but then we need a scissors.",False,0
2726,we need a scissors.,False,0
2727,alright.,False,0
2728,I think the scissors are upstairs.,False,0
2729,if you say the magic word.,True,1
2730,you didn't say the magic word yet.,False,0
2731,what about that word that starts with.,True,1
2732,what about the word that rhymes with sees.,True,1
2733,please.,False,0
2734,isn't that a magic word?,False,0
2735,hello.,False,0
2736,he what?,False,0
2737,does he?,False,0
2738,what?,False,0
2739,you have to help him come out?,False,0
2740,"can you find the other piece to that, Adam?",False,0
2741,"yes, but you need a paper.",False,0
2742,she's giving you one.,False,0
2743,I 'm sure I cann't either.,False,0
2744,thank you.,False,0
2745,why is it nighttime?,True,1
2746,it's a little misshapen circle.,False,0
2747,what do you go to school for?,True,1
2748,a little bit too big.,False,0
2749,the shape of the scissors?,False,0
2750,I want.,False,0
2751,is that a turtle?,False,0
2752,it will fit.,False,0
2753,see the stars?,False,0
2754,is it really?,False,0
2755,thank you.,False,0
2756,we're going to a birthday party.,False,0
2757,mmhm.,False,0
2758,going to make a tent and go to that birthday party.,False,0
2759,what's your song about?,True,1
2760,why is it a banjo?,True,1
2761,what do you think that's for?,True,1
2762,look at it.,False,0
2763,what do you think it's for?,True,1
2764,"no, that's not what it's for.",True,1
2765,"no, Diandra.",False,0
2766,"wait, boys, let's not fight.",False,0
2767,that's right.,False,0
2768,yes.,False,0
2769,"no no, dear.",False,0
2770,don't tear the paper.,False,0
2771,"no, dear, don't bother him, dear.",False,0
2772,you touch mine.,False,0
2773,why?,False,0
2774,I 'm a nice guy.,False,0
2775,maybe you could cut some things from it.,False,0
2776,"oh, that's something for your Mother.",False,0
2777,yes.,False,0
2778,about what?,False,0
2779,yes.,False,0
2780,let's take one piece *NULL* to start with.,True,1
2781,I don't know.,False,0
2782,I got it in the store like that.,False,0
2783,the men?,False,0
2784,what men?,False,0
2785,what?,False,0
2786,"you can use the Scotch tape if you want, Adam.",True,1
2787,yes.,False,0
2788,what?,False,0
2789,what?,False,0
2790,that's going to be what?,False,0
2791,yes.,False,0
2792,no?,False,0
2793,you're going to do what?,False,0
2794,alright.,False,0
2795,"oh, you're going to pick it up.",False,0
2796,you're going To pull a trick on me.,False,0
2797,"yes, I think the umbrella's ready.",False,0
2798,is it raining outside?,False,0
2799,"oh, we have to use the pretty umbrella.",False,0
2800,that's a very pretty umbrella.,False,0
2801,what?,False,0
2802,"oh, thank you.",False,0
2803,I didn't know an umbrella had arms.,False,0
2804,"Diandra, where's the Scotch tape?",True,1
2805,I want.,False,0
2806,you want what?,False,0
2807,you said to put up my umbrella.,False,0
2808,after what?,False,0
2809,after Diandra's father stops working?,False,0
2810,"oh, you're his father?",False,0
2811,that's my umbrella.,False,0
2812,Adam says he's your father.,False,0
2813,he's making you an umbrella.,False,0
2814,that's my umbrella.,False,0
2815,Adam says it's mine.,False,0
2816,it's mine.,False,0
2817,it's mine.,False,0
2818,it's mine.,False,0
2819,I had it first.,False,0
2820,I.,False,0
2821,you boys stop chasing each other.,False,0
2822,oh no.,False,0
2823,that's not good for you.,False,0
2824,there's some over there on the floor.,False,0
2825,I'll give him mine.,False,0
2826,don't make him cry.,False,0
2827,Adam's going to make you an umbrella.,False,0
2828,there's more tape.,False,0
2829,"what are you writing, Paul?",True,1
2830,are you writing a letter?,False,0
2831,can I help you?,False,0
2832,"Adam almost has your umbrella ready, Diandra.",False,0
2833,"oh, he doesn't want the umbrella.",False,0
2834,that's his piece of paper and his pen.,False,0
2835,where're you going with that chair?,True,1
2836,what?,False,0
2837,what?,False,0
2838,here's my pen.,False,0
2839,this is my pen.,False,0
2840,yes.,False,0
2841,"no, it's my pen.",False,0
2842,"no, dear, he has this pen.",False,0
2843,"no, it's not.",False,0
2844,how about this?,False,0
2845,red what?,False,0
2846,maybe some more what?,False,0
2847,why are you going to use all of the paper?,True,1
2848,I think so.,False,0
2849,yes.,False,0
2850,Diandra has the tape.,False,0
2851,huh.,False,0
2852,"I told you when I called you, don't say huh.",True,1
2853,"yes, maybe the tape is just playing hide and seek.",False,0
2854,I had it first.,False,0
2855,I.,False,0
2856,"what're you doing, Diandra?",True,1
2857,you're playing?,False,0
2858,I 'm going to put this away.,False,0
2859,you're taking the what?,False,0
2860,"oh, you're taping the paper so no one will tear it.",False,0
2861,you can trap them in there?,False,0
2862,what willn't break?,False,0
2863,"no no, Paul Smith.",False,0
2864,pick the chair up.,False,0
2865,"yes, you did.",False,0
2866,"pick it up, Paul Smith.",False,0
2867,pick it up.,False,0
2868,thank you.,False,0
2869,"what're you tearing up, Adam?",True,1
2870,"yes, that's mine.",False,0
2871,you made my umbrella.,False,0
2872,"you didn't use all her paper, did you?",False,0
2873,she probably was going to use it for something.,False,0
2874,Goldilocks in the big papers.,False,0
2875,what is that?,True,1
2876,what did you say you were?,True,1
2877,what?,False,0
2878,were you a pirate too?,False,0
2879,he was a tiger?,False,0
2880,you want one what?,False,0
2881,"let's wait for a few minutes, alright?",False,0
2882,you willn't eat!,False,0
2883,what willn't you eat?,True,1
2884,you willn't eat tigers!,False,0
2885,I should hope not.,False,0
2886,you will!,False,0
2887,"awoh, not yet.",False,0
2888,what were you doing then?,True,1
2889,yes.,False,0
2890,who was it?,True,1
2891,"oh, it was.",False,0
2892,where does he come from?,True,1
2893,where's the real Ursula?,True,1
2894,"Adam Smith, what're you doing?",True,1
2895,"yes, what is that?",True,1
2896,why does that have to be attached to that?,True,1
2897,it's part of it.,False,0
2898,alright.,False,0
2899,tell Ursula what happened.,True,1
2900,what toy did she leave?,True,1
2901,and what happened to it?,True,1
2902,all by itself?,False,0
2903,"oh, I don't think so.",False,0
2904,tell her what happened.,True,1
2905,I willn't bite.,False,0
2906,what do you have in your pocket?,True,1
2907,dirt?,False,0
2908,you turn.,False,0
2909,what toys?,False,0
2910,"Adam, why don't you sit down?",True,1
2911,alright.,False,0
2912,there're some toys right there.,False,0
2913,what do you think it says?,True,1
2914,to what?,False,0
2915,let's take one.,False,0
2916,now you do the rest.,False,0
2917,is Smokey in a real forest?,False,0
2918,"they're bears in real forests, yes.",False,0
2919,oh.,False,0
2920,she left it for me.,False,0
2921,"no, I let you look at it.",False,0
2922,"no, it doesn't mean that you don't like it.",False,0
2923,it means that you like it and like to share it.,False,0
2924,I shared my book with you.,False,0
2925,you don't have a knight book.,False,0
2926,what're you doing over there?,True,1
2927,why don't you start down here?,True,1
2928,I was looking.,False,0
2929,"no, I 'm not going to do it.",False,0
2930,"no, it has to go under on the back of the card.",False,0
2931,you have to come back.,False,0
2932,we have to go one after another.,False,0
2933,put it in from the back.,False,0
2934,what about trying to do the one *NULL* you had?,True,1
2935,his name is Leonard Lion.,False,0
2936,Zelda Zebra.,False,0
2937,in.,False,0
2938,there.,False,0
2939,out.,False,0
2940,there.,False,0
2941,mmhm.,False,0
2942,put it through the back.,False,0
2943,"Paul, don't knock on the window, please.",False,0
2944,"who's sleepy, Adam?",True,1
2945,"Paul, no!",False,0
2946,"yes, we are, aren't we?",False,0
2947,you missed these.,False,0
2948,they're saying.,False,0
2949,"Adam, please, come and visit me.",False,0
2950,the holes.,False,0
2951,did you miss one?,False,0
2952,hippopotamus!,False,0
2953,a hippopotamus,False,0
2954,does a hippopotamus have a big wide mouth?,False,0
2955,I think it's a rhinoceros.,False,0
2956,do the what?,False,0
2957,it's not a ball *NULL* to throw.,True,1
2958,"no, it's not for you.",False,0
2959,your busy little horse?,False,0
2960,"stop, Diandra.",False,0
2961,your busy little bull is taking care of the dogs?,False,0
2962,I didn't think dogs and bulls were such good friends.,False,0
2963,that was your horse?,False,0
2964,he doesn't know dogs and boys.,False,0
2965,what's your horse's name?,True,1
2966,do you think the baby whale might want some milk?,False,0
2967,"oh, was that a police whistle?",False,0
2968,there's one right at your finger.,False,0
2969,Paul has his.,False,0
2970,no thank you.,False,0
2971,"oh, that's such good juice.",False,0
2972,a syrup.,False,0
2973,what kind of syrup?,False,0
2974,"Adam, come back in here please.",False,0
2975,yes.,False,0
2976,I don't have no many babies.,False,0
2977,a funnel.,False,0
2978,you can pour things through here into a small bottle.,False,0
2979,"no, why do you want to?",True,1
2980,why don't we not do that today?,False,0
2981,I know you willn't.,False,0
2982,but why don't we not not do that today.,True,1
2983,"well, Rinny's in the bathroom.",False,0
2984,I don't think you'd like for Rinny to bite you.,False,0
2985,"wait here, Adam, I'll get some for you, dear",False,0
2986,"Diandra, will you please get out of the box.",False,0
2987,yes.,False,0
2988,mmhm.,False,0
2989,alright.,False,0
2990,spill it or pour it?,False,0
2991,it has to drip through the funnel.,False,0
2992,it's patient?,False,0
2993,I think that's enough for that bottle.,False,0
2994,where's the nipple for that bottle?,True,1
2995,she does?,False,0
2996,why did she swallow it?,True,1
2997,she likes milk?,False,0
2998,"here, the funnel?",False,0
2999,did it go down already?,False,0
3000,"come on, Paul.",False,0
3001,hold the funnel up.,False,0
3002,how about what?,False,0
3003,you think it's not full up to the,False,0
3004,"well, be sure you take all the water out.",False,0
3005,that's five cents.,False,0
3006,why did you walk on this paper?,True,1
3007,"Adam, move, move, Adam.",False,0
3008,move from.,False,0
3009,move from where?,False,0
3010,that's spray.,False,0
3011,untie what?,False,0
3012,what do you call what you do to a bottle?,True,2
3013,do you tie a bottle?,False,0
3014,what do you do to a bottle?,True,1
3015,"screw, unscrew.",False,0
3016,see it?,False,0
3017,do you see it?,False,0
3018,it's full.,False,0
3019,put your fingers there.,False,0
3020,"no, not in Diandra's bottle because that top comes off very",False,0
3021,no.,False,0
3022,"well, give him one, dear.",False,0
3023,he had one of those.,False,0
3024,what?,False,0
3025,forty cents?,False,0
3026,red eyes?,False,0
3027,you missed.,False,0
3028,you don't want to lose the tops.,False,0
3029,"no, this one does not have water.",False,0
3030,about to have the water?,False,0
3031,I think you missed the bottle.,False,0
3032,it's growing!,False,0
3033,what?,False,0
3034,I don't think so.,False,0
3035,sl dl ol sl.,False,0
3036,what does that spell?,True,1
3037,spray.,False,0
3038,what is spray?,True,1
3039,what kind is it?,True,1
3040,chocolate spray?,False,0
3041,thank you for the chocolate hair.,False,0
3042,you said it was chocolate spray.,False,0
3043,"thank you, dear.",False,0
3044,"here, Adam has that bottle.",False,0
3045,not particularly.,False,0
3046,"that's enough, thank you.",False,0
3047,"Paul and Diandra, stop it.",False,0
3048,"that's enough, both of you.",False,0
3049,"no, that's not clean water, honey.",False,0
3050,I put that in there to rinse the bowl.,False,0
3051,"I don't think you need any more, honey.",False,0
3052,you must have lost it.,False,0
3053,what happened to the funnel?,True,1
3054,you have to been looking all over for de funnel?,False,0
3055,uhuh.,False,0
3056,what are you pouring it into?,True,1
3057,you're making a mess there.,False,0
3058,"now that's not the way *NULL* you play, is it?",True,1
3059,you have a funnel that lets you know when you have enough in the,True,1
3060,where's the other bottle?,True,1
3061,we'll do it next time.,False,0
3062,where?,False,0
3063,all lined up and ready to go.,False,0
3064,open it up and see.,False,0
3065,"what have they got, those men?",True,1
3066,no wonder what?,False,0
3067,how can they?,True,1
3068,how can animals box themselves?,True,1
3069,hmm?,False,0
3070,what do you think this says?,True,1
3071,"see, they're cavemen.",False,0
3072,and they've got animal skins on for clothes.,False,0
3073,animal skins.,False,0
3074,"no, he's wearing an animal skin.",False,0
3075,he's a man.,False,0
3076,"well, he might hit that dinosaur.",False,0
3077,sometimes they kill animals for their skins for clothing.,False,0
3078,and maybe they chop down trees.,False,0
3079,no.,False,0
3080,how could you wear a tree?,True,1
3081,it's called a pterodactyl.,False,0
3082,it's like a big flying dinosaur.,False,0
3083,"yes, you can take them all out if you want.",True,1
3084,you have to start here.,False,0
3085,"no, just take the paper off the bottom and then it will come out.",False,0
3086,mmhm.,False,0
3087,"oh yes, you can.",False,0
3088,can you shake him up and down?,False,0
3089,I got seeds in mine.,False,0
3090,then what will you do with it?,True,1
3091,are you going to swallow it?,False,0
3092,what're you digging for?,True,1
3093,aren't you going to eat your apple?,False,0
3094,do you?,False,0
3095,why not?,False,0
3096,but not boy babies?,False,0
3097,why not?,False,0
3098,does he like apples?,False,0
3099,now you'll have enough.,False,0
3100,hmm?,False,0
3101,"yes, I think so.",False,0
3102,he has big wings.,False,0
3103,that's true.,False,0
3104,can you fly?,False,0
3105,yes?,False,0
3106,let's see you fly.,False,0
3107,I thought you said.,False,0
3108,I can fly.,False,0
3109,"looks like a spear, doesn't it?",False,0
3110,"I think it's a club, a stick.",False,0
3111,one man's going To what?,False,0
3112,much taller.,False,0
3113,what happened?,True,1
3114,did you do something?,False,0
3115,why do you like that one?,True,1
3116,huh.,False,0
3117,here comes the other one.,False,0
3118,that's a dinosaur.,False,0
3119,"goodness, they're all kinds.",False,0
3120,maybe it's a flying dinosaur.,False,0
3121,he's playing all the parts.,False,0
3122,Paul!,False,0
3123,"oh, I see.",False,0
3124,that's another Paul.,False,0
3125,what happens when you blow the whistle?,True,2
3126,"I don't think I 'm very hungry, thank you.",False,0
3127,don't what?,False,0
3128,what is that?,True,1
3129,"oh, may we look at these two?",False,0
3130,alright.,False,0
3131,thank you.,False,0
3132,you cann't what?,False,0
3133,you cann't either do it?,False,0
3134,how can she write if you sit on top of her?,True,1
3135,that says.,False,0
3136,who lives in your barn.,True,1
3137,in your barn.,False,0
3138,that's a picture of a barn.,False,0
3139,what men did you have?,True,1
3140,I didn't see any men.,False,0
3141,"here, Paul.",False,0
3142,help Paul.,False,0
3143,help Paul.,False,0
3144,"yes, you can.",False,0
3145,"yes, he can.",False,0
3146,where did you learn how to do that?,True,2
3147,that's right.,False,0
3148,did you get hurt very badly?,False,0
3149,"oh, I 'm sorry.",False,0
3150,"oh, I thought you were.",False,0
3151,I've heard of a flying saucer and I've heard of a dinosaur but I've,False,0
3152,what television.,False,0
3153,"oh, you are.",False,0
3154,"oh, where did you get feather brain?",True,1
3155,"Diandra, give me that.",False,0
3156,that's dangerous.,False,0
3157,he can hurt himself with it.,False,0
3158,"yes, you sure do have a lot of animals.",False,0
3159,where's the Mommy?,True,1
3160,"no no, take it apart.",False,0
3161,"he cann't do the puzzle, dear, why don't you leave it closed?",True,1
3162,"no, he just wants to take it around like Paul is taking one",False,0
3163,if you cann't what?,True,1
3164,mmhm.,False,0
3165,"good, very good.",False,0
3166,yes.,False,0
3167,what kind of bird is that?,True,1
3168,that's not a peacock.,False,0
3169,that's a bluejay.,False,0
3170,alright.,False,0
3171,you're so busy.,False,0
3172,I didn't think you'd get back around to me.,False,0
3173,"what are they doing, walking when they're on the truck?",True,2
3174,why?,False,0
3175,that poor dinosaur.,False,0
3176,alright.,False,0
3177,why should he do that?,True,1
3178,"you don't want him to get hurt, do you?",False,0
3179,alright.,False,0
3180,alright.,False,0
3181,what shall I help you do?,False,0
3182,"help him turn it around, Adam.",False,0
3183,yes.,False,0
3184,who is Calliec?,True,1
3185,who is Calliec?,True,1
3186,that's the name.,False,0
3187,no.,False,0
3188,there's one more over there.,False,0
3189,"you knocked one down, driver.",False,0
3190,it's going to have to start very carefully so you willn't knock all,False,0
3191,right here.,False,0
3192,"that's not a horse, is it?",False,0
3193,"no, that's not a horse.",False,0
3194,what're you tearing that for?,True,1
3195,"no, it's not a plastic bag.",False,0
3196,it's the cover that came off the puzzle.,True,1
3197,Calliec?,False,0
3198,were you talking about the dog or were you talking about the,False,0
3199,which one would you like?,True,1
3200,alright.,False,0
3201,"yes, without the dinosaur.",False,0
3202,"oh, you can.",False,0
3203,you have to drive slowly.,False,0
3204,I'll show it to you.,False,0
3205,you want to see what a license looks like.,True,1
3206,this is what it looks like.,True,1
3207,it's tucked inside there.,False,0
3208,it's a driver's license *NULL* you want to see.,True,1
3209,what else is in there?,True,1
3210,let's see.,False,0
3211,you know what the name of that statue is?,True,1
3212,the Statue_of_Liberty.,False,0
3213,that's a stamp.,False,0
3214,yes.,False,0
3215,those are stamps *NULL* you use when you want to send a letter to Italy.,True,2
3216,or England.,False,0
3217,or France.,False,0
3218,Germany.,False,0
3219,Holland.,False,0
3220,what other places?,False,0
3221,you are.,False,0
3222,"well, you have to write a letter first.",False,0
3223,alright.,False,0
3224,here's some paper.,False,0
3225,here's a good pen.,False,0
3226,"no, there's just one country named Italy.",False,0
3227,yes.,False,0
3228,whose mother?,False,0
3229,it's a country.,False,0
3230,"yes, and it's a country shaped like a boot.",False,0
3231,shall I draw you how it looks?,True,1
3232,it's long and thin.,False,0
3233,the country called Italy is shaped like that.,False,0
3234,quite big.,False,0
3235,it's many miles.,False,0
3236,no.,False,0
3237,it's just shaped like one.,False,0
3238,what else are you going to put in your letter?,True,1
3239,a writing place?,False,0
3240,no.,False,0
3241,what would you do with a gun_penc.,True,1
3242,writing bullets.,False,0
3243,what would the writing bullets do?,True,1
3244,would they write?,False,0
3245,"no, do you know where some scissors are?",True,1
3246,is that where the scissors would be?,True,1
3247,a mailbox.,False,0
3248,I thought you were looking for a scissors.,False,0
3249,maybe I could find an envelope but I don't have a scissors.,False,0
3250,alright.,False,0
3251,maybe.,False,0
3252,that's right.,False,0
3253,that's right.,False,0
3254,that's right.,False,0
3255,that's got a lot of writing on it though.,False,0
3256,"well, there's too much writing.",False,0
3257,that's got a lot of writing on it though.,False,0
3258,"well, there's too much writing.",False,0
3259,you can have this one.,False,0
3260,your letter the one *NULL* you wrote.,True,1
3261,here they are.,False,0
3262,"I didn't bring any today, no.",False,0
3263,she brought all the toys the other day.,False,0
3264,isn't that nice.,False,0
3265,"no, I don't think I do.",False,0
3266,you could fold it.,False,0
3267,yes.,False,0
3268,mmhm.,False,0
3269,no.,False,0
3270,Paul is still sleeping.,False,0
3271,huh?,False,0
3272,a bean bean.,False,0
3273,"oh, it's a cocoa bean.",False,0
3274,what kind of bean is it?,True,1
3275,cocoa beans.,False,0
3276,why is that Jesus?,True,1
3277,what does that mean?,True,1
3278,"yes, you do.",False,0
3279,"yes, rich with Ursula's toys.",False,0
3280,yes.,False,0
3281,if you say so.,True,1
3282,what brother?,False,0
3283,you have a brother.,False,0
3284,"no, dear, this way.",False,0
3285,I don't know.,False,0
3286,she lives so far away.,False,0
3287,fly on an airplane.,False,0
3288,I see the scissors.,False,0
3289,I do.,False,0
3290,I certainly do.,False,0
3291,"where, where on the chair there.",False,0
3292,this chair.,False,0
3293,this chair.,False,0
3294,what is that?,True,1
3295,if you know someone in Italy.,True,1
3296,who?,False,0
3297,a sleep boy?,False,0
3298,he certainly is a sleepy little boy.,False,0
3299,"yes, it's under your leg.",False,0
3300,"yes, it's under your leg.",False,0
3301,"yes, what are you cutting out?",True,1
3302,you're cutting out to send to Italy.,False,0
3303,what are you cutting out?,True,1
3304,I think she heard someone coming in the door.,False,0
3305,turn it around.,False,0
3306,I don't think she thought it was a tiger.,False,0
3307,but she thought it was somebody who didn't live here.,True,1
3308,"oh, is that what she told you?",True,1
3309,that's right.,False,0
3310,hmm?,False,0
3311,no.,False,0
3312,that's a very long one.,False,0
3313,long one.,False,0
3314,"who, Rinny.",False,0
3315,I don't think so.,False,0
3316,"I think she knows you're here, but I don't think she hears you.",False,0
3317,she thinks you're fighting the lions?,False,0
3318,I haven't seen her since she was a puppy.,False,0
3319,"I saw her when she was a puppy, but not since then.",True,1
3320,yes.,False,0
3321,"oh yes, they can, but it doesn't hurt very much.",False,0
3322,yes.,False,0
3323,I didn't know you had scissors fingers.,False,0
3324,how did you?,False,0
3325,yes.,False,0
3326,"do you want another piece, Adam?",False,0
3327,here's another piece.,False,0
3328,I don't know.,False,0
3329,I bet you're sitting on it.,False,0
3330,how can you draw it quick if you really want to draw something?,True,2
3331,yes.,False,0
3332,"no, is she on it too?",False,0
3333,draw a dog on the merrygoround.,False,0
3334,you're going too fast.,False,0
3335,go get the other piece.,False,0
3336,"no, there're two piece there.",False,0
3337,Adam will give it to you.,False,0
3338,uhhuh.,False,0
3339,"well, he's learning.",False,0
3340,"oh no, I 'm just getting sort of dizzy.",False,0
3341,"yes, thank you.",False,0
3342,just one more.,False,0
3343,stop.,False,0
3344,"stop, stop, I want to get off.",False,0
3345,"yes, I 'm so tired.",False,0
3346,"yes, I am tired.",False,0
3347,once more.,False,0
3348,huh?,False,0
3349,uhhuh.,False,0
3350,uhhuh.,False,0
3351,uhhuh.,False,0
3352,those are birds.,False,0
3353,what is the funniest bird *NULL* you ever saw?,True,2
3354,yes.,False,0
3355,cut the what off?,False,0
3356,the points.,False,0
3357,"do you know how to say please, Adam Smith?",True,1
3358,now let's see if you can say the other magic word?,True,1
3359,"no, I'd like to go on a ferris wheel.",False,0
3360,"yes, I am.",False,0
3361,yes.,False,0
3362,why're you getting another chair?,True,1
3363,the rollercoaster.,False,0
3364,I'll drive one of those cars.,False,0
3365,that they have at the carnival that you get in and drive.,True,3
3366,I didn't mean the boat cars but you can ride in them.,False,0
3367,"yes, I am.",False,0
3368,I like to ride on the boat.,False,0
3369,did you have a story about that at school?,False,0
3370,of all the things at the carnival?,False,0
3371,how do you know what we find at the carnival?,True,2
3372,"oh, you have some friends who know a lot.",True,1
3373,who are those friends?,True,1
3374,"oh, I wouldn't think so.",False,0
3375,"well, why don't you let Paul play with it while you're doing that?",True,1
3376,"well, you give me the scissors and I'll let Paul cut some.",False,0
3377,"well, this just what you didn't want.",False,0
3378,now what?,False,0
3379,that looks like a,False,0
3380,is that an eagle?,False,0
3381,is that an eagle?,False,0
3382,is it a crow?,False,0
3383,is that an owl?,False,0
3384,it's an owl.,False,0
3385,is that a lion?,False,0
3386,is it a cow?,False,0
3387,is it a dog?,False,0
3388,is it a tiger?,False,0
3389,is it a rhinoceros?,False,0
3390,is it a hippopotamus?,False,0
3391,is it a chicken?,False,0
3392,is it a kitten?,False,0
3393,where?,False,0
3394,what is what?,True,1
3395,"oh, is that a rhinoceros?",False,0
3396,is that an elephant?,False,0
3397,is that a hippopotamus?,False,0
3398,is that a walrus?,False,0
3399,is that a pig?,False,0
3400,is that a goat?,False,0
3401,is that a llama?,False,0
3402,"oh, is it a cow?",False,0
3403,is that a goose?,False,0
3404,are those geese?,False,0
3405,are those ducks?,False,0
3406,"Adam Smith, those are ducks.",False,0
3407,hen?,False,0
3408,is that a cat and a kitten?,False,0
3409,"oh, I see.",False,0
3410,if a cat's baby is called a kitten what's a dog's baby called?,True,2
3411,"no, listen.",False,0
3412,if a cat's baby is called a kitten then what is a dog's baby,True,2
3413,what's a baby dog?,True,1
3414,a kitten?,False,0
3415,a cat?,False,0
3416,"a dog, Rinny could be the mother of a cat?",False,0
3417,does that say oinko oinko or baao baao?,False,0
3418,"Paul, what says oinko oinko?",True,1
3419,what says quacko?,True,1
3420,what is that?,True,1
3421,"no, dear, that's his.",False,0
3422,you wouldn't let him play with the puzzle.,False,0
3423,"yes, he can.",False,0
3424,"Adam, what's your dirty undershirt doing in here?",True,1
3425,what is that?,True,1
3426,I don't have any juice today I 'm sorry.,False,0
3427,I think so.,False,0
3428,you had milk today at school.,False,0
3429,that Adam that went to school?,True,1
3430,you what?,False,0
3431,"oh, what's his name?",True,1
3432,you mean there's another Adam.,False,0
3433,that's a barn.,False,0
3434,what is what?,True,1
3435,alright.,False,0
3436,why don't you turn your chair around so I can see.,True,1
3437,"aren't you nice, thank you.",False,0
3438,that is a cl al tl.,False,0
3439,under the chair.,False,0
3440,four?,False,0
3441,I see them.,False,0
3442,those aren't they?,False,0
3443,where did they go then?,True,1
3444,what?,False,0
3445,what do I see that begins with hl like Hercules?,True,2
3446,huh?,False,0
3447,uhhuh.,False,0
3448,"no, not Hercules but hl.",False,0
3449,why?,False,0
3450,is that the way *NULL* you talk at school?,True,1
3451,no.,False,0
3452,so she'll remember what we're all saying.,True,1
3453,"what a nice barn, Adam.",False,0
3454,"no, but I'd like to see how it works.",True,1
3455,would you show her?,False,0
3456,she means how you play with it.,True,1
3457,what happens to the barn?,True,1
3458,it doesn't have any batteries.,False,0
3459,"yes, why don't you show Ursula the animal set that lives in the",True,1
3460,I didn't see any bag.,False,0
3461,I guess I 'm hiding it.,False,0
3462,yes.,False,0
3463,"oh, let's see what else there is.",True,1
3464,here's a book.,False,0
3465,this is the man who wrote the book.,True,1
3466,after the glamour of yesterday nothing is quite good enough.,False,0
3467,there's a punch in the bag.,False,0
3468,alright.,False,0
3469,that's what that paper was for.,True,1
3470,"you what, Adam?",False,0
3471,what's her name?,True,1
3472,"oh, really?",False,0
3473,what are you doing?,True,1
3474,I see a tree.,False,0
3475,a butterfly.,False,0
3476,now it's a what?,False,0
3477,see dat?,False,0
3478,you could do it if you fold the paper.,True,1
3479,"well, you have to fold right near where you want to go.",True,1
3480,"oh yes, it looks like a footprint.",False,0
3481,I see a balloon.,False,0
3482,a balloon with a string.,False,0
3483,no place.,False,0
3484,I just came out here for a little while.,False,0
3485,alright?,False,0
3486,when you want me you call me.,True,1
3487,"play checks, let me see.",False,0
3488,that's a real ticket.,False,0
3489,that's a real one.,False,0
3490,"yes, it is.",False,0
3491,let me see the date.,False,0
3492,February twenty fourth.,False,0
3493,that was yesterday.,False,0
3494,how do you know when it's tomorrow?,True,2
3495,"Adam, how do you know when it's tomorrow?",True,2
3496,you know what time?,False,0
3497,no.,False,0
3498,it's eleven fifteen.,False,0
3499,nearly.,False,0
3500,how do you know when it's morning or afternoon?,True,2
3501,a what?,False,0
3502,a wing?,False,0
3503,how do you know if it's night or day?,True,2
3504,I just wondered.,False,0
3505,where is your watch?,True,1
3506,you're not going to show me?,False,0
3507,why not?,False,0
3508,a striped watch?,False,0
3509,I've never seen a striped watch.,False,0
3510,I've never seen one.,False,0
3511,I thought you said you had one.,False,0
3512,a what boy?,False,0
3513,a no boy with no watch?,False,0
3514,you made it big.,False,0
3515,it's much bigger.,False,0
3516,it's much smaller too!,False,0
3517,how could it be both?,True,1
3518,that's right.,False,0
3519,I do.,False,0
3520,I have two tricky boys of my own.,False,0
3521,sure.,False,0
3522,"I like you, a tricky boy.",False,0
3523,is it getting smaller?,False,0
3524,you could make a mask.,False,0
3525,you can cut two big round holes for eyes and one for the nose,False,0
3526,then it would be a mask.,False,0
3527,shall I draw them darker?,False,0
3528,could I have the pencil?,False,0
3529,that's going to be a big job.,False,0
3530,a church?,False,0
3531,what does your church have?,True,1
3532,on top?,False,0
3533,where?,False,0
3534,on the bottom of the church?,False,0
3535,"sure, will you give it back?",False,0
3536,I cann't tell.,False,0
3537,can you tell?,False,0
3538,just because he's crying?,False,0
3539,does that always mean he's bad?,False,0
3540,yes.,False,0
3541,I cann't tell.,False,0
3542,how can you tell?,True,1
3543,but does he only cry when he's naughty?,True,1
3544,doesn't he cry other times?,False,0
3545,but is that the same as naughty?,False,0
3546,so you cann't tell.,False,0
3547,I think you're a funny boy.,False,0
3548,you're a funny boy.,False,0
3549,a lobster eating?,False,0
3550,that's a punch.,False,0
3551,what?,False,0
3552,"yes, it is a punch.",False,0
3553,alright.,False,0
3554,that would be nice.,False,0
3555,you don't want Paul to get caught?,False,0
3556,you just punch two holes on the sides.,False,0
3557,one there and one on the other side.,False,0
3558,"oh yes, I see one that looks like a lollipop.",True,1
3559,"you could lick it, but don't.",False,0
3560,"just pretend, right?",False,0
3561,no.,False,0
3562,it willn't hurt you that much.,False,0
3563,it isn't that bad.,False,0
3564,alright.,False,0
3565,still see the what?,False,0
3566,"get them over to the front, that's right.",False,0
3567,yes.,False,0
3568,right.,False,0
3569,"you did it yesterday, didn't you?",False,0
3570,it's just jumping out.,False,0
3571,when you want to shoot you first pull this and then pull this.,True,1
3572,you push this.,False,0
3573,there are always some more.,False,0
3574,yeah.,False,0
3575,"oh, did you get them all?",False,0
3576,good for you.,False,0
3577,shall I help you?,False,0
3578,pull this and then this.,False,0
3579,pull that back.,False,0
3580,now do this.,False,0
3581,yes.,False,0
3582,"yes, and then through one of those holes and you have a score.",False,0
3583,yes.,False,0
3584,let's see.,False,0
3585,that's got a score on it.,False,0
3586,can you read numbers?,False,0
3587,what number is that?,True,1
3588,this is ten.,False,0
3589,and this is twenty five.,False,0
3590,this is fifty.,False,0
3591,and this is seventy five.,False,0
3592,you what?,False,0
3593,what?,False,0
3594,like a snowman.,False,0
3595,are you able to make it work?,False,0
3596,now pull that back.,False,0
3597,this.,False,0
3598,squeeze it.,False,0
3599,and now pull this one.,False,0
3600,squeeze this all the way back.,False,0
3601,yes.,False,0
3602,that's it.,False,0
3603,the lights are off.,False,0
3604,do you think they're going to sleep?,False,0
3605,I didn't know he could reach it.,False,0
3606,did they go?,False,0
3607,yes.,False,0
3608,uhhuh.,False,0
3609,would you like to play with this?,False,0
3610,"you need a string or a shoelace, remember?",False,0
3611,"what, the gun?",False,0
3612,doesn't it spin for long time?,False,0
3613,"Adam, do you want to hang up the clothes line?",False,0
3614,let me see who's taller.,True,1
3615,Adam's taller.,False,0
3616,"oh no, you willn't want any dinner.",False,0
3617,I'd like to sit in this chair if it's alright with you.,True,1
3618,would you like to put up the clothesline?,False,0
3619,maybe one end could go on the drawer.,False,0
3620,where're you going to tie the other end?,True,1
3621,"you can tie it, go ahead.",False,0
3622,if you cann't tie it maybe Robin can tie it.,True,1
3623,alright.,False,0
3624,Ursula brought it for *NULL* Adam to play with.,True,1
3625,alright.,False,0
3626,let me see if there's something *NULL* you can hang in the box.,True,2
3627,your line is slipping down.,False,0
3628,what can you do about that?,True,1
3629,"Robin, show him.",False,0
3630,"yes, somebody started making that.",False,0
3631,maybe you could both work on this one.,False,0
3632,"oh, here's a watch.",False,0
3633,"here, Adam.",False,0
3634,what?,False,0
3635,Ursula tore it.,False,0
3636,you can really wear this.,False,0
3637,this is hard to do.,False,0
3638,he's in the first grade.,False,0
3639,"here, Adam, here's yours.",False,0
3640,this is a pill box.,False,0
3641,scrap.,False,0
3642,what's a scrap?,True,1
3643,a medicine?,False,0
3644,what kind of medicine is it?,True,1
3645,"Robin, what does that sign say?",True,1
3646,why?,False,0
3647,what letters are those like that?,True,1
3648,sounds serious.,False,0
3649,looks like someone's what?,False,0
3650,what?,False,0
3651,dead!,False,0
3652,three boys.,False,0
3653,don't you see three?,False,0
3654,no!,False,0
3655,count the boys.,False,0
3656,you could give me a shot.,False,0
3657,ow.,False,0
3658,here's some medicine.,False,0
3659,"oh, what is that?",True,1
3660,what is it?,True,1
3661,bend it.,False,0
3662,not bullets.,False,0
3663,it shoots medicine.,False,0
3664,or vaccines.,False,0
3665,yes.,False,0
3666,mmhm.,False,0
3667,and you have to put it around her head.,False,0
3668,too heavy?,False,0
3669,yes.,False,0
3670,"Diandra, here's your book, dear.",False,0
3671,"see, Robin can read.",False,0
3672,when you start going to school you can read too.,True,1
3673,"oh, that's for the doctor.",False,0
3674,"here, Adam, here's the cap.",False,0
3675,alright.,False,0
3676,what do you think that is?,True,1
3677,what is this do you think?,True,1
3678,you're going to give me a shot.,False,0
3679,"would you come here and be fitted, Adam?",False,0
3680,"look in the mirror, Adam.",False,0
3681,you cann't see it?,False,0
3682,Robin told you.,False,0
3683,operating room.,False,0
3684,maybe you could hang it on the line.,False,0
3685,are you going to operate?,False,0
3686,waiting?,False,0
3687,"oh, what does the sign say?",True,1
3688,did you tell Robin that you went to his house?,False,0
3689,and you saw some toys of his.,False,0
3690,you saw his tricycle.,False,0
3691,what else did you see?,True,1
3692,why three children?,False,0
3693,two bikes?,False,0
3694,"oh, you mean big bicycles.",False,0
3695,"Adam, you're right.",False,0
3696,there were three.,False,0
3697,"no, she has only has two children.",False,0
3698,"three bikes, but two children.",False,0
3699,and we have three children and two bikes.,False,0
3700,that's right.,False,0
3701,it's so hard.,False,0
3702,"Adam, did you go to school this morning?",False,0
3703,yes.,False,0
3704,we see Underdog.,False,0
3705,what?,False,0
3706,I think so.,False,0
3707,I think that's the bottom of the pill box.,False,0
3708,Mommy.,False,0
3709,that's a horse.,False,0
3710,oh.,False,0
3711,"oh yes, what is that?",True,1
3712,you have to pin it on.,False,0
3713,there are some holes.,False,0
3714,could I have another page?,False,0
3715,I thought you said you could read it.,False,0
3716,"oh, you have too much work *NULL* to do?",True,1
3717,"oh, that's good.",False,0
3718,"oh, how nice.",False,0
3719,but I think you should give some to Ursula.,False,0
3720,you think there's a what?,False,0
3721,"oh, I 'm sorry.",False,0
3722,"a vase, oh.",False,0
3723,"yes, I heard you, thank you.",False,0
3724,you're going *T*-1 to talk to me?,False,0
3725,"well, maybe you should stay away so you willn't trip.",False,0
3726,"well, you should stay away.",False,0
3727,"oh, Adam, why don't you give them to Robin and then he can give",True,1
3728,"then both mothers will have flowers, right?",False,0
3729,"well, you gave them to me.",False,0
3730,and then I gave them back to you.,False,0
3731,now you can give them to Robin and he can give them to his mother,False,0
3732,I'll give them back now Adam.,False,0
3733,where's the box?,True,1
3734,that's not a box.,False,0
3735,it's supposed to be a case.,False,0
3736,what?,False,0
3737,"well then, I guess the nurses would have to take care of people.",False,0
3738,then maybe each person would have to take care of himself.,False,0
3739,alright.,False,0
3740,"don't take his things, Adam.",False,0
3741,"here you are, Adam.",False,0
3742,you cann't even what?,False,0
3743,they're cotton balls.,False,0
3744,for cleaning things.,False,0
3745,if you have a hurt or scratch or cut you can clean it with a ball of cotton.,True,1
3746,"Diandra, why are you tearing it up?",True,1
3747,that's right.,False,0
3748,"what time is it, Adam?",True,1
3749,oh dear.,False,0
3750,maybe you should keep the things *NULL* we want to keep away from there.,True,1
3751,"Diandra, no.",False,0
3752,you're tearing up too much.,False,0
3753,that wouldn't be nice to do.,False,0
3754,would you like for me to leave you down here without any dinner?,False,0
3755,that's another pill box.,False,0
3756,it's a little tiny pill.,False,0
3757,"Diandra, no more, dear.",False,0
3758,you're just tearing up too much paper.,False,0
3759,"oh, did he say what I said?",True,1
3760,it's a pill box.,False,0
3761,yes.,False,0
3762,no?,False,0
3763,give you out?,False,0
3764,what does that mean?,True,1
3765,"oh, I should give you out and that means spank you?",False,0
3766,you're giving me a shot to make me feel better?,False,0
3767,ah.,False,0
3768,"what's wrong, doctor?",True,1
3769,"no, he thinks you're checking him too.",False,0
3770,the things *NULL* you need that the doctor uses.,True,2
3771,"it's a supply cabinet, isn't it?",False,0
3772,I don't think you put the medicine in there.,False,0
3773,I think you put the tongue depressor in there and other things like,False,0
3774,I don't think so.,False,0
3775,that's for taking medicine.,False,0
3776,"no, liquid medicine.",False,0
3777,do you have a bottle of medicine?,False,0
3778,you need to do what?,False,0
3779,rash?,False,0
3780,what kind of rash?,False,0
3781,"oh, I see you put some medicine on my hand and washed it off?",False,0
3782,he's taking a rash off my hand.,False,0
3783,that's cotton on the end of a stick for pretending to clean your,False,0
3784,is it real?,False,0
3785,no.,False,0
3786,is that a sick doggie?,False,0
3787,"close the door, please.",False,0
3788,"no, all the way.",False,0
3789,so we can hear better.,False,0
3790,what?,False,0
3791,"on what, dear?",False,0
3792,"I don't think that's a pill, is it?",False,0
3793,I 'm trying to fix it.,False,0
3794,I think we need a little bit of Scotch tape.,False,0
3795,I don't think so.,False,0
3796,"Adam, don't sit on that.",False,0
3797,it's not.,False,0
3798,"oh, did the baby cry?",False,0
3799,she's not a crybaby?,False,0
3800,can you try it yourself?,False,0
3801,shorter than I am?,False,0
3802,"Adam, do you want to see the film that Ursula took the other day?",True,1
3803,do you want to see a cartoon?,False,0
3804,"would you like to look in this box, Adam?",False,0
3805,you look like you're excited.,False,0
3806,they call it a film viewer or film editor.,False,0
3807,you look like you're excited.,False,0
3808,they call it a film viewer or film editor.,False,0
3809,viewer?,False,0
3810,can you wind that?,False,0
3811,I know you are.,False,0
3812,will that cord reach?,False,0
3813,do you want me to plug it in?,False,0
3814,how does this work?,True,1
3815,that's the handle *NULL* to turn the film.,True,1
3816,do you?,False,0
3817,there we are.,False,0
3818,this one is a Popeye film.,False,0
3819,alright.,False,0
3820,where're you going?,True,1
3821,not yet.,False,0
3822,maybe we can close the curtains.,False,0
3823,if the room is dark we can see it better.,True,1
3824,that looks like for what?,False,0
3825,"oh, for boys and kids.",False,0
3826,I think that was Abbott and Costello.,False,0
3827,we'll have to take the film off to have an empty reel.,False,0
3828,I think we'll just do it to this one.,False,0
3829,who's crying?,True,1
3830,is it Diandra or Paul?,False,0
3831,do you know all about this?,False,0
3832,yes.,False,0
3833,"well, you can see it right here at home.",False,0
3834,once we get it on she can see it.,False,0
3835,there's a button on the side that turns the light on.,True,1
3836,"you are not, are you?",False,0
3837,this is a little bit tricky.,False,0
3838,"yes, it is.",False,0
3839,now we're getting there.,False,0
3840,"do you have a bad cold, Adam?",False,0
3841,turn this light on on the side.,False,0
3842,push it forward.,False,0
3843,alright.,False,0
3844,you eat spinach too?,False,0
3845,yes.,False,0
3846,there we go.,False,0
3847,there's the Popeye movie.,False,0
3848,there's a lady with lots of children.,False,0
3849,"oh, she has a lot of children.",False,0
3850,how many does she have?,True,1
3851,eight!,False,0
3852,eight children!,False,0
3853,are they boys or girls?,False,0
3854,all boys?,False,0
3855,my goodness.,False,0
3856,do you want to see where they bump their heads?,True,1
3857,they both are bowing before her and they bumped their heads.,False,0
3858,they're both pulling her.,False,0
3859,she's going to break in half.,False,0
3860,looks like it.,False,0
3861,what did he do?,True,1
3862,I think you're right.,False,0
3863,want ta see them run backwards?,False,0
3864,alright.,False,0
3865,what's happening now?,True,1
3866,"look, she's stuck on a tree.",False,0
3867,"poor Olive, she's tied in a knot.",False,0
3868,"Adam, you can rewind that one, alright.",False,0
3869,"yes, go all the way backwards, that's right.",False,0
3870,let's see what we find in this one.,True,1
3871,these will be pictures of Robin and David and their friends and,False,0
3872,I wouldn't think so.,False,0
3873,"do you want to turn the button on, Adam?",False,0
3874,this is a halloween parade.,False,0
3875,there's somebody in a white shirt.,False,0
3876,who does that look like?,True,1
3877,doesn't it?,False,0
3878,Adam's not interested in this.,False,0
3879,there's something recognizable.,False,0
3880,"alright, we'll go back to cartoons, alright?",False,0
3881,do you want to see Popeye?,False,0
3882,"Adam, would you like to do the turning?",False,0
3883,"well, why don't you do it?",True,1
3884,you want to see it.,False,0
3885,this is going to be Popeye.,False,0
3886,two?,False,0
3887,"no, you turn it for me.",False,0
3888,let me see it.,False,0
3889,what happened?,True,1
3890,that many?,False,0
3891,oh no.,False,0
3892,I'd probably forget their names.,False,0
3893,is he going to buy a ring?,False,0
3894,with what on her nose?,False,0
3895,oh.,False,0
3896,what happened?,True,1
3897,how do you think you have to do it?,True,1
3898,"oh, I want to see it.",False,0
3899,"oh, you got to the end.",False,0
3900,you never heard of what?,False,0
3901,"oh, I've seen some.",False,0
3902,I have one more comedy if you want one.,True,1
3903,why is it dangerous?,True,1
3904,does it go in this box?,False,0
3905,"yes, this is Popeye.",False,0
3906,"that's alright it is, Adam.",False,0
3907,"no, wait, don't do that.",False,0
3908,would you like one more?,False,0
3909,we can do that one *NULL* we unwound.,True,1
3910,yes.,False,0
3911,"wait, no, don't pull it, Adam.",False,0
3912,you'll break it.,False,0
3913,"I 'm not sure, Adam.",False,0
3914,where is that?,True,1
3915,oh yes.,False,0
3916,"yes, I 'm your mother too.",False,0
3917,I 'm not quite sure.,False,0
3918,"no, wait, wait.",False,0
3919,why would you do that?,True,1
3920,out out out.,False,0
3921,no no.,False,0
3922,we have to leave it down in the box.,False,0
3923,alright?,False,0
3924,"alright, Adam.",False,0
3925,you may wind some more.,False,0
3926,ok.,False,0
3927,can you stop now and look at the picture?,False,0
3928,what's that doing?,True,1
3929,did they fall off yet?,False,0
3930,hold still.,False,0
3931,stop.,False,0
3932,we have to straighten the film.,False,0
3933,who was scared?,True,1
3934,"oh, the man on the building.",False,0
3935,you're not scared of anything?,False,0
3936,"goodness, you're a brave little boy.",False,0
3937,that you're not afraid.,False,0
3938,what animals?,False,0
3939,you're afraid of a starfish?,False,0
3940,"they're animals, I guess.",False,0
3941,"yes, they're real.",False,0
3942,"alright, would you like to turn more?",False,0
3943,ok.,False,0
3944,hold still.,False,0
3945,"stop, stop, stop.",False,0
3946,what're you doing with my box?,True,1
3947,that's the what?,False,0
3948,don't you think it might be a little too large to go on there?,False,0
3949,"oh, you're ready for some more film.",False,0
3950,they fall off yet?,False,0
3951,you told your skin to stop.,False,0
3952,"no no, let me do it.",False,0
3953,"you may break it, dear.",False,0
3954,alright.,False,0
3955,oops.,False,0
3956,what happened?,True,1
3957,wait.,False,0
3958,alright.,False,0
3959,I guess he wants to go on there too.,False,0
3960,thank you.,False,0
3961,"alright, Adam.",False,0
3962,can you turn it off?,False,0
3963,what is it a picture of?,True,1
3964,because I like to sit there.,False,0
3965,alright.,False,0
3966,"can you unplug it, Adam?",False,0
3967,I 'm sorry.,False,0
3968,"no no, you have to turn it off and then unplug it.",False,0
3969,because when you turn it off you cut the current off and then you,True,1
3970,it could.,False,0
3971,not when it's off.,True,1
3972,"that's a very nice boy, Adam.",False,0
3973,like this.,False,0
3974,it's already down.,False,0
3975,"that's a very nice neat boy, Adam Smith.",False,0
3976,"are you sleepy, Adam?",False,0
3977,what color is that?,True,1
3978,what color is that?,True,1
3979,what color is that?,True,1
3980,are those two red?,False,0
3981,with only one stripe?,False,0
3982,is Robin going to have a turn?,False,0
3983,what?,False,0
3984,"any way you wish, dear.",False,0
3985,"I don't think I'd like either one, thank you.",False,0
3986,I don't think that's exactly right.,False,0
3987,"thank you, that's exactly right.",False,0
3988,the other children are asleep?,False,0
3989,"oh, a strike.",False,0
3990,how many did you knock down?,True,1
3991,"well, that was fast.",False,0
3992,maybe you'd like to build with Robin.,False,0
3993,here's the ball.,False,0
3994,where's the other bowling ball?,True,1
3995,"oh yes, you can.",False,0
3996,it's hard.,False,0
3997,oh yes.,False,0
3998,just blow very hard.,False,0
3999,"I think you could blow it, Adam.",False,0
4000,"oh no, I 'm sure that's not hard to do at all, dear.",False,0
4001,try it.,False,0
4002,"no, I cann't.",False,0
4003,just like you blew up the duck.,False,0
4004,you watch and see how Robin does it.,True,1
4005,"there it comes, see?",False,0
4006,there it is.,False,0
4007,"it will take time, it has to grow.",False,0
4008,alright.,False,0
4009,it looks like an oldfashioned light bulb.,False,0
4010,smoking a peace pipe.,False,0
4011,that's right.,False,0
4012,but you're losing too much air.,False,0
4013,try to get the air down through the hole.,False,0
4014,you blow and let me go get Paul and Diandra.,False,0
4015,now it looks like a street light.,False,0
4016,what do you think it looks like?,True,1
4017,"yours looks like a dirigible, the kind of balloon people used to",False,0
4018,is it made of marble?,False,0
4019,"no, probably something like rubber.",False,0
4020,"no, it's just very big.",False,0
4021,bigger than this room.,False,0
4022,"yes, that balloon is strong.",False,0
4023,do you want to make a little bigger?,False,0
4024,enough?,False,0
4025,I 'm going to take a little air out of mine.,False,0
4026,how did he do it?,True,1
4027,I don't think that's how.,False,0
4028,try it.,False,0
4029,I think you could.,False,0
4030,it's easier the second time.,False,0
4031,keep your mouth tight around the pipe.,False,0
4032,this long stem.,False,0
4033,what do you call it?,True,1
4034,no.,False,0
4035,it's plastic.,False,0
4036,what do you think the balloon is made of?,True,1
4037,made of what?,False,0
4038,I think they get it inside of certain trees in South America.,False,0
4039,rubber.,False,0
4040,to make tires and balloons and rubber bands.,False,0
4041,"no, they're rubber.",False,0
4042,what?,False,0
4043,you could play it with Robin.,False,0
4044,how do you play it?,True,1
4045,if you see what?,True,1
4046,you just made that up.,False,0
4047,stamps?,False,0
4048,"no, he means paper clips.",False,0
4049,paper clips.,False,0
4050,those are made out of metal.,False,0
4051,"no, balloons are made out of rubber.",False,0
4052,are made out of wood.,False,0
4053,and what does wood come from?,True,1
4054,uhhuh.,False,0
4055,metal comes from under the ground.,False,0
4056,under the ground.,False,0
4057,if you have a quarter you can change it into two dimes.,True,1
4058,how do you think they make dollars?,True,1
4059,out of paper.,False,0
4060,they draw on it.,False,0
4061,paint on it.,False,0
4062,cann't draw what?,False,0
4063,Pete?,False,0
4064,I don't know.,False,0
4065,a name.,False,0
4066,of somebody.,False,0
4067,I don't know.,False,0
4068,"I know a boy named Peter, is that what you mean?",True,1
4069,did you have a different Adam at school today?,False,0
4070,you told me about one last time.,False,0
4071,no?,False,0
4072,never?,False,0
4073,sure.,False,0
4074,that's Robin.,False,0
4075,you tell him where.,False,0
4076,it has to be in this room though.,False,0
4077,"well, you have to hide.",False,0
4078,did he find you or somebody else?,False,0
4079,how come Rinny's so quiet?,False,0
4080,ok.,False,0
4081,Robin's.,False,0
4082,"Robin, give Diandra his balloon.",False,0
4083,"what, Adam?",False,0
4084,do you remember where you played with them?,True,1
4085,where the what?,False,0
4086,mmhm.,False,0
4087,mmhm.,False,0
4088,the doorway.,False,0
4089,"no, what?",False,0
4090,"Adam, could you show us where's the bathroom?",True,1
4091,"don't go in the bathroom, dear if somebody's in it.",True,1
4092,"that looks pretty, Adam.",False,0
4093,the road?,False,0
4094,that's a building block to the house.,False,0
4095,that can go wherever you want.,True,1
4096,it does.,False,0
4097,I think we willn't open that yet.,False,0
4098,maybe next time.,False,0
4099,"no, I think we have enough things out for now.",False,0
4100,yes.,False,0
4101,mmhm.,False,0
4102,an umbrella?,False,0
4103,a pair of glasses?,False,0
4104,clock?,False,0
4105,a fishing rod?,False,0
4106,get off what?,False,0
4107,did you say.,False,0
4108,"get off, I 'm at the farm.",False,0
4109,"oh, isn't that nice.",False,0
4110,"that's a long one, Adam.",False,0
4111,long fishing rod.,False,0
4112,"what did Robin make, Adam?",True,1
4113,is that a horse or a dog?,False,0
4114,a dog.,False,0
4115,"Robin, how's your kitty?",True,1
4116,good.,False,0
4117,it gets into lots of trouble.,False,0
4118,do you know what that kitty does when I clean house?,True,2
4119,whenever I 'm sweeping the kitty lands right in the dirt.,True,1
4120,right now?,False,0
4121,the kitty's home sleeping.,False,0
4122,"she's waiting for everyone to come home, Adam.",False,0
4123,she goes to sleep all day while we're not there.,False,0
4124,she doesn't want to be tired when they do get home.,True,1
4125,what kind of fish are you going to get?,True,1
4126,what kind of fish is that?,True,1
4127,ask him.,False,0
4128,no.,False,0
4129,mmhm.,False,0
4130,the car that I have now.,True,1
4131,I think that's marvelous.,False,0
4132,it means I think it's very very very nice.,False,0
4133,did you know her father is Robin's grandfather?,False,0
4134,yes.,False,0
4135,I 'm getting all wet.,False,0
4136,"why, Adam?",False,0
4137,pretty soon but not yet.,False,0
4138,you can hardly wait.,False,0
4139,"yes, now you can.",False,0
4140,"Adam, for that we need a tray.",False,0
4141,"let's do it right over here, Adam.",False,0
4142,I know we need a little saucer or dish to pour some in.,False,0
4143,I 'm not sure it's wide enough.,False,0
4144,she's coming back.,False,0
4145,he doesn't what?,False,0
4146,he doesn't want me to take care of him?,False,0
4147,"you, oh.",False,0
4148,"oh, I don't think they would, though, would they?",False,0
4149,let me have the cover back.,False,0
4150,let me have the cover.,False,0
4151,"turn this upside down, dip it in and then blow.",False,0
4152,do it very flat so it touches all the way around.,False,0
4153,blow again.,False,0
4154,you have to blow out and then take it out of your mouth and breathe.,False,0
4155,may I do one?,False,0
4156,blow through it.,False,0
4157,you're finished with it.,False,0
4158,already?,False,0
4159,"yes, it seems a little too quick.",False,0
4160,"well, Adam.",False,0
4161,if you're finished with it you better pour it back into the jar.,True,1
4162,are you really ready?,False,0
4163,"blow, Adam.",False,0
4164,try it again.,False,0
4165,do you think those are pretty?,False,0
4166,that's right.,False,0
4167,good.,False,0
4168,let's give Paul another try.,False,0
4169,I know but it's sticky.,False,0
4170,mmhm.,False,0
4171,want me to help you with it?,False,0
4172,now if you open it you have to play with it.,True,1
4173,you cann't just open it and look at it and say.,False,0
4174,I 'm all finished.,False,0
4175,who's hungry?,True,1
4176,"well, you have to ask her first.",False,0
4177,"yes, and maybe you can share them with other people.",False,0
4178,why don't you close the box and put the box up because you cann't eat,False,0
4179,you can only have two.,False,0
4180,you may give Paul and Diandra another one.,False,0
4181,"no, one for Paul and one for Diandra and then put them up.",False,0
4182,alright.,False,0
4183,"well, close the box and put the box back in.",False,0
4184,Diandra.,False,0
4185,put the box back in the bag.,False,0
4186,"no, he willn't spill them.",False,0
4187,"wait, Adam, don't break it now.",False,0
4188,let's see what happens.,True,1
4189,it's on plus.,False,0
4190,that means it's going to add.,False,0
4191,you're going to add the numbers together?,False,0
4192,"no, that's not right.",False,0
4193,what are those numbers?,True,1
4194,"don't leave them spread out over the floor, the little boys might",False,0
4195,alright.,False,0
4196,get over on the floor.,False,0
4197,your favorite what?,False,0
4198,you just took them out.,False,0
4199,"no no, Adam, now that's not the way *NULL* you got them.",True,1
4200,pick that up.,False,0
4201,"yes, it is very easy to pick up.",False,0
4202,that's why there should be none of it left.,True,1
4203,"there it is, under the chair.",False,0
4204,I don't see how you could be finished so soon.,True,1
4205,see if there's a pad of paper in my bag.,True,1
4206,Adam Smith.,False,0
4207,alright.,False,0
4208,maybe there isn't one.,False,0
4209,you can use this.,False,0
4210,what did you say?,True,1
4211,I don't know.,False,0
4212,"oh, I 'm sorry.",False,0
4213,"oh, that means marvelous.",False,0
4214,marvelous means that?,False,0
4215,you did.,False,0
4216,what did you dream?,True,1
4217,"no, Diandra, you're not to play with the crayons.",False,0
4218,"maybe you could draw something, Adam.",False,0
4219,do you suppose you could draw some flowers?,False,0
4220,spring flowers?,False,0
4221,"oh, it's very nice.",False,0
4222,I think I put them up on the mantle there.,False,0
4223,"yes, I heard about that.",False,0
4224,"first grade, just like Robin is in.",False,0
4225,what?,False,0
4226,"no, but he's in the first grade in a different school.",False,0
4227,"oh, that's not nice to say.",False,0
4228,what does feather brain mean?,True,1
4229,oh.,False,0
4230,because Indians have feathers around their brains?,False,0
4231,"hello, you didn't have enough rest today, did you?",False,0
4232,you didn't have enough of a nap.,False,0
4233,is that what happened?,True,1
4234,oh?,False,0
4235,"well, you should not have watched it.",False,0
4236,why don't you use that other paper on the back for a stem.,True,1
4237,"oh, what did you write?",True,1
4238,could you read it to me?,False,0
4239,"oh, marvelous.",False,0
4240,I 'm sorry.,False,0
4241,"yes, I did forget.",False,0
4242,"oh, what is that?",True,1
4243,give it to Adam.,False,0
4244,"no no, that's Adam's.",False,0
4245,what?,False,0
4246,what're you going to do?,True,1
4247,"no, Diandra, that's his flower.",False,0
4248,what?,False,0
4249,"the wizzyc lion, I don't know what that is.",True,1
4250,who is that?,True,1
4251,the line?,False,0
4252,the what?,False,0
4253,"oh, Reggie.",False,0
4254,"oh, did you draw the stem on that one?",False,0
4255,can you say thank you?,False,0
4256,thank you.,False,0
4257,what color do you think he should color it?,True,1
4258,alright.,False,0
4259,he said you may color it.,False,0
4260,what is your favorite color?,True,1
4261,what color is that?,True,1
4262,"oh, Adam.",False,0
4263,you're welcome.,False,0
4264,"Adam, you knocked your crayons across the floor.",False,0
4265,that is pretty.,False,0
4266,"Diandra, do you want to take a breath?",False,0
4267,no.,False,0
4268,you didn't draw a stem.,False,0
4269,why don't you cut a stem?,True,1
4270,here's a piece of paper.,False,0
4271,use the side of this for a stem.,False,0
4272,what will she have to write on?,True,1
4273,didn't I bring some paper home to you?,False,0
4274,what do you want?,True,1
4275,what?,False,0
4276,"well, give that to me and I'll give that to Paul.",False,0
4277,be quiet now.,False,0
4278,draw on your paper.,False,0
4279,that's nice.,False,0
4280,"what did you say, Adam?",True,1
4281,is this yours?,False,0
4282,is this yours?,False,0
4283,"oh, I 'm sorry.",False,0
4284,Mommy.,False,0
4285,Mommy.,False,0
4286,how?,False,0
4287,how?,False,0
4288,how what?,False,0
4289,"how would you what, Adam?",True,1
4290,what's freesofc?,True,1
4291,what's freesofc?,True,1
4292,"oh, Adam, he has to be saying something.",False,0
4293,"Diandra, you just color for a few minutes.",False,0
4294,Mommy.,False,0
4295,Mommy.,False,0
4296,"what're you making, Adam?",True,1
4297,what happens when we go to sleep?,True,2
4298,are you going to give me a lesson in making flowers?,False,0
4299,"what is that, Adam?",True,1
4300,look under your paper.,False,0
4301,are you sitting on them?,False,0
4302,car.,False,0
4303,"cars, yes.",False,0
4304,car truck.,False,0
4305,car truck.,False,0
4306,that's a nice color.,False,0
4307,"that's hard, isn't it?",False,0
4308,"oh, isn't this nice, Adam.",False,0
4309,where can I find a piece of scissors?,True,1
4310,will you two please stop?,False,0
4311,what a nice lot of flowers *NULL* you've got.,True,1
4312,truck.,False,0
4313,do you have a long stem on there?,False,0
4314,how would that help?,True,1
4315,"no, I think you do.",False,0
4316,"Diandra, no no.",False,0
4317,"get away from the tape recorder, dear before you knock it over.",False,0
4318,that's right.,False,0
4319,I don't understand how she understands anything anyway.,True,1
4320,I think perhaps we're going to have to take Paul and Diandra outside,False,0
4321,"Adam, these are really very nice flowers.",False,0
4322,how many cars do you have?,True,1
4323,sneezy.,False,0
4324,how could your hair get sneezy?,True,1
4325,do you make flowers like that at school?,False,0
4326,that lady that sleepedn,True,1
4327,maybe that's a babysitter who went to sleep.,True,1
4328,"oh, she stayed when I was sick.",True,1
4329,you could see what else is in the bag.,True,1
4330,there's one other thing.,False,0
4331,under your sweater.,False,0
4332,remember we made these beautiful flowers?,False,0
4333,it's a worm?,False,0
4334,"what is, Adam?",True,1
4335,are you finished?,False,0
4336,here.,False,0
4337,let's do it on top of the newspaper.,False,0
4338,how?,False,0
4339,"yes, because it's inky.",False,0
4340,remember to put de cover on.,False,0
4341,because it get dry.,False,0
4342,that's very pretty.,False,0
4343,yes.,False,0
4344,what do you think?,True,1
4345,hmm?,False,0
4346,baseball?,False,0
4347,"put the cover back on, Adam.",False,0
4348,what kind of color is that?,True,1
4349,what do you think?,True,1
4350,it has a tip.,False,0
4351,mmhm.,False,0
4352,what are you writing?,True,1
4353,put the cover back on.,False,0
4354,twist it.,False,0
4355,may I try?,False,0
4356,"here, Adam.",False,0
4357,I 'm afraid I don't have any juice but you may have a banana.,False,0
4358,you may give Robin a banana and Ursula a banana if you like to.,True,1
4359,yes.,False,0
4360,what?,False,0
4361,what?,False,0
4362,I forgot to say that you could have a banana?,False,0
4363,I didn't.,False,0
4364,"I said, Adam, you could have a banana and offer Robin and Ursula one",False,0
4365,"don't forget the cover, Adam over under the chair.",False,0
4366,not very well.,False,0
4367,"Robin, would you give him a few pieces of paper.",False,0
4368,sure.,False,0
4369,in case *NULL* you want to carry it with you.,True,1
4370,you didn't put the top back on the yellow.,False,0
4371,you hold this down.,False,0
4372,take a test.,False,0
4373,what kind of test?,False,0
4374,oh.,False,0
4375,will you make a picture of me too?,False,0
4376,alright.,False,0
4377,you'd love to be a banana monkey?,False,0
4378,what?,False,0
4379,do you want to use another color?,False,0
4380,don't forget the top.,False,0
4381,look.,False,0
4382,it's behind the crayons.,False,0
4383,here's the red.,False,0
4384,I'll blast it off for you.,False,0
4385,what happened?,True,1
4386,is that the baby fish.,False,0
4387,what's your favorite color?,True,1
4388,a spider.,False,0
4389,a rainbow.,False,0
4390,is it?,False,0
4391,a snail.,False,0
4392,a shell.,False,0
4393,it is?,False,0
4394,you find shells in the bottom of the sea.,False,0
4395,you could.,False,0
4396,you don't want a fish what?,False,0
4397,you could wear a suit to cover you all up.,False,0
4398,to go under the water.,False,0
4399,that's what divers do.,True,1
4400,I saw a movie about it.,False,0
4401,about men who lived under the sea for three months.,True,1
4402,how could they?,True,1
4403,they didn't have enough air.,False,0
4404,"they took their air along with them in tanks, they made their own",False,0
4405,they went down and explored the bottom.,False,0
4406,I could show you some pictures of that movie.,False,0
4407,ok.,False,0
4408,alright.,False,0
4409,"Robin, would you give him some more?",False,0
4410,do you want me to do it?,False,0
4411,"Adam, let's take off one cover at a time, alright?",False,0
4412,"no, one at a time.",False,0
4413,is that the air tank?,False,0
4414,they're all covered in suits.,False,0
4415,so they don't get wet and they have a plastic thing so even the,False,0
4416,it's round and you can see through it like a,False,0
4417,like a helmet but it covers the face so you wouldn't get wet.,False,0
4418,no.,False,0
4419,"for going under water, it doesn't have holes in it so you don't get",False,0
4420,you're making him all wet.,False,0
4421,good.,False,0
4422,here's a color.,False,0
4423,what's base?,True,1
4424,oh.,False,0
4425,something like gloves.,False,0
4426,something like boots but like a suit that covers him everywhere.,True,1
4427,they're already here.,False,0
4428,yes.,False,0
4429,they're up there by my purse.,False,0
4430,"good for you, for putting all the tops on, Adam.",False,0
4431,"my, you're hungry.",False,0
4432,I might just save mine.,False,0
4433,mmhm.,False,0
4434,I 'm not hungry just now.,False,0
4435,are you?,False,0
4436,really?,False,0
4437,can you make some fish under the water?,False,0
4438,"here it is, right under your knee.",False,0
4439,it's still under your knee.,False,0
4440,try again.,False,0
4441,is that a test.,False,0
4442,that's not a test.,False,0
4443,you can take that out to play with.,False,0
4444,you can surprise your Mother.,False,0
4445,she willn't know what's in there.,True,1
4446,"would you like some more banana, Adam?",False,0
4447,open it up and take half.,False,0
4448,I'll show you how much is half.,True,1
4449,I don't think so.,False,0
4450,you really think so.,False,0
4451,let's see what else is in my bag.,True,1
4452,you want to look at the little book.,False,0
4453,"no, didn't you see them before?",False,0
4454,are you going to finish making yours?,False,0
4455,alright.,False,0
4456,who's the teacher?,True,1
4457,do you know you can bend that mirror?,False,0
4458,how do you look bent?,True,1
4459,don't you like the mirror?,False,0
4460,let me see if it needs cleaning.,True,1
4461,it does.,False,0
4462,three legs?,False,0
4463,"no, I 'm just using a handkerchief.",False,0
4464,"oh, isn't that pretty.",False,0
4465,what is that?,True,1
4466,is it an apple?,False,0
4467,is it something *NULL* you eat?,True,1
4468,is it a hat?,False,0
4469,do I know anything like it?,False,0
4470,alright.,False,0
4471,I give up.,False,0
4472,isn't that pretty.,False,0
4473,oh.,False,0
4474,isn't it nice.,False,0
4475,I don't like myself very much.,False,0
4476,how do you like yourself?,True,1
4477,is there green?,False,0
4478,how did you open it when I wasn't in here?,True,2
4479,Mrs Ursula opened it?,False,0
4480,"Mr, come on, Adam.",False,0
4481,"Diandra, see yourself in there?",False,0
4482,write a story for us.,False,0
4483,"Adam, why don't you write your name.",True,1
4484,you're not a little what?,False,0
4485,she'll be surprised.,False,0
4486,do you want to use the newspaper?,False,0
4487,I've never seen your name written like that.,False,0
4488,where's the al?,True,1
4489,I only see your name one time.,False,0
4490,all the other times your name is all wrong.,False,0
4491,"Adam, put your paper on the newspaper.",False,0
4492,just use one piece at a time.,False,0
4493,and you didn't tear it off properly.,False,0
4494,Mommy.,False,0
4495,Mommy.,False,0
4496,where are you going?,True,1
4497,then you'll be here all by yourself.,False,0
4498,would you give him a little piece?,False,0
4499,that not David.,False,0
4500,that Robin.,False,0
4501,"what're you making, Adam?",True,1
4502,have you finished with this one?,False,0
4503,"oh no, not yet.",False,0
4504,I didn't have enough boxes.,False,0
4505,"it's a dollar, sing.",False,0
4506,"Adam, what're you making?",True,1
4507,"could you give us a piece of paper, please?",False,0
4508,it could be the result of a fire but,False,0
4509,keep coloring on the back.,False,0
4510,that's very nice.,False,0
4511,that very nice.,False,0
4512,did Robin make that?,False,0
4513,why not?,False,0
4514,"oh, is that Adam's name?",False,0
4515,let's bring everything over here.,False,0
4516,what happened to all the crayons?,True,1
4517,invisible!,False,0
4518,I don't think so.,False,0
4519,and I'll take Paul and Diandra.,False,0
4520,we talked about it and you said that Mommy could go.,False,0
4521,I'll be back shortly.,False,0
4522,leave Paul here?,False,0
4523,"well, Paul will probably cry and then Ursula couldn't hear the tape",False,0
4524,"alright, Paul, here's one for you.",False,0
4525,"Adam, you want to first look here to see all the different kinds of",False,0
4526,"no, that's the top.",False,0
4527,that's the part.,False,0
4528,"these are the things that you build with, see, because they rest on",True,1
4529,no no.,False,0
4530,"Adamy, don't do that.",False,0
4531,they aren't swords.,False,0
4532,what?,False,0
4533,let's see you build it.,False,0
4534,it seems to me you place these long ones on top of one another.,False,0
4535,"Paul, we might have to go upstairs, hmm?",False,0
4536,what's this?,True,1
4537,those are building blocks.,False,0
4538,"well, this is Paul's.",False,0
4539,he wants to build.,False,0
4540,they look like beds.,False,0
4541,there are no written directions.,False,0
4542,there's just building there.,False,0
4543,and you can make your building just like it by just looking at it.,False,0
4544,you don't have what?,False,0
4545,"please, let him have some, dear.",False,0
4546,"Adam, let him have some, please.",False,0
4547,"look behind you, Diandra.",False,0
4548,I think I better take you out.,False,0
4549,"can you build something on there, Adam?",False,0
4550,there's something started.,False,0
4551,"can you find another piece like this, Adam?",False,0
4552,are there any more big ones?,False,0
4553,"let him have some of the little ones, Adam.",False,0
4554,you can have some too.,False,0
4555,you use these.,False,0
4556,put some little ones in between and then it stays better.,False,0
4557,"yes, now you can put another long piece on.",False,0
4558,yes.,False,0
4559,careful it doesn't fall down.,False,0
4560,now you do the other side.,False,0
4561,why is it naughty?,True,1
4562,he can take some.,False,0
4563,"no, he's not.",False,0
4564,looks like a what?,False,0
4565,that's a rooftop.,False,0
4566,"here, Diandra.",False,0
4567,let's give him a few more.,False,0
4568,let's see if we cann't make it stand up.,True,1
4569,"I guess that one's too small, let's put a bigger one on.",False,0
4570,did you go to school today?,False,0
4571,with who?,False,0
4572,you want to put that one on?,False,0
4573,what's the matter?,True,1
4574,your shoe is untied?,False,0
4575,good and then you can put a roof on.,False,0
4576,oh yes.,False,0
4577,what're you doing?,True,1
4578,"that looks high enough, Adam.",False,0
4579,are they both the same so you can put a roof on?,False,0
4580,I think this needs to be one higher.,False,0
4581,"no, Diandra, you use those.",False,0
4582,carefully.,False,0
4583,very carefully.,False,0
4584,what're you going to do with them.,True,1
4585,maybe you could make a floor.,False,0
4586,look at your building and see.,False,0
4587,"oh, we should make some steps.",False,0
4588,that's a good idea.,False,0
4589,it wouldn't be so hard to make steps.,False,0
4590,what?,False,0
4591,oh yes.,False,0
4592,you could have an open house and walk in.,False,0
4593,then you don't need doors and windows but you do need steps.,False,0
4594,I don't think so.,False,0
4595,now where we live.,True,1
4596,what?,False,0
4597,maybe this house is way out in the country.,False,0
4598,are you going to have any furniture in the house?,False,0
4599,furniture.,False,0
4600,who is going to sleep in the beds.,True,1
4601,me!,False,0
4602,I 'm too big.,False,0
4603,alright.,False,0
4604,"Adam, do you know what he's saying?",True,1
4605,not higher than the roof?,False,0
4606,how could you sleep higher than the roof?,True,1
4607,I thought we're pretending I 'm small.,False,0
4608,it's a bunk bed.,False,0
4609,is everything alright?,False,0
4610,I 'm going upstairs because Paul really is very cranky this afternoon,False,0
4611,you didn't make a gate.,False,0
4612,a fence.,False,0
4613,you need two straight pieces.,False,0
4614,and a lot of little pieces.,False,0
4615,I think they have to be the double kind.,False,0
4616,the fat kind.,False,0
4617,like that.,False,0
4618,that's a good idea.,False,0
4619,we'll do that next.,False,0
4620,right on top.,False,0
4621,"oh, that looks good.",False,0
4622,shall we make a fence all around the house?,False,0
4623,ok.,False,0
4624,now you'll be safe.,False,0
4625,why don't move that over because that might not go over the.,False,0
4626,the fence?,False,0
4627,thank you.,False,0
4628,isn't that a pretty fence?,False,0
4629,mmhm.,False,0
4630,ok.,False,0
4631,"we'll fix that, Adam, that's not too hard to fix.",False,0
4632,not too hard.,False,0
4633,here.,False,0
4634,a mouse!,False,0
4635,a mouse cann't eat me.,False,0
4636,I'll eat the mouse.,False,0
4637,it is not.,False,0
4638,did you see any pictures of the circus.,False,0
4639,have you been to the circus?,False,0
4640,now we need one more side.,False,0
4641,"oh, that's so pretty, Adam.",False,0
4642,now you could fix up the house again and put the roof on.,False,0
4643,it doesn't need a floor.,False,0
4644,does it need a roof?,False,0
4645,maybe it doesn't.,False,0
4646,"yes, that's right and that could be the water.",False,0
4647,you can pretend.,False,0
4648,make another one and we'll have a race.,False,0
4649,alright.,False,0
4650,the boat knocked down a house.,False,0
4651,let's put everything back first.,False,0
4652,will you help Diandra?,False,0
4653,I didn't bring the top.,False,0
4654,I have my car just outside.,False,0
4655,it doesn't take very long to get from here to the car.,False,0
4656,"yes, it does.",False,0
4657,it takes very long from Harvard.,False,0
4658,that's where you used to live.,True,1
4659,I live near there.,False,0
4660,I 'm in the same place.,False,0
4661,is that yours?,False,0
4662,does Diandra have one too?,False,0
4663,"apple, Mommy.",False,0
4664,did you finish yours already?,False,0
4665,are they all picked up?,False,0
4666,alright.,False,0
4667,then maybe Diandra can play with it next.,False,0
4668,why don't you let Diandra play with the windmill and we'll put this,False,0
4669,Diandra's your mother!,False,0
4670,alright.,False,0
4671,be very careful.,False,0
4672,submarine?,False,0
4673,bless you.,False,0
4674,it should.,False,0
4675,it's supposed to.,False,0
4676,alright.,False,0
4677,maybe it's a jet.,False,0
4678,yes.,False,0
4679,yes.,False,0
4680,no.,False,0
4681,but this is peace time.,False,0
4682,peace time means there's no war.,False,0
4683,yes.,False,0
4684,make it go high.,False,0
4685,let's see if there's something else *NULL* to do on it.,True,2
4686,"good for you, Diandra.",False,0
4687,"this makes it fly straight, I think.",False,0
4688,"oh, that's good.",False,0
4689,it made a loop.,False,0
4690,oh yes.,False,0
4691,I see.,False,0
4692,"what's that, Paul?",True,1
4693,"no, let him look at it.",False,0
4694,it says.,False,0
4695,all controls.,False,0
4696,I don't think there is one.,False,0
4697,oh yes.,False,0
4698,I don't think so.,False,0
4699,"Adam, close the door, please.",False,0
4700,"thank you, Adam.",False,0
4701,"no, Diandra.",False,0
4702,seems you haven't finished playing with that.,False,0
4703,"well, put it back in the bag.",False,0
4704,"no, in the bag where you got it.",True,1
4705,it wasn't in the basket.,False,0
4706,yes.,False,0
4707,you could draw on it.,False,0
4708,alright.,False,0
4709,you look in there and I'll look in here.,False,0
4710,"I don't know what's in that bag, Adam.",True,1
4711,what is it?,True,1
4712,some what?,False,0
4713,some what things?,False,0
4714,is there anything else in that bag?,False,0
4715,let's sort them out.,False,0
4716,"looks like a corkscrew, doesn't it?",False,0
4717,I had some spaghetti like a corkscrew.,False,0
4718,yes.,False,0
4719,this kind.,False,0
4720,and then I had some,False,0
4721,I'll see if I can make the shape.,True,1
4722,I had some like this.,False,0
4723,did you ever have that?,False,0
4724,cereals?,False,0
4725,you mean Rocky and Bullwinkle have them?,False,0
4726,no.,False,0
4727,you mean Rocky the squirrel?,False,0
4728,you mean Rocky?,False,0
4729,I don't see television very often so I guess I don't know.,False,0
4730,"yes, I can.",False,0
4731,I just don't know about Rocky.,False,0
4732,"let's see, what shall we make?",True,1
4733,can you?,False,0
4734,shall I make one for you?,False,0
4735,what's that?,True,1
4736,is that your brother?,False,0
4737,which finger do you want it on?,True,1
4738,is it too tight?,False,0
4739,do you want me to fix it?,False,0
4740,it is too tight.,False,0
4741,how about this way?,False,0
4742,"oh, what's that?",True,1
4743,let's put up a block so it doesn't go too far.,False,0
4744,I don't know where.,False,0
4745,it looks like he's heading for the chair leg.,False,0
4746,do you want a ring for your other hand?,False,0
4747,will you make me a ring?,False,0
4748,that's the right way.,False,0
4749,"no, I don't.",False,0
4750,an airplane?,False,0
4751,a balloon?,False,0
4752,a lasso.,False,0
4753,because you gave me a hint.,False,0
4754,"here, see if this fits your other finger.",True,1
4755,ouch.,False,0
4756,ouch.,False,0
4757,I 'm not used to sitting on the floor.,False,0
4758,do you want more?,False,0
4759,like Ringo.,False,0
4760,you know who Ringo is?,True,1
4761,one of the Beatles.,False,0
4762,make a what kind of spear?,False,0
4763,mmhm.,False,0
4764,what else shall I make?,True,1
4765,another ring?,False,0
4766,really?,False,0
4767,my car is broken.,False,0
4768,how come you know I didn't bring my car?,True,1
4769,did you look out the window and see that it isn't there?,False,0
4770,my car doesn't work anymore.,False,0
4771,it willn't start at all.,False,0
4772,what?,False,0
4773,shall I?,False,0
4774,what color?,False,0
4775,that would be pretty.,False,0
4776,do you want another one?,False,0
4777,I could make one for every finger if you want.,True,1
4778,one more?,False,0
4779,"oh, one for me.",False,0
4780,were you at school?,False,0
4781,of course?,False,0
4782,who's Kris?,True,1
4783,is she a special friend?,False,0
4784,I guess I made it too small.,False,0
4785,"that's very nice, Adam.",False,0
4786,that's a beautiful bow.,False,0
4787,look at those colors.,False,0
4788,here's your bow.,False,0
4789,"I don't think I do, do you?",False,0
4790,"a bigger one, no, I don't.",False,0
4791,how?,False,0
4792,what's the difference between a spear and an arrow?,True,1
4793,what about the arrow?,False,0
4794,that's a very funny thing.,False,0
4795,you could hang it from the ceiling.,False,0
4796,shall I make you a necklace?,False,0
4797,a gun.,False,0
4798,I certainly don't.,False,0
4799,that's a bicycle.,False,0
4800,a big truck.,False,0
4801,me too.,False,0
4802,sounds like a motorscooter to me.,False,0
4803,what would a lion be doing on your street?,True,1
4804,I would care.,False,0
4805,I wouldn't mind if a monkey wakes me up.,True,1
4806,if a what?,False,0
4807,car?,False,0
4808,oh.,False,0
4809,"yes, I don't like a clock to wake me up but I don't mind monkeys",False,0
4810,does your puppy wake you up?,False,0
4811,you would.,False,0
4812,I'll take them off.,False,0
4813,we can make some flowers.,False,0
4814,in your yard?,False,0
4815,did you plant them?,False,0
4816,can I see them from here?,False,0
4817,I'll see them when I go out.,True,1
4818,"no, not like this one.",False,0
4819,I just made this one up.,False,0
4820,you want to make some too?,False,0
4821,"oh, is that yours?",False,0
4822,I 'm sorry.,False,0
4823,I didn't mean to take that.,False,0
4824,do you go to school all day?,False,0
4825,in the morning too?,False,0
4826,I thought maybe you go in the morning and stay and have lunch there.,False,0
4827,is that how it goes?,True,1
4828,does Kris go home too?,False,0
4829,it's a funny flower.,False,0
4830,isn't it?,False,0
4831,here's another one.,False,0
4832,what happened to my flowers?,True,1
4833,"oh no, she's here.",False,0
4834,she's upstairs talking to somebody.,False,0
4835,must be a gun.,False,0
4836,me too.,False,0
4837,oh yes.,False,0
4838,then we have to make a sprinkling can.,False,0
4839,"oh yes, I can.",False,0
4840,alright.,False,0
4841,let's see first how big your wrist is.,True,1
4842,here's one.,False,0
4843,no.,False,0
4844,"well, I can make",False,0
4845,no.,False,0
4846,"no, I can make a hammer and a chair.",False,0
4847,wait a minute.,False,0
4848,I have to put this on you.,False,0
4849,let's try.,False,0
4850,you have to ask me when you want it off.,True,1
4851,you're just going to keep it on?,False,0
4852,alright.,False,0
4853,here's your watch.,False,0
4854,now it cann't pinch you.,False,0
4855,what time is it?,True,1
4856,eight thirty.,False,0
4857,that's it right there.,False,0
4858,aren't you going to keep them on?,False,0
4859,I 'm going to keep mine on.,False,0
4860,it comes off.,False,0
4861,you look very elegant.,False,0
4862,let's put them away.,False,0
4863,I 'm going to keep my ring on too.,False,0
4864,"let's leave the flowers up, alright?",False,0
4865,are there some books in there?,False,0
4866,do you want to look at them?,False,0
4867,what're you going to do with the pajamas?,True,1
4868,what does it look like?,True,1
4869,a banjo!,False,0
4870,let's see where it's going to fit.,True,1
4871,doesn't your mother have one of these?,False,0
4872,guess.,False,0
4873,no.,False,0
4874,guess again.,False,0
4875,I guess this is going to fit here.,False,0
4876,try again.,False,0
4877,we're going to need some crackers and a bowl.,False,0
4878,do you want to ask your mother for that?,False,0
4879,a small bowl.,False,0
4880,a small bowl.,False,0
4881,let's put the crackers on here and the bowl goes here.,False,0
4882,put a cracker in here and turn it and see what happens.,True,1
4883,what did it make?,True,1
4884,it's a grinder.,False,0
4885,it grinds them up.,False,0
4886,lots of what?,False,0
4887,you can watch it come out here.,False,0
4888,cracker crumbs.,False,0
4889,you could put them back through again.,False,0
4890,a what?,False,0
4891,a grain thrower?,False,0
4892,yes or else you could ask your Mother if there is anything else,True,1
4893,it comes out like a waterfall.,False,0
4894,I think maybe that's the last time.,False,0
4895,watch your fingers.,False,0
4896,"what did you say, sugar?",True,1
4897,"yes, that's the one.",False,0
4898,"sure, and sheep too.",False,0
4899,go slow.,False,0
4900,grain fall?,False,0
4901,I think maybe that's enough.,False,0
4902,they do.,False,0
4903,they taste salty and delicious.,False,0
4904,brush yourself off.,False,0
4905,"let's see if we can rescue some of this, alright?",True,1
4906,that means you can grind this up again.,False,0
4907,that's a good idea.,False,0
4908,we'll just pick it up with the paper.,False,0
4909,look inside and see how you think it works.,True,1
4910,where does it push it?,True,1
4911,what way?,False,0
4912,where does the grain go when you push it?,True,2
4913,and then?,False,0
4914,mm.,False,0
4915,you could make some bread with that.,False,0
4916,you make bread out of grain.,False,0
4917,"oh, let's take a bigger piece.",False,0
4918,no.,False,0
4919,careful.,False,0
4920,you forgot something.,False,0
4921,it'll taste like roast beef.,False,0
4922,"mm, chicken.",False,0
4923,what does yours taste like?,True,1
4924,chocolate!,False,0
4925,let's make a little funnel.,False,0
4926,pour it right in.,False,0
4927,cheese.,False,0
4928,grapes.,False,0
4929,careful.,False,0
4930,watch.,False,0
4931,"well, look what happens here.",True,1
4932,what do you think this does when you put a cracker through there?,True,2
4933,what do you think it does here?,True,1
4934,how come it gets so small?,True,1
4935,what do you think it will be like?,True,1
4936,orange juice.,False,0
4937,"wait, Adam.",False,0
4938,now don't forget to put the bowl back.,False,0
4939,frost.,False,0
4940,what's it like?,True,1
4941,there isn't any.,False,0
4942,stand up and we'll clean it all off again.,False,0
4943,"alright, but first I have to get it all collected.",False,0
4944,wait for me.,False,0
4945,don't go without me.,False,0
4946,it's all gone.,False,0
4947,alright.,False,0
4948,water.,False,0
4949,mine tastes like Pepsi_Cola.,False,0
4950,raspberries.,False,0
4951,"it changes grain into anything *NULL* you want, right?",True,1
4952,can you make me some strawberries?,False,0
4953,why do you have to wait till it gets older?,True,1
4954,what kind of things do you eat that are older?,True,2
4955,water's older?,False,0
4956,that's right.,False,0
4957,only it gets less every time.,False,0
4958,"oh, that's alright.",False,0
4959,you can,False,0
4960,we can use the flower.,False,0
4961,who's coming down?,True,1
4962,with the what?,False,0
4963,what did you call it?,True,1
4964,the grain what?,False,0
4965,alright.,False,0
4966,"well, let's leave it up, alright?",False,0
4967,I don't know if I have anything else.,True,1
4968,"maybe you'll have to show me some things, alright?",False,0
4969,what do you think?,True,1
4970,you better put those back.,False,0
4971,the pajamas aren't to play with.,False,0
4972,guess.,False,0
4973,what do you think?,True,1
4974,maybe.,False,0
4975,I do.,False,0
4976,cherries.,False,0
4977,maybe I could have a drink but I cann't stay for supper.,False,0
4978,no.,False,0
4979,why not?,False,0
4980,we forgot to show your Mother the rings.,False,0
4981,yes.,False,0
4982,alright.,False,0
4983,"well, I'll take one and you take two, how's that?",True,1
4984,what did we forget?,True,1
4985,oh.,False,0
4986,yes.,False,0
4987,shall I get out the pipe cleaners?,False,0
4988,yes.,False,0
4989,it would grind the stick up.,False,0
4990,"yeah, but then you couldn't eat the grain anymore.",False,0
4991,"that's right, because it'll be mixed with stick.",False,0
4992,"a telescope, hmm?",False,0
4993,I'll try.,False,0
4994,"no, thank you.",False,0
4995,that's a good idea.,False,0
4996,you make a chain.,False,0
4997,a chain of flowers.,False,0
4998,"yes, it's very oldfashioned.",False,0
4999,oldfashioned glasses?,False,0
5000,shall we do that after the telescope?,False,0
5001,why don't you bake some bread?,True,1
5002,here's your telescope.,False,0
5003,"here, Diandra.",False,0
5004,yes.,False,0
5005,I 'm making them.,False,0
5006,"oh, thank you.",False,0
5007,I 'm sorry.,False,0
5008,that I didn't bring you down anything *NULL* to eat.,True,1
5009,"well, we had all those fruits, strawberries and cherries",False,0
5010,oh my goodness.,False,0
5011,now I don't have to get any birthday presents.,False,0
5012,you do?,False,0
5013,what time is it?,True,1
5014,"oh yes, what shall I do with it?",True,1
5015,"oh, it's good.",False,0
5016,"no, thank you.",False,0
5017,if you want to but I don't want any more.,True,1
5018,what do you think that was?,True,1
5019,maybe it was a police car.,False,0
5020,how do you know how cows eat?,True,2
5021,how do you know how cows eat?,True,2
5022,"no, thank you.",False,0
5023,"say no, thank you.",False,0
5024,Adam.,False,0
5025,just a minute.,False,0
5026,where shall we put this?,True,1
5027,you had something *NULL* to eat.,True,1
5028,did you tell her what you had in there?,True,1
5029,buds?,False,0
5030,"oh, it's a rosebud, I guess.",False,0
5031,yes.,False,0
5032,would he be taller than you if you trade chairs?,True,1
5033,just a minute.,False,0
5034,alright.,False,0
5035,would you like to bring your chair over here?,False,0
5036,have you told her that you're graduating from nursery school?,False,0
5037,his robe.,False,0
5038,who made the hats?,True,1
5039,"oh, I didn't even know I was supposed to make your hat.",False,0
5040,out of cardboard.,False,0
5041,"well, I saw them in her office when I took the robe in.",True,1
5042,let's take the biggest thing first.,False,0
5043,"oh, is that the way *NULL* you know that's rubber?",True,1
5044,"that was very nice of you, Adam.",False,0
5045,I wouldn't be so sure.,False,0
5046,let me open it.,False,0
5047,is there a trick to opening this?,False,0
5048,good.,False,0
5049,try it on paper.,False,0
5050,does it work?,False,0
5051,it's the stamp pad.,False,0
5052,we may have to put another drop of ink on there.,False,0
5053,maybe a drop of water would do.,False,0
5054,"just one drop, Adam.",False,0
5055,what?,False,0
5056,one fillc?,False,0
5057,"you don't need much, do you?",False,0
5058,it willn't work if you put too much on there.,True,1
5059,one more drop.,False,0
5060,what is that?,True,1
5061,maybe we have to use paint.,False,0
5062,"it's too wet, isn't it?",False,0
5063,that must be paper *NULL* to print on.,True,1
5064,you can see the outline of it.,False,0
5065,you could print it right in the book.,False,0
5066,"yes, it is, isn't it?",False,0
5067,"yes, you can even take them apart and print them.",False,0
5068,one what?,False,0
5069,are those letters or numbers?,False,0
5070,can you spell your name?,False,0
5071,"Diandra, he asked you not to touch them.",False,0
5072,stop draw.,False,0
5073,stop draw?,False,0
5074,"alright, draw stop.",False,0
5075,your name is draw.,False,0
5076,"Diandra, don't say stupid.",False,0
5077,that's not nice to say.,False,0
5078,he said what?,False,0
5079,"well, what does that mean?",True,1
5080,I didn't hear you say thank you.,False,0
5081,a monster magnet.,False,0
5082,"it does, doesn't it?",False,0
5083,why do you think it sticks?,True,1
5084,it's the most what?,False,0
5085,"oh, it's glue.",False,0
5086,is that why it's sticking?,True,1
5087,it's not a magnet after all?,False,0
5088,it's not?,False,0
5089,it's not coming out?,False,0
5090,I don't think it really needs water.,False,0
5091,it probably needs a little more ink in the pan.,False,0
5092,"no no, this probably needs some more ink.",False,0
5093,pen ink.,False,0
5094,stamp ink.,False,0
5095,that's not really ink.,False,0
5096,"that's the water, that's mixed in with ink.",False,0
5097,"no, I don't think you need water, dear.",False,0
5098,"on the pad, yes.",False,0
5099,"Adam, why don't you let them play with it?",True,1
5100,"come on, boys, let's go upstairs.",False,0
5101,I don't want a cat.,False,0
5102,I've got a dog.,False,0
5103,I don't want to have a dog.,False,0
5104,my dog is outside.,False,0
5105,these are Mexican jumping beans.,False,0
5106,he can help too.,False,0
5107,it's right underneath the ink.,False,0
5108,"no, I guess not.",False,0
5109,"isn't that nice, Adam.",False,0
5110,"very good, Adam.",False,0
5111,can you tie your shoes?,False,0
5112,look in the bag.,False,0
5113,I can feel mine jump when I hold mine in my hand.,True,1
5114,what?,False,0
5115,"yes, I see.",False,0
5116,without what?,False,0
5117,my arm is too big.,False,0
5118,let me put it on you.,False,0
5119,how can you get out?,True,1
5120,some more?,False,0
5121,you haven't finished playing with these.,False,0
5122,are you sure you want something else?,False,0
5123,alright.,False,0
5124,"what did you find, Adam?",True,1
5125,"now, Adam, you better find yourself a a target.",False,0
5126,you could use this for a target.,False,0
5127,it's a dart.,False,0
5128,aim for the target.,False,0
5129,dart.,False,0
5130,somebody what?,False,0
5131,you missed.,False,0
5132,I never what?,False,0
5133,willn't get it.,False,0
5134,be careful.,False,0
5135,I have an idea what you said.,True,1
5136,I willn't tell you.,False,0
5137,it's a secret.,False,0
5138,you missed the target.,False,0
5139,no.,False,0
5140,you almost got it.,False,0
5141,what're you doing that for?,True,1
5142,are you his admirer?,False,0
5143,why don't you take that one out?,True,1
5144,you only had two.,False,0
5145,"here it is, on the chair.",False,0
5146,is that it on the chair?,False,0
5147,what?,False,0
5148,shoot at yourself?,False,0
5149,I wouldn't do that.,False,0
5150,that could be dangerous.,False,0
5151,"no, don't point it toward anyone.",False,0
5152,why don't you do it over here?,True,1
5153,hit on the black.,False,0
5154,almost.,False,0
5155,two more darts.,False,0
5156,well no.,False,0
5157,let's look at your gun.,False,0
5158,"careful, Adam.",False,0
5159,yes.,False,0
5160,alright.,False,0
5161,important to who?,False,0
5162,why don't you stick to one thing?,True,1
5163,"only the one thing, yes.",False,0
5164,that's right.,False,0
5165,she wants so much toys.,False,0
5166,what will I play with when I go home?,True,2
5167,alright.,False,0
5168,you have to take care of what?,False,0
5169,to do what?,False,0
5170,stand up.,False,0
5171,what're you supposed to be?,True,1
5172,"well, let's let Paul keep one.",False,0
5173,"do you have one, Diandra?",False,0
5174,yes.,False,0
5175,just like a target shall be?,False,0
5176,is that what you said?,True,1
5177,you're aiming some place?,False,0
5178,a Mexican day.,False,0
5179,"yes, he can keep it.",False,0
5180,that's right.,False,0
5181,what?,False,0
5182,"what's wrong, Paul?",True,1
5183,why?,False,0
5184,a what?,False,0
5185,"no, what could you put the cans on?",True,1
5186,a record_phonec?,False,0
5187,you mean the record player?,False,0
5188,maybe I can help you fasten it.,False,0
5189,I don't think so.,False,0
5190,"no, just on the door.",False,0
5191,"no, dear, on the door.",False,0
5192,it's easier for Mommy to keep up with the door.,False,0
5193,let's have the door for the special place for the darts.,False,0
5194,that's the what?,False,0
5195,who makes the rodgerc gun?,True,1
5196,you only call it what?,False,0
5197,a rodgerc gun.,False,0
5198,I don't feel like reaching way up there.,False,0
5199,am I that tall?,False,0
5200,am I that tall?,False,0
5201,Mommy.,False,0
5202,Mommy.,False,0
5203,uhhuh.,False,0
5204,see?,False,0
5205,are you going to be tall enough?,False,0
5206,promise not to do it again?,False,0
5207,I still cann't reach it.,False,0
5208,I 'm afraid that willn't be sufficient.,False,0
5209,did it?,False,0
5210,good.,False,0
5211,it's not up there by glue.,False,0
5212,no.,False,0
5213,she said no just like I said no.,False,0
5214,no.,False,0
5215,it works like a plunger.,False,0
5216,"no, it's not a magnet.",False,0
5217,why do you think it sticks?,True,1
5218,that's not the reason.,False,0
5219,see if you can find out why.,True,1
5220,it's not glue.,False,0
5221,it has air.,False,0
5222,I surely don't.,False,0
5223,what do you think happens when I push down?,True,2
5224,"yes, just like a plunger, that's right.",False,0
5225,when you push down it pushes out the air underneath there.,True,1
5226,maybe he could keep two.,False,0
5227,can you tell me what makes that stick?,True,1
5228,I don't talk to you like that.,False,0
5229,"it wouldn't stick, would it?",False,0
5230,why?,False,0
5231,the what?,False,0
5232,the dodge?,False,0
5233,what is the dodge?,True,1
5234,just a minute ago you were saying it was some other kind of a gun,False,0
5235,I don't know that I've heard of anybody with Rodger as a last name.,False,0
5236,you didn't hit her?,False,0
5237,are you sure?,False,0
5238,what?,False,0
5239,that's his nursery school teacher.,False,0
5240,how many do you have?,True,1
5241,"get on the other side, honey.",False,0
5242,"you get on this side, Diandra.",False,0
5243,"close the door, Diandra.",False,0
5244,a mule.,False,0
5245,that's what the expression is.,True,1
5246,it's something *NULL* you say to,True,1
5247,"yes, you say it to a person to help explain something or add color",False,0
5248,you could shoot at anything that's set up for a target.,True,1
5249,"oh, is that why you missed?",True,1
5250,"alright, now.",False,0
5251,again.,False,0
5252,again.,False,0
5253,just right.,False,0
5254,thank you.,False,0
5255,don't play what yet?,False,0
5256,you say no?,False,0
5257,why not?,False,0
5258,why not?,False,0
5259,yes.,False,0
5260,I 'm going upstairs and check on Paul.,False,0
5261,"ok, now you can play it.",False,0
5262,"Adam, you're in kindergarten now, aren't you?",False,0
5263,"will you sit down over here, Adam?",False,0
5264,"pretty nice, isn't it?",False,0
5265,"ok, you want to surprise her?",False,0
5266,where's your dog?,True,1
5267,can I see from here without going outside?,False,0
5268,alright.,False,0
5269,you have a car in the back yard?,False,0
5270,"oh, there.",False,0
5271,what does it play or sing?,True,2
5272,it can sing to make jingle bells?,False,0
5273,try it again.,False,0
5274,use your finger.,False,0
5275,oh.,False,0
5276,did you tell Ursula about your school?,False,0
5277,have you?,False,0
5278,maybe one day.,False,0
5279,when you're a little older and a little bigger.,True,1
5280,David is eleven now.,False,0
5281,did you try?,False,0
5282,no.,False,0
5283,I think so.,False,0
5284,whatever you'd like to play.,True,1
5285,Old_Mac_Donald.,False,0
5286,what part of the house do you live in?,True,1
5287,upstairs?,False,0
5288,upstairs too?,False,0
5289,he says he'd sharpen scissors and knives and gives you a year's guarantee.,False,0
5290,"oh, that's the lowest string.",False,0
5291,the lowest sound.,False,0
5292,see?,False,0
5293,all the other ones should be higher than that.,False,0
5294,a racing car?,False,0
5295,where is it?,True,1
5296,"oh, I see.",False,0
5297,"but you went away for a while, didn't you?",False,0
5298,do you want to tell me?,False,0
5299,"no, you didn't tell me anything about it.",False,0
5300,for the sound.,False,0
5301,maybe the hole is for the sound to come out.,False,0
5302,that shows where to put your fingers.,True,1
5303,do you think you're finished with the banjo?,False,0
5304,do you know what they are?,True,1
5305,those aren't cigarettes.,False,0
5306,that's right.,False,0
5307,I brought you that from Switzerland.,False,0
5308,you can open it this way.,False,0
5309,maybe we could do it on the table.,False,0
5310,oh alright.,False,0
5311,take out one piece at a time.,False,0
5312,which piece do you want?,True,1
5313,what do you want to make?,True,1
5314,that's going to be nice.,False,0
5315,goes down to what?,False,0
5316,which ones?,False,0
5317,you don't like those?,False,0
5318,I do.,False,0
5319,I like this one.,False,0
5320,you can straighten it out.,False,0
5321,you can roll it again.,False,0
5322,that's right.,False,0
5323,cheese!,False,0
5324,will you make a sandwich?,False,0
5325,never.,False,0
5326,that's pretty.,False,0
5327,you can make a man with his arms and legs and everything.,False,0
5328,let's see.,False,0
5329,what does he need?,True,1
5330,"no, that's not all.",False,0
5331,now let's make a little ball and hide it inside here,False,0
5332,now squeeze it and see what happens,True,1
5333,"now let's put a hunk of this in and see what happens, alright?",True,1
5334,"let's cover it all up, now see what happens.",True,1
5335,nothing happens?,False,0
5336,I think something will happen.,False,0
5337,I think something will happen.,False,0
5338,that's right.,False,0
5339,let's make it all flat first.,False,0
5340,now fold it up.,False,0
5341,I don't think it will close if you put too many.,True,2
5342,yes.,False,0
5343,did you learn them in school?,False,0
5344,did you tell Ursula what you do at school?,True,1
5345,"oh, that's delicious.",False,0
5346,I wonder what happens if you mix these two.,True,3
5347,what do you think it will make?,True,1
5348,it will come off.,False,0
5349,you can wash it off.,False,0
5350,"well, don't waste the clay.",False,0
5351,look at that.,False,0
5352,it's like a rainbow.,False,0
5353,you can keep it.,False,0
5354,that was for you.,False,0
5355,are you?,False,0
5356,very pretty.,False,0
5357,"oh no, thank you.",False,0
5358,I'll just enjoy yours.,False,0
5359,that's nice colors that you have there.,True,1
5360,shall we make something with these?,False,0
5361,oh how pretty.,False,0
5362,and it lights up.,False,0
5363,"is that a real phone, Adam?",False,0
5364,"did you tell her our telephone number, Adam?",False,0
5365,alright.,False,0
5366,now what's our telephone number?,True,1
5367,remember?,False,0
5368,two six two.,False,0
5369,one three seven eight.,False,0
5370,I don't know.,False,0
5371,this is a key.,False,0
5372,the part of the what?,False,0
5373,what kind of dog is that?,True,1
5374,"it did a little bit, see?",False,0
5375,I thought we could make something for your doggie to eat.,False,0
5376,what is that?,True,1
5377,with how many legs?,False,0
5378,I thought there were two back there.,False,0
5379,you think the doggie would like some hotdogs?,False,0
5380,what would the tiger like?,True,1
5381,bananas?,False,0
5382,a frank and a banana.,False,0
5383,here's one banana.,False,0
5384,here are two franks.,False,0
5385,"oh, you can do that.",False,0
5386,you have to give him some nice strong legs *NULL* to stand on.,True,1
5387,does your tiger eat oranges?,False,0
5388,can you make a basket?,False,0
5389,can you make some more fruit?,False,0
5390,"alright, you make an orange, alright?",False,0
5391,just make a little ball.,False,0
5392,I'll make a handle for the basket.,False,0
5393,you stretch it.,False,0
5394,how about some grapes?,False,0
5395,is he crying?,False,0
5396,because you took a piece of leg?,False,0
5397,why is he crying?,True,1
5398,grapes.,False,0
5399,ok.,False,0
5400,write it on something?,False,0
5401,"how much do they cost, you tell me.",True,1
5402,with a clock on it?,False,0
5403,how much do they cost?,True,1
5404,what time does the clock say?,True,1
5405,ok.,False,0
5406,"ten cents, five cents, and one cent.",False,0
5407,you could just stand it up.,False,0
5408,there's a bunch of grapes.,False,0
5409,they'll last a long time.,False,0
5410,if you only give him two every day.,True,1
5411,maybe he'd like an apple too.,False,0
5412,do you?,False,0
5413,"no, I like this one, thank you.",False,0
5414,that's right.,False,0
5415,a what?,False,0
5416,"a carrot, of course.",False,0
5417,oh.,False,0
5418,you made a good one.,False,0
5419,"yes, just like you did.",False,0
5420,you roll it and roll it.,False,0
5421,is that right?,False,0
5422,oh yes.,False,0
5423,it's going to be a huge carrot.,False,0
5424,it's going to be a huge big carrot.,False,0
5425,yes.,False,0
5426,over there too.,False,0
5427,it'll get very thin.,False,0
5428,here's your carrot.,False,0
5429,that's as long as it can go.,False,0
5430,I think so.,False,0
5431,it's a snake.,False,0
5432,isn't that the fruit basket?,False,0
5433,no.,False,0
5434,where?,False,0
5435,ok.,False,0
5436,yes.,False,0
5437,mmhm.,False,0
5438,can you put it in your ear?,False,0
5439,what?,False,0
5440,it's not.,False,0
5441,I 'm not.,False,0
5442,why don't you play with the banjo?,True,1
5443,I thought a banjo was all *NULL* you wanted.,True,1
5444,let's put these away first and you can have these.,False,0
5445,alright?,False,0
5446,alright.,False,0
5447,you want toothpicks.,False,0
5448,I don't know what else is in here.,True,1
5449,"careful, don't drop it.",False,0
5450,what do you mean?,True,1
5451,you mean on tv?,False,0
5452,do you want to show your Mother what we made?,True,1
5453,oh no.,False,0
5454,can you blow?,False,0
5455,"that's all, Adam.",False,0
5456,"no, I think you've seen everything.",False,0
5457,if she said yes it must be yes.,True,1
5458,I bet you need what?,False,0
5459,you do.,False,0
5460,I didn't bring one.,False,0
5461,I think you do need a string.,False,0
5462,mmhm.,False,0
5463,"well, you can use a piece of my paper.",False,0
5464,alright.,False,0
5465,I don't have glue but I'll give you two pieces.,False,0
5466,hold it up so Adam can see how it looks.,True,1
5467,look at it.,False,0
5468,you can make it.,False,0
5469,"oh, you know you can try.",False,0
5470,I doubt that.,False,0
5471,try.,False,0
5472,oh.,False,0
5473,you're making another one?,False,0
5474,I'll go get it for you.,False,0
5475,no.,False,0
5476,shall I tear it for you?,False,0
5477,what do you want me to tear?,True,1
5478,right here?,False,0
5479,oh alright.,False,0
5480,what did you draw in school yesterday?,True,1
5481,I don't understand how to play that game.,True,1
5482,you pin those things on your back?,False,0
5483,and then what do you do?,True,1
5484,and then you don't let anybody look behind your back?,False,0
5485,oh.,False,0
5486,I have quite a ways *NULL* to go.,True,1
5487,alright.,False,0
5488,"that's not a banjo, that's a guitar.",False,0
5489,Paul.,False,0
5490,"oh, what is it now?",True,1
5491,"oh, you changed it to what?",False,0
5492,was it a clarinet?,False,0
5493,"oh, why don't you give her one of the ones that you had her make?",True,2
5494,you need a better point.,False,0
5495,let's see if we can sharpen it.,True,1
5496,he's going to blow in the other room.,False,0
5497,wait a minute.,False,0
5498,wait til your mother comes in.,False,0
5499,oh!,False,0
5500,"oh, you always want to keep something.",False,0
5501,what was that game *NULL* you were playing that I heard downstairs?,True,3
5502,alright.,False,0
5503,why do you do that?,True,1
5504,the what?,False,0
5505,show it to Mommy.,False,0
5506,you take one and your mother takes one.,False,0
5507,don't let it,False,0
5508,you stay there.,False,0
5509,you have to press the button to talk.,False,0
5510,"hello, Adam.",False,0
5511,"hello, Adam.",False,0
5512,what are you doing?,True,1
5513,what?,False,0
5514,"yes, Adam.",False,0
5515,I heard you.,False,0
5516,talking to Adam.,False,0
5517,does it have an antenna?,False,0
5518,"yes, Adam.",False,0
5519,where are you?,True,1
5520,Adam.,False,0
5521,ok.,False,0
5522,I was in the forest.,False,0
5523,these are nice.,False,0
5524,I'll go out.,False,0
5525,"hello, Adam.",False,0
5526,Rinny's outside playing.,False,0
5527,you start talking.,False,0
5528,I thought you said what is Rinny doing?,True,1
5529,now I'll go all the way downstairs.,False,0
5530,you go back in there.,False,0
5531,what did you say?,True,1
5532,"hello, Adam.",False,0
5533,how're you?,True,1
5534,what did you say?,True,1
5535,what did you say?,True,1
5536,I 'm sitting on the top stair.,False,0
5537,can you hear me?,False,0
5538,can you hear me?,False,0
5539,press the button down.,False,0
5540,what did you say?,True,1
5541,you said.,False,0
5542,Adam.,False,0
5543,press the button down.,False,0
5544,alright.,False,0
5545,when you talk you have to press the button.,True,1
5546,"no, not with this, I don't think.",False,0
5547,you'd have to use the telephone.,False,0
5548,you'd probably need a bigger set.,False,0
5549,that's just the case *NULL* it came in.,True,1
5550,don't put your mouth on it.,False,0
5551,he'd have to have one too.,False,0
5552,or something so he could hear you.,False,0
5553,I don't think so.,False,0
5554,you can go from one end of the street to the other.,False,0
5555,go from one end of the street to the other.,False,0
5556,"ok, don't play with it, Adam.",False,0
5557,you may break it.,False,0
5558,"well, maybe when you get a little bigger.",True,1
5559,David's eleven years old.,False,0
5560,no no.,False,0
5561,you may break it.,False,0
5562,I see a box over there.,False,0
5563,why don't you look and see what else is in the box?,True,2
5564,last time *NULL* we went to get them they were out of them.,True,2
5565,a game like Ursula brought for you.,False,0
5566,alright.,False,0
5567,"oh, is that right?",False,0
5568,"you don't snap buttons, do you?",False,0
5569,what a nice telephone bell.,False,0
5570,we thought we'd try something different,False,0
5571,it's so peculiar.,False,0
5572,yes.,False,0
5573,you don't?,False,0
5574,what do you think it is?,True,1
5575,I don't think it's supposed to stick on the wall.,False,0
5576,what else did you do in school today?,True,1
5577,oh.,False,0
5578,everyone else was running outside the circle.,False,0
5579,you what?,False,0
5580,"oh, you were not in the circle.",False,0
5581,you weren't supposed to be in the circle?,False,0
5582,what kind of game were you playing?,True,1
5583,"oh, and left the boys in the room in a circle?",False,0
5584,with the teacher?,False,0
5585,maybe I'll build a Prudential Tower.,False,0
5586,"what, um",False,0
5587,what happened to that school?,True,1
5588,not very big but it's very tall.,False,0
5589,peculiar.,False,0
5590,"oh, you don't mean peculiar?",False,0
5591,how does that work out?,True,1
5592,isn't that the way *NULL* it works.,True,1
5593,"yes, I see.",False,0
5594,yes.,False,0
5595,"yes, how are you going to make those?",True,1
5596,alright.,False,0
5597,how should we begin?,True,1
5598,"well, why don't you make a bottom for it?",True,1
5599,here are the sliding_stairsc.,False,0
5600,you're what?,False,0
5601,to what?,False,0
5602,does that mean escalators?,False,0
5603,thank you.,False,0
5604,what does that one say?,True,1
5605,it says what?,False,0
5606,"no, I don't know how to make a monster.",True,1
5607,yes please.,False,0
5608,you need a what?,False,0
5609,just one more.,False,0
5610,I think he started to ask you something else and then changed it.,False,0
5611,what is that?,True,1
5612,that looks like the wheel of something.,False,0
5613,I don't think it does.,False,0
5614,a wheel.,False,0
5615,do you have a building finished?,False,0
5616,put it up here when it's finished.,True,1
5617,put it back there.,False,0
5618,what about that building there with the writing on it?,False,0
5619,there.,False,0
5620,it says garage.,False,0
5621,mmhm.,False,0
5622,what?,False,0
5623,"no, I think your Mother must have answered it.",False,0
5624,if it rings again.,True,1
5625,it looks nice.,False,0
5626,I cann't see it.,False,0
5627,cafe.,False,0
5628,a place where you sit and drink coffee.,True,1
5629,a garage on one side and a cafe on the other?,False,0
5630,alright.,False,0
5631,the little one is cafe and the big one is garage.,False,0
5632,yes.,False,0
5633,"yes, it's easy.",False,0
5634,what else do you need?,True,1
5635,ssh!,False,0
5636,surprise what?,False,0
5637,oh.,False,0
5638,"ssh, take your time.",False,0
5639,"don't throw it, dear you may crack it.",False,0
5640,"honey, you shouldn't really throw these things.",False,0
5641,these are for building.,False,0
5642,you can throw a ball.,False,0
5643,"now no more throwing, alright?",False,0
5644,"Adam, no more throwing, please.",False,0
5645,"are there any more signs in there, Adam?",False,0
5646,forty two meeting and the Williams street?,False,0
5647,what does that mean?,True,1
5648,thirty two.,False,0
5649,thirty two Williams Street and Greenwich Park.,False,0
5650,do what again?,False,0
5651,thirty two Williams Street and Greenwich Park.,False,0
5652,what's the number on Greenwich Park?,True,1
5653,forty?,False,0
5654,ninety?,False,0
5655,where does eleven and one half come in?,True,1
5656,these are made of plastic and they might crack.,False,0
5657,then they wouldn't be nice to play with anymore.,False,0
5658,"no, she wouldn't give it to you if they were cracked.",True,1
5659,she'd have to throw it away.,False,0
5660,you couldn't play with it.,False,0
5661,but Robin and David might not want broken toys.,False,0
5662,a what?,False,0
5663,did you tell Ursula we saw a train this morning?,False,0
5664,a what?,False,0
5665,choochoo model?,False,0
5666,some trim?,False,0
5667,shrimp?,False,0
5668,what is shrimp?,True,1
5669,stop throwing that.,False,0
5670,"oh, did some clay fall down there too?",False,0
5671,no no.,False,0
5672,if you've finished why don't you put them back in the box?,True,2
5673,are you losing weight so that you're losing your pants?,False,0
5674,"well, you've been wearing them, haven't you?",False,0
5675,these are bombs?,False,0
5676,what happens when you drop a bomb?,True,2
5677,oh.,False,0
5678,why don't you start picking them up and putting them in the box?,True,1
5679,yours.,False,0
5680,that's right.,False,0
5681,"so it must not be yours, huh?",False,0
5682,I don't see your Daddy.,False,0
5683,I think I'll sit down.,False,0
5684,how can I play when you're playing?,True,2
5685,will you let Ursula play?,False,0
5686,I don't know how.,False,0
5687,I didn't play it.,False,0
5688,you had it around my neck and you were playing it.,False,0
5689,how can she?,True,1
5690,I thought you asked her to play.,False,0
5691,now give the pens to Ursula.,False,0
5692,they write.,False,0
5693,"she needs pens for writing, you know.",False,0
5694,do you want a piece of paper?,False,0
5695,you do?,False,0
5696,it will.,False,0
5697,why don't you write your name?,True,1
5698,"oh, I can write some other time.",False,0
5699,why don't you write this time?,True,1
5700,are you going to pick the blocks up while I 'm making what I want to,True,1
5701,David probably doesn't even play with those anymore.,False,0
5702,do you mean Robin?,False,0
5703,what?,False,0
5704,what do you think that has on it?,True,1
5705,"well, maybe you just cann't see, huh?",False,0
5706,hair!,False,0
5707,I cann't hold my hair up.,False,0
5708,like this?,False,0
5709,why would you do that?,True,1
5710,"oh, what are you going to do?",True,1
5711,"yes, it looks very pretty.",False,0
5712,oh.,False,0
5713,"yes, that sounds better.",False,0
5714,"well, not particularly.",False,0
5715,see how it's strung.,True,1
5716,that sounded right.,False,0
5717,what's that a violin?,True,1
5718,you have to be careful.,False,0
5719,you'll break David's guitar.,False,0
5720,ok.,False,0
5721,invisible?,False,0
5722,"oh, is that my name?",False,0
5723,my name is Jesus?,False,0
