tree_id,sentence,has_trace,n_deps
0,at Parent Lastname's house with Child Lastname and it is March,False,0
1,Child's!,False,0
2,"oh, I 'm sorry.",False,0
3,that's ok.,False,0
4,"February first, nineteen eighty four.",False,0
5,great.,False,0
6,and she's two years old.,False,0
7,correct.,False,0
8,ok.,False,0
9,she just turned two a month ago.,False,0
10,"do you know what a tape recorder is, Child?",True,1
11,does she ever.,False,0
12,you have two tape players.,False,0
13,have you ever heard your voice on a tape player?,False,0
14,do you want,False,0
15,I often echo things back to her and interpret her stuff a lot.,False,0
16,because other people have trouble.,False,0
17,"right, yeah, just, just do whatever.",False,0
18,whatever you normally do.,True,1
19,do whatever?,False,0
20,"yeah, she's telling you she has an old tape player and a new tape",False,0
21,"two tapes, you have an old raffif tape and a new raffif tape.",False,0
22,what other tapes do you have?,True,1
23,an Ernie tape and a red tape.,False,0
24,you can write on that if you want to.,True,1
25,do you want *PRO* to use that pen?,False,0
26,it doesn't look like mine but it writes.,False,0
27,we could do something else.,False,0
28,"we could look in here, there's some toys in here.",False,0
29,there's some toys in that bag.,False,0
30,Investigator would let you look in the bag.,False,0
31,do you want *PRO* to?,False,0
32,yeah?,False,0
33,go ahead.,False,0
34,it's a grab bag.,False,0
35,what's in there?,True,1
36,what is it?,True,1
37,a birdie.,False,0
38,do you want *PRO* to play with it?,False,0
39,can you put that on your hand?,False,0
40,what do you think the kitty would think of the birdie?,True,1
41,you want me to put it on?,False,0
42,"hi, Child.",False,0
43,can you give me a hug?,False,0
44,"oh, that's nice, a hug for the birdie, that's nice.",False,0
45,hi.,False,0
46,do you have any puppets?,False,0
47,do you want the birdie to talk with Investigator?,False,0
48,what should the birdie say?,True,1
49,up?,False,0
50,they go up in the air?,False,0
51,hummmmmmmmmo.,False,0
52,what else goes up in the air?,True,1
53,birds go up in the air.,False,0
54,what else goes up in the air?,True,1
55,what else goes up in the air?,True,1
56,do you want it?,False,0
57,here you go.,False,0
58,"oh, it's a bird.",False,0
59,"hi, bird.",False,0
60,"hi, bird, you have a pretty yellow mouth.",False,0
61,oh.,False,0
62,what does the bird eat?,True,1
63,what does the bird eat?,True,1
64,"oh, he gave me a kiss.",False,0
65,and a hug.,False,0
66,what do you think the birdie would like *PRO* to eat?,True,1
67,"oh, we have a birdie in your poem.",False,0
68,what does that birdie eat?,True,1
69,there are his eyes.,False,0
70,there are his eyes.,False,0
71,how many?,False,0
72,two eyes.,False,0
73,"one, two.",False,0
74,there's his nose.,False,0
75,"oh, you put your hand right in his mouth.",False,0
76,is he trying to eat the sofa?,False,0
77,that would make a very strange breakfast for a bird.,False,0
78,good morning.,False,0
79,what do you think this is?,True,1
80,I don't even know.,False,0
81,"oh, what just happened?",True,1
82,what just happened?,True,1
83,do you think your dolly would like to see the bird?,False,0
84,she's over in the stroller.,False,0
85,bring her over.,False,0
86,there she is.,False,0
87,hmm?,False,0
88,you putting the baby in?,False,0
89,aren't you going to bring her over to see the bird?,True,1
90,run away.,False,0
91,we can play tag around the house for hours.,False,0
92,I bet.,False,0
93,you bet?,False,0
94,Child.,False,0
95,"oh, what's that?",True,1
96,"that's right, baby and mommy.",False,0
97,"oh, show Investigator?",False,0
98,whose baby is that?,True,1
99,who is that?,True,1
100,"no, who's that?",True,1
101,"what baby is that, what's that baby's name?",True,2
102,that's Baba.,False,0
103,but what's the baby's name?,True,1
104,"that's right, that's you.",False,0
105,what are you doing?,True,1
106,you're in the juice.,False,0
107,you're in the juice.,False,0
108,what's this?,True,1
109,"yeah, that's a bird.",False,0
110,is it really a red bird?,False,0
111,"that one isn't very, but that's a female cardinal.",False,0
112,and there have been a pair of them that are trying to find a,True,1
113,"and that poor bird thinks, I think, that our porch would be a good",False,0
114,uh oh.,False,0
115,"yeah, they don't have baby birds yet but I think that they're",False,0
116,which one is that?,True,1
117,that's not the baby.,False,0
118,do you know which one that is?,True,1
119,I think it's the mommy.,False,0
120,the daddy's the one that's bright red all over.,True,1
121,I don't see him this morning.,False,0
122,what's on?,True,1
123,that light is on?,False,0
124,"yes, your poem book has pictures of birds, that has a picture of a",False,0
125,only the daddy cardinal.,False,0
126,"poor bird, he's going to knock himself out.",False,0
127,I thought that I'd scare her away.,False,0
128,that's really strange.,False,0
129,there's no tree on the porch or anything like that.,False,0
130,"no, no.",False,0
131,but she cann't get in.,False,0
132,"that bird wants to come inside, Child.",False,0
133,do you think we should let the birdie come inside?,False,0
134,"uh, oh.",False,0
135,he could have something *NULL* to eat?,True,1
136,and the birdie would eat?,False,0
137,what would you give the birdie *NULL* to eat?,True,2
138,a bone?,False,0
139,that's what Stripey likes.,True,1
140,I don't know if that's what birds like.,True,2
141,I think the bird would rather have berries and seeds.,False,0
142,yeah.,False,0
143,maybe peanut butter.,False,0
144,maybe a peanut butter sandwich.,False,0
145,we don't know about that one.,False,0
146,you want to let the birdie in?,False,0
147,I don't think the birdie would be very happy in here.,False,0
148,"it would make you happy, I think to let the",False,0
149,Big Bird?,False,0
150,where do you see Big Bird?,True,1
151,on the tv.,False,0
152,ah.,False,0
153,he's eating my leg.,False,0
154,ah.,False,0
155,what's that bird doing?,True,1
156,and down came a blackbird and nibbled off her,False,0
157,"nose, that's right.",False,0
158,"oh, a bird is going to nip off my nose.",False,0
159,oh no.,False,0
160,he's nipping off your nose and Investigator's nose.,False,0
161,oh.,False,0
162,what's the bird eating?,True,1
163,what's the bird eating?,True,1
164,"must be a very hungry bird, must be very hungry.",False,0
165,did you yawn?,False,0
166,did you yawn?,False,0
167,are you sleepy?,False,0
168,are you going to close your eyes and go to sleep like a little baby?,False,0
169,your eyes are closed.,False,0
170,"this is New Investigator, that's right.",False,0
171,green.,False,0
172,that's green.,False,0
173,color.,False,0
174,that's green.,False,0
175,what color's that?,True,1
176,yellow.,False,0
177,like Investigator's sweatshirt.,False,0
178,her sweater.,False,0
179,what is that?,True,1
180,"oh, her poems book.",False,0
181,that's one of the great hits of this particular week.,False,0
182,"what is that, Susanna?",True,1
183,it's something *NULL* you eat for breakfast.,True,1
184,egg.,False,0
185,that's what little birdies come out of.,True,1
186,they're not what?,False,0
187,"that's right, Baba.",False,0
188,what about chickens?,False,0
189,they come out of eggs.,False,0
190,whoo.,False,0
191,"it's for you, that's for you.",False,0
192,"yeah, Investigator brought it for you.",False,0
193,these are usually for littler kids but,False,0
194,oh!,False,0
195,what kind of bird?,False,0
196,duckie.,False,0
197,that's right.,False,0
198,what is that?,True,1
199,those are for little kids.,False,0
200,"that's right, they all kind of, ah!",False,0
201,"with his trunk, with his nose, waves it around.",False,0
202,ah.,False,0
203,"hello, Mr.",False,0
204,"duck, how are you today?",True,1
205,go in the water?,False,0
206,swim in the water?,False,0
207,what else swims in the water?,True,1
208,what else swims in the water?,True,1
209,"oh, the chicken caught the duck.",False,0
210,"run away, run away.",False,0
211,"run away, run away!",False,0
212,eat this?,False,0
213,"what's, who's going To eat?",True,1
214,the duck is eating the stroller?,False,0
215,oh no.,False,0
216,what just happened?,True,1
217,what is that?,True,1
218,here's the duck.,False,0
219,there goes the stroller.,False,0
220,do you know what this is?,True,1
221,do you know what that part is?,True,1
222,it's an eye.,False,0
223,you're bouncing.,False,0
224,"yeah, you hit your chin, I saw.",False,0
225,what are you doing?,True,1
226,what are you doing?,True,1
227,what are you doing?,True,1
228,you're not going to say.,False,0
229,you're not going to say?,False,0
230,the duck came over to visit me.,False,0
231,it's yours?,False,0
232,yours?,False,0
233,your duckie?,False,0
234,the duck.,False,0
235,"they make funny squeaky noises, don't they?",False,0
236,what happened to the duck?,True,1
237,"he fell down, boom.",False,0
238,"telephone, I'll be right back.",False,0
239,I think there's even another squeaky one.,False,0
240,"yes, you have one of those, we have one just like that.",False,0
241,really?,False,0
242,upstairs from when you were a baby.,True,1
243,except yours is a different color.,False,0
244,remember that?,False,0
245,what color is yours?,True,1
246,green.,False,0
247,green hedgehog?,False,0
248,or whatever it is.,True,1
249,or whatever it is.,True,1
250,I think they're hedgehogs.,False,0
251,what color is this one?,True,1
252,orange.,False,0
253,that's right.,False,0
254,hmm?,False,0
255,boon?,False,0
256,what does that mean?,True,1
257,it squeaks.,False,0
258,"like your orange balloon, that's right.",False,0
259,do you like books?,False,0
260,yeah?,False,0
261,book.,False,0
262,oh!,False,0
263,what's that?,True,1
264,a big bird *NULL* called an eagle.,True,1
265,what's that?,True,1
266,"yeah, Tot Time has one, it's a guitar.",False,0
267,you know what those are.,True,1
268,it's a hamburger.,False,0
269,and a hot dog.,False,0
270,what's that?,True,1
271,a pumpkin.,False,0
272,"that's right, at Halloween the children come knock on the door.",False,0
273,what else do they do?,True,1
274,"oh, they go ding dong.",False,0
275,mm hmm.,False,0
276,it's a hose.,False,0
277,it's green and water comes splashing out.,False,0
278,squirting out the end.,False,0
279,"yeah, your grandma has a hose.",False,0
280,so do we actually but you haven't seen it in a long time.,False,0
281,"what else happens at Halloween, can you tell Investigator?",True,1
282,the children knock on the door.,False,0
283,what happens?,True,1
284,then what happens?,True,1
285,or they push the doorbell.,False,0
286,ding dong.,False,0
287,they go trick or treat.,False,0
288,and I go to the door.,False,0
289,or you go to the door.,False,0
290,that's a guitar.,False,0
291,they have guitars at Tot Time.,False,0
292,came and played a guitar at Tot Time.,False,0
293,and you danced.,False,0
294,let's see what other pictures there are in here.,True,1
295,"oh, look, clothes.",False,0
296,boots.,False,0
297,what's that?,True,1
298,Carleton carries an umbrella.,False,0
299,more boots.,False,0
300,two boots *NULL* cowboys wear.,True,1
301,what are those?,True,1
302,what are those?,True,1
303,socks.,False,0
304,do you have any socks on?,False,0
305,show Investigator your socks?,False,0
306,blue socks.,False,0
307,"oh, blue socks.",False,0
308,"which are these, old socks or new socks?",True,1
309,too hard.,False,0
310,look.,False,0
311,there you go.,False,0
312,there's a cardinal.,False,0
313,it's another kind of bird *NULL* called a meadowlark.,True,1
314,that's a bird too.,False,0
315,what's that?,True,1
316,"fly, butterfly.",False,0
317,ummhm?,False,0
318,what's that?,True,1
319,it's a chair.,False,0
320,what do you do with a chair?,True,1
321,"you sit down, that's right.",False,0
322,what is that?,True,1
323,a phone.,False,0
324,who do you like to call on the phone?,True,1
325,to call me?,False,0
326,that's a guitar.,False,0
327,"that's right, there's a guitar here and a guitar there.",False,0
328,they're the same.,False,0
329,hmm.,False,0
330,we have scissors upstairs.,False,0
331,Sara has scissors too.,False,0
332,"well, this Investigator might have scissors but four year old Sara",False,0
333,mm hmm?,False,0
334,what's that?,True,1
335,"a light, flashlight.",False,0
336,you have one too.,False,0
337,what are they?,True,1
338,mmm?,False,0
339,"yeah, daddy usually gets those.",False,0
340,and puts them in the flashlight.,False,0
341,what else do we put batteries in?,True,1
342,the tape player.,False,0
343,it uses batteries at an amazing rate.,False,0
344,a big plane.,False,0
345,and a little plane.,False,0
346,a blimp.,False,0
347,you've never seen one.,False,0
348,it's a kind of a plane.,False,0
349,do you know what that is?,True,1
350,"well, it's like a plane.",False,0
351,daddy just showed you one of those up in the sky this weekend.,False,0
352,yeah.,False,0
353,do you remember what it was?,True,1
354,it was very loud.,False,0
355,it came very close.,False,0
356,it's a helicopter.,False,0
357,what about Tot Time?,False,0
358,"yes, there's a toy",False,0
359,boat.,False,0
360,that's the sail.,False,0
361,uhhuh?,False,0
362,what's that?,True,1
363,"is that a little, is that a Baba?",False,0
364,in the boat?,False,0
365,sailing the boat in the water?,False,0
366,what color is the sail?,True,1
367,green and,False,0
368,with stripes.,False,0
369,it's a red canoe.,False,0
370,a red boat.,False,0
371,blue boat!,False,0
372,a blue boat too?,False,0
373,big boat.,False,0
374,what's that?,True,1
375,that's a buoy.,False,0
376,"it's a marker, it tells the boats where to go.",True,1
377,like traffic signs tell cars where they can go and where they cann't,True,2
378,that tells boats where they can go.,True,1
379,because you cann't see any roads when you're out on the ocean.,True,1
380,"squeak, squeak.",False,0
381,you can make all of them squeak at the same time that way.,False,0
382,yes.,False,0
383,what is that?,True,1
384,"it's a big one, a big what?",False,0
385,"a big fly, a butterfly.",False,0
386,looks like a,False,0
387,yeah.,False,0
388,it's a moth.,False,0
389,uhhuh.,False,0
390,that's a moth.,False,0
391,it's like a butterfly.,False,0
392,do you know what this is?,True,1
393,"this is the bee hive, where are the bees?",True,1
394,hidden away where nobody'd be.,True,1
395,watch and you'll see them come out of the hive.,False,0
396,"one, two, three, four, five.",False,0
397,bzz.,False,0
398,all fly away.,False,0
399,"three, that's right, there are three animals.",False,0
400,"that's right, there are three.",False,0
401,"yes, you have one like that upstairs.",False,0
402,"what, oof?",False,0
403,"Child, that's not a dog.",False,0
404,what kind of noise do hedgehogs make besides squeaks?,True,1
405,you tell me!,False,0
406,do you know what a duck says?,True,1
407,"Child, there's a duck on your head.",False,0
408,"Child, there's a duck on your head.",False,0
409,there's a duck on your head.,False,0
410,there's a duck on your head.,False,0
411,"duck is flying, duck in the air, round and around.",False,0
412,"it's going to land on your head, I think.",False,0
413,here it comes.,False,0
414,"oh, he's on the floor.",False,0
415,fell down.,False,0
416,he fell down.,False,0
417,here's another red bird.,False,0
418,"that's right, there's another red bird.",False,0
419,do you know what kind of bird that is?,True,1
420,"a jay, that's right.",False,0
421,um hmm?,False,0
422,it's a jay.,False,0
423,a robin.,False,0
424,that's right.,False,0
425,they all fly in the air.,False,0
426,"up, up.",False,0
427,"up, up.",False,0
428,where do you want him to go now?,True,1
429,on your head?,False,0
430,it's coming closer and closer and closer and closer.,False,0
431,there's a duck on your head.,False,0
432,what's the elephant doing?,True,1
433,he's up?,False,0
434,you want the elephant on your head?,False,0
435,"wouldn't that feel bad, isn't an elephant very heavy?",False,0
436,isn't he heavy?,False,0
437,you could bring some of your books to show Investigator.,False,0
438,or you could finally write with that pen.,False,0
439,um hmm.,False,0
440,it's not mine but I have pens.,False,0
441,what's that?,True,1
442,you made a dot.,False,0
443,whoops.,False,0
444,what are you doing down there?,True,1
445,trying to stand on your head!,False,0
446,"one of these days you're going to go right over in a somersault, Child.",False,0
447,upside down.,False,0
448,upside down on the floor.,False,0
449,yeah.,False,0
450,up?,False,0
451,you're as down as you can get.,False,0
452,you want to be up?,False,0
453,up please?,False,0
454,help?,False,0
455,help.,False,0
456,"you're a big girl, you can get up by yourself anywhere.",False,0
457,more places than I can.,False,0
458,do you want to get some books?,False,0
459,you have books downstairs in the tv room.,False,0
460,or upstairs.,False,0
461,do you want to bring a book?,False,0
462,ok,False,0
463,go pick a book.,False,0
464,will you bring it back down?,False,0
465,to show it to Investigator?,False,0
466,ok.,False,0
467,the New Investigator.,False,0
468,"I think your new, your newest book is downstairs.",False,0
469,you think it's upstairs?,False,0
470,I think it's downstairs.,False,0
471,you can go look.,False,0
472,we'll soon find out.,False,0
473,"we'll soon find out, I 'm going to go see.",False,0
474,here's your newest book.,False,0
475,there's the poem book.,False,0
476,there's the poems book.,False,0
477,that's heavy.,False,0
478,that's your biggest book.,False,0
479,"that's the newest new book, that's right.",False,0
480,we haven't even read that yet.,False,0
481,because that's a hard book.,False,0
482,that's a hard book.,False,0
483,what book would you like to look at?,True,1
484,all of them.,False,0
485,"all of them, please, all at once.",False,0
486,abc's.,False,0
487,"you have two abc's, that's right.",False,0
488,"one, two.",False,0
489,two books?,False,0
490,you have a lot more than two.,False,0
491,you have a lot more than two.,False,0
492,why don't you pick a book *NULL* you'd like to show Investigator?,True,2
493,we can all look.,False,0
494,you're getting to see all her books.,False,0
495,you're showing Investigator all your books.,False,0
496,at the same time.,False,0
497,why do children need blocks when,False,0
498,you can do the same thing.,False,0
499,you can do the same thing.,False,0
500,are they getting heavy?,False,0
501,you're carrying too many.,False,0
502,heavy?,False,0
503,it's hard to carry too many all at once.,False,0
504,it's for two at once.,False,0
505,"yes, sweetie.",False,0
506,"that's right, that's the grandma book.",False,0
507,it's been hard work.,False,0
508,two.,False,0
509,you've got a lot more than two.,False,0
510,two?,False,0
511,two in a shoe.,False,0
512,that's what it is.,True,1
513,one.,False,0
514,one in the sun.,False,0
515,two.,False,0
516,two in a shoe.,False,0
517,three.,False,0
518,three in a tree.,False,0
519,this is the Counting with cats book.,False,0
520,do you want to look at the.,False,0
521,"let's see, where's the book about eating lunch?",True,1
522,you brought that upstairs.,False,0
523,I thought this was the one *NULL* you were talking about.,True,1
524,what a good lunch.,False,0
525,are you more interested in the babies?,False,0
526,yeah.,False,0
527,are you bigger than them or littler than them?,False,0
528,tops and diapers.,False,0
529,they're wearing tops and diapers.,False,0
530,what are you wearing?,True,1
531,you wear diapers?,False,0
532,yeah.,False,0
533,what else,False,0
534,hmm?,False,0
535,diapers for nap.,False,0
536,"you've gone crazy, you've gone crazy.",False,0
537,you want to hear yourself?,False,0
538,lots of red birds.,False,0
539,there are the red birds.,False,0
540,Child.,False,0
541,"we have, she has a tape recorder that she plays all the time, and",True,1
542,"oh, ok, yeah.",False,0
543,which has led to great confusions.,True,1
544,like now.,False,0
545,like now.,False,0
546,that's right.,False,0
547,that's a tape player.,False,0
548,New Investigator.,False,0
549,brought the tape player with her when she came.,True,1
550,you have tapes.,False,0
551,"she has tapes too, I bet.",False,0
552,ummhm.,False,0
553,I only brought one with me today but.,False,0
554,baby?,False,0
555,"oh, that's the wild baby.",False,0
556,"um hmm, there's the baby.",False,0
557,what happened?,True,1
558,"he fell down, boom.",False,0
559,do you think he hurt his nose?,False,0
560,what's the baby doing?,True,1
561,"boom, everywhere.",False,0
562,scissors.,False,0
563,the baby with the scissors.,False,0
564,what's he doing with them?,True,1
565,cutting his hair.,False,0
566,cutting his hair short.,False,0
567,"just, just before that happens his momma said.",False,0
568,don't use scissors.,False,0
569,"and there he is, doing all of those things.",False,0
570,he disappeared one morning when he should have been in bed.,True,1
571,she found him sleeping soundly,False,0
572,in the clock.,False,0
573,"that's right, there he is in the clock.",False,0
574,"oh, that's mommy, what's she doing?",True,1
575,"crying, she's sad.",False,0
576,do you know why?,False,0
577,she cann't find the baby.,False,0
578,"oh, there he is!",False,0
579,do you know what that is?,True,1
580,a wolf.,False,0
581,he met a wolf.,False,0
582,but he scared him away.,False,0
583,he came back home to his mommy.,False,0
584,"what, what are they doing?",True,1
585,"they're going to go home, you're right.",False,0
586,after their big adventure.,False,0
587,she gives him a hug first.,False,0
588,big hug.,False,0
589,because she's glad to see him again.,False,0
590,she was worried about her baby.,False,0
591,"but he came back, he was fine, he just had an adventure.",False,0
592,do you know what these are?,True,1
593,those are trees.,False,0
594,but they don't look like most of the trees in our book because these,False,0
595,like Christmas trees.,False,0
596,"like Christmas trees, that's right.",False,0
597,those are your eggs.,False,0
598,you going to put your eggs in the house?,False,0
599,ok.,False,0
600,every day.,False,0
601,"everything, every day.",False,0
602,are there any eggs in the house already?,False,0
603,yeah.,False,0
604,"hi, who's that?",True,1
605,like puppets.,False,0
606,uhhuh.,False,0
607,"oh, isn't that.",False,0
608,"oh, on top?",False,0
609,on his head.,False,0
610,that's his hair.,False,0
611,what about Baba?,False,0
612,she has hair.,False,0
613,she's standing on top of his head.,False,0
614,"that's right, it's a car.",False,0
615,"abac means, um, we have a Saab and a Mazda.",False,0
616,cars are only Saabs and Mazdas.,False,0
617,where are they?,True,1
618,where are they?,True,1
619,they're sitting in the car.,False,0
620,what are they doing?,True,1
621,Riding.,False,0
622,where's the mommy?,True,1
623,there.,False,0
624,who's that?,True,1
625,"oh, don't put that in your mouth.",False,0
626,yuck.,False,0
627,here's somebody and there's somebody.,False,0
628,who's that?,True,1
629,the dog.,False,0
630,who's this?,True,1
631,the Baba?,False,0
632,does the Baba have a name?,False,0
633,what's the name?,True,1
634,very strange names.,False,0
635,it's been about a half an hour.,False,0
636,how many tape players do you have?,True,1
637,"oh, you have tapes, old raffif and new raffif",False,0
638,what other tape do you have?,True,1
639,Ernie tape.,False,0
640,and the red tape.,False,0
641,Red_Is_Best?,False,0
642,one of her favorite books,False,0
643,oh yeah?,False,0
644,it's called Red_Is_Best.,False,0
645,is that your favorite color or is pink your favorite color?,False,0
646,what color do you like best?,True,1
647,what color do you like best?,True,1
648,do you have one *NULL* you like best?,True,1
649,yeah?,False,0
650,what is it?,True,1
651,yellow?,False,0
652,that's new.,False,0
653,so for you yellow is best.,False,0
654,you should have had a yellow cake.,False,0
655,maybe next year we can move on to a yellow cake.,False,0
656,here's something yellow.,False,0
657,"yeah, like your sleep suit is yellow.",False,0
658,boom.,False,0
659,you went boom.,False,0
660,what's that?,True,1
661,flag.,False,0
662,"you want to see what's in the bag, don't you?",True,1
663,you have a blue flag too.,False,0
664,boom.,False,0
665,there's Investigator's bag.,False,0
666,do you remember she brought her bag last time.,False,0
667,what do you think is inside?,True,1
668,what do you think is inside the bag?,True,1
669,go ahead and look.,False,0
670,"yeah, go ahead.",False,0
671,what's in the bag?,True,1
672,you can open the bag.,False,0
673,you want to or do you want somebody else to?,False,0
674,who do you want to open it?,True,1
675,mommy.,False,0
676,do you want me to open it?,False,0
677,let's see what's in the bag.,True,1
678,a bird.,False,0
679,she knows already.,False,0
680,what color's the bird?,True,1
681,a red bird.,False,0
682,what do you do with the bird?,True,1
683,the bird goes up.,False,0
684,do you want the bird?,False,0
685,"hi, Susanna.",False,0
686,Baba wants it.,False,0
687,"hi, bird.",False,0
688,hi.,False,0
689,you going to eat me?,False,0
690,I don't think so.,False,0
691,do birds eat worms?,False,0
692,does it see this worm,False,0
693,it's a worm.,False,0
694,"it's hungry, it better eat it.",False,0
695,chomp.,False,0
696,"that is green, yes.",False,0
697,they're the same color.,False,0
698,let's see what else is inside.,True,1
699,go ahead.,False,0
700,a book.,False,0
701,get that out.,False,0
702,that's not a toy,False,0
703,that's not a toy but there is a book.,False,0
704,"oh, this is a wonderful book, lots of pictures.",False,0
705,what's green on here?,True,1
706,what's green?,True,1
707,no?,False,0
708,Investigator's bag.,False,0
709,"back in the bag, bird.",False,0
710,"oop, there it is.",False,0
711,"oh, there's the bird again, he was hiding.",False,0
712,you remember those too.,False,0
713,there's that funny animal.,False,0
714,"yes, you have one like that upstairs.",False,0
715,it's green.,False,0
716,what color's that one?,True,1
717,orange.,False,0
718,thank you.,False,0
719,hello.,False,0
720,hi.,False,0
721,what kind of,False,0
722,squeak.,False,0
723,"yeah, squeak.",False,0
724,what kind of animal are you?,True,1
725,I think a hedgehog.,False,0
726,hi.,False,0
727,whoops.,False,0
728,put them nose to nose.,False,0
729,nose to nose.,False,0
730,"kiss, kiss.",False,0
731,what do you like to eat?,True,1
732,um.,False,0
733,you don't know.,False,0
734,what do you think the hedgehog likes to eat?,True,1
735,telephone.,False,0
736,"you have one of those upstairs, don't you?",False,0
737,yeah.,False,0
738,green one.,False,0
739,"look, it, what color is his eye?",True,1
740,it's green too.,False,0
741,do you remember what this is?,True,1
742,that's a hose.,False,0
743,"yeah, you remember pretty well.",False,0
744,Nana has a hose?,False,0
745,yeah.,False,0
746,do you remember what the other things are?,True,1
747,pumpkin.,False,0
748,hmm?,False,0
749,knock knock?,False,0
750,dadanc?,False,0
751,I don't know what that is.,True,1
752,um hmm.,False,0
753,choochoo?,False,0
754,"I bet, I bet there's stuff that you haven't seen before in the bag.",True,1
755,down in there?,False,0
756,yeah?,False,0
757,see if there's something that you haven't ever seen before.,True,2
758,"you remember that though, don't you?",False,0
759,um hmm.,False,0
760,what's that?,True,1
761,the ducky.,False,0
762,you squished his head.,False,0
763,hmm?,False,0
764,hi.,False,0
765,do you want to say hi?,False,0
766,"hi, Ducky.",False,0
767,"how are you, Ducky?",True,1
768,what kind of noise do you think the birdie makes?,True,1
769,mmm?,False,0
770,"it's flying, it's coming down!",False,0
771,the duck was too fast for him.,False,0
772,just too fast.,False,0
773,what happened to the cardinals that were outside last week?,True,2
774,are they still there?,False,0
775,"news, Child.",False,0
776,Child just got into the Child Study Center for next year.,False,0
777,"alright, alright.",False,0
778,since I 'm not a College alum and I don't have any college,False,0
779,"yeah, yeah.",False,0
780,the waiting list sometimes is long.,False,0
781,yeah.,False,0
782,I mean there,False,0
783,that's fantastic.,False,0
784,that's fantastic.,False,0
785,and the best thing it's only,False,0
786,I gather once you're in for the,False,0
787,that's great.,False,0
788,"that's great, I've been to observe this week.",False,0
789,"oh, what's that?",True,1
790,horsie?,False,0
791,I don't think that's a horsie.,False,0
792,"galumph, galumph, galumph.",False,0
793,what's he doing?,True,1
794,what's the horsie doing?,True,1
795,is that a horsie?,False,0
796,that's doesn't look like a horse.,False,0
797,that doesn't look like a horse to me.,False,0
798,what kind of noise does it make?,True,1
799,baaho.,False,0
800,"neigh, that's what the horse says.",True,1
801,"but you know what I think this animal says, Child?",True,1
802,moo.,False,0
803,moo.,False,0
804,heavy.,False,0
805,elephants are good and heavy.,False,0
806,can elephants remember things really well or not?,False,0
807,do they have a good memory?,False,0
808,don't know.,False,0
809,what do they do with their trunks.,True,1
810,oh.,False,0
811,"oh, ok.",False,0
812,and they're heavy.,False,0
813,in the book they talk about a special world full of heavy,False,0
814,trucks and elephants and hippopotamuses.,False,0
815,"oh, Child, you don't throw things, ever.",False,0
816,what's that?,True,1
817,now that,False,0
818,that is a horsie.,False,0
819,what's a horsie like to eat?,True,1
820,"hay, that's right.",False,0
821,horsie eats hay.,False,0
822,and where's he live?,True,1
823,do you remember where the horsie lives?,True,1
824,"oh, he's eating.",False,0
825,he's eating hay.,False,0
826,"yeah, I think the cow eats hay too.",False,0
827,um.,False,0
828,good.,False,0
829,moo.,False,0
830,hug hug hug hug hug hug.,False,0
831,"hey diddle diddle, the cat and the fiddle, the cow jumped",False,0
832,over the moon.,False,0
833,what's the cow doing now?,True,1
834,walking?,False,0
835,you want the New Investigator to do it?,False,0
836,there you go.,False,0
837,do you think we can make him run?,False,0
838,do it the horsie.,False,0
839,oops.,False,0
840,which one's taller?,True,1
841,which one's bigger?,True,1
842,do you know which one's bigger?,True,1
843,on your head?,False,0
844,"that's what we did last time, isn't it?",True,1
845,there's a bird.,False,0
846,your bird and my bird.,False,0
847,squawk.,False,0
848,I think this is probably a chicken though.,False,0
849,"bako, bako, bako, bako, bako, bako, bako.",False,0
850,it's a bird.,False,0
851,chicken?,False,0
852,"bako, bako, bako, bako, bako.",False,0
853,unless he's a rooster.,False,0
854,cock_a_doodle_doo!,False,0
855,cock_a_doodle_doo!,False,0
856,don't throw it.,False,0
857,that's not funny.,False,0
858,don't throw things.,False,0
859,do you want the duck back?,False,0
860,mine.,False,0
861,mine.,False,0
862,and the cookies are yours?,False,0
863,"oh, cookie for me?",False,0
864,one cookie for me?,False,0
865,that's not very many.,False,0
866,one cookie for me.,False,0
867,how many cookies for you?,False,0
868,are you going to eat that duck?,False,0
869,don't eat the duck.,False,0
870,don't eat the duck.,False,0
871,don't eat the duck.,False,0
872,"oh, squeak a lot.",False,0
873,"hey, what happened to the cardinals that were outside the window?",True,2
874,are they still there?,False,0
875,yeah?,False,0
876,they're going to build a nest.,False,0
877,great.,False,0
878,they've stopped trying to come in on the porch.,False,0
879,what to eat?,True,1
880,oranges *NULL* to eat.,True,1
881,"yes, I see them.",False,0
882,"I see them, they're oranges *NULL* to eat.",True,1
883,do you know who gave them to you?,True,1
884,Nana sent them.,False,0
885,"oh, let's not go out there, it's so cold out there now.",False,0
886,"oh, it's cold out there.",False,0
887,"that's why the oranges are there, cause it's cold.",True,1
888,do you want an orange *NULL* to eat?,True,1
889,how about with lunch?,False,0
890,ok?,False,0
891,good.,False,0
892,she's crazy about oranges.,False,0
893,and if she eats too many she gets diaper rash.,True,1
894,so we have to ration the oranges to one a day.,False,0
895,one a day.,False,0
896,it's tough.,False,0
897,it's a recurring crisis right now.,False,0
898,"it's good, she likes fruit.",False,0
899,"oh, she, I mean, terrific, I love it.",False,0
900,"yeah, those are oranges *NULL* to eat and you can have one with lunch.",True,1
901,yeah.,False,0
902,do you like grapefruit too?,False,0
903,no?,False,0
904,do you eat lemons?,False,0
905,no?,False,0
906,I've seen you eat a lemon.,False,0
907,I've seen you eat a lemon.,False,0
908,straight out of your hand.,False,0
909,bless you.,False,0
910,achoo.,False,0
911,bless you.,False,0
912,what a sneeze.,False,0
913,"no, we're going to eat an orange at lunch.",False,0
914,do you want to show Investigator your oranges?,False,0
915,can we open the door?,False,0
916,we're going to show Investigator.,False,0
917,and you can pick which one you want to have with lunch.,True,1
918,there they are.,False,0
919,oh.,False,0
920,is that the one *NULL* you want to have for lunch?,True,1
921,and the other one too.,False,0
922,there's another one.,False,0
923,what's in this box?,True,1
924,orange?,False,0
925,orange in the box?,False,0
926,she doesn't really know how to count when she counts but she knows,True,2
927,"and say here's one orange, two!",False,0
928,three!,False,0
929,nope.,False,0
930,four!,False,0
931,a whole bunch of oranges.,False,0
932,more oranges.,False,0
933,"what do they smell like, Child?",True,1
934,do they smell good?,False,0
935,what else smells good?,True,1
936,what do you like to smell?,True,1
937,flew away.,False,0
938,bird flew away.,False,0
939,birds want toast?,False,0
940,yeah?,False,0
941,with jam?,False,0
942,a special treat.,False,0
943,that could be a good treat,False,0
944,they certainly like plain toast.,False,0
945,we go down and feed old bread to the ducks.,False,0
946,"but I don't know if you remember that, that was last fall.",True,1
947,"Child, do you remember when we took bread down to the ducks?",True,1
948,yeah?,False,0
949,and threw it in the water?,False,0
950,and what happened?,True,1
951,ducks eat it.,False,0
952,do you know what else ducks like to eat?,True,1
953,"they like *PRO* to eat, those ducks anyway like popcorn.",False,0
954,you like popcorn too?,False,0
955,I know that.,False,0
956,um hmm?,False,0
957,"yeah, sweetie.",False,0
958,"that's right, that's the mommy elephant and the daddy elephant and",False,0
959,and they have crowns on their heads.,False,0
960,what does that mean?,True,1
961,is that a monkey?,False,0
962,there sure is.,False,0
963,if the daddy has a crown on what is he?,True,2
964,he's a king.,False,0
965,"like King Friday, King Friday always wears a crown.",False,0
966,and the King of Hearts always wears a crown.,False,0
967,and Queen Investigator always wears a crown.,False,0
968,don't climb up on the table.,False,0
969,people don't get on tables.,False,0
970,you're going to need a set of parallel bars *NULL* to work out on.,True,1
971,a gymnast.,False,0
972,that's right.,False,0
973,"what's up, Child?",True,1
974,"yes, there's a balloon in the dining room.",False,0
975,a party.,False,0
976,"we had lots of balloons for your party but not for Daddy's party,",False,0
977,one big orange balloon.,False,0
978,what are you trying to do?,True,1
979,"yes, sweetie.",False,0
980,what do you see?,True,1
981,you're looking way up.,False,0
982,what's that?,True,1
983,a light.,False,0
984,do you know how to turn that on?,True,1
985,oh!,False,0
986,look.,False,0
987,it has a hole.,False,0
988,a hole in the bottom.,False,0
989,if you look straight up through the hole you can see the lightbulb.,True,1
990,and it's so bright.,False,0
991,you can see it afterwards.,False,0
992,what did you do?,True,1
993,"look, you fell down.",False,0
994,"yes, that's something *NULL* you take outside.",True,1
995,there are dishes in it.,False,0
996,you take them outside.,False,0
997,"you don't do it when it's snowy, you do it in the summer.",True,1
998,you want to do it when it's snowy?,True,1
999,but I think next summer when it's warm we'll take those outside to.,True,1
1000,that's Investigator's tape player.,False,0
1001,that out that.,False,0
1002,outside?,False,0
1003,it's never been outside.,False,0
1004,"oh yeah, it's cold, it's cold outside.",False,0
1005,"we don't want to play that, it's too cold.",False,0
1006,I don't know.,False,0
1007,what is it?,True,1
1008,it is an old Victorian music making machine that has a bellows organ,True,1
1009,wow.,False,0
1010,and plays strips of paper with holes in them like on a player piano.,False,0
1011,do you think we should show Becca and David that?,False,0
1012,I don't think they've ever seen one.,False,0
1013,Becca and David sometime when they come to this house would like to,True,1
1014,"it sounds like an organ grinder's box, it's quite loud.",False,0
1015,hmm?,False,0
1016,"that's the handle that you turn with, right.",True,1
1017,the big handle makes it play.,False,0
1018,that's the teeny handle.,False,0
1019,the teeny handle is rewind.,False,0
1020,but the big handle is play.,False,0
1021,we've got about fifty rolls of those.,False,0
1022,mm hmm?,False,0
1023,what are you doing?,True,1
1024,are you turning the handle?,False,0
1025,oh!,False,0
1026,"no, please.",False,0
1027,"no, please.",False,0
1028,that's the big handle.,False,0
1029,"um hmm, I 'm the one who turns the big handle.",True,1
1030,that's something *NULL* I do.,True,1
1031,because I 'm a big girl.,False,0
1032,what about Investigator?,False,0
1033,what about New Investigator?,False,0
1034,hmm?,False,0
1035,"oh, well, Investigator, your friend Investigator is how old?",False,0
1036,how old is Investigator?,True,1
1037,Investigator is four old.,False,0
1038,how old are you?,True,1
1039,two years old.,False,0
1040,but this is New Investigator.,False,0
1041,she's not four years old.,False,0
1042,she's a,False,0
1043,"New Investigator, I don't know how old she is.",True,1
1044,how old are you?,True,1
1045,twenty two.,False,0
1046,hmm?,False,0
1047,twenty two.,False,0
1048,twenty two.,False,0
1049,she's twenty two and you're two.,False,0
1050,that's exciting to her.,False,0
1051,"oop, light off.",False,0
1052,light off.,False,0
1053,"no, it's not on.",False,0
1054,off and on.,False,0
1055,"off and on, off and on.",False,0
1056,"yes, sweetie.",False,0
1057,you going to close the door?,False,0
1058,"oh, no.",False,0
1059,are you going to leave us alone?,False,0
1060,bye bye.,False,0
1061,are you going to come back?,False,0
1062,"oh, you're coming in.",False,0
1063,ah,False,0
1064,"yeah, it's closed.",False,0
1065,you closed the door.,False,0
1066,not closed now.,False,0
1067,in?,False,0
1068,are you coming in?,False,0
1069,do you want me to close the door now?,False,0
1070,you have to close that half first.,False,0
1071,then you close the one with the knob.,False,0
1072,"um hmm, there are two doors closed.",False,0
1073,there's a hook.,False,0
1074,up on the ceiling.,False,0
1075,two?,False,0
1076,I can see two.,False,0
1077,"Child, look over here though.",False,0
1078,here's one.,False,0
1079,your turn?,False,0
1080,do you want to touch that string?,False,0
1081,"oh, up.",False,0
1082,the string's hanging on a hook.,False,0
1083,are you a big girl now?,False,0
1084,because you're so tall?,False,0
1085,we had a plant there in the summer.,False,0
1086,maybe we'll have a plant again this summer.,False,0
1087,um hmm?,False,0
1088,what?,False,0
1089,"look, there's another one.",False,0
1090,this is the only hook with a string on it.,False,0
1091,you're a big girl?,False,0
1092,what about Investigator?,False,0
1093,is she a girl or a boy?,False,0
1094,girl or boy?,False,0
1095,what's Daddy?,True,1
1096,Daddy's a boy.,False,0
1097,Daddy's a big boy.,False,0
1098,"I think she's inviting you, yes.",False,0
1099,should I come and touch it too?,False,0
1100,"well, I meant to call the library.",False,0
1101,they have story hour for twos every other week and I don't remember,False,0
1102,but I don't think they really open until ten.,False,0
1103,are you putting mail in there again?,False,0
1104,the mailman?,False,0
1105,what does he do?,True,1
1106,he brings the mail.,False,0
1107,mm hmm.,False,0
1108,he's outside.,False,0
1109,and he brings the mail and he puts it just outside our door.,False,0
1110,who usually brings it in?,True,1
1111,"well, the mailman brings it to our house.",False,0
1112,"he brings the mail for you and the mail for me, and the mail for",False,0
1113,"we even have a mailman who's not a man, we have a mailwoman.",True,1
1114,a mailperson.,False,0
1115,"you're right, the mailman brings the mail.",False,0
1116,do you get mail?,False,0
1117,lots?,False,0
1118,yeah.,False,0
1119,what's that?,True,1
1120,over the edge and down.,False,0
1121,these are Child's special pictures.,False,0
1122,anything can happen to them.,False,0
1123,nothing goes wrong.,False,0
1124,"they fall on the radiator, crisp up.",False,0
1125,where did they go?,True,1
1126,they're right there?,False,0
1127,one is there.,False,0
1128,two.,False,0
1129,"yes, sweetie.",False,0
1130,what do you see?,True,1
1131,you want the pictures up?,False,0
1132,you want me to go get them?,False,0
1133,can you say please?,False,0
1134,ok.,False,0
1135,I'd be glad to.,False,0
1136,"oh my, there they are.",False,0
1137,"you know what I 'm going to do, Child, I 'm going to move this instead of",True,1
1138,you going to go outside?,False,0
1139,it's probably cold.,False,0
1140,we'll have that door open in the summer time.,False,0
1141,but right now it's awfully cold.,False,0
1142,it's even cold out here on the porch.,False,0
1143,snow?,False,0
1144,what are you doing?,True,1
1145,do you want to go out that door?,False,0
1146,"you're blowing you know what I 'm going to do, Child a kiss?",True,1
1147,"boy, what a kiss to get.",False,0
1148,what a kiss!,False,0
1149,pretty wet one.,False,0
1150,that funny?,False,0
1151,do you want to see the string,False,0
1152,what are you doing?,True,1
1153,do you think it could break if you pulled hard enough?,True,2
1154,I 'm not suggesting you try it.,False,0
1155,it wouldn't hurt anything if it did.,True,1
1156,could it break?,False,0
1157,"what, sweetie?",False,0
1158,come see me.,False,0
1159,"oh, you want me to hold you up to see the string.",False,0
1160,is it different now?,False,0
1161,yeah.,False,0
1162,"lower lower and lower, oop!",False,0
1163,"lower and lower and lower, oop!",False,0
1164,you're a big girl?,False,0
1165,"lower and lower and lower and lower, oop!",False,0
1166,"that's the end of the string, there's the end of the string.",False,0
1167,"there, you got it.",False,0
1168,you must be a big girl to reach up to that string.,False,0
1169,"and lower, you're getting littler, and littler, and little.",False,0
1170,"and you're only this tall, you cann't reach the string.",False,0
1171,you want to be a big girl again?,False,0
1172,that string.,False,0
1173,yeah.,False,0
1174,what about now!,False,0
1175,you're upside down.,False,0
1176,"oh, upside down.",False,0
1177,hmm?,False,0
1178,what do you want me to do?,True,1
1179,yes?,False,0
1180,hair in your eyes?,False,0
1181,do you need a haircut?,False,0
1182,do you think we should get your hair cut soon?,False,0
1183,where else do we cut?,True,1
1184,juice?,False,0
1185,"oh, haircut juice, yeah, they wash your hair to get it wet.",False,0
1186,you cut your hand once.,False,0
1187,haircut juice in your hand?,False,0
1188,what kind of juice was it?,True,1
1189,was it water?,False,0
1190,shampoo?,False,0
1191,yick.,False,0
1192,"oh, that's right, you put shampoo in your hand when you wash your own.",True,1
1193,I help.,False,0
1194,I 'm the one who needs a haircut.,True,1
1195,yeah.,False,0
1196,I've been talking about that.,False,0
1197,haircut.,False,0
1198,uh oh.,False,0
1199,who do you want to help you?,True,1
1200,your mommy.,False,0
1201,do you want some help?,False,0
1202,yeah yeah yeah yeah.,False,0
1203,what are you doing?,True,1
1204,you're dancing.,False,0
1205,down?,False,0
1206,"swing, swing, swing, and down.",False,0
1207,dancing.,False,0
1208,hopping?,False,0
1209,jumping.,False,0
1210,"oh, good.",False,0
1211,you doing some jumping?,False,0
1212,you want me to jump too?,False,0
1213,how many jumps do you want to do?,True,1
1214,"one, two.",False,0
1215,how many jumps?,False,0
1216,one.,False,0
1217,how many is that?,True,1
1218,"three, four, five, six, seven, eight, nine",False,0
1219,ten.,False,0
1220,"there's ten jumps, oh.",False,0
1221,"jumping, jump, jump, jump, jump.",False,0
1222,you want me to jump too?,False,0
1223,"oh, how many jumps?",False,0
1224,two,False,0
1225,"do you hear the windows, we're making the whole house shake.",False,0
1226,we're making the whole house shake.,False,0
1227,do you want that door open?,False,0
1228,turn the knob and push.,False,0
1229,New Investigator.,False,0
1230,"can we go back in the warm room, please?",False,0
1231,no.,False,0
1232,"our time is up, my toes are so cold.",False,0
1233,that's enough.,False,0
1234,oh my.,False,0
1235,"oh, the oranges.",False,0
1236,lunchtime.,False,0
1237,orange for lunch.,False,0
1238,yeah.,False,0
1239,yes please?,False,0
1240,a nice way *NULL* to ask.,True,1
1241,say please.,False,0
1242,"please, you'll get an orange for lunch.",False,0
1243,when I give you an orange what do you say?,True,2
1244,thank you.,False,0
1245,you're welcome.,False,0
1246,"oh no, that's probably not a good",False,0
1247,"where are you going, Child?",True,1
1248,do you want an orange now?,False,0
1249,if you have one now you cann't have one for lunch.,True,1
1250,that makes it very hard.,False,0
1251,or dinner.,False,0
1252,or dinner.,False,0
1253,only one orange a day.,False,0
1254,"very sad, very sad.",False,0
1255,do you want to show Investigator your teacups?,False,0
1256,where are they?,True,1
1257,"they used to be on the counter, but I put them away.",False,0
1258,they're in your house.,False,0
1259,there are three cups there,False,0
1260,"one, two, three, four.",False,0
1261,why don't you get them out?,True,1
1262,no?,False,0
1263,you want to make cookies now?,False,0
1264,"oh, we're not going to do pennies now.",False,0
1265,we're not doing pennies now.,False,0
1266,uhuh.,False,0
1267,uhuh.,False,0
1268,want to make cookies now?,False,0
1269,ok.,False,0
1270,what do you need?,True,1
1271,the board.,False,0
1272,here's a board.,False,0
1273,what else do you need?,True,1
1274,open that.,False,0
1275,what else do you need to make cookies?,True,1
1276,the rolling pin.,False,0
1277,and the cookie cutters.,False,0
1278,you want the cups?,False,0
1279,ok.,False,0
1280,is that it?,False,0
1281,open that?,False,0
1282,two boys?,False,0
1283,show me.,False,0
1284,oh,False,0
1285,that's a boy.,False,0
1286,ok.,False,0
1287,the color.,False,0
1288,"I know, isn't this just",False,0
1289,fluorescence.,False,0
1290,yeah.,False,0
1291,take off from the sweatshirts.,False,0
1292,that's right.,False,0
1293,red.,False,0
1294,very red.,False,0
1295,very red.,False,0
1296,"oh, my.",False,0
1297,snowman.,False,0
1298,we've been making snowmen outside.,False,0
1299,he has hands?,False,0
1300,oh good.,False,0
1301,now he has hands.,False,0
1302,I am a snowman.,False,0
1303,"oh no, that's the I am a pumpkin song.",False,0
1304,I don't know the snowman song.,False,0
1305,they're poems.,False,0
1306,there's a snowman in your poems book.,False,0
1307,that goes there?,False,0
1308,ok.,False,0
1309,in the sugar bowl.,False,0
1310,in the tea cups.,False,0
1311,in the tea pot.,False,0
1312,I think this stuff is addictive.,False,0
1313,yeah.,False,0
1314,"it's so funny, we go to Tot Time, all these mothers with all",False,0
1315,the parents are playing with,False,0
1316,all four of the mothers are sitting there rolling Playdoh and,False,0
1317,what?,False,0
1318,there's a big rolling pin at Tot Time.,False,0
1319,a big one.,False,0
1320,"is it like a Children's Museum type thing, or a",False,0
1321,Tot time?,False,0
1322,it's a play center that the city of Place.,False,0
1323,Santa Claus came to Tot Time.,False,0
1324,and it's not structured at all.,False,0
1325,and you stay with the kids.,False,0
1326,it's just there's a Playdoh corner and an easels and paint corner.,False,0
1327,everything.,False,0
1328,"you pay three dollars, and the kids get apple juice and crackers.",False,0
1329,that's great.,False,0
1330,you meet other mothers and they see other kids and all this stuff.,False,0
1331,"yeah, that's great.",False,0
1332,"they have a, they have a big room for jumping with a swing and a",False,0
1333,"and in the winter when it's too cold for the in the playground,",True,1
1334,Carleton?,False,0
1335,she takes you to the playground sometimes.,False,0
1336,when the weather's nice again we'll be able to go to the playground.,True,1
1337,you can swing.,False,0
1338,it's going to be terrific.,False,0
1339,"look, ssso.",False,0
1340,um hmm?,False,0
1341,a pie?,False,0
1342,a big pie.,False,0
1343,New Investigator made it.,False,0
1344,Investigator's clever.,False,0
1345,"oh, that's delicious.",False,0
1346,"oh, you want to make a teeny pie?",False,0
1347,teeny teeny teeny teeny?,False,0
1348,"hold it, roll out the cookies.",False,0
1349,tea?,False,0
1350,tea and cookies?,False,0
1351,teeteesc?,False,0
1352,teeteesc are cookies.,False,0
1353,ok.,False,0
1354,boom.,False,0
1355,the lid fell off.,False,0
1356,"there I go, thank you.",False,0
1357,"what do you think, Investigator might be thirsty.",True,1
1358,can I have some tea?,False,0
1359,thank you.,False,0
1360,can you pour me some?,False,0
1361,mmm mmm.,False,0
1362,"mmm, that's delicious, Child.",False,0
1363,very good.,False,0
1364,thank you very much.,False,0
1365,spoons?,False,0
1366,should we have spoons?,False,0
1367,ok.,False,0
1368,"thank you, spoon for New Investigator.",False,0
1369,hmm?,False,0
1370,eat it with a spoon?,False,0
1371,what is this that I 'm eating?,True,2
1372,tea?,False,0
1373,"it's delicious, Child.",False,0
1374,hmm.,False,0
1375,it's very good.,False,0
1376,num num num.,False,0
1377,what do you like best to drink?,True,2
1378,tea?,False,0
1379,"Child, would you like a cookie with your tea?",False,0
1380,here's a cookie.,False,0
1381,"what, oh, you're eating that cookie.",False,0
1382,ice cream?,False,0
1383,"oh, you're eating ice cream.",False,0
1384,um.,False,0
1385,that's a treat.,False,0
1386,eat this ice cream?,False,0
1387,who's going to eat that ice cream?,True,1
1388,that ice cream's for you?,False,0
1389,is there any ice cream for me?,False,0
1390,"oh, I 'm disappointed.",False,0
1391,can you find me some ice cream?,False,0
1392,thank you.,False,0
1393,"spoon, it fell over.",False,0
1394,"oh, good, that was wet inside.",False,0
1395,this is really,False,0
1396,slimy Playdoh.,False,0
1397,cookies?,False,0
1398,"oh, it should go back in there?",False,0
1399,you can get it out next time.,False,0
1400,tie?,False,0
1401,eyes?,False,0
1402,ssso.,False,0
1403,what is that?,True,1
1404,I made it.,False,0
1405,New Investigator made it?,False,0
1406,I 'm going to try to call the library and just see if we can.,True,1
1407,"we can, uh, stop now.",False,0
1408,"ok, both side A and B were both Parent Lastname and Child Lastname,",False,0
1409,"yes, it is working.",False,0
1410,it is working.,False,0
1411,see?,False,0
1412,the wheel's turning.,False,0
1413,that means it's working.,False,0
1414,uhhuh.,False,0
1415,what is that?,True,1
1416,do you know what that is?,True,1
1417,"a tape recorder, it's like a radio.",False,0
1418,you can listen to things on it like a radio.,False,0
1419,so you know what else I brought besides.,True,1
1420,a tape player?,False,0
1421,a toy?,False,0
1422,that's a big toy.,False,0
1423,I brought some little toys.,False,0
1424,do you want to see the little toys that I brought?,True,1
1425,yeah?,False,0
1426,they're in this bag here.,False,0
1427,do you want to open it up?,False,0
1428,show your mom what's inside.,True,1
1429,mm.,False,0
1430,tell me what's in there.,True,1
1431,it's for you to play with.,False,0
1432,go ahead.,False,0
1433,sit right down.,False,0
1434,I 'm right here.,False,0
1435,we can look together.,False,0
1436,show them to me.,False,0
1437,take them out of the bag yourself.,False,0
1438,what's in there?,True,1
1439,"well, I'd like to see what's in here.",True,1
1440,is that a bunny?,False,0
1441,what kind of a nose does that bunny have?,True,1
1442,you look at this.,False,0
1443,this is not a bunny.,False,0
1444,this is.,False,0
1445,it looks just like that character in your book.,False,0
1446,what is that?,True,1
1447,"yes, a big nose.",False,0
1448,what kind of animal has such a big nose?,True,1
1449,are you thinking?,False,0
1450,is it an elephant?,False,0
1451,that's familiar now?,False,0
1452,do you want to see some more toys?,False,0
1453,come on.,False,0
1454,come sit up and let's look in here.,False,0
1455,"oh, what is it?",True,1
1456,what is that?,True,1
1457,that's right.,False,0
1458,oh.,False,0
1459,or let me see.,False,0
1460,let me look at this a little more closely.,False,0
1461,does it have wings?,False,0
1462,it has a propeller.,False,0
1463,what happens to that?,True,1
1464,does that go up in the sky?,False,0
1465,what?,False,0
1466,"here, here, let's look at that, let's see.",False,0
1467,does this open up like this?,False,0
1468,now see what happens.,True,1
1469,yeah.,False,0
1470,what's happening to it?,True,1
1471,what's happening?,True,1
1472,tell me what's happening to this.,True,1
1473,you're laying down?,False,0
1474,you're too sleepy to even think about a helicopter?,False,0
1475,you remember.,False,0
1476,oh.,False,0
1477,would you like to look in here?,False,0
1478,more!,False,0
1479,what else?,False,0
1480,look.,False,0
1481,you can put your hands in this bag.,False,0
1482,you can take out anything *NULL* you want.,True,1
1483,all the things are for *NULL* you to look at and play with.,True,2
1484,what is this?,True,1
1485,tell me.,False,0
1486,what is this?,True,1
1487,I like this one.,False,0
1488,hello.,False,0
1489,hi.,False,0
1490,do you want to look at this magazine?,False,0
1491,okay.,False,0
1492,we'll put it aside until you want to see it.,False,0
1493,put it right there.,False,0
1494,let's see what else you have.,True,1
1495,oh!,False,0
1496,"oh, my!",False,0
1497,what is this?,True,1
1498,what's that?,True,1
1499,see that?,False,0
1500,know what this is?,True,1
1501,I like this.,False,0
1502,this is my favorite kind of little animal.,False,0
1503,I think it's a hedgehog.,False,0
1504,"who, who else is a hedgehog?",True,1
1505,Child?,False,0
1506,is this Mrs Piggywinkle?,False,0
1507,what?,False,0
1508,what?,False,0
1509,is it a boat?,False,0
1510,is this a boat?,False,0
1511,what is this?,True,1
1512,look at this.,False,0
1513,quack!,False,0
1514,"there, I'll put all the animals together.",False,0
1515,and then I'll put the modes of transportation together.,False,0
1516,what is that?,True,1
1517,do you know what it is?,True,1
1518,do you know what this is?,True,1
1519,what is this?,True,1
1520,"oh, you have the hiccups.",False,0
1521,what is this?,True,1
1522,woof!,False,0
1523,"do you want a drink, Child?",False,0
1524,what's that?,True,1
1525,"yeah, it's a nice sporty model.",False,0
1526,"I think that one, the doors open.",False,0
1527,"oh, Lou.",False,0
1528,wait.,False,0
1529,let's look at this next.,False,0
1530,let's look at this.,False,0
1531,"you could, you could put your finger in the seat.",False,0
1532,"oh, this is a nice car.",False,0
1533,it's very sporty and the doors open.,False,0
1534,what is it?,True,1
1535,let's look at it a minute.,False,0
1536,hold everything.,False,0
1537,"oh, this is a cement mixer.",False,0
1538,watch.,False,0
1539,watch.,False,0
1540,"this part goes around, and around.",False,0
1541,what else?,False,0
1542,what else is in there?,True,1
1543,what does that say?,True,1
1544,what kind of an animal is that?,True,1
1545,this is a giraffe?,False,0
1546,"what does a, what does it say?",True,1
1547,"right here, on mommy?",False,0
1548,on mommy's ankle?,False,0
1549,uh!,False,0
1550,what is that?,True,1
1551,there's the other one.,False,0
1552,"hi, what are those two?",True,1
1553,do you remember?,False,0
1554,what?,False,0
1555,are they trucks?,False,0
1556,they're special trucks.,False,0
1557,they're called cement mixers.,False,0
1558,I know that's a little hard to remember.,False,0
1559,what is that?,True,1
1560,I don't even know.,False,0
1561,it's some kind of tractor.,False,0
1562,look at that.,False,0
1563,what does it do?,True,1
1564,oh.,False,0
1565,it scoops up the dirt.,False,0
1566,like that.,False,0
1567,and then it moves it to another place.,False,0
1568,"oh, what is that?",True,1
1569,do you know what that is?,True,1
1570,what?,False,0
1571,"no, that's not a giraffe.",False,0
1572,that's a zebra.,False,0
1573,I don't know if you know a zebra.,True,1
1574,it's like a horse but it has black and white stripes.,False,0
1575,what's this?,True,1
1576,let's return to this one.,False,0
1577,what's that?,True,1
1578,that's a horse also.,False,0
1579,what does that horse say?,True,1
1580,that's right.,False,0
1581,oh.,False,0
1582,this is what I like.,True,1
1583,that's a tow truck.,False,0
1584,let's see if we have a car *NULL* to hook up to it.,True,2
1585,I think the hook came off.,False,0
1586,"no, there, the little one.",False,0
1587,"oh, this.",False,0
1588,let's see if that goes on the end.,True,1
1589,we could hook up the truck.,False,0
1590,let's see if I can do it.,True,1
1591,you want to try?,False,0
1592,you know where I think it goes?,True,1
1593,right there on the wheel?,False,0
1594,is that where you think the hook goes?,True,1
1595,see if it fits.,True,1
1596,it's hard?,False,0
1597,do you want me to try to put it somewhere?,False,0
1598,okay.,False,0
1599,let me see if I can do it.,True,1
1600,I think it goes in here.,False,0
1601,this is what I think.,True,1
1602,"okay, you could try it.",False,0
1603,maybe you can put it in there.,False,0
1604,let's see.,False,0
1605,okay.,False,0
1606,wanted to see if we could hook up the car.,True,1
1607,do it this way.,False,0
1608,"no, that hook doesn't hold it.",False,0
1609,"that's a sports car, Lou.",False,0
1610,I think that hook goes on the big yellow truck.,False,0
1611,which?,False,0
1612,the one that's upside down.,True,1
1613,oh!,False,0
1614,this is a crane.,False,0
1615,"see, we don't know that much about trucks, do we?",False,0
1616,we don't know where everything goes.,True,1
1617,uh.,False,0
1618,maybe that's backwards.,False,0
1619,there we go.,False,0
1620,what would you like to hook up to that?,True,1
1621,you want to see if it could hold the car?,True,1
1622,and what will happen when it drives away?,True,2
1623,right to the duck.,False,0
1624,and what does the duck say?,True,1
1625,quack!,False,0
1626,want to hear it?,False,0
1627,it's a sweet little duck.,False,0
1628,what're you doing?,True,1
1629,watching?,False,0
1630,what is the dog watching?,True,1
1631,oh.,False,0
1632,what's the dog going to say?,True,1
1633,what is it?,True,1
1634,does the dog want something?,False,0
1635,what?,False,0
1636,what does he want?,True,1
1637,is he.,False,0
1638,is he sleepy?,False,0
1639,is he a tired dog?,False,0
1640,or is he a hungry dog?,False,0
1641,"oh, he's sleeping now?",False,0
1642,he's had enough sleep?,False,0
1643,and now he's waking up?,False,0
1644,okay.,False,0
1645,hi.,False,0
1646,"hi, doggie.",False,0
1647,does the dog have a name?,False,0
1648,what?,False,0
1649,what's the dog's name?,True,1
1650,what?,False,0
1651,picking up the dirt?,False,0
1652,raking it up.,False,0
1653,that's a special kind of a truck that could rake the dirt.,True,1
1654,the truck has wheels?,False,0
1655,you know what it has?,True,1
1656,it has these wheels underneath but this is called a caterpillar.,False,0
1657,like your furry eyebrows.,False,0
1658,it's a special kind of a wheel *NULL* called a caterpillar.,True,1
1659,you want the dog to drive the truck?,False,0
1660,oh.,False,0
1661,does he like the duck?,False,0
1662,are they friends?,False,0
1663,they're not friends?,False,0
1664,they just know each other?,False,0
1665,"oh, what's he saying?",True,1
1666,"oh, what's the zebra doing?",True,1
1667,right there?,False,0
1668,what is that?,True,1
1669,is that a jeep?,False,0
1670,you put the hook in the jeep there?,False,0
1671,"here, you dropped that.",False,0
1672,yeah.,False,0
1673,you can put that where you want to.,True,1
1674,does it open?,False,0
1675,you can just slip it right in.,False,0
1676,you want me to help you?,False,0
1677,okay.,False,0
1678,"okay, do you want it in here?",False,0
1679,on the seats?,False,0
1680,okay.,False,0
1681,there.,False,0
1682,oop!,False,0
1683,it flipped right out.,False,0
1684,what if we put it in that way?,True,1
1685,there you go.,False,0
1686,"there it is, okay?",False,0
1687,which one is upside down?,True,1
1688,over where?,False,0
1689,in front of you?,False,0
1690,in front of mommy?,False,0
1691,what do you want mommy to do with them?,True,1
1692,all for you?,False,0
1693,you can have em.,False,0
1694,they're for *NULL* you to play with.,True,1
1695,for mommy?,False,0
1696,"well, thank you, I'll play with them over here.",False,0
1697,there's a few other toys for *NULL* you to look at over here.,True,1
1698,really?,False,0
1699,what do you want mommy to do with these toys?,True,1
1700,come.,False,0
1701,put them all together?,False,0
1702,here.,False,0
1703,"oh, take that one.",False,0
1704,you can take the helicopter.,False,0
1705,did you ever see a helicopter in the sky?,False,0
1706,uh.,False,0
1707,what's happening?,True,1
1708,what's happening?,True,1
1709,"oh, let me get my foot out of here.",False,0
1710,okay.,False,0
1711,what's that?,True,1
1712,you were sitting on the truck?,False,0
1713,the fire truck.,False,0
1714,what's this?,True,1
1715,do you know what this part is?,True,1
1716,what is it?,True,1
1717,it's called a,False,0
1718,a ladder.,False,0
1719,I don't know if you know that.,True,1
1720,a ladder.,False,0
1721,that's right.,False,0
1722,more?,False,0
1723,"well, you know what?",False,0
1724,we still have this book *NULL* to look at.,True,1
1725,let's look at the book together.,False,0
1726,you want to come sit next to momma?,False,0
1727,no more?,False,0
1728,well.,False,0
1729,they're all here.,False,0
1730,all out.,False,0
1731,"they're soft, these little guys.",False,0
1732,they make a nice little noise.,False,0
1733,they're chirping.,False,0
1734,you want the horse to stand?,False,0
1735,the rug is a little bumpy.,False,0
1736,it's hard for him to stand.,False,0
1737,maybe you want to try and put them on the floor.,False,0
1738,okay?,False,0
1739,you could put them on the floor right on the edge.,False,0
1740,you going to move them all over?,False,0
1741,okay.,False,0
1742,here.,False,0
1743,the hook fell out of the jeep.,False,0
1744,what other one?,False,0
1745,the horse goes in the truck?,False,0
1746,okay.,False,0
1747,what does the horse do in the truck?,True,1
1748,he's eating?,False,0
1749,is he eating the truck?,False,0
1750,hmm.,False,0
1751,good.,False,0
1752,he's full now?,False,0
1753,is he happy?,False,0
1754,is he sleepy?,False,0
1755,"yes, he's standing.",False,0
1756,you want to stop to change her?,False,0
1757,"yeah, if you don't mind.",True,1
1758,"you need a clean diaper, babe.",False,0
1759,you're all wet.,False,0
1760,that's her blanket?,False,0
1761,is she going to go back to sleep?,False,0
1762,no?,False,0
1763,she's awake now?,False,0
1764,why don't you show her the toys?,True,1
1765,tell her what they are.,True,1
1766,tell her.,False,0
1767,you can tell her what each one is.,True,1
1768,show her Mrs Piggywinkle.,False,0
1769,show her that little hedgehog.,False,0
1770,what's that?,True,1
1771,a mouse!,False,0
1772,what noise does it make?,True,1
1773,it sounds like a mouse.,False,0
1774,what else can you show the doll?,True,1
1775,what else can you show Chica?,True,1
1776,you crawling?,False,0
1777,what're ya doing?,True,1
1778,oh.,False,0
1779,you want to look at this book?,False,0
1780,you want to come read this with momma?,False,0
1781,this is a good book.,False,0
1782,this book has something in it that you know and love.,True,2
1783,what is that?,True,1
1784,that's right.,False,0
1785,that's right.,False,0
1786,this book has pictures of lots of things.,False,0
1787,come.,False,0
1788,is that a giraffe?,False,0
1789,it's a horse.,False,0
1790,you knew that.,False,0
1791,"neigh, right?",False,0
1792,"and it lifts up its paw, right?",False,0
1793,come sit down.,False,0
1794,let's look at this book.,False,0
1795,but there's lots of things in here *NULL* to look at.,True,1
1796,"uh, what's this?",True,1
1797,these are things *NULL* you know.,True,1
1798,do you know what they are?,True,1
1799,"what, what are they called?",True,1
1800,that's right.,False,0
1801,what's that?,True,1
1802,mhm.,False,0
1803,what's this?,True,1
1804,that's right.,False,0
1805,let's look some more.,False,0
1806,"these are colors, right?",False,0
1807,what color is that?,True,1
1808,and what color is that?,True,1
1809,sort of.,False,0
1810,it's orange.,False,0
1811,that looks like orange.,False,0
1812,what color is this?,True,1
1813,that's right.,False,0
1814,"oh, this is one of your favorite colors.",False,0
1815,that's right.,False,0
1816,that's right.,False,0
1817,what's this?,True,1
1818,yeah.,False,0
1819,um.,False,0
1820,"oop, what about these?",False,0
1821,"it's, well, it's like a corn, it's a vegetable.",False,0
1822,it's peas.,False,0
1823,right.,False,0
1824,"do you and Annie sing a song, Goober_Peas?",False,0
1825,you want to sing that song?,False,0
1826,sing it.,False,0
1827,"peas, peas, peas, peas",False,0
1828,"oh, come here.",False,0
1829,come over here and let's look some more.,False,0
1830,here's some things *NULL* you like to look at.,True,1
1831,"here, this is a good book.",False,0
1832,what about these?,False,0
1833,what are these?,True,1
1834,and what's that?,True,1
1835,oops!,False,0
1836,Marco got scared.,False,0
1837,Marco jumped.,False,0
1838,something happened.,False,0
1839,what's this?,True,1
1840,what's this?,True,1
1841,I think she stepped on something and it moved.,False,0
1842,she stepped on that.,False,0
1843,"oh, he stepped on the bottle and it rolled.",False,0
1844,it surprised him.,False,0
1845,"I don't think he got hurt, I just think he got a little startled.",False,0
1846,I think he got a little scared.,False,0
1847,he's playing with the car?,False,0
1848,you don't want Marco to have the car?,False,0
1849,why not?,False,0
1850,"oh, Child.",False,0
1851,look through and see the other ones that you like.,True,1
1852,let's put this out of the way so you have some room.,False,0
1853,now make it go.,False,0
1854,it fell out of the jeep?,False,0
1855,is that a jeep?,False,0
1856,or a tow truck.,False,0
1857,what're you doing?,True,1
1858,you putting in the hook?,False,0
1859,yeah?,False,0
1860,you digging up the dirt?,False,0
1861,are you planting a garden?,False,0
1862,the man is?,False,0
1863,what?,False,0
1864,does that dog have a name?,False,0
1865,what's that dog's name?,True,1
1866,what do you call that dog?,True,1
1867,yeah?,False,0
1868,woofwoofo?,False,0
1869,what're you doing?,True,1
1870,oop.,False,0
1871,can you put it back?,False,0
1872,does that go back in?,False,0
1873,does that ladder go back in?,False,0
1874,do you need some help to put it together?,False,0
1875,let's see how it goes.,True,1
1876,are you ready to take them out?,False,0
1877,yeah.,False,0
1878,you want to look at this book with me?,False,0
1879,hi.,False,0
1880,do you want to look at this book?,False,0
1881,here.,False,0
1882,what's this?,True,1
1883,"I want you to look at this, because this is something *NULL* you'll",True,1
1884,"do you know what that is, if I tell you that name?",True,2
1885,it's an eagle.,False,0
1886,did you see an eagle?,False,0
1887,"that's a guitar, but I was asking you if you saw an eagle, with",True,1
1888,you don't remember?,False,0
1889,what's that?,True,1
1890,that's right.,False,0
1891,what's that?,True,1
1892,a hotdog.,False,0
1893,did you ever have a hotdog?,False,0
1894,"come, let's look at this book.",False,0
1895,sit down next to me.,False,0
1896,come.,False,0
1897,sit next to me.,False,0
1898,let's look at all these things.,False,0
1899,"oh, okay.",False,0
1900,shall we open this book?,False,0
1901,okay.,False,0
1902,"no, not now?",False,0
1903,yeah.,False,0
1904,that's a traffic light.,False,0
1905,"you recognize that, when we drive to school?",True,1
1906,does momma stop at the traffic lights?,False,0
1907,and where else do I stop?,True,1
1908,at the,False,0
1909,what is that?,True,1
1910,a,False,0
1911,stop sign.,False,0
1912,what's that?,True,1
1913,that's a nail.,False,0
1914,a nail or a screw.,False,0
1915,"we'll, we'll let the machine pick up that telephone for us.",False,0
1916,what are these?,True,1
1917,right.,False,0
1918,what color is that?,True,1
1919,what is that?,True,1
1920,and do you recognize these?,False,0
1921,look.,False,0
1922,that's the machine.,False,0
1923,you hear that?,False,0
1924,what about this color?,False,0
1925,what about that color?,False,0
1926,peas.,False,0
1927,what about this color?,False,0
1928,"hmm, I don't know if you know that.",True,1
1929,and do you know what those are?,True,1
1930,it's a kind of fruit.,False,0
1931,plums.,False,0
1932,those are plums.,False,0
1933,"yeah, what color is that pine cone?",True,1
1934,it's brown.,False,0
1935,do you recognize brown?,False,0
1936,no?,False,0
1937,what about this?,False,0
1938,what's that?,True,1
1939,a a bunny!,False,0
1940,okay.,False,0
1941,let's go on.,False,0
1942,let's look at some more pictures.,False,0
1943,"what's, what's that?",True,1
1944,is that a?,False,0
1945,no.,False,0
1946,is that a?,False,0
1947,yes.,False,0
1948,is that a?,False,0
1949,no.,False,0
1950,is that a?,False,0
1951,yes!,False,0
1952,what is this?,True,1
1953,is that a?,False,0
1954,the boy's,False,0
1955,esac?,False,0
1956,what's esac?,True,1
1957,shoes.,False,0
1958,what's that?,True,1
1959,what's that?,True,1
1960,what is that?,True,1
1961,that's right.,False,0
1962,that's what we use when we go outside and it's raining.,True,2
1963,how about this?,False,0
1964,this is for when it's sunny.,True,1
1965,what is it?,True,1
1966,"sunglasses, that's right.",False,0
1967,do you wear sunglasses?,False,0
1968,"yes, you have pink ones, that's right.",False,0
1969,what about this?,False,0
1970,you know what this is?,True,1
1971,what?,False,0
1972,"oh, you need a tissue.",False,0
1973,"come on, let's blow your nose.",False,0
1974,"you can blow your own nose, if you don't want me to do it, but you",True,1
1975,okay.,False,0
1976,"uh, what's this?",True,1
1977,"you know, this is a nice thing, because you like to wear it.",False,0
1978,you know what that is?,True,1
1979,what is that?,True,1
1980,do you want me to tell you?,False,0
1981,or do you know?,False,0
1982,that's a robe.,False,0
1983,do you have a robe?,False,0
1984,"do you, when do you wear your robe?",True,1
1985,ah.,False,0
1986,look at all these toys.,False,0
1987,what are these things?,True,1
1988,what's this?,True,1
1989,what are those?,True,1
1990,are those marbles?,False,0
1991,you were thinking of marbles?,False,0
1992,where did you play with marbles?,True,1
1993,did you play with marbles with cousin George?,False,0
1994,that's funny?,False,0
1995,it is funny.,False,0
1996,ha ha.,False,0
1997,what about this?,False,0
1998,what's this?,True,1
1999,a bear.,False,0
2000,it's a sweet bear.,False,0
2001,and,False,0
2002,"is it a real girl, or",False,0
2003,a pie?,False,0
2004,"it's not a pie, it's a doll.",False,0
2005,a doll.,False,0
2006,what about these?,False,0
2007,what are those?,True,1
2008,you play with them in school?,False,0
2009,do you recognize them?,False,0
2010,that's right.,False,0
2011,what are they?,True,1
2012,that's right.,False,0
2013,"and it's true, you have them at grandma's house.",False,0
2014,what's that?,True,1
2015,these?,False,0
2016,what are they?,True,1
2017,"aw, you like those marbles.",False,0
2018,where are they?,True,1
2019,are they in cousin George's house?,False,0
2020,are they in his bedroom?,False,0
2021,where does he keep them?,True,1
2022,do you remember?,False,0
2023,where?,False,0
2024,in his drawer?,False,0
2025,"does he open his dresser, and inside are all the marbles?",False,0
2026,you remember that?,False,0
2027,what did you do with his marbles?,True,1
2028,what?,False,0
2029,that's right.,False,0
2030,and inside were the marbles.,False,0
2031,open the drawer?,False,0
2032,you want to turn the page?,False,0
2033,"oh, my.",False,0
2034,you tell me.,False,0
2035,what is that?,True,1
2036,you know what that is.,True,1
2037,"a stove, that's right.",False,0
2038,and what's this part?,True,1
2039,is there a?,False,0
2040,an elephant in your kitchen?,False,0
2041,is there an oven in your kitchen?,False,0
2042,is there a?,False,0
2043,"yeah, and a?",False,0
2044,and a,False,0
2045,in your kitchen.,False,0
2046,is there a?,False,0
2047,in your kitchen?,False,0
2048,what kind of cup is this?,True,1
2049,what do you drink out of that cup?,True,1
2050,what does mommy and daddy drink out of that cup?,True,1
2051,I don't know if you know what that is.,True,2
2052,that's a funnel.,False,0
2053,we have a funnel in the kitchen.,False,0
2054,do you know what a funnel is?,True,1
2055,when we pour.,True,1
2056,we pour something from one bottle to another bottle.,False,0
2057,we use the funnel.,False,0
2058,do you know?,False,0
2059,what's that?,True,1
2060,it's a ladle.,False,0
2061,when do I use that?,True,1
2062,when I serve you some soup?,True,1
2063,I give it to you in a ladle.,False,0
2064,what's this?,True,1
2065,"yeah, and what are these?",True,1
2066,that part.,False,0
2067,do you know what that's called?,True,1
2068,is that the faucet?,False,0
2069,do you remember?,False,0
2070,the faucet.,False,0
2071,what is this?,True,1
2072,what's in the refrigerator?,True,1
2073,"yeah, Carposi.",False,0
2074,that's watermelon.,False,0
2075,that's Greek for watermelon.,False,0
2076,"oh, look at all this food.",False,0
2077,what's that?,True,1
2078,"see, that's a bigger picture.",False,0
2079,what?,False,0
2080,they're cutting that?,False,0
2081,what is it?,True,1
2082,and what are they cutting?,True,1
2083,do you know what that is?,True,1
2084,mm.,False,0
2085,does that look like a pumpkin?,False,0
2086,"is that bread, *NULL* to make a sandwich?",True,1
2087,oh.,False,0
2088,"yes, mushrooms.",False,0
2089,what else do you see?,True,1
2090,these are all vegetables.,False,0
2091,what else?,False,0
2092,and,False,0
2093,what is that?,True,1
2094,that's an apple.,False,0
2095,all different fruits.,False,0
2096,what are these?,True,1
2097,"and what, what are these?",True,1
2098,"they look like peas, but they're grapes.",False,0
2099,you remember grapes?,False,0
2100,you like grapes.,False,0
2101,yeah.,False,0
2102,do you recognize?,False,0
2103,"oh, here.",False,0
2104,do you recognize this?,False,0
2105,what is it?,True,1
2106,what is that?,True,1
2107,you relaxing?,False,0
2108,let's take another look.,False,0
2109,"oh, Child, I want to show you one more thing *NULL* I know that you like.",True,1
2110,do you recognize that?,False,0
2111,mm.,False,0
2112,it's hard to tell from this picture.,False,0
2113,it does look like a peach.,False,0
2114,but you know what it is?,True,1
2115,"it's a picture of cheese, with red",False,0
2116,what's around it?,True,1
2117,what's around it?,True,1
2118,what do you like to peel off?,True,1
2119,the wax.,False,0
2120,remember?,False,0
2121,and what do I do with the wax?,True,1
2122,what do I do with the wax?,True,1
2123,I throw it away.,False,0
2124,or I make it into a,False,0
2125,ball.,False,0
2126,right?,False,0
2127,I make a ball with it for you.,False,0
2128,look at all these.,False,0
2129,"yeah, they look like the toys that Investigator brought.",True,1
2130,what are they?,True,1
2131,come.,False,0
2132,"that's your toy, huh?",False,0
2133,it's a big toy.,False,0
2134,let's look at these toys.,False,0
2135,you have it?,False,0
2136,it's heavy?,False,0
2137,"well, push it over here.",False,0
2138,show me what you do with that.,True,1
2139,what do you do with those guys?,True,1
2140,what color is that?,True,1
2141,tell me.,False,0
2142,that's right.,False,0
2143,and?,False,0
2144,which one is red?,True,1
2145,"that's right, that's right.",False,0
2146,what other colors?,False,0
2147,tell me the colors.,False,0
2148,what else?,False,0
2149,put it down if it's heavy.,True,1
2150,you know what you can do if you want?,True,3
2151,you can take the other toys out of the bag.,False,0
2152,what is that?,True,1
2153,who?,False,0
2154,that's a couch.,False,0
2155,let's look in here.,False,0
2156,I want to see what's in here.,True,1
2157,oh.,False,0
2158,"Katie, Kit, and Cousin Tom.",False,0
2159,let's look at these toys.,False,0
2160,"oh, I see somebody.",False,0
2161,who's in there?,True,1
2162,what does that duck say?,True,1
2163,"quack, quack, quack.",False,0
2164,who else is in there?,True,1
2165,what else?,False,0
2166,what is that?,True,1
2167,what?,False,0
2168,do you remember?,False,0
2169,let's see if there's a picture of that.,True,1
2170,oh.,False,0
2171,no.,False,0
2172,that's called a tow truck.,False,0
2173,did you see tow trucks in the gas station?,False,0
2174,when we brought the car in.,True,1
2175,they had tow trucks.,False,0
2176,what's that?,True,1
2177,mommy likes this one.,False,0
2178,this is,False,0
2179,yeah.,False,0
2180,let's find,False,0
2181,"what, what truck does that go on?",True,1
2182,I'll see if I can put it back.,True,1
2183,find me the truck that that ladder goes on.,True,1
2184,yeah.,False,0
2185,what kind of a truck is that?,True,1
2186,red.,False,0
2187,"okay, let's see if I can fix it.",True,1
2188,you can look at the rest of the toys while I try and fix it.,False,0
2189,"is that a rabbit, with a big long nose like that?",False,0
2190,elephant.,False,0
2191,"that's right, like Babar.",False,0
2192,what does he say?,True,1
2193,is he giving you a little kiss?,False,0
2194,he's very nice.,False,0
2195,what d ja find?,True,1
2196,what is that?,True,1
2197,"is this a truck, another truck?",False,0
2198,this is called a crane.,False,0
2199,"oh, I remember those.",False,0
2200,what are they?,True,1
2201,how many are there?,True,1
2202,"okay, these are cement mixers.",False,0
2203,oh.,False,0
2204,that's right.,False,0
2205,those are special wheels.,False,0
2206,do you remember what they're called?,True,1
2207,what?,False,0
2208,the ground?,False,0
2209,they're called caterpillars.,False,0
2210,okay.,False,0
2211,you want to try to make the horse stand up?,False,0
2212,stick it in there.,False,0
2213,let's stick it in.,False,0
2214,"oh, he's falling over.",False,0
2215,he's going to lean on my foot.,False,0
2216,okay?,False,0
2217,is that okay?,False,0
2218,what shall I do?,True,1
2219,help you open it?,False,0
2220,"yeah, get em.",False,0
2221,take all the toys.,False,0
2222,what do you want me to help you with?,True,1
2223,there.,False,0
2224,we opened up the bag.,False,0
2225,both?,False,0
2226,"shall they stand, stand next to each other?",False,0
2227,it's hard for them to stand alone.,False,0
2228,"oh, something else came out.",False,0
2229,two things.,False,0
2230,yeah.,False,0
2231,all gone.,False,0
2232,everything is out of the bag.,False,0
2233,"we'll put the bag over here, like that.",False,0
2234,you see?,False,0
2235,is the bag empty?,False,0
2236,what do you got?,True,1
2237,yeah.,False,0
2238,what's that dog say?,True,1
2239,is he sleeping?,False,0
2240,okay.,False,0
2241,"you want the dog to stand up, too?",False,0
2242,"oh, the dog might have to lean on my foot, also, because the rug is",False,0
2243,what do you want me to do with it?,True,1
2244,"oh, the same way?",False,0
2245,"do you remember this, what this is called?",True,1
2246,what?,False,0
2247,"uh, that's a truck.",False,0
2248,a cement mixer.,False,0
2249,which one?,False,0
2250,that jeep?,False,0
2251,I don't think there are any other cars.,False,0
2252,the fire engine?,False,0
2253,do you remember what you can do with that car?,True,1
2254,you can open the doors on that car.,False,0
2255,you want the doors open?,False,0
2256,"here, I'll open one, and you can open the other.",False,0
2257,you just open them.,False,0
2258,all open.,False,0
2259,yeah.,False,0
2260,can you do it?,False,0
2261,"it's hard, I know.",False,0
2262,"here, try it again.",False,0
2263,"put your finger in there, and pull.",False,0
2264,hard.,False,0
2265,there!,False,0
2266,what a fancy sports car.,False,0
2267,can any of those animals fit in the car?,False,0
2268,which one is that?,True,1
2269,what?,False,0
2270,I don't know.,False,0
2271,"you remember last time *NULL* it wasn't in here, was it?",True,1
2272,that's good.,False,0
2273,now the car's ready for driving.,False,0
2274,that's right.,False,0
2275,what kind is this?,True,1
2276,do you remember this one?,False,0
2277,this is the other car.,False,0
2278,right?,False,0
2279,"this is the sports car, and this is a jeep.",False,0
2280,"this is for *NULL* driving in mountains, when you go to the country, right?",True,2
2281,over some rough terrain.,False,0
2282,what are you doing?,True,1
2283,you put the hook in?,False,0
2284,does that car have a flat tire?,False,0
2285,is that why you put that hook there?,True,1
2286,empty.,False,0
2287,what?,False,0
2288,"here it is, it's all the way in here.",False,0
2289,you have to get it out of there.,False,0
2290,what are you doing?,True,1
2291,are you shaking your head?,False,0
2292,you shaking your head?,False,0
2293,shaking your hair in your face.,False,0
2294,shake shake shake?,False,0
2295,what is that?,True,1
2296,is that a pig?,False,0
2297,that one?,False,0
2298,that's a big toy.,False,0
2299,"it is, isn't it?",False,0
2300,is there a fire there now?,False,0
2301,rocking chair?,False,0
2302,is that your rocking chair?,False,0
2303,when do you like to rock in it?,True,1
2304,you like it right there?,False,0
2305,come here.,False,0
2306,let's look at some of these pictures.,False,0
2307,look at all these animals.,False,0
2308,that?,False,0
2309,"yeah, that's Babar.",False,0
2310,what about this?,False,0
2311,you know what this is?,True,1
2312,where are you?,True,1
2313,what do you have there?,True,1
2314,you want to play the piano for Investigator?,False,0
2315,can you play it?,False,0
2316,how does it work?,True,1
2317,"oh, I don't know how this works.",True,1
2318,can you tell me?,False,0
2319,tell me how that works.,True,1
2320,"we could save this right here, until you finish with the piano.",False,0
2321,show Investigator how to play the piano.,True,1
2322,you have to show her.,False,0
2323,she doesn't know how to play your piano.,True,1
2324,it's heavy?,False,0
2325,"now, show Investigator how to play.",True,1
2326,tell her what the colors are.,True,1
2327,show her what to do.,True,1
2328,what do you do with those?,True,1
2329,that's purple.,False,0
2330,mhm.,False,0
2331,which one is orange?,True,1
2332,that's right.,False,0
2333,what are the other colors?,True,1
2334,what is that?,True,1
2335,that's right.,False,0
2336,do you have red?,False,0
2337,is there a red key?,False,0
2338,red.,False,0
2339,what about pink?,False,0
2340,I don't know if you know pink.,True,1
2341,"pink, it's near the red, next to the red one.",False,0
2342,pink!,False,0
2343,"yeah, come sit down.",False,0
2344,are you sitting on the piano?,False,0
2345,what?,False,0
2346,how do you play it?,True,1
2347,what about those guys?,False,0
2348,do you hit it with your finger?,False,0
2349,is that how you play it?,True,1
2350,oops.,False,0
2351,toes.,False,0
2352,do you play the piano with your feet?,False,0
2353,that's silly.,False,0
2354,can you play a song?,False,0
2355,come.,False,0
2356,can you play a song?,False,0
2357,good.,False,0
2358,try and play.,False,0
2359,it's hard?,False,0
2360,you know how to play some music.,True,1
2361,come on.,False,0
2362,you don't feel like playing the piano right now?,False,0
2363,you want to put it away?,False,0
2364,"go ahead, put it away.",False,0
2365,then we can look at all these animals.,False,0
2366,you have a runny nose today.,False,0
2367,let me wipe your nose.,False,0
2368,where's the elephant?,True,1
2369,"well, come here, I'll show you.",False,0
2370,you don't like this?,False,0
2371,you want to look at a different page?,False,0
2372,"what other one, sweetie pie?",False,0
2373,what's this?,True,1
2374,you don't want this?,False,0
2375,"okay, put it away.",False,0
2376,you want to put it back in the bag?,False,0
2377,what do you want to do with it?,True,1
2378,what elephant?,False,0
2379,this one?,False,0
2380,this one?,False,0
2381,this little elephant?,False,0
2382,what?,False,0
2383,I didn't understand what you said.,True,1
2384,what was that?,True,1
2385,you're sitting down?,False,0
2386,where are you sitting?,True,1
2387,take a look at that.,False,0
2388,no.,False,0
2389,what do you want?,True,1
2390,okay.,False,0
2391,come here.,False,0
2392,Katie and Kit were playing happily.,False,0
2393,what were they playing with?,True,1
2394,"and Katie and Kit, what are they?",True,1
2395,what kind of animals are they?,True,1
2396,Kit.,False,0
2397,kittens.,False,0
2398,do they have a tail?,False,0
2399,then cousin,False,0
2400,"no, this is the cousin.",False,0
2401,"this is Kit, and this is Katie.",False,0
2402,Cousin Tom.,False,0
2403,Cousin Tom arrived.,False,0
2404,he's big.,False,0
2405,this is him.,False,0
2406,let's go on the,False,0
2407,said Katie to Kit.,False,0
2408,going on the seesaw with Tom wasn't any fun.,False,0
2409,"let's play with our pedal car, said",False,0
2410,Katie.,False,0
2411,"she's in, what is she in?",True,1
2412,a little car.,False,0
2413,"I want to drive your car, said Tom.",False,0
2414,"you're too big, said",False,0
2415,you willn't,False,0
2416,right.,False,0
2417,Tom tried to climb into the,False,0
2418,"no, what's that?",True,1
2419,that's a car.,False,0
2420,that's the play car.,False,0
2421,he was stuck.,False,0
2422,can he get out?,False,0
2423,"he's stuck in there, he cann't get out.",False,0
2424,let's go on the,False,0
2425,said Kit.,False,0
2426,"help, cried Tom.",False,0
2427,Tom was stuck.,False,0
2428,"we'll help you, said Katie, if you stop being a bully.",True,1
2429,"they pulled and pulled, until Tom was",False,0
2430,right.,False,0
2431,"until he was finished, and they took him out.",False,0
2432,now let's go on the,False,0
2433,said Katie.,False,0
2434,I'll go first said,False,0
2435,who's that?,True,1
2436,Kit.,False,0
2437,"okay, said",False,0
2438,I'll push.,False,0
2439,right.,False,0
2440,who is that?,True,1
2441,who's pushing Kit?,True,1
2442,"what's that one's name, do you remember?",True,1
2443,that's right.,False,0
2444,that's cousin Tom.,False,0
2445,who's the biggest cat?,True,1
2446,which one is the biggest?,True,1
2447,Katie?,False,0
2448,Katie is the biggest?,False,0
2449,"oh, Tom is the biggest.",False,0
2450,"yeah, she's the big sister.",False,0
2451,the big sister Katie.,False,0
2452,do you want to find something else?,False,0
2453,"again, the same one!",False,0
2454,you tell it to me.,False,0
2455,"well, I don't know where that book is right now.",True,1
2456,I can read it to you in a minute.,False,0
2457,do you want to look at something else?,False,0
2458,what about this one?,False,0
2459,what's this?,True,1
2460,I want to ask you something.,False,0
2461,you don't want that book.,False,0
2462,okay.,False,0
2463,what about this doggie?,False,0
2464,no?,False,0
2465,what do you want?,True,1
2466,you show me what you want.,True,1
2467,would you show Investigator these little peg boards?,False,0
2468,"these tiny,",False,0
2469,what do you do with those?,True,1
2470,go ahead.,False,0
2471,show her.,False,0
2472,"here's a pile of pegs, too.",False,0
2473,here's the airport.,False,0
2474,what're you going to do with them?,True,1
2475,"go ahead, go.",False,0
2476,I 'm making some room for *NULL* you to play here.,True,1
2477,I 'm making some room for you right here.,False,0
2478,okay?,False,0
2479,we'll move some of the trucks.,False,0
2480,and the horses will gallop.,False,0
2481,be_boomo be_boomo be_boomo be_boomo be_boomo.,False,0
2482,be_boomo be_boomo be_boomo be_boomo be_boomo be_boomo.,False,0
2483,"over here, by the trucks, they're going to stand.",False,0
2484,"and now you have some room, *NULL* to do some things with these pegs.",True,1
2485,what?,False,0
2486,yellow.,False,0
2487,what other colors?,False,0
2488,that looks pretty.,False,0
2489,what color is this peg board?,True,1
2490,yeah.,False,0
2491,do you want to make a tower?,False,0
2492,a green book?,False,0
2493,this is red.,False,0
2494,a red peg board.,False,0
2495,that's right.,False,0
2496,why don't you make a tower?,True,1
2497,you have all different color pegs *NULL* to make a tower.,True,1
2498,what're you doing?,True,1
2499,pushing it away with the foot?,False,0
2500,uh oh.,False,0
2501,uh oh?,False,0
2502,what happened?,True,1
2503,"oh, does that elephant bounce?",False,0
2504,what about the rest of those animals?,False,0
2505,where is that hedgehog?,True,1
2506,in where?,False,0
2507,what are you getting?,True,1
2508,"the bunny's going to, you want to lay the bunny down?",False,0
2509,okay.,False,0
2510,what did you throw on the floor?,True,1
2511,what is that?,True,1
2512,what is this?,True,1
2513,what?,False,0
2514,a blanket?,False,0
2515,"oh, you're kissing the bunny.",False,0
2516,"oh, that's very sweet.",False,0
2517,is the bunny taking a nap?,False,0
2518,what's the bunny lying on?,True,1
2519,what?,False,0
2520,the bunny's sleeping?,False,0
2521,so we have to be quiet.,False,0
2522,okay.,False,0
2523,we can talk quietly.,False,0
2524,and we can play quietly.,False,0
2525,yeah.,False,0
2526,do you want to put these toys in the bag?,False,0
2527,oh.,False,0
2528,is Mrs Piggywinkle going in the bag with a pig?,False,0
2529,what is she going to do in there?,True,1
2530,out.,False,0
2531,what are those?,True,1
2532,what are they?,True,1
2533,are they like fur?,False,0
2534,are they like stickers?,False,0
2535,yeah?,False,0
2536,is this animal like a porcupine?,False,0
2537,a porcupine?,False,0
2538,oh!,False,0
2539,it rolled away.,False,0
2540,go get it.,False,0
2541,where are you going?,True,1
2542,go get Mrs Piggywinkle.,False,0
2543,go get that hedgehog.,False,0
2544,hey Child come here.,False,0
2545,look at this one.,False,0
2546,who needs the tissues?,True,1
2547,does daddy need a tissue?,False,0
2548,"Daddy's not here right now, he went on a train.",False,0
2549,"yes, when he comes back you can give him a tissue.",True,1
2550,why does he need a tissue?,True,1
2551,what's the matter with daddy?,True,1
2552,what's the matter?,True,1
2553,he has a cold.,False,0
2554,that's right.,False,0
2555,doctor?,False,0
2556,doctor who?,False,0
2557,"who's, what doctor has a cold?",True,1
2558,doctor who?,False,0
2559,"doctor Lastname, Child's doctor?",False,0
2560,be very quiet.,False,0
2561,"because the bunny's sleeping, you're right.",False,0
2562,it's time for *NULL* the bunny to wake up?,True,1
2563,what?,False,0
2564,there's the bunny?,False,0
2565,is the bunny still sleeping?,False,0
2566,the bunny needs a tissue?,False,0
2567,the bunny has a cold?,False,0
2568,what are you doing?,True,1
2569,is the bunny blowing?,False,0
2570,blowing what?,False,0
2571,how many tissues can one tiny bunny use?,True,1
2572,oh.,False,0
2573,thank you.,False,0
2574,yeah.,False,0
2575,thank you.,False,0
2576,in case we have to blow our nose.,False,0
2577,would you like to blow your nose?,False,0
2578,yeah.,False,0
2579,where're you going?,True,1
2580,come back here.,False,0
2581,run back in the living room.,False,0
2582,you put your hand in my giant boot?,False,0
2583,come back here.,False,0
2584,you want to wear,False,0
2585,what is that?,True,1
2586,what is that?,True,1
2587,does that fit you?,False,0
2588,that fits Child?,False,0
2589,no.,False,0
2590,what about this bunny?,False,0
2591,that's a cute bunny.,False,0
2592,what is that bunny eating?,True,1
2593,he turned the carrot over?,False,0
2594,let's see.,False,0
2595,so he can eat the greens?,False,0
2596,is he eating carrot tops?,False,0
2597,ha ha.,False,0
2598,very funny.,False,0
2599,big joke.,False,0
2600,ha ha.,False,0
2601,what's this here?,True,1
2602,a what?,False,0
2603,orange.,False,0
2604,what is that duck doing?,True,1
2605,what is that duck doing?,True,1
2606,did you fall down?,False,0
2607,did you trip on the cement truck?,False,0
2608,what did you do to that truck?,True,1
2609,go get it.,False,0
2610,where is it?,True,1
2611,where is it?,True,1
2612,come here.,False,0
2613,what?,False,0
2614,right here?,False,0
2615,across?,False,0
2616,you threw it across?,False,0
2617,is this it?,False,0
2618,come here.,False,0
2619,what's this?,True,1
2620,what is that?,True,1
2621,we were just fixing that?,False,0
2622,do you know what that is?,True,1
2623,what is that?,True,1
2624,a lightbulb.,False,0
2625,"bulb, that's right.",False,0
2626,that's what it is.,True,1
2627,what's that?,True,1
2628,is that a television?,False,0
2629,what about that?,False,0
2630,you were talking about that yesterday.,False,0
2631,what is that?,True,1
2632,it's a big vacuum cleaner.,False,0
2633,another what?,False,0
2634,that's right.,False,0
2635,what's this?,True,1
2636,it's the same as that.,False,0
2637,mhm.,False,0
2638,fireplace.,False,0
2639,fireplace is where we put the fire.,True,1
2640,what about that?,False,0
2641,that's right.,False,0
2642,who're you going to call?,True,1
2643,do you want to talk to somebody on the telephone?,False,0
2644,who?,False,0
2645,Grandma who?,False,0
2646,Grandma Lastname.,False,0
2647,"is that grandma Izzy, or your Yaya?",False,0
2648,it's hard?,False,0
2649,pull them apart.,False,0
2650,let go.,False,0
2651,"pull, pull, pull, pull, pull.",False,0
2652,"oh, pull hard.",False,0
2653,want me to help you?,False,0
2654,you pull these.,False,0
2655,uh.,False,0
2656,it popped.,False,0
2657,oh.,False,0
2658,very hard.,False,0
2659,where's the little peg board?,True,1
2660,put them in the peg board.,False,0
2661,these are all pegs?,False,0
2662,what's the bunny doing?,True,1
2663,is he going to eat those pegs?,False,0
2664,another lightbulb?,False,0
2665,Grandpa fixed the light?,False,0
2666,that's right.,False,0
2667,Grandpa helps to fix the light.,False,0
2668,right.,False,0
2669,exactly.,False,0
2670,"let's see if we can find the moon, in the book.",True,1
2671,there's no moon in this book?,False,0
2672,there's one page that might have a moon.,True,1
2673,let's look.,False,0
2674,it's a picture of the great outdoors.,False,0
2675,"no moon, it has a cloud.",False,0
2676,where's the moon?,True,1
2677,what's this?,True,1
2678,it went away?,False,0
2679,maybe it's not dark enough.,False,0
2680,this is the day.,False,0
2681,right?,False,0
2682,the sky's light.,False,0
2683,that's right.,False,0
2684,what else is in this picture?,True,1
2685,what?,False,0
2686,hair?,False,0
2687,where are your ears?,True,1
2688,I cann't see them.,False,0
2689,are they behind your hair?,False,0
2690,move your hair.,False,0
2691,the other way.,False,0
2692,move it back.,False,0
2693,move it to your back.,False,0
2694,"want me to move it back, so you can show her your ears?",False,0
2695,now I see your ears.,False,0
2696,there are your ears.,False,0
2697,there they are.,False,0
2698,"so pretty, so pretty.",False,0
2699,out?,False,0
2700,down?,False,0
2701,like this?,False,0
2702,like that?,False,0
2703,where's Annie?,True,1
2704,where is she?,True,1
2705,there she is.,False,0
2706,who's sleeping?,True,1
2707,Child's going to sleep?,False,0
2708,now you're awake?,False,0
2709,that was a very fast nap.,False,0
2710,get up.,False,0
2711,you can get up there if you want.,True,1
2712,I want to wipe your nose.,False,0
2713,you're awake?,False,0
2714,wake up!,False,0
2715,time *NULL* to wake up.,True,1
2716,would you like some breakfast?,False,0
2717,what would you like for breakfast?,True,1
2718,"oh, come here, come here.",False,0
2719,you would like some tuna?,False,0
2720,for breakfast?,False,0
2721,is that your pocketbook?,False,0
2722,is that Child's purse?,False,0
2723,what do you put in there?,True,1
2724,that's right.,False,0
2725,you heard the train?,False,0
2726,let me see.,False,0
2727,what's in that bag right now?,True,1
2728,where are the crayons?,True,1
2729,"oh, you drew a picture.",False,0
2730,is that what you mean?,True,1
2731,the picture's folded?,False,0
2732,it's closed?,False,0
2733,"do you want me to take it down, so you can look at it?",False,0
2734,"okay, I'll go get it.",False,0
2735,it's right there.,False,0
2736,"here, you hold your purse.",False,0
2737,"okay, I 'm going to get the picture down now.",False,0
2738,"I'll take this picture down too,.",False,0
2739,"here, you want to tell Investigator what this picture is?",True,1
2740,what's this?,True,1
2741,who is that?,True,1
2742,and?,False,0
2743,what are you doing?,True,1
2744,you're dunking in the water?,False,0
2745,where is that?,True,1
2746,do you remember where that is?,True,1
2747,"from the beach, that's right.",False,0
2748,what else?,False,0
2749,are you wearing something on your head?,False,0
2750,yeah.,False,0
2751,do you remember that hat?,False,0
2752,it had something on it.,False,0
2753,what did it have on it?,True,1
2754,did it have some little cherries on it?,False,0
2755,that's right.,False,0
2756,and what are these?,True,1
2757,beach umbrellas.,False,0
2758,that's right.,False,0
2759,show Investigator.,False,0
2760,you laid under the umbrella?,False,0
2761,so we didn't get a sunburn.,False,0
2762,you put on lotion?,False,0
2763,where did you put the lotion?,True,1
2764,right here?,False,0
2765,where else?,False,0
2766,on your eyebrows?,False,0
2767,on your ears?,False,0
2768,on your neck?,False,0
2769,what about this?,False,0
2770,on your belly?,False,0
2771,on your belly?,False,0
2772,on your legs?,False,0
2773,where else?,False,0
2774,in the living room?,False,0
2775,no.,False,0
2776,what is that?,True,1
2777,what is that?,True,1
2778,you put water in here?,False,0
2779,you want me to go put some water in here?,False,0
2780,"okay, you stay in here and tell Investigator some more things.",False,0
2781,maybe I should start picking these things up.,False,0
2782,okay.,False,0
2783,"Child, can you help me put my things back in the bag?",False,0
2784,here's the bag.,False,0
2785,can you hold that open?,False,0
2786,"I'll hold it open, and you put the things in there, okay?",False,0
2787,and the elephant.,False,0
2788,what else goes in there?,True,1
2789,"the sports car, and the dog, and where did the hedgehog go?",True,1
2790,do you remember where the hedgehog is?,True,1
2791,can you go get the hedgehog for me?,False,0
2792,sounds like a birdie.,False,0
2793,here he goes.,False,0
2794,what do you do with it?,True,1
2795,what do you do with that water?,True,1
2796,"what do you do with the water, silly?",True,1
2797,do you drink the water?,False,0
2798,are you going to put the rest of the toys in the bag?,False,0
2799,"put the toys in the bag, I 'm going To get a pen.",False,0
2800,thank you.,False,0
2801,should I shut it off now?,False,0
2802,it's almost done.,False,0
2803,is it time *NULL* to stop now?,True,1
2804,okay.,False,0
2805,"okay, I can turn it off now.",False,0
2806,"this is Saturday, April nineteen.",False,0
2807,and it's Parent and Child Lastname and Investigator and Observer.,False,0
2808,and Child's birthday is when?,False,0
2809,February twenty fourth.,False,0
2810,February twenty fifth,False,0
2811,twenty fifth.,False,0
2812,"twenty fifth, nineteen eighty four.",False,0
2813,ok.,False,0
2814,don't turn it on?,False,0
2815,it'll burn you.,False,0
2816,it's very hot.,False,0
2817,right.,False,0
2818,want to read a book?,False,0
2819,Spot goes to the,False,0
2820,want to look at a book?,False,0
2821,push.,False,0
2822,push it.,False,0
2823,it's stuck.,False,0
2824,do you want to read a book?,False,0
2825,can you tell us about the book?,False,0
2826,who's that?,True,1
2827,"Spot goes to the beach, tell Investigator.",False,0
2828,want to tell Investigator about Spot?,False,0
2829,yeah.,False,0
2830,do what?,False,0
2831,sound?,False,0
2832,broken.,False,0
2833,who broke it?,True,1
2834,why?,False,0
2835,fix it?,False,0
2836,good.,False,0
2837,why did it break?,True,1
2838,"what about, want to read one of these books?",False,0
2839,what are you doing?,True,1
2840,we'll let Daddy fix it.,False,0
2841,we'll wait for Daddy to fix it.,False,0
2842,daddy can fix it.,False,0
2843,can you show me your books?,False,0
2844,who brought a book?,True,1
2845,what?,False,0
2846,want to read this one?,False,0
2847,what are you going to do?,True,1
2848,what are you doing?,True,1
2849,what are you doing?,True,1
2850,are you putting gas in the car?,False,0
2851,what are you doing?,True,1
2852,ok.,False,0
2853,what are you doing?,True,1
2854,Child.,False,0
2855,"Child, look it.",False,0
2856,do you want to read this book?,False,0
2857,look what Observer has.,True,1
2858,do you want to see some things that we brought?,True,1
2859,"you should have gave me the recorder, I could have taped him this",False,0
2860,I know.,False,0
2861,that's what I should do.,True,1
2862,he's great in the morning with the books.,False,0
2863,and he reads.,False,0
2864,he reads in the morning.,False,0
2865,five thirty.,False,0
2866,"that's right, fire engine.",False,0
2867,"here, why don't you come read this book over here?",True,1
2868,"what about the book, look at this.",False,0
2869,what's that?,True,1
2870,what's that?,True,1
2871,hamburger.,False,0
2872,what's that?,True,1
2873,hot dog.,False,0
2874,and what are these?,True,1
2875,puppies.,False,0
2876,what's this?,True,1
2877,the top.,False,0
2878,what's that?,True,1
2879,what?,False,0
2880,boat.,False,0
2881,look at all the things in here.,False,0
2882,what's that?,True,1
2883,"oh, look.",False,0
2884,what are these?,True,1
2885,look at this.,False,0
2886,"look, what's that?",True,1
2887,that's not a pineapple.,False,0
2888,what is that?,True,1
2889,what's this?,True,1
2890,what's this?,True,1
2891,what's that?,True,1
2892,is that a boy?,False,0
2893,what's that?,True,1
2894,who's that?,True,1
2895,who?,False,0
2896,Mummy?,False,0
2897,and who is this?,True,1
2898,Child.,False,0
2899,what are those?,True,1
2900,boots.,False,0
2901,what's this?,True,1
2902,raincoat.,False,0
2903,what's this?,True,1
2904,what's this?,True,1
2905,"when do you use that, Child?",True,1
2906,huh?,False,0
2907,when do you put a raincoat on?,True,1
2908,when it what?,False,0
2909,right.,False,0
2910,"right, is it raining today?",False,0
2911,"oh, no, it's not.",False,0
2912,who's out today?,True,1
2913,yeah.,False,0
2914,hmm?,False,0
2915,dark?,False,0
2916,when it gets dark.,True,1
2917,and then what do you do when it gets dark?,True,2
2918,don't you go to bed when it gets dark?,True,1
2919,who comes out when at dark time?,True,1
2920,who?,False,0
2921,the moon.,False,0
2922,and who else?,False,0
2923,who else?,False,0
2924,the moon and the,False,0
2925,"nope, dark.",False,0
2926,the moon and what?,False,0
2927,stars!,False,0
2928,"oh, look at that.",False,0
2929,"what are those, Child?",True,1
2930,paints.,False,0
2931,do you like to paint?,False,0
2932,puppets.,False,0
2933,puppets?,False,0
2934,who's this?,True,1
2935,"what's this, Child?",True,1
2936,it is a toy.,False,0
2937,it's another almost exactly like him.,False,0
2938,what's the bird say?,True,1
2939,Phoebe.,False,0
2940,what's the other bird say?,True,1
2941,what about the other bird?,False,0
2942,he cries.,False,0
2943,what does the birdie eat?,True,1
2944,lunch?,False,0
2945,"Child, what do birdies eat?",True,1
2946,what do they eat out of the feeder up there that you always watch?,True,2
2947,yeah.,False,0
2948,you want to go in the house now?,False,0
2949,"no, I didn't think you did.",False,0
2950,what's the other birdie say?,True,1
2951,what's the other one?,True,1
2952,Phoebe?,False,0
2953,Phoebe call?,False,0
2954,call Phoebe.,False,0
2955,want to put your hand in it?,False,0
2956,ok.,False,0
2957,tweet tweet.,False,0
2958,what did the policeman tell you?,True,1
2959,right.,False,0
2960,"and put your seatbelt on, huh?",False,0
2961,where do little boys always sit?,True,1
2962,in the back?,False,0
2963,in the back?,False,0
2964,"what'd the policeman say, no more front seat?",True,1
2965,what are these things over here?,True,1
2966,we have some of these.,False,0
2967,ducks.,False,0
2968,what else do you see in here?,True,1
2969,huh?,False,0
2970,what goes in the garage?,True,1
2971,uhuh.,False,0
2972,and who else?,False,0
2973,does your dog go in the garage?,False,0
2974,what's your dog's name?,True,1
2975,Duchess.,False,0
2976,oven.,False,0
2977,like the one upstairs.,False,0
2978,you cut yourself?,False,0
2979,what'd you cut yourself on?,True,1
2980,knife?,False,0
2981,"we have to be very careful with knives, don't we?",False,0
2982,sink.,False,0
2983,"that's where the dishes go, right?",True,1
2984,what's in their refrigerator?,True,1
2985,look.,False,0
2986,what's that?,True,1
2987,do you know what that is?,True,1
2988,"Child, lookit.",False,0
2989,"oh, boy.",False,0
2990,look at this!,False,0
2991,yup.,False,0
2992,is that what the train says?,True,1
2993,what's a fire engine say?,True,1
2994,what's this?,True,1
2995,bulldozer.,False,0
2996,what color car is that?,True,1
2997,blue car!,False,0
2998,"like, who else has a blue car?",True,1
2999,schoolbus!,False,0
3000,what's this?,True,1
3001,"right, that is two.",False,0
3002,what color is this bus?,True,1
3003,no.,False,0
3004,what color is that?,True,1
3005,good.,False,0
3006,and what color is this part?,True,1
3007,yes.,False,0
3008,and what color is the fire engine?,True,1
3009,she did?,False,0
3010,she put the license plate on Child's car.,False,0
3011,"well, come over here.",False,0
3012,want to see this book?,False,0
3013,lookit!,False,0
3014,what's that right there?,True,1
3015,that's a schoolbus.,False,0
3016,and what's up in the tree?,True,1
3017,that's right.,False,0
3018,what's this here?,True,1
3019,what's this?,True,1
3020,look.,False,0
3021,look what I have.,True,1
3022,did you go on an airplane?,False,0
3023,where'd you go?,True,1
3024,yeah.,False,0
3025,and then where?,False,0
3026,yeah.,False,0
3027,see the boats?,False,0
3028,where are the boats?,True,1
3029,what is this?,True,1
3030,what?,False,0
3031,is he saying rainbow?,False,0
3032,yeah.,False,0
3033,"oh, look.",False,0
3034,who's this?,True,1
3035,who's that?,True,1
3036,who's this?,True,1
3037,is that what kitty says?,True,1
3038,what's this?,True,1
3039,what?,False,0
3040,"that's, that's the horsie.",False,0
3041,who is this?,True,1
3042,what's this?,True,1
3043,what is that?,True,1
3044,who's an elephant?,True,1
3045,yeah.,False,0
3046,do you love hamburgers?,False,0
3047,is that what the lion says?,True,1
3048,what's this?,True,1
3049,what's a pig say?,True,1
3050,what's a pig say?,True,1
3051,what's a cow say?,True,1
3052,you're going to what?,False,0
3053,"well, Child, do you want to see what else is in this bag?",True,1
3054,ok.,False,0
3055,come here.,False,0
3056,"Child, lookit.",False,0
3057,look over here.,False,0
3058,what does a crab do?,True,1
3059,he pinches.,False,0
3060,want to pinch?,False,0
3061,where's a crab live?,True,1
3062,where does a crab live?,True,1
3063,he bites but where does he live?,True,1
3064,pictures.,False,0
3065,does he live at the beach?,False,0
3066,he does.,False,0
3067,watch out for the crab.,False,0
3068,yeah.,False,0
3069,do you want to look at what else is in Observer's bag?,True,1
3070,"that's right, be careful.",False,0
3071,don't turn it on.,False,0
3072,go see what else is in Observer's bag.,True,1
3073,"Child, do you want to see what else is in here?",True,1
3074,what are those?,True,1
3075,statues?,False,0
3076,who is it?,True,1
3077,"mommy, who else?",False,0
3078,who else?,False,0
3079,daddy.,False,0
3080,who else is in the bag?,True,1
3081,see who else is in there.,True,1
3082,"what about this one, Child?",False,0
3083,cow?,False,0
3084,are you sure that's a cow?,False,0
3085,I've never seen a pink cow before.,False,0
3086,who says oink oink?,True,1
3087,"no, that's a.",False,0
3088,who goes?,True,1
3089,who does that?,True,1
3090,what else is in the bag?,True,1
3091,think should leave that over here?,False,0
3092,for what?,False,0
3093,thank you.,False,0
3094,you talking about,False,0
3095,you talking about the baby?,False,0
3096,are you regressing?,False,0
3097,ah!,False,0
3098,who's that?,True,1
3099,what color horse?,False,0
3100,he's orange?,False,0
3101,what do ducks say?,True,1
3102,quack quack.,False,0
3103,what else?,False,0
3104,who's that?,True,1
3105,"oh, sure.",False,0
3106,who else is there?,True,1
3107,who's that?,True,1
3108,I think it's a sheep.,False,0
3109,what does a sheep say?,True,1
3110,"no, who's that?",True,1
3111,do you know what that's called?,True,1
3112,he has a name.,False,0
3113,do you know what it is?,True,1
3114,yeah.,False,0
3115,is that a Volvo?,False,0
3116,let me see.,False,0
3117,"well, it looks like a green Volvo to me.",False,0
3118,is that a preppy car?,False,0
3119,"oh, yeah, the door always comes off.",False,0
3120,let's see.,False,0
3121,how we going to do this.,False,0
3122,"I think it goes like that and then, then you want to shut it.",False,0
3123,do you need to blow your nose?,False,0
3124,are you sure?,False,0
3125,you're supposed to blow it out.,False,0
3126,you're not supposed to suck it all back in.,False,0
3127,do you want me to go get you a kleenex?,False,0
3128,I'll be right back.,False,0
3129,yeah.,False,0
3130,Investigator will be right back.,False,0
3131,okay.,False,0
3132,"come on, Child, you're supposed to blow it out.",False,0
3133,"ready, blow.",False,0
3134,hard.,False,0
3135,hard again.,False,0
3136,there we go.,False,0
3137,that a boy.,False,0
3138,I think it goes like that and when you shut it.,True,1
3139,you broke it.,False,0
3140,it worked a minute ago.,False,0
3141,"what is that, Child?",True,1
3142,an elephant!,False,0
3143,a squeaky elephant.,False,0
3144,there's another elephant somewhere.,False,0
3145,"oh, here it is.",False,0
3146,"what's this, Child?",True,1
3147,what color is he?,True,1
3148,he's not blue.,False,0
3149,look at those!,False,0
3150,those are nice.,False,0
3151,do you know what kind of trucks those are?,True,1
3152,I think they're cement mixers actually.,False,0
3153,what?,False,0
3154,what's in there?,True,1
3155,how many toys?,False,0
3156,what?,False,0
3157,"what are you saying, Child?",True,1
3158,who's that?,True,1
3159,what was that?,True,1
3160,the birds?,False,0
3161,what kinda of bird?,False,0
3162,who's this?,True,1
3163,who's this funny looking thing?,True,1
3164,he has a name.,False,0
3165,"what's his name, Child?",True,1
3166,he's Mr.,False,0
3167,hedgehog.,False,0
3168,"yup, I 'm fixing the door.",False,0
3169,"oh, Investigator has green cars?",False,0
3170,"Investigator has a preppy green Volvo, huh.",False,0
3171,trucks?,False,0
3172,"what's that, Child?",True,1
3173,what's in there?,True,1
3174,"I think that's it, Child.",False,0
3175,all gone?,False,0
3176,where'd it go?,True,1
3177,"Child, who's this?",True,1
3178,"oh, there, I got it, Observer.",False,0
3179,see that little thing inside it?,False,0
3180,that's what holds it.,True,1
3181,what does that elephant look like?,True,1
3182,look at all these toys.,False,0
3183,look at this.,False,0
3184,another one!,False,0
3185,can you count those?,False,0
3186,can you count your fingers?,False,0
3187,very good.,False,0
3188,Observer has the green car.,False,0
3189,"oops, you knocked the people over.",False,0
3190,now listen.,False,0
3191,who's that?,True,1
3192,yeah.,False,0
3193,mm hmm.,False,0
3194,what's this?,True,1
3195,you know who that is?,True,1
3196,why don't you count them while you them down.,False,0
3197,why don't you count them?,True,1
3198,count them?,False,0
3199,put them back up.,False,0
3200,ok.,False,0
3201,what's that?,True,1
3202,one.,False,0
3203,why don't you count for Mummy.,True,1
3204,do you need to blow your nose again?,False,0
3205,ok.,False,0
3206,here's the kleenex.,False,0
3207,what?,False,0
3208,Investigator's what?,False,0
3209,what's that called?,True,1
3210,sweater?,False,0
3211,yeah.,False,0
3212,you going to blow?,False,0
3213,"here, blow.",False,0
3214,blow.,False,0
3215,blow harder.,False,0
3216,you got a little cold?,False,0
3217,who is that?,True,1
3218,who is that?,True,1
3219,he's going to bite you?,False,0
3220,"uhoh, be careful!",False,0
3221,"it will hurt, Child.",False,0
3222,he willn't hurt you.,False,0
3223,he'll just tickle.,False,0
3224,are you ticklish?,False,0
3225,are you ticklish?,False,0
3226,"oh, look at this!",False,0
3227,who's he?,True,1
3228,what?,False,0
3229,Batman?,False,0
3230,how do you know about Batman?,True,1
3231,what's this?,True,1
3232,you want to play with this?,False,0
3233,you want to play with these letters?,False,0
3234,huh?,False,0
3235,why?,False,0
3236,what's he going to do?,True,1
3237,guess what I found in my car?,True,1
3238,who's that?,True,1
3239,do you have a cold?,False,0
3240,I told you Yaya was going to come here.,False,0
3241,what does Yaya have at her house?,True,1
3242,birds.,False,0
3243,how many?,False,0
3244,she has more than three.,False,0
3245,she has about fifty birds.,False,0
3246,what's your favorite bird?,True,1
3247,what do you tell the birds?,True,1
3248,and who's the one *NULL* you like to talk to most of the time?,True,2
3249,who do you go to see upstairs?,True,1
3250,who's upstairs in the cage?,True,1
3251,Pete.,False,0
3252,and what color is Pete?,True,1
3253,blue.,False,0
3254,does Pete talk to you?,False,0
3255,what does he say?,True,1
3256,does he say people words too though?,False,0
3257,no?,False,0
3258,what does the duck say?,True,1
3259,what color are those letters over there?,True,1
3260,look at those pretty letters.,False,0
3261,yeah.,False,0
3262,look at all the colors.,False,0
3263,"red, blue, green.",False,0
3264,can you show Investigator?,False,0
3265,show Investigator.,False,0
3266,over there.,False,0
3267,can you do your abc's?,False,0
3268,no?,False,0
3269,what colors are the truck?,True,1
3270,no more.,False,0
3271,I 'm afraid that's it.,False,0
3272,put it in a brown bag.,False,0
3273,tent fall down?,False,0
3274,who fell down?,True,1
3275,the tent?,False,0
3276,when were you in a tent?,True,1
3277,where're you going?,True,1
3278,come over here.,False,0
3279,whoops!,False,0
3280,Child,False,0
3281,who's this?,True,1
3282,look at that?,False,0
3283,Sesame Street!,False,0
3284,who is this person?,True,1
3285,"yeah, he's the count.",False,0
3286,who's back here?,True,1
3287,yes.,False,0
3288,"yeah, they did come to Child's house.",False,0
3289,who's that?,True,1
3290,who's this?,True,1
3291,Ernie.,False,0
3292,and who are these two?,True,1
3293,who's that?,True,1
3294,your cousin?,False,0
3295,and who's that?,True,1
3296,what's that on the floor?,True,1
3297,what color's yours?,True,1
3298,they're dancing up there.,False,0
3299,I think they know what they're doing.,True,1
3300,they're probably alright.,False,0
3301,who is that?,True,1
3302,want to blow your nose?,False,0
3303,another one?,False,0
3304,out.,False,0
3305,out.,False,0
3306,blow out.,False,0
3307,blow out.,False,0
3308,show the girls your abc's.,False,0
3309,what letter is that?,True,1
3310,"ok, want to do these?",False,0
3311,"ok, now you put them back and tell us what they are.",True,1
3312,what letter's that?,True,1
3313,what's that letter?,True,1
3314,"yay, there's one.",False,0
3315,"say them, Child.",False,0
3316,what letter's that?,True,1
3317,what color's that bl?,True,1
3318,where you going?,False,0
3319,we want to hear the rest.,False,0
3320,come over here and finish your letters.,False,0
3321,what's that?,True,1
3322,what color is it?,True,1
3323,what color is this al?,True,1
3324,come over here.,False,0
3325,don't go up there!,False,0
3326,do you want me to record anything?,False,0
3327,"well, it's easier.",False,0
3328,"we have to deal with the transcript later on, so it's easier if",True,1
3329,"you know, if we didn't have to that would be great.",True,2
3330,"careful, careful.",False,0
3331,loves books.,False,0
3332,he has books in his room and.,False,0
3333,"and he reads and goes through here, what's this, what's that.",True,2
3334,it's really quiet.,False,0
3335,that is not Yaya.,False,0
3336,can you give it to Investigator?,False,0
3337,can you give it to Investigator?,False,0
3338,go ahead.,False,0
3339,"thank you, honey.",False,0
3340,what about your letters?,False,0
3341,you have to put them back.,False,0
3342,ok?,False,0
3343,white.,False,0
3344,what letter is this?,True,1
3345,what letter is that?,True,1
3346,what color is it?,True,1
3347,right.,False,0
3348,what letter is this?,True,1
3349,"no, what letter is this?",True,1
3350,and what color is nl?,True,1
3351,yes.,False,0
3352,what letter is this?,True,1
3353,huh?,False,0
3354,what letter?,False,0
3355,no.,False,0
3356,what letter is it?,True,1
3357,"well, what color is it?",True,1
3358,what color is it?,True,1
3359,what letter's that?,True,1
3360,it's blue?,False,0
3361,what starts with tl?,True,1
3362,"yeah, what starts with tl?",True,1
3363,what is your name?,True,1
3364,Child what?,False,0
3365,that's right.,False,0
3366,what's your last name?,True,1
3367,where do you live?,True,1
3368,Dover?,False,0
3369,what state?,False,0
3370,Dover what?,False,0
3371,"can you say Dover, Massachusetts?",False,0
3372,"Dover, Massachusetts?",False,0
3373,"can you tell Investigator Dover, Massachusetts?",False,0
3374,United States of America.,False,0
3375,in case you get lost.,False,0
3376,yeah.,False,0
3377,you like those cars?,False,0
3378,you know what?,False,0
3379,"it's time for *NULL* Investigator and Observer to go, so can you help us?",True,1
3380,in the bag?,False,0
3381,what goes in the bag?,True,1
3382,you want to hold that?,False,0
3383,for a little while longer.,False,0
3384,then we have to take that too.,False,0
3385,ok.,False,0
3386,you going to hold it?,False,0
3387,Saturday April twenty six and it's the second meeting with,False,0
3388,what?,False,0
3389,"boy, he's not he's taller than you are.",False,0
3390,who bought you the Big Bird?,True,1
3391,"oh, I want to sit there.",False,0
3392,can I sit down?,False,0
3393,"oh, no?",False,0
3394,why not?,False,0
3395,what happened?,True,1
3396,where's Big Bird?,True,1
3397,show Investigator Big Bird.,False,0
3398,she wants to see.,False,0
3399,she wants to see your Big Bird.,False,0
3400,what happened?,True,1
3401,come here.,False,0
3402,but you cann't take the pillows off.,False,0
3403,where're people going to sit?,True,1
3404,on the floor?,False,0
3405,on the house?,False,0
3406,on the trees?,False,0
3407,what?,False,0
3408,you want some medicine?,False,0
3409,"well, why don't",False,0
3410,"do you have a cold, Child?",False,0
3411,"yeah, sneezing.",False,0
3412,no?,False,0
3413,want to show Investigator the bird?,False,0
3414,where's the birdfeeder?,True,1
3415,"where's the, where's the birdfeeder?",True,1
3416,where are your birds today?,True,1
3417,did Big Bird have some nice food up there?,False,0
3418,huh?,False,0
3419,what happened?,True,1
3420,want take these off?,False,0
3421,what are those?,True,1
3422,cherries?,False,0
3423,a pretty necklace.,False,0
3424,over there.,False,0
3425,show Investigator what you have.,True,1
3426,what have you got?,True,1
3427,how'd you get that?,True,1
3428,huh?,False,0
3429,how'd you get the?,False,0
3430,take it off?,False,0
3431,you cann't take it off.,False,0
3432,"careful, it'll hurt.",False,0
3433,a kiss?,False,0
3434,all better.,False,0
3435,all better.,False,0
3436,want to hear a book?,False,0
3437,shouldn't we read?,False,0
3438,where's the purple book?,True,1
3439,"oh, boy.",False,0
3440,what *NULL* cha have over here?,True,1
3441,stuff?,False,0
3442,stuff?,False,0
3443,what kind of stuff?,False,0
3444,who's this?,True,1
3445,who's this?,True,1
3446,who?,False,0
3447,Buster.,False,0
3448,Buster the giraffe?,False,0
3449,don't do that.,False,0
3450,show Buster.,False,0
3451,what's Buster say?,True,1
3452,where'd it go?,True,1
3453,where?,False,0
3454,hiding?,False,0
3455,yeah?,False,0
3456,in the couch?,False,0
3457,"do you have, do you have it?",False,0
3458,it is?,False,0
3459,how come?,False,0
3460,we'll fix that later.,False,0
3461,ok?,False,0
3462,"yeah, and he'll fix it later.",False,0
3463,look it.,False,0
3464,who's this?,True,1
3465,when's Daddy going to come home?,True,1
3466,are we going to go get Daddy later?,False,0
3467,where're you going to go?,True,1
3468,to get Dad?,False,0
3469,hmm?,False,0
3470,who's funny?,True,1
3471,are you funny?,False,0
3472,what about Buster?,False,0
3473,did you talk to him?,False,0
3474,ok.,False,0
3475,no?,False,0
3476,where are the cars?,True,1
3477,you cann't go in there.,False,0
3478,where are your cars?,True,1
3479,move over?,False,0
3480,where are your cars?,True,1
3481,go show Investigator your cars.,False,0
3482,where are they?,True,1
3483,they're in that can over there.,False,0
3484,huh?,False,0
3485,he did.,False,0
3486,what's in the pail?,True,1
3487,you don't have to throw it.,False,0
3488,yes.,False,0
3489,go get your cars.,False,0
3490,I put your cars in that tin.,False,0
3491,go get it.,False,0
3492,where's your cars?,True,1
3493,they're hiding.,False,0
3494,want to go find them?,False,0
3495,in there.,False,0
3496,in there.,False,0
3497,what's in there?,True,1
3498,whose cars?,False,0
3499,what's that?,True,1
3500,"yes, that's a school bus.",False,0
3501,"wow, what a nice school bus.",False,0
3502,"and what does, what does the school bus carry?",True,1
3503,children?,False,0
3504,where does the bus take the children?,True,1
3505,huh?,False,0
3506,where does the bus take the children?,True,1
3507,be nice to Big Bird.,False,0
3508,"where you go, where're you going?",True,2
3509,you fixing the chair?,False,0
3510,is it broken?,False,0
3511,who broke it?,True,1
3512,Child break everything?,False,0
3513,"oh, ok.",False,0
3514,"Child, let me see.",False,0
3515,think Mommy should give you some real medicine?,False,0
3516,I think so.,False,0
3517,don't you think so?,False,0
3518,is it fixed?,False,0
3519,put Big Bird back on his chair.,False,0
3520,all fixed?,False,0
3521,whoops.,False,0
3522,are you stuck?,False,0
3523,"yeah, careful on the stove.",False,0
3524,what're you doing?,True,1
3525,you're what?,False,0
3526,what're you doing?,True,1
3527,when Dad comes home you're going to get it?,True,1
3528,"you want to go to the window and see Duchess, go see if Duchess",True,1
3529,that window.,False,0
3530,"no, no, over there.",False,0
3531,over there.,False,0
3532,whose cars are those?,True,1
3533,who put the cars in there?,True,1
3534,"oh, boy.",False,0
3535,"oh, boy.",False,0
3536,"look at this, a Ferrari.",False,0
3537,what color truck is that?,True,1
3538,a basket?,False,0
3539,is a basket now?,False,0
3540,I thought you were going to go and look at Duchess out the window.,False,0
3541,go see if she's out there.,True,1
3542,take Big Bird.,False,0
3543,tiger?,False,0
3544,there's a tiger in the,False,0
3545,don't put your fingers in there.,False,0
3546,yeah.,False,0
3547,"well, take Big Bird, show Big Bird Duchess.",False,0
3548,where's Duchess?,True,1
3549,he bites?,False,0
3550,"well, don't put your fingers in there.",False,0
3551,you're not supposed to touch that.,False,0
3552,yeah.,False,0
3553,he'll bite your fingers.,False,0
3554,ok.,False,0
3555,"say, don't put your fingers in there, Investigator.",False,0
3556,"I thought you were looking for Duchess, see if Duchess is outside.",True,1
3557,go ahead.,False,0
3558,"oh, did you tell Investigator what Gammy gave you?",True,1
3559,a new robe?,False,0
3560,a bath robe.,False,0
3561,what color is it?,True,1
3562,"you know, presents here.",False,0
3563,so they can bring presents over for the baby if they do.,True,2
3564,yeah.,False,0
3565,then give him a present.,False,0
3566,yeah.,False,0
3567,in where?,False,0
3568,"well, what do you say when you say, when you want something?",True,2
3569,yeah but what's the magic word?,True,1
3570,who's hiding?,True,1
3571,"oh, you're too big to go under the couch.",False,0
3572,"I don't think you'll fit, honey.",False,0
3573,a puzzle?,False,0
3574,what'd you find?,True,1
3575,want to play with your train puzzle?,False,0
3576,huh?,False,0
3577,you like the puzzles.,False,0
3578,what?,False,0
3579,"look, Child, look it, look at the birds out the window.",False,0
3580,not that way.,False,0
3581,coming here lately.,False,0
3582,"Child, we have to birdfeed in those things out there.",False,0
3583,yes.,False,0
3584,"those birds must be hungry, they haven't had food in two days.",False,0
3585,"look, look at the birds.",False,0
3586,there're bluejays in our yard.,False,0
3587,what else do you have your yard that eat here?,True,1
3588,hmm?,False,0
3589,a rabbit out there?,False,0
3590,where?,False,0
3591,that's a squirrel.,False,0
3592,that's a squirrel under the pine tree.,False,0
3593,"squirrel, there he is.",False,0
3594,what's he doing?,True,1
3595,where's he going?,True,1
3596,is he going to have some of the birdfeed with the birds out there?,False,0
3597,no?,False,0
3598,there he goes.,False,0
3599,where's he going?,True,1
3600,yeah.,False,0
3601,"does, does he see you?",False,0
3602,"there he goes, hop, hop, hop.",False,0
3603,he's hungry.,False,0
3604,it's over here.,False,0
3605,"come over, come on this couch.",False,0
3606,come over here quick before he goes.,False,0
3607,come over here.,False,0
3608,Duchess?,False,0
3609,where is she?,True,1
3610,where is she?,True,1
3611,do you see her?,False,0
3612,must be in the garage.,False,0
3613,I don't see Duchess.,False,0
3614,I think she's sleeping.,False,0
3615,is she out there?,False,0
3616,um hmm.,False,0
3617,the edging looks.,False,0
3618,you're hiding?,False,0
3619,"well, it's coming in shape though anyway.",False,0
3620,"what're you doing, Child?",True,1
3621,yeah.,False,0
3622,hmm.,False,0
3623,what'd you do?,True,1
3624,why don't you leave the pillows on the couch?,True,1
3625,what'd you do?,True,1
3626,can we catch?,False,0
3627,no.,False,0
3628,"come over here, the squirrel's over here.",False,0
3629,"what, what'd you do yesterday?",True,1
3630,"no, you didn't break a light yesterday but what'd you do yesterday?",True,1
3631,"you went in the, you went in the brook.",False,0
3632,yes.,False,0
3633,"what were you doing in the brook, were you trying to swim?",True,1
3634,"well, he was running in the brook.",False,0
3635,"so he got, what'd you get wet?",True,1
3636,your pants get wet?,False,0
3637,what else?,False,0
3638,what else got wet?,True,1
3639,yeah.,False,0
3640,and what else?,False,0
3641,what else got wet?,True,1
3642,"your pants, your shoes, and what else?",False,0
3643,what are these?,True,1
3644,"yeah, they did.",False,0
3645,mommy wasn't too happy because it's not too warm out.,False,0
3646,wait until the summer to go swimming.,False,0
3647,in where?,False,0
3648,in the brook?,False,0
3649,did you have company yesterday?,False,0
3650,who was here?,True,1
3651,what's your friend's name?,True,1
3652,"no, I said who are, who are your friends?",True,1
3653,who?,False,0
3654,who?,False,0
3655,look at the pretty flowers out the window.,False,0
3656,what color are they?,True,1
3657,what color are those flowers?,True,1
3658,who's outside?,True,1
3659,squirrel.,False,0
3660,squirrel?,False,0
3661,"what color, what color are the flowers out there?",True,1
3662,see the flowers?,False,0
3663,what color are they?,True,1
3664,the leaves are green.,False,0
3665,green out there but what color are the flowers?,True,1
3666,nothing.,False,0
3667,nothing is down there.,False,0
3668,what've you got in your mouth.,True,1
3669,give me a kiss?,False,0
3670,"oh, thank you, that's nice.",False,0
3671,that's such a nice,False,0
3672,"you want me to put the birdfood in there, huh?",False,0
3673,where are the birds?,True,1
3674,they haven't been around.,False,0
3675,"do you come up here and scare them, that's why they don't come?",True,1
3676,what?,False,0
3677,birds eat?,False,0
3678,you want to paint?,False,0
3679,alright.,False,0
3680,we have to take the garage off the table though.,False,0
3681,want to take the garage off the table?,False,0
3682,"oh no, you cann't climb up there.",False,0
3683,on a chair.,False,0
3684,you're going to fall down.,False,0
3685,do you want to fall down?,False,0
3686,and I'll get your paints.,False,0
3687,you can sit at the table and paint.,False,0
3688,want to paint?,False,0
3689,"do you want to paint, yes or no?",False,0
3690,"well, I don't want you up there.",False,0
3691,that's not a chair.,False,0
3692,you're going to fall down and hurt yourself.,False,0
3693,you're going to bang your chin.,False,0
3694,"and you're going to get, you're going to be sore.",False,0
3695,yes.,False,0
3696,"everytime *NULL* you say that, five minutes later you fall down.",True,1
3697,"you want *PRO* to hurt yourself, don't you?",False,0
3698,would you like to paint?,False,0
3699,"yes, would you like to paint?",False,0
3700,"get some water, we'll paint.",False,0
3701,be careful or you will fall down on the floor.,False,0
3702,where're you going?,True,1
3703,I see you.,False,0
3704,I see you.,False,0
3705,I see you.,False,0
3706,you know who else sees you?,True,1
3707,Big Bird sees you.,False,0
3708,Big Bird sees you.,False,0
3709,he wants to give you a kiss.,False,0
3710,give Big Bird a kiss.,False,0
3711,"oh, nice kiss.",False,0
3712,I cann't hear you.,False,0
3713,I cann't hear,False,0
3714,Observer sees you.,False,0
3715,I see you.,False,0
3716,"well, honey, I think we have to leave those there.",False,0
3717,"oh, no.",False,0
3718,Mummy doesn't like you to bounce.,False,0
3719,"Child, don't bounce.",False,0
3720,"look, Mommy's getting the paint set for you.",False,0
3721,uh oh.,False,0
3722,uh oh.,False,0
3723,"yeah, you bounce, I don't want you up there.",False,0
3724,here.,False,0
3725,have some paints.,False,0
3726,I thought you wanted paint.,False,0
3727,come on.,False,0
3728,you bounce on the couch?,False,0
3729,"there, look what I have.",True,1
3730,paints.,False,0
3731,your mom's got some paints for you.,False,0
3732,paints.,False,0
3733,wouldn't you rather paint?,False,0
3734,"yeah, you know how to paint.",True,1
3735,who's that?,True,1
3736,who?,False,0
3737,Goofy.,False,0
3738,what's Goofy riding?,True,1
3739,let's see you paint.,False,0
3740,do a nice job.,False,0
3741,"uh, the water it goes in the water.",False,0
3742,breaks the brush.,False,0
3743,breaks the bristles.,False,0
3744,did you paint that already?,False,0
3745,that's nice.,False,0
3746,that was fast.,False,0
3747,what's that?,True,1
3748,what are those?,True,1
3749,letters?,False,0
3750,"here, tell me the letters.",False,0
3751,careful with the water.,False,0
3752,"oh, no.",False,0
3753,"not in your mouth, you'll get sick.",False,0
3754,"no, we don't this.",False,0
3755,"no, we're not doing it on the face.",False,0
3756,see how nice.,False,0
3757,"nice, see.",False,0
3758,what's that?,True,1
3759,what's that?,True,1
3760,if you turn it over.,True,1
3761,"here, paint the baby's face.",False,0
3762,what are you doing?,True,1
3763,"Child, you're getting the paint all over the table.",False,0
3764,yes and you're getting it all over yourself.,False,0
3765,stop doing that.,False,0
3766,stop it.,False,0
3767,uh hmm.,False,0
3768,what about the baby's shirt?,False,0
3769,paint the baby's shirt.,False,0
3770,now come on.,False,0
3771,you're being silly.,False,0
3772,I think you should sit down and do this.,False,0
3773,why don't you have a seat?,True,1
3774,why don't you do this nicely?,True,1
3775,"there, that's much nicer.",False,0
3776,you did?,False,0
3777,what letter was that?,True,1
3778,al.,False,0
3779,yup.,False,0
3780,what else?,False,0
3781,what's this?,True,1
3782,that one.,False,0
3783,what letter's that there?,True,1
3784,what about the baby's pajamas?,False,0
3785,"see, right here.",False,0
3786,"ok, I just want to roll your sleeves up.",False,0
3787,look at the baby's shirt.,False,0
3788,color the baby's shirt.,False,0
3789,"well, what's that, what's that girl doing?",True,2
3790,the window?,False,0
3791,what's she looking at?,True,1
3792,why don't you do it like this?,True,1
3793,like this.,False,0
3794,uh uh.,False,0
3795,hold the paper.,False,0
3796,I'll help you.,False,0
3797,"gentle, gentle.",False,0
3798,"ok, you do it.",False,0
3799,be gentle.,False,0
3800,so much for Mom's.,False,0
3801,that's it.,False,0
3802,you're painting your ear?,False,0
3803,yuck.,False,0
3804,"see, now it's all wet.",False,0
3805,isn't it uncomfortable?,False,0
3806,you think this should go.,False,0
3807,you being funny?,False,0
3808,you being a kook?,False,0
3809,what happened here?,True,1
3810,that's a big booboo.,False,0
3811,how'd that happen?,True,1
3812,looks like he fell down somewhere.,False,0
3813,I bet that's strawberry booboo.,False,0
3814,booboo.,False,0
3815,huh?,False,0
3816,how'd you do that?,True,1
3817,did you fall?,False,0
3818,you going to give it a kiss,False,0
3819,don't get paint on it.,False,0
3820,it's not good for booboos.,False,0
3821,want to read some books?,False,0
3822,look at these books.,False,0
3823,"come over here, sit by Mummy and read some books.",False,0
3824,come over here.,False,0
3825,sit.,False,0
3826,let's look at the,False,0
3827,what book do you want to read first?,True,1
3828,"ok, well, come up here.",False,0
3829,come up here and have a seat.,False,0
3830,can you do that?,False,0
3831,"here, what's this here?",True,1
3832,that looks like The Truck Book.,False,0
3833,it's trucks.,False,0
3834,what kind of trucks?,False,0
3835,what's that?,True,1
3836,looks like a big hotdog truck.,False,0
3837,yes.,False,0
3838,"oh, look at that.",False,0
3839,what color trucks are those?,True,1
3840,is that red like Bruce's truck?,False,0
3841,what color's that truck?,True,1
3842,who has a blue truck?,True,1
3843,he does.,False,0
3844,a truck like this too.,False,0
3845,it's red.,False,0
3846,who has a red truck like this?,True,1
3847,he does.,False,0
3848,who has a truck like that one too?,True,1
3849,he does.,False,0
3850,it's a dump truck.,False,0
3851,can you say dump truck?,False,0
3852,what kind of truck is this?,True,1
3853,what?,False,0
3854,"what kind of, what is that right there?",True,1
3855,what kind of truck is it?,True,1
3856,"it's a truck, ice cream truck.",False,0
3857,hmm.,False,0
3858,look at those.,False,0
3859,look at the big logs.,False,0
3860,see the logs?,False,0
3861,be careful they don't fall.,False,0
3862,yes.,False,0
3863,hmm.,False,0
3864,what is this?,True,1
3865,right.,False,0
3866,"oh, what are these?",True,1
3867,what's that?,True,1
3868,van.,False,0
3869,where's this guy going?,True,1
3870,then where's he going.,True,1
3871,oh yeah.,False,0
3872,I think he might be going fishing.,False,0
3873,with his dog.,False,0
3874,ok.,False,0
3875,"what is, what's that?",True,1
3876,what's a fire engine say?,True,1
3877,"what did you listen, what did you hear this morning?",True,1
3878,what kind of noise did you hear?,True,1
3879,what kind of a horn?,False,0
3880,did you hear a horn this morning?,False,0
3881,what kind of horn was it?,True,1
3882,"no, it was a, wasn't it a police horn?",False,0
3883,"yeah, what time was it when it blew?",True,2
3884,"seven o' o'_clock, right?",False,0
3885,what does that mean?,True,1
3886,"get up, everybody.",False,0
3887,that's right.,False,0
3888,yeah.,False,0
3889,what's down there?,True,1
3890,where's Mr.,True,1
3891,sunshine?,False,0
3892,did you fall down there?,False,0
3893,"yes, you can.",False,0
3894,you will if you're not careful.,True,1
3895,what happened to Mr.,False,0
3896,sunshine?,False,0
3897,where is he?,True,1
3898,where?,False,0
3899,"well, you tell him to come out.",False,0
3900,hmm.,False,0
3901,"look at this, Child, favorite.",False,0
3902,sit down here and I'll read your book.,False,0
3903,yes and where is the school bus taking the children?,True,1
3904,bye bye where?,False,0
3905,up the street?,False,0
3906,to where?,False,0
3907,to the school.,False,0
3908,and what kind is this bus.,True,1
3909,yeah and where are those people going?,True,1
3910,to work?,False,0
3911,what kind of bus is that?,True,1
3912,where did you see that bus?,True,1
3913,yup.,False,0
3914,England.,False,0
3915,who'd you go to England with?,True,1
3916,who'd you go with?,True,1
3917,plane?,False,0
3918,on the plane with you?,False,0
3919,"oh, it was up the sky.",False,0
3920,did you run around in the plane?,False,0
3921,hmm.,False,0
3922,"oh, that must have been fun.",False,0
3923,"up and down the aisles, right?",False,0
3924,"that's all *NULL* you wanted to do for six hours, whatever it was, five",True,2
3925,yes.,False,0
3926,hmm.,False,0
3927,what kind of trucks are these?,True,1
3928,did it break?,False,0
3929,I don't think it broke.,False,0
3930,"I think that's oh, that's a lift truck.",False,0
3931,it goes up and down.,False,0
3932,did you tell Investigator where you went the other day?,True,1
3933,with Mummy?,False,0
3934,where'd we go?,True,1
3935,who did we see?,True,1
3936,who did we see?,True,1
3937,who'd we see in the hospital?,True,1
3938,that's right.,False,0
3939,we saw whose baby?,False,0
3940,mommy do that?,False,0
3941,we'll have to wash your hands later.,False,0
3942,what'd Mummy park outside of the hospital?,True,1
3943,um hmm.,False,0
3944,and we went into the hospital and we went and saw the baby.,False,0
3945,what was the baby doing?,True,1
3946,what did Child tell the baby?,True,1
3947,he did.,False,0
3948,and what do you have to do when you come into the hospital to see,True,1
3949,what do you have to put on?,True,1
3950,what?,False,0
3951,what'd you put on?,True,1
3952,a sheet.,False,0
3953,and then what you do?,False,0
3954,what do you have to do in the bathroom before you hold the baby?,True,1
3955,that's right.,False,0
3956,better wash your hands so that they're clean.,False,0
3957,"have to be gentle to the baby, right?",False,0
3958,um hmm.,False,0
3959,and what did the lady show you on the bed?,True,1
3960,"what was on the, on the bed?",False,0
3961,what?,False,0
3962,what?,False,0
3963,buttons?,False,0
3964,and what'd they do?,True,1
3965,what'd the buttons do?,True,1
3966,did they go up?,False,0
3967,up down.,False,0
3968,what is this in this book?,True,1
3969,who's that?,True,1
3970,take your fingers out of your mouth.,False,0
3971,where?,False,0
3972,who's that?,True,1
3973,who's that?,True,1
3974,who's that?,True,1
3975,who is that?,True,1
3976,who's that?,True,1
3977,who's that?,True,1
3978,who is that?,True,1
3979,who's that?,True,1
3980,you know who that is.,True,1
3981,he's Winnie the Pooh's friend.,False,0
3982,who's Winnie the Pooh's friend?,True,1
3983,Eeyore.,False,0
3984,"who's that funny looking, who's that guy?",True,1
3985,yeah.,False,0
3986,is he goofy looking?,False,0
3987,who's this guy?,True,1
3988,Mickey Mouse.,False,0
3989,Mickey Mouse.,False,0
3990,and who are these guys?,True,1
3991,"one, two, three.",False,0
3992,who are they?,True,1
3993,who is this?,True,1
3994,"oh, dear, let's see.",False,0
3995,"you like this book, don't you?",False,0
3996,"oh, here, what are these?",True,1
3997,yeah.,False,0
3998,who is that girl?,True,1
3999,Alice?,False,0
4000,what's this?,True,1
4001,who's that?,True,1
4002,who?,False,0
4003,who is that?,True,1
4004,who?,False,0
4005,what's he in?,True,1
4006,and where's he going?,True,1
4007,up in the sky.,False,0
4008,who's that?,True,1
4009,did you go to England?,False,0
4010,he is?,False,0
4011,did you go see the queen?,False,0
4012,did you see the queen?,False,0
4013,who else did you see?,True,1
4014,easy to impress.,False,0
4015,what's that?,True,1
4016,what's he in?,True,1
4017,a what?,False,0
4018,what color's the boat?,True,1
4019,that boat's not blue.,False,0
4020,the water's blue.,False,0
4021,what color's the boat?,True,1
4022,it is.,False,0
4023,who's this over here on the bed?,True,1
4024,and what's he got and what's he reading?,True,2
4025,to who?,False,0
4026,what's the baby got in the mouth?,True,1
4027,yeah.,False,0
4028,what?,False,0
4029,"yeah, you know how boring those babies are.",True,1
4030,who's this?,True,1
4031,who's this?,True,1
4032,what you doing?,False,0
4033,no more books?,False,0
4034,"what you get, what're you doing?",True,1
4035,what do you say?,True,1
4036,please.,False,0
4037,ok.,False,0
4038,the magic word.,False,0
4039,"you want to blow your nose, Child?",False,0
4040,"I'll get a kleenex, ok?",False,0
4041,what's in there?,True,1
4042,"what is this, Child?",True,1
4043,"blow out, out.",False,0
4044,"out of your nose, not your mouth.",False,0
4045,what do you say?,True,1
4046,say thank you.,False,0
4047,"thank you, Investigator.",False,0
4048,"would you like, I think I should get you some medicine.",False,0
4049,if you're sick you definitely need medicine.,True,1
4050,Daddy today?,False,0
4051,you're not going with me.,False,0
4052,I don't think Daddy can take sick little boys.,False,0
4053,God bless you.,False,0
4054,"bless you, Child.",False,0
4055,what do you say to Mummy in the morning when you get up out of bed?,True,2
4056,what do you say?,True,1
4057,up?,False,0
4058,what else do you say?,True,1
4059,wake up?,False,0
4060,and what else?,False,0
4061,say good morning.,False,0
4062,"no, the couch is *NULL* to sit on, no jumping.",True,1
4063,you'll break the couch.,False,0
4064,yeah but you know how you bounced in Mummy's car?,True,1
4065,and broke the lights.,False,0
4066,"that was a sad day, huh?",False,0
4067,yeah.,False,0
4068,and Daddy got mad.,False,0
4069,"everybody got mad, huh?",False,0
4070,sit in the back seat.,False,0
4071,who says that?,True,1
4072,who else says that to you?,True,1
4073,and who else?,False,0
4074,who says little boys have to sit down in the back seat?,True,1
4075,who says that?,True,1
4076,who said that?,True,1
4077,and who else?,False,0
4078,I think there's somebody else.,False,0
4079,remember the day *NULL* we went to the store and saw the man with the,True,1
4080,who was that?,True,1
4081,"I know, booboo.",False,0
4082,"oh, thank you.",False,0
4083,oop.,False,0
4084,do that again.,False,0
4085,go ahead.,False,0
4086,you want Mummy to do it?,False,0
4087,there.,False,0
4088,can you do it again?,False,0
4089,you want to look?,False,0
4090,"would you, are you painting over there?",False,0
4091,that's nice.,False,0
4092,"here, do this again.",False,0
4093,easy.,False,0
4094,don't fall back.,False,0
4095,do that again?,False,0
4096,why don't you do it?,True,1
4097,see if you can do it.,True,1
4098,oop.,False,0
4099,pick it up.,False,0
4100,there.,False,0
4101,"oh, don't do that, you'll get a booboo on your hands.",False,0
4102,I'll show you.,False,0
4103,uh oh.,False,0
4104,don't hit Observer with the lid.,False,0
4105,what're you doing?,True,1
4106,"well, I don't want you hiding in there, I want you hiding over here.",False,0
4107,"yeah, have some yellow medicine.",False,0
4108,it's good.,False,0
4109,"oh, it's delicious.",False,0
4110,"oh, it's good.",False,0
4111,come here.,False,0
4112,close the door.,False,0
4113,you did?,False,0
4114,come have some medicine.,False,0
4115,orange?,False,0
4116,it's all gone.,False,0
4117,we'll have to buy some orange.,False,0
4118,would you like to go with Daddy today?,False,0
4119,you have to have your medicine.,False,0
4120,you going to fix the chair?,False,0
4121,why?,False,0
4122,did Mummy break it?,False,0
4123,what is all this?,True,1
4124,have some medicine quick.,False,0
4125,mmm.,False,0
4126,lemon medicine.,False,0
4127,have another sip.,False,0
4128,"here, why don't you hold it and drink it?",True,1
4129,you know how to do that.,True,1
4130,are you blowing bubbles?,False,0
4131,"Child, I don't think that's funny.",False,0
4132,"you think that's funny, don't you.",False,0
4133,that's not.,False,0
4134,we don't do that.,False,0
4135,I don't think it belongs in your eyes either.,False,0
4136,"yes, here, come on now.",False,0
4137,"drink, Thomas.",False,0
4138,"Thomas, you want to go with Daddy, you better have a drink.",False,0
4139,mmm.,False,0
4140,one more sip.,False,0
4141,one more sip.,False,0
4142,big boys.,False,0
4143,come on.,False,0
4144,you want me to give you medicine like a baby or a big boy?,False,0
4145,"ok, then drink it.",False,0
4146,come on.,False,0
4147,you think that's funny.,False,0
4148,I bet your mother doesn't like that very well.,False,0
4149,hmm?,False,0
4150,why?,False,0
4151,don't stand up on that!,False,0
4152,"that's what, you're going to fall.",False,0
4153,"that, you're going to fall.",False,0
4154,where's Buster?,True,1
4155,where?,False,0
4156,"Buster still had a, Buster's right here.",False,0
4157,"you like to make messes, don't you.",False,0
4158,you did.,False,0
4159,you going to sit in that basket?,False,0
4160,what are you doing?,True,1
4161,"oh, don't do that.",False,0
4162,can you sit in the basket?,False,0
4163,put Big Bird in the basket.,False,0
4164,take him for a walk.,False,0
4165,take Big Bird.,False,0
4166,put him in the basket.,False,0
4167,where'll you go?,True,1
4168,right there.,False,0
4169,put him in the basket.,False,0
4170,want some help?,False,0
4171,not that basket.,False,0
4172,"oh, you can.",False,0
4173,and bring it over to Mummy.,False,0
4174,bring Big Bird in the basket over.,False,0
4175,that's not nice for her to put him in the basket.,False,0
4176,him in.,False,0
4177,his legs are hanging out.,False,0
4178,there.,False,0
4179,would you like me to put you in the basket like that?,False,0
4180,"no, I didn't think so.",False,0
4181,"Big Bird like this, Child.",False,0
4182,look.,False,0
4183,telephone.,False,0
4184,say hello.,False,0
4185,what's in there?,True,1
4186,rocks.,False,0
4187,"not stuff, rocks.",False,0
4188,"oh, boy, another mess.",False,0
4189,hmm?,False,0
4190,who's that?,True,1
4191,uh oh.,False,0
4192,I think your mother just cleaned the house.,False,0
4193,so what?,False,0
4194,"yeah, who cares?",True,1
4195,you're supposed to come in and say I care.,False,0
4196,school bus.,False,0
4197,don't the school bus.,False,0
4198,wait a minute.,False,0
4199,let me find the other pieces that match.,True,1
4200,what's that?,True,1
4201,"here, slide it in gentle.",False,0
4202,and then you push.,False,0
4203,hmm.,False,0
4204,there you go.,False,0
4205,in here?,False,0
4206,there.,False,0
4207,alright.,False,0
4208,I you want to build a school bus.,False,0
4209,help me build a school bus?,False,0
4210,a red one?,False,0
4211,build a red school bus.,False,0
4212,"what are you doing, Child?",True,1
4213,you're what?,False,0
4214,who's hiding?,True,1
4215,who's hiding?,True,1
4216,I built your school bus.,False,0
4217,would you like to show Investigator your school bus?,False,0
4218,"if you spill them on the floor, Child I cann't build.",True,1
4219,where's the man?,True,1
4220,keep the man.,False,0
4221,he can drive the school bus.,False,0
4222,"he's over here, Child.",False,0
4223,now that's another man.,False,0
4224,now you have two men.,False,0
4225,"Child, pick me up that red piece right there.",False,0
4226,pick me up that red piece.,False,0
4227,right there.,False,0
4228,"give that to Mummy, please.",False,0
4229,ok.,False,0
4230,right there.,False,0
4231,there's some more red pieces.,False,0
4232,this is going to be a big school bus.,False,0
4233,"can I have him, Child?",False,0
4234,"you're going to help me, aren't you?",False,0
4235,"good morning, this is Mother and Child.",False,0
4236,we are taping at their home.,False,0
4237,"and Child's birthday is April ten, nineteen eighty four.",False,0
4238,Micky pointed,False,0
4239,he held out his arms but the broom pushed him down.,False,0
4240,is there any way *NULL* to stop the broom?,True,1
4241,what did he do?,True,1
4242,"he chopped it into pieces, that's right.",False,0
4243,"but all the pieces started to move, and all the new brooms had arms.",False,0
4244,Mickey leaned against the door to keep them out but they kept,False,0
4245,"brooms and more brooms, they kept pouring the water and getting the",False,0
4246,poor Mickey.,False,0
4247,he tried to get the magic book but he couldn't find the magic.,False,0
4248,"Mickey couldn't find the words, there was nothing he",False,0
4249,suddenly there was a great shadow on the wall.,False,0
4250,what happened?,True,1
4251,"the sorcerer came back, he knew what Mickey had done.",True,1
4252,he raised his arms and everything disappeared.,False,0
4253,all the water and the brooms were gone just one broom was left.,False,0
4254,"the sorcerer looked down at Mickey, he was mad.",False,0
4255,Mickey took off the sorcerer's hat and,False,0
4256,Mickey laughed but the sorcerer didn't laugh.,False,0
4257,the sorcerer looked down at Mickey and he said,False,0
4258,don't start what you cann't finish.,True,1
4259,Mickey went back to work.,False,0
4260,ok.,False,0
4261,can you put this book back for me?,False,0
4262,cutie!,False,0
4263,"good job, Child.",False,0
4264,here's a consent form.,False,0
4265,"yeah, Dan was just saying that, he said.",False,0
4266,didn't you even read the,False,0
4267,"yeah, um.",False,0
4268,"here, how much did Projectdirector tell you about it over the",False,0
4269,"just what was on the, um, just what was posted.",True,1
4270,ok.,False,0
4271,um.,False,0
4272,"let's see, ok.",False,0
4273,I don't want to tell you too much until after we're done but,False,0
4274,um.,False,0
4275,ok.,False,0
4276,"there, well, there shouldn't be three sessions but",False,0
4277,ok.,False,0
4278,there should be only two.,False,0
4279,the first one's like about a half hour.,False,0
4280,to get used to each other and the second one about an hour usually.,False,0
4281,maybe if we do the second hour on a Saturday.,True,1
4282,"ok, yeah that'd be fine.",False,0
4283,either that or really early in the morning.,False,0
4284,"that'd be fine, either way.",False,0
4285,"we're not ready to go yet, sweetheart, we're going to play a little bit",False,0
4286,want to see the paper?,False,0
4287,it's a consent form.,False,0
4288,can you see some letters there?,False,0
4289,what letters do you know?,True,1
4290,those are numbers.,False,0
4291,"you're right, there is a number two.",False,0
4292,"it's hard to read those letters, Child, because they're little.",False,0
4293,you only know big letters.,False,0
4294,how about the letters on your shirt?,False,0
4295,what's written on the shirt?,True,1
4296,do you have some letters on your shirt?,False,0
4297,they're upside down but they're.,False,0
4298,"it's easier to read the letters on the refrigerator, right?",False,0
4299,do you want to read another book?,False,0
4300,ok.,False,0
4301,"do you know what book I found, Child, I found the teddy bear book.",True,1
4302,do you want to read that one?,False,0
4303,"do you remember, it was lost, I found it underneath",False,0
4304,"here's the teddy bear book, do you want to read that one?",False,0
4305,which one do you want?,True,1
4306,baby bear?,False,0
4307,baby bear book?,False,0
4308,your backpack?,False,0
4309,"where'd it go, it's right here.",True,1
4310,the other backpack?,False,0
4311,this is your only backpack.,False,0
4312,you don't want to wear your backpack?,False,0
4313,you want to wear the backpack?,False,0
4314,no?,False,0
4315,the raccoon backpack?,False,0
4316,no?,False,0
4317,what do you want to do with it?,True,1
4318,did you want to read a book?,False,0
4319,what book do you want to read?,True,1
4320,"why don't you go pick another book, ok?",True,1
4321,mommy should pick it?,False,0
4322,do you want to read Night_night_moon?,False,0
4323,ok.,False,0
4324,big decision!,False,0
4325,"ok, Night_night_moon is up here.",False,0
4326,yup.,False,0
4327,"oh, there it is",False,0
4328,"it opens right there, doesn't it?",False,0
4329,open.,False,0
4330,"no, what?",False,0
4331,you don't want to read Night_night_moon?,False,0
4332,do you want to read this?,False,0
4333,no?,False,0
4334,do you want to read Kiss_for_little_bear?,False,0
4335,no?,False,0
4336,your story?,False,0
4337,what's your story?,True,1
4338,another story?,False,0
4339,you don't want A_kiss_for_little_bear?,False,0
4340,no?,False,0
4341,ok.,False,0
4342,want The_little_engine_that_could?,False,0
4343,yeah.,False,0
4344,ok.,False,0
4345,right!,False,0
4346,"chug chug chug, puff puff puff,, ding dong, ding dong.",False,0
4347,"the little train rumbled over the tracks, she was a happy train.",False,0
4348,because she had such nice things *NULL* to carry.,True,1
4349,"she had toy animals, what animals were there?",True,1
4350,bears.,False,0
4351,elephant.,False,0
4352,giraffe.,False,0
4353,very good.,False,0
4354,there were dolls and there were puzzles and books and all kinds of good things for *NULL* boys and girls to eat.,True,1
4355,like oranges and apples and milk and spinach and lollypops.,False,0
4356,the little train was carrying all of those wonderful things to the good little boys and girls on the other side of the mountain.,False,0
4357,"that's right, there's a bear.",False,0
4358,"all of the sudden the train stopped, she couldn't go any more.",False,0
4359,any more.,False,0
4360,so the little clown said let's ask another engine here.,False,0
4361,and they all said together.,False,0
4362,"please, shiny new engine, willn't you",False,0
4363,but the shiny engine said.,False,0
4364,"I pull you, I 'm a passenger train.",False,0
4365,and then off he steamed.,False,0
4366,and then the little train and all the dolls and toys were so sad.,False,0
4367,but the clown said.,False,0
4368,"here comes a big strong engine, let's ask him.",False,0
4369,they said.,False,0
4370,"oh please, big engine, willn't you please pull our train over?",False,0
4371,but the big strong engine said.,False,0
4372,I 'm a freight engine.,False,0
4373,I just pulled a big train loaded with machines over the mountains.,False,0
4374,and then they were all very sad.,False,0
4375,but the clown said here comes another train.,False,0
4376,he looks very tired but maybe he can help us.,False,0
4377,so they said.,False,0
4378,"please, kind engine, willn't you please pull our train?",False,0
4379,but the rusty old engine said.,False,0
4380,"I 'm too tired, I cann't even pull even",False,0
4381,then the little train and the dolls and toys were ready to cry but,False,0
4382,oh,False,0
4383,our engine broke down and now the boys and girls on the other side,False,0
4384,the little blue engine said.,False,0
4385,"I 'm not very big, I 'm not sure I can.",False,0
4386,"I think I can, I think I can.",False,0
4387,and so she hitched herself up to the train and they started to go.,False,0
4388,"I think I can, I think I can, I think I can, I think I can.",False,0
4389,"up up up up faster and faster faster faster, the little train",False,0
4390,and then they knew they had made it and they went down the other,False,0
4391,"I thought I could, I thought I could, I",False,0
4392,more story?,False,0
4393,from here or from someplace else?,False,0
4394,do you want to read.,False,0
4395,Are_you_my_mother?,False,0
4396,"yeah, you're right, it's up on the table.",False,0
4397,you going to read it?,False,0
4398,or you want mommy to read it?,False,0
4399,ok.,False,0
4400,Are_you_my_mother?,False,0
4401,a mother bird sat on her egg.,False,0
4402,the egg jumped.,False,0
4403,"oh my said the baby bird, my baby will be here, he will want to",False,0
4404,so away she went.,False,0
4405,the egg jumped.,False,0
4406,it jumped,False,0
4407,and jumped and jumped and out came,False,0
4408,the baby bird.,False,0
4409,where is my mother?,True,1
4410,he said.,False,0
4411,he looked for her.,False,0
4412,"he looked up, he didn't see her.",False,0
4413,"he looked down, he didn't see her.",False,0
4414,is she down there?,False,0
4415,no.,False,0
4416,I will go and look for her he said.,False,0
4417,"and so away he went, down out of the tree he went, down, down, down.",False,0
4418,it was a long way down.,False,0
4419,the baby bird couldn't fly.,False,0
4420,right.,False,0
4421,he couldn't fly but he could walk.,False,0
4422,now I will go and find my mother he said.,False,0
4423,"he didn't know what his mother looked like, he went right by her.",True,1
4424,what's she doing?,True,1
4425,"she's, she's, well, she's not going to eat it, she's going To get it for",False,0
4426,he came to a,False,0
4427,kitten.,False,0
4428,are you my mother?,False,0
4429,he said to the kitten.,False,0
4430,"the kitten just looked and looked, he didn't say anything.",False,0
4431,so the kitten wasn't his mother.,False,0
4432,then he came to a,False,0
4433,a what?,False,0
4434,"chicken, right.",False,0
4435,are you my mother?,False,0
4436,he said to the hen.,False,0
4437,no said the hen.,False,0
4438,"the kitten wasn't his mother, the hen wasn't his mother, so the baby",False,0
4439,I have to find my mother.,False,0
4440,he said.,False,0
4441,then he came to a,False,0
4442,dog.,False,0
4443,are you my mother?,False,0
4444,he said to the dog.,False,0
4445,is that his mother?,False,0
4446,"no, I 'm not your mother, I 'm a dog.",False,0
4447,said the dog.,False,0
4448,"the kitten wasn't his mother, the hen wasn't his mother, the dog",False,0
4449,now he came to a,False,0
4450,cow.,False,0
4451,moo.,False,0
4452,are you my mother.,False,0
4453,he said to the cow.,False,0
4454,how could I be your mother.,True,1
4455,said the cow.,False,0
4456,I 'm a cow.,False,0
4457,"the kitten and the hen weren't his mother, the dog and the cow",False,0
4458,did he have a mother?,False,0
4459,no?,False,0
4460,"you have a mother, that's right.",False,0
4461,"right, your mommy is your mother.",False,0
4462,"then the baby bird didn't walk, he ran.",False,0
4463,he saw a car.,False,0
4464,is that his mother?,False,0
4465,no.,False,0
4466,"then he looked way down, what did he see?",True,1
4467,a boat!,False,0
4468,he called to the boat but the boat didn't answer.,False,0
4469,then he looked and what did he see?,True,1
4470,"up in the sky, what was it?",True,1
4471,airplane.,False,0
4472,"here I am, mother he said but the plane didn't stop.",False,0
4473,"then the baby bird saw a big thing, this must be his mother.",False,0
4474,no?,False,0
4475,"there she is he said, there's my mother.",False,0
4476,"snort, right.",False,0
4477,"he ran right up to it and said mother, mother.",False,0
4478,but the big thing just said,False,0
4479,snort.,False,0
4480,"oh, you're not my mother the bird said, you're a snort, I have to",False,0
4481,"but the baby bird couldn't get away, the snort went up, it went way",False,0
4482,"up, up, up went the baby bird.",False,0
4483,"but where's the snort going, uh oh, what is the snort going to do to",True,1
4484,just then the snort came to a stop.,False,0
4485,"where am I said the baby bird, I want to go home.",True,1
4486,I want my mother.,False,0
4487,then something happened.,False,0
4488,"the snort put that baby bird right back in the tree, the baby bird",False,0
4489,just then the mother bird came back to the tree.,False,0
4490,do you know who I am.,True,1
4491,she said to her baby.,False,0
4492,"yes, I know who you are.",True,1
4493,said the baby bird.,False,0
4494,"you are not a kitten, you are not a hen, you are not a dog or a cow",False,0
4495,you are a bird and you are my mother.,False,0
4496,you're going to read it now?,False,0
4497,ok.,False,0
4498,your book.,False,0
4499,Mother bird is sitting on the egg.,False,0
4500,that is right.,False,0
4501,out came a baby bird.,False,0
4502,"you're right, the snort put the baby bird back in the tree.",False,0
4503,and then his mommy came home.,False,0
4504,very good.,False,0
4505,are you going to put it back?,False,0
4506,"you can put it back on the shelf, it's ok.",False,0
4507,it was only on the table because it was ripped but it's all fixed.,False,0
4508,"want to look in my bag, Child?",False,0
4509,back on the shelf.,False,0
4510,I've got a toy bag here.,False,0
4511,"oh, you want to see what toys Observer has?",True,1
4512,"well, put the book back first, please, Child.",False,0
4513,"right there, very good.",False,0
4514,you want to read another book?,False,0
4515,"but Observer has some toys, you want to see Observer's toys?",False,0
4516,yeah.,False,0
4517,"that's good, Child.",False,0
4518,"Child, there's a book in here if you want to read it.",True,1
4519,it's a word book.,False,0
4520,"oh, what do you see on that book, Child.",True,1
4521,what do you see?,True,1
4522,"come on, Eth, you tell me some of these things.",False,0
4523,do you know what that is?,True,1
4524,"pumpkin, right.",False,0
4525,and what's that?,True,1
4526,dog.,False,0
4527,what's that?,True,1
4528,"what's that, Child?",True,1
4529,"fireengine, right.",False,0
4530,what's that?,True,1
4531,hamburger.,False,0
4532,hot dog.,False,0
4533,do you know what that is?,True,1
4534,it's a hose like *NULL* we use in a garden.,True,1
4535,do you know what color it is?,True,1
4536,green.,False,0
4537,"oh, what's that.",True,1
4538,dinosaur.,False,0
4539,and what's that?,True,1
4540,"chick, good.",False,0
4541,pumpkin?,False,0
4542,"no, that's a peach.",False,0
4543,do you know what that is?,True,1
4544,do you know what that is?,True,1
4545,it's a piece of cake.,False,0
4546,"and it has a candle on it, what does that mean?",True,1
4547,when do you have candles?,True,1
4548,"on cake, great.",False,0
4549,"for what, for birthdays.",False,0
4550,"that's a mushroom, toadstool.",False,0
4551,"oh, what's that.",True,1
4552,giraffe.,False,0
4553,do you know what that is?,True,1
4554,"getting a little sleepy, huh?",False,0
4555,"do you know what that is, Child?",True,1
4556,it's a stop sign.,False,0
4557,like you have in your in your truck.,False,0
4558,and you know what that is?,True,1
4559,green light go.,False,0
4560,ok and what else?,False,0
4561,"oh, we have colors here.",False,0
4562,can you tell me all these colors?,False,0
4563,"those are strawberries, right, what color are they?",True,1
4564,blue?,False,0
4565,what color are those strawberries.,True,1
4566,"oh, you're right, the plums are blue but what color are the",False,0
4567,see the strawberries up here?,False,0
4568,what color are those?,True,1
4569,Child!,False,0
4570,what color are those strawberries?,True,1
4571,"red, you tease.",False,0
4572,what's underneath the strawberries?,True,1
4573,carrots.,False,0
4574,what color are the carrots?,True,1
4575,what color are they?,True,1
4576,orange.,False,0
4577,and what color is this bird?,True,1
4578,what color is the bird?,True,1
4579,yellow.,False,0
4580,"these are peas, what color are the peas?",True,1
4581,what color are those peas?,True,1
4582,"oh, you want to count them?",False,0
4583,what color are they?,True,1
4584,count?,False,0
4585,one,False,0
4586,eleven?,False,0
4587,I never heard eleven before.,False,0
4588,do you know what color these peas are?,True,1
4589,green.,False,0
4590,what color are these flowers?,True,1
4591,blue.,False,0
4592,and do you know what these are?,True,1
4593,these are plums.,False,0
4594,what color are the plums?,True,1
4595,they look kind of blue.,False,0
4596,"that's purple though, it's dark purple.",False,0
4597,do you know what color this mouse is?,True,1
4598,"he's not pink, he's grey.",False,0
4599,what about the rabbit?,False,0
4600,what color is the rabbit?,True,1
4601,"that's not a rabbit, that's a mouse.",False,0
4602,that's a rabbit.,False,0
4603,do you know who all those people are?,True,1
4604,that's a mommy and a daddy and a boy and a girl and a baby.,False,0
4605,and here are some clothes.,False,0
4606,can you tell what the clothes are?,True,1
4607,what?,False,0
4608,"you getting bored here, Child?",False,0
4609,let's see if we can find you something a little bit more,True,1
4610,"oh, trucks are interesting.",False,0
4611,here's a bus.,False,0
4612,what else?,False,0
4613,cars.,False,0
4614,what's that?,True,1
4615,"tractor, that's right.",False,0
4616,do you know what that is?,True,1
4617,what's that?,True,1
4618,dump truck.,False,0
4619,very good.,False,0
4620,"let's see if we can find a, a front loader for you.",True,1
4621,"well, we don't really have one but we have a bulldozer, it's kind",False,0
4622,"what about a train, do you see a train?",False,0
4623,yeah.,False,0
4624,fast train.,False,0
4625,that's right.,False,0
4626,and another train.,False,0
4627,and do you see a fire engine?,False,0
4628,yeah.,False,0
4629,bus.,False,0
4630,dump truck.,False,0
4631,do you see a baby carriage?,False,0
4632,what's in the baby carriage?,True,1
4633,no?,False,0
4634,what's that?,True,1
4635,is that a baby carriage?,False,0
4636,with a doll in it?,False,0
4637,what do we have here?,True,1
4638,"there's a school bus, that's right.",False,0
4639,what's that?,True,1
4640,a frog.,False,0
4641,what's that?,True,1
4642,butterfly.,False,0
4643,bird.,False,0
4644,on the tree.,False,0
4645,"no, this one's on the fence but there's a bird in the tree, that's a",False,0
4646,he's on the fence.,False,0
4647,not in the tree?,False,0
4648,ok.,False,0
4649,on the fence.,False,0
4650,what's here.,True,1
4651,do you know some of these words?,False,0
4652,what's that?,True,1
4653,telephone.,False,0
4654,"black telephone, very good.",False,0
4655,what are those?,True,1
4656,stairs.,False,0
4657,that's right.,False,0
4658,you can walk up the stairs.,False,0
4659,and a door.,False,0
4660,open the door?,False,0
4661,what do you need *NULL* to open the door?,True,2
4662,do you need a key?,False,0
4663,where's a key?,True,1
4664,yes.,False,0
4665,"oh, you're right, that's not what your keys look like.",True,1
4666,where are your keys?,True,1
4667,in the door?,False,0
4668,I 'm not sure where your keys are.,True,1
4669,"oh, look, we have all kinds of things now.",False,0
4670,do you want your keys?,False,0
4671,"I 'm sorry I brought it up, Child, because I 'm not sure where your",False,0
4672,"oh, you know what?",False,0
4673,"you can have these for right now, you just have to remember to give",False,0
4674,"not those keys, because those aren't yours.",False,0
4675,"here they are, ok.",False,0
4676,I found your keys.,False,0
4677,yeah.,False,0
4678,"give mommy back those keys, please.",False,0
4679,"let me have those keys, please, let me have those keys.",False,0
4680,"ok, you can have your keys.",False,0
4681,"they go in the door, that's right.",False,0
4682,go in.,False,0
4683,bye bye.,False,0
4684,"bye bye, Child.",False,0
4685,"did you go on a trip, Child?",False,0
4686,what did you do?,True,1
4687,where did you go?,True,1
4688,"Child, did you come back?",False,0
4689,back door.,False,0
4690,"I know, that door is more fun but it's too cold to open.",False,0
4691,that door open?,False,0
4692,bye bye.,False,0
4693,want your keys?,False,0
4694,I don't think you can leave them in the door and take them out at,False,0
4695,"you took them out, ok.",False,0
4696,oh.,False,0
4697,bye.,False,0
4698,"it's been about a half an hour, I think.",False,0
4699,he's not coming into bed with us anymore.,False,0
4700,um hmm.,False,0
4701,it's hard to get to sleep with him.,False,0
4702,that's right.,False,0
4703,he can try but.,False,0
4704,ok?,False,0
4705,there's your juice.,False,0
4706,in an orange cup.,False,0
4707,"looks like you have paint on your face, Child.",False,0
4708,Magic Marker?,False,0
4709,Marker.,False,0
4710,do you want something *NULL* to eat?,True,1
4711,no thanks.,False,0
4712,what is that?,True,1
4713,what is it?,True,1
4714,I 'm not even sure.,False,0
4715,it's a beetle?,False,0
4716,"no, it's not.",False,0
4717,that's its legs.,False,0
4718,it's an ant.,False,0
4719,what's that?,True,1
4720,maybe it's an uncle.,False,0
4721,it's an uncle?,False,0
4722,"no, it's an ant.",False,0
4723,it's a lot of legs.,False,0
4724,how many legs?,False,0
4725,six.,False,0
4726,that's because it's a bug.,False,0
4727,"it's not a bug, it's an ant.",False,0
4728,bug.,False,0
4729,what's that?,True,1
4730,that's what comes and sits besides Little Miss Muffet.,True,1
4731,it's a spider.,False,0
4732,"like, like the eensie weensie spider, right.",False,0
4733,but that's a big fat spider.,False,0
4734,big one.,False,0
4735,what color is it?,True,1
4736,a baby one.,False,0
4737,"a big one, it's a big black one.",False,0
4738,here's another spider.,False,0
4739,"that's a big, black, fat, hairy spider.",False,0
4740,"now here comes the frog, and he's going to eat him up, yum yum yum yum.",False,0
4741,I gave these as prizes to my senior biochemistry class.,False,0
4742,these are the leftovers.,False,0
4743,did they have a quiz or something?,False,0
4744,they had a lab exercise where they had to race each other for the,True,1
4745,"and I wanted to give them a wide choice, so I had a whole lot of",False,0
4746,yeah.,False,0
4747,maybe I should borrow them for Friday.,False,0
4748,"yeah, now it's time *NULL* to eat.",True,1
4749,"you can keep those in front of you while you're eating, Child.",False,0
4750,they can watch you.,False,0
4751,they might eat your cereal.,False,0
4752,"here's the frog, and the lobster, and the centipede, and another",False,0
4753,big spider.,False,0
4754,big fat spider.,False,0
4755,nice juicy spider.,False,0
4756,when you get a little older we'll very nice people who've got a,True,2
4757,they've got a pig and a spider.,False,0
4758,yeah.,False,0
4759,should we make some coffee?,False,0
4760,ok.,False,0
4761,"no, all gone.",False,0
4762,you can grind up some coffee.,False,0
4763,all gone.,False,0
4764,that's a wonderful grinder.,False,0
4765,Daddy's putting the coffee in.,False,0
4766,"yeah, you can go around and around.",False,0
4767,"pull hard, pull hard.",False,0
4768,tell him to push.,False,0
4769,"come on, pull.",False,0
4770,pull.,False,0
4771,then you push.,False,0
4772,oops.,False,0
4773,"no, it goes one way.",False,0
4774,"no, the wrong way.",False,0
4775,there you go.,False,0
4776,"alright, daddy will do some.",False,0
4777,"why don't you eat your cereal, Child.",True,1
4778,you want some help with your cereal?,False,0
4779,"yeah, one fell down, that's ok.",False,0
4780,Pittsburg will eat it.,False,0
4781,ee_yay_ee_yay_oh?,False,0
4782,what did he have?,True,1
4783,"boy, you're being shy, Child.",False,0
4784,you want to do some turns?,False,0
4785,"no, pull, Child, don't push.",False,0
4786,"see, if you push it'll fall off like that.",True,1
4787,daddy.,False,0
4788,I should help you?,False,0
4789,"Child, you're such a big boy.",False,0
4790,you don't need help eating your cereal.,False,0
4791,"you're, you're a phony baloney.",False,0
4792,"if you're big enough to crawl out of your crib, you're big enough to",True,1
4793,what does Doctor Spock say about this getting up in the middle of,False,0
4794,you haven't gotten up in the middle of the night since you were a,False,0
4795,"I don't know what Doctor Spock says but I know, I know what I say.",True,2
4796,it's got to stop.,False,0
4797,the terrible twos.,False,0
4798,uh,False,0
4799,I don't know,False,0
4800,"it's very simple, we move the bed.",False,0
4801,"where, downstairs?",False,0
4802,"either down here, in the basement",False,0
4803,you want to sleep in the basement?,False,0
4804,you want to move your bed down into Kean's room?,False,0
4805,you want to sleep in Kean's room?,False,0
4806,actually that's not a bad idea.,False,0
4807,shortly.,False,0
4808,"no, I don't know.",False,0
4809,why not?,False,0
4810,because I 'm not sure I'll hear him.,False,0
4811,that's why we're moving him!,True,1
4812,out of sight out of mind.,False,0
4813,then if he wants to get up I can get out of bed.,True,1
4814,there's too much that he could kill himself with down there.,True,1
4815,"yeah, yeah, it's, give him another year.",False,0
4816,try it when he's three.,True,1
4817,"did you talk to your new cousin last night, Child?",False,0
4818,who's your new cousin?,True,1
4819,Noah?,False,0
4820,"and what does Noah do for a living, does he build arcs?",True,1
4821,the rest.,False,0
4822,his name is Noah what?,False,0
4823,I still haven't asked if there's a middle name.,True,1
4824,"what's, what's it's cold?",False,0
4825,call him Noah Sara.,False,0
4826,Noah Sara.,False,0
4827,um hmm.,False,0
4828,why?,False,0
4829,"well, just in case.",False,0
4830,what's down there?,True,1
4831,"books, yeah.",False,0
4832,probably because we forgot to pick them up last night.,False,0
4833,I'll get those for you.,False,0
4834,"yup, book.",False,0
4835,"you're not food, you're not interesting.",False,0
4836,"what, sweetheart?",False,0
4837,"um hmm, I've got the fire on.",False,0
4838,what am I doing?,True,1
4839,grinding the coffee.,False,0
4840,I 'm actually getting ready for the big bad wolf.,False,0
4841,"yeah, daddy's making more coffee.",False,0
4842,that's the.,False,0
4843,old McDonald has what?,False,0
4844,"don't talk with your mouth ful, honey, even if daddy prompts you to.",True,1
4845,I 'm just afraid he's going to choke one day with his mouth full.,False,0
4846,I don't care about the manners part.,False,0
4847,"one day he's going to, anyway.",False,0
4848,yeah.,False,0
4849,Mommy's right here.,False,0
4850,old MacDonald had a mommy?,False,0
4851,and what did the mommy say?,True,1
4852,probably.,False,0
4853,no no no.,False,0
4854,"with a no no, here, and a no, no there, here a no, there a no.",False,0
4855,Mommy's here.,False,0
4856,do you need a hug?,False,0
4857,you need a hug.,False,0
4858,looks like you need a hug.,False,0
4859,do you want me to give you a hug?,False,0
4860,mmm.,False,0
4861,could I have a kiss too?,False,0
4862,"very nice, thank you.",False,0
4863,"is that your favorite song now, ee_yay_ee_yay_oh?",False,0
4864,it's only got three letters instead of the abc's like that has all,False,0
4865,"yep, the letters run off the tree.",False,0
4866,"juice, please.",False,0
4867,did I hear please?,False,0
4868,"yup, it's on the table.",False,0
4869,what's that?,True,1
4870,a piece of wood?,False,0
4871,a cutting board.,False,0
4872,"right, it's for cutting.",False,0
4873,a walnut cutting board.,False,0
4874,for cutting walnuts.,False,0
4875,we have a bunch of walnuts upstairs.,False,0
4876,"yeah, we've had them for about four years now.",False,0
4877,yum yum.,False,0
4878,"they're black walnuts, they're really hard to crack.",False,0
4879,the person who gave them to us gave them to us because he couldn't,True,1
4880,what do you have to do?,True,1
4881,you have to boil them or something.,False,0
4882,"no, I just take a hammer and put them on the floor of",False,0
4883,you'll have walnut crumbs.,False,0
4884,"hammer, hammer, clap, right.",False,0
4885,"pull, pull, hammer, hammer, clap.",False,0
4886,"that's right, who taught you that song?",True,1
4887,Grandma.,False,0
4888,do you want something in it?,False,0
4889,no.,False,0
4890,I think I should just start injecting it intravenously.,False,0
4891,"yeah, I'd like something in mine.",False,0
4892,thank you.,False,0
4893,a shot of brandy.,False,0
4894,"no, I was thinking about Irish Whisky actually.",False,0
4895,"actually, I find it has no effect on my being awake, or not being",False,0
4896,yeah.,False,0
4897,security blanket type.,False,0
4898,I think the kitty smells my bunny on my hands.,False,0
4899,your bunny?,False,0
4900,I have a little bunny at home.,False,0
4901,big bad wolf.,False,0
4902,Mommy's here.,False,0
4903,Child.,False,0
4904,"cereal, Cheerio.",False,0
4905,"oh, that's too bad.",False,0
4906,missed it.,False,0
4907,the Beast Master.,False,0
4908,the president is giving his state of the union address tonight and,False,0
4909,you want to drink up the milk?,False,0
4910,drink your juice.,False,0
4911,more cereal?,False,0
4912,you want Chex or Cheerios?,False,0
4913,or or both?,False,0
4914,Chex.,False,0
4915,Cheerios.,False,0
4916,Cheerios.,False,0
4917,we'd better buy some more Cheerios tomorrow.,False,0
4918,um hmm.,False,0
4919,milk.,False,0
4920,some more milk.,False,0
4921,the bug is eating it?,False,0
4922,ants eating it.,False,0
4923,"that's not a bug, that's an ant.",False,0
4924,Mommy's corrupting you already.,False,0
4925,telling you the wrong names for things.,False,0
4926,maybe Daddy should take you to.,False,0
4927,"which probably was last week or something, so we missed it again.",True,1
4928,"no, no, that's a week from tomorrow.",False,0
4929,today.,False,0
4930,P_one today.,False,0
4931,yesterday's tomorrow.,False,0
4932,"which, I'll probably forget anyway.",True,1
4933,"yeah, Kean'll be here.",False,0
4934,maybe I'll take him.,False,0
4935,Kean'll be here for the week?,False,0
4936,two weeks.,False,0
4937,Kean is coming for two weeks?,False,0
4938,"two weeks, yes.",False,0
4939,so you're not going down?,False,0
4940,he's just staying?,False,0
4941,he's skipping school for two weeks?,False,0
4942,"no, no, no, this is winter break.",False,0
4943,"oh, this is normal winter break for him?",False,0
4944,yeah.,False,0
4945,oh.,False,0
4946,I 'm not sure if it's one week or two weeks but at least a week.,True,1
4947,"Child, Kean is coming for a week.",False,0
4948,"yeah, he knows that.",False,0
4949,who's coming on Friday?,True,1
4950,do you remember who's coming on Friday in an airplane?,True,1
4951,right.,False,0
4952,Child.,False,0
4953,are you going to Kean how you climbed out of the crib?,True,1
4954,are you proud of yourself?,False,0
4955,"it wasn't so much fun to fall on your head though, was it?",False,0
4956,what happens when you climb out of your crib.,True,2
4957,do you fall on your head?,False,0
4958,actually the second time he didn't land on his head.,False,0
4959,oh.,False,0
4960,oh.,False,0
4961,he's learning to swing his feet around.,False,0
4962,"what he must do, he must just pull himself straight up and then",True,1
4963,that's right.,False,0
4964,that's the only way *NULL* I can imagine.,True,1
4965,and once he learns to rotate around it'll be ok.,False,0
4966,it's still a long drop.,False,0
4967,"he's, that's not that long if he",True,1
4968,it's a soft rug.,False,0
4969,mmm.,False,0
4970,actually if he keeps doing it then I'll know.,True,1
4971,"yeah, if he keeps doing it we should block off the stairs and",True,1
4972,"no, that's what I mean, we'll lower the sides so that he can",True,1
4973,"no, I know that, but I mean also he'll probably just wander around in",False,0
4974,unfortunately it's impossible to block off.,False,0
4975,"oh, the stairway, I think he knows not to go down the stairs by",False,0
4976,"yeah, you have blue marker on your hand.",False,0
4977,"that's because you were drawing yesterday, remember?",False,0
4978,"writing, because you were writing yesterday.",False,0
4979,you want to wash your hands?,False,0
4980,when you finish your breakfast you can wash your hands.,True,1
4981,after breakfast.,False,0
4982,actually those markers don't come off as easily as I had hoped.,False,0
4983,"water soluble, huh?",False,0
4984,they say they're water soluble and I tested them out on myself.,False,0
4985,I drew on myself and I washed it off and I drew on the table and,False,0
4986,but somehow he gets it embedded better.,False,0
4987,yeah.,False,0
4988,did you wait till it dried before you washed it off or did you do it?,False,0
4989,I probably didn't.,False,0
4990,I was impatient.,False,0
4991,oh.,False,0
4992,today's Tuesday.,False,0
4993,"I don't know, you know your schedule, I don't.",False,0
4994,you better go ask her if she doesn't mind waiting until eight.,True,1
4995,otherwise I can take Child in.,False,0
4996,"Observer knows sign language, Child, you can talk to her in that.",False,0
4997,where did you learn that?,True,1
4998,"oh, he doesn't.",False,0
4999,Child has a little girl in his class with Down's syndrome.,False,0
5000,"so they do some sign language with her, I think they do.",False,0
5001,"daddy went upstairs, he'll be right down.",False,0
5002,right down.,False,0
5003,broken?,False,0
5004,what's broken?,True,1
5005,a kiss?,False,0
5006,that's a kiss broken?,False,0
5007,no.,False,0
5008,how could a kiss be broken?,True,1
5009,you want to a kiss from mommy?,False,0
5010,a hug.,False,0
5011,"ok, could you wipe your hands first before you get a hug?",False,0
5012,hug and a kiss.,False,0
5013,very good.,False,0
5014,oh.,False,0
5015,grandparents.,False,0
5016,check.,False,0
5017,up in the sky.,False,0
5018,there's daddy.,False,0
5019,I told you he'd be right down.,False,0
5020,Daddy's coming.,False,0
5021,I don't know why he went into Kean's room but he'll be right out.,True,1
5022,right out.,False,0
5023,"right down, well, he came down and now he'll be right out.",False,0
5024,"yeah, outside it's cold.",False,0
5025,"yeah, daddy just went to get his shoes.",False,0
5026,"out of Kean's room, yeah.",False,0
5027,now he's looking for some oil for his shoes.,False,0
5028,he went upstairs.,False,0
5029,he'll be right down.,False,0
5030,right down.,False,0
5031,"are you all done with your cereal, Child?",False,0
5032,you still eating?,False,0
5033,careful.,False,0
5034,you want to drink up the milk now?,False,0
5035,do you want to drink up your juice first?,False,0
5036,kisses must be fairly hard to learn.,False,0
5037,he just learned them about a month ago.,False,0
5038,he still hasn't learned to put them on anybody's cheek or anything.,False,0
5039,sometimes if you rush over fast you can get it on your cheek.,True,1
5040,they really do melt hearts of stone.,False,0
5041,"ok, Child, it's hard to drink while you're kissing.",False,0
5042,all done with the juice.,False,0
5043,all done with the milk too?,False,0
5044,all done.,False,0
5045,"ok, thank you.",False,0
5046,can you wipe your hands and face?,False,0
5047,then you can go wash your hands if you want.,True,1
5048,do you want to go wash the milk all off of your hands?,False,0
5049,on your fingers too?,False,0
5050,go to school in your pajamas?,False,0
5051,"let's go upstairs and get dressed, ok?",False,0
5052,you want to stay in pajamas?,False,0
5053,that's silly.,False,0
5054,how are you going to put on your shoes and socks if you're wearing,True,1
5055,your pajamas?,False,0
5056,that's pretty silly.,False,0
5057,let's go upstairs and put some clothes on.,False,0
5058,then we can still read a book.,False,0
5059,that book?,False,0
5060,the elephant book?,False,0
5061,"ok, let's read the",False,0
5062,and also happy birthday moon?,False,0
5063,mommy will read it.,False,0
5064,on that chair.,False,0
5065,which one first?,False,0
5066,"ok, elephant book first.",False,0
5067,that's your comb and brush.,False,0
5068,you want to hear the rest of the story?,False,0
5069,I fixed your brush.,False,0
5070,mommy should brush?,False,0
5071,you comb and mommy will brush.,False,0
5072,"oh, mommy didn't do such a great job of fixing this.",False,0
5073,"no, we still shouldn't touch it very much.",False,0
5074,the glue didn't set very well.,False,0
5075,maybe it just is broken in a bad place.,False,0
5076,it's still very mushy.,False,0
5077,"well, we'll leave it over there.",False,0
5078,"no, sweetheart, it's still broken.",False,0
5079,you can use the comb but not the brush.,False,0
5080,no comb?,False,0
5081,"Child, I 'm sorry but the brush isn't working very well.",False,0
5082,do you want to read the story or do you want to get dressed?,False,0
5083,do you want to read the story?,False,0
5084,let's finish the story and then it's time *NULL* to get dressed.,True,1
5085,"ok, now it's time",False,0
5086,"right, those are abc's, can you find some letters that you know?",True,1
5087,"those are blue letters, right.",False,0
5088,can you find an inventory on here?,False,0
5089,an inventory for Child?,False,0
5090,that's right.,False,0
5091,good job.,False,0
5092,ok.,False,0
5093,that's the elephant book.,False,0
5094,"el is for elephant, and also for Child.",False,0
5095,do you know what that letter is?,True,1
5096,"bl, that's right.",False,0
5097,"let's see, do you know some of these letters?",False,0
5098,where's an ol?,True,1
5099,where's an ol?,True,1
5100,"right, you saw an al in happy birthday and where's the ol?",True,1
5101,I see two of em.,False,0
5102,I see two o's.,False,0
5103,that's right.,False,0
5104,good job.,False,0
5105,"yeah, we'll go get dressed.",False,0
5106,do you want to climb on the stairs or should mommy carry you?,False,0
5107,"yeah, that's the new door.",False,0
5108,do you want to show Observer the new door?,False,0
5109,"that's right, that's the new door.",False,0
5110,"that's, Daddy made it, that's right.",False,0
5111,"yeah, let's go up the stairs.",False,0
5112,hold your hand too?,False,0
5113,it's not going to work very well.,False,0
5114,that's right.,False,0
5115,oops.,False,0
5116,you need to hold my hand?,False,0
5117,sure.,False,0
5118,what comes after gl?,True,1
5119,hl.,False,0
5120,yeah and maybe we'll put on two shirts because it's so cold.,False,0
5121,yeah.,False,0
5122,do you want to stay in the house?,False,0
5123,how can you stay in the house when you have to go to school?,True,2
5124,yeah.,False,0
5125,"yeah, you need to go to school.",False,0
5126,see Rona and Markie and Nancy.,False,0
5127,Mommy's going to go to work.,False,0
5128,Child's going to go to school.,False,0
5129,"let's change your diaper, ok?",False,0
5130,"yeah, we'll put on the sweatshirt also.",False,0
5131,and the pants.,False,0
5132,the sweatshirt too.,False,0
5133,and a clean diaper.,False,0
5134,ee_yay_ee_yay_oh.,False,0
5135,"old MacDonald had a big bad wolf, ee_yay_ee_yay_oh.",False,0
5136,do you want some powder?,False,0
5137,powder?,False,0
5138,and a clean diaper.,False,0
5139,and then pants?,False,0
5140,and a sweatshirt too.,False,0
5141,and socks too.,False,0
5142,and shoes too.,False,0
5143,"what, sweetheart?",False,0
5144,Mommy's shirt.,False,0
5145,"yeah, what color is mommy's shirt?",True,1
5146,yeah.,False,0
5147,"your and your sweatshirt, right.",False,0
5148,it's your sweatshirt with a spaceship on it.,False,0
5149,a boat?,False,0
5150,is that a boat?,False,0
5151,"oh, it does look like a boat, doesn't it?",False,0
5152,it's supposed to be a spaceship.,False,0
5153,"ok, it's a boat, I 'm not going to argue with that.",False,0
5154,it looks like a boat to me too.,False,0
5155,it certainly doesn't look like a rocket ship.,False,0
5156,boat.,False,0
5157,pants.,False,0
5158,"here you go, do you want to sit down to put on a sweatshirt?",False,0
5159,what color is this shirt?,True,1
5160,blue.,False,0
5161,what's the big deal?,True,1
5162,was your face stuck?,False,0
5163,"oh, what a terrible thing.",False,0
5164,"yeah, you have your blue shirt underneath your sweatshirt.",False,0
5165,if they put the heat on in school you can take off,True,1
5166,"they always put on too much heat there, don't they, Child?",False,0
5167,it's too hot.,False,0
5168,"oh, we put on your shoes downstairs?",False,0
5169,upstairs?,False,0
5170,"downstairs, ok, take them downstairs.",False,0
5171,"you're right, mommy's going to.",False,0
5172,Mommy's going to.,False,0
5173,that's not going to work.,False,0
5174,"ok, Mommy has shoes too.",False,0
5175,Jill's class isn't until ten thirty so I can wait around,False,0
5176,"ok, well, it's only another ten minutes.",False,0
5177,"ok, whatever.",False,0
5178,that's good because I don't really feel like going through City.,False,0
5179,ok.,False,0
5180,"you want mommy to hold the shoes, then I'll hold your hand too?",False,0
5181,ok.,False,0
5182,"ok, now hold my hand.",False,0
5183,"oh, I forgot the dirty diaper.",False,0
5184,do you want me to get it?,False,0
5185,"oh, Mommy's going to work, right.",False,0
5186,to school.,False,0
5187,"can you hold on to the wall, too?",False,0
5188,"in daddy's car, right.",False,0
5189,you're going to go to school in daddy's car.,False,0
5190,and Jill's going to go with you too.,False,0
5191,and Observer's going to go with you.,False,0
5192,"yeah, we'll put your shoes on downstairs.",False,0
5193,you want to do em on the step?,False,0
5194,ok.,False,0
5195,on that step.,False,0
5196,ok.,False,0
5197,not on that step.,False,0
5198,"well, we started, we cann't stop.",False,0
5199,"ok, other step.",False,0
5200,sit the other shoe.,False,0
5201,"sit down, please.",False,0
5202,"Child, you cann't stand up and put your shoes on.",False,0
5203,"I cann't put your shoe on the bottom of your foot, that's touching the",False,0
5204,that's my hair.,False,0
5205,Mommy's hair.,False,0
5206,"Mommy's going to work, right.",False,0
5207,"you're going to school in daddy's car, right.",False,0
5208,step not all your books but some of,False,0
5209,step down.,False,0
5210,step.,False,0
5211,you have some books in the car.,False,0
5212,"yeah, I think Jill got you a new book.",False,0
5213,"yeah, about rocket ships.",False,0
5214,can you step?,False,0
5215,"is it hard to talk and step down the stairs at the same time, Child?",False,0
5216,yeah.,False,0
5217,mommy should carry you?,False,0
5218,you already did the hard part.,False,0
5219,hard part.,False,0
5220,"Pittsburg, down.",False,0
5221,that's right.,False,0
5222,Pittsburg down.,False,0
5223,want to go out again Pittsburg?,False,0
5224,what is this?,True,1
5225,"ow, Child.",False,0
5226,"you're right, you have to close the door but you don't have to",False,0
5227,"yeah, Jill said she got you a new book.",False,0
5228,black.,False,0
5229,"you're wearing blue socks, yeah.",False,0
5230,blue pants.,False,0
5231,he's all blue.,False,0
5232,Child.,False,0
5233,"yeah, Jill said she got you a new book, I hope she remembers it now.",False,0
5234,I banged your nose.,False,0
5235,kiss it?,False,0
5236,are you going to take my nose?,False,0
5237,"ok, take it.",False,0
5238,I ate it all up.,False,0
5239,"ok, take it back and put it back on.",False,0
5240,"oh, thank you.",False,0
5241,can I take your nose?,False,0
5242,no?,False,0
5243,I 'm going to.,False,0
5244,"oh hey, I got Child's nose.",False,0
5245,you want it back?,False,0
5246,"oh, I 'm going to eat it.",False,0
5247,"oh, you got it back.",False,0
5248,"yeah, you're making an ol out of mommy's hair.",False,0
5249,I know.,False,0
5250,"I don't think you can make an al bl cl out of mommy's hair, I",False,0
5251,what do you see?,True,1
5252,daddy?,False,0
5253,"Child, I think your nails need to be cut off, they're scratching me.",False,0
5254,should we cut your nails?,False,0
5255,"I know you like to cut with paper and scissors, but we don't have",False,0
5256,"no, sweetheart, we're not going to cut with paper and scissors here.",False,0
5257,Jill said.,False,0
5258,if she doesn't remember today she'll bring it tomorrow.,True,1
5259,"well, we did three and there are ten altogether.",False,0
5260,and that's four.,False,0
5261,and that's five.,False,0
5262,I know you don't want to but it's better than scratching yourself.,False,0
5263,"see, you have a little cut under your eye where you scratched.",True,1
5264,"Child, we did six already, we only have four more *NULL* to go.",True,1
5265,"yes, four more.",False,0
5266,"Child, I know you don't want to but you have to.",False,0
5267,"I know, well, that was seven, now we only have three more.",False,0
5268,two more.,False,0
5269,just two more.,False,0
5270,"Child, just two more.",False,0
5271,"Child, I know you don't want to.",False,0
5272,"Child, you know why you're in such a bad mood, it's because you got",True,1
5273,you didn't.,False,0
5274,sleep enough last night.,False,0
5275,one more.,False,0
5276,one more.,False,0
5277,"that's all, all done.",False,0
5278,all done.,False,0
5279,ok?,False,0
5280,"yeah, mommy's right here.",False,0
5281,"yeah, you're going in daddy's car.",False,0
5282,do you want to go find your hat and your coat and your mittens?,False,0
5283,they're on the chair?,False,0
5284,which chair?,False,0
5285,they're on the other chair.,False,0
5286,this is my hat and coat.,False,0
5287,"that's Observer's hat and coat, yours are over there.",False,0
5288,you want to go get them?,False,0
5289,is that ok?,False,0
5290,"yeah, that's fine.",False,0
5291,don't worry about it.,False,0
5292,close enough.,False,0
5293,it's eight thirty anyway.,False,0
5294,"today is June five, nineteen eighty six and Investigator and",False,0
5295,"and Child's birthday is April fifteen, nineteen eighty four.",False,0
5296,is there paper *NULL* for her to color on?,True,1
5297,"um, there's construction paper over there.",False,0
5298,maybe if there's some that's light colored.,True,2
5299,yeah.,False,0
5300,thank you.,False,0
5301,who is this?,True,1
5302,do you know where all the dolls are?,True,1
5303,"hey, look, Child.",False,0
5304,"oh, my gosh, look at this, look at this.",False,0
5305,look at that.,False,0
5306,paper and here's something *NULL* you haven't seen in ages.,True,1
5307,crayons that aren't all busted up into a thousand pieces.,True,1
5308,can you draw a picture for me?,False,0
5309,why don't you draw a picture of this kitty?,True,1
5310,"ok, there's the kitty.",False,0
5311,can you draw a picture of that kitty?,False,0
5312,now not on him.,False,0
5313,draw it on the paper.,False,0
5314,"remember, we always draw on paper.",False,0
5315,that's a girl.,False,0
5316,"why don't you, can you show me where the kitty's ears are?",True,1
5317,can you draw some ears on that kitty?,False,0
5318,"here, I'll draw you a kitty.",False,0
5319,want me to?,False,0
5320,look at that.,False,0
5321,can you draw one that looks like that?,True,1
5322,that's a girl.,False,0
5323,want me to draw another kitty?,False,0
5324,why don't I make a body on this kitty first?,True,1
5325,"here, what are these?",True,1
5326,what are these?,True,1
5327,here we go.,False,0
5328,"do this, do kitty in this color?",False,0
5329,ok.,False,0
5330,should we make a kitty *NULL* lying down?,True,1
5331,ok.,False,0
5332,what's that?,True,1
5333,what do I need to put in?,True,1
5334,what are those?,True,1
5335,"ok, here's the kitty lying down.",False,0
5336,here's the kitty lying down.,False,0
5337,"there, how's that?",True,1
5338,can you say hi?,False,0
5339,hi.,False,0
5340,now what should we draw?,True,1
5341,Child.,False,0
5342,we're still drawing.,False,0
5343,don't you want me to draw you something?,False,0
5344,another kitty?,False,0
5345,what should this kitty do?,True,1
5346,what's this?,True,1
5347,he's a polar bear?,False,0
5348,"oh, what's that one, Child?",True,1
5349,what's that?,True,1
5350,"oh, we saw that one in a picture yesterday.",False,0
5351,what is it?,True,1
5352,do you know what it is?,True,1
5353,here.,False,0
5354,what's that?,True,1
5355,what's that one?,True,1
5356,right.,False,0
5357,what does a lion do?,True,1
5358,do you remember what the lion says?,True,1
5359,do you want to bring this over to the table?,False,0
5360,what are those things *NULL* you found?,True,2
5361,hmm?,False,0
5362,"why don't you put them up on the table, we'll see if we can figure",True,2
5363,want to?,False,0
5364,"where, where's the lion?",True,1
5365,that's the lion.,False,0
5366,ok?,False,0
5367,do you see any other lions in there?,False,0
5368,what's that one?,True,1
5369,it's a sort of lion.,False,0
5370,we call that one a tiger.,False,0
5371,remember the stripes on the tiger?,False,0
5372,lions and tigers and what?,False,0
5373,you remember.,False,0
5374,ok.,False,0
5375,good.,False,0
5376,and what's that bear doing?,True,1
5377,yeah.,False,0
5378,good.,False,0
5379,that's so good.,False,0
5380,this one isn't standing up.,False,0
5381,can you make him?,False,0
5382,that's hard.,False,0
5383,it's hard but you try.,False,0
5384,it's hard.,False,0
5385,"here, we'll try.",False,0
5386,there.,False,0
5387,can we make him stand up?,False,0
5388,"no, he's not standing up, what's he doing?",True,1
5389,are there any more animals?,False,0
5390,why don't you bring all the animals?,True,1
5391,there's some more.,False,0
5392,just bring all the animals.,False,0
5393,oh.,False,0
5394,what's that?,True,1
5395,"and there's, uhoh.",False,0
5396,ok?,False,0
5397,oops.,False,0
5398,he keeps falling down.,False,0
5399,here you go.,False,0
5400,oops.,False,0
5401,now he knocked the other one down.,False,0
5402,there.,False,0
5403,what's he doing?,True,1
5404,"ah, what is that?",True,1
5405,what does the monkey do?,True,1
5406,"you monkeys, you.",False,0
5407,"you monkeys, you.",False,0
5408,what's the monkey do?,True,1
5409,that's right.,False,0
5410,that's another sort of a lion.,False,0
5411,that one looks like this one.,False,0
5412,this is called a llama.,False,0
5413,and what's that one?,True,1
5414,right.,False,0
5415,that's another monkey.,False,0
5416,where are all the bears here?,True,1
5417,where are all the bears?,True,1
5418,can you find all the bears on the table now?,False,0
5419,"where are they, Child?",True,1
5420,is that a bear?,False,0
5421,ok.,False,0
5422,is this a bear?,False,0
5423,are you putting them in back already?,False,0
5424,here.,False,0
5425,remember these things?,False,0
5426,remember about these things?,False,0
5427,you want to try those?,False,0
5428,you've seen those before.,False,0
5429,what are these?,True,1
5430,what did I make for you?,True,1
5431,a bird puppet.,False,0
5432,here you go.,False,0
5433,are you feeding the bird?,False,0
5434,no?,False,0
5435,do you think that duck is hungry?,False,0
5436,you want to put them on?,False,0
5437,so you can see a little better here.,False,0
5438,no?,False,0
5439,here's your guy.,False,0
5440,yup but we can stand him up.,False,0
5441,and then what?,False,0
5442,ah.,False,0
5443,do you think the lion will scare the guy?,False,0
5444,"oh, no!",False,0
5445,what a mean lion.,False,0
5446,he knocked him right down.,False,0
5447,would you be scared?,False,0
5448,does that lion scare you?,False,0
5449,are there any monsters in there?,False,0
5450,can you look and see?,False,0
5451,did that scare the guy?,False,0
5452,"no, ok.",False,0
5453,this is called a llama.,False,0
5454,they're not very scary.,False,0
5455,I think what we need is a house.,True,1
5456,want to make a house for these animals?,False,0
5457,ok.,False,0
5458,here.,False,0
5459,can you make the animals go in the house?,False,0
5460,want them in there?,False,0
5461,yeah.,False,0
5462,ok.,False,0
5463,"yeah, maybe the guy in the house.",False,0
5464,maybe he's sleeping?,False,0
5465,do you think he's sleeping?,False,0
5466,because he lay down.,False,0
5467,want to make a bed for the guy?,False,0
5468,so he can sleep in there?,False,0
5469,"oh, no.",False,0
5470,"well, he's going to have a hard time sleeping with a lion.",False,0
5471,here.,False,0
5472,look at this.,False,0
5473,here's a bed.,False,0
5474,"can the guy, want to put the guy in the bed?",False,0
5475,"ah, thank you.",False,0
5476,it's a bird.,False,0
5477,and a lion.,False,0
5478,"oh, take the lion.",False,0
5479,want the bird back?,False,0
5480,what's that bird doing?,True,1
5481,what's that bird doing?,True,1
5482,with his wings way out like that.,False,0
5483,is he flying?,False,0
5484,he's not?,False,0
5485,there you go.,False,0
5486,oops.,False,0
5487,"it's hard, isn't it?",False,0
5488,it keeps falling over.,False,0
5489,there you go.,False,0
5490,"no, it's not really.",False,0
5491,"it's a, it's more like pig.",False,0
5492,he's the same color as Dumbo but he's a pig.,False,0
5493,he doesn't have a long enough nose to be a Dumbo.,False,0
5494,can you show Observer what that is?,True,1
5495,tell her.,False,0
5496,"tell her what it is, Child.",True,1
5497,"what is this, Child?",True,1
5498,ah.,False,0
5499,what are you doing?,True,1
5500,now what are you doing?,True,1
5501,you going to climb up there?,False,0
5502,"you hold on very tight, very tight.",False,0
5503,up.,False,0
5504,oops.,False,0
5505,that a girl.,False,0
5506,oh.,False,0
5507,don't throw the baby.,False,0
5508,who'd you find?,True,1
5509,you did?,False,0
5510,did you find anything else up there?,False,0
5511,what's that?,True,1
5512,boom.,False,0
5513,what is it?,True,1
5514,what did you find?,True,1
5515,what are you doing with them?,True,1
5516,"here, you want them back?",False,0
5517,tell her to throw it.,False,0
5518,tell her to throw it if you want it back.,True,1
5519,can you catch?,False,0
5520,here you go.,False,0
5521,oops!,False,0
5522,oops.,False,0
5523,do you want them back?,False,0
5524,what should she do?,True,1
5525,"oh, you want the dolly back?",False,0
5526,"ok, now you want the little ones instead?",False,0
5527,"well, ask, ask Observer for them.",False,0
5528,do you need help coming down?,False,0
5529,"remember how to do it backwards, sweetie.",True,1
5530,that's a girl.,False,0
5531,that's a girl.,False,0
5532,why don't you leave the doll here while you climb down.,True,1
5533,then I'll give it to you.,False,0
5534,"oh, here's that dolly.",False,0
5535,yeah.,False,0
5536,"that's really a little baby, isn't it?",False,0
5537,did you give this dolly a hug?,False,0
5538,because you were glad to see her?,False,0
5539,you want her back?,False,0
5540,you going to put all the animals back now?,False,0
5541,why don't you show them to the dolly?,True,1
5542,oop.,False,0
5543,don't scare the dolly.,False,0
5544,don't scare the baby.,False,0
5545,can you show the dolly a bear?,False,0
5546,I bet that dolly never saw a bear before.,False,0
5547,ok.,False,0
5548,tell her.,False,0
5549,isn't she scared?,False,0
5550,that looks like a pretty friendly bear.,False,0
5551,this is an even friendlier bear.,False,0
5552,remember that guy?,False,0
5553,the panda bear?,False,0
5554,does the dolly like the bear?,False,0
5555,yeah.,False,0
5556,is she smiling?,False,0
5557,look.,False,0
5558,"yeah, look what happens when you lie her down.",True,2
5559,sit her up?,False,0
5560,now what are you doing with the animals?,True,1
5561,that was the door *NULL* closing.,True,1
5562,what he's doing.,True,1
5563,he's lying down.,False,0
5564,he's sound asleep.,False,0
5565,this is his bed.,False,0
5566,um hmm.,False,0
5567,can he jump in bed like Child?,False,0
5568,can you make him jump in the bed?,False,0
5569,the lion jumps into bed?,False,0
5570,ok.,False,0
5571,I think there's room.,False,0
5572,there he goes.,False,0
5573,should we make a chair too?,False,0
5574,ok.,False,0
5575,let's see if we can.,True,1
5576,this is hard to make things without scotch tape.,False,0
5577,let's see if we can make a chair.,True,1
5578,there.,False,0
5579,there's a chair.,False,0
5580,look.,False,0
5581,who sits in the chair?,True,1
5582,there's a chair and a bed.,False,0
5583,can the lion do it?,False,0
5584,"oh, I don't know, I never saw a lion sit in a chair before.",False,0
5585,"here, how about one of these sitting down bears.",False,0
5586,"put the, where's that panda bear?",True,1
5587,here.,False,0
5588,"he can, can he sit in the chair?",False,0
5589,he could.,False,0
5590,"there, look it, he's sitting in a chair.",False,0
5591,and the guy jumps into bed.,False,0
5592,uh oh.,False,0
5593,uh oh!,False,0
5594,what happened?,True,1
5595,what happened to that poor bear?,True,1
5596,there.,False,0
5597,"it's just when that birdie flew over he had some trouble, huh?",True,1
5598,that birdie fly over to see what was happening?,True,1
5599,uh.,False,0
5600,what happened?,True,1
5601,uh oh.,False,0
5602,"you think that dolly's a little bit sleepy now, Child?",False,0
5603,"oh, you want to climb it.",False,0
5604,"well, why don't you leave the doll here, it's a little hard to climb",True,1
5605,you're going to have to make a choice there.,False,0
5606,you can climb but why don't you leave your animals here while you,False,0
5607,want to?,False,0
5608,"want to, I can put the animals up there.",False,0
5609,do you want to climb up and I give you the animals up there?,False,0
5610,"ok, you climb up.",False,0
5611,and I'll be right there.,False,0
5612,help you?,False,0
5613,"ok, you take another step.",False,0
5614,hold on tight.,False,0
5615,ok?,False,0
5616,one more.,False,0
5617,tadah!,False,0
5618,now,False,0
5619,now what are you going to do?,True,1
5620,what is the bear?,True,1
5621,teddy bear.,False,0
5622,do you see the bear?,False,0
5623,uhhuh.,False,0
5624,where's the bear?,True,1
5625,"you are way up there, aren't you?",False,0
5626,you're way up there like a bird.,False,0
5627,you're going to carry them down now?,False,0
5628,we're going to have to help you.,False,0
5629,"here, let me hold those for you.",False,0
5630,have to help you.,False,0
5631,"ok, now just and put them on the ladder.",False,0
5632,ok?,False,0
5633,got it?,False,0
5634,can you do that?,False,0
5635,"oh, good for you.",False,0
5636,good for you.,False,0
5637,you did it.,False,0
5638,you did it by yourself.,False,0
5639,push you?,False,0
5640,push you on your chair?,False,0
5641,ok.,False,0
5642,uh.,False,0
5643,how's that?,True,1
5644,that's not a lion.,False,0
5645,for heaven's sakes.,False,0
5646,that's not a lion.,False,0
5647,"oh, right.",False,0
5648,what is this?,True,1
5649,right.,False,0
5650,let's just get that straight.,False,0
5651,right.,False,0
5652,is that a lion?,False,0
5653,right.,False,0
5654,good.,False,0
5655,right.,False,0
5656,right.,False,0
5657,you want to look at some other animals here?,False,0
5658,look.,False,0
5659,here's some other animals.,False,0
5660,what kind of animals are those?,True,1
5661,here's some more animals too.,False,0
5662,what are those things?,True,1
5663,you know what we do with this?,True,1
5664,"Child, come sit in a chair.",False,0
5665,I'll show you.,False,0
5666,can you sit up?,False,0
5667,this is what the doctor uses.,True,1
5668,you know how they do it?,True,1
5669,"they roll up your pants, then they go like this.",False,0
5670,what is this?,True,1
5671,and then your leg's supposed to go whoop.,False,0
5672,here's how it works.,True,1
5673,watch this.,False,0
5674,you can try it on me.,False,0
5675,here we go.,False,0
5676,whoops.,False,0
5677,not too hard.,False,0
5678,whoops.,False,0
5679,that's to test my knee.,False,0
5680,do you want to test my knee?,False,0
5681,here.,False,0
5682,go ahead.,False,0
5683,can you test Observer's knee?,False,0
5684,no?,False,0
5685,no?,False,0
5686,want to test the dolly's knee?,False,0
5687,yeah.,False,0
5688,here.,False,0
5689,here.,False,0
5690,use your tool.,False,0
5691,can you test her knee?,False,0
5692,want me to hold her in my lap and you test her knee?,False,0
5693,can she sit up.,False,0
5694,there we go.,False,0
5695,"ok, where's her knee?",True,1
5696,"oop, whoop.",False,0
5697,better test the other knee.,False,0
5698,whoop!,False,0
5699,"well, looks like everything's in working order here.",False,0
5700,whoop!,False,0
5701,whoop!,False,0
5702,"oops, wrong knee.",False,0
5703,whoop!,False,0
5704,oop.,False,0
5705,"well, I think that dolly's in pretty good order.",False,0
5706,whoop!,False,0
5707,whoop!,False,0
5708,not too hard.,False,0
5709,"it's just a test, you're not hitting her.",False,0
5710,just testing her knee.,False,0
5711,want me to test your knee?,False,0
5712,ok.,False,0
5713,you want to hold the dolly in your lap while I test your knee?,False,0
5714,"ok, now you watch.",False,0
5715,let's see if your knee works.,True,1
5716,whoop.,False,0
5717,did it work?,False,0
5718,"oh, your knee's not working very well today.",False,0
5719,ok.,False,0
5720,alright.,False,0
5721,now what are we going to do now?,True,1
5722,"whoops, you missed.",False,0
5723,whoop.,False,0
5724,"oh, poor dolly, that hurts the dolly when you hit her too hard.",True,1
5725,"just gentle, ok?",False,0
5726,ok?,False,0
5727,test the other knee?,False,0
5728,oopsie!,False,0
5729,oops.,False,0
5730,oops.,False,0
5731,"ok, now if you get that blue thing from Observer we can test her",True,1
5732,want to do that?,False,0
5733,"I think we pretty well, we pretty well tested the knees.",False,0
5734,now you look in that dolly's eyes with that.,False,0
5735,"can you look, you look there.",False,0
5736,like this.,False,0
5737,here's how we do it.,True,1
5738,like this.,False,0
5739,"ok, looks pretty good.",False,0
5740,you want *PRO* to try it?,False,0
5741,now look right in the dolly's eye.,False,0
5742,now you look with your eye.,False,0
5743,"here, I'll look in your eye to show you how to do it, ok?",True,1
5744,can you come here?,False,0
5745,I 'm going to look in Child's eye.,False,0
5746,"oop, looks pretty good.",False,0
5747,should I look in your ear too while I 'm at it?,False,0
5748,"ok, let's.",False,0
5749,"ok, I think that one's ok.",False,0
5750,"oh, there's another dolly, maybe we should test her out too.",False,0
5751,think so?,False,0
5752,ok?,False,0
5753,you want to check her?,False,0
5754,"ok, let's see if she's ok.",True,1
5755,whoop!,False,0
5756,"well, she works just the same way.",False,0
5757,whoop.,False,0
5758,gently now.,False,0
5759,ah!,False,0
5760,how about the other knee?,False,0
5761,oop.,False,0
5762,oop.,False,0
5763,two dollies?,False,0
5764,ok.,False,0
5765,"ok, I think those dollies are ok.",False,0
5766,thank you.,False,0
5767,what about that dolly?,False,0
5768,"oh, there's one *NULL* you missed.",True,1
5769,"ok, should I hold the dolly?",False,0
5770,ok.,False,0
5771,what are you going to do?,True,1
5772,ok.,False,0
5773,oop.,False,0
5774,oop.,False,0
5775,that one works.,False,0
5776,want to try the other one?,False,0
5777,does it ring?,False,0
5778,there.,False,0
5779,should I put these out of the way?,False,0
5780,push your chair?,False,0
5781,ok.,False,0
5782,hmm?,False,0
5783,I didn't get that.,False,0
5784,"well, I think you just dropped it, is all.",False,0
5785,is it ok?,False,0
5786,there we go.,False,0
5787,hello?,False,0
5788,"yes, she's right here.",False,0
5789,somebody wants to talk to you.,False,0
5790,want to get comfy to talk?,False,0
5791,that's a girl.,False,0
5792,"who is, is it Laura?",False,0
5793,is it Laura on the phone?,False,0
5794,what do we do with that?,True,1
5795,what do we listen to with that thing?,True,1
5796,tummies and what else?,False,0
5797,what's this up here?,True,1
5798,what's in there?,True,1
5799,you remember?,False,0
5800,that's called a stethoscope.,False,0
5801,and it looks like it has some rubber still stuck inside.,False,0
5802,"should we try, listen?",False,0
5803,here.,False,0
5804,can I listen?,False,0
5805,"I want to listen to you, ok?",False,0
5806,what am I listening to?,True,1
5807,no?,False,0
5808,"yeah, it squishes.",False,0
5809,"now look, look at the little dial.",False,0
5810,see it?,False,0
5811,"it goes around, huh?",False,0
5812,what is that thing?,True,1
5813,"what does it do, Child?",True,1
5814,"well, tell me what it does.",True,1
5815,"you, what you do.",True,1
5816,"you squeeze, right?",False,0
5817,and then what happens?,True,1
5818,what happens?,True,1
5819,what happens when you squeeze?,True,2
5820,what do you think this is?,True,1
5821,you know what that is?,True,1
5822,it's medicine.,False,0
5823,"remember, you even brought some medicine with you today.",False,0
5824,where's your medicine?,True,1
5825,"and what is and what's, oh.",False,0
5826,goodness.,False,0
5827,what do you do with this medicine?,True,1
5828,can you show everybody?,False,0
5829,remember how we did it this morning?,True,1
5830,"ok, should we open this medicine?",False,0
5831,I hope it opens.,False,0
5832,"here, I'll try to open it for you.",False,0
5833,Child proof cap.,False,0
5834,really!,False,0
5835,you can open the medicine?,False,0
5836,you want to see if you can?,True,1
5837,I 'm certainly not having much luck.,False,0
5838,I don't want to poke you.,False,0
5839,"I don't think this medicine is supposed to open, Child.",False,0
5840,that's sort of like the medicine *NULL we have at home.,True,1
5841,can you pretend it's open?,False,0
5842,just pretend.,False,0
5843,"here, let's pretend it's open.",False,0
5844,it's open.,False,0
5845,"ok, now what do you do?",True,1
5846,after it's open what do you do?,True,1
5847,that's right and then what do you do?,True,1
5848,then you eat it.,False,0
5849,"remember, we pour it in and then you eat.",False,0
5850,like that.,False,0
5851,do you think these dollies might need some?,False,0
5852,this one too?,False,0
5853,oops.,False,0
5854,ok.,False,0
5855,go ahead.,False,0
5856,"here, why don't you let me hold your medicine.",True,1
5857,yay!,False,0
5858,you're a,False,0
5859,you want the pillows thrown up there?,False,0
5860,"pillows, please.",False,0
5861,that a girl.,False,0
5862,"see, that gets a lot more action.",False,0
5863,ready?,False,0
5864,ready?,False,0
5865,one.,False,0
5866,ok.,False,0
5867,here it comes.,False,0
5868,catch!,False,0
5869,oops.,False,0
5870,bad throw.,False,0
5871,ready?,False,0
5872,"ok, you ready to catch?",False,0
5873,ok.,False,0
5874,throw.,False,0
5875,whoop.,False,0
5876,"oh, good catch.",False,0
5877,that was a good catch.,False,0
5878,one more time?,False,0
5879,"ok, you better watch.",False,0
5880,ready?,False,0
5881,one.,False,0
5882,"Child, you have to catch.",False,0
5883,you have to catch.,False,0
5884,ready?,False,0
5885,two.,False,0
5886,uh oh.,False,0
5887,you have to.,False,0
5888,you're a big climber.,False,0
5889,you know what that thing is *NULL you're climbing on?,True,2
5890,what's that called that you're climbing on?,True,2
5891,no.,False,0
5892,yeah.,False,0
5893,strap?,False,0
5894,what are these?,True,1
5895,yeah.,False,0
5896,"we don't wear shoes to bed, do we?",False,0
5897,"put the shoes, this dolly isn't in bed, want to put the shoes on this",False,0
5898,"hello, lion.",False,0
5899,"oh, poor dolly.",False,0
5900,"well, maybe you should give the dolly a hug so she willn't be scared.",False,0
5901,ok?,False,0
5902,can you give that dolly a hug?,False,0
5903,there.,False,0
5904,"see, now she feels much better.",False,0
5905,yeah.,False,0
5906,ok.,False,0
5907,there's your paper.,False,0
5908,more pictures.,False,0
5909,can you draw a picture of a fish this time?,False,0
5910,"mm, that's good, Child.",False,0
5911,where's his eye?,True,1
5912,that's a girl.,False,0
5913,that's pretty good.,False,0
5914,picture of a fish?,False,0
5915,there.,False,0
5916,what's that?,True,1
5917,ok.,False,0
5918,what else do we need?,True,1
5919,another eye?,False,0
5920,how's that?,True,1
5921,more eyes?,False,0
5922,how's that?,True,1
5923,that fish has an awful lot of eyes.,False,0
5924,want one more eye?,False,0
5925,you know what we forgot?,True,1
5926,we forgot his fins.,False,0
5927,there.,False,0
5928,fishes cann't swim without fins.,False,0
5929,how about that?,False,0
5930,does that fish have a mouth?,False,0
5931,I see you.,False,0
5932,can you do a peekaboo?,False,0
5933,do a peekaboo from back there?,False,0
5934,peekaboo.,False,0
5935,peekaboo.,False,0
5936,do you want to go back up?,False,0
5937,go ahead.,False,0
5938,uh oh.,False,0
5939,watch out below!,False,0
5940,watch out below!,False,0
5941,Child's on the loose again.,False,0
5942,oh.,False,0
5943,"no, you don't lean through there, sweetie.",False,0
5944,that's dangerous.,False,0
5945,you hold on to the rail.,False,0
5946,she'll throw them to you over the top.,False,0
5947,if you want them back you say throw it.,True,1
5948,remember?,False,0
5949,ready?,False,0
5950,there you go.,False,0
5951,one.,False,0
5952,ah!,False,0
5953,bad catch.,False,0
5954,here you go.,False,0
5955,two.,False,0
5956,uh!,False,0
5957,now you,False,0
5958,ok.,False,0
5959,don't you want to catch them?,False,0
5960,catch this one.,False,0
5961,"oh, you'll get down, ok.",False,0
5962,"well, now what?",False,0
5963,what did you hurt?,True,1
5964,how about if you draw a picture of a lion?,True,1
5965,draw you picture?,False,0
5966,"what, what am I supposed to draw you a picture of this time?",True,1
5967,a lion up here?,False,0
5968,"ok, let's make his furry mane.",False,0
5969,"ok, there's the lion's furry mane.",False,0
5970,"the lion needs some eyes, doesn't he?",False,0
5971,does that look like a lion?,False,0
5972,"it looks just like that, what do you mean?",True,1
5973,"oh, we forgot his ears.",False,0
5974,there.,False,0
5975,does that look like the lion now?,False,0
5976,ok.,False,0
5977,"oh, you're going to go back up again.",False,0
5978,are you bringing the animals up there?,False,0
5979,what do you want to do?,True,1
5980,is the lion scaring the bear?,False,0
5981,oh.,False,0
5982,want to see if you can make this bird fly over to the other table?,True,1
5983,can you fly too?,False,0
5984,let's see you do some flying.,False,0
5985,flap your wings.,False,0
5986,"come on, you'll never get off the ground that way.",False,0
5987,come on.,False,0
5988,"uh oh, here they all come again.",False,0
5989,who's this?,True,1
5990,"oink, oink, oink.",False,0
5991,"hey, you forgot one.",False,0
5992,I think you dumped them all on the ground.,False,0
5993,did you do it by mistake?,False,0
5994,"sure, I'll hold that.",False,0
5995,you hold on there.,False,0
5996,"hey, you did that all by yourself.",False,0
5997,don't you lean through there.,False,0
5998,what are you doing now?,True,1
5999,you doing some jumping?,False,0
6000,"I think you, why don't you come down here and do your jumping?",True,1
6001,can you show us a somersault too?,False,0
6002,you think you could?,False,0
6003,I bet everyone would like to see that.,False,0
6004,how about a somersault?,False,0
6005,let's see a somersault right in here.,False,0
6006,whoo!,False,0
6007,wow!,False,0
6008,"yes, that was a good one.",False,0
6009,can you do another one?,False,0
6010,ah.,False,0
6011,hooray!,False,0
6012,can you.,False,0
6013,your bottle?,False,0
6014,your bottle of apple juice?,False,0
6015,"ok, I've got some.",False,0
6016,I've got some for you.,False,0
6017,can you share it?,False,0
6018,"can you share the apple juice, you have some and the dolly have some",False,0
6019,go on.,False,0
6020,you stuck?,False,0
6021,"hey, hey, lady.",False,0
6022,"we don't throw hard things at people, Child.",False,0
6023,"just throw pillows, ok?",False,0
6024,what is that?,True,1
6025,hooray.,False,0
6026,Child's chair?,False,0
6027,ok.,False,0
6028,what are you coloring?,True,1
6029,"oh, look.",False,0
6030,can you draw a picture of this bird?,False,0
6031,oh.,False,0
6032,you forgot his wings.,False,0
6033,should I put his wings on too?,False,0
6034,here we go.,False,0
6035,there's one wing.,False,0
6036,and here's another wing.,False,0
6037,there.,False,0
6038,color that wing?,False,0
6039,"I'll color it green, ok?",False,0
6040,this bird will have a green wing.,False,0
6041,can you make a red wing?,False,0
6042,where's red?,True,1
6043,that's not red.,False,0
6044,which one is red?,True,1
6045,can you find the red crayon in there?,False,0
6046,ok.,False,0
6047,"there, that's all neat and tidy.",False,0
6048,that's very neat and tidy now.,False,0
6049,what is that thing?,True,1
6050,"oh, you know what that is?",True,1
6051,right!,False,0
6052,that's for taking temperatures.,False,0
6053,"see what happens when you're not feeling good, see that red line?",True,2
6054,it goes zooming way up.,False,0
6055,can you twist it?,False,0
6056,see how that works.,True,1
6057,"want to take the dolly's temperature, see if she's ok?",True,1
6058,here.,False,0
6059,remember how we did it?,True,1
6060,yeah.,False,0
6061,"take the pants off, right?",False,0
6062,now.,False,0
6063,we just had to do this yesterday because she had an ear infection.,False,0
6064,ok.,False,0
6065,oop.,False,0
6066,there's even a hole there.,False,0
6067,how convenient.,False,0
6068,what?,False,0
6069,"yeah, look, somebody colored on the dolly's bum.",False,0
6070,who would do a thing like that?,True,1
6071,uh oh.,False,0
6072,you stepped on that.,False,0
6073,don't push the dolly off.,False,0
6074,just tell her to move.,False,0
6075,"what's that a picture of, sweetie?",True,1
6076,"oh, that's nice.",False,0
6077,is that a little mouse?,False,0
6078,hmm.,False,0
6079,there's yellow.,False,0
6080,where's the red?,True,1
6081,that's brown.,False,0
6082,where is it?,True,1
6083,there you go.,False,0
6084,what's that one?,True,1
6085,there's purple.,False,0
6086,"hey, you forgot one.",False,0
6087,you forgot one.,False,0
6088,backwards.,False,0
6089,whoops.,False,0
6090,"alright, go ahead.",False,0
6091,up you go.,False,0
6092,go ahead.,False,0
6093,uh oh.,False,0
6094,uh oh.,False,0
6095,"hooray, she made it again!",False,0
6096,who's that over there?,True,1
6097,who's that in the mirror?,True,1
6098,"hooray, can you.",False,0
6099,"oh, goodness.",False,0
6100,it's the same thing that happened before.,True,1
6101,you.,False,0
6102,is that what eggs go in?,True,1
6103,we don't have any eggs.,False,0
6104,maybe we could put something else in there.,False,0
6105,what else could we put in there?,True,1
6106,oops.,False,0
6107,one,False,0
6108,here.,False,0
6109,maybe you can put your animals in there.,False,0
6110,want to?,False,0
6111,can they sit in those little holes?,False,0
6112,"there, there you go.",False,0
6113,yeah.,False,0
6114,does he fit in?,False,0
6115,the bird fits in.,False,0
6116,"here, do the little ones, I bet they'll fit in best.",False,0
6117,the panda will fit in.,False,0
6118,"yeah, here.",False,0
6119,he fits in.,False,0
6120,yeah.,False,0
6121,and here.,False,0
6122,how about him?,False,0
6123,all these little ones will fit in.,False,0
6124,here's the little lion.,False,0
6125,want to try him?,False,0
6126,"little, little leopard, actually.",False,0
6127,will that fit in?,False,0
6128,oof.,False,0
6129,"oh, that's perfect.",False,0
6130,ok?,False,0
6131,"oh, there's a nice clean piece.",False,0
6132,what color's that?,True,1
6133,there you go.,False,0
6134,that's blue.,False,0
6135,ok?,False,0
6136,"now how about do, can you find red?",False,0
6137,see if you can.,True,1
6138,got every animal in the barnyard.,False,0
6139,"ok, now what?",False,0
6140,up again?,False,0
6141,up again?,False,0
6142,"ok, you be careful.",False,0
6143,ah!,False,0
6144,"hey, wait a sec.",False,0
6145,"hey, hey, let's concentrate on business.",False,0
6146,you can do your cheers when you get to the top.,True,1
6147,hooray!,False,0
6148,hooray!,False,0
6149,want to see some of the toys that I brought?,True,1
6150,oh wow.,False,0
6151,I didn't know about that.,False,0
6152,I have that.,False,0
6153,"I have a book that's sort of like your book, only smaller with lots",True,1
6154,what is that?,True,1
6155,what is that?,True,1
6156,"what is that, Child?",True,1
6157,right.,False,0
6158,a horsie.,False,0
6159,what's that?,True,1
6160,"yeah, a duckie.",False,0
6161,that's a hard one.,False,0
6162,"oh, look at that.",False,0
6163,a what?,False,0
6164,with the stripes all over it.,False,0
6165,what is that?,True,1
6166,maybe we'll look for a picture in your dictionary and then you'll,False,0
6167,what else do I have?,True,1
6168,I bet you willn't know what this is.,True,1
6169,isn't that funny?,False,0
6170,oh.,False,0
6171,that's called a porcupine.,False,0
6172,Child has a porcupine but hers doesn't look like that.,False,0
6173,I think there's a lot of artistic license *NULL* taken with porcupines.,True,1
6174,what's that?,True,1
6175,it looks like horsie but I think it's a dog.,False,0
6176,that's a horsie.,False,0
6177,I have one more.,False,0
6178,"oh, what's that?",True,1
6179,"it's not a bunny, cause lookit it has that trunk.",False,0
6180,lookit.,False,0
6181,see that big long trunk?,False,0
6182,what is that?,True,1
6183,what do you think that is?,True,1
6184,it's a funny looking elephant.,False,0
6185,my elephant.,False,0
6186,"boy, Investigator has some nice toys.",False,0
6187,"he's really soft, isn't he?",False,0
6188,would you like to show Edna some of your things?,False,0
6189,"uh, show Investigator some of your things?",False,0
6190,tell her who this is?,True,1
6191,who's that?,True,1
6192,who?,False,0
6193,Edna.,False,0
6194,"hi, Edna, how are you?",True,1
6195,Child's actually baby_sitting for Edna.,False,0
6196,who does Edna belong to?,True,1
6197,Tracy.,False,0
6198,her big sister Tracy.,False,0
6199,is she typing?,False,0
6200,"no, who's typing?",True,1
6201,"no, I was typing.",False,0
6202,who's up there typing now?,False,0
6203,"yeah, cause, where's Tracy?",True,1
6204,is Tracy back?,False,0
6205,I thought she was still at school.,False,0
6206,although she.,False,0
6207,"oh, I 'm sorry.",False,0
6208,Jeanie Bear.,False,0
6209,thank you.,False,0
6210,"hi, Child.",False,0
6211,"hi, Child.",False,0
6212,"hi, Investigator.",False,0
6213,"hi, Investigator.",False,0
6214,give me a kiss.,False,0
6215,give me a hug.,False,0
6216,ok.,False,0
6217,did you figure what this animal is yet?,True,1
6218,do you remember?,False,0
6219,"no, this guy's the elephant.",False,0
6220,let's see if we can find an animal like that in this book.,True,1
6221,this is one of Child's favorite books.,False,0
6222,anything *NULL she thinks of we can find.,True,1
6223,here.,False,0
6224,"lookit, that looks like em.",False,0
6225,wow.,False,0
6226,remember what that is?,True,1
6227,yes.,False,0
6228,see?,False,0
6229,see?,False,0
6230,"yup, same one.",False,0
6231,zebra.,False,0
6232,"there's a zebra, an elephant.",False,0
6233,what's that?,True,1
6234,"and a horse and oh, what's this guy?",True,1
6235,a duck.,False,0
6236,duck.,False,0
6237,duck.,False,0
6238,duck.,False,0
6239,and this is a dog that looks kind a like a horse but it's a dog.,True,1
6240,now that Lassie's gone they don't know what collies are.,True,1
6241,she didn't quite recognize it.,False,0
6242,now basically you'd just like her to keep talking?,False,0
6243,"yeah, sure.",False,0
6244,you want to show Investigator the book?,False,0
6245,maybe you can tell her who all these people are.,True,1
6246,"she doesn't know any of them, until you come to some pictures in the",False,0
6247,"ok well, why don't you just tell her about some of these pictures.",True,1
6248,who's this?,True,1
6249,do you remember who that is?,True,1
6250,who is that?,True,1
6251,"no, it's not Colleen.",False,0
6252,"it kind of looks like Colleen, I guess.",False,0
6253,yes.,False,0
6254,remember who that is?,True,1
6255,it's Rachael.,False,0
6256,yeah.,False,0
6257,do you remember Rachael?,False,0
6258,yeah.,False,0
6259,she used to babysit for you.,False,0
6260,but she came to see you a lot.,False,0
6261,do you want to tell her about some of these other pictures?,False,0
6262,I know who that is.,True,1
6263,who's that.,True,1
6264,on the rug.,False,0
6265,that was the rug *NULL we used to have upstairs.,True,1
6266,"hi, Investigator.",False,0
6267,what else is in there?,True,1
6268,"daddy, yeah.",False,0
6269,who's this?,True,1
6270,who's this?,True,1
6271,"yeah, that's your big sister Tracy.",False,0
6272,that's her old boy friend.,False,0
6273,"no, that's not Jack.",False,0
6274,jack's the new nice boyfriend.,False,0
6275,"that's the old rotten boyfriend, Scott.",False,0
6276,I hope you're not related to him.,False,0
6277,I don't recognize him.,False,0
6278,"oh, good.",False,0
6279,ok.,False,0
6280,what's out there?,True,1
6281,what?,False,0
6282,a clock?,False,0
6283,in here?,False,0
6284,I don't even know if there is a clock.,True,1
6285,why don't you tell her about these people?,True,1
6286,who's that?,True,1
6287,that's Erli.,False,0
6288,what is he to you?,True,1
6289,is he your big brother?,False,0
6290,no.,False,0
6291,is he your uncle?,False,0
6292,is he your.,False,0
6293,what is he?,True,1
6294,he's your friend.,False,0
6295,"yes, I know that.",False,0
6296,what else is he?,True,1
6297,he's your cousin.,False,0
6298,when you were little babies.,True,1
6299,"no, that's not Justin.",False,0
6300,that's you.,False,0
6301,Justin's the new baby in the family.,False,0
6302,oh.,False,0
6303,wait.,False,0
6304,"no, that's not Jamie.",False,0
6305,who's that?,True,1
6306,"that's not Jamie either, come to think of it.",False,0
6307,that's Sarah when she was a tiny baby.,True,1
6308,"no, not Justin.",False,0
6309,that's my baby.,False,0
6310,that's you when you were just a little squirt.,True,1
6311,"were you that small, Child?",False,0
6312,wow.,False,0
6313,"yes, that is Justin's nip_napc.",False,0
6314,now it is but first it was yours.,False,0
6315,"no, first it was Erli's, then it was Child's and now it's Justin's.",False,0
6316,what's this big thing?,True,1
6317,can you tell her what that is?,True,1
6318,I see the stars.,False,0
6319,that's a giant Christmas tree behind you.,False,0
6320,"and when we go to the mall Saturday, where you're going to ride on the",True,2
6321,"yeah, who's Paul?",True,1
6322,"he's your big brother, yeah.",False,0
6323,the door?,False,0
6324,"oh, who's upstairs?",True,1
6325,I don't think anybody's upstairs cause I don't think Tracy's home.,False,0
6326,"here, you guys are getting big.",False,0
6327,what's that funny face.,True,1
6328,"no, that's not Jacob.",False,0
6329,that does look a little like him though.,False,0
6330,"that's Erli when he was smaller, when he was just about Jacob's",True,2
6331,mhm.,False,0
6332,"that's Sarah and Child when you were little babies, before you could.",True,1
6333,let's see special picture of somebody.,False,0
6334,"oh, let's see.",False,0
6335,what have you got there?,True,1
6336,"right, your Easter bunny.",False,0
6337,you've had that since you were a little baby too.,False,0
6338,"lookit, your hair was pretty short.",False,0
6339,now it's long and beautiful.,False,0
6340,you're almost sleeping but your eyes are still open.,False,0
6341,is there a bigger Easter bunny in here?,False,0
6342,"look at that, an Easter bonnet.",False,0
6343,and your red dress.,False,0
6344,who's that?,True,1
6345,"yes, Grandma.",False,0
6346,"yeah, Grandma's backyard.",False,0
6347,what does Grandma like to make for you?,True,1
6348,really?,False,0
6349,what kind of cookies?,False,0
6350,you don't want it?,False,0
6351,are you through with this book?,False,0
6352,"wait, show Investigator.",False,0
6353,what've we got here?,True,1
6354,who's that?,True,1
6355,"no, who's that?",True,1
6356,where are you playing?,True,1
6357,no.,False,0
6358,what are you climbing there?,True,1
6359,whose house is that?,True,1
6360,whose slide is that?,True,1
6361,Jacob's.,False,0
6362,that's when you and Jacob first met.,True,1
6363,want to jump for it?,False,0
6364,boy.,False,0
6365,good for you.,False,0
6366,you're a good dancer too.,False,0
6367,you've got some money in your pocket.,False,0
6368,should I hang on to it for a while?,False,0
6369,"ok, I'll hang on to it.",False,0
6370,I'll give it back before I go though.,False,0
6371,what kind of money did you give Investigator?,True,1
6372,yeah and what've you got there?,True,1
6373,where are the pennies?,True,1
6374,do ya want to take it back now?,False,0
6375,jump.,False,0
6376,where are you putting that money?,True,1
6377,in where?,False,0
6378,what is that?,True,1
6379,oh oh.,False,0
6380,what did you drop?,True,1
6381,what is this?,True,1
6382,what is that?,True,1
6383,what kind of money is that?,True,1
6384,"oh, you're teasing us.",False,0
6385,are you giving us a hard time?,False,0
6386,let's put it on the truck and give it a ride.,False,0
6387,you watch out.,False,0
6388,here it comes.,False,0
6389,"oh no, overturned.",False,0
6390,that's called a cement mixer.,False,0
6391,"well, that's Investigator's.",False,0
6392,I have to take it with me but I 'm going to come back and visit you,False,0
6393,Jacob called it a cement truck.,False,0
6394,oh yes.,False,0
6395,where is your money?,True,1
6396,I don't know.,False,0
6397,what is this.,True,1
6398,I found this.,False,0
6399,is this yours?,False,0
6400,are you sure?,False,0
6401,can you look and tell.,False,0
6402,is that yours?,False,0
6403,"oh, was that an accident?",False,0
6404,are you teasing?,False,0
6405,I think you're teasing.,False,0
6406,"oh, I see.",False,0
6407,you can see the light go when you drop it.,True,1
6408,"yeah, that's my tape recorder and when you make loud noises the",True,1
6409,see?,False,0
6410,you want more money?,False,0
6411,do you have some in your pocket?,False,0
6412,what's on your sneakers?,True,1
6413,yeah but what's on em?,True,1
6414,"oh, Pound Puppies.",False,0
6415,it's hard to keep up with these things.,False,0
6416,last year it was Care Bears.,False,0
6417,yeah.,False,0
6418,we've already been through Cabbage Patch.,False,0
6419,what?,False,0
6420,Playdough?,False,0
6421,how'd you get.,False,0
6422,"oh, from school.",False,0
6423,you got Playdough on your sneaks from school?,False,0
6424,cause you know mommy doesn't want Playdough in the house.,False,0
6425,we don't have.,False,0
6426,I don't have any Playdough.,False,0
6427,I think you have to get it at school.,False,0
6428,it is?,False,0
6429,can you understand her?,False,0
6430,we're never sure how clear she is.,True,1
6431,"yeah, she's actually pretty clear.",False,0
6432,I also have been seeing two year olds for four years now so.,False,0
6433,did you see the light go on?,False,0
6434,did you see the light?,False,0
6435,"wow, you're really making that light flash on and off.",False,0
6436,what do you say?,True,1
6437,what a little phony!,False,0
6438,I think you can reach it.,False,0
6439,you can reach it.,False,0
6440,"quick, come on, reach, reach.",False,0
6441,"go ahead, reach as far as you can.",False,0
6442,reach!,False,0
6443,stretch!,False,0
6444,that's a girl.,False,0
6445,ok!,False,0
6446,is that ok?,False,0
6447,"yes, you did.",False,0
6448,I had no idea that it would be so much fun.,False,0
6449,"hey, hey, hey, Child, you never touch the plug cause it could hurt.",False,0
6450,where are you going?,True,1
6451,that was good turning around.,False,0
6452,uhhuh.,False,0
6453,we might have to syringe again.,False,0
6454,is your nose sore?,False,0
6455,sorry.,False,0
6456,does she have a cold?,False,0
6457,she's just getting over one.,False,0
6458,did you have a cold?,False,0
6459,she has been taking baby Tylenol.,False,0
6460,where are you going?,True,1
6461,"oh, don't go away, I'll miss you.",False,0
6462,"ah, Child, come back.",False,0
6463,where are you going?,True,1
6464,where are you going?,True,1
6465,"oh, where'd she go?",True,1
6466,"hey, silly goose.",False,0
6467,"oh, my, are you an actress?",False,0
6468,are you going to be an actress?,False,0
6469,you're so good at it.,False,0
6470,where are you?,True,1
6471,"oh no, she's not here, Investigator.",False,0
6472,I really miss her.,False,0
6473,did you burp?,False,0
6474,I don't think it's a burp.,False,0
6475,what have you got?,True,1
6476,do you have the hiccoughs?,False,0
6477,"oh, let's see.",False,0
6478,hiccough.,False,0
6479,"oh no, now I have the hiccoughs.",False,0
6480,oh gee.,False,0
6481,what should you do for that?,True,1
6482,that's his very prickly little spines.,False,0
6483,do you remember what happened to that little boy in the book when he,True,2
6484,yeah but what happened to the little boy?,True,1
6485,"yeah, he cried because it hurt his hand.",False,0
6486,"yes, it made a noise.",False,0
6487,he's crying?,False,0
6488,"oh, poor little porcupine.",False,0
6489,"ah, that's sweet.",False,0
6490,"would you like some water, honey?",False,0
6491,no thanks.,False,0
6492,"no, I 'm fine.",False,0
6493,you're a student at the U of R?,False,0
6494,"actually I 'm a graduate student at University in Place, just",False,0
6495,"I 'm working for Professor Lastname, a professor in the Linguistics",False,0
6496,"oh, terrific.",False,0
6497,should I hang on to it?,False,0
6498,"ok, I'll just put it over here.",False,0
6499,if you want it tell me.,True,1
6500,my other daughter's a sophomore at the U of R.,False,0
6501,what's she studying?,True,1
6502,she thinks she's going to go in to teaching English.,False,0
6503,I 'm an English teacher.,False,0
6504,are you?,False,0
6505,the duck's crying too?,False,0
6506,why do you think he's crying?,True,1
6507,why is he crying?,True,1
6508,why is he crying?,True,1
6509,do you think he got hurt?,False,0
6510,"oh, that must be it.",False,0
6511,J_P's happy.,False,0
6512,J_P's gone through a terrible trauma.,False,0
6513,"oh, I 'm sure.",False,0
6514,what?,False,0
6515,Donald duck?,False,0
6516,maybe.,False,0
6517,"no, he's nice and soft.",False,0
6518,he has no pride.,False,0
6519,did you take a look at that book yet?,False,0
6520,it looks kind of interesting.,False,0
6521,"yeah, take those things off.",False,0
6522,"wow, look at all the neat things on this cover.",False,0
6523,what do you like there?,True,1
6524,truck.,False,0
6525,I guess you hear that a lot.,False,0
6526,wow.,False,0
6527,you're right.,False,0
6528,"yes, good Child.",False,0
6529,"right there, yes.",False,0
6530,you are a smart girl.,False,0
6531,you're a smart baby.,False,0
6532,that's interesting.,False,0
6533,a lot of them do that.,False,0
6534,I guess cause they progress so fast that they say.,False,0
6535,"wait, wait.",False,0
6536,"oh, you want it now?",False,0
6537,how about if I put it right here so you can reach it?,True,1
6538,everything's so literal.,False,0
6539,look at that.,False,0
6540,does that mean you don't want to look at that book anymore?,False,0
6541,"well, you know the better thing *NULL* to do is to say.",True,1
6542,I don't want to look.,False,0
6543,but be careful with it.,False,0
6544,"well, you have to be careful with books, remember.",False,0
6545,you have to be very careful with books.,False,0
6546,want to put it down?,False,0
6547,I have to get ready to go home now.,False,0
6548,do you want to help me put my toys in the bag?,False,0
6549,so these are all your toys.,False,0
6550,she's saying.,False,0
6551,do you want some coffee.,False,0
6552,do I want some?,False,0
6553,"oh yes, I'd love some, please.",False,0
6554,"mmm, delicious!",False,0
6555,thank you!,False,0
6556,would you like to try some?,False,0
6557,no?,False,0
6558,it's for me.,False,0
6559,a big one and a little one.,False,0
6560,they don't quite fit together.,False,0
6561,they fit inside.,False,0
6562,the little one fits inside.,False,0
6563,"oh no, what a mess.",False,0
6564,what are you going to do with that mess?,True,1
6565,oh no.,False,0
6566,uhhuh.,False,0
6567,"hey, Gumby, stand up.",False,0
6568,"oh, poor Gumby.",False,0
6569,there's his mouth.,False,0
6570,there's your mouth.,False,0
6571,"oh, I don't think that was an accident.",False,0
6572,better sit him down so he doesn't get hurt.,False,0
6573,"oh, shall we open the bag?",False,0
6574,"ok, good.",False,0
6575,what do you remember?,True,1
6576,a lion?,False,0
6577,right.,False,0
6578,here's the book.,False,0
6579,remember the book?,False,0
6580,honey.,False,0
6581,hair?,False,0
6582,"yeah, those are his quills it's like hair, but they're sort of",False,0
6583,yeah.,False,0
6584,you can make this to suit,False,0
6585,I didn't know how strong you like it.,True,1
6586,maybe you can use one of Child's tea dishes for your tea bag.,False,0
6587,what a good idea.,False,0
6588,can I put my tea bag on your tea plate?,False,0
6589,she remembered that there were toys in the bag.,False,0
6590,"oh, Child has a great memory.",False,0
6591,"you help me remember things sometimes, don't you?",False,0
6592,"what's that, a rubber ducky?",True,1
6593,the porcupine.,False,0
6594,"squeeze, squeeze.",False,0
6595,do you remember what this is?,True,1
6596,"oh, good for you!",False,0
6597,"oh, remember that?",False,0
6598,"no, it looks like a lion but it's really a doggie.",False,0
6599,"yeah, a collie dog.",False,0
6600,and what's this guy?,True,1
6601,"no, look at that.",False,0
6602,what's that?,True,1
6603,that's a zebra.,False,0
6604,what's this?,True,1
6605,you told me before when we took them out of the bag.,True,1
6606,what is that?,True,1
6607,no.,False,0
6608,what is it?,True,1
6609,"funny looking, big trunk.",False,0
6610,he has a long nose.,False,0
6611,it's an elephant.,False,0
6612,elephant.,False,0
6613,I think it's an elephant too.,False,0
6614,do you think it's an elephant?,False,0
6615,have you ever seen an elephant?,False,0
6616,where'd you see an elephant?,True,1
6617,do you remember?,False,0
6618,in the zoo?,False,0
6619,yeah.,False,0
6620,and on the tape of Barbara and Eril.,False,0
6621,yeah.,False,0
6622,how many eyes does he have?,True,1
6623,how many?,False,0
6624,where?,False,0
6625,where's three?,True,1
6626,and where else?,False,0
6627,that's two.,False,0
6628,where's three?,True,1
6629,how many eyes do you have?,True,1
6630,two.,False,0
6631,I'll tell you something.,False,0
6632,I think everybody has two eyes.,False,0
6633,everybody.,False,0
6634,"I'll tell you, Child's been on tv a lot.",False,0
6635,yeah?,False,0
6636,yes.,False,0
6637,we have a video camera and so Child's been on tv a lot.,False,0
6638,"and I was thinking the last time, I don't know if you've ever used",True,2
6639,one of the things *NULL* Dennis did with Child was he just put the camera,True,1
6640,and you know when you close the door and it's quiet for an hour and,True,1
6641,it's wonderful.,False,0
6642,it's a good way *NULL* to see them on their own.,True,1
6643,that's interesting.,False,0
6644,"hey, that's a nice book.",False,0
6645,"yeah, fire engine.",False,0
6646,oh.,False,0
6647,thank you.,False,0
6648,where is he?,True,1
6649,where's the horsie?,True,1
6650,"alright, let's see.",False,0
6651,horsie say.,False,0
6652,nay nay.,False,0
6653,do you remember when we went to the park and there was that big horsie?,True,1
6654,do you remember over at the park?,False,0
6655,"and you got right up close to the horse and went nayo, right in",False,0
6656,yeah.,False,0
6657,hmm?,False,0
6658,"gallop, gallop, nay!",False,0
6659,"oh, you want me to find the horsie in here?",False,0
6660,"let's see, is there a horsie on that page?",False,0
6661,no.,False,0
6662,is there any horsie there?,False,0
6663,"good girl, you remembered that one, ok.",False,0
6664,"wait, wait, is that a horse?",False,0
6665,what is it?,True,1
6666,here's a bunny.,False,0
6667,this must be a squeaky squeaky mouse.,False,0
6668,yeah.,False,0
6669,there's the bunny.,False,0
6670,there must be a horse in here.,False,0
6671,yeah.,False,0
6672,what's that?,True,1
6673,a girl.,False,0
6674,what's that?,True,1
6675,what are you?,True,1
6676,"yes, you are!",False,0
6677,that's right.,False,0
6678,are you a boy or a girl?,False,0
6679,"yes, you are my baby.",False,0
6680,"yes, you are.",False,0
6681,but are you a girl baby or a boy baby?,False,0
6682,is mommy a boy or a girl?,False,0
6683,"oh, no, I 'm not!",False,0
6684,"no, I 'm not!",False,0
6685,yes.,False,0
6686,what's Investigator?,True,1
6687,I 'm two too?,False,0
6688,"yeah, I've always thought so.",False,0
6689,is Investigator a boy or a girl?,False,0
6690,"no, silly.",False,0
6691,are you teasing me?,False,0
6692,why don't you show Investigator your books?,True,1
6693,"maybe you could read a book to her, one of your favorite books.",False,0
6694,what would you like to read?,True,1
6695,"oh, the bunny book.",False,0
6696,"oh, the bunny book.",False,0
6697,ok.,False,0
6698,look at those bunnies.,False,0
6699,yes.,False,0
6700,"yeah, that's his bed.",False,0
6701,"a cot, that's what you call it.",True,1
6702,mhm.,False,0
6703,"yes, there's his pillow.",False,0
6704,who's putting him to bed?,True,1
6705,"yeah, I think that's a daddy bunny.",False,0
6706,what's there?,True,1
6707,"oh, you're going to show Investigator the letters?",False,0
6708,which one did you drop?,True,1
6709,"oh, the letter al.",False,0
6710,"oh, such pretty letters!",False,0
6711,which one is that?,True,1
6712,what else have you got there?,True,1
6713,"nl, good.",False,0
6714,what's that one?,True,1
6715,that can spell your name!,False,0
6716,do you know which letter goes first for your name?,True,1
6717,remember which one goes first?,True,1
6718,"your name is Child, Child.",False,0
6719,can you remember how those go.,True,1
6720,"oh, oh, gentle with J_P.",False,0
6721,let's see gentleness here.,False,0
6722,yeah.,False,0
6723,"Child, you're squeezing.",False,0
6724,"no, no, no, let go.",False,0
6725,that's hurting J_P.,False,0
6726,"Child, that is hurting J_P.",False,0
6727,why don't you give him a nice pat.,True,1
6728,you always have to be gentle with J_P.,False,0
6729,oh.,False,0
6730,she's upside down!,False,0
6731,"it's flying, Child!",False,0
6732,"yes, she is, whoo.",False,0
6733,"oh, I don't want to make you dizzy.",False,0
6734,"I don't want to make you too dizzy, whoa",False,0
6735,"tick tock, tick tock, whoa!",False,0
6736,"well, maybe we'll show Investigator something else after all.",False,0
6737,"ok, whoa.",False,0
6738,"let's just get you back up again, whoa.",False,0
6739,"a one, a two, whoa.",False,0
6740,"yes, that's what it sounds like.",True,1
6741,she has a cousin *NULL* named Erli and we decided that it sounds just like,True,1
6742,let's see.,False,0
6743,Erli.,False,0
6744,Erli.,False,0
6745,"hi, J_P.",False,0
6746,"oh, J_P.",False,0
6747,soaking up the attention here.,False,0
6748,"oh, you know what, Child has two different places for her books.",False,0
6749,I bet she would love to see this book of yours.,False,0
6750,she has the hiccoughs now.,False,0
6751,do you have the hiccoughs?,False,0
6752,"J_P, go, go, go.",False,0
6753,what's the name of that book?,True,1
6754,what kind of caterpillar?,False,0
6755,a hungry.,False,0
6756,have you ever seen this book before?,False,0
6757,no.,False,0
6758,"oh, it's wonderful.",False,0
6759,shall we read it to Investigator?,False,0
6760,ok.,False,0
6761,that was pretty fast.,False,0
6762,I don't think what that book was about yet.,True,1
6763,would you like some water?,False,0
6764,that's a good idea.,False,0
6765,would you like it in your tea cup?,False,0
6766,I'll get it for you.,False,0
6767,"no, thank you.",False,0
6768,I had some tea.,False,0
6769,I can put my tea bag back in the cup now.,False,0
6770,I'll clean it off.,False,0
6771,"there, it's clean now.",False,0
6772,no thanks.,False,0
6773,"oh, should I have this cup?",False,0
6774,"ok, you go have your tea.",False,0
6775,there you go.,False,0
6776,what?,False,0
6777,what's the matter?,True,1
6778,you hurt your nose?,False,0
6779,is there something in your nose?,False,0
6780,on your nose?,False,0
6781,"maybe it's just running a little bit, do you think that's it?",False,0
6782,"alright, let's see",False,0
6783,came a tiny and very hungry.,False,0
6784,"yeah, where is that caterpillar?",True,1
6785,good.,False,0
6786,what's this?,True,1
6787,"yes, you're good!",False,0
6788,he ate through one.,False,0
6789,but he was still.,False,0
6790,yeah.,False,0
6791,remember what these are?,True,1
6792,very good.,False,0
6793,"yes, good for you.",False,0
6794,"he ate through, what are these.",True,1
6795,remember what these are?,True,1
6796,what are these?,True,1
6797,are you bored?,False,0
6798,what are these things?,True,1
6799,strawberries!,False,0
6800,how many of them are there?,True,1
6801,you're blowing your nose on Investigator's duck?,False,0
6802,you don't want to show her this?,False,0
6803,look at everything that he ate!,True,1
6804,"tell me, what's this?",True,1
6805,can you tell me what all those things are?,True,1
6806,one piece of chocolate.,False,0
6807,what is that?,True,1
6808,"up to your old tricks again, huh, Child?",False,0
6809,here it comes.,False,0
6810,here it comes.,False,0
6811,"oh, she surprised you!",False,0
6812,"J_P, go back under the bed if you want To stay here.",True,1
6813,are you sure you don't want to show Investigator this book?,False,0
6814,he's doing somersaults this time.,False,0
6815,woo.,False,0
6816,"hey, somersaults.",False,0
6817,sure.,False,0
6818,hey.,False,0
6819,"oh, it's over there in the corner.",False,0
6820,remember what kind of truck that is?,True,1
6821,what do you call that?,True,1
6822,it's not a car exactly.,False,0
6823,it's a special kind of truck.,False,0
6824,it's a cement mixer.,False,0
6825,"yeah, it crashed.",False,0
6826,"one, two, three, four, five, six.",False,0
6827,the porcupine.,False,0
6828,here's the porcupine.,False,0
6829,"ok, Child, you have to find the porcupine.",False,0
6830,I have hidden the porcupine and you need to find it.,False,0
6831,let's see if she can find it.,True,1
6832,"oh, she found it!",False,0
6833,"oh, here it comes.",False,0
6834,"oh, my toe.",False,0
6835,now what should I do with you?,True,1
6836,what should I do with you?,True,1
6837,"gee, that's kind a funny.",False,0
6838,"oh, I've got a squeaky heart.",False,0
6839,I've got a very squeaky heart.,False,0
6840,"let's see, does your heart squeak?",False,0
6841,I think it does.,False,0
6842,here.,False,0
6843,"oh boy, do we have squeaky hearts.",False,0
6844,"oh, she's got a squeaky belly button, oh.",False,0
6845,"oh, I have a squeaky armpit.",False,0
6846,you've got a squeaky side.,False,0
6847,careful not.,False,0
6848,ok.,False,0
6849,heads shoulders knees and toes.,False,0
6850,shall we do it?,False,0
6851,do you know this song?,False,0
6852,"no, I want to learn.",False,0
6853,"ok, ready, Child?",False,0
6854,got ta look at Mommy.,False,0
6855,I do it too?,False,0
6856,"Child, look at Mommy.",False,0
6857,did I do it?,False,0
6858,I think she did it just right.,False,0
6859,where'd he go?,True,1
6860,don't you want to sing?,False,0
6861,should I squeak you?,False,0
6862,"Child, would you please come?",False,0
6863,give me a hug.,False,0
6864,please!,False,0
6865,come and give me a hug.,False,0
6866,I didn't know you could fly.,False,0
6867,oh yes and very good balance.,False,0
6868,you want to show her your balance?,False,0
6869,"don't hang on, ok?",False,0
6870,just concentrate on your balance.,False,0
6871,how are you going to get down?,True,1
6872,what's a matter?,True,1
6873,"ok, I think.",False,0
6874,oh.,False,0
6875,"ok, you ready?",False,0
6876,"what you want to do, balance?",True,1
6877,ok.,False,0
6878,ok.,False,0
6879,"well, I don't think you should hold on though.",False,0
6880,cause when you go over that way you get kind a wobbly.,True,1
6881,ok.,False,0
6882,elevator going up.,False,0
6883,"you have a hard head, huh?",False,0
6884,"ok, one more time.",False,0
6885,are you going up again?,False,0
6886,you ready?,False,0
6887,elevator?,False,0
6888,you want a bird?,False,0
6889,you want to be a bird?,False,0
6890,I think we should put your hair in a pony tail.,False,0
6891,what do you think?,True,1
6892,it's hard to do those things when you cann't see.,True,1
6893,should I lift you up in the air like that?,False,0
6894,what should I do?,True,1
6895,I should put your hair in a pony tail?,False,0
6896,"oh, ok.",False,0
6897,do you have a thing *NULL* to do it with?,True,1
6898,"well, where is it?",True,1
6899,I see you too!,False,0
6900,you're all better now?,False,0
6901,let's see.,False,0
6902,"sure, as long as you don't go upside down.",False,0
6903,"ok, I'll go get you some tea.",False,0
6904,"but not that tea, that's mommy's tea.",False,0
6905,you're going to have some tea?,False,0
6906,good.,False,0
6907,"mmm, delicious.",False,0
6908,oh.,False,0
6909,"you can have apple juice, or milk.",False,0
6910,ok.,False,0
6911,I have this kind of tea.,False,0
6912,mmm.,False,0
6913,ok.,False,0
6914,here you go.,False,0
6915,yes.,False,0
6916,what else do you like to drink?,True,1
6917,is there anything else *NULL you like to drink besides apple juice?,True,1
6918,what?,False,0
6919,I was just actually making conversation.,False,0
6920,you don't have to decide right now.,False,0
6921,delicious.,False,0
6922,you've got lots of pockets in those pants.,False,0
6923,I'll say.,False,0
6924,you know last time *NULL* I came you know what you had in your pocket?,True,2
6925,you had some money.,False,0
6926,do you remember that?,False,0
6927,is that your bed?,False,0
6928,do you sleep there?,False,0
6929,you have a lot of babies.,False,0
6930,what's that baby's name?,True,1
6931,can you tell Investigator?,False,0
6932,who gave her to you?,True,1
6933,that's a long time ago.,False,0
6934,who gave her to you?,True,1
6935,"no, it was Grandma.",False,0
6936,"that's why her name is baby Laura, cause Grandma's name is Laura.",True,1
6937,"like, what's my name?",True,1
6938,what's my other name?,True,1
6939,that's what you call me.,True,1
6940,what's my other name?,True,1
6941,what's that name *NULL* you call me a lot and I have to say to,True,2
6942,yeah but what's the other name *NULL* you call me?,True,2
6943,Parent.,False,0
6944,and Grandma's other name is Laura.,False,0
6945,"and that's why we named her baby Laura, cause Grandma gave her to",True,1
6946,"Chi_ling, because Chi_ling gave you that baby, huh?",False,0
6947,"that's ok, I'll hold em.",False,0
6948,what's this bear's name?,True,1
6949,"Genie, yeah, cause Genie gave you this bear.",False,0
6950,"oh, I remember Genie bear, I saw Genie bear last week.",False,0
6951,now Genie's a sensitive issue because Genie's my brother's ex-girl-friend and now he's engaged.,False,0
6952,"Genie bear, what are you going to do?",True,1
6953,get your name changed.,False,0
6954,what's this bear's name?,True,1
6955,"that's Teddy Bear, Picnic Bear.",False,0
6956,do you know who gave you that bear when you were born?,True,2
6957,who?,False,0
6958,"not G_I, no.",False,0
6959,Grandma.,False,0
6960,Grandma gave you that bear too.,False,0
6961,what's this bear's name?,True,1
6962,Zoltan.,False,0
6963,"this is Zoltan bear, because Dr",False,0
6964,Zoltan Weinberger gave you that bear.,False,0
6965,yeah.,False,0
6966,this is a way *NULL* to keep track.,True,1
6967,it's a good idea.,False,0
6968,baby Laura?,False,0
6969,whose hat is she wearing?,True,1
6970,that's not her hat.,False,0
6971,whose hat is that?,True,1
6972,Fat Cat's hat.,False,0
6973,but it looks pretty cute on her.,False,0
6974,I bet she'd like it if you sang her a lullabye.,True,2
6975,I should sing to her?,False,0
6976,what should I sing her?,True,1
6977,a lullabye.,False,0
6978,"well, which one?",False,0
6979,Lalalusi?,False,0
6980,I don't know that.,False,0
6981,have mommy sing it.,False,0
6982,"that's the one *NULL* you want, lalalusi?",True,1
6983,"wake up, wake up.",False,0
6984,there she is.,False,0
6985,look at those bright eyes.,False,0
6986,what color are her eyes?,True,1
6987,I don't think so.,False,0
6988,look again.,False,0
6989,she has the same color eyes *NULL* as you have.,True,1
6990,what color are your eyes?,True,1
6991,"blue, yeah.",False,0
6992,"yeah, I think they're sort of.",False,0
6993,"gee, honey, I think they are brown.",False,0
6994,would you like to play the pretend game?,False,0
6995,this is a game *NULL* we play in the car.,True,1
6996,"alright, I 'm thinking about an animal.",False,0
6997,it's big and it's brown and it's out in a pasture eating grass and,False,0
6998,moo moo.,False,0
6999,now can you picture that animal?,False,0
7000,"pretend you can see that animal, ok?",False,0
7001,what is it?,True,1
7002,"oh, is the baby going to do it?",False,0
7003,"ok, what do you think it is, Baby Laura?",True,1
7004,can you pretend you see that animal?,False,0
7005,it say.,False,0
7006,moo.,False,0
7007,what is it?,True,1
7008,can you picture it?,False,0
7009,picture it in your mind.,False,0
7010,what animal is it?,True,1
7011,"ok, Laura, now just close your eyes and see if you can see that.",True,1
7012,moo moo.,False,0
7013,"what animal is it, baby Laura?",True,1
7014,tell your mommy.,False,0
7015,what'd she say?,True,1
7016,what animal did she think it is that says.,True,2
7017,moo?,False,0
7018,what animal says.,False,0
7019,moo?,False,0
7020,"what is it, Baby Laura?",True,1
7021,what do you think it is?,True,1
7022,does she know what it is?,True,1
7023,what?,False,0
7024,what does she say?,True,1
7025,what are you going to get?,True,1
7026,ring around the rosey.,False,0
7027,"oh, ring around the rosey.",False,0
7028,"oh, ok.",False,0
7029,I should do it too?,False,0
7030,"oh, ok.",False,0
7031,ring around the rosey.,False,0
7032,you forgot to sing!,False,0
7033,did you know you forgot to sing?,False,0
7034,you weren't singing?,False,0
7035,"no, cause Child sings very well.",False,0
7036,you always know when she's singing.,True,1
7037,do ya want to do it again?,False,0
7038,ok.,False,0
7039,will you sing with us this time?,False,0
7040,very good.,False,0
7041,I heard you sing that time.,False,0
7042,I heard you.,False,0
7043,little caterpillar?,False,0
7044,little cottage.,False,0
7045,"oh, little cottage by the window, or something.",False,0
7046,that's what she said.,True,1
7047,should we show her that song?,False,0
7048,again.,False,0
7049,"oh, Laura's going to play too.",False,0
7050,you take this hand.,False,0
7051,"good, Baby Laura, you did that real well.",False,0
7052,good job.,False,0
7053,now I 'm getting dizzy.,False,0
7054,I know.,False,0
7055,"oh, please let us rest!",False,0
7056,Mommy's too dizzy.,False,0
7057,we could do something else though.,False,0
7058,why don't you do ring around the rosey with Baby Laura?,True,1
7059,should I do it too?,False,0
7060,"ok, I'll do it.",False,0
7061,ok.,False,0
7062,"ok, what would you like to sing?",True,1
7063,"ok, I don't know if Investigator knows that one.",True,1
7064,I've heard this one.,False,0
7065,let's see if I can remember it when you tell it to me.,True,2
7066,"ok, you ready to do it?",False,0
7067,are you going to do it with me?,False,0
7068,what?,False,0
7069,what are we going to do?,True,1
7070,are we doing ring around the rosey again or are we going to do,False,0
7071,"oh, London bridge is falling down.",False,0
7072,"oh, I got it.",False,0
7073,"ok, you ready?",False,0
7074,London bridge.,False,0
7075,very good.,False,0
7076,"now here's the thing, while we're singing you have to go around.",False,0
7077,London bridge.,False,0
7078,"boy, are we tired.",False,0
7079,it's hard to be a bridge.,False,0
7080,look what J_P's got.,True,1
7081,going to have a party?,False,0
7082,"alright, J_P, pull it.",False,0
7083,show Investigator how strong you are.,True,1
7084,hold on.,False,0
7085,"Child, you hold on as tight as you can.",False,0
7086,"alright, J_P, pull, pull, pull.",False,0
7087,"hold on, Child, hold on.",False,0
7088,ever since she was very little.,False,0
7089,"Child, not down the stairs, honey.",False,0
7090,"Child, now you cann't.",False,0
7091,"no, J_P, stop.",False,0
7092,you guys can not play on the stairs with that.,False,0
7093,come on up here.,False,0
7094,you can throw it down the stairs for J_P.,False,0
7095,"J_P, get it.",False,0
7096,"oh, you better let him have a fairer chance, ok?",False,0
7097,why don't you let him get a hold of it for a minute?,True,1
7098,he cann't even reach it.,False,0
7099,"go get that, J_P!",False,0
7100,"hey hey, wait a minute.",False,0
7101,I don't think he can.,False,0
7102,"here, J_P, alright.",False,0
7103,"ok, pull it.",False,0
7104,you've got it.,False,0
7105,"oh, Child, that was very good.",False,0
7106,very good.,False,0
7107,"ok, alright, let her rip.",False,0
7108,do you want to move in to the.,False,0
7109,I don't know how much longer.,False,0
7110,"well, there isn't that much longer.",False,0
7111,"well, if she's going to come back in I willn't move but.",True,1
7112,I think they're probably going to stay there for a few minutes.,False,0
7113,"ok, why don't I bring along the tape.",True,1
7114,"is that your house, Child?",False,0
7115,something's missing.,False,0
7116,why don't you throw it to J_P.,True,1
7117,"alright, J_P, go get it.",False,0
7118,look at what's missing from your foot.,True,1
7119,"something's missing from your foot, Child.",False,0
7120,what'd you lose there?,True,1
7121,where'd your shoe go?,True,1
7122,"hello, hello, this is Jack.",False,0
7123,what do you say?,True,1
7124,he's not there?,False,0
7125,"oh, he's got a beard.",False,0
7126,"yes, I know, he grew a beard.",False,0
7127,a big beard.,False,0
7128,it's getting bigger all the time.,False,0
7129,"oh, oh, you hung up?",False,0
7130,"oh, dear!",False,0
7131,should I try?,False,0
7132,I 'm going to call Child.,False,0
7133,"hello, is this Child?",False,0
7134,what are you doing?,True,1
7135,oh.,False,0
7136,where's your shoe?,True,1
7137,"well, I 'm going to hang up now.",False,0
7138,bye bye.,False,0
7139,say.,False,0
7140,bye bye.,False,0
7141,bye.,False,0
7142,am I scared?,False,0
7143,no.,False,0
7144,am I scared?,False,0
7145,no.,False,0
7146,are you scared?,False,0
7147,I see your shoe.,False,0
7148,where is it?,True,1
7149,"sure does make a squeaky sound, doesn't it?",False,0
7150,"yeah, yeah, yeah, yeah.",False,0
7151,"mmm, delicious.",False,0
7152,"there, I had pretend tea.",False,0
7153,that's your cup though.,False,0
7154,what's in there?,True,1
7155,you fell down?,False,0
7156,oh.,False,0
7157,"oh, doing the splits.",False,0
7158,"sometimes we do the splits, don't we?",False,0
7159,"J_P, you shouldn't wimp out like that.",False,0
7160,what have you got there?,True,1
7161,you want to show Investigator how you put that table up?,True,1
7162,how's that table go?,True,1
7163,look at that!,False,0
7164,that's amazing!,False,0
7165,"presto, table.",False,0
7166,"uh, that's hard work.",False,0
7167,how do you get it to stay up though?,True,1
7168,how do you hold it up?,True,1
7169,what do you have to do to keep it up?,True,1
7170,that's going to fall.,False,0
7171,how do you keep it up there?,True,1
7172,what do you have to do?,True,1
7173,the other part.,False,0
7174,yes.,False,0
7175,"oh, that's a good thing.",False,0
7176,there.,False,0
7177,you have to be careful when you do that or else this could fall.,True,1
7178,lookit.,False,0
7179,help.,False,0
7180,"yeah, see, that's why you have to be careful.",True,1
7181,"it's July twenty eighth, nineteen eighty six.",False,0
7182,remember the bag?,False,0
7183,want to see if there's any new toys in there?,True,1
7184,this time?,False,0
7185,we've got some different ones in there this time.,False,0
7186,look and see if there's any new toys.,True,1
7187,and some you'll remember.,False,0
7188,you remember him.,False,0
7189,you remember?,False,0
7190,huh?,False,0
7191,yeah?,False,0
7192,he's a new face.,False,0
7193,see who else is in there.,True,1
7194,who's that?,True,1
7195,Ducky?,False,0
7196,who's this?,True,1
7197,what's this?,True,1
7198,this is Auntie Deb's favorite animal.,False,0
7199,what is it?,True,1
7200,you know what that is.,True,1
7201,what is it?,True,1
7202,who's that?,True,1
7203,who's that?,True,1
7204,does that look like Grammy?,False,0
7205,right.,False,0
7206,thank you.,False,0
7207,who's this?,True,1
7208,right.,False,0
7209,that's not a lady.,False,0
7210,who's this?,True,1
7211,"no, is it a little girl?",False,0
7212,she calls all little kids boys.,False,0
7213,who's this?,True,1
7214,who's that?,True,1
7215,who's this?,True,1
7216,he's a gas man.,False,0
7217,yeah.,False,0
7218,"uh, you found em.",False,0
7219,"you remember those, don't you?",False,0
7220,thank you.,False,0
7221,"oh, this is the tv repair man.",False,0
7222,you like those.,False,0
7223,who's this?,True,1
7224,who?,False,0
7225,Pokey?,False,0
7226,no.,False,0
7227,you know what this is.,True,1
7228,that's a horsey.,False,0
7229,duck.,False,0
7230,you like him?,False,0
7231,he looks cute.,False,0
7232,is he cute?,False,0
7233,no?,False,0
7234,truck.,False,0
7235,that's a cement truck.,False,0
7236,thank you.,False,0
7237,what's this?,True,1
7238,do you remember?,False,0
7239,rooster.,False,0
7240,this a rooster?,False,0
7241,who's this?,True,1
7242,right.,False,0
7243,she likes to kiss these.,False,0
7244,you brought your toys?,False,0
7245,"oh, bring that book.",False,0
7246,but that has animals in it.,False,0
7247,"oh, the cash register.",False,0
7248,you going to hide things in it.,False,0
7249,"worked last time, didn't it?",False,0
7250,what's this on your leg?,True,1
7251,"yeah, what's that?",True,1
7252,what is it?,True,1
7253,you have to put it in here first.,False,0
7254,no.,False,0
7255,why not?,False,0
7256,does it go here?,False,0
7257,no?,False,0
7258,what does the truck say?,True,1
7259,zoom.,False,0
7260,zoom.,False,0
7261,where's your balloon?,True,1
7262,where?,False,0
7263,I don't see it?,False,0
7264,where?,False,0
7265,I don't see it.,False,0
7266,go get your balloon.,False,0
7267,but where's your balloon?,True,1
7268,"oh, you're right.",False,0
7269,can you tell me who's on your balloon?,True,1
7270,oh.,False,0
7271,who's this?,True,1
7272,who's this?,True,1
7273,who's this?,True,1
7274,want to look in the book?,False,0
7275,want to read it?,False,0
7276,"oh, a whole bunch of pictures.",False,0
7277,"oh, who's this?",True,1
7278,"look, do you remember him?",False,0
7279,what was his name?,True,1
7280,what color is this?,True,1
7281,what color's that?,True,1
7282,same as Mummy's car.,False,0
7283,broken.,False,0
7284,it was a couple weeks ago.,False,0
7285,but what color is this?,True,1
7286,you don't care.,False,0
7287,how many are these?,True,1
7288,can you do two?,False,0
7289,let me see you do two.,False,0
7290,let me see.,False,0
7291,now how many?,False,0
7292,how many?,False,0
7293,"one, two",False,0
7294,right!,False,0
7295,"no, you don't have to put it away.",False,0
7296,you can leave it here.,False,0
7297,thanks.,False,0
7298,ouch.,False,0
7299,ouch.,False,0
7300,there's a truck *NULL running me over.,True,1
7301,how come you didn't kiss this one?,True,1
7302,"uh, ouch!",False,0
7303,"oh, he's crying.",False,0
7304,he's crying because you're hitting him with a truck.,False,0
7305,no?,False,0
7306,can he kiss your hurt?,False,0
7307,how did you get your hurt?,True,1
7308,how did you get your hurt?,True,1
7309,"yeah, he likes it.",False,0
7310,that feel better?,False,0
7311,what truck?,False,0
7312,that's not a truck.,False,0
7313,that's a tiger.,False,0
7314,what's this one?,True,1
7315,what's this?,True,1
7316,what's that?,True,1
7317,"mmm, he's a doggy but he doesn't look like Gracie.",False,0
7318,what's he say?,True,1
7319,what's the doggy say?,True,1
7320,what's the owl say?,True,1
7321,what's the owl say?,True,1
7322,that's a rooster.,False,0
7323,"see, that's a owl.",False,0
7324,"no, what's this, do you remember?",True,1
7325,what's this?,True,1
7326,there's one at Yayee's house.,False,0
7327,"yeah, she cooks a lot but what's this called?",True,1
7328,you play with it in her cabinet?,False,0
7329,but you don't call it by the right name.,False,0
7330,"what is it, Child?",True,1
7331,can you tell?,False,0
7332,hey.,False,0
7333,"okay, then.",False,0
7334,why?,False,0
7335,what does she call it?,True,1
7336,she calls it an.,False,0
7337,aah.,False,0
7338,because my father takes it and he goes.,False,0
7339,ah.,False,0
7340,so she goes.,False,0
7341,I want to play with the ah.,False,0
7342,"we finally figured out, one day, what she was talking about.",True,1
7343,thank you.,False,0
7344,put em on your hand?,False,0
7345,"oh, hi, doggy.",False,0
7346,"hey, what happened to him?",True,1
7347,"aw, a hug?",False,0
7348,that's nice.,False,0
7349,what's this?,True,1
7350,does Daddy work with one of these?,False,0
7351,what is it?,True,1
7352,"bang, yeah.",False,0
7353,he bang with them?,False,0
7354,he uses all these things.,False,0
7355,what's this?,True,1
7356,yep.,False,0
7357,a paintbrush?,False,0
7358,yeah.,False,0
7359,"that's all *NULL* you know, I think.",True,1
7360,what's this?,True,1
7361,you know what this is.,True,1
7362,"a lawnmower, right.",False,0
7363,a lawnmower?,False,0
7364,what's this?,True,1
7365,do you remember this from Christmastime?,False,0
7366,what is it?,True,1
7367,balloon.,False,0
7368,"no, it's a Christmas tree.",False,0
7369,is that where Santa puts your presents?,True,1
7370,who's this?,True,1
7371,we have some of these.,False,0
7372,"no, we don't have any bears.",False,0
7373,thank God!,False,0
7374,I hope not.,False,0
7375,who's this?,True,1
7376,"no, this is the bear.",False,0
7377,"oh, that's the bear.",False,0
7378,who's this?,True,1
7379,do we have some of these right there?,False,0
7380,we don't?,False,0
7381,it's not a chicken!,False,0
7382,what is that?,True,1
7383,it's not an elephant!,False,0
7384,there's some right over there.,False,0
7385,they swim.,False,0
7386,badger is one.,False,0
7387,what's badger?,True,1
7388,now where're you going with that?,True,1
7389,where're you putting it?,True,1
7390,is that where it goes?,True,1
7391,"oh, ok.",False,0
7392,oop.,False,0
7393,hi.,False,0
7394,did he jump?,False,0
7395,landed on my foot.,False,0
7396,that's not like Gracie.,False,0
7397,that's a polar bear.,False,0
7398,thank you.,False,0
7399,who's that?,True,1
7400,can you say llama?,False,0
7401,"yes, you can.",False,0
7402,"oh, I bet you could try.",False,0
7403,that's a kangaroo.,False,0
7404,right.,False,0
7405,"he jumps, he goes boop boop.",False,0
7406,wow.,False,0
7407,that's a jumping duck.,False,0
7408,do you know this one?,False,0
7409,is he a gorilla?,False,0
7410,can you say gorilla?,False,0
7411,"yes, you can.",False,0
7412,good.,False,0
7413,close enough for me.,False,0
7414,"oh, who's this?",True,1
7415,remember you rode on him on the merrygoround?,False,0
7416,"and you went up and down, up and down.",False,0
7417,what is he?,True,1
7418,you did.,False,0
7419,it a zebra?,False,0
7420,yeah and you went up and down.,False,0
7421,who's this little guy?,True,1
7422,he's cute.,False,0
7423,what's his name?,True,1
7424,no.,False,0
7425,a monkey?,False,0
7426,it's sort of like this one.,False,0
7427,he's a big monkey.,False,0
7428,he's a little monkey.,False,0
7429,he's jumping on your shoes?,False,0
7430,"how about him, is that a monkey?",False,0
7431,who's that?,True,1
7432,right.,False,0
7433,he's the zookeeper.,False,0
7434,yeah.,False,0
7435,thank you.,False,0
7436,you each get one.,False,0
7437,don't I get one?,False,0
7438,thank you.,False,0
7439,"no, I want that one.",False,0
7440,can I have this one?,False,0
7441,ok.,False,0
7442,thank you.,False,0
7443,"oh, they're kissing, look.",False,0
7444,you see them?,False,0
7445,are they kissing?,False,0
7446,she saw some people on tv once kissing and she said.,False,0
7447,look.,False,0
7448,and I was like.,False,0
7449,who taught you?,True,1
7450,"oh, look, there's a kid in the middle.",False,0
7451,"uh, she's getting squished.",False,0
7452,like a family?,False,0
7453,with a polar bear?,False,0
7454,oops!,False,0
7455,"they fall over easily, especially on carpet.",False,0
7456,could this be Grammy?,False,0
7457,what's Grammy's name?,True,1
7458,do you remember?,False,0
7459,what is it?,True,1
7460,"no, is her name Carol?",False,0
7461,aw.,False,0
7462,what's Mommy's name?,True,1
7463,right.,False,0
7464,I like the way *NULL* you say that.,True,1
7465,that's cute.,False,0
7466,and what's Daddy's name?,True,1
7467,elephant?,False,0
7468,no.,False,0
7469,what's Daddy's name?,True,1
7470,"no, that's Poppa's name.",False,0
7471,what's Daddy's name?,True,1
7472,"no, you know Daddy's name because you call him that sometimes.",False,0
7473,"right, Father.",False,0
7474,what's Yayee's name?,True,1
7475,Helen?,False,0
7476,right.,False,0
7477,and what's Grampa's name?,True,1
7478,"Paul, right.",False,0
7479,wow.,False,0
7480,what's your name?,True,1
7481,and what's your last name?,True,1
7482,Child what?,False,0
7483,what's the word for it?,True,1
7484,what's your other name?,True,1
7485,what's your other name?,True,1
7486,"oh, you have to know.",False,0
7487,what if somebody asks you?,False,0
7488,"oh, bring that back out here.",False,0
7489,I don't trust you.,False,0
7490,you'll hide things.,False,0
7491,"no, you can sleep out here.",False,0
7492,"here, your blanket's in the kitchen.",False,0
7493,bring it over here.,False,0
7494,"yeah, you dropped it.",False,0
7495,you all set now?,False,0
7496,ok.,False,0
7497,it's on the chair.,False,0
7498,right in front of you.,False,0
7499,you saw it?,False,0
7500,"oh, that's good.",False,0
7501,you going to go to sleep?,False,0
7502,the animals are going to go to sleep?,False,0
7503,the cash register?,False,0
7504,who's sleepy?,True,1
7505,oh.,False,0
7506,"too hot, yeah.",False,0
7507,those hot days she'll come out with all the blankets and throw them,False,0
7508,don't.,False,0
7509,whose car is this?,True,1
7510,"Grammy's car, right.",False,0
7511,looks like hers.,False,0
7512,hers has brown in it though too.,False,0
7513,does she take it to Maine with her?,False,0
7514,yeah?,False,0
7515,what?,False,0
7516,eating lunch?,False,0
7517,in the car?,False,0
7518,that makes a funny noise.,False,0
7519,do it again.,False,0
7520,huh!,False,0
7521,that funny?,False,0
7522,silly Child.,False,0
7523,"uh, what's this?",True,1
7524,"no, what kind of a truck is it?",True,1
7525,"two trucks, yeah.",False,0
7526,cement truck?,False,0
7527,"no, Grampa doesn't have one like that.",False,0
7528,he has one like this.,False,0
7529,nobody *NULL* we know has one of these.,True,1
7530,nobody.,False,0
7531,except us.,False,0
7532,he's funny.,False,0
7533,he's funny?,False,0
7534,little bit.,False,0
7535,"aw, you stepped on the ducky.",False,0
7536,poor duck.,False,0
7537,now he has a hurt too.,False,0
7538,yeah.,False,0
7539,on his knee.,False,0
7540,how did you get your hurt?,True,1
7541,how did you do this?,True,1
7542,where?,False,0
7543,oh.,False,0
7544,did you fall on the cement?,False,0
7545,no?,False,0
7546,did it bleed?,False,0
7547,"yes, it did.",False,0
7548,did you cry?,False,0
7549,"yes, you did.",False,0
7550,she with her pet polar bear?,False,0
7551,"oh, are they friends?",False,0
7552,who's your friend?,True,1
7553,Child!,False,0
7554,"yeah, who else?",False,0
7555,a little boy.,False,0
7556,who's your friend?,True,1
7557,we went to the pool with him on Friday.,False,0
7558,yeah.,False,0
7559,you like her?,False,0
7560,does she look like Suzanne?,False,0
7561,little bit.,False,0
7562,we saw Suzanne yesterday.,False,0
7563,how old is Suzanne?,True,1
7564,why you whispering?,False,0
7565,"quiet, ssh.",False,0
7566,"oh, ok.",False,0
7567,why don't you keep them out here?,True,1
7568,they can sleep out here.,False,0
7569,put them with your blankie.,False,0
7570,sometimes when they go in there they never come back.,True,1
7571,"I know, keep an eye on those two things.",False,0
7572,"oh, now where you putting them?",False,0
7573,they're really up for hiding.,False,0
7574,want to join the rest of the sleeping crew.,False,0
7575,do you sleep in your room?,False,0
7576,is that why they have to sleep in there?,True,1
7577,oh.,False,0
7578,can they sleep out here?,False,0
7579,ok.,False,0
7580,you're making dust.,False,0
7581,oh.,False,0
7582,you missed.,False,0
7583,try again.,False,0
7584,that's a silly way for *NULL* them to go to sleep!,True,1
7585,say that.,False,0
7586,ok.,False,0
7587,so that they can have quiet?,False,0
7588,do we have to be quiet?,False,0
7589,what do we do?,True,1
7590,ssh.,False,0
7591,"the car, too?",False,0
7592,"that's all, ok?",False,0
7593,alright.,False,0
7594,ok.,False,0
7595,you need these too.,False,0
7596,I 'm keeping my eye on those things.,False,0
7597,"thank you, thank you.",False,0
7598,"well, why you putting them in there if you don't want them to go to",True,1
7599,"oh, he wants to.",False,0
7600,make up your mind.,False,0
7601,"uh, it's time *NULL* to wake up.",True,1
7602,go tell them to wake up.,False,0
7603,no?,False,0
7604,"oh, he's crying.",False,0
7605,the horsie's broken.,False,0
7606,you can bring him out if you want.,True,1
7607,yeah.,False,0
7608,get another one?,False,0
7609,"well, maybe.",False,0
7610,you never really played with it until it broke.,False,0
7611,inflatable.,False,0
7612,"when we blew it up, it went.",True,1
7613,ssso.,False,0
7614,go bring the horsie out and let me look at it.,False,0
7615,is he broken in there?,False,0
7616,where'd all the air go in him?,True,1
7617,look at him.,False,0
7618,I think we might be able to fix him.,False,0
7619,you could probably patch him.,False,0
7620,yeah.,False,0
7621,he's awful hard to ride now.,False,0
7622,can you ride him?,False,0
7623,I bet you'd fall.,False,0
7624,no?,False,0
7625,yeah.,False,0
7626,how did it get the hole in him?,True,1
7627,did you do it?,False,0
7628,no?,False,0
7629,you didn't?,False,0
7630,who broke it?,True,1
7631,"no, these ones stay up here.",False,0
7632,why don't you keep the toys out here?,True,1
7633,you don't want to move them.,False,0
7634,alright.,False,0
7635,I don't worry myself.,False,0
7636,"look, don't touch?",False,0
7637,I 'm touching.,False,0
7638,this is my car.,False,0
7639,is that your car?,False,0
7640,whose car is it?,True,1
7641,oh.,False,0
7642,is Mummy's car sleeping outside?,False,0
7643,no?,False,0
7644,"no, don't put them in there.",False,0
7645,put them with the other things.,False,0
7646,"oh, this one's not tired, huh?",False,0
7647,did you buy something?,False,0
7648,what did you buy?,True,1
7649,"yeah, I bought something.",False,0
7650,what did you buy?,True,1
7651,what did,False,0
7652,you bought a choochoo?,False,0
7653,where is it?,True,1
7654,"no, that's a truck.",False,0
7655,it's something like a choochoo but not really.,False,0
7656,not really.,False,0
7657,do these two look the same?,False,0
7658,"oh, they can go up, Child.",False,0
7659,are they in their parking spaces?,False,0
7660,oh!,False,0
7661,crash.,False,0
7662,crash.,False,0
7663,you're not hiding anything in there this time.,False,0
7664,you did it alright.,False,0
7665,"where's all the, where's the rest of the money?",True,1
7666,"yeah, where is it?",True,1
7667,"it doesn't turn, it pushes.",False,0
7668,but it doesn't work because all the money's gone.,False,0
7669,where is it?,True,1
7670,that's only one.,False,0
7671,"there was a red one, two red ones, two yellow ones, and two blue.",False,0
7672,but I want to.,False,0
7673,no?,False,0
7674,I cann't play with your toys?,False,0
7675,why?,False,0
7676,you say.,False,0
7677,stop.,False,0
7678,stop.,False,0
7679,then don't you touch my toys.,False,0
7680,where's he going to sleep?,True,1
7681,I don't think it'll fit.,False,0
7682,"oh, maybe it will.",False,0
7683,but I don't think two will go.,False,0
7684,if it will fit.,True,1
7685,what do you know.,True,1
7686,that was a good job.,False,0
7687,don't break it.,False,0
7688,yeah.,False,0
7689,is Grammy driving inside there?,False,0
7690,she is?,False,0
7691,where's she going?,True,1
7692,supermarket?,False,0
7693,what's she going to buy?,True,1
7694,lunch?,False,0
7695,"oh, that's good.",False,0
7696,what's she having for lunch?,True,1
7697,she in the supermarket cash register?,False,0
7698,"oh, where's Grammy and the car?",True,1
7699,"oh, is she buying the food?",False,0
7700,at home.,False,0
7701,"oh, boy, where's Daddy?",True,1
7702,"he's working, yeah.",False,0
7703,who's he working with?,True,1
7704,"Bill, right.",False,0
7705,ok.,False,0
7706,ok.,False,0
7707,willn't it fit?,False,0
7708,this the parking garage?,False,0
7709,Grammy's all gone.,False,0
7710,"no, I don't think he'll fit.",False,0
7711,"no, I 'm almost positive.",False,0
7712,I wasn't right about the other things but.,False,0
7713,he has to fill the cars.,False,0
7714,he going to put gas in the cars?,False,0
7715,"yeah, ok.",False,0
7716,fill it up!,False,0
7717,no?,False,0
7718,you want him to be fired?,False,0
7719,you don't like him?,False,0
7720,aw.,False,0
7721,remember what this is?,True,1
7722,what?,False,0
7723,those aren't yours.,False,0
7724,those aren't your toys though.,False,0
7725,that's the bucket.,False,0
7726,whose toys are these?,True,1
7727,no.,False,0
7728,whose truck is this?,True,1
7729,your truck?,False,0
7730,I don't think so.,False,0
7731,whose book is this?,True,1
7732,"your book too, huh?",False,0
7733,whose puppet is this?,True,1
7734,whose puppet is this?,True,1
7735,this your puppet?,False,0
7736,I want to eat your nose.,False,0
7737,ouch.,False,0
7738,"num, num, num, num.",False,0
7739,"aw, you love him?",False,0
7740,"hey, what's he doing here?",True,1
7741,"who's that, Child?",True,1
7742,"daddy and Bill, yeah.",False,0
7743,"well, he'll be in in a minute.",False,0
7744,come back over here.,False,0
7745,what are you going to do?,True,1
7746,on your stool?,False,0
7747,don't go in front of the door because then they cann't get in.,False,0
7748,she goes out there and she stands right in front of the door.,False,0
7749,"see, now Daddy's not going to be able to walk in the house.",False,0
7750,roadblock.,False,0
7751,"come back over here, the elephant's calling you.",False,0
7752,Child.,False,0
7753,Child.,False,0
7754,"no, he wants to stay in here and play with you.",False,0
7755,"yeah, he does.",False,0
7756,Child.,False,0
7757,"oh, I 'm going to touch your toys.",False,0
7758,Daddy's probably got some stuff *NULL to do.,True,1
7759,"Child, look.",False,0
7760,right in front of the door.,False,0
7761,"I see, toys are all over, honey.",False,0
7762,hi.,False,0
7763,hi.,False,0
7764,I see.,False,0
7765,this is Father.,False,0
7766,and this is,False,0
7767,Investigator.,False,0
7768,Investigator and Observer.,False,0
7769,"you got your toys all over the place, huh?",False,0
7770,so you got some new toys.,False,0
7771,"yeah, she thinks they're hers.",False,0
7772,watch.,False,0
7773,"well, what are you going to show me?",True,1
7774,what's that?,True,1
7775,that's a lion!,False,0
7776,"oh, boy, that's a nice lion, huh?",False,0
7777,come and show Daddy the gorilla.,False,0
7778,uh.,False,0
7779,come show Daddy the gorilla.,False,0
7780,where's the gorilla?,True,1
7781,where's the gorilla?,True,1
7782,"no, that's the wrong one.",False,0
7783,it's this one.,False,0
7784,tell.,False,0
7785,yeah.,False,0
7786,what's that?,True,1
7787,oh.,False,0
7788,"oh, the lion has to go back when you pick up the gorilla?",True,1
7789,yeah.,False,0
7790,good at that one.,False,0
7791,how come you willn't let me look at the book?,True,1
7792,you got a book?,False,0
7793,wow.,False,0
7794,you get the.,False,0
7795,I get the puppet.,False,0
7796,"who's this, Child?",True,1
7797,no.,False,0
7798,who's this?,True,1
7799,who's that?,True,1
7800,here.,False,0
7801,I was saving you some trouble but.,False,0
7802,who's this?,True,1
7803,monkey?,False,0
7804,that doesn't look like a monkey.,False,0
7805,no.,False,0
7806,"no, that's not a monkey.",False,0
7807,that looks sort of like Grover.,False,0
7808,tickle you?,False,0
7809,"oh, you pulling his nose off.",False,0
7810,"ow, my nose!",False,0
7811,ow!,False,0
7812,you're pulling his nose.,False,0
7813,"show Daddy how you love him, love the dog.",True,1
7814,"ok, I 'm watching.",False,0
7815,hi!,False,0
7816,not bad.,False,0
7817,what did you drop?,True,1
7818,"oh, that's what you dropped.",True,1
7819,you show me some of the things in the book?,False,0
7820,ok.,False,0
7821,"yeah, I see the kid.",False,0
7822,"yeah, there's all kinds of clothes in there, aren't there?",False,0
7823,we saw Daddy's hammer in there.,False,0
7824,what's that?,True,1
7825,what's that?,True,1
7826,that's not a house!,False,0
7827,what is that?,True,1
7828,what you put milk in.,True,1
7829,what do you put your milk in?,True,1
7830,"right, a refrigerator.",False,0
7831,what's that?,True,1
7832,"no, it's a bus.",False,0
7833,it looks a bit like a truck but it carries people.,False,0
7834,"yeah, that's a truck.",False,0
7835,what kind of a truck is it?,True,1
7836,cement truck.,False,0
7837,oh.,False,0
7838,but it's a cement truck.,False,0
7839,right.,False,0
7840,we go to the beach today?,False,0
7841,start.,False,0
7842,wonder how long that's been like that.,True,1
7843,do you know your last name?,False,0
7844,sing.,False,0
7845,"row, row your boat.",False,0
7846,you don't?,False,0
7847,I didn't think so.,False,0
7848,who's this?,True,1
7849,"right, elephant.",False,0
7850,trunk.,False,0
7851,"that's his nose, his trunk.",False,0
7852,"well, which one is it?",True,1
7853,Daddy's home.,False,0
7854,who's this?,True,1
7855,I like him.,False,0
7856,"yeah, what's the ducky say?",True,1
7857,right.,False,0
7858,is he cute?,False,0
7859,is the ducky cute?,False,0
7860,"oh, that's a cute duck.",False,0
7861,you squish him.,False,0
7862,and you throw him!,False,0
7863,that's a poor duck.,False,0
7864,you like the duck?,False,0
7865,yeah.,False,0
7866,this one squeaks.,False,0
7867,"oh, he's a squeaky duck.",False,0
7868,"no, I don't think he's broken.",False,0
7869,the horse *NULL* you broke is pretty.,True,1
7870,this is broken.,False,0
7871,what?,False,0
7872,he wants to play.,False,0
7873,"aw, the puppy's crying.",False,0
7874,oh well.,False,0
7875,you sound pretty upset about that.,False,0
7876,"no, thank you.",False,0
7877,I already have one.,False,0
7878,is there anything in there?,False,0
7879,what?,False,0
7880,there's not any toys?,False,0
7881,why aren't there any toys in there?,True,1
7882,"oh, did you take all the toys out?",False,0
7883,I see toys all over.,False,0
7884,yeah.,False,0
7885,we make a mess?,False,0
7886,no?,False,0
7887,no?,False,0
7888,I see.,False,0
7889,"how's your hurt today, Child?",True,1
7890,Mary A,False,0
7891,the animals go in there.,False,0
7892,no?,False,0
7893,you missed Grammy over there.,False,0
7894,she's all alone.,False,0
7895,she cann't see.,False,0
7896,how about these?,False,0
7897,what's that?,True,1
7898,that's a piggy.,False,0
7899,"yes, I know.",False,0
7900,boy.,False,0
7901,thank you.,False,0
7902,is that where they go?,True,1
7903,does that look like Grammy?,False,0
7904,does it?,False,0
7905,"no, not really.",False,0
7906,not at all.,False,0
7907,alright!,False,0
7908,I got that speech before you came home.,False,0
7909,we say that to her so much she has to say it back.,False,0
7910,should I leave those right there?,False,0
7911,"poor people, they're lying on their faces in there.",False,0
7912,"yes, they are.",False,0
7913,yes.,False,0
7914,oh!,False,0
7915,"oh, you don't throw those.",False,0
7916,look at poor Grammy.,False,0
7917,"you're not supposed to throw your toys, Child.",False,0
7918,got to be nice with them.,False,0
7919,say.,False,0
7920,"I 'm sorry, toys.",False,0
7921,got ta be more careful.,False,0
7922,don't put Grammy inside the lobster trap.,False,0
7923,she'll be stuck there.,False,0
7924,you want Grammy stuck inside the lobster trap?,False,0
7925,"yeah, you do, huh?",False,0
7926,"poor Grammy, right.",False,0
7927,threw her on the floor.,False,0
7928,"she's right here, she's tickling you.",False,0
7929,Grammy's tickling you.,False,0
7930,he wants tickle you.,False,0
7931,can Grammy tickle Mummy?,False,0
7932,let's see.,False,0
7933,great help.,False,0
7934,"oh, before?",False,0
7935,say.,False,0
7936,silly Grammy.,False,0
7937,"no, silly Child.",False,0
7938,you're silly.,False,0
7939,thanks for this idea.,False,0
7940,"ok, that's enough because I 'm all tickled out.",False,0
7941,don't hit me with that.,False,0
7942,"well, don't hit me.",False,0
7943,maybe she can tickle the porcupine.,False,0
7944,"no, Grammy wants to tickle the porcupine.",False,0
7945,can you say.,False,0
7946,porcupine?,False,0
7947,"oh, yes, you can.",False,0
7948,and the duck.,False,0
7949,you can try.,False,0
7950,"oh, did you get stuck by the porcupine?",False,0
7951,"yeah, you got To watch out for those porcupines, because they do",False,0
7952,yeah.,False,0
7953,you need a napkin?,False,0
7954,"that's alright, come over here.",False,0
7955,let me look at it.,False,0
7956,you need a,False,0
7957,"no, honey, that's not dirty.",False,0
7958,porcupine just stuck you in there.,False,0
7959,"pull it out, here, oh, like that.",False,0
7960,now it's all better.,False,0
7961,you brushing my hair?,False,0
7962,I usually do it with a comb myself.,False,0
7963,you did a good job.,False,0
7964,"ok, my hair's all brushed.",False,0
7965,it's all fixed.,False,0
7966,why don't you brush your own hair?,True,1
7967,thank you.,False,0
7968,I bet the porcupine would be good for brushing your hair.,False,0
7969,I bet the porcupine would work better than that.,False,0
7970,that's not a porcupine.,False,0
7971,try brushing your hair with the porcupine.,False,0
7972,doesn't that hurt your head?,False,0
7973,no?,False,0
7974,"oh, I think you're all done.",False,0
7975,"yeah, don't do that.",False,0
7976,"yeah, all done.",False,0
7977,"oh, Mummy's hair looks pretty now, Child.",False,0
7978,you did a good job.,False,0
7979,thank you.,False,0
7980,he's all tired now.,False,0
7981,"yes, all done.",False,0
7982,you were right.,False,0
7983,huh?,False,0
7984,I don't have any barrettes for me.,False,0
7985,you cann't reach yours in there.,False,0
7986,"no, you cann't.",False,0
7987,they're high up on your bureau.,False,0
7988,"no, he's gone to the bathroom.",False,0
7989,"well, you can wait out here.",False,0
7990,yes.,False,0
7991,is it good?,False,0
7992,it warm?,False,0
7993,yum.,False,0
7994,you want to put it back in the refrigerator?,False,0
7995,ok.,False,0
7996,thirsty?,False,0
7997,no.,False,0
7998,ok.,False,0
7999,I want to what?,False,0
8000,put it in the refrigerator.,False,0
8001,fid_da_deyac.,False,0
8002,you want To put it back in the refrigerator?,False,0
8003,"because it's hot, so it willn't spoil.",False,0
8004,can you go do it yourself?,False,0
8005,"no, I didn't think so.",False,0
8006,let me open the door for you.,False,0
8007,put it in the refrigerator.,False,0
8008,"go ahead, put it in, close the door.",False,0
8009,"yes, thank you.",False,0
8010,"oh, good job, honey.",False,0
8011,all fixed.,False,0
8012,good job.,False,0
8013,you're welcome.,False,0
8014,"I didn't get a kiss from you yet, you know that?",False,0
8015,"oh, thank you.",False,0
8016,"and a hug, too.",False,0
8017,oh.,False,0
8018,now that's a.,False,0
8019,"oh, Mummy needs a hug?",False,0
8020,"well, you come give me one.",False,0
8021,does she need a hug from me?,False,0
8022,"oh, ok.",False,0
8023,is this better?,False,0
8024,oh.,False,0
8025,you need a kiss.,False,0
8026,"I need a kiss, too?",False,0
8027,thank you.,False,0
8028,what?,False,0
8029,what's that mean?,True,1
8030,what's that mean?,True,1
8031,what's a.,False,0
8032,galapewp?,False,0
8033,a a grape?,False,0
8034,we don't have any.,False,0
8035,Cheerios?,False,0
8036,they're in the box.,False,0
8037,didn't you eat them all this morning?,False,0
8038,but you already had some.,False,0
8039,"oh, there's some in the refrigerator.",False,0
8040,later on.,False,0
8041,she wants her what?,False,0
8042,not yet.,False,0
8043,she wants her Cheerios.,False,0
8044,do you like Cheerios?,False,0
8045,no?,False,0
8046,"that's funny, you eat them every day.",False,0
8047,you don't like Cheerios?,False,0
8048,"oh, that's too bad.",False,0
8049,go say.,False,0
8050,"hi, machine.",False,0
8051,do you want to talk to the tape recorder?,False,0
8052,say.,False,0
8053,hi.,False,0
8054,can you say something?,False,0
8055,we'll let you hear it.,False,0
8056,say.,False,0
8057,"hi, machine.",False,0
8058,funny?,False,0
8059,it's funny?,False,0
8060,"funny machine, huh?",False,0
8061,see how it goes around?,True,1
8062,see it moving?,False,0
8063,see?,False,0
8064,why don't you talks.,True,1
8065,say something.,False,0
8066,"the machine going around, Child?",False,0
8067,do you see the light?,False,0
8068,that shows that it's listening to what you say.,True,1
8069,where's the light?,True,1
8070,where?,False,0
8071,point to it.,False,0
8072,where's the light?,True,1
8073,what color is it?,True,1
8074,"no, it's red.",False,0
8075,no.,False,0
8076,what animal is that *NULL* you've got?,True,2
8077,what kind of animal is it?,True,1
8078,"oh, here we comes!",False,0
8079,tell Daddy that's a tiger.,False,0
8080,what?,False,0
8081,that's not what I said.,True,1
8082,tiger.,False,0
8083,tiger?,False,0
8084,"oh, the tiger jumped at me.",False,0
8085,what's this one?,True,1
8086,remember this one?,False,0
8087,"no, I don't remember it.",False,0
8088,I didn't see it before.,False,0
8089,it's a llama.,False,0
8090,"oh, you say that good, Child.",False,0
8091,jump?,False,0
8092,where's it jumping?,True,1
8093,you know what tigers do?,True,1
8094,just like that.,False,0
8095,"they do, they go up, Child, over, and down.",False,0
8096,just like that!,False,0
8097,who's this?,True,1
8098,no.,False,0
8099,he's a what?,False,0
8100,not a doggy.,False,0
8101,he's a gorilla.,False,0
8102,right.,False,0
8103,so what is it?,True,1
8104,"what're we making now, Child?",True,1
8105,should we put people inside?,False,0
8106,what're ya going to make?,True,1
8107,have to put people inside.,False,0
8108,you know how?,False,0
8109,mhm.,False,0
8110,"hey, Child, here's another person.",False,0
8111,who's this?,True,1
8112,a girl?,False,0
8113,this girl has chicken pox.,False,0
8114,"look at her, she has dots on her face.",False,0
8115,no.,False,0
8116,like we were.,False,0
8117,like you had.,False,0
8118,"Child, you know who has chicken pox now?",True,1
8119,Cristine got it.,False,0
8120,Cristine got the chicken pox now.,False,0
8121,no people?,False,0
8122,"okay, should we make a train?",False,0
8123,what do you want to put on top here?,True,1
8124,blue?,False,0
8125,what other colors?,False,0
8126,good!,False,0
8127,put it up there.,False,0
8128,no?,False,0
8129,it might go better on this one.,False,0
8130,okay?,False,0
8131,where's it going?,True,1
8132,where's it going?,True,1
8133,bye.,False,0
8134,where's the train going?,True,1
8135,bye where?,False,0
8136,"bye, choochoo train?",False,0
8137,but where is it going?,True,1
8138,what?,False,0
8139,you made a what boat?,False,0
8140,a water boat?,False,0
8141,what's a water boat?,True,1
8142,"okay, make one.",False,0
8143,"show me, how does, how does it go?",True,1
8144,there's something else here.,False,0
8145,is that why you're making a water boat?,True,1
8146,let's see you make a water boat.,False,0
8147,how come you call it a water boat?,True,1
8148,I like massages better.,False,0
8149,ssh.,False,0
8150,"how come you call it a water boat, Child?",True,1
8151,what kind of a boat is it?,True,1
8152,hmm?,False,0
8153,what kind of a boat is it?,True,1
8154,that's a water boat?,False,0
8155,what a water boat?,False,0
8156,is it a water boat?,False,0
8157,or is it a sailboat?,False,0
8158,"or a ship, or a Circle Line?",False,0
8159,what is it?,True,1
8160,it's a circle boat.,False,0
8161,is that a circle boat?,False,0
8162,"oh, great!",False,0
8163,what color is the Circle Line usually?,True,1
8164,that's right.,False,0
8165,very good.,False,0
8166,just getting my coffee.,False,0
8167,mhm.,False,0
8168,yeah.,False,0
8169,that doesn't fit.,False,0
8170,put it all the way at the end.,False,0
8171,where is it?,True,1
8172,this willn't go in.,False,0
8173,there.,False,0
8174,now you can drive.,False,0
8175,does it have a steering wheel?,False,0
8176,a propeller?,False,0
8177,what is that?,True,1
8178,what are you holding?,True,1
8179,"yeah, I know you're driving but what are you holding onto while",False,0
8180,what're you holding while you're driving?,True,1
8181,this.,False,0
8182,what is that one?,True,1
8183,more boat?,False,0
8184,a motorboat?,False,0
8185,say motorboat.,False,0
8186,"not motorboat, motorboat.",False,0
8187,"motorboat, yeah.",False,0
8188,"okay, motorboat.",False,0
8189,where's it going?,True,1
8190,bye?,False,0
8191,"bye, where?",False,0
8192,to the water?,False,0
8193,where in the water is it going?,True,1
8194,in here.,False,0
8195,who's it going to visit?,True,1
8196,mhm.,False,0
8197,that's the water?,False,0
8198,"oh, you're putting the motorboat on the water?",False,0
8199,I see.,False,0
8200,where's the water?,True,1
8201,"that's going to be a tall boat, Child.",False,0
8202,making it into a sailboat now?,False,0
8203,can I help you?,False,0
8204,"no, Child, let's make it into a sailboat.",False,0
8205,where's the sail?,True,1
8206,where's the sail?,True,1
8207,mmm.,False,0
8208,oops.,False,0
8209,just give me the red part.,False,0
8210,there's a snap.,False,0
8211,there's a snap.,False,0
8212,there's a snap.,False,0
8213,sure.,False,0
8214,where're the wheels?,True,1
8215,I don't the wheels.,False,0
8216,are those supposed to have wheels?,False,0
8217,is this an old riverboat?,False,0
8218,riverboats have wheels.,False,0
8219,there on the side.,False,0
8220,"you know, I was on a riverboat once with you.",False,0
8221,where?,False,0
8222,in Kansas City.,False,0
8223,"yes, it's supposed to go on the side.",False,0
8224,"no, over here.",False,0
8225,let me show you.,False,0
8226,let me show you.,False,0
8227,then you'll be able to give it a ride.,False,0
8228,no?,False,0
8229,underneath it's supposed to go?,False,0
8230,"then it's not a boat, it's a car.",False,0
8231,okay?,False,0
8232,one wheel?,False,0
8233,I think they go on one wheel.,False,0
8234,like a unicycle.,False,0
8235,it's like a unicycle.,False,0
8236,it's like a bicycle but with one wheel.,False,0
8237,you want to do a puzzle?,False,0
8238,"you want to do a puzzle, go ahead.",False,0
8239,no?,False,0
8240,you want to do this?,False,0
8241,you cann't do it?,False,0
8242,it has only one wheel.,False,0
8243,finished with that already?,False,0
8244,where're you taking the train?,True,1
8245,where're you taking it?,True,1
8246,"I know it's a choochoo train, but where is it going?",True,1
8247,Abba?,False,0
8248,Abba's at work.,False,0
8249,who's he visiting?,True,1
8250,"Safta, yeah?",False,0
8251,you need keys for it?,False,0
8252,to start the train?,False,0
8253,okay.,False,0
8254,what is that?,True,1
8255,what do you stick the keys in?,True,1
8256,the ignition?,False,0
8257,what's Abba put the keys in?,True,1
8258,hmm?,False,0
8259,what's that?,True,1
8260,up here.,False,0
8261,"oh, up here.",False,0
8262,a balloon?,False,0
8263,you stop talking!,False,0
8264,it's a balloon?,False,0
8265,"can I play too, Emma?",False,0
8266,ssh.,False,0
8267,what color balloon?,False,0
8268,it's a big one?,False,0
8269,where's Child's puzzle?,True,1
8270,want to play with the puzzle?,False,0
8271,you need help?,False,0
8272,should I get it down for you?,False,0
8273,you going to fix it?,False,0
8274,where're all the pieces?,True,1
8275,"oh, yeah?",False,0
8276,"so put down the balloon and pick up, pick up the puzzle with two",False,0
8277,"okay, you bring it.",False,0
8278,what kind of things are in this puzzle?,True,1
8279,what're those?,True,1
8280,just let me talk for a minute.,False,0
8281,this is my game also!,False,0
8282,I know it's your game also.,False,0
8283,you brats!,False,0
8284,you want the green one?,False,0
8285,here.,False,0
8286,"this one's yours, right?",False,0
8287,are you all done with this puzzle?,False,0
8288,now you put all the pieces in.,False,0
8289,yeah!,False,0
8290,you cann't play.,False,0
8291,you want to do another one?,False,0
8292,"so you, so you're naughty.",False,0
8293,"you want to get another puzzle, Child?",False,0
8294,yeah?,False,0
8295,why don't you get the Sesame Street one over there?,True,1
8296,which rainbow?,False,0
8297,the book?,False,0
8298,we don't have a rainbow book.,False,0
8299,"oh, you want the book?",False,0
8300,look for the rainbow book.,False,0
8301,do you know where it is?,True,1
8302,where is it?,True,1
8303,let me find it.,False,0
8304,I want to have a chocolate.,False,0
8305,later.,False,0
8306,"I want one now, Emma.",False,0
8307,"ah, okay.",False,0
8308,how about if I read a page and you read a page?,True,1
8309,okay?,False,0
8310,"come here, come on.",False,0
8311,you have to see the pages.,False,0
8312,okay.,False,0
8313,"here, let's move this over here.",False,0
8314,turn around.,False,0
8315,"Child, look at the book.",False,0
8316,"yeah, come around here so you can see the book.",False,0
8317,you want to tell me what's in that picture?,True,1
8318,a rainbow?,False,0
8319,what else?,False,0
8320,"Child, leave the tape recorder alone.",False,0
8321,"Child, what else is in the picture?",True,1
8322,what's that?,True,1
8323,mm.,False,0
8324,a teddy bear!,False,0
8325,and what's this?,True,1
8326,what's this?,True,1
8327,this yellow thing.,False,0
8328,"welp, sort of looks like a pie.",False,0
8329,it's a beehive.,False,0
8330,you know what this is?,True,1
8331,"what's this, Child?",True,1
8332,huh?,False,0
8333,what's this?,True,1
8334,this pink object.,False,0
8335,pink object.,False,0
8336,is that a house?,False,0
8337,it's a funny pink house?,False,0
8338,now who's this?,True,1
8339,what kind of animal is that?,True,1
8340,a purple?,False,0
8341,is that a purple elephant?,False,0
8342,the next page.,False,0
8343,"who's here, Child?",True,1
8344,who's there?,True,1
8345,is this Halloween?,False,0
8346,is this Halloween?,False,0
8347,Halloween will surprise the.,False,0
8348,"no, she's not.",False,0
8349,yours are over there.,False,0
8350,yours are over there by the can.,False,0
8351,next to the can.,False,0
8352,look where the can for the bristle blocks is.,True,1
8353,these are bristle blocks?,False,0
8354,the bristle blocks.,False,0
8355,"no, those are two different kinds of blocks.",False,0
8356,what kind of blocks are those?,True,1
8357,they're bristle blocks.,False,0
8358,ssh.,False,0
8359,and what else?,False,0
8360,what's the other kind?,True,1
8361,what do you have in your hand?,True,1
8362,what kind a toy is that one?,True,1
8363,that's not a bristle block.,False,0
8364,what is that?,True,1
8365,do you know what that is?,True,1
8366,what's in your hand?,True,1
8367,what is that?,True,1
8368,what kind of block is that?,True,1
8369,huh?,False,0
8370,you know.,False,0
8371,what is it?,True,1
8372,"yeah, I know it's a toy.",False,0
8373,it's a kind of block.,False,0
8374,but you know what we call those blocks.,True,1
8375,what do you call those blocks?,True,1
8376,Legos?,False,0
8377,Wegos.,False,0
8378,"Wegos, yes.",False,0
8379,Wegos?,False,0
8380,pshaw!,False,0
8381,want to sit here next to me?,False,0
8382,oopsie!,False,0
8383,you alright?,False,0
8384,you two going to sit next to each other?,False,0
8385,Child?,False,0
8386,"what's, what's in this picture there?",True,1
8387,how many clowns?,False,0
8388,two clowns?,False,0
8389,what are they wearing?,True,1
8390,costumes.,False,0
8391,shoes.,False,0
8392,funny shoes.,False,0
8393,and what else?,False,0
8394,what color's their hair?,True,1
8395,what color is the clowns ' hair?,True,1
8396,grey?,False,0
8397,I don't know if you know which part is the hair.,True,2
8398,this part is his hair.,False,0
8399,what color is it?,True,1
8400,yeah.,False,0
8401,what's he wearing here?,True,1
8402,and what's on top of his head here?,True,1
8403,what is this?,True,1
8404,all different colors.,False,0
8405,know what he has in his hand?,True,1
8406,you know what this thing is?,True,1
8407,what is that?,True,1
8408,an umbrella?,False,0
8409,it looks like an umbrella.,False,0
8410,"it's a cane, you're right.",False,0
8411,top of the umbrella.,False,0
8412,I didn't even think of that.,False,0
8413,you're right.,False,0
8414,it's a cane.,False,0
8415,"and these are his funny shoes, right?",False,0
8416,"look, he has striped socks, this one.",False,0
8417,see?,False,0
8418,red and white stripes?,False,0
8419,yeah.,False,0
8420,what's this thing?,True,1
8421,do you know what this is?,True,1
8422,what is that?,True,1
8423,what's it look like?,True,1
8424,a camel?,False,0
8425,it's a weathervane.,False,0
8426,a weathervane.,False,0
8427,it looks like a camel to you?,False,0
8428,"it has a hump, I guess.",False,0
8429,it's a rooster.,False,0
8430,"yeah, it's a rooster.",False,0
8431,you want a drink?,False,0
8432,"wait a couple of minutes, okay?",False,0
8433,yeah?,False,0
8434,he can have a drink.,False,0
8435,really.,False,0
8436,"okay, fine.",False,0
8437,what do you want to drink?,True,1
8438,"what're you doing, Child?",True,1
8439,are you hitting me with a balloon?,False,0
8440,no?,False,0
8441,looks to me like you are.,False,0
8442,ya just giving it to me?,False,0
8443,"well, thank you very much.",False,0
8444,I have a blue balloon.,False,0
8445,a car?,False,0
8446,what kind of car?,False,0
8447,does it have all the wheels?,False,0
8448,"oh, yeah, that's right.",False,0
8449,Abba had a red car yesterday.,False,0
8450,we rented a Taurus yesterday with my parents.,False,0
8451,that's right.,False,0
8452,you guys went in the car yesterday.,False,0
8453,"Child, where did we go in the car?",True,1
8454,"where did we go in the car, Child?",True,1
8455,where did we go in the car?,True,1
8456,nothing?,False,0
8457,you don't want To tell me?,False,0
8458,whose house did we go to?,True,1
8459,whose house did we go to?,True,1
8460,you driving it in there?,False,0
8461,we went to Yoni's house.,False,0
8462,ssh.,False,0
8463,I know that.,False,0
8464,"Child, what did we do at Yoni's house?",True,1
8465,played.,False,0
8466,and what else did we do there?,True,1
8467,"yeah, what do we, what did we eat?",True,1
8468,what did we eat?,True,1
8469,nothing?,False,0
8470,nothing?,False,0
8471,you said we ate.,False,0
8472,what did we eat?,True,1
8473,what did you eat for supper?,True,1
8474,hmm?,False,0
8475,did you have elephant stew?,False,0
8476,huh?,False,0
8477,mm.,False,0
8478,no?,False,0
8479,did you eat pigeons?,False,0
8480,no!,False,0
8481,"Child, what did you eat for supper?",True,1
8482,we eat a hot dog.,False,0
8483,and what else?,False,0
8484,hamburger.,False,0
8485,nothing?,False,0
8486,didn't you have a hamburger?,False,0
8487,and didn't you have cake?,False,0
8488,yeah?,False,0
8489,remember what I told you in the car on the way there?,True,1
8490,we were going to have a barbecue?,False,0
8491,mhm.,False,0
8492,a barbecue is when you put the hot dogs and the hamburgers on the,True,1
8493,you saw the grill.,False,0
8494,right?,False,0
8495,saw the fire?,False,0
8496,and Naftali was putting the hot dogs and hamburgers on it?,False,0
8497,what did you eat your hamburger with?,True,1
8498,what else did you eat with the hamburger?,True,1
8499,nothing?,False,0
8500,okay.,False,0
8501,you're a silly goose.,False,0
8502,scratch that one.,False,0
8503,now I want to talk.,False,0
8504,no.,False,0
8505,why I cann't talk?,True,1
8506,cause it's his turn.,False,0
8507,what's that?,True,1
8508,fire engine?,False,0
8509,what're you doing with the fire engine?,True,1
8510,you're pulling it down?,False,0
8511,bang!,False,0
8512,that really did bang.,False,0
8513,who's supposed to go in the fire engine?,True,1
8514,huh?,False,0
8515,up here?,False,0
8516,you putting it down?,False,0
8517,"don't make it bang, Child.",False,0
8518,that's too noisy.,False,0
8519,that's too noisy.,False,0
8520,is it going to a fire?,False,0
8521,"Child, Child, Child, maybe you should get",False,0
8522,okay?,False,0
8523,you're going to bust the tape recorder.,False,0
8524,that noise is just too loud.,False,0
8525,"you know, Child, why don't you get the computer from on top of the",False,0
8526,you want to show that to Observer?,False,0
8527,show her your new computer?,False,0
8528,good.,False,0
8529,want to show Observer how it works?,True,1
8530,how does it work?,True,1
8531,can you explain to me how it works?,True,1
8532,you push the buttons?,False,0
8533,what else can you do?,True,1
8534,"what do you see on the screen when you push the buttons, Child?",True,2
8535,what do you see?,True,1
8536,you want to find a clown?,False,0
8537,is there a clown in here?,False,0
8538,there's a clown in there also but it's all the way at the end.,False,0
8539,you have to keep pushing the red thing down.,False,0
8540,the red thing?,False,0
8541,oh.,False,0
8542,is the whole thing moving?,False,0
8543,"no, only",False,0
8544,"oh, I guess the red with the orange or something like that.",False,0
8545,that's the beginning.,False,0
8546,that's the beginning.,False,0
8547,the red thing.,False,0
8548,"Child, what makes the whole picture move up?",True,1
8549,the orange things?,False,0
8550,you know how to do it.,True,1
8551,computer whiz.,False,0
8552,"there, let me see.",False,0
8553,"Child, want to bring it here?",False,0
8554,let me look.,False,0
8555,show your mom.,False,0
8556,find that clown?,False,0
8557,"oh, there it goes, see?",False,0
8558,what do you see there now?,True,1
8559,"what, what's in the picture now?",True,1
8560,"now look at this, Child.",False,0
8561,"okay, what do you see there now?",True,1
8562,"Child, what's this?",True,1
8563,a.,False,0
8564,"for who, whose name starts with an al?",True,1
8565,for Child.,False,0
8566,very good.,False,0
8567,what's this?,True,1
8568,that's a,False,0
8569,tl for Tziporah.,False,0
8570,alright?,False,0
8571,here we go on the numbers.,False,0
8572,what number is that?,True,1
8573,one.,False,0
8574,what number is that?,True,1
8575,that's blue.,False,0
8576,"yeah, right.",False,0
8577,that says left.,False,0
8578,you're going to have to wait.,False,0
8579,this thing moves very slowly.,False,0
8580,here's the pilot.,False,0
8581,that's right.,False,0
8582,what're those?,True,1
8583,the clowns.,False,0
8584,what colors are those?,True,1
8585,yeah.,False,0
8586,all those colors.,False,0
8587,yellow.,False,0
8588,"oh, what's this, Child?",True,1
8589,what do I see here?,True,1
8590,Teddy bear.,False,0
8591,what else?,False,0
8592,what's next to the teddy bear?,True,1
8593,what's this?,True,1
8594,where's the teddy bear sitting?,True,1
8595,just like the one *NULL you made.,True,1
8596,"oh, what does it have on here?",True,1
8597,it has wheels?,False,0
8598,"and what's coming out of the chimney, out of the smoke stack?",True,1
8599,what's this?,True,1
8600,what's coming out of here?,True,1
8601,"Child, what's coming out of here?",True,1
8602,"Child, Child, what's this?",True,1
8603,the fish *NULL* we have to look for?,True,1
8604,"oh, yeah.",False,0
8605,how many fish?,False,0
8606,"no, there's only three.",False,0
8607,"how, what're these?",True,1
8608,on top of the fishes.,False,0
8609,what're those?,True,1
8610,bananas.,False,0
8611,how many bananas are there?,True,1
8612,yeah?,False,0
8613,"no, you have to do it at the same time.",False,0
8614,what's there now?,True,1
8615,tomatoes.,False,0
8616,how many tomatoes?,False,0
8617,four.,False,0
8618,what's the clown doing?,True,1
8619,he's juggling.,False,0
8620,what's he juggling?,True,1
8621,what's he juggling?,True,1
8622,I can jug,False,0
8623,ssh.,False,0
8624,what's he juggling?,True,1
8625,what's he juggling?,True,1
8626,what's he juggling?,True,1
8627,like that one?,False,0
8628,"no, those are just jumping.",False,0
8629,"see, these are juggling balls.",False,0
8630,different color balls.,False,0
8631,what color balls?,False,0
8632,what color balls is he juggling?,True,1
8633,why?,False,0
8634,that one on the bottom is juggling also?,False,0
8635,"yeah, cause he got his arms up it looks like it a little bit.",False,0
8636,right?,False,0
8637,I found the clown!,False,0
8638,you always take toys away from me!,False,0
8639,"Child, I see the tape going in there just like yours does.",False,0
8640,want to see it through the window?,False,0
8641,look.,False,0
8642,"don't touch it though, okay?",False,0
8643,"see, I bet she's got rewind just like you do.",False,0
8644,"I do, I have a rewind, too.",False,0
8645,mhm.,False,0
8646,but she's not ready to use it yet.,False,0
8647,huh?,False,0
8648,no.,False,0
8649,I have some toys.,False,0
8650,do you want to see some of the toys that I brought with me?,True,1
8651,show Observer what we brought too.,True,1
8652,we'll show her your favorite toy that we brought with us.,True,1
8653,did you bring some things with you?,False,0
8654,oh.,False,0
8655,a truck.,False,0
8656,what kind of a truck is that?,True,1
8657,"does that, is that a special kind of truck?",False,0
8658,no?,False,0
8659,"I brought, I have a couple of special vehicles with me.",False,0
8660,do you want to look in the bag and see what's in the bag?,True,1
8661,yeah?,False,0
8662,"okay, in fact we can go over here.",False,0
8663,sit right down here.,False,0
8664,this little place.,False,0
8665,see?,False,0
8666,"oh, why don't you peek and see what Observer's got?",True,2
8667,you peek in there.,False,0
8668,"it's okay, you can peek in there.",False,0
8669,I'll show you a couple of these things.,False,0
8670,she'll just sit there.,False,0
8671,"she willn't bother you, okay?",False,0
8672,"mmm, what'd she bring?",True,1
8673,something *NULL* you love.,True,1
8674,mmm?,False,0
8675,and let's see what else is in here.,True,1
8676,I heard a squeak.,False,0
8677,right.,False,0
8678,now what was that?,True,1
8679,uhoh.,False,0
8680,it's.,False,0
8681,you can play with those things.,False,0
8682,"right, you can play with them.",False,0
8683,they're for *NULL* you to play with here.,True,1
8684,see what else we've got.,True,1
8685,and the trailer comes off.,False,0
8686,you can unhook the trailer and then you can hook it back on again.,False,0
8687,if her hooks aren't broken.,True,1
8688,we have hooks and they're all broken.,False,0
8689,not yet.,False,0
8690,"Child, I bet you don't know what that's called.",True,1
8691,I bet you don't.,False,0
8692,I bet you don't.,False,0
8693,what is that?,True,1
8694,hmm?,False,0
8695,you don't have to say it.,False,0
8696,it's alright.,False,0
8697,until you're ready.,False,0
8698,"uh, let's see if this'll hook on.",True,1
8699,"it's a small hook and so it's, there we go.",False,0
8700,also here's one thing that I think is neat about this.,True,1
8701,"the back window, oops.",False,0
8702,falls off.,False,0
8703,falls off.,False,0
8704,it goes off.,False,0
8705,"Child, did it break?",False,0
8706,there.,False,0
8707,"oh, it opens.",False,0
8708,see?,False,0
8709,it opens so that you can load things into the back.,False,0
8710,and then it comes down.,False,0
8711,oops.,False,0
8712,do you think Observer's going camping with that truck?,False,0
8713,now.,False,0
8714,who lights the matches?,True,1
8715,that's right.,False,0
8716,does Child light the matches?,False,0
8717,cause Child's too little.,False,0
8718,"now this, I 'm sure you've never seen one of these before.",False,0
8719,"that's a silly name, isn't it?",False,0
8720,"do you have, you don't have, do you have a tractor like this?",False,0
8721,"no, I didn't think so, cause this is a very unusual sort of tractor.",False,0
8722,"it looks a little like the ones at Drumlin Farm though, doesn't it?",False,0
8723,not quite the same but it looks similar.,False,0
8724,the ones that you sat on?,True,1
8725,"oh, you got to sit on a tractor?",False,0
8726,yes.,False,0
8727,they've got real antique ones there.,False,0
8728,really?,False,0
8729,you can just sit on them and climb on them.,False,0
8730,huh.,False,0
8731,I've never been to Drumlin Farms.,False,0
8732,I should.,False,0
8733,it's nice.,False,0
8734,yeah.,False,0
8735,"it's not far from here, right?",False,0
8736,"yeah, it's in Place.",False,0
8737,it takes fifteen minutes.,False,0
8738,it's fun.,False,0
8739,yeah.,False,0
8740,you don't stay there all day.,False,0
8741,you stay there for two hours.,False,0
8742,right.,False,0
8743,but it's good.,False,0
8744,right.,False,0
8745,you can just wander around.,False,0
8746,"you know, it's not structured.",False,0
8747,his favorite thing is diggers and they've got,False,0
8748,hmm.,False,0
8749,is making funny,False,0
8750,"Child, what's this?",True,1
8751,"that's okay, you just",False,0
8752,"oh, that reminds me that I should give you the consent form.",False,0
8753,okay.,False,0
8754,"I wanted to ask you, too, uhm, I forgot to ask you on the telephone.",False,0
8755,what I'd like to do is wait until the end to.,True,1
8756,"okay, that's fine.",False,0
8757,to give you the full information,False,0
8758,that's fine.,False,0
8759,no problem.,False,0
8760,just so the interaction as easy as possible.,False,0
8761,sign it down here?,False,0
8762,yeah.,False,0
8763,shall I do it?,False,0
8764,do you want me to try to do it?,False,0
8765,rehook them?,False,0
8766,shall I try to hook them?,False,0
8767,let's see.,False,0
8768,okay.,False,0
8769,there.,False,0
8770,oh oh.,False,0
8771,unhooked again.,False,0
8772,"that's silly, isn't it?",False,0
8773,who.,False,0
8774,"Child, look, the door opens.",False,0
8775,is there anything inside this camper?,False,0
8776,hmm?,False,0
8777,it has a hose?,False,0
8778,hose or holes?,False,0
8779,is that a hose?,False,0
8780,you know what that is?,True,1
8781,"that's some kind of steam pipe, I think.",False,0
8782,you tell Observer what that is.,True,1
8783,you know exactly what that is.,True,1
8784,what is that?,True,1
8785,that's right.,False,0
8786,it is a smokestack?,False,0
8787,"say, everything with an engine has a smokestack, doesn't it?",False,0
8788,uhhuh.,False,0
8789,this also has a hook though.,False,0
8790,you might be able to hook the camper on the back.,False,0
8791,you could try.,False,0
8792,let's see.,False,0
8793,will it hook?,False,0
8794,"uh, no, you know what?",False,0
8795,this is not a good hook.,False,0
8796,"in fact, oh, I see, that's the seat.",False,0
8797,"oh, alright.",False,0
8798,"well, maybe it will hook.",False,0
8799,"oh, Child.",False,0
8800,yes.,False,0
8801,there we go.,False,0
8802,"she did it, look at that.",False,0
8803,now the tractor can go camping.,False,0
8804,"mhm, silly, huh?",False,0
8805,is there anybody *NULL* driving the tractor?,True,1
8806,no?,False,0
8807,are you driving the tractor?,False,0
8808,maybe Chuck could drive the tractor.,False,0
8809,think Chuck could?,False,0
8810,or is Chuck too big?,False,0
8811,"too big, yeah.",False,0
8812,who's Chuck?,True,1
8813,"oh, that's Chuck.",False,0
8814,can I see Chuck?,False,0
8815,can I look at him?,False,0
8816,"you need a Kleenex, Child?",False,0
8817,shall Momma go get you a Kleenex?,False,0
8818,huh?,False,0
8819,why don't you stop picking your nose and Momma get you a Kleenex?,True,1
8820,does Chuck come out of here or does Chuck only sit in here?,False,0
8821,he comes out?,False,0
8822,that's a good boy.,False,0
8823,"I'll let you take him out, cause I 'm afraid that I'll hurt him if",True,3
8824,let Mommy hold your Kleenex and you take him out.,False,0
8825,you tell Observer it's easy to take him out?,False,0
8826,it is?,False,0
8827,"well, can you show me?",False,0
8828,sometimes it's hard for little boys.,False,0
8829,it's hard.,False,0
8830,we thought it was easy but it's hard.,False,0
8831,it's easy for mommies and Observers.,False,0
8832,it's hard for little boys.,False,0
8833,let's see.,False,0
8834,now let's see.,False,0
8835,"see, Chuck comes out when we drop the digger.",True,1
8836,I had him tied in for a while cause.,False,0
8837,because it was so easy to get him out?,False,0
8838,okay.,False,0
8839,there we go.,False,0
8840,now.,False,0
8841,how did Chuck get his name?,True,1
8842,"do you know that, Child?",False,0
8843,I don't know if he knows.,True,1
8844,we had our yard landscaped and the guy came with one of these and it,False,0
8845,I see.,False,0
8846,and that's Child's best toy.,False,0
8847,"Child, can you tell Observer what that's called?",True,1
8848,this?,False,0
8849,what is this?,True,1
8850,"it's not a cement mixer, that I can tell, right?",False,0
8851,no.,False,0
8852,uh.,False,0
8853,"and it's not a garbage dumper, is it?",False,0
8854,"and it's not a tractor, is it?",False,0
8855,"well, it's not a car, is it?",False,0
8856,and it's not a bus.,False,0
8857,uh.,False,0
8858,Child.,False,0
8859,is she teasing you?,False,0
8860,you know my knowledge of vehicles is pretty limited.,False,0
8861,I bet she doesn't know what it's called.,True,1
8862,maybe you can help her.,False,0
8863,you're right.,False,0
8864,tell her what it is.,True,1
8865,"cause you know about all the different ones, hmm?",False,0
8866,we spend a lot of time watching those.,False,0
8867,it looks like it dumps something.,False,0
8868,does it dump things?,False,0
8869,"what, what kinds of things does it dump?",True,1
8870,it dumps dirt!,False,0
8871,uhhuh.,False,0
8872,what were we dumping before we came in today?,True,1
8873,outside?,False,0
8874,"right outside your school, what we were dumping out there?",True,1
8875,leaves?,False,0
8876,so you can use it to dump a lot of things.,False,0
8877,good.,False,0
8878,is it called.,False,0
8879,Little Digger?,False,0
8880,oh.,False,0
8881,do we use it for something else too?,False,0
8882,"pass it back over here, Child.",False,0
8883,now let's do something else.,False,0
8884,remember what else we?,False,0
8885,something in your book.,False,0
8886,"I'll make it and you see if you remember what it was called, okay?",True,2
8887,hook it back up?,False,0
8888,okay.,False,0
8889,there we go.,False,0
8890,"you remember what this was called, Child?",True,1
8891,when we were pulling logs?,True,1
8892,you're silly.,False,0
8893,why don't you take your fingers out of your nose and do something?,True,1
8894,remember what this is called in your book?,True,1
8895,in our big truck book?,False,0
8896,when it pulls the log.,True,1
8897,was it called a log skidder?,False,0
8898,a log skidder?,False,0
8899,it pulls the logs along.,False,0
8900,"and a log skidder can also be a front end loader, huh?",False,0
8901,did you know all about vehicles before?,False,0
8902,no.,False,0
8903,lots of library books.,False,0
8904,they just put all new pipes in in,False,0
8905,he he just has always really loved that.,False,0
8906,yeah.,False,0
8907,so.,False,0
8908,yeah.,False,0
8909,he gets to the point where we were allowed to stand in the ditch for,True,1
8910,"we're not supposed to but, but they let us because they let us",False,0
8911,right.,False,0
8912,right.,False,0
8913,oh.,False,0
8914,"this has such big wheels, doesn't it, compared to the wheels on a",False,0
8915,the wheels on a car are really small.,False,0
8916,"what's this one called, Child?",True,1
8917,what's this truck called?,True,1
8918,is it called anything *NULL* we know?,True,1
8919,"it's not called a pickup truck, I don't think.",False,0
8920,"in fact, you know what, Child?",False,0
8921,I've got actually another one of those.,False,0
8922,"oh, lookit.",False,0
8923,are those different?,False,0
8924,more.,False,0
8925,more what?,False,0
8926,"Child, are those different?",False,0
8927,are they different?,False,0
8928,I don't think so.,False,0
8929,I don't think so.,False,0
8930,what's different about them?,True,1
8931,they look pretty much the same to me.,False,0
8932,did we have one of those for lunch?,False,0
8933,what did we do?,True,1
8934,"oh, thank you.",False,0
8935,can I eat this?,False,0
8936,can I eat this?,False,0
8937,yeah?,False,0
8938,"is it real, Child?",False,0
8939,is this real fruit?,False,0
8940,huh?,False,0
8941,"no, what is this fruit?",True,1
8942,"yeah, it's a banana.",False,0
8943,is it real?,False,0
8944,can I really eat this?,False,0
8945,oh.,False,0
8946,"Child, be gentle.",False,0
8947,be gentle.,False,0
8948,please.,False,0
8949,thank you.,False,0
8950,which one would you like?,True,1
8951,what would you like for your snack?,True,1
8952,"Child, you know what?",False,0
8953,can you bring the basket over here too?,False,0
8954,"okay, now let's see if.",True,1
8955,"let's see what things we can put in the basket, okay?",True,1
8956,see if we know what they're called.,True,2
8957,right.,False,0
8958,so can you put the pear in the basket?,False,0
8959,the pear.,False,0
8960,okay.,False,0
8961,can you put the pear in the basket?,False,0
8962,whoops.,False,0
8963,you being silly.,False,0
8964,what's this one?,True,1
8965,a tomato.,False,0
8966,"it, it does look a lot like a tomato.",False,0
8967,ah.,False,0
8968,you think that's a tomato?,False,0
8969,okay.,False,0
8970,and,False,0
8971,"Child, let's be a little more gentle with the things.",False,0
8972,okay?,False,0
8973,let's be a little bit more gentle.,False,0
8974,okay?,False,0
8975,here we go.,False,0
8976,let's see what else Observer's got.,True,1
8977,right.,False,0
8978,now what about an orange?,False,0
8979,is there an orange around?,False,0
8980,yes.,False,0
8981,great.,False,0
8982,let's put the orange in the basket.,False,0
8983,now what about a lemon.,False,0
8984,no lemons?,False,0
8985,no.,False,0
8986,look at something on the floor.,False,0
8987,see if you can find a lemon on the floor.,True,1
8988,that's an orange.,False,0
8989,that's an orange.,False,0
8990,see if you could find a lemon over by Observer.,True,1
8991,over by her bag.,False,0
8992,this lemon might be hiding from you.,False,0
8993,what did you find?,True,1
8994,what is that?,True,1
8995,is that a lemon?,False,0
8996,or do you think it's something else?,False,0
8997,a lemon.,False,0
8998,that's a lemon.,False,0
8999,great.,False,0
9000,okay.,False,0
9001,okay.,False,0
9002,can you put the banana back in the basket?,False,0
9003,where's the banana?,True,1
9004,"that's a pretty good banana, isn't it.",False,0
9005,it looks very real.,False,0
9006,right.,False,0
9007,it looks delicious.,False,0
9008,right.,False,0
9009,now what about the duck?,False,0
9010,sit up.,False,0
9011,it really squooshes right up.,False,0
9012,"whoa, look at it.",False,0
9013,I bet that feels nice.,False,0
9014,what do you think the duck likes to eat?,True,1
9015,which of this fruit do you think the duck likes to eat?,True,1
9016,you tell Observer what ducks like to eat.,True,1
9017,woh.,False,0
9018,we know what ducks like to eat.,True,1
9019,what do they eat?,True,1
9020,they eat.,False,0
9021,they eat duck food?,False,0
9022,duck food or dog food?,False,0
9023,he has this obsession lately with dog food.,False,0
9024,I see.,False,0
9025,do they eat something else?,False,0
9026,what do we take the ducks?,True,1
9027,"what do we take *NULL* to feed the ducks, and you love to eat it, too?",True,2
9028,do you feed the ducks things?,False,0
9029,what do you feed them?,True,1
9030,what is it that you eat?,True,2
9031,"we had it yesterday at home, remember?",False,0
9032,what is it?,True,1
9033,is it big?,False,0
9034,is it little?,False,0
9035,big?,False,0
9036,what's it called?,True,1
9037,is it muffins?,False,0
9038,no.,False,0
9039,is it bananas?,False,0
9040,no.,False,0
9041,is it cement mixers?,False,0
9042,what is it?,True,1
9043,what do you like to feed the ducks?,True,1
9044,"I know someplace else where we like it too, like the Ground",True,1
9045,what do they give us at the Ground Round when we first get there?,True,2
9046,hmm?,False,0
9047,mhm.,False,0
9048,what is it?,True,1
9049,where is it?,True,1
9050,are you saying.,False,0
9051,where is it.,True,1
9052,or.,False,0
9053,what is it?,True,1
9054,where is it?,True,1
9055,"oh, Child.",False,0
9056,boom.,False,0
9057,and out it comes.,False,0
9058,bupo.,False,0
9059,that's not too good.,False,0
9060,you should be a little bit more gentle with that.,False,0
9061,okay?,False,0
9062,cause it will break and then you willn't be able to play with them.,False,0
9063,Child.,False,0
9064,you know what?,False,0
9065,"I have some more animals, although you don't seem to like the",False,0
9066,but do you want to see some more animals that I have?,True,1
9067,okay.,False,0
9068,oh.,False,0
9069,what kind of animal is this?,True,1
9070,elephant.,False,0
9071,yes.,False,0
9072,that's an elephant.,False,0
9073,did we just see some elephants?,False,0
9074,where did we go last Sunday and see elephants?,True,2
9075,the circus?,False,0
9076,"it squishes too, yeah.",False,0
9077,it squishes too.,False,0
9078,"Child, does that elephant look like the ones *NULL* we saw at the circus?",True,1
9079,yeah?,False,0
9080,yeah?,False,0
9081,were they big ones?,False,0
9082,yeah?,False,0
9083,were they bigger than this?,False,0
9084,no?,False,0
9085,that would be pretty funny.,False,0
9086,were they small or were they huge?,False,0
9087,big.,False,0
9088,big.,False,0
9089,right.,False,0
9090,and were there ladies *NULL riding on their backs?,True,1
9091,yep.,False,0
9092,oh.,False,0
9093,look at that.,False,0
9094,you're going to have to scrub all your toenails.,False,0
9095,it squishes too.,False,0
9096,it's a hedgehog.,False,0
9097,can you say that?,False,0
9098,porcupine.,False,0
9099,"uh, it could be a porcupine.",False,0
9100,a porcupine or a hedgehog?,False,0
9101,"I 'm not sure, actually.",False,0
9102,I think,False,0
9103,"don't know a hedgehog, anyway.",False,0
9104,"I think it's actually a hedgehog, although I 'm not sure why.",False,0
9105,it's cute.,False,0
9106,woo.,False,0
9107,why don't you say.,False,0
9108,I 'm sorry.,False,0
9109,"and go get it, Child?",False,0
9110,come on.,False,0
9111,"go over and get that hedgehog for mommy, please.",False,0
9112,I want to show you something.,False,0
9113,go ahead.,False,0
9114,go get it.,False,0
9115,"do you remember, Child do you remember over there when you were",True,1
9116,and the garlic press?,False,0
9117,"what, what does this look like, Child?",True,1
9118,does this look like the spaghetti *NULL* you were making in the garlic?,True,1
9119,"you want to come feel it, see if it feels the same?",True,1
9120,come on.,False,0
9121,"watch out for the tape recorder, Child.",False,0
9122,yeah.,False,0
9123,actually I've got some more animals.,False,0
9124,come on.,False,0
9125,let's go see.,False,0
9126,let's see what Observer's got.,True,1
9127,"these are not quite as exciting, but.",False,0
9128,this is neat.,False,0
9129,"lion, yeah.",False,0
9130,"oh, Child, look at this.",False,0
9131,I think they're just going to go fix the building.,False,0
9132,they look like people who are going to fix the building.,True,1
9133,"they look like people who don't know how to close a door, don't",True,2
9134,Mommy's coming right back.,False,0
9135,I 'm just going to close the door.,False,0
9136,there.,False,0
9137,what?,False,0
9138,who.,False,0
9139,Child.,False,0
9140,"Child, take it easy with the things.",False,0
9141,did we decide what this was?,True,1
9142,"yeah, do you know what that is?",True,1
9143,"that's something that eats dog food, Child.",True,1
9144,now you can say.,False,0
9145,this eats dog food.,False,0
9146,"what do you, what is that?",True,1
9147,it does?,False,0
9148,"well, what does that mean it is?",True,1
9149,Child?,False,0
9150,do you want to go home?,False,0
9151,okay.,False,0
9152,"I don't care for that, alright?",False,0
9153,it's naughty.,False,0
9154,now you don't need to hit your mom.,False,0
9155,okay?,False,0
9156,why don't you ask Observer if she's got anything else *NULL there to show?,True,3
9157,I do.,False,0
9158,do you want to see it?,False,0
9159,okay.,False,0
9160,yes.,False,0
9161,that's right.,False,0
9162,what?,False,0
9163,you want to see what else?,False,0
9164,okay.,False,0
9165,yeah.,False,0
9166,we're going to come to the end soon.,False,0
9167,mhm.,False,0
9168,is it the same as this horse?,False,0
9169,Child?,False,0
9170,"why don't you try not hitting them, hon?",True,1
9171,now this,False,0
9172,what do you think it is?,True,1
9173,why don't you look at that *NULL* she's got?,True,2
9174,another one what?,False,0
9175,why don't you see what Observer's got there?,True,2
9176,what do you think that is?,True,1
9177,a camel?,False,0
9178,no.,False,0
9179,it's the right color.,False,0
9180,"who that looks like, Child?",False,0
9181,that looks a little bit like Razmah.,False,0
9182,does that look like Razzie to you?,False,0
9183,did you eat dog food?,False,0
9184,did you eat?,False,0
9185,yes?,False,0
9186,yuck.,False,0
9187,I 'm not anxious to do that.,False,0
9188,was it good?,False,0
9189,alright.,False,0
9190,there's one more animal.,False,0
9191,"your uncles used to eat dog food, Child.",False,0
9192,just to bother Mommy.,False,0
9193,that's it.,False,0
9194,oh.,False,0
9195,what is that?,True,1
9196,this is it.,False,0
9197,you're seeing it.,False,0
9198,that's the last thing in the bag.,False,0
9199,pig?,False,0
9200,no.,False,0
9201,look carefully.,False,0
9202,no.,False,0
9203,no.,False,0
9204,no.,False,0
9205,"I'll tell you what noise this animal makes, okay?",True,1
9206,it goes.,False,0
9207,moo.,False,0
9208,"mm, we know what that is.",True,1
9209,a cow.,False,0
9210,that's right.,False,0
9211,I don't have a pig.,False,0
9212,I just don't have a pig.,False,0
9213,I have a cow.,False,0
9214,I have you know what the name of this this dog is?,True,1
9215,this is called a collie.,False,0
9216,it's a kind of dog.,False,0
9217,can you say that?,False,0
9218,collie?,False,0
9219,whoops.,False,0
9220,"that's like Razzie, is something *NULL* called maybe like a sheepdog and",True,1
9221,here it is.,False,0
9222,oh.,False,0
9223,there's the poodle.,False,0
9224,poodles have to go to the barber to get their hair cut.,False,0
9225,isn't that silly?,False,0
9226,right.,False,0
9227,see how they get shaved here?,True,1
9228,isn't that silly?,False,0
9229,"their fur is like this usually and then they get shaved, here and",False,0
9230,who else gets shaved?,True,1
9231,who shaves every morning?,True,1
9232,that's right.,False,0
9233,why does he shave?,True,1
9234,"why does Daddy shave, Child?",True,1
9235,you going to make us some tea?,False,0
9236,mommy would love some tea.,False,0
9237,uhoh.,False,0
9238,it's crooked?,False,0
9239,"yeah, it is a little crooked.",False,0
9240,you're turning on the hot water or the cold water?,False,0
9241,"turning it off, okay.",False,0
9242,"you have to be careful of the hot water, don't you?",False,0
9243,why you have to be careful of the hot water.,False,0
9244,uhoh.,False,0
9245,what shall we do with the hot water?,True,1
9246,"we need make the tea hot, that's right.",False,0
9247,"be careful, okay?",False,0
9248,is this tea or soup?,False,0
9249,it's tea?,False,0
9250,okay.,False,0
9251,"hey, Child, you remember how the little bear made birthday soup?",True,1
9252,"it could sort of be like that too, couldn't it?",False,0
9253,for all his friends?,False,0
9254,I think maybe you have too many things in there.,False,0
9255,what do you think?,True,1
9256,the hedgehog sounds like he wants to get out.,False,0
9257,he's screeching.,False,0
9258,"let me out, let me out.",False,0
9259,"oh, okay.",False,0
9260,now.,False,0
9261,try again.,False,0
9262,are there things underneath the sink too?,False,0
9263,in the,False,0
9264,"no, yeah, in the cupboard, are there things in there?",False,0
9265,what do you make in that pan?,True,1
9266,that's a nice stove.,False,0
9267,can you tell Observer what you cook in a pan like that?,True,1
9268,what do you cook in a pan like that?,True,1
9269,cookies?,False,0
9270,what else do we make in a pan like that?,True,1
9271,do we make muffins?,False,0
9272,you're making muffins?,False,0
9273,what kind of muffins are we making?,True,1
9274,tea muffins.,False,0
9275,that sounds delicious.,False,0
9276,"we must be in England, huh?",False,0
9277,"oh, a double boiler.",False,0
9278,there we go.,False,0
9279,"mommy uses that too, don't I, Child?",False,0
9280,do you have pot holders here?,False,0
9281,for the hot pans?,False,0
9282,oh.,False,0
9283,"oh, I don't have a cup.",False,0
9284,could you serve us cups first?,False,0
9285,I see some cups over there.,False,0
9286,why don't you put the tea down and go get some cups for us.,True,1
9287,I'd like yellow.,False,0
9288,ask Observer what color she'd like.,True,1
9289,"okay, purple would be nice.",False,0
9290,"you're going to have a tough time *NULL* giving her purple, Child.",True,1
9291,"I don't see any purple there, do you?",False,0
9292,oh.,False,0
9293,that's close to purple.,False,0
9294,right.,False,0
9295,purple blue.,False,0
9296,thank you.,False,0
9297,you're a nice boy.,False,0
9298,thank you.,False,0
9299,thank you.,False,0
9300,"could Mommy have the yellow one, please?",False,0
9301,mommy gets green.,False,0
9302,"oh, thank you.",False,0
9303,oh.,False,0
9304,are these for our muffins?,False,0
9305,thank you.,False,0
9306,may I have a muffin for my plate?,False,0
9307,okay.,False,0
9308,that's a good idea.,False,0
9309,what a good idea.,False,0
9310,"what kind of muffins did you make, Child?",True,1
9311,"hot muffins, okay.",False,0
9312,"mommy muffins and Child muffins, okay.",False,0
9313,may I try one?,False,0
9314,"oh, we're not finished yet, I 'm sorry.",False,0
9315,are they still cooking?,False,0
9316,"oh, okay.",False,0
9317,is one of those the refrigerator?,False,0
9318,"that, why don't you not stand on there, Child?",True,1
9319,maybe this side is the refrigerator and maybe this side is the oven.,False,0
9320,you know why?,False,0
9321,cause the oven has to have a shelf.,False,0
9322,doesn't it?,False,0
9323,okay.,False,0
9324,there we go.,False,0
9325,they're all cooking.,False,0
9326,how long,False,0
9327,okay.,False,0
9328,how long will it take for the muffins to cook?,True,1
9329,thirty.,False,0
9330,okay.,False,0
9331,mhm.,False,0
9332,I don't know.,False,0
9333,what happened to the muffins?,True,1
9334,did you eat them all?,False,0
9335,"uhm, I think maybe you put them in the basket.",False,0
9336,remember?,False,0
9337,there they are.,False,0
9338,there they are.,False,0
9339,"you put them in there, hon.",False,0
9340,remember you put them in the basket?,False,0
9341,you were going to serve them.,False,0
9342,okay.,False,0
9343,you ate them all?,False,0
9344,oh.,False,0
9345,did you save any for Mommy and Observer?,False,0
9346,I don't know.,False,0
9347,did you have tea in your cup?,False,0
9348,you did?,False,0
9349,you like tea?,False,0
9350,was it hot?,False,0
9351,oh.,False,0
9352,did you wait for it to cool off?,False,0
9353,okay.,False,0
9354,good boy.,False,0
9355,you cleaned up the whole cupboard.,False,0
9356,that's nice.,False,0
9357,what?,False,0
9358,I can have the yellow?,False,0
9359,thank you.,False,0
9360,thank you.,False,0
9361,"can I have some milk in that tea, please?",False,0
9362,thank you.,False,0
9363,should I stir it?,False,0
9364,"oh, okay.",False,0
9365,that's plenty.,False,0
9366,thank you.,False,0
9367,that's plenty.,False,0
9368,okay.,False,0
9369,thank you.,False,0
9370,that's enough.,False,0
9371,should I stir it up now?,False,0
9372,okay.,False,0
9373,does Observer need some milk in her tea?,False,0
9374,thank you.,False,0
9375,do you have milk in your tea?,False,0
9376,yeah?,False,0
9377,red spoon and a red plate.,False,0
9378,there we go.,False,0
9379,you're matching up all the colors?,False,0
9380,"what color do you love, Child?",True,1
9381,what color is this color?,True,1
9382,what color is this one over here?,True,1
9383,what?,False,0
9384,where's the rest of it?,True,1
9385,who had the rest of the blue?,True,1
9386,did Observer have the blue?,False,0
9387,you have to sneak it away from her?,False,0
9388,yes.,False,0
9389,it was mine.,False,0
9390,"oh, what's Observer supposed to use?",True,1
9391,do I get any?,False,0
9392,what color do I get?,True,1
9393,thank you.,False,0
9394,what color is that?,True,1
9395,that's right.,False,0
9396,what color is this?,True,1
9397,"birthday color, thank you.",False,0
9398,what color do you have?,True,1
9399,what color is your plate?,True,1
9400,is this for me too?,False,0
9401,I get all of this?,False,0
9402,"well, thank you.",False,0
9403,"Observer must be hungry, huh?",False,0
9404,this is so much.,False,0
9405,"she's a hungry hungry lady, isn't she?",False,0
9406,I see.,False,0
9407,"you're doing such a nice job serving us, Child.",False,0
9408,to do this at home.,False,0
9409,mommy can just sit and you can bring me the food.,False,0
9410,is it cake for the birthday party?,False,0
9411,"oh, thank you.",False,0
9412,you know you don't have a cup.,False,0
9413,do you want a cup and a plate or should I hold yours for you?,False,0
9414,okay.,False,0
9415,"Child, I'd like some ice cream.",False,0
9416,I thought if we're having cake.,True,1
9417,"may I have the ice cream, please?",False,0
9418,watch out for the tape recorder.,False,0
9419,"oh, thank you.",False,0
9420,what flavor do we have?,True,1
9421,what kind of ice cream did you bring us?,True,1
9422,vanilla.,False,0
9423,thank you very much.,False,0
9424,what kind of ice cream do you like?,True,1
9425,"hey, Child, what kind of ice cream do you have in there?",True,1
9426,vanilla.,False,0
9427,do you have any chocolate?,False,0
9428,hmm?,False,0
9429,daddy likes chocolate.,False,0
9430,do you have any chocolate for Daddy?,False,0
9431,maybe we can bring some home for him?,False,0
9432,okay.,False,0
9433,thank you.,False,0
9434,"oh, thank you.",False,0
9435,it matches my plate.,False,0
9436,what are you bringing?,True,1
9437,what are these?,True,1
9438,teeth?,False,0
9439,for square teeth?,False,0
9440,"is this, is this from you?",False,0
9441,"that one goes in that plate, doesn't it?",False,0
9442,"oh, thank you.",False,0
9443,I get to have two?,False,0
9444,"oh, okay.",False,0
9445,you know what those look like to me?,True,1
9446,those look a little bit like brownies.,False,0
9447,okay.,False,0
9448,"Child, happened yesterday when Joan made those cookies?",True,1
9449,did you like those cookies *NULL* Joan made?,True,1
9450,what was wrong with them?,True,1
9451,they were a boy?,False,0
9452,"no, remember why you didn't eat the cookies?",True,1
9453,"they were too sweet, weren't they?",False,0
9454,mmm.,False,0
9455,they were brownie sweet.,False,0
9456,they were called butters oatmeal Scotchies.,False,0
9457,butterscotch.,False,0
9458,and they were way too sweet.,False,0
9459,have you ever had those?,False,0
9460,no.,False,0
9461,"I've made them once and they're just, I mean, I love everything.",False,0
9462,but these are just too too sweet.,False,0
9463,hmm.,False,0
9464,and we were visiting someone who had a new baby yesterday and she,True,1
9465,this is too sweet.,False,0
9466,yeah.,False,0
9467,was he a big boy?,False,0
9468,what was he?,True,1
9469,"oh, Alexander's a baby?",False,0
9470,how big is he?,True,1
9471,"are you cooking, Child?",False,0
9472,Child.,False,0
9473,is Alexander just a baby?,False,0
9474,yeah?,False,0
9475,what are you making?,True,1
9476,oh.,False,0
9477,looks good.,False,0
9478,making what?,False,0
9479,pie.,False,0
9480,pie?,False,0
9481,it seems like a lot of your pie is on the floor.,False,0
9482,"that's just like when we cook at home, isn't it, Child?",True,1
9483,it all ends up on the floor.,False,0
9484,and on your tummy and in your tummy.,False,0
9485,do you cook at home?,False,0
9486,what things do you make at home?,True,1
9487,brownies?,False,0
9488,what's your favorite thing *NULL* to make?,True,2
9489,having a problem with the chair.,False,0
9490,do you need someone *NULL* to pull you in?,True,1
9491,"okay, I'll pull you in.",False,0
9492,"you're serving, okay.",False,0
9493,there you go.,False,0
9494,what else do we cook at home?,True,1
9495,"hey, Child.",False,0
9496,Child.,False,0
9497,what else do we cook at home?,True,1
9498,what do you and Mommy make at home?,True,1
9499,what do we make every morning?,True,1
9500,"hey, Child.",False,0
9501,do you make breakfast in the morning?,False,0
9502,there we go.,False,0
9503,that's it.,False,0
9504,"Child, what are you good at cooking in the morning?",True,1
9505,what are the two things that you make really well in the morning?,True,2
9506,pie.,False,0
9507,"what do, what do we make in the morning *NULL* we put maple syrup on?",True,2
9508,what do we put maple syrup on?,True,1
9509,"what do we make, Child, and cook it on the grill?",True,1
9510,in the morning and we put syrup on?,False,0
9511,oh.,False,0
9512,and what else do you make in the morning that you put syrup on?,True,2
9513,syrup and bananas?,False,0
9514,what do you put syrup and bananas in?,True,1
9515,and that's underneath the cupboard?,False,0
9516,is it oatmeal?,False,0
9517,who likes oatmeal?,True,1
9518,anybody *NULL* we know?,True,1
9519,it's good.,False,0
9520,all your toys.,False,0
9521,yeah.,False,0
9522,that's a good idea.,False,0
9523,I like that idea.,False,0
9524,see if she knows what any of those.,True,1
9525,"a fireman would wear those things, that's right.",False,0
9526,you take it over there and see if she knows what any of the,True,1
9527,whoop.,False,0
9528,"Child, you don't throw them, please.",False,0
9529,okay?,False,0
9530,you can hand them to Observer.,False,0
9531,or you can put them on the floor if you like.,True,1
9532,Child.,False,0
9533,take it a little bit easy with these things.,False,0
9534,what?,False,0
9535,"Child, what's, what's this?",True,1
9536,"hey, Child, what's Mommy doing?",True,1
9537,I 'm in the rain?,False,0
9538,and what's on my head?,True,1
9539,careful.,False,0
9540,what's up there?,True,1
9541,what's keeping me dry?,True,1
9542,what is it?,True,1
9543,abella?,False,0
9544,an umbrella?,False,0
9545,an umbrella with hiccups?,False,0
9546,now what's on my head?,True,1
9547,what is it?,True,1
9548,"a fireman's hat, that's right.",False,0
9549,is it keeping my head dry?,False,0
9550,what?,False,0
9551,slide you in?,False,0
9552,"slide you in, please?",False,0
9553,there you go.,False,0
9554,what's not good?,True,1
9555,what are you cooking now?,True,1
9556,"Child, I think you're getting silly now.",False,0
9557,"I think we're going to stop that, okay?",False,0
9558,okay.,False,0
9559,I want you to try to be a little bit more with what you're making.,True,1
9560,you can play but you don't have to throw the things all over.,False,0
9561,that's not necessary.,False,0
9562,which teacher?,False,0
9563,Observer?,False,0
9564,"oh, you mean Susan?",False,0
9565,"I bet she's already gone home, honey.",False,0
9566,"we're going to go out this door right here, cause our bike is right out",False,0
9567,we're going to go home.,False,0
9568,"we're going to go home and take a nice ride, huh?",False,0
9569,"okay, let's see.",False,0
9570,what day is today?,True,1
9571,today is the fourth.,False,0
9572,fourth.,False,0
9573,right.,False,0
9574,"okay, this is November fourth, nineteen eighty five, and this is the",False,0
9575,"hear all that, Child?",False,0
9576,that means you're official.,False,0
9577,right.,False,0
9578,let's see.,False,0
9579,uhoh.,False,0
9580,Mommy's going To go have a nap in the corner while you play.,False,0
9581,how's that?,True,1
9582,"no, I 'm just teasing.",False,0
9583,I 'm staying right here.,False,0
9584,I was just teasing.,False,0
9585,Mommy's sleepy.,False,0
9586,are you excavating?,False,0
9587,no.,False,0
9588,do you need something *NULL* to scoop?,True,1
9589,want Mommy to get you something that you can scoop up?,True,1
9590,yeah?,False,0
9591,here we go.,False,0
9592,let's see if that will help you.,True,1
9593,hmm?,False,0
9594,put them in front?,False,0
9595,you can move them around to the front.,False,0
9596,okay.,False,0
9597,"oh, you want to bulldoze?",False,0
9598,okay.,False,0
9599,want me to move something out of the way for you.,False,0
9600,whoops.,False,0
9601,it's okay.,False,0
9602,"that a little lower, Child?",False,0
9603,sometimes that gets stuck.,False,0
9604,there go.,False,0
9605,"what does it do, Child?",True,1
9606,what do you do with that?,True,1
9607,are you digging the tread?,False,0
9608,no.,False,0
9609,what are you doing?,True,1
9610,what?,False,0
9611,are you whispering?,False,0
9612,you tell Observer you learned how to whisper and you really like,True,1
9613,what?,False,0
9614,"that's beautiful, can you pick it up again?",False,0
9615,oop.,False,0
9616,"that is it, isn't it?",False,0
9617,"oh, look it that.",False,0
9618,"can you tell Observer what the front of that, de what the front of that digger is called?",True,1
9619,hmm?,False,0
9620,me?,False,0
9621,"I 'm not sure, find out.",False,0
9622,I think you're the only one that knows.,True,1
9623,what is the front of the digger?,True,1
9624,which end is the front?,True,1
9625,that's the front end?,False,0
9626,that's the what?,False,0
9627,the front loader.,False,0
9628,and what's that part?,True,1
9629,"what's that part called, Child?",True,1
9630,remember what Mr Rogers told you about that?,True,1
9631,about why it's called that?,True,1
9632,"it doesn't work really well on carpets, does it?",False,0
9633,"you tell Observer your Daddy has one of these, a real one.",False,0
9634,really?,False,0
9635,do you ride ever in it?,False,0
9636,yes?,False,0
9637,that must be very exciting.,False,0
9638,"it's not working very well right now though, is it, Child?",False,0
9639,"we haven't actually ridden in it, but we've turned it on and",False,0
9640,"that's very scary, when you're right inside of it it's very noisy.",True,1
9641,did Mr Rogers a?,False,0
9642,yeah?,False,0
9643,did somebody teach him how to do that?,True,1
9644,and then what did he do?,True,1
9645,what was he digging with his?,False,0
9646,was he digging pebbles?,False,0
9647,he was?,False,0
9648,I thought he was digging dirt.,False,0
9649,"did you remember what, why it's called a backhoe?",True,2
9650,do you remember what he told us?,True,1
9651,what?,False,0
9652,is it because the hoe is in the back?,False,0
9653,hmm.,False,0
9654,is it called a backhoe?,False,0
9655,and do you remember what those little bumpy things at the bottom of,False,0
9656,teeth?,False,0
9657,my goodness.,False,0
9658,do you remember what kind of teeth?,False,0
9659,they were called a special kind of teeth.,False,0
9660,because they're so sharp.,False,0
9661,do you remember?,False,0
9662,tiger teeth.,False,0
9663,tiger teeth.,False,0
9664,they're called tiger teeth.,False,0
9665,that's great.,False,0
9666,we learn from Mr Rogers too.,False,0
9667,do you watch Mr Rogers on television?,False,0
9668,I understand Mr Rogers came and gave a talk at College.,False,0
9669,last year?,False,0
9670,really?,False,0
9671,here at the at College?,False,0
9672,yeah.,False,0
9673,neat.,False,0
9674,"I think, I think he's really interesting.",False,0
9675,most of my friends think he's a jerk and I don't know why.,False,0
9676,"oh, really?",False,0
9677,"because I don't know if they're judging him, I mean I've watched",True,2
9678,I don't know if they judge him because he's a little bit effeminate.,True,1
9679,I 'm not sure if,True,1
9680,mmhm.,False,0
9681,ya know and he talks about things that you wouldn't think of.,True,1
9682,mmhm.,False,0
9683,at least that I wouldn't.,False,0
9684,mhm.,False,0
9685,"he was talking about the first day of school, about a couple of days",False,0
9686,"just you know, just interesting things.",False,0
9687,"mhm, mhm.",False,0
9688,I like it.,False,0
9689,"he talks about, he's got a little girl on a lot that's handicapped.",True,1
9690,and he asks her about how she feels about it.,True,1
9691,"you know, can she put them on herself, you know, stuff that most",False,0
9692,right but would be,False,0
9693,yeah.,False,0
9694,just really interested in,False,0
9695,yeah.,False,0
9696,yeah.,False,0
9697,we saw tricycles be made the other day and applesauce.,False,0
9698,hmm.,False,0
9699,and I don't know think it's a great show.,False,0
9700,I like it.,False,0
9701,"the part, the pretending part I don't know if you know.",True,1
9702,"he's too young for it, I think I 'm not, it's kind of boring, the",False,0
9703,mmhm.,False,0
9704,but the part when he goes on tours I think is interesting.,True,1
9705,is it on every day?,False,0
9706,"yeah, twice.",False,0
9707,it's on at eight o' clock in the morning and five o' clock.,False,0
9708,and there are repeats.,False,0
9709,the one that's on at five o' clock at night is the same one that's on,True,2
9710,I see.,False,0
9711,"it's on Sunday, I think too.",False,0
9712,"Child, what are you building over there.",True,1
9713,you're building a digger?,False,0
9714,tell Observer about the trenches with the pipes in them?,False,0
9715,there were trenches with pipes in them?,False,0
9716,"why were they, what were they doing with the pipes?",True,1
9717,what were the pipes,True,1
9718,what?,False,0
9719,it's bumpy.,False,0
9720,"why were they putting new pipes in the ground, Child?",True,1
9721,what were the pipes for?,True,1
9722,part of the ground.,False,0
9723,what were they going to put in the pipes?,True,1
9724,sparks.,False,0
9725,why were they doing sparks?,True,1
9726,"they were cutting the old pipes, that's right.",False,0
9727,"and they made, it made sparks when they cut it?",True,1
9728,what was going to go through the pipes after they finished putting them?,True,1
9729,new pipes.,False,0
9730,and what was going to go inside the pipes?,True,1
9731,"remember what was, what was coming through the pipes?",True,1
9732,what was that?,True,1
9733,that's right.,False,0
9734,water.,False,0
9735,for us to drink.,False,0
9736,yeah.,False,0
9737,and they put the pipes way down into the ground?,False,0
9738,and that's what you drink?,True,1
9739,"and the other pipes were dirty, right?",False,0
9740,and they put in clean new pipes.,False,0
9741,so you saw the old pipes?,False,0
9742,did you see the old pipes?,False,0
9743,"yes, you did.",False,0
9744,did you see them cutting the old pipes?,False,0
9745,is it right by your house that *NULL* it happened?,True,1
9746,are you hiding?,False,0
9747,"oh, that's where you dump it, okay.",True,1
9748,and then when you come back again you get another load?,True,1
9749,okay.,False,0
9750,I've got another load for ya over here.,False,0
9751,see,False,0
9752,"oh, okay.",False,0
9753,those are the old pipes.,False,0
9754,it's funny about this.,False,0
9755,all my friends that have kids *NULL* his age I cann't understand what they,True,1
9756,mothers can always understand.,False,0
9757,"and most of the things, I mean, I think that he says are very clear.",False,0
9758,yes.,False,0
9759,but sometimes they're not because cann't understand them.,False,0
9760,"and the special Mommy language, ha, Child?",False,0
9761,getting some more pipes?,False,0
9762,okay.,False,0
9763,maybe the cement mixer can help you in your digging too.,False,0
9764,"one of the kids in his play group is a month younger than he is, just",False,0
9765,and the thing that's so funny about it is his mother was a speech,True,1
9766,you need a spoon?,False,0
9767,"Child, what's in these?",True,1
9768,we what comes in these?,True,1
9769,what?,False,0
9770,baby food.,False,0
9771,what kind of baby food?,False,0
9772,what kind of baby food is in this?,True,1
9773,"why don't you not push it any further, Child, you might.",True,1
9774,why don't you stop.,True,1
9775,please.,False,0
9776,thank you.,False,0
9777,you mixing the syrup?,False,0
9778,what comes in it?,True,1
9779,"I don't know, you tell me.",False,0
9780,"you like that, don't you, Child?",False,0
9781,"it is all crumbly, you're right.",False,0
9782,you're making syrup?,False,0
9783,"that's great, Child.",False,0
9784,"nah, you pick them back up.",False,0
9785,"Child, you remember when we went to New Hampshire and we saw them making syrup?",True,1
9786,do you remember that?,False,0
9787,we watched them making syrup?,False,0
9788,remember the two little girls up there and they had big wheels?,False,0
9789,and the man was making syrup in a little house?,False,0
9790,and you got to taste it?,False,0
9791,"and then we brought some home, didn't we?",False,0
9792,and we still have it.,False,0
9793,what do you put it on every day?,True,1
9794,what do you put it on top of?,True,1
9795,yeah but what do you put it on?,True,1
9796,you put it on sandwiches?,False,0
9797,"no, what do you put it on top of?",True,1
9798,"Child, take it easy, okay?",False,0
9799,please?,False,0
9800,Child Child?,False,0
9801,"listen to Mommy, okay?",False,0
9802,if you want to play otherwise you're going to have to go home.,True,1
9803,"okay, why don't you go ask Observer if she if she brought any of",True,2
9804,why don't you go over and ask her?,True,1
9805,do you want to see some of the toys *NULL* I brought?,True,1
9806,he was asking this morning.,False,0
9807,oh yeah?,False,0
9808,let's see what we've got.,True,1
9809,let's see if I remembered to bring the things that we liked.,True,2
9810,let's see what we've got in here.,True,1
9811,"oh, here's another cement mixer.",False,0
9812,hi.,False,0
9813,hello.,False,0
9814,"Child, look, look, look what she's got.",True,1
9815,look what she's got.,True,1
9816,remember that?,False,0
9817,remember any of those toys?,False,0
9818,why don't you check and see what Observer,False,0
9819,what is it?,True,1
9820,what is,False,0
9821,take more ones?,False,0
9822,"okay, more than those.",False,0
9823,do you remember what ones I had in here that made that kind of,True,2
9824,"a duck, that's right.",False,0
9825,there was a duck.,False,0
9826,now let's see and I finally got one.,False,0
9827,"yes, there's the duck.",False,0
9828,"you told Daddy about that duck, didn't you, Child?",False,0
9829,come here and let me talk to you for a second.,False,0
9830,okay?,False,0
9831,you should try to play a little more gently.,False,0
9832,okay?,False,0
9833,please?,False,0
9834,alright?,False,0
9835,you can play but you play gently.,False,0
9836,it is on.,False,0
9837,that's Observer's tape recorder.,False,0
9838,you cann't use that one.,False,0
9839,"you can tell her about the one that you have if you want, but you can 't touch hers.",True,2
9840,no.,False,0
9841,I cann't either.,False,0
9842,that's a special one.,False,0
9843,remember I told you Observer likes to listen to how children talk?,True,1
9844,"we taped your voice at home, didn't we?",False,0
9845,with your tape recorder?,False,0
9846,"remember you talked, and then we could hear you talking?",False,0
9847,the same thing's going to happen in hers.,False,0
9848,Child,False,0
9849,do you remember what any of the other,False,0
9850,you want some more?,False,0
9851,can you remember their names?,False,0
9852,any of them?,False,0
9853,no?,False,0
9854,"okay, let's see if you remember this one.",True,1
9855,what was that called?,True,1
9856,do you remember?,False,0
9857,put it back in?,False,0
9858,okay.,False,0
9859,"you were talking about that at the, do you remember?",False,0
9860,you what?,False,0
9861,does it shoot air out at you too?,False,0
9862,let's see.,False,0
9863,"yes, it does.",False,0
9864,"oh, that's cool, isn't it?",False,0
9865,I like that.,False,0
9866,"oh, that's a lot of air.",False,0
9867,can I squeeze some on you?,False,0
9868,"actually, Child, I brought something new this time.",False,0
9869,I brought a book that I thought maybe you and Parent might like to,True,1
9870,would you like to see some of the things that are in the book?,True,1
9871,there's one page here in particular that I thought might interest,True,1
9872,"you love books, huh, Child?",False,0
9873,look at this?,False,0
9874,look.,False,0
9875,"bulldozer, that's right.",False,0
9876,that's a bulldozer.,False,0
9877,what about this?,False,0
9878,can I help you at all?,False,0
9879,"is this a, this is a train.",False,0
9880,"what about this, do you know what that is?",True,1
9881,"fire truck, right.",False,0
9882,I 'm going to go to the bathroom for a second.,False,0
9883,"Child, do you want to come with me?",False,0
9884,"okay, let's see, today is the",False,0
9885,seventh.,False,0
9886,"seventh of November, and this is Child and Parent at Child and",False,0
9887,"Child, Observer came to your house, huh.",False,0
9888,right.,False,0
9889,very nice.,False,0
9890,"would you get off your table, please, Child, come on, before you",False,0
9891,you can show Observer what we just made.,True,1
9892,the smoke.,False,0
9893,show her the smoke *NULL* you made on your train?,True,1
9894,"oh, that's great.",False,0
9895,"we needed smoke, didn't we.",False,0
9896,that is wonderful.,False,0
9897,and a bridge which isn't working very well.,True,1
9898,"we're going to ask Santa Claus for some new train tracks, because this",False,0
9899,"and what don't we have on the engine, Child?",True,1
9900,what are we missing on the front of the engine?,True,1
9901,what's it called?,True,1
9902,a scraper.,False,0
9903,a cow pusher huh.,False,0
9904,"we don't have one, do we?",False,0
9905,and we need one.,False,0
9906,"Child, you seem to have a lot of toys.",False,0
9907,"you have some that, that I didn't see at the Child Study Center.",True,1
9908,like that's a very big truck there.,False,0
9909,"show Observer your trucks, tell her what that's called?",True,1
9910,what's that called?,True,1
9911,what is it called?,True,1
9912,"oh, a flatbed.",False,0
9913,right.,False,0
9914,"and what is that for, Child?",True,1
9915,what does the flatbed do?,True,1
9916,you send it back?,False,0
9917,nice.,False,0
9918,"Child, why do these need.",False,0
9919,"they cann't drive by themselves, can they, down the street.",False,0
9920,they have to be taken to the job on a flatbed.,False,0
9921,"I think Chuck's falling out of his digger, Child.",False,0
9922,looks like he's falling out.,False,0
9923,can you put him back in?,False,0
9924,there we go.,False,0
9925,I don't know.,False,0
9926,"thank you, honey.",False,0
9927,"I don't know, ask her.",False,0
9928,"well, it's hard to answer actually because I had a big breakfast.",False,0
9929,maybe it's just delicious.,False,0
9930,"yeah, it's very good, isn't it?",False,0
9931,did you have some already this morning?,False,0
9932,this is his second breakfast too.,False,0
9933,a whole bowl of milk and another bowl of.,False,0
9934,"huh, Child.",False,0
9935,"Child, what else do we have.",True,1
9936,you want to put the cereal aside for a little while and show,False,0
9937,"you had a book *NULL* you wanted to show Observer, didn't you?",True,1
9938,oh yeah?,False,0
9939,with a lot of pictures in it.,False,0
9940,want to go find that book?,False,0
9941,"that's okay, the cereal will stay right there, nobody's going to take",False,0
9942,"it's right over there, you can see it.",False,0
9943,"oh, it's on the bookshelf, your car and truck book.",False,0
9944,do you see it?,False,0
9945,oh.,False,0
9946,it's right at the beginning there.,False,0
9947,what?,False,0
9948,that's a bulldozer?,False,0
9949,little tiny one.,False,0
9950,"Child, why don't you come over here, that way we can both look at it",True,1
9951,"little tiny one, yeah.",False,0
9952,you did?,False,0
9953,was that a good idea?,False,0
9954,it was the first and last time *NULL* he's ever colored.,True,1
9955,"hey, Child, come around here, that way Observer can see the top of",False,0
9956,you sit over this way.,False,0
9957,"look, otherwise she's going to see everything upside down.",False,0
9958,there you go.,False,0
9959,now you can tell her all about the pictures.,False,0
9960,what happened here?,True,1
9961,everything dumped.,False,0
9962,it certainly is funny.,False,0
9963,I see.,False,0
9964,can you tell me about these?,False,0
9965,which one?,False,0
9966,"aha, okay.",False,0
9967,who is that?,True,1
9968,this guy's name is Homer.,False,0
9969,"oh, that's Homer?",False,0
9970,"oh, Homer drove his tractor into the pond.",False,0
9971,"that wasn't very smart, Homer.",False,0
9972,and who had to get Homer out?,True,1
9973,"the crane did it, um hmm.",False,0
9974,"you're going to show me another picture, good.",False,0
9975,look at all these trucks and things.,False,0
9976,"oh, there we go.",False,0
9977,this is a great book.,False,0
9978,"what's on this page, Child, what's this one called?",True,2
9979,you know what that's called.,True,1
9980,that's the great old digger.,False,0
9981,"that's silly, isn't it?",False,0
9982,"you tell Observer what these are down here, these feet.",True,1
9983,stabilizers?,False,0
9984,what are those for?,True,1
9985,"that's right, they go down and up.",False,0
9986,that's so the digger willn't tip over while he's digging.,False,0
9987,makes them nice and strong.,False,0
9988,"oh, yeah.",False,0
9989,"and he's a little too big for the digger, isn't he, Child?",False,0
9990,he's a little bit too big.,False,0
9991,he does?,False,0
9992,ahah.,False,0
9993,they do look like eyes.,False,0
9994,ah huh.,False,0
9995,is that a bunny rabbit *NULL* driving that Child?,True,1
9996,do bunny rabbits really drive diggers?,False,0
9997,is that silly?,False,0
9998,very silly.,False,0
9999,what?,False,0
10000,Maryanne?,False,0
10001,do you know that story Mike Mulligan and Maryanne?,False,0
10002,no.,False,0
10003,"that's, Maryanne is the name of a steamshovel in another book, he",False,0
10004,I see.,False,0
10005,that looks just like Maryanne.,False,0
10006,another bulldozer?,False,0
10007,uhhuh.,False,0
10008,you want me to get Maryanne?,False,0
10009,okay.,False,0
10010,see if I can find Maryanne.,True,1
10011,um hmm.,False,0
10012,there's Maryanne.,False,0
10013,you tell Observer this is one of your favorite books?,False,0
10014,turn around this book so Observer can see him.,False,0
10015,what does he have *NULL* coming out of here?,True,2
10016,that's right.,False,0
10017,what's he doing?,True,1
10018,"oh, those are all the different parts of the, uh",False,0
10019,save that one til later?,False,0
10020,"this is funny, this was one of my little brother's very, very",False,0
10021,you have chapstick too?,False,0
10022,that's good.,False,0
10023,"do your lips get all, all hard and stiff when you don't have",True,1
10024,mine do too.,False,0
10025,"plus you just really like playing with it, right, Child?",False,0
10026,"oh, thank you.",False,0
10027,you did good job.,False,0
10028,"that's good, that's, that's good.",False,0
10029,"that's enough, Child.",False,0
10030,that's enough Child.,False,0
10031,you're lucky usually you get it on the cheeks and forehead and,False,0
10032,"oh, good.",False,0
10033,thank you.,False,0
10034,put the cover back on now.,False,0
10035,"Child, put the cover back on now.",False,0
10036,what does it smell of?,True,1
10037,it has a particular smell.,False,0
10038,do you know what it smells like?,True,1
10039,"it has a definite smell, maybe cherry?",False,0
10040,does it smell a little like cherries?,False,0
10041,you have a blanket too?,False,0
10042,what's your blanket's name?,True,1
10043,what's that blanket called?,True,1
10044,"special, that's called special.",False,0
10045,this is his best blanket.,False,0
10046,oh.,False,0
10047,"well, it has wonderful animals on it, doesn't it?",False,0
10048,someone gave him that when he was born for *NULL* him to crawl around on.,True,2
10049,"oh, you have a lawnmower.",False,0
10050,that is great.,False,0
10051,do you mow the lawn a lot in here?,False,0
10052,"see, we keep the carpet really short, don't we, Child?",False,0
10053,real good at that.,False,0
10054,where's your popper?,True,1
10055,I don't see it either.,False,0
10056,"maybe it's in the kitchen, Child.",False,0
10057,is it in the kitchen?,False,0
10058,"oh, goodness.",False,0
10059,there you go.,False,0
10060,that is a wonderful toy.,False,0
10061,"that's fine, Child.",False,0
10062,how does it work?,True,1
10063,what makes it pop?,True,1
10064,I see.,False,0
10065,uhhuh.,False,0
10066,have you tried?,False,0
10067,"he'd love to, wouldn't you?",False,0
10068,"you'd just love to, wouldn't you?",False,0
10069,what?,False,0
10070,pull it?,False,0
10071,"you cann't get the top off, can you, Child?",False,0
10072,I know you are.,False,0
10073,"what do those balls look like, Child?",True,1
10074,that's right.,False,0
10075,who likes bubble gum?,True,1
10076,"no, not right now, hon.",False,0
10077,Child.,False,0
10078,"Child, come here for sec, mom wants to tell you something.",False,0
10079,"I 'm going to get you, I 'm going to catch you!",False,0
10080,you know why you cann't have any now?,True,1
10081,because you know why you cann't have any now?,True,1
10082,"because this is like school, do you have a rule in school about no",False,0
10083,"when you're playing and talking there's no bubble gum, is there?",True,1
10084,"but when Observer goes home, then you can have a piece.",True,1
10085,ok?,False,0
10086,can you tell me about some more of these?,False,0
10087,remember that I brought a book last time?,False,0
10088,"oh, we've been waiting, huh.",False,0
10089,I don't know if my book is actually as much fun as yours.,True,1
10090,but theirs might be some things in here that you'd like to look at.,True,1
10091,I think it looks neat.,False,0
10092,"come and see, come on down.",False,0
10093,you can see from up there?,False,0
10094,okay.,False,0
10095,yeah.,False,0
10096,come down here and see.,False,0
10097,do you know what this is?,True,1
10098,it's not a regular plane.,False,0
10099,you know what it's called?,True,1
10100,it's a rocket.,False,0
10101,"it's like a little bit the shuttle, Child.",False,0
10102,"right, it's a little bit like the space shuttle.",False,0
10103,"well, the space shuttle goes up in the sky.",False,0
10104,remember?,False,0
10105,they don't have a space shuttle on here.,False,0
10106,"they just have this, uh, rocket on here.",False,0
10107,"oh, look it.",False,0
10108,"Child, what about this?",False,0
10109,know what this is?,True,1
10110,what is that?,True,1
10111,that's a dolphin?,False,0
10112,"well, that's close.",False,0
10113,it's an airplane.,False,0
10114,it's an airplane with a propeller.,False,0
10115,and this is an airplane without a propeller.,False,0
10116,what does it have if it doesn't have a propeller?,True,2
10117,what makes it go?,True,1
10118,jets.,False,0
10119,jets make it go?,False,0
10120,"yeah, do you want to see the jets?",False,0
10121,this picture has jets in it.,False,0
10122,you come down here and see the jets?,False,0
10123,"here, you can put it there.",False,0
10124,here?,False,0
10125,see the smoke coming out of the back of the jets?,False,0
10126,see that?,False,0
10127,what's this one called over here?,True,1
10128,you have one of those in your airport.,False,0
10129,"over over in that, over in that blue box you have one.",False,0
10130,watch out for the tape recorder.,False,0
10131,"yeah, there's something else in there though that's in the picture.",False,0
10132,is it a helicopter?,False,0
10133,see the helicopter?,False,0
10134,yup.,False,0
10135,that one has jets.,False,0
10136,"oh, both do.",False,0
10137,they both have jets?,False,0
10138,show Observer where the jets are.,True,1
10139,"oh, that's a jet?",False,0
10140,"that's where the engines are, that's where the, the smoke comes out",True,1
10141,to make the plane and the helicopter go.,False,0
10142,"the engines were inside this little box, and the the smoke comes out.",False,0
10143,"no, well it's kind of pretend.",False,0
10144,look in the front here.,False,0
10145,you see those little lines?,False,0
10146,those are the engines.,False,0
10147,"there's not really a whole engine in there, it's kind of pretend.",False,0
10148,yeah.,False,0
10149,what are these?,True,1
10150,"um, here.",False,0
10151,yeah.,False,0
10152,"it comes out the back, the back of the jets, right where your thumb",False,0
10153,"who's going to go on an airplane next week, Child?",True,1
10154,you are?,False,0
10155,where are you going?,True,1
10156,remember what it's called?,True,1
10157,want me to tell Observer?,False,0
10158,to Hawaii.,False,0
10159,wow.,False,0
10160,do you know people in Hawaii?,False,0
10161,no?,False,0
10162,it's just a vacation?,False,0
10163,oh yeah?,False,0
10164,yeah.,False,0
10165,"we're going for a vacation, and we're going to take Karen.",False,0
10166,she's going to babysit.,False,0
10167,oh.,False,0
10168,it's going to be nice.,False,0
10169,that's nice.,False,0
10170,be gentle.,False,0
10171,yeah.,False,0
10172,which goes faster?,True,1
10173,"a helicopter, or a plane?",False,0
10174,"wooho, wooho!",False,0
10175,"the airplane, ha, Child.",False,0
10176,look at that.,False,0
10177,you be gentle now.,False,0
10178,ok?,False,0
10179,be gentle.,False,0
10180,"let's see what else we can find in this picture, Child.",True,1
10181,yeah.,False,0
10182,I wonder whether you know what this is.,True,2
10183,do you know what that is?,True,1
10184,"I don't think so, we've never talked about it.",False,0
10185,"oh, this has smoke too.",False,0
10186,that's probably more like a water jet though.,False,0
10187,this is under the water.,False,0
10188,"that's right, this is called a submarine, Child.",False,0
10189,yup.,False,0
10190,do you know who used to work on submarines?,True,1
10191,Grandaddy did.,False,0
10192,he used to be a navigator on a submarine.,False,0
10193,Mommy's been on a submarine.,False,0
10194,it's really neat.,False,0
10195,hmm.,False,0
10196,"my father was, he was in the Navy.",False,0
10197,hmm.,False,0
10198,"Grandaddy used to work on those, that used to be his job.",False,0
10199,"well, that's what it was.",True,1
10200,his job was to be a navigator.,False,0
10201,that means he was driving around.,False,0
10202,"well, someday maybe we can go on one.",False,0
10203,actually we might be able to go on one in Hawaii.,False,0
10204,maybe.,False,0
10205,or a big boat?,False,0
10206,"oh, Child, what's this?",True,1
10207,"yeah, where's it going?",True,1
10208,where does the school bus go?,True,1
10209,"it's funny, in the middle of that picture of all the country, a",False,0
10210,"mmhm, mmhm.",False,0
10211,where does the school bus go?,True,1
10212,are you looking for the school?,False,0
10213,hmm.,False,0
10214,it's not in the picture.,False,0
10215,is it?,False,0
10216,"yeah, right, back in the village.",False,0
10217,you're absolutely right.,False,0
10218,mommy didn't even see that.,False,0
10219,"mmhm, mmhm.",False,0
10220,"no, it's very small.",False,0
10221,isn't it.,False,0
10222,what else?,False,0
10223,did you see this tall thing back there?,False,0
10224,I bet that's a church.,False,0
10225,because that's the steeple.,False,0
10226,hmm.,False,0
10227,"that could be the school, you're right.",False,0
10228,absolutely.,False,0
10229,what's this right here that the school bus is about to drive over?,True,1
10230,it cann't go where?,False,0
10231,because there's no street?,False,0
10232,"well, you know what I think it is?",True,1
10233,I think the street's over there but I think we cann't see it.,False,0
10234,he can go over here.,False,0
10235,that's his car and he's going to drive over.,False,0
10236,yeah.,False,0
10237,why cann't he drive over it?,True,1
10238,"oh, he's not driving it?",False,0
10239,"I see smoke behind that school bus, you see it all?",False,0
10240,tell Observer when we see smoke coming out of cars?,True,1
10241,was it,False,0
10242,does it have to be warm or cold?,False,0
10243,it does?,False,0
10244,"but only when it's really cold, right?",True,1
10245,does Daddy's car make more smoke than the Subaru does?,False,0
10246,really?,False,0
10247,we've got an old nineteen sixty Mercedes and it starts up and he,False,0
10248,"but you cann't ride in that car, can you?",False,0
10249,why not?,False,0
10250,really.,False,0
10251,"hmm, so you cann't put in, um, a babyseat either?",False,0
10252,no?,False,0
10253,"you tell, you tell Observer",False,0
10254,because Daddy gives him drive rides up and down the driveway in it.,False,0
10255,"oh, that's a",False,0
10256,"very special, isn't it?",False,0
10257,and one time you went around the block.,False,0
10258,"that was very special, wasn't it?",False,0
10259,"which car do you like more, the Mercedes or the Subaru?",True,1
10260,he's always liked the Mercedes.,False,0
10261,"expensive taste for a baby, huh?",False,0
10262,"ha, Child?",False,0
10263,"he, the, you know the symbol in the front, we're driving down the",False,0
10264,your big Jeep's in the kitchen.,False,0
10265,the big one that that makes a lot of noise?,True,1
10266,I think it's in the kitchen.,False,0
10267,look on the other side of the counter.,False,0
10268,over by your tape recorder.,False,0
10269,is it over there?,False,0
10270,keep walking.,False,0
10271,"over by the sink, Child.",False,0
10272,do you see it?,False,0
10273,"no, oh.",False,0
10274,"here it is, sorry, it's over here, Child.",False,0
10275,here it is.,False,0
10276,it's over by the baby's bed.,False,0
10277,did Mommy fool you?,False,0
10278,mommy didn't know the answer.,False,0
10279,you have money too?,False,0
10280,"oh, lookit.",False,0
10281,"oh, what kind of money is that?",True,1
10282,mommy money?,False,0
10283,"good answer, Child.",False,0
10284,"oh, let's see.",False,0
10285,let's see.,False,0
10286,"gentle, gentle.",False,0
10287,what about you,False,0
10288,"Child, don't throw things, please.",False,0
10289,"right, don't throw.",False,0
10290,don't throw.,False,0
10291,why don't you get your tiger and show,False,0
10292,it's beautiful.,False,0
10293,"this is the neatest, this is the most cuddly tiger *NULL* I've ever seen.",True,1
10294,"oh, this is wonderful.",False,0
10295,she can take it out.,False,0
10296,this is wonderful.,False,0
10297,this is a great tiger.,False,0
10298,isn't he neat?,False,0
10299,it's so realistic.,False,0
10300,"no, in a little while, Child.",False,0
10301,"you're not going to get it, Child, so you don't have to bother whining.",False,0
10302,"I know, I bubblegum.",False,0
10303,that's my fault because I used to love it all the time.,False,0
10304,Child okay?,False,0
10305,but you'll have to wait.,False,0
10306,alright?,False,0
10307,"well, if, if you want to go see the.",True,2
10308,mommy knows a special place.,False,0
10309,but you'll have to wait for a,False,0
10310,no.,False,0
10311,okay?,False,0
10312,why don't we look at this page.,True,1
10313,"Child, here's some more picture that I thought you might be interested in.",True,1
10314,"look, what do you see?",True,1
10315,I see a lott a new things.,False,0
10316,this is a great book.,False,0
10317,yeah.,False,0
10318,is it like yours?,False,0
10319,is it like Daddy's?,False,0
10320,who else is it like?,True,1
10321,who who brings a lawnmower to our house?,True,1
10322,who comes and mows the lawn?,True,1
10323,I do?,False,0
10324,"no, I don't.",False,0
10325,"oh, the landscapers.",False,0
10326,yeah.,False,0
10327,do they mow the lawn with a big lawnmower much bigger than this?,False,0
10328,yeah?,False,0
10329,do you know what these other things are here?,True,1
10330,Grandaddy brought one of these over one day.,False,0
10331,what was it?,True,1
10332,yeah.,False,0
10333,and what did he do with the saw?,True,1
10334,what did he saw?,True,1
10335,yeah.,False,0
10336,"the doors, huh?",False,0
10337,what's this here?,True,1
10338,I don't know if you know what that's called.,True,2
10339,firemen use those.,False,0
10340,"when there was a bad fire, and they could get into the house",True,1
10341,it's called an ax.,False,0
10342,chopped the wood.,False,0
10343,hmm?,False,0
10344,does who have it?,False,0
10345,Grandaddy has an ax?,False,0
10346,"yes, he does.",False,0
10347,he chops wood with his ax.,False,0
10348,firewood for the fireplace.,False,0
10349,do you have a fireplace?,False,0
10350,where's your fireplace?,True,1
10351,what do we do in that fireplace?,True,1
10352,"no, we don't chop things.",False,0
10353,we chop things outside.,False,0
10354,do we make fires in the fireplace?,False,0
10355,"hmm, are they good fires or bad fires?",False,0
10356,that's right.,False,0
10357,why are they good fires?,True,1
10358,because they're not hurting anybody?,False,0
10359,hmm.,False,0
10360,what do you have up in your room in case there's a bad fire?,True,1
10361,"goes out the window, doesn't it?",False,0
10362,just in case.,False,0
10363,"well, we're going to leave it upstairs for now.",False,0
10364,"we're going to, we're going to leave it upstairs for now.",False,0
10365,let's see what else is in the picture.,True,1
10366,"oh, Child, I see some other things that I bet you know.",True,1
10367,I bet you know what this is called.,True,1
10368,"we've got one of these in the kitchen, I think.",False,0
10369,what's that?,True,1
10370,what is that big thing?,True,1
10371,and this.,False,0
10372,are those paint brushes?,False,0
10373,do you have paint brushes?,False,0
10374,what's this called here?,True,1
10375,a wrench?,False,0
10376,you get the paint off the counter.,False,0
10377,"run down and show Observer, that's okay you can reach it.",False,0
10378,it's right up there.,False,0
10379,"oh, it's on there, I'll help you.",False,0
10380,it's on here.,False,0
10381,here it is.,False,0
10382,what do you do with this?,True,1
10383,a big long one?,False,0
10384,that's because he has another one that's this long.,True,1
10385,"so this one's much bigger, huh?",False,0
10386,I see.,False,0
10387,I see.,False,0
10388,I see.,False,0
10389,"well, we'll paint another time.",False,0
10390,is pretty messy right now.,False,0
10391,we show Observer what this is called?,True,1
10392,"does it look like the one in the book, Child?",False,0
10393,yeah.,False,0
10394,"well, that looks nice.",False,0
10395,you must have a good time with that.,False,0
10396,"oop, you got it.",False,0
10397,good boy.,False,0
10398,that's right.,False,0
10399,what are you missing though?,True,1
10400,"oop, oop, oh.",False,0
10401,"no, we don't paint people.",False,0
10402,we don't paint people.,False,0
10403,do you ever paint yourself?,False,0
10404,"well, that's good.",False,0
10405,I 'm glad to hear that.,False,0
10406,"why, why don't you put the brush back in and let's look at some more?",True,1
10407,ok?,False,0
10408,because we're not going to be painting now.,False,0
10409,"we cann't paint in the family room, Child.",False,0
10410,you want to keep the brush out and we'll close up the paint?,False,0
10411,okay.,False,0
10412,"well, we're not going to paint right now.",False,0
10413,Child.,False,0
10414,everything reminds him of something else.,False,0
10415,"yeah, everything.",False,0
10416,right.,False,0
10417,"Child, why don't you show Observer your tape recorder?",True,1
10418,she's never seen the kind that you have.,True,1
10419,come here.,False,0
10420,let me hold the paper.,False,0
10421,"oh, that's really a nice tape recorder.",False,0
10422,"pretty nice, huh?",False,0
10423,and tell Observer you can tape your own voice too.,False,0
10424,"you have a little microphone in here, don't ya.",False,0
10425,you can record your own voice.,False,0
10426,that's what she's doing with her tape recorder.,True,1
10427,she's taping what you sound like.,True,1
10428,"no, we need a special tape to do that.",False,0
10429,you cann't do it on the regular tapes.,False,0
10430,you tell her what this button's for with the tape on it?,True,1
10431,what's that button do?,True,1
10432,rewinding?,False,0
10433,this is so great because now he can get back to the songs he,False,0
10434,let me see if I can find the tape that has that part.,True,2
10435,this is the only one that you have *T*-1 that will redo recording.,True,1
10436,ok?,False,0
10437,pushing the buttons on it.,False,0
10438,"you do, mmhm.",False,0
10439,take your time until you get it nice and straight.,False,0
10440,you have to put this side by your good boy.,False,0
10441,push down really hard.,False,0
10442,"there, now you can talk.",False,0
10443,can talk and see what happens.,True,1
10444,you say.,False,0
10445,"hello, tape recorder.",False,0
10446,I already did.,False,0
10447,you say it.,False,0
10448,say.,False,0
10449,"hello, tape recorder.",False,0
10450,"okay, let's stop it and see what happens.",True,1
10451,let's see.,False,0
10452,see if we hear anything.,True,1
10453,"that's something different, isn't it?",False,0
10454,"who is that, Child?",True,1
10455,who is that on that tape?,True,1
10456,who's talking?,True,1
10457,is that Mommy?,False,0
10458,huh?,False,0
10459,let's look at some more pictures.,False,0
10460,"yeah, get some more pictures.",False,0
10461,Mommy's going to keep this right over here for a minute.,False,0
10462,"look at this, Child.",False,0
10463,do you want to record too while we're talking?,False,0
10464,yeah.,False,0
10465,let's record while we're talking.,False,0
10466,you push record and then you come over and talk about the pictures.,False,0
10467,put it right there with Observer's.,False,0
10468,put it right next to hers.,False,0
10469,that is such a good idea.,False,0
10470,"there we go, now they're both listening to us talk.",False,0
10471,ok?,False,0
10472,perfect.,False,0
10473,great.,False,0
10474,"Child, I see a picture of something *NULL* we found in the wood pile.",True,1
10475,what was that?,True,1
10476,"well, it's something a little bigger than a worm.",False,0
10477,remember Mommy was a little scared of it?,False,0
10478,what's that called?,True,1
10479,a snake.,False,0
10480,"it scared me, didn't it?",False,0
10481,we were bringing in wood for the hurricane and Mummy picked up a,False,0
10482,hmm.,False,0
10483,and did you come over and look at it?,False,0
10484,"and then it ran away, didn't it?",False,0
10485,Mummy didn't like it.,False,0
10486,"it was moving, that's right.",False,0
10487,"mommy didn't think it was moving and you knew it was, ha?",False,0
10488,what else did we find in the wood pile?,True,1
10489,do you remember?,False,0
10490,that's right.,False,0
10491,"ay, a mouse.",False,0
10492,what next?,False,0
10493,what?,False,0
10494,you didn't?,False,0
10495,only Mommy did.,False,0
10496,"but you saw its nest, didn't you?",False,0
10497,"I showed you the, where it was living?",True,1
10498,mommy scared it.,False,0
10499,why I didn't mean to.,True,1
10500,I was bringing the wood in and then the mouse had to run away.,False,0
10501,but I 'm sure he's back in there now.,False,0
10502,because it's a nice warm place for him.,False,0
10503,isn't it?,False,0
10504,"well, we'll go some time.",False,0
10505,what about this.,False,0
10506,what's this called?,True,1
10507,what is that?,True,1
10508,yeah and what else?,False,0
10509,what's this one here?,True,1
10510,"we have to rewind it first, Child.",False,0
10511,"why don't we let it listen to us for a while, while we look at the?",False,0
10512,I don't think it's had enough time *NULL* to listen to us.,True,1
10513,put it right there with Observer's.,False,0
10514,she's not listening to hers right now.,False,0
10515,she's just letting it listen to us.,False,0
10516,okay.,False,0
10517,okay.,False,0
10518,can you see the book from there too?,False,0
10519,"oh, Child, look.",False,0
10520,what are these guys down here?,True,1
10521,what are those guys?,True,1
10522,I see what they're doing.,True,1
10523,they're eating.,False,0
10524,what are they eating?,True,1
10525,"dog food, right.",False,0
10526,"his babysitter gave him a piece of dog food the other day, he",False,0
10527,"ha, Child?",False,0
10528,"Child, I bet you don't know what this is called over here.",True,1
10529,I bet you don't know what this is called.,True,2
10530,"we don't have it anymore, honey.",False,0
10531,"oh, was it like cereal?",False,0
10532,is that what dog food is like?,True,1
10533,very good.,False,0
10534,"let's see what else we have in here, Child.",True,1
10535,"oh, Child, look at this page.",False,0
10536,look at this page.,False,0
10537,what is this here?,True,1
10538,what's that?,True,1
10539,yeah.,False,0
10540,and what are these?,True,1
10541,what goes inside the flashlight?,True,1
10542,that's right.,False,0
10543,that's great.,False,0
10544,what do you have inside your tape recorder?,True,1
10545,do you also have batteries?,False,0
10546,what happens when the batteries go dead?,True,2
10547,that's right and then what do we have to do?,True,1
10548,that's right.,False,0
10549,and then it works again?,False,0
10550,"that's hurting Mommy's knees, Child.",False,0
10551,why don't you get down.,True,1
10552,what about this?,False,0
10553,what's this here?,True,1
10554,a wire.,False,0
10555,and what is that?,True,1
10556,"what do they, what's it plugged into?",True,1
10557,what's it plugged into?,True,1
10558,is that electrical?,False,0
10559,"do we touch electrical, oops.",False,0
10560,careful.,False,0
10561,"Child, do we touch electrical things?",False,0
10562,you don't need a bottle right now.,False,0
10563,you don't need a bottle.,False,0
10564,why don't we look at the different pictures?,True,1
10565,I know what this is called.,True,1
10566,okay.,False,0
10567,"okay, I'll get ya a drink.",False,0
10568,just a sec.,False,0
10569,what's this called here?,True,1
10570,that's right.,False,0
10571,do you have crayons?,False,0
10572,and a big coloring book?,False,0
10573,hmm.,False,0
10574,why don't you go show Observer the big coloring book.,True,1
10575,it's on the end of your shelf.,False,0
10576,and I'll get ya a drink.,False,0
10577,"keep walking, keep walking.",False,0
10578,"I think it's on, is it on the floor?",False,0
10579,"I think it's on the floor, right.",False,0
10580,"right behind you now, Child.",False,0
10581,turn around.,False,0
10582,right over there.,False,0
10583,turn around.,False,0
10584,right next to the book shelf.,False,0
10585,there it is.,False,0
10586,"it could be right in front of his nose, I",False,0
10587,is this it right here?,False,0
10588,"well, let's see.",False,0
10589,"let's take the book first, okay?",False,0
10590,and then we'll see.,False,0
10591,maybe you can tell me about some of the things in this coloring,False,0
10592,now where are the crayons?,True,1
10593,that's a good question.,False,0
10594,you don't?,False,0
10595,"well, let's see.",False,0
10596,"have you, have you ever done any coloring in here so far?",False,0
10597,uhhuh.,False,0
10598,what?,False,0
10599,you looking for your crayons?,False,0
10600,show Observer what your daddy bought for you?,True,1
10601,"tell Daddy who bought, tell Observer who bought all those things for",True,2
10602,oh.,False,0
10603,easy please.,False,0
10604,easy please.,False,0
10605,"oh, these are big ones, aren't they?",False,0
10606,those are special.,False,0
10607,"oh, I put it on the poster.",False,0
10608,"it's funny, it's so big.",False,0
10609,"yeah, it's huge.",False,0
10610,"that tastes good, Child?",False,0
10611,what is it?,True,1
10612,what's in your cup?,True,1
10613,do you want to do some coloring?,False,0
10614,okay.,False,0
10615,maybe Observer would like a crayon too.,False,0
10616,see which color she'd like.,True,1
10617,what color is that?,True,1
10618,"oh, that's yellow?",False,0
10619,"yeah, uhm, yellow would be.",False,0
10620,"okay, what other colors do you have?",True,1
10621,"you can dump them right out on here, Child, so you can see them",False,0
10622,that's a very beautiful color.,False,0
10623,I do I have that color on today.,False,0
10624,"very good, Child.",False,0
10625,what color is this?,True,1
10626,"yes, that's, that's the color *NULL* I have on today.",True,1
10627,"yeah, it does.",False,0
10628,it looks just like it.,False,0
10629,"Child, I think you have that color on today too.",False,0
10630,look at your pants.,False,0
10631,that's right.,False,0
10632,look at that.,False,0
10633,look.,False,0
10634,we have the same color on today.,False,0
10635,you're matching.,False,0
10636,"pretty nice, huh?",False,0
10637,your shirt is different from my top but but your pants are the same.,False,0
10638,what's your shirt have on it?,True,1
10639,Child.,False,0
10640,huh?,False,0
10641,talking.,False,0
10642,what's on your shirt today?,True,1
10643,what?,False,0
10644,put my Crayola in there?,False,0
10645,okay.,False,0
10646,"you put them, didn't you put them in there?",False,0
10647,"no, Mommy put them in there.",False,0
10648,you weren't looking.,False,0
10649,oh.,False,0
10650,mommy did it.,False,0
10651,mommy did.,False,0
10652,"I don't know, I thought it would be a nice place *NULL* to put them.",True,1
10653,seemed like a good idea.,False,0
10654,"why don't we not put them on the floor, Child, okay, you usually",True,1
10655,Child.,False,0
10656,you know why?,False,0
10657,you know why?,False,0
10658,"because they'll get on the rug, and that's not good.",False,0
10659,"otherwise we'll be putting them away, okay?",False,0
10660,"if you cann't put them on the bucket, we'll have to put them away.",True,1
10661,okay?,False,0
10662,because your your rule usually is that you have to color up on the,False,0
10663,right Child?,False,0
10664,"no, they're not.",False,0
10665,Observer's got them now.,False,0
10666,did ya ever.,False,0
10667,you need one?,False,0
10668,"okay, which one do you want?",True,1
10669,okay.,False,0
10670,where'd it go?,True,1
10671,there it is.,False,0
10672,whoops!,False,0
10673,Child,False,0
10674,that's not good.,False,0
10675,"okay, we're going to put them away now.",False,0
10676,okay?,False,0
10677,"we'll find something else *NULL* to do, because you know that's not good.",True,1
10678,right.,False,0
10679,maybe you can tell me about some more of the things in here.,False,0
10680,"look it, look what Observer's got in her book.",True,1
10681,I've got another thing here that might interest you.,True,1
10682,"oh, look!",False,0
10683,look!,False,0
10684,I see one of your favorite things in the whole world on that page.,False,0
10685,watermelon?,False,0
10686,you really like watermelon?,False,0
10687,what else do you really like that's over here that we had?,True,3
10688,yeah.,False,0
10689,yeah.,False,0
10690,where did we go for our hamburger?,True,1
10691,which restaurant?,False,0
10692,where'd you go with Matthew yesterday?,True,1
10693,why don't you not sit on your tape recorder.,True,1
10694,where'd you go with Matthew?,True,1
10695,did you go to Ground Round with Matthew?,False,0
10696,no.,False,0
10697,where'd you go?,True,1
10698,did you get it at McDonald's?,False,0
10699,"don't sit on your tape recorder, or it willn't work.",False,0
10700,sit on my knee if you want.,True,1
10701,don't sit on your tape recorder.,False,0
10702,want to sit here?,False,0
10703,want to sit on your chair?,False,0
10704,let me see what else is in the picture.,True,1
10705,did we grow some of these outside this summer?,False,0
10706,do you want to sit on the hassock?,False,0
10707,no?,False,0
10708,okay.,False,0
10709,did we grow these outside this summer?,False,0
10710,what were they?,True,1
10711,what are they?,True,1
10712,what did Mommy grow?,True,1
10713,yeah.,False,0
10714,and what do we make out of tomatoes?,True,1
10715,"pine needles, no.",False,0
10716,"did we make leave Observer's tape recorder alone, hon.",False,0
10717,did make sauce?,False,0
10718,did you and Mummy make spaghetti sauce?,False,0
10719,"it's doing fine, you just let it record.",False,0
10720,it's doing just fine.,False,0
10721,what about this here?,False,0
10722,what's this?,True,1
10723,who likes corn?,True,1
10724,corn on the cob?,False,0
10725,corn is really good.,False,0
10726,let's see what else there is in here.,True,1
10727,what about this.,False,0
10728,are you interested in kitchen things?,False,0
10729,"oh, look at this, Child.",False,0
10730,"do you like to cook, Child?",False,0
10731,yes.,False,0
10732,what do you see here?,True,1
10733,what's that?,True,1
10734,"you have one of those, don't you.",False,0
10735,"okay, go get it.",False,0
10736,"make sure you're careful carrying it over, it's very heavy.",False,0
10737,this is a great book.,False,0
10738,I think it's quite nice actually.,False,0
10739,"oh, by Harry McRoth.",False,0
10740,this is the same guy that we have a lot of books by him.,False,0
10741,oh yeah.,False,0
10742,I thought the drawings themselves were nice.,False,0
10743,they're very clear.,False,0
10744,yeah.,False,0
10745,a lot of the books that I looked at aren't so clear.,True,1
10746,we have a bunch of books by him.,False,0
10747,is that yours or Child's?,False,0
10748,"no, that was Child's.",False,0
10749,"oh, we have a bunch of books by him.",False,0
10750,what's that.,True,1
10751,what is that?,True,1
10752,"oh, thank you.",False,0
10753,"there you go, you show Observer what was in the picture.",True,1
10754,there ya go.,False,0
10755,"oh, which one is that on here?",True,1
10756,which one's big?,True,1
10757,and which one's small?,True,1
10758,"oh, this end is bigger than this end.",False,0
10759,you're right.,False,0
10760,that's called perspective.,False,0
10761,"well, because this end is closer.",False,0
10762,see if we can do it with this rolling pin.,True,1
10763,"this end is closer to you, so it looks bigger.",False,0
10764,"and this end is farther away, so it looks smaller.",False,0
10765,but they're really the same size.,False,0
10766,in this picture they're really the same size too.,False,0
10767,"you'll learn about that when you get to about fifth grade, Child.",True,1
10768,isn't it weird how they notice things like that?,True,1
10769,yeah.,False,0
10770,that's really nice.,False,0
10771,what do we make with that?,True,1
10772,do we make Christmas cookies?,False,0
10773,and pies.,False,0
10774,are we going to be making cookies soon?,False,0
10775,when we get back from Hawaii that's when we're just going to start.,True,2
10776,okay?,False,0
10777,"we made em last year, the flour.",False,0
10778,"my mother came in and we just had, it was just the biggest mess in",False,0
10779,so we had so much fun.,False,0
10780,"oh and he ate tons and tons of dough, ha, Child?",False,0
10781,it was great.,False,0
10782,he must have been a very little baby then.,False,0
10783,he was big enough to make a good mess.,False,0
10784,wasn't it?,False,0
10785,"Child, you have to be really",False,0
10786,remember the rule about this?,False,0
10787,where does the rolling pin always stay?,True,1
10788,on the floor.,False,0
10789,it stays on the floor because it's so big and heavy.,False,0
10790,you can roll it around with you.,False,0
10791,what is that for?,True,1
10792,that's for making pies but mommy doesn't use that.,False,0
10793,it's for rolling out pie dough so the pie dough willn't stick on the,False,0
10794,"but Mommy doesn't like that, I just use wax paper instead.",False,0
10795,okay.,False,0
10796,okay.,False,0
10797,back on the table if you want to finish it.,True,1
10798,Amy.,False,0
10799,these nice girls that came to visit.,True,1
10800,toys.,False,0
10801,you want to see some toys?,False,0
10802,lookit.,False,0
10803,look in here.,False,0
10804,can you see in this bag?,False,0
10805,can you see?,False,0
10806,show Parent what's in the bag.,True,1
10807,can you show Amy?,False,0
10808,what is it?,True,1
10809,what's in here?,True,1
10810,I bet I can open the bag.,False,0
10811,I wonder what's in here.,True,1
10812,I see a book.,False,0
10813,I see a book.,False,0
10814,we have books.,False,0
10815,you want to see?,False,0
10816,look.,False,0
10817,look in the bag.,False,0
10818,see?,False,0
10819,ok?,False,0
10820,they brought you a book.,False,0
10821,why don't you look at it?,True,1
10822,you want to put your hand in the bag and take out the book and show,False,0
10823,show Mommy the book.,False,0
10824,I cann't reach it.,False,0
10825,"can you reach it for me, please?",False,0
10826,I want to see the book.,False,0
10827,I see something that you know.,True,1
10828,what's that?,True,1
10829,what is that?,True,1
10830,you know what this is.,True,1
10831,big red firetruck?,False,0
10832,pictures in the book.,False,0
10833,show Mommy what's in the book.,True,1
10834,let's see.,False,0
10835,because you like stories.,False,0
10836,I know what that is.,True,1
10837,what is that?,True,1
10838,what is that?,True,1
10839,can you say eagle?,False,0
10840,"oh, look at all those things.",False,0
10841,look at the dinosaur.,False,0
10842,see a dinosaur?,False,0
10843,and what,False,0
10844,"oh, here.",False,0
10845,lookit.,False,0
10846,happy birthday cake.,False,0
10847,there's some chalk *NULL* Shannon writes on the board for you with.,True,1
10848,aheec?,False,0
10849,"that's what she calls it, aheec.",True,1
10850,I don't know where in the world she picked that up aheec for writing.,True,1
10851,"so when I go by Shannon's school, if Shannon's in school, aheec aheec",True,3
10852,look.,False,0
10853,see?,False,0
10854,look at the clothes.,False,0
10855,like those clothes.,False,0
10856,"yeah, I know.",False,0
10857,look.,False,0
10858,"oh, here's a mouse.",False,0
10859,isn't he cute?,False,0
10860,"look, that's Peter.",False,0
10861,"looks just like Peter, doesn't it?",False,0
10862,a white bunny just like our bunny rabbit.,False,0
10863,show Amy?,False,0
10864,I want to see some more pictures.,False,0
10865,show Mommy some more pictures.,False,0
10866,can you turn the page?,False,0
10867,this book has everything.,False,0
10868,I really do like this book.,False,0
10869,everything that we see all the time.,True,1
10870,what's this?,True,1
10871,we just made some of those the other day.,False,0
10872,what are those?,True,1
10873,"cookies, mm, good.",False,0
10874,what's this?,True,1
10875,what is that?,True,1
10876,what?,False,0
10877,what is that?,True,1
10878,you know what all those things are.,True,1
10879,some spaghetti.,False,0
10880,spaghetti.,False,0
10881,"no, that's a pancake.",False,0
10882,here's a pickle.,False,0
10883,there's a pickle.,False,0
10884,there's a pretzel.,False,0
10885,you like those.,False,0
10886,pretzels?,False,0
10887,"pretzel, right.",False,0
10888,I don't have any pretzels.,False,0
10889,"I'll have to get some at the store, ok?",False,0
10890,mmhm.,False,0
10891,see the firetruck?,False,0
10892,and here's a train engine.,False,0
10893,"and lookit, what's this?",True,1
10894,a wagon with a teddy bear?,False,0
10895,a teddy bear.,False,0
10896,where is it?,True,1
10897,I don't know.,False,0
10898,all your teddy bears are upstairs.,False,0
10899,"oh, look what I see.",True,1
10900,"butterfly, right.",False,0
10901,and,False,0
10902,and who's that?,True,1
10903,a birdie.,False,0
10904,you like that bird?,False,0
10905,another bird?,False,0
10906,"and here, oh, here, what's this?",True,1
10907,what kind of bus?,False,0
10908,is it a schoolbus?,False,0
10909,schoolbus?,False,0
10910,what else is on this page?,True,1
10911,"mommy, see what else is here?",True,1
10912,what are these?,True,1
10913,mommy has some of those.,False,0
10914,what do you call them?,True,1
10915,batteries.,False,0
10916,"mommy took the batteries out of your toys, remember?",False,0
10917,the batteries that are in your toys?,True,1
10918,"oh, boy, look at that.",False,0
10919,"mm, that's a big boat.",False,0
10920,what's this here?,True,1
10921,an airplane?,False,0
10922,another airplane?,False,0
10923,that's a helicopter.,False,0
10924,look at the animals!,False,0
10925,see?,False,0
10926,do you like that snake?,False,0
10927,snake.,False,0
10928,ssso.,False,0
10929,snake.,False,0
10930,what is that?,True,1
10931,is that a house?,False,0
10932,"oh, boy.",False,0
10933,here's some more.,False,0
10934,see the butterfly?,False,0
10935,a fly and the mosquito?,False,0
10936,mosquitoes are itchy.,False,0
10937,they bite.,False,0
10938,"no, it's a goose.",False,0
10939,"we go to the zoo, we see a goose?",False,0
10940,a little animal farm?,False,0
10941,"oh, here's some tools.",False,0
10942,daddy has tools.,False,0
10943,here's a saw and a hammer.,False,0
10944,yeah.,False,0
10945,want to see what else is in the bag?,True,1
10946,"oh, look.",False,0
10947,what's this?,True,1
10948,"Christmas tree, right.",False,0
10949,and what's this right here?,True,1
10950,we just had that.,False,0
10951,what's that?,True,1
10952,pumpkin.,False,0
10953,and who's that?,True,1
10954,who's that lady?,True,1
10955,what is that?,True,1
10956,a witch?,False,0
10957,and a turkey?,False,0
10958,Thanksgiving?,False,0
10959,you want to see what else is in the bag?,True,1
10960,let's see what's in the bag.,True,1
10961,"that book belongs to the girls, the ladies.",False,0
10962,"let's look in the bag and see what else might be in there, ok?",True,1
10963,I cann't see.,False,0
10964,can you see?,False,0
10965,open the bag so Mommy can see.,False,0
10966,want to show me?,False,0
10967,show me.,False,0
10968,want to show me?,False,0
10969,no?,False,0
10970,what is that?,True,1
10971,she shares.,False,0
10972,what's that?,True,1
10973,elephant?,False,0
10974,can I see him too?,False,0
10975,I think this elephant would have his picture in the book too.,False,0
10976,see?,False,0
10977,he's standing up.,False,0
10978,he's an elephant.,False,0
10979,what that is.,True,1
10980,that's a porcupine.,False,0
10981,porcupine.,False,0
10982,porcupine.,False,0
10983,a horsie?,False,0
10984,a zebra.,False,0
10985,zebra.,False,0
10986,a what?,False,0
10987,what is that?,True,1
10988,what is that?,True,1
10989,"a truck, right.",False,0
10990,is there something else too?,False,0
10991,what's that?,True,1
10992,another truck?,False,0
10993,what's that?,True,1
10994,another horse?,False,0
10995,mmhm.,False,0
10996,what's that?,True,1
10997,hmm?,False,0
10998,what is it?,True,1
10999,what is it?,True,1
11000,can you tell Mommy what this is?,True,1
11001,hmm?,False,0
11002,porcupine.,False,0
11003,can you tell Amy it's a porcupine?,False,0
11004,and what else?,False,0
11005,is there something else in here?,False,0
11006,is there anything else in the bag?,False,0
11007,no?,False,0
11008,you sure?,False,0
11009,want to put the toys back?,False,0
11010,no?,False,0
11011,that taste good?,False,0
11012,did you see an elephant at the zoo?,False,0
11013,did you see an elephant when we went to the zoo?,True,1
11014,you want to go to the zoo?,False,0
11015,why?,False,0
11016,because you just said you wanted to go.,False,0
11017,you do?,False,0
11018,"don't his eyes, then he willn't be able to see.",False,0
11019,he cann't see.,False,0
11020,want to put him back in the bag?,False,0
11021,why?,False,0
11022,where's another book?,True,1
11023,I don't know.,False,0
11024,"you'll have to get one of your own books, because this in the only",False,0
11025,want to get one of Child's books?,False,0
11026,no?,False,0
11027,maybe the elephant could go for a ride.,False,0
11028,the elephant could go for a ride on that truck.,False,0
11029,does he fit?,False,0
11030,is he going to fit?,False,0
11031,is he going to fit right on that truck?,False,0
11032,he's not?,False,0
11033,you put him on there.,False,0
11034,you cann't?,False,0
11035,will he stay?,False,0
11036,let's see.,False,0
11037,maybe he'll fit right here.,False,0
11038,see?,False,0
11039,front of the truck.,False,0
11040,"there, we did it.",False,0
11041,see?,False,0
11042,Child did it.,False,0
11043,shoot.,False,0
11044,help you?,False,0
11045,can you say please?,False,0
11046,no?,False,0
11047,"can you say mommy, please help me?",False,0
11048,this elephant has to go for a ride.,False,0
11049,the dolly wants to ride too?,False,0
11050,you cann't put him on?,False,0
11051,let's see.,False,0
11052,there.,False,0
11053,how's that?,True,1
11054,is that ok?,False,0
11055,there.,False,0
11056,how's that?,True,1
11057,you take him for a ride?,False,0
11058,no?,False,0
11059,he'd like that.,False,0
11060,push it?,False,0
11061,can you let her see one truck?,False,0
11062,Amy cann't reach it.,False,0
11063,Amy doesn't have a toy.,False,0
11064,you like that animal?,False,0
11065,is that the elephant?,False,0
11066,animal.,False,0
11067,what's he looking at?,True,1
11068,is he looking at his friends?,False,0
11069,is that Donald Duck?,False,0
11070,let me see.,False,0
11071,his costume on.,False,0
11072,is that Donald Duck without a costume?,False,0
11073,"he doesn't have a hat, or a jacket.",False,0
11074,boom boom?,False,0
11075,a car.,False,0
11076,a car.,False,0
11077,you going to bite off his feet?,False,0
11078,then he willn't be able to walk.,False,0
11079,why don't you let Amy have one.,True,1
11080,can Amy have one?,False,0
11081,one toy?,False,0
11082,can she have the elephant?,False,0
11083,no?,False,0
11084,can you make the duck walk?,False,0
11085,let me see the duck walk.,False,0
11086,what about the elephant?,False,0
11087,can he walk?,False,0
11088,"oh oh, the porcupine's on the floor.",False,0
11089,who put the porcupine on the floor?,True,1
11090,who did that?,True,1
11091,you did it?,False,0
11092,are you going to get it?,False,0
11093,going to get the porcupine?,False,0
11094,mommy doesn't want to get it.,False,0
11095,I think you should get it.,False,0
11096,who put it on the floor?,True,1
11097,"Amy didn't do it, did she?",False,0
11098,poor Amy gets blamed for everything.,False,0
11099,no matter what happens Amy did it.,True,1
11100,the porcupine's down there crying.,False,0
11101,he's crying down there.,False,0
11102,you hear him?,False,0
11103,"porcupine's crying, he wants you to pick him up.",False,0
11104,"yes, you can.",False,0
11105,want to get off your chair and get the porcupine so he willn't cry?,False,0
11106,no?,False,0
11107,he's crying down there.,False,0
11108,you don't care?,False,0
11109,hear him cry?,False,0
11110,poor porcupine.,False,0
11111,Amy's going to get the porcupine.,False,0
11112,"can you get the porcupine, Amy?",False,0
11113,lookit.,False,0
11114,"lookit, Amy, see down there?",False,0
11115,see?,False,0
11116,go get the porcupine.,False,0
11117,go ahead.,False,0
11118,he doesn't have any friends down there.,False,0
11119,he's looking up at you.,False,0
11120,"no, Amy doesn't want to get the porcupine.",False,0
11121,"why don't you get it for mommy, ok?",True,1
11122,go get the porcupine?,False,0
11123,"oh, now what?",False,0
11124,sure you can.,False,0
11125,I just changed her before you came.,False,0
11126,can you hand Mommy the duck and then get the porcupine?,False,0
11127,you cann't?,False,0
11128,sure you can.,False,0
11129,mommy wants *PRO* to see him.,False,0
11130,you only picked up the duck.,False,0
11131,what about the porcupine?,False,0
11132,you want to sit?,False,0
11133,alright.,False,0
11134,you better get it.,False,0
11135,I don't want to get the porcupine.,False,0
11136,he's way over there.,False,0
11137,I think you should get him.,False,0
11138,"get him for Mommy, ok?",False,0
11139,let the next one do it.,False,0
11140,Amy's got the duck.,False,0
11141,I wanted to see the porcupine.,False,0
11142,I wanted to give him a kiss.,False,0
11143,can you go get him for me?,False,0
11144,please?,False,0
11145,huh?,False,0
11146,who's there?,True,1
11147,down there too.,False,0
11148,get Mommy the porcupine so I don't have to go down there and get,False,0
11149,Mommy's tired.,False,0
11150,mommy has to go to bed.,False,0
11151,"no, I have to go to the dentist to get my teeth fixed.",False,0
11152,Mommy's teeth are owie.,False,0
11153,you do?,False,0
11154,you're going to stay home with Shannon.,False,0
11155,we'll go get Shannon at school and then Shannon will come home and,False,0
11156,ok?,False,0
11157,Shannon's not waiting yet.,False,0
11158,"she'll be waiting, three, at three o' clock she'll be waiting.",False,0
11159,that's not his hand.,False,0
11160,that's his foot.,False,0
11161,that's his leg.,False,0
11162,or his tail.,False,0
11163,I don't know what you're looking at.,True,1
11164,here a zebra.,False,0
11165,see his stripes?,False,0
11166,it's a zebra.,False,0
11167,this is a horsie.,False,0
11168,this is a zebra.,False,0
11169,he's different.,False,0
11170,"elephant, yeah, I know.",False,0
11171,where's the elephant's tail?,True,1
11172,he doesn't have a tail?,False,0
11173,isn't it cute?,False,0
11174,"oh, I like his tail.",False,0
11175,does the duck have a tail?,False,0
11176,"oh, there it is sure enough.",False,0
11177,what about the horse?,False,0
11178,I don't see his tail.,False,0
11179,can you show me?,False,0
11180,does the doggy have a tail?,False,0
11181,where's the dog?,True,1
11182,that's the elephant.,False,0
11183,where's the doggy?,True,1
11184,"there's the doggy, right here.",False,0
11185,does he have ears?,False,0
11186,no?,False,0
11187,"oh, there they are.",False,0
11188,the elephant has them.,False,0
11189,the elephant has big ears.,False,0
11190,big ears.,False,0
11191,he's got ears?,False,0
11192,where are they?,True,1
11193,"no, that's his smile.",False,0
11194,his cheeks.,False,0
11195,he's got ears under his feathers.,False,0
11196,"yeah, that's his cheeks.",False,0
11197,can the elephant give the duck a kiss?,False,0
11198,he wants to give him a kiss.,False,0
11199,"you don't care, hmm?",False,0
11200,"oh, Amy, what'd you do?",True,1
11201,did you get your fingers stuck in there?,False,0
11202,it's alright.,False,0
11203,ok?,False,0
11204,don't stick it back in there again.,False,0
11205,aren't kids funny?,False,0
11206,"now she's moved from over toward the corner, inching her way over",False,0
11207,what do you want?,True,1
11208,what are they?,True,1
11209,or where are they?,True,1
11210,"oh, the rest of the farm animals?",False,0
11211,let's see if we can get them out.,True,1
11212,"oh, there's the collie dog, and the horse, and the zebra.",False,0
11213,"even though you're a different face, the animals are making the",False,0
11214,right.,False,0
11215,"oh, now I remember.",False,0
11216,here's another cement truck.,False,0
11217,you know what happens?,True,1
11218,they put the cement in there and then this goes around and around,False,0
11219,what else do I have?,True,1
11220,"oh, did they show you the book?",False,0
11221,do you remember this?,False,0
11222,tell Parent about.,False,0
11223,say.,False,0
11224,"Parent, see the porcupine?",False,0
11225,"oh, squeaky, isn't he?",False,0
11226,can you say.,False,0
11227,"Parent, look at the porcupine.",False,0
11228,"see, Parent's got the porcupine.",False,0
11229,sticky.,False,0
11230,"boy, you have a lot of toys, don't you?",False,0
11231,I've been thinking about Christmas.,False,0
11232,what in the world do they really need?,True,1
11233,you bit him on his trunk.,False,0
11234,"well, you'll hear plenty of squeaking.",False,0
11235,yeah.,False,0
11236,there he is.,False,0
11237,show Parent the porcupine.,False,0
11238,do you want to go over and show it to her?,False,0
11239,Parent's going to come and get it.,False,0
11240,can I see the duck?,False,0
11241,show mommy the duck.,False,0
11242,that's the porcupine!,False,0
11243,I want *PRO* to see that duck.,False,0
11244,look at his face.,False,0
11245,is he smiling?,False,0
11246,does the duck look happy?,False,0
11247,here's the porcupine.,False,0
11248,he's giving the duck a kiss.,False,0
11249,I like this book.,False,0
11250,I'd like to get one like it.,False,0
11251,I have a big book upstairs.,False,0
11252,"it's a Richard Scarry dictionary, the real big one.",False,0
11253,it's beautiful but I don't want her to really watch it without me.,False,0
11254,can you show mommy some pictures in the book?,False,0
11255,tell me what's in there.,True,1
11256,"oh, food!",False,0
11257,let's see.,False,0
11258,"oh, what is.",False,0
11259,this is how we started.,True,1
11260,that's ice cream.,False,0
11261,"what's this, Jamie?",True,1
11262,what is it?,True,1
11263,is that a hot dog?,False,0
11264,hot dog.,False,0
11265,oh boy.,False,0
11266,and here's some pancakes.,False,0
11267,"mommy made some of those last night, and nobody really cared about",False,0
11268,that's ice cream.,False,0
11269,"ice cream, yeah.",False,0
11270,"see, look, here's a pickle.",False,0
11271,you like pickles.,False,0
11272,"um, nice pickles.",False,0
11273,do you see a firetruck?,False,0
11274,and a bus?,False,0
11275,"yeah, I want to the fish.",False,0
11276,show me.,False,0
11277,"oh, I see it.",False,0
11278,turtle?,False,0
11279,"yeah, it's a turtle.",False,0
11280,there a fish.,False,0
11281,"oh, thank you.",False,0
11282,I didn't know that.,False,0
11283,where's the snake?,True,1
11284,here's the snake.,False,0
11285,snake.,False,0
11286,where's the horse?,True,1
11287,here's some kitty cats.,False,0
11288,and what's this?,True,1
11289,a big cow?,False,0
11290,those are nice animals.,False,0
11291,"oh, I see a squirrel.",False,0
11292,can you find the squirrel.,False,0
11293,"no, that's a monkey.",False,0
11294,"that kind of looks like a skinny squirrel, doesn't it?",False,0
11295,"yeah, it does.",False,0
11296,I think the squirrel's down by the piggy.,False,0
11297,"no, that's not a mosquito, it's a spider.",False,0
11298,"here's the squirrel, see?",False,0
11299,is there a man *NULL* putting gas in the car?,True,1
11300,can you show mommy a car?,False,0
11301,where's the car?,True,1
11302,let's see.,False,0
11303,"oh, thank you!",False,0
11304,"Jamie, where did the car go?",True,1
11305,they're outside?,False,0
11306,"oh, there they are.",False,0
11307,where's the car?,True,1
11308,mommy puts gas in the car?,False,0
11309,big bus.,False,0
11310,where's Shannon?,True,1
11311,Shannon's in there?,False,0
11312,that's not Shannon in the wagon.,False,0
11313,where's your sister Shannon?,True,1
11314,really she's in school?,False,0
11315,what's she doing at school?,True,1
11316,I don't know why when she says aic that's writing.,True,2
11317,if she wants a pen or a paper it's aic.,True,1
11318,this is a guitar.,False,0
11319,here's a sewing machine.,False,0
11320,what happened to mommy's sewing machine?,True,1
11321,where's mommy's sewing machine?,True,1
11322,where is it?,True,1
11323,do you remember what happened to it?,True,1
11324,Mommy's sewing machine's broken?,False,0
11325,it's a bunny.,False,0
11326,two bunnies.,False,0
11327,clothes?,False,0
11328,look at all the clothes.,False,0
11329,do you see some boots?,False,0
11330,I see some boots.,False,0
11331,"oh, those are cowboy boots.",False,0
11332,you're right.,False,0
11333,I was looking at these rubber boots.,False,0
11334,isn't he cute?,False,0
11335,I like him.,False,0
11336,maybe you should give him a kiss.,False,0
11337,do you like him a lot?,False,0
11338,mhm.,False,0
11339,cooking in the kitchen.,False,0
11340,cooking in the kitchen.,False,0
11341,is this hot?,False,0
11342,"lookit, here's the stove.",False,0
11343,see?,False,0
11344,here's the stove.,False,0
11345,is it hot?,False,0
11346,it's not hot?,False,0
11347,oven?,False,0
11348,what's this?,True,1
11349,and what's this?,True,1
11350,that's not the man.,False,0
11351,that's the witch.,False,0
11352,Halloween witch.,False,0
11353,hmm?,False,0
11354,where's the pretzels?,True,1
11355,see some pretzels?,False,0
11356,here's pretzels and donuts.,False,0
11357,what's this?,True,1
11358,lookit.,False,0
11359,at the play ground what is that?,True,1
11360,"right, it's a slide.",False,0
11361,that's a top.,False,0
11362,a top.,False,0
11363,we don't have one of those.,False,0
11364,that might be a nice idea for Christmas.,False,0
11365,I don't like things with parts.,False,0
11366,like all the Fisher Price toys are little people and animals.,False,0
11367,"let's see, what is it?",True,1
11368,that's a dinosaur.,False,0
11369,you almost cann't buy anything without batteries anymore.,False,0
11370,batteries or else it all comes apart.,False,0
11371,we used to try to keep everything on the shelves and it's just,False,0
11372,my husband got to be fanatic about it.,False,0
11373,and finally I said.,False,0
11374,what's the sense.,True,1
11375,"they've got to play with it, and it's all going in baskets.",False,0
11376,"oh, you've got the elephant.",False,0
11377,here's the porcupine.,False,0
11378,show Parent the porcupine.,False,0
11379,"she was throwing it before, wasn't she?",False,0
11380,are you going to share it?,False,0
11381,doesn't Parent get something?,False,0
11382,hoarding everything.,False,0
11383,you know what she will do lately that I thought was kind a cute?,True,2
11384,if Parent cries or gets hurt she'll offer her her blanket.,True,1
11385,Parent doesn't have a special blanket yet.,False,0
11386,"I don't know why, I guess I just haven't had one for her.",False,0
11387,but to her that's really important to give her sister the blanket.,False,0
11388,"and I thought, well, how sweet to think, well, that'll comfort her.",True,1
11389,when she gets hurt she gets her blanket.,True,1
11390,she gives Parent her blanket and sometimes her teddy bear.,False,0
11391,hi.,False,0
11392,"hi there, squirt.",False,0
11393,they're as different as night and day.,False,0
11394,are they?,False,0
11395,Parent's very quiet and easygoing and Jamie not now but she gets,False,0
11396,she does talk a lot.,False,0
11397,what are you doing?,True,1
11398,tells me which way to go in the car.,True,1
11399,what are you doing?,True,1
11400,you better not do that.,False,0
11401,you know what?,False,0
11402,you might choke.,False,0
11403,let's see.,False,0
11404,"don't pull that thing out, cause you know what'll happen?",True,1
11405,all the air will come out of the duck and then he'll be a flat,False,0
11406,he willn't squeak anymore.,False,0
11407,what's that?,True,1
11408,right there with the orange stripes?,False,0
11409,seems to me that those were twenty nine or thirty two dollars,False,0
11410,ninety six.,False,0
11411,what is it?,True,1
11412,"it's the Kuzoo, the Cabbage Patches ', um, pet, I guess.",False,0
11413,oh.,False,0
11414,Parent's looking at the book.,False,0
11415,maybe you should tell Parent what some of the things in the book,False,0
11416,poor Parent.,False,0
11417,she's always going to be the little underdog.,False,0
11418,"oh, boom.",False,0
11419,go in there.,False,0
11420,I don't think it'll go in there.,False,0
11421,where's the porcupine?,True,1
11422,he's lost.,False,0
11423,I think he's behind you.,False,0
11424,what's that thing?,True,1
11425,is that Parent's or yours?,False,0
11426,it's yours?,False,0
11427,"oh, let me see.",False,0
11428,what toys?,False,0
11429,I think she said she had a lot of toys.,False,0
11430,I never heard her say that before.,False,0
11431,I'll say you do have a lot of toys.,False,0
11432,"oh, boom!",False,0
11433,mhm.,False,0
11434,"poor Parent, ow!",False,0
11435,say.,False,0
11436,"Parent, I 'm sorry.",False,0
11437,can you say?,False,0
11438,I 'm sorry.,False,0
11439,to Parent?,False,0
11440,Parent's the one with the handmedowns.,False,0
11441,you poor little thing.,False,0
11442,Parent can touch the porcupine.,False,0
11443,I fix it on here?,False,0
11444,"yes, you can.",False,0
11445,here.,False,0
11446,"put him in the boat and go for a ride, ok?",False,0
11447,is that the zipper?,False,0
11448,where's the other truck?,True,1
11449,right there.,False,0
11450,find it?,False,0
11451,you cann't get him on here?,False,0
11452,let's see.,False,0
11453,you cann't?,False,0
11454,you're just having trouble?,False,0
11455,here.,False,0
11456,take him for a ride.,False,0
11457,you cann't?,False,0
11458,try putting the other horsie on.,False,0
11459,try putting the brown horsie on the truck.,False,0
11460,where's the other horse?,True,1
11461,right there.,False,0
11462,right by the collie.,False,0
11463,you know where the other horse is?,True,1
11464,show mommy the brown horse.,False,0
11465,I know.,False,0
11466,he can hop through here.,False,0
11467,look.,False,0
11468,the porcupine can go through the hole.,False,0
11469,see?,False,0
11470,he's jumping.,False,0
11471,can you do that?,False,0
11472,do you study their speech or just the way *NULL* they behave?,True,1
11473,speech.,False,0
11474,"I think it'd be really interesting to study how they behave, but I",True,1
11475,"you know, I mean they do so many things.",False,0
11476,mhm.,False,0
11477,you want more toys?,False,0
11478,I didn't bring any.,False,0
11479,why don't you show me some of your toys?,True,1
11480,you want to show her Investigator_one what some of your toys are?,True,1
11481,what's Jamie's toys?,True,1
11482,Parent's sister is eleven and they play.,False,0
11483,it's like I feel it's all I can do to take care of them.,False,0
11484,and I was thinking the other day that we don't sit down and.,False,0
11485,but like she doesn't know all her colors or her numbers and things.,False,0
11486,I know other people who have two year olds.,True,1
11487,it's not like they're extra smart.,False,0
11488,it's just that people have taken time.,False,0
11489,and she will pick up on things.,False,0
11490,if you tell her something she'll remember it.,True,1
11491,but I just haven't had the time.,False,0
11492,"I've been so busy with diapers, and keeping everybody clean, that I",False,0
11493,"well, then I thought that she will pick up on it.",False,0
11494,it's a learned thing.,False,0
11495,colors are learned and numbers and.,False,0
11496,"colors, I think, kids really don't get them down until they're five.",False,0
11497,they really have a hard time.,False,0
11498,are you going to take my microphone?,False,0
11499,"where are some of your toys, Jamie?",True,1
11500,right there?,False,0
11501,you've got so many!,False,0
11502,"you like the porcupine, don't you?",False,0
11503,he's sticky.,False,0
11504,see his quills?,False,0
11505,they'd hurt your fingers if he was real.,True,1
11506,see he's smiling.,False,0
11507,can you see him smile?,False,0
11508,see him smile?,False,0
11509,isn't he cute?,False,0
11510,"he's too big, see?",False,0
11511,"the other day she was, um, I have a little night light in the",False,0
11512,and she said.,False,0
11513,"Parent, see the light?",False,0
11514,see the bear going up the stairs?,False,0
11515,she.,False,0
11516,like now she's talking in just words but she does say sentences.,False,0
11517,"yeah, I.",False,0
11518,you've said some sentences while I've been here.,False,0
11519,I've heard you.,False,0
11520,you'll just get used to her and then she'll be gone.,False,0
11521,be careful.,False,0
11522,you'll choke.,False,0
11523,"ok, well don't choke on it, ok?",False,0
11524,cann't Parent have one?,False,0
11525,"give Parent one *NULL* to play with, ok?",True,1
11526,Parent might cry.,False,0
11527,Parent wants a toy.,False,0
11528,poor Parent.,False,0
11529,porcupine.,False,0
11530,you like him?,False,0
11531,there's the tail.,False,0
11532,that's it.,False,0
11533,that's as long as it is.,False,0
11534,I don't have any more.,False,0
11535,that's all the toys.,False,0
11536,want to put the toys in the bag?,False,0
11537,no?,False,0
11538,"oh, alright.",False,0
11539,is that your big bunny over there?,False,0
11540,behind you?,False,0
11541,that yellow bunny?,False,0
11542,"thank you, Parent.",False,0
11543,where's your baby doll?,True,1
11544,where is the baby doll?,True,1
11545,it's outside?,False,0
11546,it better not be outside.,False,0
11547,it's cold outside.,False,0
11548,she likes those little dolls because they're more easy to manage,False,0
11549,she'll take em upstairs and sleep with them.,False,0
11550,she's got little dogs and.,False,0
11551,my daughter won em at Chuckey Cheese or something.,False,0
11552,I shouldn't have said that.,False,0
11553,I know you want to go to Chuckey Cheese but.,False,0
11554,"maybe another day, ok?",False,0
11555,you cann't do everything at once.,False,0
11556,when you're not doing something Parent can do it.,True,1
11557,poor Parent.,False,0
11558,that's a girl.,False,0
11559,here's the boy.,False,0
11560,see the girl?,False,0
11561,"there's a man, and a mommy and a baby and a brother and a sister.",False,0
11562,see red?,False,0
11563,"no, that's purple.",False,0
11564,"red, orange, yellow, green, blue, purple, grey, brown, white, black.",False,0
11565,that's a plum.,False,0
11566,that's a mouse.,False,0
11567,peas.,False,0
11568,strawberries.,False,0
11569,peas for Thanksgiving.,False,0
11570,those are strawberries.,False,0
11571,and carrots.,False,0
11572,"we'll get them at the store after a while, ok.",False,0
11573,what are you going to eat on Thanksgiving?,True,1
11574,I should put my turkey out for Thanksgiving.,False,0
11575,"no, no, no, no, don't do that.",False,0
11576,show me the bunny.,False,0
11577,oh.,False,0
11578,"he's cute, isn't he?",False,0
11579,how old is Parent?,True,1
11580,about a year.,False,0
11581,she was a year October first.,False,0
11582,can you say.,False,0
11583,tape recorder?,False,0
11584,tape recorder.,False,0
11585,this is called a microphone.,False,0
11586,can you say.,False,0
11587,microphone?,False,0
11588,they're fascinated by things that you wouldn't think.,True,1
11589,that's a nice fire truck.,False,0
11590,do you know what that is?,True,1
11591,where's the turkey?,True,1
11592,we have a turkey for Thanksgiving.,False,0
11593,there's a turkey.,False,0
11594,see the turkey on the door?,False,0
11595,"oh, you have a turkey?",False,0
11596,"my mom was an art teacher, and these things.",False,0
11597,last year Santa was.,False,0
11598,ho ho.,False,0
11599,now he's finally Santa Clause.,False,0
11600,"Santa Clause will be coming, hmm?",False,0
11601,you want to see em?,False,0
11602,"well, he's not here yet.",False,0
11603,it's not time.,False,0
11604,that's his stocking.,False,0
11605,a stocking with toys.,False,0
11606,let's see.,False,0
11607,"no, I don't have any more toys.",False,0
11608,I have some paper but that's all.,False,0
11609,it's all empty.,False,0
11610,see?,False,0
11611,it's not very interesting.,False,0
11612,what's that?,True,1
11613,is that your racoon?,False,0
11614,this thing?,False,0
11615,"yeah, I saw that.",False,0
11616,did you cut your hair?,False,0
11617,it looks ok.,False,0
11618,I didn't tell you my name.,False,0
11619,my name is Investigator_one.,False,0
11620,can you say.,False,0
11621,Investigator_one?,False,0
11622,"it's a hard name, isn't it.",False,0
11623,"Jamie, why don't you get one of your books?",True,1
11624,want to show Investigator_one one of your books?,False,0
11625,there's a pineapple.,False,0
11626,pineapple and watermelon.,False,0
11627,pineapple?,False,0
11628,there's some in the refrigerator.,False,0
11629,it's getting cold.,False,0
11630,I think Daddy put a can of pineapple in.,False,0
11631,can you wait until lunch time?,False,0
11632,no?,False,0
11633,you're going to have to.,False,0
11634,are you ready for a nap?,False,0
11635,where's the book?,True,1
11636,"I think it's right, oops, behind you.",False,0
11637,"hi there, squirt.",False,0
11638,"it's amazing that these kids ever make it until they're adults, with",False,0
11639,what do you want to find?,True,1
11640,look at the giraffe.,False,0
11641,it's a big one.,False,0
11642,see the giraffe?,False,0
11643,careful.,False,0
11644,where's the church?,True,1
11645,the church?,False,0
11646,come here.,False,0
11647,see?,False,0
11648,the steeple.,False,0
11649,there's the church right there.,False,0
11650,that's it.,False,0
11651,that's the church.,False,0
11652,it has to stay in the book.,False,0
11653,it has to stay in the book.,False,0
11654,you saw Shannon's church last night.,False,0
11655,"oh no, you didn't.",False,0
11656,you were home soaking your fingers.,False,0
11657,she touched the curling iron.,False,0
11658,the second time in a week *NULL that she's touched it.,True,1
11659,then the eleven year old gets in trouble and she said.,False,0
11660,why.,False,0
11661,I said.,False,0
11662,you should have told her it was on.,False,0
11663,she said.,False,0
11664,"but it wasn't on, I just turned it off.",False,0
11665,I said.,False,0
11666,but it's still hot when it's off.,True,1
11667,"I thought she would have learned, you know, from touching it the",False,0
11668,can I see your fingers?,False,0
11669,are they better?,False,0
11670,they're not better?,False,0
11671,which ones are the owie ones?,True,1
11672,can you show mommy?,False,0
11673,did you burn your fingers?,False,0
11674,show mommy where you touched Shannon's curling iron.,True,1
11675,are they better?,False,0
11676,it's not better?,False,0
11677,cut a hole in your pants.,False,0
11678,Uncle Doug gave you this sweat suit and it was in real good shape.,False,0
11679,don't make it bigger.,False,0
11680,"I 'm going to get you a kleenex for your nose, ok?",False,0
11681,Investigator_one.,False,0
11682,can you say.,False,0
11683,Investigator_one?,False,0
11684,don't push her.,False,0
11685,poor Parent.,False,0
11686,you're mean to Parent.,False,0
11687,poor little Parent.,False,0
11688,now you're going to give her the horse to be nice.,False,0
11689,"see, that's how you are.",True,1
11690,"you're mean and then you act nice afterwards, huh?",False,0
11691,right there by the couch.,False,0
11692,would you wipe your nose for me?,False,0
11693,just a little bit.,False,0
11694,here.,False,0
11695,I think she's taken notice that I 'm here now.,False,0
11696,can you pick up?,False,0
11697,why don't you get the toys together?,True,1
11698,put all the toys on the rug here.,False,0
11699,put the toys on the bear.,False,0
11700,so when Investigator_one goes she willn't forget em.,True,1
11701,you know what?,False,0
11702,I think the porcupine is behind you.,False,0
11703,right back there.,False,0
11704,where's the what?,True,1
11705,the truck?,False,0
11706,there's two trucks.,False,0
11707,where's the other truck?,True,1
11708,there they are.,False,0
11709,two trucks.,False,0
11710,they're driving on you.,False,0
11711,they don't fit.,False,0
11712,they're the same size.,False,0
11713,she's just started singing lately.,False,0
11714,"she makes up these little songs, and sings aloud.",False,0
11715,are you biting that dog?,False,0
11716,poor dog.,False,0
11717,he's crying.,False,0
11718,now she's really convinced.,False,0
11719,at least we both know how to whine.,True,1
11720,did you hear the doggie?,False,0
11721,you're biting his feet.,False,0
11722,ouch!,False,0
11723,are you going to have a dog for lunch?,False,0
11724,where is the other dog?,True,1
11725,is there another one?,False,0
11726,"there's two horses and one dog, I think.",False,0
11727,there's only one.,False,0
11728,here's the zebra.,False,0
11729,that's his tail.,False,0
11730,"where's the other, where's the elephant's tail?",True,1
11731,that's a duck.,False,0
11732,that's his wing.,False,0
11733,that's another wing.,False,0
11734,by his feet.,False,0
11735,there's his tail.,False,0
11736,that's his feet.,False,0
11737,that's his feet.,False,0
11738,there's his tail in the back.,False,0
11739,there's his tail.,False,0
11740,see?,False,0
11741,there.,False,0
11742,there's his tail.,False,0
11743,isn't it funny they know to turn everything to look at the tail?,False,0
11744,"don't bite it, cause Investigator_one has to take that duck back to",False,0
11745,"yeah, I have to take him back with me.",False,0
11746,and she'll get in trouble.,False,0
11747,right.,False,0
11748,you want to put him back in the bag for her?,False,0
11749,you want the duck.,False,0
11750,where's Parent's pacifier?,True,1
11751,"she's knows what Parent's pacifier is, but for some reason she",True,1
11752,Parent's mouth.,False,0
11753,cause it goes in Parent's mouth.,False,0
11754,mm.,False,0
11755,hmm?,False,0
11756,you're sharing?,False,0
11757,you gave Parent the ball.,False,0
11758,"I don't know how many balls they went through this summer, because",True,1
11759,so we have all these deflated beach balls.,False,0
11760,I see something *NULL* I better take from Parent before Parent.,True,1
11761,ahhah.,False,0
11762,why don't you give the duck a ride on your boat?,True,1
11763,go get your big boat and give the duck a ride on the boat.,False,0
11764,that's a good idea.,False,0
11765,where's the duck?,True,1
11766,now he's lost.,False,0
11767,I think he's by Parent's leg.,False,0
11768,mhm.,False,0
11769,ok.,False,0
11770,you going to give him a ride now?,False,0
11771,tell Parent you'll be right back.,False,0
11772,that's not the boat.,False,0
11773,where's your boat?,True,1
11774,he looks pretty up there.,False,0
11775,"you think if you put him there that he can stay here, right?",True,1
11776,it's terrible not to be able to have anything on the coffee table.,False,0
11777,I cann't stand it.,False,0
11778,"my table cloth is gone, my knicknacks, my cactus, except that",False,0
11779,everything is in disarray for years to come.,False,0
11780,he can sit right here.,False,0
11781,see?,False,0
11782,it's a good place for him right here.,False,0
11783,"why don't you put him on the rug, on the floor, on the bear?",True,1
11784,put the boat on the bear on the floor.,False,0
11785,"oh, that's pretty there.",False,0
11786,I like that.,False,0
11787,he's happy.,False,0
11788,you know when you're around your children all the time you get used,True,1
11789,"like I told you, for writing she says and I know what",False,0
11790,"every time *NULL* you go somewhere, or if you're going to leave em with",True,2
11791,she speaks pretty clearly though.,False,0
11792,are you biting my duck again?,False,0
11793,I have to take that duck back with me.,False,0
11794,what if it's broken?,True,1
11795,don't break his beak.,False,0
11796,don't bite him.,False,0
11797,Investigator_one has to.,False,0
11798,"look, now she's doing what she saw Jamie do.",True,1
11799,he willn't fit.,False,0
11800,put him in the front.,False,0
11801,"you forgot that your boat toots, didn't you?",False,0
11802,he's too fat?,False,0
11803,isn't that funny.,False,0
11804,we don't have anything that squeaks and of all things that,True,1
11805,they don't have any squeak toys.,False,0
11806,"he doesn't fit there, honey.",False,0
11807,he'll fit right here.,False,0
11808,see?,False,0
11809,he fits there.,False,0
11810,see?,False,0
11811,you're too big.,False,0
11812,we were on vacation in a big boat.,False,0
11813,did you go on a big boat?,False,0
11814,did you ever go to Centerville in Toronto?,False,0
11815,the little amusement park on the island?,False,0
11816,isn't it cute?,False,0
11817,we had a nice day.,False,0
11818,"it was absolutely pouring and we thought, well, we'll go.",False,0
11819,and there was nobody there but yet it was still open.,False,0
11820,"when we were on the train, I said.",True,1
11821,"oh God please, cann't you stop?",False,0
11822,this is really bad.,False,0
11823,when we got off the train it was finished.,True,1
11824,the rain was done and we had a real nice day.,False,0
11825,that's great.,False,0
11826,went on a big boat.,False,0
11827,are you biting the horse too?,False,0
11828,you're biting his mouth.,False,0
11829,don't bite the horse.,False,0
11830,"take him out of your mouth, dirty.",False,0
11831,you want to go on a horsey?,False,0
11832,outside?,False,0
11833,we don't have very many places for *NULL* kids just to ride ponies and,True,1
11834,I guess because the insurance is probably so high.,False,0
11835,horse or pony.,False,0
11836,"yeah, I don't know if they have it any more.",True,1
11837,what's that?,True,1
11838,what's that?,True,1
11839,this blue thing?,False,0
11840,what do you do with this blue thing?,True,1
11841,tell Parent not to touch.,False,0
11842,you know it's too bad you're not able to videotape at the same,False,0
11843,"lulls in the conversation, their actions speak too.",False,0
11844,yeah.,False,0
11845,we always have the person who came to see the kids do the,True,1
11846,but I know you miss a lot.,False,0
11847,are most children shy when you pop in like this?,True,1
11848,yeah.,False,0
11849,which is too bad in a way because even though they're talking.,False,0
11850,yeah.,False,0
11851,"it's too bad you cann't do a month's study, just getting friendly",False,0
11852,calm down.,False,0
11853,phone books and catalogs.,False,0
11854,they used to be stacked up very neatly.,False,0
11855,oh.,False,0
11856,where is em?,True,1
11857,in the summer.,False,0
11858,it's too cold outside right now.,False,0
11859,see the kids?,False,0
11860,do you see the kids and people?,False,0
11861,isn't it funny how books will bring them out?,True,1
11862,I think that's all.,False,0
11863,it's too cold.,False,0
11864,it's freezing.,False,0
11865,there's some shoes.,False,0
11866,"you have some, don't you?",False,0
11867,can you tell Parent to get out of there and close the door?,False,0
11868,thank you.,False,0
11869,there's some more shoes.,False,0
11870,yeah?,False,0
11871,mm.,False,0
11872,ok.,False,0
11873,"yeah, it's funny.",False,0
11874,they always get warmed up toward the end.,False,0
11875,what?,False,0
11876,what'd you say?,True,1
11877,they're going to sleep?,False,0
11878,those aren't pajamas.,False,0
11879,those are shorts.,False,0
11880,you have some.,False,0
11881,where's the Christmas catalog?,True,1
11882,shopping.,False,0
11883,is it J_C Penney's or Sears?,False,0
11884,the victim of little hands.,False,0
11885,I just saw something that she really liked.,True,1
11886,where is it?,True,1
11887,Mommy's got another book.,False,0
11888,do you want to see the shoes again?,False,0
11889,who's that?,True,1
11890,right.,False,0
11891,Santa Clause.,False,0
11892,are you going to show Investigator_one some more things?,False,0
11893,find the Christmas things.,False,0
11894,I don't know.,False,0
11895,mhm.,False,0
11896,can you say.,False,0
11897,clock?,False,0
11898,"oh, Parent.",False,0
11899,you do?,False,0
11900,see the dolls?,False,0
11901,look at the dolls.,False,0
11902,see the baby dolls?,False,0
11903,you just passed them.,False,0
11904,bicycles.,False,0
11905,shall we find the dolls again?,False,0
11906,there they are.,False,0
11907,what's this world coming to?,True,1
11908,"ugly, ugly.",False,0
11909,punk rock dolls.,False,0
11910,they are ugly.,False,0
11911,I could see if they had pretty faces with makeup but they're just,True,1
11912,"I still like my Shirley Temple doll and I had Betsy Wetsy, all",False,0
11913,mhm.,False,0
11914,do they look like Daddy's pants?,False,0
11915,what are these?,True,1
11916,mm.,False,0
11917,there's a gumball machine.,False,0
11918,see?,False,0
11919,"when we go to the store, ok?",True,1
11920,"when we go to the store, you can get some.",True,1
11921,there's exercise.,False,0
11922,remember going through the catalogs and circling everything you,False,0
11923,I remember.,False,0
11924,what is it?,True,1
11925,what is it?,True,1
11926,we have a Speak_And_Spell.,False,0
11927,mommy has to send it to Texas Instruments to be fixed.,False,0
11928,I don't know what I did with it.,True,1
11929,I put it away somewhere.,False,0
11930,I called them about it.,False,0
11931,what's.,False,0
11932,axercisewp.,False,0
11933,can you say.,False,0
11934,exercise?,False,0
11935,no?,False,0
11936,ok.,False,0
11937,"are there any cars, any cars in there?",False,0
11938,"oh, oh.",False,0
11939,you tore the magazine.,False,0
11940,"my father used to tell us to be careful, that Santa Clause",False,0
11941,my eleven year old was talking to her girlfriend the other day and,False,0
11942,do you still believe in Santa?,False,0
11943,she said.,False,0
11944,"yes, my mother says if you really believe that there is",True,2
11945,and I thought it's really funny they don't really want to give it,False,0
11946,that's kind a cute in a way.,False,0
11947,it makes you feel really responsible.,False,0
11948,they don't tell anybody because they make fun of them.,False,0
11949,when she gets older.,True,1
11950,"Jamie, that book is getting all torn up and you willn't be able to",False,0
11951,yeah.,False,0
11952,can I have the catalog?,False,0
11953,please?,False,0
11954,may I please?,False,0
11955,wait a minute?,False,0
11956,"can you pick up Investigator_one's toys for her, and animals?",False,0
11957,"yeah, I have to get ready to go home in a little while.",False,0
11958,can you say hi?,False,0
11959,hi.,False,0
11960,"where's all the animals, Jamie?",True,1
11961,what's that.,True,1
11962,what goes in there?,True,1
11963,no.,False,0
11964,somebody's sleeping.,False,0
11965,do you want to get Investigator_one's toys for her?,False,0
11966,do you want to help me put my toys away?,False,0
11967,put em in the bag.,False,0
11968,she has to go home.,False,0
11969,no?,False,0
11970,she has to take her toys with her.,False,0
11971,yeah.,False,0
11972,but you want to help me put em away?,False,0
11973,would you help me?,False,0
11974,I'd like that.,False,0
11975,now the destructive Jamie's coming out.,False,0
11976,magazine.,False,0
11977,I finally decided what's the difference if I go shopping to buy toys,True,2
11978,cause you can still go to the store every week and make a,False,0
11979,it saves you all that running around.,False,0
11980,right.,False,0
11981,you want the girl to come back?,False,0
11982,she's going to school.,False,0
11983,what are you studying?,True,1
11984,"you want to see our toys again, Child?",False,0
11985,show Sister the toys?,False,0
11986,what do you think I have?,True,1
11987,do you remember?,False,0
11988,I want to see.,False,0
11989,"oh, here's our old friend.",False,0
11990,what's that?,True,1
11991,is that a truck?,False,0
11992,there's the book.,False,0
11993,what was it?,True,1
11994,that's the zebra.,False,0
11995,remember the zebra?,False,0
11996,show me the pictures.,False,0
11997,pickles?,False,0
11998,what are those?,True,1
11999,mm.,False,0
12000,"no, that's not a pretzel.",False,0
12001,what's that?,True,1
12002,"ice, ice came?",False,0
12003,ice cream.,False,0
12004,do you like the pretzels?,False,0
12005,watermelon?,False,0
12006,you want watermelon?,False,0
12007,you have to wait till the summer.,False,0
12008,what's that on the door up there that Mommy forgot to take down?,True,2
12009,what is that?,True,1
12010,should I take him off the door?,False,0
12011,should I take him off the door and put him downstairs?,False,0
12012,can we take him off?,False,0
12013,no?,False,0
12014,mhm.,False,0
12015,"what's that, a guitar?",True,1
12016,why don't you,False,0
12017,can you show the girls?,False,0
12018,they'd like to see too.,False,0
12019,let's see if we can,True,1
12020,let's put the book right here and then we'll look at the book here.,False,0
12021,look at the book here?,False,0
12022,let's see.,False,0
12023,kind a close here.,False,0
12024,"lookit, I.",False,0
12025,there you are.,False,0
12026,"mommy will get you a book, ok?",False,0
12027,we'll get you a book?,False,0
12028,Mommy's got another book *NULL* you can see.,True,1
12029,this is.,False,0
12030,ok?,False,0
12031,you going to get a book for Sister?,False,0
12032,"oh, what a nice girl you are.",False,0
12033,"oh, that's nice.",False,0
12034,"you got a bump on your nose, huh, since I saw you before?",False,0
12035,she tripped on the bears head.,False,0
12036,I don't know if she hit it on him or she hit the stool on the way,True,1
12037,and we collided heads at church last night and I've got this little,False,0
12038,she's got a hard head.,False,0
12039,let's look at some more pictures.,False,0
12040,let's look at the book.,False,0
12041,want to look at this book?,False,0
12042,Snow White?,False,0
12043,and the dwarfs?,False,0
12044,"yeah, the animals.",False,0
12045,lots of animals.,False,0
12046,what kind are they?,True,1
12047,they can tell on their tape that we always have the same book,False,0
12048,what?,False,0
12049,where's the fish?,True,1
12050,"oh, I don't like him, I shouldn't say that.",False,0
12051,"oh, he's so pretty.",False,0
12052,that's a kitten.,False,0
12053,there's the cat and there's the kitten.,False,0
12054,do you like that?,False,0
12055,find some more?,False,0
12056,"here, you want to put it on the table like you when you put your food",True,1
12057,should we look on the table?,False,0
12058,would that be better?,False,0
12059,no?,False,0
12060,what's this?,True,1
12061,mhm and what's this?,True,1
12062,I wonder where she gets that from hammac.,True,1
12063,can you say cow?,False,0
12064,why do you say that?,True,1
12065,because Daddy talks funny sometimes?,False,0
12066,where's em?,True,1
12067,where's em who?,False,0
12068,are you looking for the cow?,False,0
12069,"yes, he is.",False,0
12070,maybe you missed a page.,False,0
12071,you just have to go back and look some more.,False,0
12072,did you pass the picture?,False,0
12073,find the animals and I think he's there.,False,0
12074,is he by the snake?,False,0
12075,where?,False,0
12076,"where, show me.",False,0
12077,"there's the snake, now what's this?",True,1
12078,"no, you kids always get those backwards.",False,0
12079,what's this?,True,1
12080,"well, what's this.",True,1
12081,"well, of course.",False,0
12082,a kangaroo.,False,0
12083,a what kind of spider?,False,0
12084,a skunk spider?,False,0
12085,that's what I thought she said.,True,1
12086,or a skinny spider.,False,0
12087,what's this here?,True,1
12088,lookit.,False,0
12089,what is it.,True,1
12090,who did you see at Fay's?,True,1
12091,remember when we went to Fay's?,True,1
12092,who was there?,True,1
12093,"well, what did he give you?",True,1
12094,did you like it?,False,0
12095,where's Shannon?,True,1
12096,what's she doing?,True,1
12097,today she's singing.,False,0
12098,she'll be home pretty soon if she can get a ride.,True,1
12099,"well, where is she?",True,1
12100,where is she?,True,1
12101,is she coming home pretty soon?,False,0
12102,"yeah, I think so.",False,0
12103,pickles and cookies.,False,0
12104,I bet there's pictures that we haven't even seen in this book.,True,1
12105,you think?,False,0
12106,"oh, you lost them.",False,0
12107,where did they go?,True,1
12108,that's Sadie's garbage disposal.,False,0
12109,can you hear it through the wall?,False,0
12110,mhm.,False,0
12111,what's here?,True,1
12112,wait.,False,0
12113,let's see.,False,0
12114,turn the page.,False,0
12115,what's this?,True,1
12116,what do they do here?,True,1
12117,what do you,False,0
12118,is that where you go with the car to get gas?,True,1
12119,gas for the car.,False,0
12120,and what's this?,True,1
12121,"right, that's the church.",False,0
12122,you like church?,False,0
12123,castle.,False,0
12124,you do?,False,0
12125,why?,False,0
12126,"oh, we'll see some day.",False,0
12127,see if we can find one.,True,1
12128,butterfly?,False,0
12129,pretty?,False,0
12130,it's only one page.,False,0
12131,what's this?,True,1
12132,owl?,False,0
12133,pretty fish.,False,0
12134,how do you know that's a man?,True,1
12135,what is that?,True,1
12136,that's a whale.,False,0
12137,a yak.,False,0
12138,that's a yak.,False,0
12139,let's find one in the book?,False,0
12140,the incense.,False,0
12141,I changed her diaper just before you came.,False,0
12142,that's ok.,False,0
12143,"I had a tape recorder once that, uh, started to sizzle when I was",True,2
12144,"it's ok, nothing's on fire.",False,0
12145,where did Daddy go?,True,1
12146,you forgot to.,False,0
12147,you were sleeping.,False,0
12148,where did he go?,True,1
12149,what is it?,True,1
12150,"oh, alligator.",False,0
12151,can you say alligator?,False,0
12152,that's a nest where birds lay eggs.,True,1
12153,and they make little baby birds.,False,0
12154,and they hatch.,False,0
12155,hmm?,False,0
12156,they hatch and little birds come out.,False,0
12157,"not little squirrels, little birds.",False,0
12158,huh?,False,0
12159,you have to find them.,False,0
12160,where are they?,True,1
12161,they're in there.,False,0
12162,you want *PRO* to go see the animals on the floor?,False,0
12163,"yeah, we have a lot of them over here.",False,0
12164,want to go see the animals?,False,0
12165,remember this one?,False,0
12166,"oh, poor Sister.",False,0
12167,you being mean to Sister?,False,0
12168,"let me see, is your rash getting better?",False,0
12169,does it need medicine?,False,0
12170,can I see?,False,0
12171,she's got on her wrist a rash from something and we were putting,False,0
12172,and we just had to change doctors because he changed jobs.,False,0
12173,and we have to wait till tomorrow to take her in but I haven't the,False,0
12174,sometimes she talks about it and the medicine and the bandaids I,False,0
12175,what do I put on your wrist to make it better?,True,1
12176,hmm?,False,0
12177,what are you doing?,True,1
12178,would you like some little animals for Christmas?,False,0
12179,no?,False,0
12180,you really mean yes?,False,0
12181,children always learn no so fast but it seems like it takes them a,False,0
12182,I don't know why they.,False,0
12183,I don't know if it will stand up.,True,1
12184,"why don't you get the book there and stand it on the book, because",True,1
12185,hmm?,False,0
12186,"well, where's the zebra, where'd he go?",True,2
12187,"oh, there he is.",False,0
12188,let's get the boat?,False,0
12189,alright.,False,0
12190,next time they'll tell you to bring quiet toys and no plastic bags.,False,0
12191,"yeah, right.",False,0
12192,when you work on your next project.,True,1
12193,is that nice?,False,0
12194,at least she's learned to give her something else.,False,0
12195,if she wants something she has to replace it with something else.,True,1
12196,what are you doing?,True,1
12197,you look like somebody who's got all the money in the world there.,True,1
12198,that's when the baby fell on the boat.,True,1
12199,where's the other truck?,True,1
12200,you have both trucks?,False,0
12201,"you want everything, don't you?",False,0
12202,back here?,False,0
12203,what is that?,True,1
12204,the big truck?,False,0
12205,what is that?,True,1
12206,hmm?,False,0
12207,where's that big truck?,True,1
12208,can Mommy give Sister a kiss?,False,0
12209,you cann't put it away?,False,0
12210,what do you want to do?,True,1
12211,did you try?,False,0
12212,try and do the other one.,False,0
12213,can you do the other one?,False,0
12214,"yes, you can.",False,0
12215,try.,False,0
12216,see?,False,0
12217,that's his tail.,False,0
12218,isn't that cute?,False,0
12219,"that's his nose, his trunk.",False,0
12220,come here.,False,0
12221,come here.,False,0
12222,"what's in Sister's bottle, do you know?",True,1
12223,what's in there?,True,1
12224,what's Sister drinking?,True,1
12225,you cann't see it?,False,0
12226,what's it look like?,True,1
12227,what do you think Sister has in there?,True,1
12228,appy juice?,False,0
12229,I thought she said Sister juice.,False,0
12230,"no, appy juice.",False,0
12231,"no, it's water.",False,0
12232,I thought Sister needed a good swig of water.,False,0
12233,yuck.,False,0
12234,do you think Shannon's coming pretty soon?,False,0
12235,she might be.,False,0
12236,does she have her coat on?,False,0
12237,"oh, we got an uhhuh.",False,0
12238,good.,False,0
12239,does she have mittens on?,False,0
12240,no?,False,0
12241,what about a hat?,False,0
12242,am I bothering you?,False,0
12243,don't bother me.,False,0
12244,who's that?,True,1
12245,who is that?,True,1
12246,hi.,False,0
12247,hi.,False,0
12248,Kristin gave me a ride home.,False,0
12249,"oh, that was nice.",False,0
12250,"who is that, Child.",True,1
12251,"hi, J.",False,0
12252,can you say hi to Shannon?,False,0
12253,"what is that, Child?",True,1
12254,"oh, boy.",False,0
12255,I didn't get a solo again.,False,0
12256,that's too bad.,False,0
12257,"we're taperecording this, ok?",False,0
12258,what?,False,0
12259,we're taperecording our talking.,False,0
12260,oh.,False,0
12261,"oh, Child.",False,0
12262,say.,False,0
12263,I 'm sorry.,False,0
12264,you have to put the toys in the bag.,False,0
12265,you want to put them in the plastic bag?,False,0
12266,no?,False,0
12267,"well, then you have to be nice.",False,0
12268,you'll have to put them away.,False,0
12269,that has nothing to do with picking up toys.,False,0
12270,whether you have socks on or not.,True,1
12271,I do my house work with or without socks.,False,0
12272,where are your socks?,True,1
12273,on your bed?,False,0
12274,that's what I thought.,True,1
12275,are your feet cold?,False,0
12276,hmm?,False,0
12277,are they cold?,False,0
12278,show Shannon the book.,False,0
12279,want to show Shannon the book?,False,0
12280,"can I see your book, J?",False,0
12281,oh.,False,0
12282,sorry.,False,0
12283,what's cooking?,True,1
12284,what else is in the book?,True,1
12285,"show Shannon the other pictures, she wasn't here.",False,0
12286,ok.,False,0
12287,good.,False,0
12288,what about Sister?,False,0
12289,what does Sister get?,True,1
12290,the elephant?,False,0
12291,can they dance?,False,0
12292,where did Daddy go?,True,1
12293,where's Daddy?,True,1
12294,"no, he's not upstairs.",False,0
12295,where'd he go?,True,1
12296,he went to work?,False,0
12297,and what's he doing at work?,True,1
12298,"well, Daddy's gone.",False,0
12299,where is him?,True,1
12300,he went to work.,False,0
12301,to make money.,False,0
12302,you want to throw him in the garbage?,False,0
12303,that's not nice.,False,0
12304,"the girls have to take the duck home, or back to school when they",False,0
12305,that must be a pretty smart duck because he lives at college.,False,0
12306,are you going to be nice to him?,False,0
12307,will you be nice?,False,0
12308,you promise to be nice?,False,0
12309,"tell the duck, tell the duck you're sorry?",False,0
12310,tell him you're sorry and I'll give him to you.,False,0
12311,can you say I 'm sorry?,False,0
12312,hi.,False,0
12313,hmm?,False,0
12314,come here.,False,0
12315,come here.,False,0
12316,can you tell the duck that you're sorry?,False,0
12317,hmm?,False,0
12318,"well, tell him you're sorry.",False,0
12319,I think he might be crying.,False,0
12320,what are these?,True,1
12321,"what is, what are these?",True,1
12322,hmm?,False,0
12323,what are they?,True,1
12324,it willn't fit.,False,0
12325,that's a tail.,False,0
12326,last time you said the same thing.,False,0
12327,that's his tail.,False,0
12328,"no, it isn't.",False,0
12329,"that's not his hand, that's his tail.",False,0
12330,"looks like a hand, but it's a tail.",False,0
12331,it doesn't come off.,False,0
12332,it doesn't come off.,False,0
12333,where's the dog's tail?,True,1
12334,I think we had this conversation.,False,0
12335,there he is.,False,0
12336,hmm?,False,0
12337,last time she turned it off and I didn't realize and I looked down,False,0
12338,they're not dirty.,False,0
12339,how do you know they're dirty?,True,1
12340,they might be clean.,False,0
12341,look like they've just been ironed to me.,False,0
12342,what's this right here?,True,1
12343,hmm?,False,0
12344,what is that there that you take out in the rain?,True,2
12345,mhm.,False,0
12346,Teddy bear?,False,0
12347,you cann't.,False,0
12348,it's in the book.,False,0
12349,yeah.,False,0
12350,where's the,False,0
12351,what's this?,True,1
12352,right.,False,0
12353,"oh, I know.",False,0
12354,oh!,False,0
12355,"yeah, I guess.",False,0
12356,I know.,False,0
12357,I was thinking that you might.,False,0
12358,"Shannon's going to get them for you, ok?",False,0
12359,want to show the girls some things in there?,False,0
12360,I forgot about that.,False,0
12361,what kind of shoes do you want?,True,1
12362,she just said.,False,0
12363,where's em.,True,1
12364,you're going to wear shoes?,False,0
12365,hmm?,False,0
12366,you have to look for him.,False,0
12367,I know what you want.,True,1
12368,let's see.,False,0
12369,you know what you want?,True,1
12370,what?,False,0
12371,"can you catch Sister there, Shannon?",False,0
12372,"uh, yeah.",False,0
12373,are you coming out?,False,0
12374,Sister.,False,0
12375,the child electrocutes herself while we're sitting here.,False,0
12376,four adults in the room and.,False,0
12377,"no, you don't touch that.",False,0
12378,Sister.,False,0
12379,"come here, come here.",False,0
12380,"no, we cann't turn the tv on.",False,0
12381,it makes too much noise right now.,False,0
12382,alright.,False,0
12383,find it.,False,0
12384,remember that?,False,0
12385,"no, you cann't sit on the chair cause it needs glue to make it last.",False,0
12386,what is it?,True,1
12387,what is it?,True,1
12388,a pillow.,False,0
12389,you want to find some shoes?,False,0
12390,too heavy?,False,0
12391,look for some clothes?,False,0
12392,what kind of clothes to wear?,False,0
12393,don't hit me.,False,0
12394,roller skates?,False,0
12395,I don't know if there are any in there.,True,1
12396,you do?,False,0
12397,"no, she's not.",False,0
12398,tell her to come back over here.,False,0
12399,can you call her?,False,0
12400,say.,False,0
12401,"come back here, Sister.",False,0
12402,here.,False,0
12403,come here.,False,0
12404,who's what?,True,1
12405,I don't hear anybody.,False,0
12406,mhm.,False,0
12407,that's a chariot.,False,0
12408,that's a chariot.,False,0
12409,it was back here with the bible people.,False,0
12410,now look for something else.,False,0
12411,Child.,False,0
12412,Child.,False,0
12413,say you have fun at church?,False,0
12414,where is it?,True,1
12415,you're going to try to find shoes for Child again?,False,0
12416,she's not going to hurt that book.,False,0
12417,do you want another catalogue too?,False,0
12418,hmm?,False,0
12419,here's some little kids.,False,0
12420,a little girl and a little boy.,False,0
12421,you lost em?,False,0
12422,I don't know.,False,0
12423,let Mommy see.,False,0
12424,what is it?,True,1
12425,"oh, it's a pine cone.",False,0
12426,can you say pine cone?,False,0
12427,I don't know but I think you'd better tell her to leave it alone.,False,0
12428,"you finally got that book, huh?",False,0
12429,she's really persistent.,False,0
12430,she waits until no one's looking and she grabs it.,False,0
12431,now don't be mean to her.,False,0
12432,she's minding her own business.,False,0
12433,"what's all those, what are all those?",True,2
12434,I was trying to help you find them but you took the whole book away.,False,0
12435,here.,False,0
12436,in the front.,False,0
12437,"oh, there's ladies.",False,0
12438,you want to see the ladies ' bottoms.,False,0
12439,what?,False,0
12440,what are these?,True,1
12441,huh?,False,0
12442,what are those?,True,1
12443,"no, I, what are those?",True,1
12444,"we went to buy some of these, what are they?",True,1
12445,are you embarrassed?,False,0
12446,"ok, we willn't look at those.",False,0
12447,"one day you said Mommy, I want some panties.",False,0
12448,I didn't realize that they would cause such child laughing very,False,0
12449,"look, kids, you're going to have to go find those before the girls go.",False,0
12450,"lookit, you see the babies?",False,0
12451,what's this baby doing?,True,1
12452,don't be mean to Sister.,False,0
12453,what are you going to turn out like?,True,1
12454,you what?,False,0
12455,you tore off his head?,False,0
12456,that's alright.,False,0
12457,"well, I was trying to find you but you were, find them.",False,0
12458,keep turning the pages.,False,0
12459,I see some ladies.,False,0
12460,what's on your shirt?,True,1
12461,who's on your shirt?,True,1
12462,let's not get in one of your fits of laughter here.,False,0
12463,"oh, here's some shoes.",False,0
12464,"Child, look.",False,0
12465,"Child, you're going To have to, or Sister's going to have to take some self",False,0
12466,"Child, lookit, here's some babies.",False,0
12467,do you like these?,False,0
12468,"oh, poor Sister.",False,0
12469,come on.,False,0
12470,come here.,False,0
12471,"come here, oh.",False,0
12472,now be nice.,False,0
12473,"poor Sister, now what do you do?",True,1
12474,can you say Sister I 'm sorry?,False,0
12475,hmm?,False,0
12476,can you say I 'm sorry?,False,0
12477,oh oh.,False,0
12478,"you're expecting a, you're expecting a spanking, aren't you?",False,0
12479,ok.,False,0
12480,poor Sister.,False,0
12481,what?,False,0
12482,can you tell her to stop crying?,False,0
12483,poor Sister.,False,0
12484,"she told Sister to stop crying, then put a duck on her head.",False,0
12485,"Shannon, you want to take her?",False,0
12486,why don't Sister.,False,0
12487,now you've got poor Sister all upset.,False,0
12488,"first she's mean, then she tries to be nice?",False,0
12489,where's your bottle?,True,1
12490,have it.,False,0
12491,what babies?,False,0
12492,they're in the front of the book.,False,0
12493,"oh, there, look.",False,0
12494,Sister.,False,0
12495,see?,False,0
12496,"here it is, thank you.",False,0
12497,where did they go?,True,1
12498,you saw em.,False,0
12499,Sister.,False,0
12500,do you need a spanking?,False,0
12501,"can you show me them, Child?",False,0
12502,can you show me the toys?,False,0
12503,I don't want to see that.,False,0
12504,I want to see the toys.,False,0
12505,you cann't sit?,False,0
12506,I want to play with this.,False,0
12507,I want to play with it.,False,0
12508,did you teach her that?,False,0
12509,she found out what a porcupine was from them.,True,1
12510,do you have all the babies?,False,0
12511,where's the other truck?,True,1
12512,you know where the other truck is?,True,1
12513,where?,False,0
12514,"oh, you're right, there is, I didn't even.",False,0
12515,is it two ninety nine?,False,0
12516,mine's been growing too.,False,0
12517,when you go back you can stop and get something *NULL* to eat.,True,2
12518,piggy.,False,0
12519,we can let it go halfway.,False,0
12520,that'll be a lot because she's been talking a lot.,False,0
12521,hungry.,False,0
12522,we willn't tell everybody.,False,0
12523,"Mom, what about the.",False,0
12524,boogyman going to.,False,0
12525,the boogyman going to eat Child up?,False,0
12526,boogyman going To eat you up?,False,0
12527,where is the boogyman?,True,1
12528,it's in Shannon's head.,False,0
12529,where is he?,True,1
12530,Child.,False,0
12531,how I say it.,True,1
12532,boogyman going To el al tl ul pl.,False,0
12533,one day we were sitting at the table and Child wasn't eating her,False,0
12534,Shannon bad,False,0
12535,Child.,False,0
12536,now your true self is coming out.,False,0
12537,calm,False,0
12538,Child.,False,0
12539,Child.,False,0
12540,she isn't going to beat you up.,False,0
12541,"Child, calm down.",False,0
12542,ouch!,False,0
12543,now be nice.,False,0
12544,Child.,False,0
12545,"Child, do you love Jesus?",False,0
12546,do you love Jesus?,False,0
12547,good.,False,0
12548,say it louder?,False,0
12549,no.,False,0
12550,say I love Jesus.,False,0
12551,I love Jesus.,False,0
12552,you love Mommy?,False,0
12553,you love Mommy?,False,0
12554,Sister?,False,0
12555,just Sister?,False,0
12556,and you're so mean to her?,False,0
12557,"boy, I find that hard to believe.",False,0
12558,say excuse me Sister?,False,0
12559,"Child, careful.",False,0
12560,Child.,False,0
12561,calm down!,False,0
12562,don't push Mommy or I'll push you back and then you'll be in,False,0
12563,what?,False,0
12564,stop it.,False,0
12565,come here.,False,0
12566,do you need your diaper changed?,False,0
12567,"see, the girls never saw you really act.",False,0
12568,stop it.,False,0
12569,when you're normally so nice.,True,1
12570,do you study behavior too?,False,0
12571,"because there were three, three kids, just like the three bears.",False,0
12572,stop it.,False,0
12573,"a good one, a medium one, and a bad one.",False,0
12574,beat me up.,False,0
12575,what?,False,0
12576,dark?,False,0
12577,"do you know where the plastic bag, where the animals go is?",True,1
12578,where's the plastic bag that belongs to the girls?,True,2
12579,do you know where it is?,True,1
12580,I cann't find it.,False,0
12581,do you see it?,False,0
12582,where is it?,True,1
12583,can you find the animals?,False,0
12584,cause when they go they have to put take the animals in the bag.,True,1
12585,"well, where are they?",True,1
12586,they have to go.,False,0
12587,you better tell them all goodbye.,False,0
12588,don't touch anything else in there.,False,0
12589,what's that?,True,1
12590,"what's that, Child?",True,1
12591,what's that *NULL* you're putting in?,True,2
12592,can I see it?,False,0
12593,oh yeah?,False,0
12594,you always say that after they leave.,False,0
12595,"you say, oh, I want them to come back.",False,0
12596,"I see something, something in there, J.",False,0
12597,yup.,False,0
12598,and right there?,False,0
12599,and the book.,False,0
12600,"what's Sister doing, is Sister getting in trouble?",True,1
12601,she has a future as a Investigator.,False,0
12602,isn't it funny though how they're so fascinated with electronic,True,1
12603,if I cann't keep my radio on over there.,True,1
12604,"the minute I, she's over there playing with the buttons, all these",False,0
12605,everything but toys they play with.,False,0
12606,"I think you forgot something, Child.",False,0
12607,I said you forgot something of the girls.,False,0
12608,what else goes in the bag?,True,1
12609,"it's table over here, what is it?",True,1
12610,what'd you forget?,True,1
12611,what?,False,0
12612,right.,False,0
12613,can you tell the book goodbye?,False,0
12614,is that everything?,False,0
12615,do you have all the animals?,False,0
12616,are you sure?,False,0
12617,did you check?,False,0
12618,is that something over there on the floor?,False,0
12619,"oh, that's a reindeer or a moose.",False,0
12620,"oh, that's a reindeer.",False,0
12621,we don't have any of those.,False,0
12622,why don't you look in that bag and make sure everything's in there?,True,1
12623,are there two trucks in there?,False,0
12624,"two trucks and, let's see.",False,0
12625,there was a dog.,False,0
12626,can I see?,False,0
12627,"and a zebra, and a horse, and a dog.",False,0
12628,"can the lady see, Child?",False,0
12629,and a porcupine.,False,0
12630,can I see?,False,0
12631,"show her, show the girls.",False,0
12632,let me see.,False,0
12633,"oh, socks on it.",False,0
12634,where?,False,0
12635,"oh, socks on her feet?",False,0
12636,I don't know.,False,0
12637,Child!,False,0
12638,socky?,False,0
12639,"ok, I think we have enough here.",False,0
12640,having a little snack?,False,0
12641,are those animal crackers?,False,0
12642,a bulldozer?,False,0
12643,oh!,False,0
12644,"oh, is it a big bulldozer?",False,0
12645,yeah.,False,0
12646,I can see that.,False,0
12647,you want to see some of my toys?,False,0
12648,ok.,False,0
12649,what is that?,True,1
12650,what does it what?,True,1
12651,"she's confused, cause this one.",False,0
12652,"Child, here's yours.",False,0
12653,"oh, you have one too!",False,0
12654,here's your rubber duck.,False,0
12655,she just got it yesterday.,False,0
12656,really?,False,0
12657,it belongs to her.,False,0
12658,it's mine.,False,0
12659,I better keep it so we don't get them confused.,False,0
12660,I bet you you don't know what that is.,True,1
12661,it's called a porcupine.,False,0
12662,oh.,False,0
12663,yeah.,False,0
12664,that's right.,False,0
12665,that's right!,False,0
12666,yeah.,False,0
12667,who has shoes on?,True,1
12668,"oh, Mr Potatohead.",False,0
12669,does Mr Potatohead have shoes?,False,0
12670,mhm.,False,0
12671,mhm.,False,0
12672,"what's that, Child?",True,1
12673,do you know what this guy is?,True,1
12674,yeah.,False,0
12675,what's that elephant's name?,True,1
12676,is it Dumbo?,False,0
12677,it looks like Dumbo.,False,0
12678,Mickey cookies?,False,0
12679,oh.,False,0
12680,oop.,False,0
12681,can I have one?,False,0
12682,no?,False,0
12683,no?,False,0
12684,probably doesn't help to have her eating cookies when you're here.,True,1
12685,it's ok.,False,0
12686,she's almost done.,False,0
12687,what do you think it is?,True,1
12688,I think it's a dog.,False,0
12689,"it's a funny kind of dog, isn't it?",False,0
12690,it's called a collie.,False,0
12691,yup.,False,0
12692,mhm.,False,0
12693,what's that?,True,1
12694,"no, it's not a horsie.",False,0
12695,it's got stripes.,False,0
12696,"look again, Child.",False,0
12697,right.,False,0
12698,you know.,False,0
12699,no.,False,0
12700,I have this too.,False,0
12701,this is a book with lots of pictures.,False,0
12702,want to show mommy your book?,False,0
12703,that book with pictures?,False,0
12704,mhm.,False,0
12705,what do you think that is?,True,1
12706,what is that?,True,1
12707,you know what that is.,True,1
12708,is that a little boy?,False,0
12709,no?,False,0
12710,is that a little boy?,False,0
12711,is that a little girl?,False,0
12712,ok.,False,0
12713,what's that?,True,1
12714,that's right.,False,0
12715,what's that?,True,1
12716,that's right.,False,0
12717,what's that?,True,1
12718,it's right here.,False,0
12719,no.,False,0
12720,"well, your humorus is inside there, Child.",False,0
12721,that's your shoulder.,False,0
12722,what's that?,True,1
12723,that's,False,0
12724,what did she say?,True,1
12725,she said.,False,0
12726,does your toy squeak?,False,0
12727,"oh, yeah, it sure does squeak.",False,0
12728,it makes loud squeaks.,False,0
12729,mhm.,False,0
12730,loud sounds?,False,0
12731,low sounds.,False,0
12732,do you think he's whispering?,False,0
12733,"do you want to look in the book, Child?",False,0
12734,no?,False,0
12735,do you want to say the colors?,False,0
12736,what's that?,True,1
12737,what's that?,True,1
12738,that one's yellow.,False,0
12739,which one's purple?,True,1
12740,which one?,False,0
12741,that's right.,False,0
12742,"boy, you know all of them!",False,0
12743,you do?,False,0
12744,"let's see, can you find?",False,0
12745,are there letters in here?,False,0
12746,yeah!,False,0
12747,whose favorite is wl?,True,1
12748,whose favorite is that?,True,1
12749,whose favorite?,False,0
12750,you don't remember?,False,0
12751,no.,False,0
12752,that's right.,False,0
12753,yeah.,False,0
12754,sometimes she pretends she's Bert.,False,0
12755,favorite letter.,False,0
12756,you're really Bert?,False,0
12757,really?,False,0
12758,are you Bert?,False,0
12759,"hi, Bert.",False,0
12760,nice to meet you.,False,0
12761,"what's your favorite number, Bert?",True,1
12762,yup.,False,0
12763,no.,False,0
12764,your duck squeaks.,False,0
12765,"no, that's your duck.",False,0
12766,"I put, left my duck in the bag so we wouldn't be confused.",False,0
12767,unless you want me to get him out?,False,0
12768,should I get him out?,False,0
12769,ok.,False,0
12770,what?,False,0
12771,what's what?,True,1
12772,what kind of truck is that?,True,1
12773,that's right.,False,0
12774,very good.,False,0
12775,you remembered it.,False,0
12776,you're right.,False,0
12777,that's right.,False,0
12778,I didn't think she'd remember that.,False,0
12779,"yeah, a cement mixer.",False,0
12780,how many mixers are there?,True,1
12781,"two, right.",False,0
12782,yours looks better than mine.,False,0
12783,that's a collie dog.,False,0
12784,it's a special kind of dog.,False,0
12785,he has lots of hair around his face.,False,0
12786,hmm.,False,0
12787,let me think.,False,0
12788,do I know what that is?,True,1
12789,that's a horse with stripes.,False,0
12790,what is it?,True,1
12791,is it a cow?,False,0
12792,what is it?,True,1
12793,"oh, I always get those confused.",False,0
12794,"did you want to come see pictures, Child?",False,0
12795,are you?,False,0
12796,thank you.,False,0
12797,those are special kinds of hairs that are sharp and pointy and,True,1
12798,can you say quills?,False,0
12799,yeah.,False,0
12800,what is it?,True,1
12801,a cement mixer.,False,0
12802,does it climb?,False,0
12803,no.,False,0
12804,yeah.,False,0
12805,what kind of truck climbs?,True,1
12806,"yes, you do.",False,0
12807,"sometimes, but not very much.",False,0
12808,what other kind.,False,0
12809,what kind of truck came and got Mr Rabbit?,True,1
12810,"yes, you do.",False,0
12811,that's right.,False,0
12812,"you have one, right?",False,0
12813,do you have a bulldozer?,False,0
12814,where is it?,True,1
12815,"oh, that's right.",False,0
12816,you did.,False,0
12817,you what?,False,0
12818,you do?,False,0
12819,yeah.,False,0
12820,when did you.,False,0
12821,"maybe, maybe he will.",False,0
12822,or maybe we can go there and get it.,False,0
12823,you want to go there and get it?,False,0
12824,I think so.,False,0
12825,I think so.,False,0
12826,"yes, he did.",False,0
12827,I don't think she's going to come look at the book.,False,0
12828,it's funny.,False,0
12829,she doesn't have to.,False,0
12830,it's just another thing *NULL* to talk about.,True,1
12831,that's a crane.,False,0
12832,I don't think so.,False,0
12833,I don't think there was a crane in that story.,False,0
12834,a crane has a big hook on it.,False,0
12835,it picks up really big things.,False,0
12836,it could.,False,0
12837,it could.,False,0
12838,do you think it's going to pick up that bus?,False,0
12839,no.,False,0
12840,oh.,False,0
12841,is it too little?,False,0
12842,that's right.,False,0
12843,that's right.,False,0
12844,that's right.,False,0
12845,what else happened?,True,1
12846,what was in there?,True,1
12847,a crane?,False,0
12848,it was?,False,0
12849,I don't remember a crane.,False,0
12850,"no, I don't remember it.",False,0
12851,was he standing there?,False,0
12852,why was he standing there?,True,1
12853,yeah.,False,0
12854,was he stuck?,False,0
12855,what was he stuck in?,True,1
12856,you don't remember?,False,0
12857,cement.,False,0
12858,"oh, that's right, there was a power shovel.",False,0
12859,that's right.,False,0
12860,he was?,False,0
12861,he was afraid?,False,0
12862,what was he afraid of?,True,1
12863,no.,False,0
12864,the bulldozer came to help get him out.,False,0
12865,a little.,False,0
12866,a little bit.,False,0
12867,his tummy squeaks the very most.,False,0
12868,really?,False,0
12869,"where does the zebra live, Child?",True,1
12870,that's right.,False,0
12871,hmm?,False,0
12872,what lives on the zebra?,True,1
12873,what?,False,0
12874,what gets on the elephant?,True,1
12875,nobody else?,False,0
12876,what rides on the elephant?,True,1
12877,"what did you do with your friends today, Child?",True,1
12878,yeah.,False,0
12879,did you like em?,False,0
12880,"mhm, yeah.",False,0
12881,did she bring them for you?,False,0
12882,yeah.,False,0
12883,where's the zebra going?,True,1
12884,where's he going?,True,1
12885,"oh, where's he going?",True,1
12886,is this horsie like Flip?,False,0
12887,is that Flip?,False,0
12888,or is it Flip's mommy?,False,0
12889,what did Flip do?,True,1
12890,yeah.,False,0
12891,can you make him?,False,0
12892,"why did Flip, why did Flip jump over the brook?",True,1
12893,you don't remember?,False,0
12894,"why did Flip, why did Flip jump over?",True,1
12895,why did Flip want to jump over the brook?,True,1
12896,that's right.,False,0
12897,his mama what?,False,0
12898,his mama wouldn't come back from the other side?,False,0
12899,so what did Flip do?,True,1
12900,he did?,False,0
12901,how did he get over the brook?,True,1
12902,yeah.,False,0
12903,but what did he have to do first?,True,1
12904,what did he dream about when he was sleeping?,True,2
12905,what did Flip have?,True,1
12906,yeah.,False,0
12907,were they real?,False,0
12908,what were they?,True,1
12909,that's right.,False,0
12910,can he fly?,False,0
12911,can he really fly?,False,0
12912,"hi, Flip.",False,0
12913,who else can fly?,True,1
12914,can you fly?,False,0
12915,why not?,False,0
12916,that's right.,False,0
12917,no.,False,0
12918,not really.,False,0
12919,what kind of horse can fly?,True,1
12920,only when he dreams.,True,1
12921,is that Flip?,False,0
12922,that's funny.,False,0
12923,"usually she'll, when you start talking about flying, she goes",True,1
12924,are those Flip's friends?,False,0
12925,is that Flip?,False,0
12926,"oh, Child, what's that?",True,1
12927,where is it?,True,1
12928,what kind of is it?,False,0
12929,what kind of is it?,False,0
12930,there she goes.,False,0
12931,"boy, you have a lot of toys!",False,0
12932,yeah.,False,0
12933,why don't you go get some toys to bring em and show your new friend,True,1
12934,hmm?,False,0
12935,"oh, ok.",False,0
12936,is that mommy's friend?,False,0
12937,can I be your friend too?,False,0
12938,you're too tall.,False,0
12939,you want to bring your dinos?,False,0
12940,"oh, you're going to bring a car.",False,0
12941,ok.,False,0
12942,oh good.,False,0
12943,"oh boy, that's the barn, huh?",False,0
12944,I don't know.,False,0
12945,you.,False,0
12946,yeah.,False,0
12947,it goes to your house?,False,0
12948,oh.,False,0
12949,"oh, ok.",False,0
12950,"Child, you should get your",False,0
12951,you want to get your dinos?,False,0
12952,no?,False,0
12953,what's in here?,True,1
12954,what is that?,True,1
12955,really?,False,0
12956,no?,False,0
12957,Child.,False,0
12958,I know.,False,0
12959,"was, was the story about Flip a good story?",False,0
12960,is this Flip's mommy?,False,0
12961,it looks a little like Flip.,False,0
12962,oh.,False,0
12963,"what's his friend name, friend's name, Child?",True,1
12964,you're Flip?,False,0
12965,oh.,False,0
12966,what's Flip's mommy doing?,True,1
12967,that's silly.,False,0
12968,oh oh.,False,0
12969,she cann't fly.,False,0
12970,is Flip's mommy in the barn?,False,0
12971,no.,False,0
12972,yeah.,False,0
12973,mhm.,False,0
12974,mhm.,False,0
12975,do you know what part of the barn that is?,True,1
12976,what do they put in there?,True,1
12977,you don't know?,False,0
12978,dogs?,False,0
12979,no.,False,0
12980,hmm?,False,0
12981,mhm.,False,0
12982,a pig toy.,False,0
12983,yeah.,False,0
12984,baaho.,False,0
12985,I don't know.,False,0
12986,maybe he says things like a horse.,False,0
12987,do you think he sounds like a horse?,False,0
12988,nay.,False,0
12989,mhm.,False,0
12990,mhm.,False,0
12991,mhm.,False,0
12992,what does the dinosaur say?,True,1
12993,that's right.,False,0
12994,I thought she'd go.,False,0
12995,that's one of her favorite things *NULL* is her dinosaurs.,True,1
12996,want mommy to get em?,False,0
12997,bring em all.,False,0
12998,"ok, tell me what they are.",True,1
12999,"my heavens, you have so many.",False,0
13000,"oh, here, I'll move.",False,0
13001,what's this one?,True,1
13002,"no, that's not a buffalo.",False,0
13003,it looks like a buffalo.,False,0
13004,it's not a dinosaur either.,False,0
13005,mhm.,False,0
13006,"yeah, what kind is he?",True,1
13007,mhm.,False,0
13008,"he does have toes, that's right.",False,0
13009,I've got in here.,False,0
13010,"I had this, this porcupine.",False,0
13011,and I had,False,0
13012,"oh, remember what I have that's like yours?",True,2
13013,I have this.,False,0
13014,"you have one too, right?",False,0
13015,I don't know.,False,0
13016,yours must be around here someplace.,False,0
13017,where is it?,True,1
13018,"oh, on the shelf.",False,0
13019,"oh, on the shelf.",False,0
13020,do you see it?,False,0
13021,I cann't see it right now but I bet you it's in there.,False,0
13022,somewhere.,False,0
13023,you can play with mine.,False,0
13024,"that's the zebra, right.",False,0
13025,what's that?,True,1
13026,you remember the name of that?,False,0
13027,it's a special kind of truck.,False,0
13028,it goes round and round.,False,0
13029,"yeah, that goes around.",False,0
13030,you remember that toy.,False,0
13031,want some juice?,False,0
13032,want some juice?,False,0
13033,"it's a, it's a cement mixer.",False,0
13034,and I have two of them.,False,0
13035,"look, there's another cement mixer.",False,0
13036,who's that?,True,1
13037,yeah.,False,0
13038,yeah.,False,0
13039,oh and I have this book.,False,0
13040,do you remember this book?,False,0
13041,it has lots of pictures in it.,False,0
13042,remember that?,False,0
13043,"oh, you know all about those, right?",False,0
13044,right.,False,0
13045,you showed me your dinosaurs when I came last time.,True,1
13046,that's all *NULL* I have.,True,1
13047,those things aren't very interesting.,False,0
13048,this is to plug in my tape recorder with.,False,0
13049,and this is an extra tape.,False,0
13050,not very interesting.,False,0
13051,"what's this, Child?",True,1
13052,a what?,False,0
13053,what is that?,True,1
13054,a what?,False,0
13055,I don't know.,False,0
13056,I don't know what she's saying.,True,1
13057,"look, Child, it has a candle in it.",False,0
13058,what is that?,True,1
13059,that's right.,False,0
13060,what did you think it was?,True,1
13061,oh.,False,0
13062,a piece of cake.,False,0
13063,that's right.,False,0
13064,we'll just stick with that.,False,0
13065,"she's consistent, whatever it was.",True,1
13066,what's this one?,True,1
13067,it looks like an apple but it's not.,False,0
13068,it looks like a tomato but it isn't.,False,0
13069,it's got fuzz on it.,False,0
13070,you ate them yesterday but they were all chopped up.,False,0
13071,no.,False,0
13072,not onions.,False,0
13073,that's a peach.,False,0
13074,have you been eating onions again?,False,0
13075,it's a peach.,False,0
13076,she did eat onions yesterday and they were all chopped up.,False,0
13077,did she?,False,0
13078,that's a peach.,False,0
13079,we had those last summer.,False,0
13080,what's this?,True,1
13081,mhm.,False,0
13082,"yeah, we can eat onions in the winter.",False,0
13083,and potatoes.,False,0
13084,do you like potatoes?,False,0
13085,"do you like potatoes, Child?",False,0
13086,what did you have for lunch?,True,1
13087,"no, that's mine.",False,0
13088,I don't know,False,0
13089,yours is in here someplace.,False,0
13090,"look, Child, what's this?",True,1
13091,what is it?,True,1
13092,"yeah, that's right.",False,0
13093,this?,False,0
13094,that?,False,0
13095,what do you think that is?,True,1
13096,it looks like a red light.,False,0
13097,what does it say?,True,1
13098,it says stop.,False,0
13099,mhm.,False,0
13100,but,False,0
13101,it's a stop sign.,False,0
13102,what's that?,True,1
13103,that's right.,False,0
13104,that's not blue.,False,0
13105,what's that?,True,1
13106,that's right.,False,0
13107,no yellow light means slow down.,False,0
13108,"no, green light",False,0
13109,you know what green light means.,True,1
13110,what does green light mean?,True,1
13111,that's right.,False,0
13112,wait till she gets her license.,False,0
13113,"did you get your hair cut, Child?",False,0
13114,since I saw you last?,False,0
13115,you look different.,False,0
13116,it looks like a mess and she looks like a mess today.,False,0
13117,no.,False,0
13118,"where did we go today, Child?",True,1
13119,where'd you go?,True,1
13120,to where?,False,0
13121,to jail?,False,0
13122,no.,False,0
13123,where did we go?,True,1
13124,you don't remember?,False,0
13125,"oh, to Jill's to get her hair cut.",False,0
13126,oh.,False,0
13127,"oh, that's right.",False,0
13128,so you got your hair cut today.,False,0
13129,"no, we did that Saturday.",False,0
13130,"oh, Saturday.",False,0
13131,don't eat him.,False,0
13132,yuck.,False,0
13133,"yeah, see that red light?",False,0
13134,"that, that red light comes on when we talk.",True,1
13135,"look, when we go we can make the light come on.",True,1
13136,can you knock on the table?,False,0
13137,no?,False,0
13138,ok.,False,0
13139,can you say.,False,0
13140,boo?,False,0
13141,say boo and make the light come on.,False,0
13142,no.,False,0
13143,boo.,False,0
13144,"oh, look at all these clothes, Child.",False,0
13145,mhm.,False,0
13146,mhm.,False,0
13147,where?,False,0
13148,no.,False,0
13149,what are those?,True,1
13150,what?,False,0
13151,"oh, that's right.",False,0
13152,that is an umbrella.,False,0
13153,what's this?,True,1
13154,that's a coat rack.,False,0
13155,what's that?,True,1
13156,what is it?,True,1
13157,that's right.,False,0
13158,ah.,False,0
13159,careful.,False,0
13160,careful.,False,0
13161,he's standing on the mixer.,False,0
13162,"oh oh, Mommy knocked him over.",False,0
13163,"stand up there, horse.",False,0
13164,it's got to lean on there.,False,0
13165,there he is.,False,0
13166,I think maybe.,False,0
13167,I don't know.,False,0
13168,good job.,False,0
13169,yeah.,False,0
13170,you got em on there.,False,0
13171,can he go for a ride?,False,0
13172,oop.,False,0
13173,he doesn't have very good balance.,False,0
13174,"uh, here he is.",False,0
13175,Child.,False,0
13176,I think,False,0
13177,let me see.,False,0
13178,where is he?,True,1
13179,there he is.,False,0
13180,what?,False,0
13181,"oh, let me see.",False,0
13182,I have to put my glasses on.,False,0
13183,uh.,False,0
13184,"oh, I cann't find it.",False,0
13185,where is it?,True,1
13186,there it is.,False,0
13187,you're a silly.,False,0
13188,hmm?,False,0
13189,is the window open?,False,0
13190,no.,False,0
13191,"oh, that window.",False,0
13192,is it open?,False,0
13193,is it open?,False,0
13194,no.,False,0
13195,it's shut.,False,0
13196,that's right.,False,0
13197,what do you have on your sweater?,True,1
13198,yeah.,False,0
13199,he's cute.,False,0
13200,actually he used to make,False,0
13201,I guess his squeaker's gone.,False,0
13202,he used to make noise.,False,0
13203,did he?,False,0
13204,what did that bear used to say?,True,1
13205,you don't remember?,False,0
13206,that's right.,False,0
13207,mhm.,False,0
13208,that's what makes him squeak.,True,1
13209,"yeah, that's his squeaker.",False,0
13210,mhm.,False,0
13211,uhuh.,False,0
13212,mhm.,False,0
13213,uhuh.,False,0
13214,uhuh.,False,0
13215,what do you think?,True,1
13216,yeah.,False,0
13217,you know.,False,0
13218,what?,False,0
13219,there's the elephant.,False,0
13220,yeah.,False,0
13221,mhm.,False,0
13222,what do you,False,0
13223,"yes, you do.",False,0
13224,is it an elephant?,False,0
13225,what is it?,True,1
13226,is it a.,False,0
13227,you remember.,False,0
13228,that's right.,False,0
13229,a zebra?,False,0
13230,yeah.,False,0
13231,hmm?,False,0
13232,is this an elephant?,False,0
13233,that's right.,False,0
13234,do you remember what he has on?,True,1
13235,do you remember what these are?,True,1
13236,should I whisper it to you?,False,0
13237,"uh, I see your stomach.",False,0
13238,your belly button.,False,0
13239,you better cover it up or it'll get cold.,False,0
13240,hi there.,False,0
13241,so did you go to the park today?,False,0
13242,did you play outside?,False,0
13243,what did you go on today?,True,1
13244,that's right.,False,0
13245,you went down the slide.,False,0
13246,what else did you do?,True,1
13247,"whoa, you went really fast.",False,0
13248,he bumped the duck.,False,0
13249,is that his garage?,False,0
13250,does our car go in the garage?,False,0
13251,"no, this is not our car.",False,0
13252,"no, we don't drive a cement mixer.",False,0
13253,what kind of car do we have?,True,1
13254,what kind of car is it?,True,1
13255,almost white.,False,0
13256,it's grey.,False,0
13257,no.,False,0
13258,it's grey.,False,0
13259,Child.,False,0
13260,can you say excuse me?,False,0
13261,it's grey outside.,False,0
13262,what color is it inside?,True,1
13263,not today.,False,0
13264,it's blue.,False,0
13265,usually it's grey.,False,0
13266,"no, that's mommy's car.",False,0
13267,"what's your favorite letter, Bert?",True,1
13268,excuse me.,False,0
13269,Child.,False,0
13270,"oh, look at you.",False,0
13271,hi.,False,0
13272,that's your Child cycle.,False,0
13273,I don't know.,False,0
13274,"yeah, I think that's Child's bicycle.",False,0
13275,I think that's a good name for it.,False,0
13276,are you pedaling?,False,0
13277,did you pedal it?,False,0
13278,good.,False,0
13279,you going to be Child now?,False,0
13280,no.,False,0
13281,you're Bert?,False,0
13282,ok.,False,0
13283,"Child, you're not much on talking today, are you?",False,0
13284,who are you?,True,1
13285,"what's your favorite letter, Bert?",True,1
13286,"what's your favorite letter, Bert?",True,1
13287,what?,False,0
13288,Bert's driving his bike.,False,0
13289,what's your favorite letter?,True,1
13290,bye.,False,0
13291,bye.,False,0
13292,see you later.,False,0
13293,have a nice trip.,False,0
13294,"oh, Child, don't bang the door.",False,0
13295,why don't you come back?,True,1
13296,no?,False,0
13297,"bye, Bert.",False,0
13298,"well, she did it.",False,0
13299,I didn't think she was going to make it through.,False,0
13300,"Bert, you're back.",False,0
13301,I 'm so happy to see you.,False,0
13302,I missed you.,False,0
13303,I really missed you.,False,0
13304,"hi there,, Bert.",False,0
13305,where's Ernie?,True,1
13306,he is?,False,0
13307,why is Ernie hiding?,True,1
13308,really?,False,0
13309,do you think he's under the table?,False,0
13310,on the shelf.,False,0
13311,yeah.,False,0
13312,ho ho.,False,0
13313,actually.,False,0
13314,ok.,False,0
13315,"ok, get him.",False,0
13316,was he in there?,False,0
13317,did you get him out?,False,0
13318,did you get him out?,False,0
13319,bring him in.,False,0
13320,you going to give him a ride?,False,0
13321,who's over here?,True,1
13322,yeah.,False,0
13323,mhm.,False,0
13324,where was Big Bird?,True,1
13325,was he hiding?,False,0
13326,ho ho.,False,0
13327,he looks like he's in plain sight to me.,False,0
13328,where was Big Bird hiding?,True,1
13329,she usually just talks and talks like that to those animals.,False,0
13330,she has a few more.,False,0
13331,they must be hiding really really well.,False,0
13332,"oh, are they?",False,0
13333,did you find them?,False,0
13334,yeah.,False,0
13335,why were they hiding?,True,1
13336,there's no monsters here.,False,0
13337,I don't think so.,False,0
13338,I was just out there.,False,0
13339,there was no monster.,False,0
13340,not convinced.,False,0
13341,what would the monster say to em?,True,1
13342,hmm?,False,0
13343,what's Bert doing?,True,1
13344,mhm.,False,0
13345,"boy, Gumby and Pokey have been around for a long time.",False,0
13346,they were on tv when I was a kid.,True,1
13347,"well, I think they've sort of been revived.",False,0
13348,yeah.,False,0
13349,now that people my age are having kids.,False,0
13350,yeah.,False,0
13351,"even though like Child doesn't watch the show, she got a great big",False,0
13352,"actually we got a Gumby and gave it to her cousin, and she really",False,0
13353,and she has a big one that she sleeps with.,True,1
13354,I guess they like it.,False,0
13355,it must be,False,0
13356,she likes Mickey Mouse too and it must be because he has like a,False,0
13357,yeah.,False,0
13358,or something.,False,0
13359,why do you like Gumby so much?,True,1
13360,which one is your favorite?,True,1
13361,who's that?,True,1
13362,Big Bird.,False,0
13363,mhm.,False,0
13364,mhm.,False,0
13365,mhm.,False,0
13366,what is that?,True,1
13367,what's in his hand?,True,1
13368,a guitar?,False,0
13369,that's right.,False,0
13370,does Big Bird sing?,False,0
13371,"oh, look.",False,0
13372,that's pretty silly.,False,0
13373,Gumby's going to have a ride.,False,0
13374,do you think Big Bird likes Gumby on his head?,False,0
13375,are they making a pyramid?,False,0
13376,no?,False,0
13377,it looks like the circus.,False,0
13378,"I'll hold Gumby, and you put Pokey on.",False,0
13379,you want to put Pokey on?,False,0
13380,no?,False,0
13381,ok.,False,0
13382,yeah.,False,0
13383,good.,False,0
13384,what's that blue thing?,True,1
13385,what's this thing?,True,1
13386,really?,False,0
13387,so if Gumby wants to go on a trip he can use that suitcase.,True,1
13388,what's Gumby doing?,True,1
13389,he's going to the airport?,False,0
13390,oh.,False,0
13391,"yeah, that's probably why.",False,0
13392,here's the big Gumby.,False,0
13393,"oh, who's that?",True,1
13394,who's that?,True,1
13395,"oh, really?",False,0
13396,that's a nice Gumby.,False,0
13397,"boy, is he big!",False,0
13398,"boy, he's really tall.",False,0
13399,who's little?,True,1
13400,who's biggest?,True,1
13401,I don't know.,False,0
13402,I think the other Gumby's the biggest.,False,0
13403,yeah.,False,0
13404,"mhm, Bird is bigger.",False,0
13405,mhm.,False,0
13406,mhm.,False,0
13407,mhm.,False,0
13408,that's a nice Gumby.,False,0
13409,mhm.,False,0
13410,mhm.,False,0
13411,yeah.,False,0
13412,mhm.,False,0
13413,he doesn't?,False,0
13414,let's see.,False,0
13415,"no, he doesn't.",False,0
13416,that's right.,False,0
13417,where did you get your blue eyes?,True,1
13418,he does?,False,0
13419,"yeah, cherry eyes.",False,0
13420,"yeah, he does.",False,0
13421,mhm.,False,0
13422,I don't think so.,False,0
13423,I think they're black.,False,0
13424,can you tell?,False,0
13425,I think they're blue and black.,False,0
13426,what color are mommy's eyes?,True,1
13427,that's right.,False,0
13428,who's this?,True,1
13429,no.,False,0
13430,what's the color?,True,1
13431,what color is this?,True,1
13432,that's right.,False,0
13433,"oh, Child.",False,0
13434,mhm.,False,0
13435,"oh, Zepher, you'd better be careful.",False,0
13436,"be careful, Zepher.",False,0
13437,whoa.,False,0
13438,I think it's a brush.,False,0
13439,there's what?,False,0
13440,"oh, a mirror in the baby's suitcase.",False,0
13441,where is it?,True,1
13442,can you go find it?,False,0
13443,go get the mirror.,False,0
13444,why don't bring the baby's suitcase out and we'll put some clothes,True,1
13445,ok.,False,0
13446,"oh, you've got it.",False,0
13447,good job.,False,0
13448,oh my gosh.,False,0
13449,goodness.,False,0
13450,ok.,False,0
13451,"Child, not",False,0
13452,just some of the babies.,False,0
13453,oh boy.,False,0
13454,and they're all naked.,False,0
13455,they never keep any clothes on them.,False,0
13456,"where's Big Baby, Child?",True,1
13457,look at all those babies.,False,0
13458,my heavens.,False,0
13459,can you say what their names are?,True,1
13460,she doesn't have a name yet.,False,0
13461,can you name,False,0
13462,can you give her a name?,False,0
13463,what should her name be?,True,1
13464,ok.,False,0
13465,no.,False,0
13466,that's not her name.,False,0
13467,who's this?,True,1
13468,that's Debby.,False,0
13469,that's Coby's baby.,False,0
13470,that's right.,False,0
13471,that's too big.,False,0
13472,go get Big Baby.,False,0
13473,Big Baby can wear that hat.,False,0
13474,let's see.,False,0
13475,"bring Big Baby in, cause Big Baby can wear all these clothes.",False,0
13476,these babies don't fit in em.,False,0
13477,what is this?,True,1
13478,no.,False,0
13479,no.,False,0
13480,no.,False,0
13481,"that's right, bathing suit.",False,0
13482,who can wear that?,True,1
13483,so many babies!,False,0
13484,that's Crawl_Away_Baby.,False,0
13485,Crawl_Away_Baby.,False,0
13486,"no, who is that?",True,1
13487,who's that baby in your hand?,True,1
13488,"Cindy, that's right.",False,0
13489,"oh, I see.",False,0
13490,look at Crawl_Away_Baby now.,False,0
13491,that's more attractive.,False,0
13492,"yeah, I know.",False,0
13493,this is the ugliest thing *NULL* I've ever seen.,True,1
13494,except my mother gave most of these.,False,0
13495,does she still turn on?,False,0
13496,"yeah, she's pretty disgusting.",False,0
13497,"oh, look.",False,0
13498,she's going to crawl.,False,0
13499,can you put her down so she can crawl away?,False,0
13500,"yeah, let me see her crawl.",False,0
13501,don't let her get hurt.,False,0
13502,she looks like she's going to get that suitcase.,False,0
13503,she's going to push it along with her.,False,0
13504,Child.,False,0
13505,"I think she's stuck, Child.",False,0
13506,turn it off.,False,0
13507,good idea.,False,0
13508,"she's pretty silly, isn't she?",False,0
13509,mhm.,False,0
13510,"no, the button goes this way.",False,0
13511,like that.,False,0
13512,what are these other babies?,True,1
13513,what are their names?,True,1
13514,point and show her.,False,0
13515,can you show her?,False,0
13516,who's this?,True,1
13517,that's Anne.,False,0
13518,and who's this?,True,1
13519,no.,False,0
13520,who's that?,True,1
13521,Bobby.,False,0
13522,and who's this?,True,1
13523,ah.,False,0
13524,what's Cindy's last name?,True,1
13525,you remember.,False,0
13526,"Cindy, Cindy's Child's baby, ok.",False,0
13527,it's Cindy Lauper.,False,0
13528,"oh, the hair.",False,0
13529,say.,False,0
13530,that's the only one that mommy named.,True,1
13531,the rest of em.,False,0
13532,"yeah, I don't think we have a baby here that fits in that.",True,1
13533,no.,False,0
13534,it might.,False,0
13535,maybe she could wear it.,False,0
13536,maybe she can wear it.,False,0
13537,yeah.,False,0
13538,are you?,False,0
13539,is she all warm now?,False,0
13540,mhm.,False,0
13541,"she doesn't have any mittens though, does she?",False,0
13542,no.,False,0
13543,you do?,False,0
13544,where are they?,True,1
13545,"oh, she wants to wear that?",False,0
13546,you can put it on her.,False,0
13547,you don't?,False,0
13548,what should Cindy Lauper wear?,True,1
13549,"oh, what Mommy had?",True,1
13550,and none of em'll have any clothes on again in about a,False,0
13551,say not.,False,0
13552,hardly worth it.,False,0
13553,Child.,False,0
13554,huh?,False,0
13555,I think all these babies need baths too.,False,0
13556,yeah.,False,0
13557,but we willn't do that today.,False,0
13558,which baby is that?,True,1
13559,that's Coby's baby?,False,0
13560,this one's Coby's baby.,False,0
13561,"oh, that's Coby's baby.",False,0
13562,"oh, ok.",False,0
13563,hmm.,False,0
13564,ok.,False,0
13565,hmm.,False,0
13566,she cann't see.,False,0
13567,want Mommy fix it?,False,0
13568,want me to fix it?,False,0
13569,"I don't know if I can, Child.",True,1
13570,let's see.,False,0
13571,I think it might be just too big for her.,False,0
13572,think it's too big for her?,False,0
13573,mhm.,False,0
13574,when you were a baby.,True,1
13575,that's right.,False,0
13576,that's right.,False,0
13577,put this one,False,0
13578,you can do it.,False,0
13579,"yes, you can.",False,0
13580,can you help put the baby's head in here?,False,0
13581,ok.,False,0
13582,there she goes.,False,0
13583,is she ready for bed?,False,0
13584,"this one's a boy, isn't it?",False,0
13585,yeah.,False,0
13586,I forgot.,False,0
13587,yeah.,False,0
13588,what's her name?,True,1
13589,that's right.,False,0
13590,now they willn't be cold.,False,0
13591,is Anne cold?,False,0
13592,how about this dress for Anne?,False,0
13593,good job.,False,0
13594,you got her head in there.,False,0
13595,that's a big shirt *NULL* she's going to wear there.,True,1
13596,think she'll grow into it?,False,0
13597,hmm?,False,0
13598,there.,False,0
13599,ok.,False,0
13600,where is it?,True,1
13601,where is it?,True,1
13602,where?,False,0
13603,there it is.,False,0
13604,whose jacket is that?,True,1
13605,whose is it?,True,1
13606,where's Peter Rabbit?,True,1
13607,"oh, Peter.",False,0
13608,that's right.,False,0
13609,so Mr.,False,0
13610,McGregor cann't get him.,False,0
13611,that's what I thought she said.,True,1
13612,where's Mr.,False,0
13613,McGregor?,False,0
13614,he isn't anywhere?,False,0
13615,are you sure?,False,0
13616,do you hear him coming after Peter?,False,0
13617,that's right.,False,0
13618,he looks nice.,False,0
13619,why does Mr.,False,0
13620,McGregor want to get Peter?,False,0
13621,you don't remember?,False,0
13622,he was eating all the vegetables in Mr.,False,0
13623,Mcgregor's garden.,False,0
13624,was he eating the lettuce?,False,0
13625,what was he eating?,True,1
13626,"yes, he was.",False,0
13627,"yes, he was.",False,0
13628,he was eating all the lettuce and the carrots.,False,0
13629,not Peter.,False,0
13630,he looks nice with his jacket on.,False,0
13631,all the toys are getting dressed up today.,False,0
13632,I don't think they've all been dressed at one time.,False,0
13633,what should Debbie wear?,True,1
13634,another red shirt?,False,0
13635,"oh, Child, find something else for Debbie.",False,0
13636,that might be too big.,False,0
13637,let's see.,False,0
13638,let's see.,False,0
13639,what could Debbie wear?,True,1
13640,she could wear this jacket.,False,0
13641,but Coby's baby has clothes on already.,False,0
13642,she could wear this dress.,False,0
13643,"yeah, she could.",False,0
13644,there.,False,0
13645,where's she going?,True,1
13646,oh.,False,0
13647,where's she going?,True,1
13648,ah.,False,0
13649,"well, where's she going to go instead, Child?",True,1
13650,Burger King instead.,False,0
13651,oh.,False,0
13652,that's a far cry from Chuck_E_Cheese.,False,0
13653,"that happened one time, didn't it?",False,0
13654,yeah.,False,0
13655,"and you willn't ever forget it, will you?",False,0
13656,ok.,False,0
13657,"they really love Chuck_E_Cheese, don't they?",False,0
13658,it's amazing.,False,0
13659,it is fun.,False,0
13660,she loves it.,False,0
13661,and we went there and it really was closed.,False,0
13662,oh no.,False,0
13663,zip it.,False,0
13664,can you zip it?,False,0
13665,hmm.,False,0
13666,"what do you do at Chuck_E_Cheese, Child?",True,1
13667,is she ready to go?,False,0
13668,where's she going?,True,1
13669,what's she going to do at Burger King?,True,1
13670,ok.,False,0
13671,"I think her jacket's in here, Child.",False,0
13672,is this her jacket?,False,0
13673,where are you going?,True,1
13674,how long ago was this Chuck_E_Cheese misadventure?,True,1
13675,"it's been about two weeks, I think maybe.",False,0
13676,almost three weeks ago.,False,0
13677,mhm.,False,0
13678,good memory.,False,0
13679,she remembers things for a long time.,False,0
13680,are you back?,False,0
13681,did you have a good time?,False,0
13682,what did you do there?,True,1
13683,what did you have for lunch?,True,1
13684,pizza?,False,0
13685,where were you?,True,1
13686,you were?,False,0
13687,you were listen,False,0
13688,you were?,False,0
13689,you must have been at Chuck_E_Cheese.,False,0
13690,mhm.,False,0
13691,and who else was there?,True,1
13692,that's right.,False,0
13693,his name is Chuck_E_Cheese.,False,0
13694,what other mouse?,False,0
13695,what mouse?,False,0
13696,what mouse?,False,0
13697,this?,False,0
13698,this is Peter Rabbit.,False,0
13699,who else is at Chuck_E_Cheese?,True,1
13700,who else did you see?,True,1
13701,"what, who was there?",True,1
13702,did you see Mr.,False,0
13703,Munch there?,False,0
13704,at Chuck_E_Cheese.,False,0
13705,what did he do?,True,1
13706,"yeah, you remember.",False,0
13707,what did he try to do?,True,1
13708,do you remember?,False,0
13709,it's been a long time.,False,0
13710,did he try to eat your hot dog?,False,0
13711,yeah.,False,0
13712,who went with us to Chuck_E_Cheese?,True,1
13713,no.,False,0
13714,"well, Coby went one time.",False,0
13715,who else went with us?,True,1
13716,and who else?,False,0
13717,"no, Christopher never went.",False,0
13718,mommy went.,False,0
13719,and who else went?,True,1
13720,yeah.,False,0
13721,did Emmy go?,False,0
13722,yeah.,False,0
13723,"oh, that's her blanket, huh?",False,0
13724,oh.,False,0
13725,what other baby,False,0
13726,where's your other baby?,True,1
13727,where's your baby that you got for Christmas?,True,2
13728,no.,False,0
13729,where is she?,True,1
13730,"that's right, you did get Baby_Crawl_Away for Christmas.",False,0
13731,I don't know.,False,0
13732,where?,False,0
13733,no.,False,0
13734,"I think she's in, in Mommy's room.",False,0
13735,yeah.,False,0
13736,who else do you have?,True,1
13737,who's with you?,True,1
13738,look what you've got.,True,1
13739,where did Mickey Mouse come from?,True,1
13740,did he?,False,0
13741,yeah.,False,0
13742,mhm.,False,0
13743,it's called Kiddie City.,False,0
13744,"no, Kiddie City.",False,0
13745,no.,False,0
13746,mhm.,False,0
13747,no.,False,0
13748,having a little snack there?,False,0
13749,"Child, don't chew on it.",False,0
13750,"yuck, yuck, yuck.",False,0
13751,that's her doggy.,False,0
13752,my doggy.,False,0
13753,don't eat my doggy.,False,0
13754,do you remember what kind of doggy he was?,True,1
13755,no?,False,0
13756,"don't chew on em, Child.",False,0
13757,he's a collie.,False,0
13758,a collie dog.,False,0
13759,"collie, mhm.",False,0
13760,"what's this, Child?",True,1
13761,what's stuck on here?,True,1
13762,"whoa, there it is.",False,0
13763,what is that?,True,1
13764,where did you get it?,True,1
13765,from what?,False,0
13766,you're getting heavy.,False,0
13767,you don't want to?,False,0
13768,ok.,False,0
13769,you're a squirmer.,False,0
13770,sometimes.,False,0
13771,what's that?,True,1
13772,and what was he doing in your cycle?,True,1
13773,what was he doing in there?,True,1
13774,what was he doing?,True,1
13775,he was rowing?,False,0
13776,rowing?,False,0
13777,rowing out of the way?,False,0
13778,out of the rain?,False,0
13779,that's right.,False,0
13780,and what happened when the sun came up?,True,2
13781,did it dry the spider out?,False,0
13782,yeah.,False,0
13783,did you hear her?,False,0
13784,she closed the monkey in the seat and she said.,False,0
13785,"I 'm sorry, Monkey.",False,0
13786,no.,False,0
13787,you're backwards.,False,0
13788,"goodness, Child.",False,0
13789,that was fast.,False,0
13790,I didn't know you could do that.,False,0
13791,yeah.,False,0
13792,"you used to wear that when you were a baby, Child.",True,1
13793,what are you doing?,True,1
13794,do that on the carpet.,False,0
13795,it's a vacuum cleaner.,False,0
13796,"yeah, that's right.",False,0
13797,that's silly.,False,0
13798,are you supposed to sweep on the furniture?,False,0
13799,no.,False,0
13800,what?,False,0
13801,mhm.,False,0
13802,mhm.,False,0
13803,mhm.,False,0
13804,where did you get it?,True,1
13805,that's right.,False,0
13806,mhm.,False,0
13807,that's right.,False,0
13808,and then where did you get the orange one?,True,1
13809,who gave you that?,True,1
13810,"yeah, a lady at McDonald's gave that one to Coby.",False,0
13811,that's right.,False,0
13812,mhm.,False,0
13813,no.,False,0
13814,you were what?,False,0
13815,that's right.,False,0
13816,you were marching.,False,0
13817,she was marching at a party.,False,0
13818,oh.,False,0
13819,you were marching?,False,0
13820,"oh, don't bang me.",False,0
13821,you're silly.,False,0
13822,ah.,False,0
13823,"she thinks I 'm going to run after her, so she's probably",False,0
13824,where's Child?,True,1
13825,who are you?,True,1
13826,my tape's almost done.,False,0
13827,she'll come out in a while.,False,0
13828,ok.,False,0
13829,"Child, I have to get ready to go home.",False,0
13830,do you want to help me put my toys away?,False,0
13831,"yeah, I have to go home.",False,0
13832,"do you want to help me put the stuff away, that's mine?",False,0
13833,thank you.,False,0
13834,do ya want to put these two guys in?,False,0
13835,ok.,False,0
13836,how are you?,True,1
13837,you know what?,False,0
13838,I brought some toys.,False,0
13839,want to see what I brought?,True,1
13840,oh.,False,0
13841,you know what that is?,True,1
13842,what is it?,True,1
13843,right.,False,0
13844,what color's the toy?,True,1
13845,mhm.,False,0
13846,is it a puppy?,False,0
13847,I think it's a porcupine.,False,0
13848,can you say porcupine?,False,0
13849,very good.,False,0
13850,yeah.,False,0
13851,yeah.,False,0
13852,she always says it that way.,False,0
13853,the ephalent.,False,0
13854,it's a horse with stripes.,False,0
13855,it's called a zebra.,False,0
13856,"yeah, a zebra.",False,0
13857,you know what that is?,True,1
13858,yeah.,False,0
13859,"right, that's just a plain horse.",False,0
13860,you know what that is?,True,1
13861,"it looks like a lion, doesn't it?",False,0
13862,I think it's a dog.,False,0
13863,it's a collie dog.,False,0
13864,they look a little like lions though cause they have lots of hair.,False,0
13865,that's another one.,False,0
13866,"I think, oop, I have one last thing.",False,0
13867,I have this book.,False,0
13868,want to take it over to your mommy and show her the pictures?,False,0
13869,that's a good idea.,False,0
13870,what do you see?,True,1
13871,you see a parrot?,False,0
13872,this here?,False,0
13873,"it's called an eagle, not a parrot.",False,0
13874,"an eagle and a parrot are both birds, aren't they?",False,0
13875,why don't we turn the page?,True,1
13876,mhm.,False,0
13877,yeah?,False,0
13878,"you've never seen one of those, have you?",False,0
13879,that's called a dinosaur.,False,0
13880,can you say that word?,False,0
13881,"boy, that's good.",False,0
13882,what's that?,True,1
13883,very good.,False,0
13884,you know lots of animals.,False,0
13885,what do you see?,True,1
13886,those.,False,0
13887,did you see the clothes?,False,0
13888,what kind of clothes do you see?,True,1
13889,what is that one?,True,1
13890,what do you call it?,True,1
13891,mhm.,False,0
13892,mhm.,False,0
13893,"yeah, that's mine.",False,0
13894,it's called a microphone.,False,0
13895,can you say that word?,False,0
13896,very good.,False,0
13897,what's that right there?,True,1
13898,yeah!,False,0
13899,those are puppets.,False,0
13900,what does this one look like?,True,1
13901,but what does the puppet look like?,True,1
13902,can you tell me?,False,0
13903,a green chicken?,False,0
13904,right.,False,0
13905,what do you see?,True,1
13906,do you know what that is?,True,1
13907,what is that?,True,1
13908,a trumpet.,False,0
13909,good.,False,0
13910,what else do you see?,True,1
13911,do you see anything else *NULL* you know what it is?,True,1
13912,I know you don't know what everything is.,True,1
13913,do you know what this is?,True,1
13914,what is that?,True,1
13915,hmm?,False,0
13916,say it louder.,False,0
13917,I cann't understand.,False,0
13918,a carpenter?,False,0
13919,"well, what that is is a seesaw.",True,1
13920,and one person sits here and one person sits here and they rock.,False,0
13921,it's a game.,False,0
13922,this is my tape recorder.,False,0
13923,I brought it with me so I can remember what you said when I go home.,True,2
13924,can I get you tea or anything?,False,0
13925,no thanks.,False,0
13926,what could they see.,True,1
13927,"yeah, he's a squishy duck.",False,0
13928,look can squeeze him.,False,0
13929,do you remember what the name of that one was?,True,1
13930,what was the name?,True,1
13931,can you remember?,False,0
13932,it's a hard word.,False,0
13933,this porcupine?,False,0
13934,I'll squeeze the porcupine.,False,0
13935,that's a porcupine.,False,0
13936,can you say that?,False,0
13937,right.,False,0
13938,can you say the porcupine is orange?,False,0
13939,and the porcupine has green eyes?,False,0
13940,mhm.,False,0
13941,that might help you remember.,False,0
13942,"he's got a funny nose, yeah.",False,0
13943,he's smiling too.,False,0
13944,can you see that he's smiling?,False,0
13945,do you remember what you call him?,True,1
13946,what?,False,0
13947,when's her birthday?,True,1
13948,"um, July sixteenth.",False,0
13949,he cann't walk?,False,0
13950,is he lying down?,False,0
13951,no?,False,0
13952,a dog?,False,0
13953,what's he doing to the duck?,True,1
13954,there isn't anything else in there.,False,0
13955,it's all gone.,False,0
13956,"yup, I took everything out and put it on the table.",False,0
13957,what is that in your hand?,True,1
13958,are those yours?,False,0
13959,"oh, it opens, doesn't it?",False,0
13960,I think.,False,0
13961,"yes, they are kind of hair barrettes but her hair's too thin to",False,0
13962,so she.,False,0
13963,it's hard to open.,False,0
13964,she likes them anyway.,False,0
13965,you have a heart right there too.,False,0
13966,and two birds too.,False,0
13967,you probably cann't see them.,False,0
13968,they're by your ears.,False,0
13969,yeah!,False,0
13970,it is on in a different way.,False,0
13971,it is on.,False,0
13972,"it's not like a radio, it doesn't play music.",False,0
13973,no.,False,0
13974,oops.,False,0
13975,excuse me.,False,0
13976,excuse me?,False,0
13977,does it what?,False,0
13978,"yes, it rewinds.",False,0
13979,"she knows we usually rewind our tapes before we play them, so she's",False,0
13980,what are you doing over there by yourself?,True,1
13981,"can you come talk to us, please?",False,0
13982,you're doing the hearts.,False,0
13983,"well, can you do the hearts over here and talk to us about what",False,0
13984,come over here.,False,0
13985,maybe you'd like to at this book some more.,False,0
13986,this is the book *NULL* you like most.,True,1
13987,you have some books too?,False,0
13988,what color is this?,True,1
13989,can you tell us about what you see?,True,1
13990,where's a bird?,True,1
13991,mhm.,False,0
13992,where's the frog?,True,1
13993,mhm.,False,0
13994,what's he sitting on?,True,1
13995,"that's a rock *NULL* he's sitting on, isn't it?",True,1
13996,mhm.,False,0
13997,what's this bird sitting on.,True,1
13998,can you tell me what that is?,True,1
13999,very good.,False,0
14000,I wasn't sure if you'd remember that one.,True,1
14001,mhm.,False,0
14002,what is it?,True,1
14003,where?,False,0
14004,what color's that bear?,True,1
14005,blue?,False,0
14006,he's a black bear.,False,0
14007,the kitten's playing with this.,False,0
14008,what is it *NULL* she's playing with?,True,2
14009,do you know what that is?,True,1
14010,"yeah, what's the kitty playing with?",True,1
14011,what is that?,True,1
14012,do you know?,False,0
14013,what is it?,True,1
14014,that's a ball of yarn.,False,0
14015,"Shalom usually plays with a ribbon, doesn't she?",False,0
14016,yes.,False,0
14017,oh.,False,0
14018,where is she now?,True,1
14019,oh.,False,0
14020,"hello, Shalom.",False,0
14021,"she was downstairs, wasn't she?",False,0
14022,uhhuh.,False,0
14023,"you do too, right?",False,0
14024,"yeah, good thing.",False,0
14025,I have two thumbs!,False,0
14026,do you have two?,False,0
14027,I wouldn't get that very close to Shalom.,False,0
14028,she might really hurt it.,False,0
14029,she'd like that a lot.,False,0
14030,she'd like what?,False,0
14031,I thought that was what you said.,True,1
14032,she'd like his toes.,False,0
14033,come here.,False,0
14034,"can you come closer, please?",False,0
14035,thank you.,False,0
14036,do you remember what that's called?,True,1
14037,can you say it?,False,0
14038,very good.,False,0
14039,that's terrific.,False,0
14040,can you say it again?,False,0
14041,what is it?,True,1
14042,very good.,False,0
14043,"well, you've got Shalom's attention.",False,0
14044,yeah.,False,0
14045,put it here.,False,0
14046,"I really don't want Shalom to play with that, alright?",False,0
14047,"excuse me, what did you say?",True,1
14048,I didn't hear what you said.,True,1
14049,hold the book up?,False,0
14050,"oh, fold the book up.",False,0
14051,there we go.,False,0
14052,"yeah, you had the music on when I came in, right?",True,1
14053,"well, the reason *NULL* it's off is so that I can hear you, what you say.",True,2
14054,so we can talk.,False,0
14055,we're just going to talk for a few minutes.,False,0
14056,but when I go you can turn it back on again.,True,1
14057,what is she doing?,True,1
14058,can you come back around?,False,0
14059,"come here, Child.",False,0
14060,what are you thinking?,True,1
14061,you're thinking about Shalom?,False,0
14062,what are some of your toys?,True,1
14063,do you have some toys?,False,0
14064,would you like to go get some and show them to Observer?,False,0
14065,don't get too many.,False,0
14066,oh.,False,0
14067,is that his collar?,False,0
14068,mmm.,False,0
14069,yeah?,False,0
14070,he must eat his supper?,False,0
14071,"oh, excuse me.",False,0
14072,"can you tell her about this one, about how special this one is?",True,1
14073,can you tell her who that is?,True,1
14074,but what's the bear's name?,True,1
14075,that bear has a name.,False,0
14076,what's her name?,True,1
14077,can you tell her about it?,False,0
14078,"you take your nap soon and sleep with B, don't you?",False,0
14079,oh.,False,0
14080,pretty special.,False,0
14081,can you say that?,False,0
14082,"yes, we take your shoes off when you take your nap, don't we?",True,1
14083,"what's B got on his, her feet?",False,0
14084,yeah.,False,0
14085,what?,False,0
14086,"oh, you'll settle her in?",False,0
14087,"well, come over here.",False,0
14088,settle her in over here.,False,0
14089,"I don't want you to go back there, please.",False,0
14090,come in here.,False,0
14091,thank you.,False,0
14092,why don't you settle her into the baby buggy with the baby doll?,True,1
14093,"well, she can sleep there.",False,0
14094,take the baby doll out?,False,0
14095,shall I hold her?,False,0
14096,"ok, I'll hold the baby doll while you put your bear in the buggy.",False,0
14097,"why don't you bring the baby buggy closer, instead of making so many",False,0
14098,you look like a robot.,False,0
14099,that's a truck.,False,0
14100,now she brings it over.,False,0
14101,they're all in there!,False,0
14102,you going to put the book in too?,False,0
14103,should I read it?,False,0
14104,"there isn't much *NULL* to read here, because it's just, it's just",True,1
14105,let's see.,False,0
14106,what's a good thing?,True,1
14107,I'll look for a good page.,False,0
14108,"oh, you already knew all the toys.",False,0
14109,here are all the kitchen things!,False,0
14110,let's see.,False,0
14111,you know what that is?,True,1
14112,that's a hard one.,False,0
14113,it's called a funnel.,False,0
14114,and you know what you do with it?,True,1
14115,"you put in a bottle and pour things through it, so you don't make a",False,0
14116,yeah.,False,0
14117,can you say the word funnel?,False,0
14118,what else is there?,True,1
14119,you know what that is?,True,1
14120,what is it?,True,1
14121,is it called a rolling pin?,False,0
14122,and you know what you do with it?,True,1
14123,you roll out dough to make cookies!,False,0
14124,you like cookies?,False,0
14125,excuse me?,False,0
14126,it looks like a clock.,False,0
14127,it's called a scale.,False,0
14128,"but it looks just like a clock, doesn't it?",False,0
14129,go show mommy.,False,0
14130,want to go show mommy the scale?,False,0
14131,what do you think you do with that?,True,1
14132,see that flat part on top?,False,0
14133,you put things on there and the dial goes around and tells you how,False,0
14134,you weigh things on it.,False,0
14135,mhm.,False,0
14136,what do you see here that you know what it is?,True,2
14137,come talk to Mommy.,False,0
14138,is that another book?,False,0
14139,oh.,False,0
14140,that's a new book.,False,0
14141,we bought that yesterday.,False,0
14142,that's a nice book.,False,0
14143,"no, it's your book, right?",False,0
14144,yeah.,False,0
14145,shall we look at it?,False,0
14146,ok.,False,0
14147,ok.,False,0
14148,it's about Noah's ark.,False,0
14149,who's that?,True,1
14150,shall I read the whole book?,False,0
14151,"mommy will read to you in a little while, ok?",False,0
14152,can you just look at the pictures and think about it and talk about,False,0
14153,can you talk about what you see in the pictures?,True,1
14154,what's he doing?,True,1
14155,yeah!,False,0
14156,"and look, what are they doing?",True,1
14157,I think they're building something.,False,0
14158,see?,False,0
14159,they're cutting wood and chopping down the trees and they're,False,0
14160,and they're getting lots of food ready to take on their trip!,False,0
14161,what's this?,True,1
14162,"yeah, a really big boat.",False,0
14163,yeah.,False,0
14164,you want to take this page and have Mommy do the rest with you?,False,0
14165,why don't you do that?,True,1
14166,take it over and have Mommy tell you about the animals.,False,0
14167,you want to do that?,False,0
14168,"come see Mommy, honey.",False,0
14169,can you please be obedient?,False,0
14170,she asked you to come see Mommy.,False,0
14171,"please, be obedient.",False,0
14172,take this over and show Mommy the animals and tell her what they,False,0
14173,would you do that?,False,0
14174,she wants to read the book too.,False,0
14175,are there any cats?,False,0
14176,I don't.,False,0
14177,do you see any?,False,0
14178,what are those?,True,1
14179,I cann't tell if they're kitty cats or if they're mice.,True,3
14180,you think so cause they're really small.,False,0
14181,"yeah, you have curly hair.",False,0
14182,what happened to your hair last night?,True,1
14183,do you remember?,False,0
14184,you had a haircut.,False,0
14185,oh.,False,0
14186,can you tell her who cut your hair?,True,1
14187,who cut your hair?,True,1
14188,oh.,False,0
14189,you know what these are called?,True,1
14190,these like hairs that are on the porcupine?,True,1
14191,they're called quills.,False,0
14192,no.,False,0
14193,I have to take it back with me.,False,0
14194,I just brought the porcupine to visit you.,False,0
14195,they're just visiting.,False,0
14196,she's sharing them with you.,False,0
14197,cause I have to go and see other little boys and girls.,False,0
14198,and I have to show them my toys.,False,0
14199,"and if I don't have the toys, what will I do?",True,2
14200,do I have anything in there?,False,0
14201,"nothing for you, Child.",False,0
14202,I don't think I have anything that you'd like to look at.,True,1
14203,"oh, I know what I have.",True,1
14204,do you want to see a picture?,False,0
14205,"ok, I think I have the picture.",False,0
14206,look at that.,False,0
14207,"that's a picture of me when I was just about your age, maybe a",True,1
14208,yeah.,False,0
14209,yeah.,False,0
14210,look at that.,False,0
14211,"I was, I was just as small as you.",False,0
14212,I don't have any more pictures.,False,0
14213,that's the only one *NULL* I have.,True,1
14214,mhm.,False,0
14215,I don't have anything else that I think you'd be interested in.,True,1
14216,"I have a pen, that's all.",False,0
14217,"yeah, I have a pen.",False,0
14218,mhm.,False,0
14219,see all the animals?,False,0
14220,where's the snakes?,True,1
14221,are there any porcupines in the picture?,False,0
14222,did you look?,False,0
14223,"I don't see any, I guess.",False,0
14224,"yeah, I think she's tired of us.",False,0
14225,would you like to go get your notebook and maybe one crayon and draw?,False,0
14226,"can you get your newer notebook, that one's pretty full.",False,0
14227,are these pictures that you drew?,True,1
14228,let's look!,False,0
14229,look at that!,False,0
14230,by request.,False,0
14231,"can you bring your other notebook to Mommy, please?",False,0
14232,"can you do it quickly, please?",False,0
14233,mhm.,False,0
14234,do you need help?,False,0
14235,ok.,False,0
14236,"it was all turned around, wasn't it?",False,0
14237,"oh, there's my book.",False,0
14238,remember?,False,0
14239,remember the book?,False,0
14240,yeah.,False,0
14241,yeah.,False,0
14242,who's that?,True,1
14243,yeah!,False,0
14244,what's that?,True,1
14245,do you remember the name of that thing?,False,0
14246,what?,False,0
14247,do you remember?,False,0
14248,what is it?,True,1
14249,what's his name?,True,1
14250,I haven't mentioned it to her.,False,0
14251,I wanted to see if she'd remember.,True,1
14252,do you know what it is?,True,1
14253,can you say the word?,False,0
14254,it starts with.,False,0
14255,it starts with a po sound.,False,0
14256,can you remember his name?,False,0
14257,what is it?,True,1
14258,it's a porcupine.,False,0
14259,now do you remember?,False,0
14260,can you say it?,False,0
14261,yeah!,False,0
14262,"it was fun listening to the tape afterward, cause we kept asking her",False,0
14263,oh.,False,0
14264,what's that?,True,1
14265,here's a another one.,False,0
14266,can you say yes?,False,0
14267,thank you.,False,0
14268,how many trucks are there?,True,1
14269,very good!,False,0
14270,what are you doing with it?,True,1
14271,what is that *NULL* you're doing?,True,2
14272,are you rolling it?,False,0
14273,"oop, oh, there it goes.",False,0
14274,what's this guy?,True,1
14275,it's a horse with stripes.,False,0
14276,do you remember what that's called?,True,1
14277,yes?,False,0
14278,what is it?,True,1
14279,it's a zebra.,False,0
14280,you should know that.,False,0
14281,what's that?,True,1
14282,right!,False,0
14283,that's all.,False,0
14284,"oh, here's the book.",False,0
14285,remember the book?,False,0
14286,would you like to look at the book?,False,0
14287,can you show me the book?,False,0
14288,can you come over here?,False,0
14289,yes?,False,0
14290,what do you see?,True,1
14291,what's that over there?,True,1
14292,yes.,False,0
14293,"Poppa plays the guitar, doesn't he?",False,0
14294,really?,False,0
14295,does he make nice music?,False,0
14296,can you think of some of the songs *NULL* he sings?,True,1
14297,can you tell us some of the songs *NULL* he sings?,True,1
14298,can you think of a song?,False,0
14299,what do you see there?,True,1
14300,I 'm taking my glasses off,False,0
14301,do I look the same as *NULL* I looked last time?,True,1
14302,yeah?,False,0
14303,"oh, what do you see?",True,1
14304,is this working?,False,0
14305,there's a little girl.,False,0
14306,what's this on her head?,True,1
14307,a barrette?,False,0
14308,when I was here last time you had two barrettes.,True,1
14309,they were shaped like hearts.,False,0
14310,"yes, they're put away.",False,0
14311,"look, it talks about the parts of the body.",False,0
14312,what's this?,True,1
14313,"on you, what's this?",True,1
14314,mhm.,False,0
14315,what's this?,True,1
14316,"but we ask you not to, don't we?",False,0
14317,yeah?,False,0
14318,that's probably a good idea.,False,0
14319,can you tell me about your face?,False,0
14320,what's this on your face?,True,1
14321,can you tell me?,False,0
14322,uhhuh.,False,0
14323,and what's this up here?,True,1
14324,uhhuh.,False,0
14325,what's this?,True,1
14326,what do you see with?,True,1
14327,how many do you have?,True,1
14328,what's that *NULL* you got your finger in?,True,2
14329,hmm?,False,0
14330,what's that?,True,1
14331,can you tell me?,False,0
14332,can you tell me what that is?,True,1
14333,mhm.,False,0
14334,what's inside your mouth?,True,1
14335,"no, you don't have gum today.",False,0
14336,what are you thinking about?,True,1
14337,what's that *NULL* you're waving all around there?,True,2
14338,what's that right there?,True,1
14339,huh?,False,0
14340,"there's a mouse, yes.",False,0
14341,mhm.,False,0
14342,mhm.,False,0
14343,what do you see there?,True,1
14344,what's that?,True,1
14345,what are those red things?,True,1
14346,mhm.,False,0
14347,"you like boots, don't you?",False,0
14348,mhm.,False,0
14349,when you go outside you wear your boots?,True,1
14350,yeah?,False,0
14351,when it's wet.,True,1
14352,sometimes Child wears hers inside.,False,0
14353,she really likes boots.,False,0
14354,what do you see there?,True,1
14355,look at this.,False,0
14356,do you remember this?,False,0
14357,do you remember what this is?,True,1
14358,you did that at Joshua's house one day.,False,0
14359,do you remember what that is right there?,True,1
14360,what is that?,True,1
14361,"a painting, mhm.",False,0
14362,what do you do the painting with?,True,1
14363,do you remember what that's called?,True,1
14364,what is that called?,True,1
14365,do you remember?,False,0
14366,"painting brush, very good.",False,0
14367,"you made a picture with the water paints, didn't you?",False,0
14368,mhm.,False,0
14369,can you say that again?,False,0
14370,just as he makes his paint?,False,0
14371,ok.,False,0
14372,what do you see there?,True,1
14373,you ate eggs today.,False,0
14374,"oh, you ate eggs today?",False,0
14375,were they good?,False,0
14376,"oh, there's some more food.",False,0
14377,what do you see that you like?,True,2
14378,do you see things that you like?,True,1
14379,hmm.,False,0
14380,I ate something today?,False,0
14381,what did you eat?,True,1
14382,can you tell me?,False,0
14383,excuse me?,False,0
14384,I try not to.,False,0
14385,what do you see?,True,1
14386,"no, that's a crane.",False,0
14387,here's the fire engine.,False,0
14388,"see they're both red, but this one is",False,0
14389,it's different.,False,0
14390,see this?,False,0
14391,see this tall thing?,False,0
14392,of course sometimes you've seen fire engines with long ladders on,False,0
14393,"so maybe that's confused you, but this is a crane.",False,0
14394,see the hook?,False,0
14395,see this right here?,False,0
14396,do you see that?,False,0
14397,that's called a hook.,False,0
14398,can you say that word?,False,0
14399,hook.,False,0
14400,"please, don't jump.",False,0
14401,"please, don't jump.",False,0
14402,mhm.,False,0
14403,you're jumping on the ground.,False,0
14404,"makes a big noise, doesn't it?",False,0
14405,look at this!,False,0
14406,"looks like summertime, doesn't it?",False,0
14407,do you know what it is now?,True,1
14408,"it's not summer time now, is it?",False,0
14409,do you see the snow outside?,False,0
14410,"we were talking about winter, weren't we?",False,0
14411,and and spring will come and it will get green again.,False,0
14412,we were talking about that.,False,0
14413,do you remember?,False,0
14414,not really.,False,0
14415,we talked about that a little bit.,False,0
14416,what do you see there?,True,1
14417,that's my microphone.,False,0
14418,remember that?,False,0
14419,that's my tape recorder.,False,0
14420,you know what I do with it?,True,1
14421,"oh, I don't think you do.",False,0
14422,can you say.,False,0
14423,"no, what do you do?",True,1
14424,"can you say, can you ask what she does?",True,1
14425,"well, what I do with it is, it listens to your voice.",True,1
14426,and so when I go home it helps me remember what you said.,True,2
14427,oh.,False,0
14428,what are you thinking?,True,1
14429,what would you like to do?,True,1
14430,you like that one?,False,0
14431,you want to show her your Christmas bear?,False,0
14432,"oh, you have a Christmas bear?",False,0
14433,"oh, look at that!",False,0
14434,can you let her hold it?,False,0
14435,he's cute!,False,0
14436,last week you showed me Bee.,False,0
14437,can I see the Christmas bear?,False,0
14438,thank you.,False,0
14439,"oh, he's really nice.",False,0
14440,he's soft too.,False,0
14441,is there anything *NULL* you can tell her about the Christmas bear?,True,1
14442,what?,False,0
14443,"can you tell her what he doesn't do, because he doesn't have",True,1
14444,so what doesn't he do?,True,1
14445,oh.,False,0
14446,so what doesn't he do?,True,1
14447,no more songs.,False,0
14448,"oh, he used to have songs in em, huh?",False,0
14449,it scares her so she prefers the batteries out,False,0
14450,it wasn't because the batteries ran down.,False,0
14451,but she asked us to take the batteries out so he wouldn't sing.,False,0
14452,she doesn't like that.,False,0
14453,"oh, he's nicer just quiet.",False,0
14454,"he's nice and quiet though, isn't he?",False,0
14455,"oh, there's bl in the, in the buggy.",False,0
14456,you're right!,False,0
14457,you know what he had on his feet last time *NULL* I was here?,True,2
14458,what?,False,0
14459,he had big slippers with claws on the end.,False,0
14460,say that again?,False,0
14461,somehow that translated to Shalom was sitting on her,False,0
14462,"and I think it, the claws, she thought of the cat",False,0
14463,I see.,False,0
14464,I think that was it.,False,0
14465,was Shalom reading your book?,False,0
14466,"honey, I put the book on your shelf.",False,0
14467,"can you come back in here, please?",False,0
14468,I put the book on your shelf if you want your book.,True,1
14469,you dropped it?,False,0
14470,let me help.,False,0
14471,can you pick them up?,False,0
14472,here.,False,0
14473,very quickly.,False,0
14474,"can you go back in the other room now, please?",False,0
14475,mhm.,False,0
14476,is that only book *NULL* you'd like?,True,1
14477,that's the same book *NULL* we looked at last time.,True,1
14478,"oh, this is the Noah book!",False,0
14479,it's the same book.,False,0
14480,you want to sit up here and we can look at the Noah book?,False,0
14481,ok.,False,0
14482,"you must still like this book, huh?",False,0
14483,here's another different one she,False,0
14484,oh.,False,0
14485,there's Noah.,False,0
14486,once a very long time ago there lived a man *NULL* called Noah.,True,1
14487,and what's he doing?,True,1
14488,yeah.,False,0
14489,do you like grapes?,False,0
14490,"yeah, me too.",False,0
14491,do you like green ones or purple ones?,False,0
14492,you like both of them.,False,0
14493,"there, the very next morning Noah and his sons went to the cypress",False,0
14494,there they are.,False,0
14495,they're cutting down the trees.,False,0
14496,and what are they doing?,True,1
14497,do you know what they're doing?,True,1
14498,what is this thing?,True,1
14499,this long thing?,False,0
14500,is that called a saw?,False,0
14501,yeah.,False,0
14502,"and they're, they're cutting a tree with it, right?",False,0
14503,and look what they did.,True,1
14504,when they cut it all in pieces it looks like that.,True,1
14505,"it doesn't look like a tree anymore, does it?",False,0
14506,it looks like boards.,False,0
14507,yeah.,False,0
14508,what are they doing there?,True,1
14509,"what are those, what are those women doing?",True,2
14510,"yeah, you remember some of the words.",False,0
14511,look at that.,False,0
14512,do you think they built that all by themselves?,False,0
14513,look at that.,False,0
14514,that's so big.,False,0
14515,yeah.,False,0
14516,and what goes in that boat?,True,1
14517,yeah.,False,0
14518,"who, who goes in it?",True,1
14519,"some of the animals go in, right?",False,0
14520,and some people?,False,0
14521,let's see.,False,0
14522,"look what they're doing, they're filling the boat up with food too.",True,1
14523,cause they're going on a long trip.,False,0
14524,yeah.,False,0
14525,look at these animals.,False,0
14526,what kinds of animals are there?,True,1
14527,"two of everything, right?",False,0
14528,what are these?,True,1
14529,these two?,False,0
14530,right.,False,0
14531,you have two bears.,False,0
14532,and what are those?,True,1
14533,do you know what those are?,True,1
14534,what?,False,0
14535,right.,False,0
14536,do you know what those are?,True,1
14537,that's a hard kind of animal *NULL* to know.,True,1
14538,what is that?,True,1
14539,these two?,False,0
14540,very good.,False,0
14541,I bet you don't know what those are.,True,1
14542,what are those?,True,1
14543,they have bumps on their back.,False,0
14544,yeah.,False,0
14545,they're called camels.,False,0
14546,and lots of different kinds of birds.,False,0
14547,I don't know what the birds are.,True,1
14548,ok.,False,0
14549,"let's, let's go to the next page.",False,0
14550,Noah opened the door of the ark and two by two the animals hurried.,False,0
14551,"when all had been done as God had ordered, Noah closed the door.",True,1
14552,look at all those animals.,False,0
14553,rain began to pour down.,False,0
14554,creeks became rushing rivers.,False,0
14555,rivers flowed into lakes.,False,0
14556,lakes joined to make a great ocean.,False,0
14557,and the ark was lifted off the land.,False,0
14558,look at that.,False,0
14559,there it goes.,False,0
14560,I think they're all closed up inside so they don't get wet anymore.,False,0
14561,"you, you've been rained on?",False,0
14562,did you get wet?,False,0
14563,"in all the world nothing was left but Noah, and his family, and the",False,0
14564,look at that!,False,0
14565,"there's Noah and everybody on that big boat, all by themselves on",False,0
14566,"they're all inside there, nice and dry, eating, eating all the",False,0
14567,what do you think they eat?,True,1
14568,do they,False,0
14569,"the horses eat hay, right?",False,0
14570,and maybe like,False,0
14571,maybe the giraffes and some of those animals eat hay too.,False,0
14572,what do you think the bears ate?,True,1
14573,they eat hay too?,False,0
14574,maybe they had to cause there wasn't a lot of other kinds of food.,False,0
14575,"maybe they ate grapes, cause, remember, Noah was picking grapes.",False,0
14576,look at that.,False,0
14577,they're all inside swimming around.,False,0
14578,do you have a tissue?,False,0
14579,I 'm really.,False,0
14580,coming in from outside.,False,0
14581,thank you.,False,0
14582,can I get you something warm *NULL* to drink?,True,1
14583,"no, thanks, I 'm all set.",False,0
14584,look at that.,False,0
14585,the ark was noisy and crowded.,False,0
14586,and Noah and his family were kept very busy.,False,0
14587,they brought food and water to the animals.,False,0
14588,they swept the stalls and cleaned the cages.,False,0
14589,look at that.,False,0
14590,you know what that looks like?,True,1
14591,it looks like a big zoo.,False,0
14592,a zoo in a boat.,False,0
14593,and there they are.,False,0
14594,they're landing now.,False,0
14595,they saw a bird.,False,0
14596,the bird is finding some land.,False,0
14597,now they're on land again.,False,0
14598,they're still in there.,False,0
14599,maybe it'll show us a picture of them coming out.,False,0
14600,do you think it'll do that?,False,0
14601,let's see.,False,0
14602,"ok, they're on land.",False,0
14603,and Noah's looking up at the sky.,False,0
14604,"oh, there're the animals.",False,0
14605,they're all going to come out.,False,0
14606,"yup, they're all",False,0
14607,see?,False,0
14608,the land is outside now.,False,0
14609,"it's all nice and dry, so they're all going to go right out there and",False,0
14610,yeah.,False,0
14611,I think that's,False,0
14612,"oop, there.",False,0
14613,that's where they live now.,True,1
14614,what are these two?,True,1
14615,yeah.,False,0
14616,they're all nice and pink.,False,0
14617,"ok, I'll, I'll read",False,0
14618,"ok, this is the last part, ok?",False,0
14619,on that day a beautiful rainbow appeared and God spoke to Noah.,False,0
14620,God has sent that rainbow as a promise said Noah.,False,0
14621,he will never send another flood *NULL* to wash the world away.,True,1
14622,from now on whenever we see a rainbow in the sky we will remember.,True,1
14623,see that rainbow?,False,0
14624,Noah and his wife and sons and their wives built new homes and,False,0
14625,in time the earth was filled with people once again.,False,0
14626,look at that.,False,0
14627,are they sleeping?,False,0
14628,am I going to go home now?,False,0
14629,not not yet.,False,0
14630,not for a little while yet.,False,0
14631,excuse me?,False,0
14632,they're going to get rained again?,False,0
14633,is that what you said?,True,1
14634,that's what I heard.,True,1
14635,what do you see?,True,1
14636,did we have a Christmas tree this year?,False,0
14637,I took my Christmas tree down too.,False,0
14638,"it was getting all dry, wasn't it?",False,0
14639,"yeah, I left mine up for a long time.",False,0
14640,and then the needles started to come off and got on the floor.,False,0
14641,so I took it outside.,False,0
14642,yup.,False,0
14643,"but first I took all the, the shiny things off.",False,0
14644,hmm.,False,0
14645,there goes the truck.,False,0
14646,mhm.,False,0
14647,what did you have on your Christmas tree when it was up?,True,2
14648,do you remember?,False,0
14649,do you remember?,False,0
14650,what?,False,0
14651,"yes, your toys are in the toy box.",False,0
14652,do you remember what we hung on the Christmas tree?,True,1
14653,maybe you cann't remember.,False,0
14654,it was in the other room?,False,0
14655,can you show her where it was?,True,1
14656,yeah.,False,0
14657,show me where it was.,True,1
14658,can you show her where the Christmas tree was?,True,1
14659,you're a little rabbit.,False,0
14660,"ok, I can read a little bit of it, and then Mommy can read the rest.",False,0
14661,is that good.,False,0
14662,"yeah, I, I knew that you'd want to be up.",False,0
14663,ok.,False,0
14664,"this is a library book, right.",False,0
14665,yeah.,False,0
14666,once there was a little bunny who wanted to run away.,True,1
14667,look at that!,False,0
14668,there's the little bunny.,False,0
14669,he's a rock.,False,0
14670,"yeah, he's a rock bunny.",False,0
14671,yeah.,False,0
14672,look!,False,0
14673,there's his mom!,False,0
14674,looking for the little bunny!,False,0
14675,see em?,False,0
14676,that's a nice story.,False,0
14677,can you have mommy read you that one?,False,0
14678,"oh, can I read it?",False,0
14679,where are you going?,True,1
14680,go get another one.,False,0
14681,can you get the Edith book?,False,0
14682,we were in the middle of that one.,False,0
14683,shall we read that one?,False,0
14684,can you get the one about Edith?,False,0
14685,what's this one?,True,1
14686,"ok, we can look at this one too.",False,0
14687,"we were in the middle of that one, so",False,0
14688,"oh, ok.",False,0
14689,"oh, look at that.",False,0
14690,Christmas is coming.,False,0
14691,said Edith,False,0
14692,why don't you have Mommy read to you for a little while?,True,1
14693,I want to hear Mommy read to you.,False,0
14694,will you sit in my lap?,False,0
14695,so what did Edith do?,True,1
14696,I told you so.,False,0
14697,that's what he said.,True,1
14698,Edith's favorite present was a hood of real fur.,False,0
14699,mhm.,False,0
14700,and she had an idea.,False,0
14701,you had an idea?,False,0
14702,what was your idea?,True,1
14703,"oh, that's a phrase *NULL* you like to say a lot, isn't it?",True,1
14704,"you mean, what mufflers.",False,0
14705,exclaimed Charles.,False,0
14706,we'll think of you every time *NULL* we wear them.,True,1
14707,"well, I think the one with the glasses is Charles.",False,0
14708,see his glasses?,False,0
14709,I think that's Charles.,False,0
14710,mhm.,False,0
14711,the end.,False,0
14712,that was a nice story.,False,0
14713,I liked that.,False,0
14714,I think we've read enough.,False,0
14715,want to do something else now?,False,0
14716,you just heard this story.,False,0
14717,you want to hear it again?,False,0
14718,you're a funny bunny.,False,0
14719,should we start at the beginning?,False,0
14720,ok.,False,0
14721,"Christmas is coming, said Edith.",False,0
14722,"so Edith stopped crying, and thought instead.",False,0
14723,she had an idea.,False,0
14724,what?,False,0
14725,is that my coat?,False,0
14726,mhm.,False,0
14727,"what, what about your coat?",False,0
14728,where's your coat?,True,1
14729,"oh, we're going to read some more?",False,0
14730,"here, why don't you come back up?",True,1
14731,look at that!,False,0
14732,that's little bear.,False,0
14733,mhm.,False,0
14734,"well, that's the end.",False,0
14735,you've heard it two times now.,False,0
14736,how about if we talk?,True,1
14737,would you like to go get you notebook and draw instead?,False,0
14738,quickly?,False,0
14739,"oh, remember what you made last time when I was here?",True,2
14740,a purple and blue candy cane.,False,0
14741,can you go get your notebook and one crayon?,False,0
14742,I wasn't sure if we did this last time or not.,True,1
14743,I think you just got it out when I was leaving.,True,1
14744,but I remember the candy cane.,False,0
14745,oh.,False,0
14746,"can you hurry, please?",False,0
14747,do you need help?,False,0
14748,can you just pick out one crayon?,False,0
14749,I better help.,False,0
14750,let's get the big notebook.,False,0
14751,you've got the small one.,False,0
14752,"can you get the big one, please?",False,0
14753,you need the small one?,False,0
14754,alright.,False,0
14755,how can I read that?,True,1
14756,this has crayon drawing in it.,False,0
14757,let's look.,False,0
14758,why don't you draw me something?,True,1
14759,oops!,False,0
14760,why don't we,False,0
14761,"you want to draw over here on the table, cause it's going to be hard to",False,0
14762,"let's put the notebook on the table, and I'll come sit on the floor.",False,0
14763,ok?,False,0
14764,there.,False,0
14765,draw me a picture.,False,0
14766,"yes, you just it.",False,0
14767,Observer.,False,0
14768,mhm.,False,0
14769,can you tell her what your name is?,True,1
14770,mhm.,False,0
14771,"hey, that looks good!",False,0
14772,should I make a candy cane on the same paper?,False,0
14773,ok.,False,0
14774,this isn't a good example here,False,0
14775,over here.,False,0
14776,can we eat it?,False,0
14777,it would taste like crayon and paper though.,False,0
14778,there.,False,0
14779,"here, I don't think you should draw on top of this book, cause if",True,1
14780,do you like to color?,False,0
14781,what are you making now?,True,1
14782,are you making something different?,False,0
14783,what are you making now?,True,1
14784,a candy cane.,False,0
14785,that's the same.,False,0
14786,that's not different.,False,0
14787,"well, how about if I break it in half and you have half and I have",True,1
14788,ok?,False,0
14789,do you want the hook or the straight part?,False,0
14790,ok.,False,0
14791,mmm.,False,0
14792,sweet.,False,0
14793,you ate it twice.,False,0
14794,let's make something else *NULL* to eat.,True,1
14795,can you think of something else?,False,0
14796,how about,False,0
14797,we can make an apple cause we have a red crayon.,False,0
14798,ok.,False,0
14799,mhm.,False,0
14800,"that's nice, isn't it?",False,0
14801,ok.,False,0
14802,what do you say?,True,1
14803,you're welcome.,False,0
14804,are you going to eat it?,False,0
14805,no.,False,0
14806,should I cut it in half?,False,0
14807,I have to make a knife.,False,0
14808,mhm.,False,0
14809,I 'm going to cut the apple in half with a knife.,False,0
14810,mmm.,False,0
14811,what?,False,0
14812,mmm.,False,0
14813,mmm.,False,0
14814,mmm.,False,0
14815,what else,False,0
14816,what other kinds of food are red?,True,1
14817,can you think of something else?,False,0
14818,"well, thank you.",False,0
14819,thank you very much.,False,0
14820,can you think of something else *NULL* you like to eat?,True,1
14821,what are you making there?,True,1
14822,there's Shalom.,False,0
14823,"she was sitting on your book, huh?",False,0
14824,what's she saying?,True,1
14825,meow.,False,0
14826,meow.,False,0
14827,I think she's talking to us.,False,0
14828,she's not sad?,False,0
14829,"you're not sad either, are you?",False,0
14830,what?,False,0
14831,where's my what?,True,1
14832,she said.,False,0
14833,would you pet her.,False,0
14834,"oh, would I pet her.",False,0
14835,yeah.,False,0
14836,"hello, Shalom.",False,0
14837,would you like to pet her too?,False,0
14838,I don't think she'll bite or scratch right now.,False,0
14839,I see.,False,0
14840,that's why it's.,True,1
14841,would you pet her?,False,0
14842,"and usually unsupervised is when it really happens, so",True,1
14843,"sometimes it's Child *NULL* being mean, and sometimes it's Shalom *NULL* being",True,2
14844,what are you looking for in there?,True,1
14845,I think it's empty.,False,0
14846,she said it's empty.,False,0
14847,"that means there's nothing in it, right?",False,0
14848,"well, do you see anything?",False,0
14849,"oh, I know what's in there.",True,1
14850,it's not very interesting though.,False,0
14851,do you know what this is?,True,1
14852,"this is, I can put it on my tape recorder when my tape recorder runs",True,1
14853,but the tape recorder doesn't need it now.,False,0
14854,so can I put it back in the bag?,False,0
14855,no?,False,0
14856,say yes.,False,0
14857,I think that's a good place for it.,False,0
14858,I 'm going to wind it all up so it doesn't come unraveled.,False,0
14859,"have you told her about, um, your friends?",False,0
14860,can you tell her about your friends?,False,0
14861,oh.,False,0
14862,can you tell her what some of their names are?,True,1
14863,you're going to make a knife?,False,0
14864,what are your friends ' names?,True,1
14865,can you think of your friends ' names?,False,0
14866,who comes to play with you?,True,1
14867,hmm?,False,0
14868,can you talk to us?,False,0
14869,thank you.,False,0
14870,what should I draw?,True,1
14871,thank you very much.,False,0
14872,go get another crayon?,False,0
14873,"quickly, please.",False,0
14874,they're in your drawer.,False,0
14875,uhhuh.,False,0
14876,look at that.,False,0
14877,another red one and what's the other color?,True,1
14878,excuse me?,False,0
14879,color on the side?,False,0
14880,I guess so.,False,0
14881,"oh, well, can you draw me a knife so you can cut?",False,0
14882,what are you going to make?,True,1
14883,a duck?,False,0
14884,what does a duck do?,True,1
14885,what's he say?,True,1
14886,what's a duck say?,True,1
14887,do you remember?,False,0
14888,make the water for the duck?,False,0
14889,sure.,False,0
14890,"where's, which is",False,0
14891,"oops, oops, oops.",False,0
14892,where's the duck?,True,1
14893,"how, how, where's his head?",True,1
14894,"show me where his head is, so I can make the water on his",True,1
14895,that's his head?,False,0
14896,so if I make the water down here that would be good?,True,1
14897,ok.,False,0
14898,there.,False,0
14899,"oh, I should have colored it in?",False,0
14900,uhhuh.,False,0
14901,do you know what else lives in the water?,True,1
14902,ducks swim in the water.,False,0
14903,what else lives in the water?,True,1
14904,do you know?,False,0
14905,"oh, I see.",False,0
14906,I came home late.,False,0
14907,because I got stuck at school.,False,0
14908,having a meeting with my teachers and uh.,False,0
14909,and I came home after five and I said I 'm not going to cook.,False,0
14910,"so my motherinlaw volunteered to get Chinese food, so that's fine",False,0
14911,"Child, do you like Chinese food?",False,0
14912,do you like Chinese food?,False,0
14913,you don't?,False,0
14914,that's what happens when,True,1
14915,I see.,False,0
14916,that's right.,False,0
14917,I 'm.,False,0
14918,"you know what, you know what Investigator's doing?",True,1
14919,she's taping us.,False,0
14920,do you know what that means?,True,1
14921,what does it mean?,True,1
14922,"what did we, what did you tell Jill when we left her house?",True,2
14923,Child.,False,0
14924,remember?,False,0
14925,"you said, Jill, that we're going home and Investigator's coming.",False,0
14926,and then you said what?,False,0
14927,"we're, no, Child, you cann't go out that way.",False,0
14928,"no, no, no, no.",False,0
14929,are you going to come right back?,False,0
14930,"okay, you have to stay here with Mommy and Investigator.",False,0
14931,where are you going?,True,1
14932,is that.,False,0
14933,"no, Child.",False,0
14934,"you know, we have to stay here a little bit longer.",False,0
14935,"because, do you know where Daddy and Oma went?",True,1
14936,come here a second.,False,0
14937,they went out to buy dinner for us.,False,0
14938,they went out to buy Chinese food.,False,0
14939,yes.,False,0
14940,what do you want to do?,True,1
14941,the diesel trains are coming.,False,0
14942,"uh, they're climbing up the mountain.",False,0
14943,"oh, my goodness, the caboose fell off.",False,0
14944,"where's the train going, Child?",True,1
14945,up the mountain.,False,0
14946,oop!,False,0
14947,"oh, my goodness.",False,0
14948,back down the mountain.,False,0
14949,poompingc up?,False,0
14950,that's a good one.,False,0
14951,oh.,False,0
14952,where?,False,0
14953,that's a little mole or something.,False,0
14954,don't pull it.,False,0
14955,give it a kiss.,False,0
14956,"oh, thank you.",False,0
14957,now it feels all better.,False,0
14958,"uh, Child.",False,0
14959,you've got your feet in my pants.,False,0
14960,"oh, my goodness.",False,0
14961,help.,False,0
14962,are you stuck?,False,0
14963,"oh, no, I think we got em out.",False,0
14964,"oh, you're not going to do that again, you little",False,0
14965,"uh, you're going to stay right here.",False,0
14966,yes?,False,0
14967,"that's your little, that's your English book, that's not your little",False,0
14968,"you know, you've had that little book since you were a baby.",False,0
14969,a tiny baby.,False,0
14970,you used to love to play with it.,False,0
14971,"what are these, Child?",True,1
14972,"no, no, no.",False,0
14973,I don't know.,False,0
14974,you think the motor jeep is going home?,False,0
14975,the headlights are on?,False,0
14976,yes?,False,0
14977,"wow, look at it go.",False,0
14978,do you think it's home yet?,False,0
14979,"oh, my goodness.",False,0
14980,where did it go?,True,1
14981,under where?,False,0
14982,under where?,False,0
14983,what's there?,True,1
14984,what's it underneath?,True,1
14985,oop.,False,0
14986,are you going to go get it?,False,0
14987,"oh, you have to get it.",False,0
14988,"well, you can try, you know.",False,0
14989,you can use your arms to reach under there.,False,0
14990,you be careful.,False,0
14991,"don't, don't stick your head under there.",False,0
14992,that's a good idea.,False,0
14993,does it work?,False,0
14994,can you reach it?,False,0
14995,"you know what's wrong, Child?",True,1
14996,your butt is too big.,False,0
14997,it doesn't fit under the sofa.,False,0
14998,you did it!,False,0
14999,yay,False,0
15000,"bravo, Child.",False,0
15001,that requires a bravo.,False,0
15002,yes?,False,0
15003,"oh, dear.",False,0
15004,let me see where.,False,0
15005,"oh, dear, let me see.",False,0
15006,he did.,False,0
15007,I don't know how but he actually cut his foot.,False,0
15008,must be a little nail *NULL* sticking up.,True,1
15009,let's see.,False,0
15010,Mommy's going *T*-1 To kiss that boo boo.,False,0
15011,right.,False,0
15012,"lie down, lie down.",False,0
15013,"oh, look at that.",False,0
15014,you know what?,False,0
15015,watch.,False,0
15016,mommy has to do this.,False,0
15017,"hold on, hold on.",False,0
15018,now it's all better.,False,0
15019,okay?,False,0
15020,yes?,False,0
15021,"oh, it's just a little boo boo.",False,0
15022,it's probably from the nails on the floor.,False,0
15023,these are old floors.,False,0
15024,does it hurt?,False,0
15025,yes?,False,0
15026,let me look at it again.,False,0
15027,"oh, it's, you see?",False,0
15028,it's a little spot.,False,0
15029,"see, it's a little piece of skin.",False,0
15030,"you know what, Child?",False,0
15031,want to stay here with Investigator and I'll get a bandaid for you?,False,0
15032,"okay, you sit here, and you talk to Investigator, okay?",False,0
15033,and I'll be right back with a bandaid.,False,0
15034,can you show me your boo boo?,False,0
15035,"oh, I see it.",False,0
15036,you'll just need a little tiny bandaid for that.,False,0
15037,is there anything else in your barn?,False,0
15038,nothing in there?,False,0
15039,a locomotive.,False,0
15040,I see.,False,0
15041,is it driving up the mountain?,False,0
15042,are you a mountain?,False,0
15043,"yes, Child?",False,0
15044,how's it doing?,True,1
15045,"okay, come here in the light where I can see it.",True,1
15046,and let's open up the bandaid.,False,0
15047,this is just so that it doesn't get dirty.,False,0
15048,and then later on daddy can look at it.,False,0
15049,okay?,False,0
15050,daddy is getting dinner.,False,0
15051,you know what?,False,0
15052,it might be a splinter.,False,0
15053,but we'll have to look at it later.,False,0
15054,"okay, now you have to promise mommy one thing.",False,0
15055,"don't play with the bandaid, okay?",False,0
15056,good boy.,False,0
15057,oopsala.,False,0
15058,who says oopsala all the time?,True,1
15059,"Opa, yes.",False,0
15060,you walking on your tippytoes?,False,0
15061,yes.,False,0
15062,where are all the cars?,True,1
15063,"my goodness, they're all over the place.",False,0
15064,"uh, here's the tow truck and oops, see that and that and that.",False,0
15065,"well, what do you think that is?",True,1
15066,are there more?,False,0
15067,did you show Investigator this?,False,0
15068,I see.,False,0
15069,what is it?,True,1
15070,who gave you your locomotive?,True,1
15071,Oma mama.,False,0
15072,and where did she buy it?,True,1
15073,where did she buy the locomotive?,True,1
15074,did Oma buy it here?,False,0
15075,did Oma buy the locomotive here?,False,0
15076,no.,False,0
15077,where did she buy the locomotive?,True,1
15078,"yes, for you.",False,0
15079,she bought it in Germany.,False,0
15080,this is a German locomotive.,False,0
15081,"yes, sometimes I 'm a mountain because you climb all over me.",False,0
15082,climbing up the mountain.,False,0
15083,where's it going?,True,1
15084,where's it going?,True,1
15085,you be careful when you get it.,True,1
15086,I don't want you to get any more cuts.,False,0
15087,"okay, you can go but be careful, okay?",False,0
15088,yes?,False,0
15089,"oh, I guess mommy shouldn't have said that, huh?",False,0
15090,"oh, oh, oh, oh.",False,0
15091,"hi, little fella.",False,0
15092,"careful, careful.",False,0
15093,where were you?,True,1
15094,"where were you, Child?",True,1
15095,where are you?,True,1
15096,you're upside down.,False,0
15097,oops.,False,0
15098,you're going to what?,False,0
15099,ow!,False,0
15100,what are you doing to mommy?,True,1
15101,"oh, my goodness, don't do that.",False,0
15102,don't do that.,False,0
15103,I 'm not going to let you.,False,0
15104,me!,False,0
15105,don't you love to play with me?,False,0
15106,what?,False,0
15107,some cars?,False,0
15108,you have a whole pumpkin full of cars.,False,0
15109,right?,False,0
15110,what's in your pumpkin?,True,1
15111,wait a second.,False,0
15112,let's not mix up the toys.,False,0
15113,are you going to show them to Investigator?,False,0
15114,that's what he usually does.,True,1
15115,"wow, you have lots of cars.",False,0
15116,you have more cars than I do.,False,0
15117,you have more cars than I do.,False,0
15118,hmm?,False,0
15119,"no, I don't have a dump truck.",False,0
15120,do you have a dump truck?,False,0
15121,wow.,False,0
15122,what color is that dump truck?,True,1
15123,nope.,False,0
15124,right.,False,0
15125,what?,False,0
15126,which blue one?,False,0
15127,which other light?,False,0
15128,"no, Child.",False,0
15129,"Child, you want that light on over there?",False,0
15130,mommy has to turn it on because your fingers aren't strong enough.,False,0
15131,"if you come here and sit down and talk to Investigator, I'll go turn",True,1
15132,okay?,False,0
15133,okay.,False,0
15134,where?,False,0
15135,under where?,False,0
15136,I don't see anything under the sofa.,False,0
15137,he's got us all looking.,False,0
15138,I don't see anything under there.,False,0
15139,I didn't know you had a blue dump truck.,False,0
15140,are you sure you're not thinking about Jill's house?,False,0
15141,yes.,False,0
15142,"Child, I am actually, you know, actually mommy will look.",False,0
15143,you stay right there.,False,0
15144,you think a blue dump truck is under there?,False,0
15145,did you put it under there?,False,0
15146,you what?,False,0
15147,you brrmmedo it under?,False,0
15148,very sure.,False,0
15149,mommy found this under there.,False,0
15150,it is?,False,0
15151,"you're very sure, huh?",False,0
15152,"I will look again, but I doubt it.",False,0
15153,I thought that was it.,False,0
15154,"nope, it's not under here, Child Lastname.",False,0
15155,"do you have a limp, Child?",False,0
15156,he willn't step on it.,False,0
15157,probably more because of the bandaid than anything else.,False,0
15158,do you need a cane?,False,0
15159,like a dog.,False,0
15160,"our dog had an accident and she was limping for a while, so now",False,0
15161,oop.,False,0
15162,be careful.,False,0
15163,be careful.,False,0
15164,you know that could hurt someone.,False,0
15165,what is this anyway?,True,1
15166,who gave you this?,True,1
15167,"who gave you this, Child?",True,1
15168,Child.,False,0
15169,your other necklaces are upstairs.,False,0
15170,those are the ones that you play with in your bath.,True,1
15171,"but you have to be careful with this one, Child, because you can",False,0
15172,there's a little piece of wire there.,False,0
15173,that one really shouldn't be in your toybox.,False,0
15174,did you fix it?,False,0
15175,what?,False,0
15176,"okay, let mommy.",False,0
15177,you want to do it again?,False,0
15178,"here, mommy will fix that and you can, you can show Investigator",False,0
15179,you tell her what you're building.,True,1
15180,what are you building?,True,1
15181,machinery?,False,0
15182,what kind of machinery?,False,0
15183,and who's Bruce?,True,1
15184,"Investigator doesn't know who Bruce is, you have to tell her.",True,1
15185,that's right.,False,0
15186,and what kind of machinery does he have?,True,1
15187,I see that.,False,0
15188,that's a unicycle machinery.,False,0
15189,why don't you tell Investigator what Bruce does when he gets the,True,2
15190,what does he do?,True,1
15191,raked it around.,False,0
15192,I 'm not sure what that means.,True,1
15193,how does Bruce cut the hay?,True,1
15194,what does he have to do?,True,1
15195,that's true.,False,0
15196,once he cuts it.,False,0
15197,but how does he cut the hay?,True,1
15198,what does he have to do?,True,1
15199,but after he cuts it?,False,0
15200,does he have to get the tractor?,False,0
15201,yes.,False,0
15202,and what does he have to put on the tractor?,True,1
15203,haybine.,False,0
15204,what else?,False,0
15205,"you can tell Investigator the whole story, you know.",False,0
15206,you tell it to me often enough.,False,0
15207,go ahead.,False,0
15208,Investigator wants to learn all about farming.,False,0
15209,what does he do first?,True,1
15210,"oh, my goodness.",False,0
15211,you have to be careful with that.,False,0
15212,it went over there.,False,0
15213,where did it go?,True,1
15214,where did it go?,True,1
15215,what is this machinery going to do?,True,1
15216,they are nice.,False,0
15217,who gave you the bristle blocks?,True,1
15218,"no, Tante Vicky didn't.",False,0
15219,you think Tante Vicky gives you everything.,False,0
15220,do you remember on your birthday who came over to visit on your?,True,1
15221,"no, he wasn't here.",False,0
15222,it was another little boy.,False,0
15223,"daddy is a little boy, yes, but it was another little boy.",False,0
15224,Michael.,False,0
15225,remember Michael?,False,0
15226,what did you and Michael do?,True,1
15227,yes and what did he give you as a present?,True,1
15228,balloons and.,False,0
15229,bristle blocks.,False,0
15230,Michael and his mommy and daddy.,False,0
15231,his mom and dad?,False,0
15232,"well, right now, they're probably at home eating dinner.",False,0
15233,with Michael.,False,0
15234,"no, Michael's birthday isn't until June.",False,0
15235,his birthday and your birthday are the same time.,False,0
15236,right?,False,0
15237,in June.,False,0
15238,yup.,False,0
15239,you remember the balloons?,False,0
15240,you're absolutely right.,False,0
15241,you're right.,False,0
15242,that's right.,False,0
15243,there was a balloon that looked like a hotdog and you threw it to,True,1
15244,I remember.,False,0
15245,the fat ones to Michael?,False,0
15246,what did you do with the skinny ones?,True,1
15247,oh.,False,0
15248,I see.,False,0
15249,I see.,False,0
15250,"oh oh, don't do that.",False,0
15251,who blew up the balloons?,True,1
15252,who blew up all the balloons?,True,1
15253,"no, Michael's too little.",False,0
15254,you already told us.,False,0
15255,who brought up the balloons in the basket?,True,1
15256,and who are Karl and Karin?,True,1
15257,grownups?,False,0
15258,is Karl your brother?,False,0
15259,"Child, is Karl your brother?",False,0
15260,"no, no?",False,0
15261,"gee, that's news to me.",False,0
15262,climbing up on mommy again.,False,0
15263,you have a Datsun?,False,0
15264,show Investigator your Datsun.,False,0
15265,that's a nice Datsun.,False,0
15266,what color is that Datsun?,True,1
15267,"Child, Child, tell Karin about your, I mean tell Investigator about",False,0
15268,where is your big sister?,True,1
15269,what's her name?,True,1
15270,and where is she now?,True,1
15271,and what does she do at Place?,True,1
15272,"no, no, no, you know what she is.",True,1
15273,she's a student.,False,0
15274,student at Place.,False,0
15275,"and what, what's your brother's name?",True,1
15276,Karl.,False,0
15277,Karl.,False,0
15278,car bulb?,False,0
15279,and what does Karl do?,True,1
15280,he works.,False,0
15281,yes.,False,0
15282,"no, he doesn't work at Place.",False,0
15283,he works in town.,False,0
15284,he works in the electrical store.,False,0
15285,"well, that's a good question.",False,0
15286,he helps the customers and he makes small repairs in the back room.,False,0
15287,what are you going to be when you grow up?,True,2
15288,"an electrician, too?",False,0
15289,yup.,False,0
15290,with Karl you want To be?,False,0
15291,yup.,False,0
15292,Karl is not a car bulb.,False,0
15293,"he has a, that's true.",False,0
15294,he has his own car.,False,0
15295,he's a car?,False,0
15296,no.,False,0
15297,"he has a car *NULL* to drive, yes.",True,1
15298,and when can you drive?,True,1
15299,can you drive now?,False,0
15300,are you allowed to drive now?,False,0
15301,up me?,False,0
15302,"up Investigator, and then up mommy.",False,0
15303,and in mommy's hair.,False,0
15304,"oh, be careful.",False,0
15305,here comes this.,False,0
15306,"oh, dust.",False,0
15307,say yes.,False,0
15308,"Child Lastname, listen for a second.",False,0
15309,"in the morning when we go to Jill's house, and we go outside to the",True,1
15310,what do you do for mommy when we get to the car?,True,2
15311,oh.,False,0
15312,don't do that.,False,0
15313,"Child Lastname, that's not nice.",False,0
15314,I guess you don't want to answer that question.,False,0
15315,ow!,False,0
15316,"oo, that hurt.",False,0
15317,huh?,False,0
15318,I don't think it was naughty because it was an accident.,False,0
15319,you stepped on my calf and that hurt.,False,0
15320,"this is the calf, see?",False,0
15321,"this part of your leg is the calf, calf muscle.",False,0
15322,like on your leg.,False,0
15323,"see, this is the calf.",False,0
15324,that's right and it hurt.,False,0
15325,don't step on it again.,False,0
15326,"oh, you're climbing up on mommy again.",False,0
15327,that's pretty neat.,False,0
15328,"oh, there are two trains on there.",False,0
15329,"one goes one way, the other goes the other way.",False,0
15330,can you do it fast?,False,0
15331,okay.,False,0
15332,hold on.,False,0
15333,hold on.,False,0
15334,that's good.,False,0
15335,"oops, you lost momentum.",False,0
15336,now let go.,False,0
15337,let go.,False,0
15338,no.,False,0
15339,"Child, don't make too much of a mess.",False,0
15340,please.,False,0
15341,you know what?,False,0
15342,you could help me put my things back in the bag.,False,0
15343,can you help me do that?,False,0
15344,it's almost time for me to go.,False,0
15345,"let's help Investigator clean up, okay?",False,0
15346,I don't have a car.,False,0
15347,okay.,False,0
15348,go over there and Investigator will tell you what to put away.,True,1
15349,okay?,False,0
15350,you go help Investigator and I'll clean up over here.,False,0
15351,okay?,False,0
15352,is it finished?,False,0
15353,it's almost finished.,False,0
15354,okay.,False,0
15355,"go over there and help Investigator, alright.",False,0
15356,I'll help here and you help her.,False,0
15357,can you put these squeaky things in the bag?,False,0
15358,"okay, put that in the bag.",False,0
15359,okay.,False,0
15360,what's that?,True,1
15361,what's that called?,True,1
15362,"oh, is there one more squeaky thing *NULL* to go in the bag?",True,1
15363,you just put them in the bag.,False,0
15364,you just put it in there.,False,0
15365,that's all.,False,0
15366,there are only three of them.,False,0
15367,right here.,False,0
15368,you put it in there already.,False,0
15369,you put in the duck and the elephant and the porcupine.,False,0
15370,okay.,False,0
15371,can that drive in there?,False,0
15372,bring me a couple of tissues.,False,0
15373,please.,False,0
15374,"because,, because his nose is runny.",False,0
15375,"are you warm enough, Child?",False,0
15376,okay.,False,0
15377,I have a second permission slip.,False,0
15378,okay.,False,0
15379,this time I have to sign and I have to let them hang you by your,False,0
15380,"Child, do you want to look in the bag?",False,0
15381,"okay, let's blow your nose first.",False,0
15382,good boy.,False,0
15383,"okay, once more.",False,0
15384,is that enough?,False,0
15385,yes?,False,0
15386,"well, I came home tired.",False,0
15387,"I, I am a little sick also.",False,0
15388,"and then about a half hour ago he was looking so tired, so I said",False,0
15389,"so he went up with me, and it lasted about two minutes.",False,0
15390,"and he said mommy, I 'm going downstairs.",False,0
15391,"I said okay, I 'm going to stay.",False,0
15392,luckily I have the luxury of having my inlaws.,False,0
15393,"oh, you found that toy again.",False,0
15394,is that your favorite toy?,False,0
15395,you were?,False,0
15396,why?,False,0
15397,"well, we came by bus.",False,0
15398,not a school bus.,False,0
15399,what is it?,True,1
15400,a motor jeep?,False,0
15401,I see the light shine.,False,0
15402,what is he looking for?,True,1
15403,do you need a pen?,False,0
15404,thank you.,False,0
15405,what's that?,True,1
15406,is that a zebra?,False,0
15407,does it have stripes?,False,0
15408,I don't see any stripes.,False,0
15409,you have stripes but that doesn't have stripes.,False,0
15410,that's right.,False,0
15411,but does that animal have stripes?,False,0
15412,does the animal have stripes?,False,0
15413,does that have stripes?,False,0
15414,"what's today, the twenty first?",True,1
15415,yeah.,False,0
15416,yes.,False,0
15417,and you keep the bottom one.,False,0
15418,"oh, sorry.",False,0
15419,"what do you have there, young man?",True,1
15420,a tow truck?,False,0
15421,oh.,False,0
15422,what's in the bag?,True,1
15423,what is that doing?,True,1
15424,let me hear.,False,0
15425,it makes me giggle.,False,0
15426,take it easy.,False,0
15427,take it easy.,False,0
15428,you got it.,False,0
15429,what do you have there?,True,1
15430,what's there?,True,1
15431,what do we have here?,True,1
15432,let's see.,False,0
15433,"well, I cann't see if you keep turning the page.",True,1
15434,what are those?,True,1
15435,"oh, you want to tell me?",False,0
15436,you don't want to tell me?,False,0
15437,why not?,False,0
15438,because you're reading it.,False,0
15439,cann't I read it?,False,0
15440,thank you.,False,0
15441,"oh, I forgot to take that out.",False,0
15442,that's Investigator's.,False,0
15443,give it to Investigator.,False,0
15444,you know what that's for?,True,1
15445,I put the tape in there.,False,0
15446,and what's that on the fire engine?,True,1
15447,what's this called?,True,1
15448,bravo.,False,0
15449,this time you've got it.,False,0
15450,who climbs up on the ladder?,True,1
15451,and where do they go?,True,1
15452,you know.,False,0
15453,it's going to beat me up?,False,0
15454,"oh, no, I 'm not going to let it.",False,0
15455,hm.,False,0
15456,I don't know but don't get lost in that big bag.,False,0
15457,"oh, what's that?",True,1
15458,what is it?,True,1
15459,Child?,False,0
15460,what kind of animal is this?,True,1
15461,a Poopah?,False,0
15462,it's a doggie.,False,0
15463,does it look like Poopsky?,False,0
15464,"yes, it does.",False,0
15465,did you tell Investigator why don't you tell Investigator about,False,0
15466,and her.,False,0
15467,what does Poopsky have?,True,1
15468,puppies.,False,0
15469,how many?,False,0
15470,do you remember?,False,0
15471,how many babies?,False,0
15472,no.,False,0
15473,no.,False,0
15474,no.,False,0
15475,how many?,False,0
15476,five.,False,0
15477,stop.,False,0
15478,seven.,False,0
15479,seven puppies?,False,0
15480,yes.,False,0
15481,wow.,False,0
15482,do you like her puppies?,False,0
15483,yes.,False,0
15484,that's good.,False,0
15485,mommy does too.,False,0
15486,we have to find homes for the puppies.,False,0
15487,ask Investigator if she would like a puppy.,True,1
15488,I would love a puppy but I don't have room for a puppy.,False,0
15489,I knew that was going to be the answer.,False,0
15490,everybody says that.,False,0
15491,what's that?,True,1
15492,"what is that, Child?",True,1
15493,a big big toy.,False,0
15494,it's a little toy but what is it?,True,1
15495,"well, if it starts beating me up, I 'm not going to let it, no.",True,1
15496,is it using me?,False,0
15497,as a mountain?,False,0
15498,see?,False,0
15499,Mommy's hip is like a big mountain.,False,0
15500,monster mountain.,False,0
15501,"is that, is that Investigator's toy?",False,0
15502,it's not my toy.,False,0
15503,who gave that to you?,True,1
15504,Baba's his grandmother.,False,0
15505,who put the rubber band on there?,True,1
15506,Opa.,False,0
15507,you're right.,False,0
15508,Opa is his grandfather.,False,0
15509,be careful.,False,0
15510,yes?,False,0
15511,yes?,False,0
15512,"oh, you should say excuse me.",False,0
15513,why did you say excuse me?,True,1
15514,okay.,False,0
15515,that's the right thing *NULL* to do.,True,1
15516,yes.,False,0
15517,good.,False,0
15518,"Child, come here a second.",False,0
15519,come here.,False,0
15520,"listen, do you have to, do you have to go sit on the potty?",False,0
15521,you're sure.,False,0
15522,you're not sure.,False,0
15523,you'll let me know if you have to go to the bathroom?,True,1
15524,Child?,False,0
15525,"Child, listen, you'll let me know if you have to go?",True,1
15526,oh.,False,0
15527,look at that.,False,0
15528,"oh, Child, that was very loud.",False,0
15529,"the duck, ducky wants to talk to the elephant.",False,0
15530,"uh, bring the elephant over here.",False,0
15531,"uh, I'll hold the ducky, you hold the elephant.",False,0
15532,they're having a conversation.,False,0
15533,whoa.,False,0
15534,why don't you do one and then the other?,True,1
15535,"no, I mean like this.",False,0
15536,"see, they have to talk back and forth to each other.",False,0
15537,watch.,False,0
15538,they have to take turns.,False,0
15539,yes?,False,0
15540,"now, Child, there's one thing *NULL* we have to be careful about.",True,1
15541,let's not mix up all your cars and trucks with Investigator's.,False,0
15542,okay?,False,0
15543,let's keep all of yours over here.,False,0
15544,"and you keep, you keep Investigator's on the carpet, okay?",False,0
15545,where?,False,0
15546,I don't know.,False,0
15547,"come here a second quickly, please.",False,0
15548,time *NULL* to get the nose again.,True,1
15549,it might be.,False,0
15550,let's check.,False,0
15551,"uh, let me see it.",False,0
15552,"uh, it's ready to.",False,0
15553,blow hard.,False,0
15554,oh.,False,0
15555,a good blow.,False,0
15556,another one.,False,0
15557,"very good, Child.",False,0
15558,good boy.,False,0
15559,yes?,False,0
15560,"yes, Child?",False,0
15561,going to race you down?,False,0
15562,booty booty booty.,False,0
15563,lie down?,False,0
15564,I want to lie that way.,False,0
15565,"I want to lie down over there, so you move.",False,0
15566,like this?,False,0
15567,okay.,False,0
15568,whoa!,False,0
15569,Mommy's going To fall asleep again.,False,0
15570,that was good.,False,0
15571,that was like a rollercoaster.,False,0
15572,where did we see a rollercoaster last time?,True,1
15573,remember?,False,0
15574,"we were up in the country, and we went to the fair.",False,0
15575,there was a little rollercoaster at the fair.,False,0
15576,we'll have to wait until next year.,False,0
15577,yes?,False,0
15578,"well, we will see it again.",False,0
15579,but not very soon.,False,0
15580,what rides were you on when we were at the fair?,True,2
15581,"it was Amber and uh, Jamie.",False,0
15582,right.,False,0
15583,good boy.,False,0
15584,Carey.,False,0
15585,that's right.,False,0
15586,they both came.,False,0
15587,right.,False,0
15588,you remember the rides *NULL* you went on?,True,1
15589,which rides were you on?,True,1
15590,what was that?,True,1
15591,Child?,False,0
15592,that's better.,False,0
15593,yes?,False,0
15594,"what are you thinking about, Child?",True,1
15595,it's going to eat me up?,False,0
15596,weep me up?,False,0
15597,"oh, boy.",False,0
15598,Mommy's going to have a whole collection of toys on her chest.,False,0
15599,when?,False,0
15600,I was coming right now.,False,0
15601,I 'm here now.,False,0
15602,where?,False,0
15603,where were you?,True,1
15604,I was at work.,False,0
15605,my house is in Place.,False,0
15606,Investigator lives in Place.,False,0
15607,wow.,False,0
15608,only if she invites you.,True,1
15609,it's pretty far away.,False,0
15610,and I don't have any toys there.,False,0
15611,"she doesn't even have a puppy, Child.",False,0
15612,no puppies.,False,0
15613,so you can forget about it.,False,0
15614,no toys and no puppies.,False,0
15615,my goodness.,False,0
15616,it's not very fun there.,False,0
15617,"Child, do you remember what this is called?",True,1
15618,what is it called?,True,1
15619,"no, you tell me.",False,0
15620,I asked you first.,False,0
15621,think about it.,False,0
15622,you remember?,False,0
15623,what is it called?,True,1
15624,a what?,False,0
15625,not a wind vane.,False,0
15626,"it's, it's similar.",False,0
15627,you've got the right idea.,False,0
15628,where do you see a wind vane?,True,1
15629,on the steeple.,False,0
15630,where do you see the steeple?,True,1
15631,on Saturdays?,False,0
15632,why on Saturdays?,False,0
15633,"oh, oh, oh.",False,0
15634,the fire engine is eating me up.,False,0
15635,"help, help.",False,0
15636,"help, help.",False,0
15637,"Investigator, save me.",False,0
15638,how should I do that?,True,1
15639,what should I do to help?,True,1
15640,how should I do that?,True,1
15641,but how?,False,0
15642,you show me how to do it.,True,1
15643,pull.,False,0
15644,pull hard.,False,0
15645,pull up.,False,0
15646,uh.,False,0
15647,"well, you just did it.",False,0
15648,"thank you, Child.",False,0
15649,Child.,False,0
15650,child wild.,False,0
15651,you sillywilly.,False,0
15652,now what are you doing?,True,1
15653,I noticed.,False,0
15654,and now what do we do?,True,1
15655,boopsiec.,False,0
15656,I think you should climb back down.,False,0
15657,you like it up there?,False,0
15658,what did?,False,0
15659,excuse me.,False,0
15660,what do you see up there?,True,1
15661,Investigator.,False,0
15662,and what else?,False,0
15663,her toys.,False,0
15664,you're pretty tall when you sit up there.,True,1
15665,I don't know.,False,0
15666,I don't know.,False,0
15667,I think daddy is in the kitchen with Oma and Opa.,False,0
15668,nope.,False,0
15669,you have to sit right here.,False,0
15670,"remember, when Investigator comes you sit right here.",True,1
15671,you will come right back?,False,0
15672,you want to go say hello?,False,0
15673,you can tell them that you helped mommy get up.,False,0
15674,I think you have to go this way.,False,0
15675,the other door is closed.,False,0
15676,you sure you want to go?,False,0
15677,and you'll be right back?,False,0
15678,"okay, hurry up, and you be right back.",False,0
15679,let's see how fast you can come back.,True,1
15680,leave it open so you can come back in.,False,0
15681,hurry up.,False,0
15682,hurry up.,False,0
15683,"I'll close it, okay?",False,0
15684,hurry up.,False,0
15685,"Child, hurry back.",False,0
15686,"Child, hurry back.",False,0
15687,"oh, what did he want?",True,1
15688,I don't know.,False,0
15689,"Oma, Oma has to help make dinner.",False,0
15690,"see, Oma, take a look at all the toys.",False,0
15691,"oh, look.",False,0
15692,"oh, look what Investigator brought.",True,1
15693,nice.,False,0
15694,having fun?,False,0
15695,"okay, say see you later, Oma.",False,0
15696,"oh okay, we'll see you.",False,0
15697,"okay, you can leave them open.",False,0
15698,Oma has to go back to the kitchen.,False,0
15699,okay?,False,0
15700,"oh, I have something on the stove so I have to watch that.",False,0
15701,yes?,False,0
15702,"no, mommy already had her coffee.",False,0
15703,now daddy's having his coffee.,False,0
15704,and we have to leave them alone.,False,0
15705,"we have a very special guest, and we have to.",False,0
15706,and we have to entertain them.,False,0
15707,what's wrong?,True,1
15708,to who?,False,0
15709,say hello to Investigator.,False,0
15710,"oh, you just did, sweetheart.",False,0
15711,you just said hello.,False,0
15712,does your nose hurt a little bit?,False,0
15713,do we need to blow it again?,False,0
15714,then stop picking at it.,False,0
15715,otherwise you're going To get a sore in there.,False,0
15716,yes?,False,0
15717,your own what?,False,0
15718,"well, you know what?",False,0
15719,"maybe, you know what we can do?",True,1
15720,if you sit here and talk to Investigator mommy will get you a,True,1
15721,okay?,False,0
15722,yes.,False,0
15723,sure.,False,0
15724,yes.,False,0
15725,is that okay?,False,0
15726,that's right.,False,0
15727,"okay, I'll put it in your bunny rabbit cup.",False,0
15728,I'll give it to you.,False,0
15729,okay?,False,0
15730,"yes, I will.",False,0
15731,is that a deal?,False,0
15732,okay.,False,0
15733,you sit here and talk to Investigator.,False,0
15734,"well, you tell me.",False,0
15735,you know what all of these toys are.,True,1
15736,before.,False,0
15737,those are squeaky animals.,False,0
15738,is the other squeaky animal in the bag still?,False,0
15739,do you remember what the other one was?,True,1
15740,what was it?,True,1
15741,find it.,False,0
15742,is that a squeaky animal?,False,0
15743,there it is.,False,0
15744,what's that?,True,1
15745,a what?,False,0
15746,is that what that's called?,True,1
15747,now do you want your top on your mug?,False,0
15748,yes?,False,0
15749,that's right.,False,0
15750,"now, Child, we have to close the doors again.",False,0
15751,keep it nice and warm in here.,False,0
15752,okay?,False,0
15753,is that good coffee?,False,0
15754,"Child, is that good coffee?",False,0
15755,"okay, now this is a special treat, you know.",False,0
15756,"you don't usually get to drink in the dining, in the living room",False,0
15757,you always have to drink in the kitchen.,False,0
15758,"yeah, you have to be careful.",False,0
15759,they're talking to me?,False,0
15760,and the ducky.,False,0
15761,they're talking to you.,False,0
15762,are they telling you a story?,False,0
15763,Child.,False,0
15764,are they telling you a story?,False,0
15765,oh.,False,0
15766,what are they telling me?,True,1
15767,oh.,False,0
15768,oh.,False,0
15769,what animal is this?,True,1
15770,an acupine.,False,0
15771,it's not squeaking.,False,0
15772,it's not squeaking.,False,0
15773,oh.,False,0
15774,that's a porcupine.,False,0
15775,right.,False,0
15776,yes?,False,0
15777,you can finish it here.,False,0
15778,it's special.,False,0
15779,when Investigator's here you can have a drink here.,True,1
15780,okay?,False,0
15781,"you can put it right on the table, on, in the living room.",False,0
15782,right here.,False,0
15783,okay?,False,0
15784,put it on the table over there.,False,0
15785,carefully.,False,0
15786,on the magazine.,False,0
15787,good boy.,False,0
15788,don't spill any.,False,0
15789,uh.,False,0
15790,just one.,False,0
15791,good boy.,False,0
15792,now please be careful.,False,0
15793,"no, go like this.",False,0
15794,that's it.,False,0
15795,"oh, oh.",False,0
15796,Child Lastname.,False,0
15797,Child Lastname.,False,0
15798,put that on the table.,False,0
15799,don't you take that on the couch.,False,0
15800,put it down on the table.,False,0
15801,that's better.,False,0
15802,you can enjoy it.,False,0
15803,but from the table.,False,0
15804,uh.,False,0
15805,mommy sat on the elephant.,False,0
15806,thank you.,False,0
15807,"no, you didn't spill some again.",False,0
15808,here mommy use it.,False,0
15809,hold it.,False,0
15810,just one tissue.,False,0
15811,good boy.,False,0
15812,you do that very nicely.,False,0
15813,mommy appreciates that.,False,0
15814,okay.,False,0
15815,"oh, I forgot.",False,0
15816,you tell me who pops through.,True,1
15817,who's that?,True,1
15818,Ernie.,False,0
15819,and that's.,False,0
15820,no.,False,0
15821,I cann't see them.,False,0
15822,I do.,False,0
15823,who's in there?,True,1
15824,who is that?,True,1
15825,"well, who's this?",True,1
15826,Investigator wants to know who this is.,True,1
15827,I used to watch them on television.,False,0
15828,do you see these people on television?,False,0
15829,"huh, Child?",False,0
15830,that was my favorite show on television when I was small.,True,1
15831,that and Captain Kangaroo.,False,0
15832,yes?,False,0
15833,who are these characters?,True,1
15834,"oh, that's not nice.",False,0
15835,you don't want to tell me?,False,0
15836,"go ahead, tell Investigator.",False,0
15837,why?,False,0
15838,do you think I know who they are already?,True,1
15839,you don't think I know who they are?,True,1
15840,I see it.,False,0
15841,which ones are Ernie and Bert?,True,1
15842,yes?,False,0
15843,"yes, I know that's our television.",False,0
15844,up on the cabinet.,False,0
15845,"okay, then let's come here.",False,0
15846,blow your nose again.,False,0
15847,"come on, little fella.",False,0
15848,you have a drippy nose.,False,0
15849,"okay, once more.",False,0
15850,"okay, hold on.",False,0
15851,oh.,False,0
15852,there.,False,0
15853,yes.,False,0
15854,it's too late.,False,0
15855,"Ernie and Bert are, went to sleep.",False,0
15856,you can see them tomorrow again.,False,0
15857,on television at Jill's house or at home.,False,0
15858,"uh, there's your football.",False,0
15859,"oh, that's a nice little football.",False,0
15860,you throw it and kick it outside?,False,0
15861,is it raining?,False,0
15862,it was raining earlier today.,False,0
15863,"where you going, fella?",False,0
15864,"oh, okay.",False,0
15865,okay.,False,0
15866,"oh, I couldn't catch it.",False,0
15867,alright.,False,0
15868,ready?,False,0
15869,oop.,False,0
15870,I almost had it that time.,False,0
15871,ready?,False,0
15872,okay.,False,0
15873,you're a good kicker.,False,0
15874,it rolls.,False,0
15875,it moves funny.,False,0
15876,now kick it.,False,0
15877,kick it.,False,0
15878,there.,False,0
15879,yea!,False,0
15880,what happened to the names on the football?,True,1
15881,show them to Investigator.,False,0
15882,"there, oh, they're all smudged.",False,0
15883,what names were on there?,True,1
15884,they're all smudged off.,False,0
15885,what names were on there?,True,1
15886,oh.,False,0
15887,you don't want to tell Investigator what names were on there?,False,0
15888,oh.,False,0
15889,want to tell me?,False,0
15890,"gee, thanks.",False,0
15891,"uh, uh, uh.",False,0
15892,what do you want to do?,True,1
15893,I don't trust you.,False,0
15894,why?,False,0
15895,"well, tell me what you plan to do.",True,1
15896,"Child, we have to stay here and talk to Investigator.",False,0
15897,are you very tired?,False,0
15898,are you very hungry?,False,0
15899,"as soon as we finish with Investigator we're going to have dinner, and",False,0
15900,can you wait a few minutes?,False,0
15901,you know what we can do in.,True,1
15902,uh oh.,False,0
15903,Child.,False,0
15904,Child Lastname.,False,0
15905,come here a second.,False,0
15906,"I'll, I'll make a deal with you.",False,0
15907,okay?,False,0
15908,"oh, yes, you're tired.",False,0
15909,okay.,False,0
15910,you know what we'll do?,True,1
15911,if you want mommy will read a little story to you and you can help.,True,1
15912,you want to find your abc book?,False,0
15913,you want that story or this story?,False,0
15914,this story.,False,0
15915,okay.,False,0
15916,alright.,False,0
15917,okay.,False,0
15918,alright.,False,0
15919,what's the first letter?,True,1
15920,that's a good start.,False,0
15921,how about big al little al what begins with,False,0
15922,al.,False,0
15923,Aunt Annie's.,False,0
15924,"al, al.",False,0
15925,"big bao, little.",False,0
15926,what begins with.,False,0
15927,barber.,False,0
15928,barber.,False,0
15929,bubbles and a.,False,0
15930,yea!,False,0
15931,and bravo!,False,0
15932,"big cl, little.",False,0
15933,what begins with.,False,0
15934,camel on the.,False,0
15935,"cl, cl.",False,0
15936,"big dl, little dl, David, Donald, Doo dreamed a dozen.",False,0
15937,and a.,False,0
15938,yea.,False,0
15939,"al, bl, cl, dl, el.",False,0
15940,"what, what do we have here?",True,1
15941,an.,False,0
15942,an.,False,0
15943,and an.,False,0
15944,"el, el.",False,0
15945,"big fl, little fl, fl, fl.",False,0
15946,four fluffy.,False,0
15947,on a.,False,0
15948,"al, bl, cl, dl, el, fl.",False,0
15949,"goat, girl, and.",False,0
15950,"gl, gl.",False,0
15951,"big hl, little.",False,0
15952,a hungry horse eats.,False,0
15953,here's a head in a.,False,0
15954,hooray.,False,0
15955,"big il, little.",False,0
15956,il.,False,0
15957,"il, il.",False,0
15958,Ichabod is.,False,0
15959,and so am.,False,0
15960,"big jl, little jl, what begins with.",False,0
15961,"Jeremy Jordan's jelly jar, and.",False,0
15962,right.,False,0
15963,"big kl, little kl.",False,0
15964,"uh, uh.",False,0
15965,"kitten, kangaroo.",False,0
15966,kick a kettle.,False,0
15967,kerchoo!,False,0
15968,what else begins with kl?,True,1
15969,Karin and Child.,False,0
15970,and.,False,0
15971,and Karl.,False,0
15972,right?,False,0
15973,you.,False,0
15974,"Child, and Karl, and Karin.",False,0
15975,"big ll, little ll.",False,0
15976,who's this?,True,1
15977,little Lola.,False,0
15978,"left leg, lazy lion, licks a.",False,0
15979,lollipop.,False,0
15980,"big ml, little ml, many mumbling.",False,0
15981,are making midnight music.,False,0
15982,mighty.,False,0
15983,mighty nice.,False,0
15984,"big nl, little nl, what begins with.",False,0
15985,nine new neckties and a.,False,0
15986,and a round round nose.,False,0
15987,"and a nightshirt, and a nose.",False,0
15988,ol is very useful.,False,0
15989,you use it when you say Oscar's only ostrich oiled an orange.,True,1
15990,right.,False,0
15991,al bl cl dl el fl.,False,0
15992,hl il jl kl.,False,0
15993,okay.,False,0
15994,what do we have here?,True,1
15995,"painting, pink.",False,0
15996,a policeman in a.,False,0
15997,Peter Pepper's.,False,0
15998,and now.,False,0
15999,"big ql, little.",False,0
16000,what begins with.,False,0
16001,the quick queen of.,False,0
16002,right.,False,0
16003,is this okay?,False,0
16004,yeah.,False,0
16005,this is fine.,False,0
16006,"big rl, little.",False,0
16007,Rosie Robin.,False,0
16008,Rosie going riding on her.,False,0
16009,red rhinoceros.,False,0
16010,"big sl, little sl, silly Sammy Slick sipped six sodas and got.",False,0
16011,"sick, sick, sick.",False,0
16012,"oh, I like this one.",False,0
16013,"tl, tl, tl, tl, what begins with.",False,0
16014,tl.,False,0
16015,ten tired.,False,0
16016,"big ul, little ul, what begins with.",False,0
16017,ul!,False,0
16018,Uncle Ub's.,False,0
16019,and his.,False,0
16020,"big vl, little vl, Vera Violet Vim is very very very.",False,0
16021,awful.,False,0
16022,on her.,False,0
16023,violin.,False,0
16024,yes?,False,0
16025,look what's going on here.,True,1
16026,what's that squeaky animal?,True,1
16027,what are you doing?,True,1
16028,with what.,False,0
16029,how are you doing that?,True,1
16030,"you're doing that fine, huh?",False,0
16031,"wl, wl, wl.",False,0
16032,if Willy Waterloo washes Wally Wiggins who washes Waldo.,True,2
16033,Woo.,False,0
16034,that's the one *NULL* I could never put to a rhyme.,True,1
16035,"oh, we like this one.",False,0
16036,xl is very useful if your name is.,True,1
16037,it also comes in handy spelling.,False,0
16038,and.,False,0
16039,extra fox.,False,0
16040,"big yl, little yl.",False,0
16041,"a yawning, yellow yak.",False,0
16042,young Yolanda.,False,0
16043,Yorgenson is yelling.,False,0
16044,on his.,False,0
16045,okay.,False,0
16046,no more.,False,0
16047,"uh, that yl page always makes him nervous.",False,0
16048,like he doesn't want to finish the zl page.,False,0
16049,"yes, yes, you're really tired.",False,0
16050,oh.,False,0
16051,we're almost.,False,0
16052,we're almost done.,False,0
16053,almost done.,False,0
16054,you know what we can do?,True,1
16055,we can show Investigator how you do a somersault.,True,1
16056,want to try?,False,0
16057,wow.,False,0
16058,wow.,False,0
16059,what a good somersault.,False,0
16060,"that was a very good one, Child.",False,0
16061,you're an acrobat.,False,0
16062,you're an acrobat.,False,0
16063,okay.,False,0
16064,what do I have?,True,1
16065,bend down?,False,0
16066,do I have fleas?,False,0
16067,I don't know.,False,0
16068,"oh, oh, you want to play with my mole, huh?",False,0
16069,"don't pull it, okay?",False,0
16070,okay.,False,0
16071,yes?,False,0
16072,you like it?,False,0
16073,she's in the process of cooking.,False,0
16074,and when it's ready she's going to call us.,True,1
16075,"she's going to say Child, Annie, dinner's ready.",False,0
16076,so when we hear her we'll know to go have dinner.,True,1
16077,right?,False,0
16078,don't bother Oma.,False,0
16079,she's busy working.,False,0
16080,yes?,False,0
16081,okay.,False,0
16082,be careful how you throw it in the house.,True,1
16083,"oop, that's pretty good.",False,0
16084,"just be careful, okay?",False,0
16085,"well, almost.",False,0
16086,can you catch?,False,0
16087,can you try to catch it?,False,0
16088,almost.,False,0
16089,yes?,False,0
16090,"what's the football doing, huh?",True,1
16091,you don't want to tell Investigator what names were on the football?,True,1
16092,okay.,False,0
16093,can I tell her?,False,0
16094,they were the names of all of my students in one of my classes.,False,0
16095,they bought the football for him and signed it.,False,0
16096,yes?,False,0
16097,"in a few minutes we can go and color *T*-2, I promise.",False,0
16098,why don't.,False,0
16099,oh.,False,0
16100,"can I see, can I see Michael and Child?",False,0
16101,"oh, what are they doing?",True,1
16102,are they taking a nap?,False,0
16103,are they in their little beds taking a nap?,False,0
16104,oh.,False,0
16105,see if they're okay.,True,1
16106,let me see.,False,0
16107,"hello, doggie.",False,0
16108,"hello, piggy.",False,0
16109,are you okay?,False,0
16110,and who's this?,True,1
16111,"Gonzo, my goodness.",False,0
16112,Gonzo doesn't look so good.,False,0
16113,and who is this?,True,1
16114,that's little Michael.,False,0
16115,and who's left?,True,1
16116,Child is tired?,False,0
16117,you going to put him to sleep in his little eggshell carton?,False,0
16118,hmm?,False,0
16119,there we go.,False,0
16120,let's put them all in their little beds.,False,0
16121,there he goes.,False,0
16122,they can all go for a nap.,False,0
16123,who is missing?,True,1
16124,is anyone missing?,False,0
16125,I don't know.,False,0
16126,is it the farm family?,False,0
16127,yes?,False,0
16128,are they sleeping in the barn?,False,0
16129,you don't know?,False,0
16130,may I see your truck?,False,0
16131,"well, come here and show it to me.",False,0
16132,or no or yes.,False,0
16133,you're pretty tired?,False,0
16134,do you want to start putting my toys away?,False,0
16135,so that I can leave and you can eat dinner?,False,0
16136,"okay, let's clean up.",False,0
16137,"let's help, okay?",False,0
16138,but you know what?,False,0
16139,one of the toys.,False,0
16140,"I thought I was going to bring something for *NULL* you to have, since",False,0
16141,"well, I thought that there was one toy that you really liked, and",True,1
16142,which toy did you really like?,True,1
16143,of all of Investigator's toys.,False,0
16144,Child.,False,0
16145,it's right there.,False,0
16146,did you really like that helicopter?,False,0
16147,do you really like it?,False,0
16148,would you like to keep that helicopter?,False,0
16149,you would?,False,0
16150,that's good.,False,0
16151,because you can keep it.,False,0
16152,it's for you.,False,0
16153,Investigator let you keep the helicopter.,False,0
16154,what do you say?,True,1
16155,you're welcome.,False,0
16156,you think she should get a kiss?,False,0
16157,"no, you have to give her a kiss.",False,0
16158,what?,False,0
16159,that's my big sweater.,False,0
16160,go give Investigator a kiss.,False,0
16161,okay?,False,0
16162,yes?,False,0
16163,"okay, we'll all give her a kiss.",False,0
16164,you first.,False,0
16165,thank you.,False,0
16166,"okay, I'll give her a kiss too.",False,0
16167,thank you.,False,0
16168,see that?,False,0
16169,did you give her a wet kiss?,False,0
16170,with your drippy nose?,False,0
16171,"we need another tissue, sweetheart, don't you?",False,0
16172,"okay, now let's put, we'll put this aside.",False,0
16173,do you need a tissue?,False,0
16174,"no, thanks.",False,0
16175,oh.,False,0
16176,and then we'll put all the things away.,False,0
16177,come on.,False,0
16178,he needs one.,False,0
16179,hold on.,False,0
16180,mommy will held.,False,0
16181,you'll get better at that.,False,0
16182,blow.,False,0
16183,okay.,False,0
16184,"oh, that was a good one, Child.",False,0
16185,you've got a runny nose.,False,0
16186,"we'll have to give you some medicine at bedtime, right?",False,0
16187,okay.,False,0
16188,"now, in the bag.",False,0
16189,I'll hold the bag open and you put the toys inside.,False,0
16190,these toys right here.,False,0
16191,the helicopter you can keep.,False,0
16192,Investigator said you can keep that.,False,0
16193,so why don't you put that on the table?,True,1
16194,what?,False,0
16195,"okay, let's put this away.",False,0
16196,I'll hold the bag open.,False,0
16197,you helping?,False,0
16198,oh.,False,0
16199,"how about if I watch, and you do it?",True,1
16200,"oh, we have to do it together.",False,0
16201,where's the crane?,True,1
16202,where's the crane?,True,1
16203,maybe it got put back.,False,0
16204,"oh, yeah, I put it in.",False,0
16205,"no, no, not in this one.",False,0
16206,the other one.,False,0
16207,"yes, this one.",False,0
16208,okay.,False,0
16209,"okay, Child, you don't want to help mommy?",False,0
16210,please.,False,0
16211,how about if you just put the book in.,True,1
16212,you put the book in and I'll put the others.,False,0
16213,okay.,False,0
16214,and don't forget the porcupine.,False,0
16215,okay.,False,0
16216,I think that's it.,False,0
16217,give it to Investigator.,False,0
16218,thank you.,False,0
16219,"oh, should I turn the taperecorder off?",False,0
16220,is it finished?,False,0
16221,it's almost finished.,False,0
16222,almost finished.,False,0
16223,"well, maybe we can sing a song for Investigator.",False,0
16224,want to sing a song?,False,0
16225,what song do you like to sing?,True,1
16226,what do we sing in the car in the morning?,True,1
16227,hmm?,False,0
16228,what song do we sing in the morning?,True,1
16229,yes.,False,0
16230,why not?,False,0
16231,"you're very tired, right?",False,0
16232,"boy, mommy knows these things, doesn't she?",False,0
16233,"no, I didn't bring the dinosaurs with me this time.",False,0
16234,out of the blue.,False,0
16235,"no, the dinosaurs are at, at, where Investigator works, and they're",True,1
16236,they're at College.,False,0
16237,"yes, that's where daddy works too, you know.",True,1
16238,to enjoy?,False,0
16239,that is a neat helicopter.,False,0
16240,yup.,False,0
16241,not quite yet.,False,0
16242,it will be in a few minutes.,False,0
16243,that's why we have to entertain her for a few more minutes.,True,1
16244,we have to gab gab gab.,False,0
16245,"oh, dear.",False,0
16246,you're a mess.,False,0
16247,yes?,False,0
16248,"yes, Child?",False,0
16249,whoopsadaisy?,False,0
16250,what happened?,True,1
16251,my goodness.,False,0
16252,"you will be extra careful with that helicopter, right?",False,0
16253,it's so special.,False,0
16254,"it's for you, yes.",False,0
16255,it was a present.,False,0
16256,it's for you to keep.,False,0
16257,so whose helicopter is it?,True,1
16258,whose helicopter is this now?,True,1
16259,no.,False,0
16260,it was mine.,False,0
16261,but I gave it to you.,False,0
16262,so now it's your helicopter.,False,0
16263,yeah.,False,0
16264,"that was nice of her, wasn't it?",False,0
16265,"yes, Child?",False,0
16266,"okay, I'll turn the tape recorder off.",False,0
16267,that's good.,False,0
16268,"no, they played nicely for a change.",False,0
16269,"oh, good.",False,0
16270,do you fight with Margot sometimes?,False,0
16271,yeah?,False,0
16272,what do you fight about.,True,1
16273,does she share her toys with you?,False,0
16274,that's good.,False,0
16275,I 'm glad that she does that.,False,0
16276,"here, I'll stick this right there.",False,0
16277,that's my tape recorder.,False,0
16278,yeah.,False,0
16279,do you want to see what I have in my bag?,True,1
16280,ok.,False,0
16281,I have some toys.,False,0
16282,"oh, do you know what that is?",True,1
16283,it's a porcupine.,False,0
16284,"yeah, he's got lots of fuzzies on em.",False,0
16285,"um, do you need me here?",False,0
16286,yeah.,False,0
16287,actually I 'm interested in how you guys talk to each other *T*-1.,False,0
16288,"well, how about",False,0
16289,I 'm going to go up and get something *NULL* to put on him.,True,1
16290,"fine, fine.",False,0
16291,ok?,False,0
16292,then I'll be right back.,False,0
16293,that's a big squeak.,False,0
16294,what's that?,True,1
16295,right.,False,0
16296,that is a bigger squeak still cause an elephant's making it.,False,0
16297,want to see what else?,False,0
16298,let's see.,False,0
16299,what's that?,True,1
16300,what is that guy?,True,1
16301,do you know?,False,0
16302,a zebra.,False,0
16303,and what about him?,False,0
16304,that's a dog.,False,0
16305,it's a collie dog.,False,0
16306,yeah.,False,0
16307,"oh, I have some trucks.",False,0
16308,"those are your favorites, aren't they?",False,0
16309,and I have one of these.,False,0
16310,what's that?,True,1
16311,"oh and I have this book, too.",False,0
16312,"oh, boy, what's on the cover?",True,1
16313,yeah.,False,0
16314,"a fire engine, huh?",False,0
16315,what kind of trucks are those over there?,True,1
16316,those little red trucks.,False,0
16317,do you know what those are?,True,1
16318,"this thing goes round and round, mixes up something.",False,0
16319,what is that?,True,1
16320,what?,False,0
16321,it picks up something?,False,0
16322,I think it picks up cement.,False,0
16323,I think it's a cement mixer.,False,0
16324,is that what it is?,True,1
16325,do you have a cement mixer in one of your books?,False,0
16326,oh.,False,0
16327,"well, there's lots of pictures that you can look at.",True,1
16328,and there's some things that you know and some things that you,True,1
16329,what's that?,True,1
16330,right.,False,0
16331,what's that?,True,1
16332,that big tall animal?,False,0
16333,that what?,False,0
16334,"oh, what is it called?",True,1
16335,you know what it's called.,True,1
16336,is that a giraffe?,False,0
16337,"you want to look at that book, Child?",False,0
16338,do you want Mom to look at it with you?,False,0
16339,ok.,False,0
16340,is that ok?,False,0
16341,yeah.,False,0
16342,"Child, you have long eyelashes.",False,0
16343,yeah.,False,0
16344,they're very long.,False,0
16345,do you want To look at this book with Mom?,False,0
16346,"ok, come on over here.",False,0
16347,"oh, dear.",False,0
16348,how old is this little guy?,True,1
16349,"uh, two months.",False,0
16350,is it going round and round?,False,0
16351,that's good.,False,0
16352,yeah.,False,0
16353,you know what those long hairs are called?,True,1
16354,they're called quills.,False,0
16355,"oh, dear.",False,0
16356,oh.,False,0
16357,do you mind if I feed him?,True,1
16358,"no, go ahead.",False,0
16359,ok.,False,0
16360,"do you want To look at the book with me, Child?",False,0
16361,where's that book?,True,1
16362,the book.,False,0
16363,here it is.,False,0
16364,let's look at this book.,False,0
16365,"so you told me that's a dinosaur, right?",False,0
16366,"it's in your book, too?",False,0
16367,and do you know what that is?,True,1
16368,right.,False,0
16369,aren't you smart.,False,0
16370,"ok, let's see what else.",False,0
16371,"oh, lots of color words.",False,0
16372,what color is that?,True,1
16373,do you know that color?,False,0
16374,right.,False,0
16375,and what about that color?,False,0
16376,right.,False,0
16377,mhm.,False,0
16378,Simon.,False,0
16379,which one's purple?,True,1
16380,"yeah, right.",False,0
16381,"very good, Child.",False,0
16382,that's terrific.,False,0
16383,here.,False,0
16384,I 'm going To move this so your foot doesn't get caught.,False,0
16385,this thing?,False,0
16386,that's called a scooter.,False,0
16387,and you know what you do?,True,1
16388,you stand on there and then you sort of kick a little bit and it,False,0
16389,roller skates.,False,0
16390,you put em on your feet and you can skate.,False,0
16391,I bet cha you know what that is.,True,1
16392,is that a swing?,False,0
16393,"ok, let's see what's here?",True,1
16394,do you know what that is?,True,1
16395,right.,False,0
16396,"and it gets hot, right?",False,0
16397,let's see.,False,0
16398,"oh, what's that?",True,1
16399,is that a toaster?,False,0
16400,and the toast is coming out?,False,0
16401,mhm.,False,0
16402,and what about,False,0
16403,"oh, let's see.",False,0
16404,"yeah, you know what those are.",True,1
16405,what's that?,True,1
16406,"yeah, that's some butterfly.",False,0
16407,yup.,False,0
16408,roofie?,False,0
16409,we have a friend who has a bird named Wolfie.,True,1
16410,oh.,False,0
16411,and it's a parrot.,False,0
16412,and one time we went to their house.,False,0
16413,and the parrot was pecking his sneakers.,False,0
16414,and I think it really affected him.,False,0
16415,whenever he sees a bird he always refers to that.,True,1
16416,did that bird peck at your sneakers?,False,0
16417,was that scarey or did you like it?,False,0
16418,you liked it?,False,0
16419,you weren't scared of Wolfie?,False,0
16420,I might have been a little scared.,False,0
16421,me too.,False,0
16422,what's this?,True,1
16423,do you know what that is?,True,1
16424,right.,False,0
16425,let's see what's on the next page.,True,1
16426,"oh, lots of stuff.",False,0
16427,what's that?,True,1
16428,that's a stairs.,False,0
16429,"those are the stairs *NULL* going up, and that's the stair railing.",True,1
16430,and what's that?,True,1
16431,that's a lamp.,False,0
16432,a special kind of lamp *NULL* to put on your desk.,True,1
16433,you have one?,False,0
16434,oh.,False,0
16435,what's that?,True,1
16436,right.,False,0
16437,you have a vacuum?,False,0
16438,"do you like to play with the vacuum, Child?",False,0
16439,those are scissors.,False,0
16440,you do?,False,0
16441,what do you do with em?,True,1
16442,"oh, what do you cut like paper?",True,1
16443,coupons.,False,0
16444,you have a telephone?,False,0
16445,mhm.,False,0
16446,do you talk on it?,False,0
16447,do you ever talk to Margot on the telephone?,False,0
16448,yeah.,False,0
16449,what else?,False,0
16450,there's a lot of animals there.,False,0
16451,what's that?,True,1
16452,that one?,False,0
16453,do you know what that is?,True,1
16454,nope.,False,0
16455,you know what that is?,True,1
16456,that's a pig.,False,0
16457,it's a black and white pig.,False,0
16458,no.,False,0
16459,I think that one looks like this one.,False,0
16460,don't you think so?,False,0
16461,it's a collie dog.,False,0
16462,you think it looks like the horse too?,False,0
16463,it's a collie dog.,False,0
16464,remember one of our neighbors has a dog like that?,False,0
16465,her name Bonnie.,False,0
16466,I put the horse on the horse picture.,False,0
16467,"no, nothing in there.",False,0
16468,it's all empty.,False,0
16469,I got out all my toys.,False,0
16470,do you have any toys *NULL* you want to show me?,True,1
16471,you can go get one.,False,0
16472,go show her one of your favorite toys.,False,0
16473,that's the cement mixer.,False,0
16474,another one.,False,0
16475,"Child, do you have one of those?",False,0
16476,what are your favorite toys?,True,1
16477,trucks?,False,0
16478,and cars?,False,0
16479,and what else?,False,0
16480,gum?,False,0
16481,now we're getting down to the serious toys.,False,0
16482,how about playdough?,False,0
16483,do you like that?,False,0
16484,what's your favorite color of playdough?,True,1
16485,yeah?,False,0
16486,you like the red one?,False,0
16487,"oh, you like them all.",False,0
16488,what about yellow?,False,0
16489,do you like the yellow one?,False,0
16490,mhm.,False,0
16491,do you ever mix the colors together?,False,0
16492,and what does Mommy say?,True,1
16493,she says don't mix the colors together.,False,0
16494,are you giving the horse a ride on the truck?,False,0
16495,or the dog?,False,0
16496,"oh, on the cement mixer truck.",False,0
16497,"oh boy, look at him.",False,0
16498,what ya going to do?,False,0
16499,"oh, you're going to tip em.",False,0
16500,do you know what some of these things are?,True,1
16501,what about that?,False,0
16502,is it a saw?,False,0
16503,mhm.,False,0
16504,mhm.,False,0
16505,right.,False,0
16506,what do we do with the hose in the summer?,True,1
16507,he thinks it's so funny.,False,0
16508,does she like it?,False,0
16509,does Mommy laugh?,False,0
16510,does she ever spray you?,False,0
16511,and do you like it?,False,0
16512,it's called a plane.,False,0
16513,"and you take it and run it along some wood, and it makes it smooth.",False,0
16514,what's that?,True,1
16515,do you know?,False,0
16516,right.,False,0
16517,and what about this?,False,0
16518,do you know what that thing is?,True,1
16519,it's called pliers.,False,0
16520,it's called a wrench.,False,0
16521,those are.,False,0
16522,that?,False,0
16523,screwdriver.,False,0
16524,have you ever used a screwdriver?,False,0
16525,what do you do with it?,True,1
16526,oh.,False,0
16527,where's the hammer?,True,1
16528,is there a hammer in this picture?,False,0
16529,"oh, it's there.",False,0
16530,yeah.,False,0
16531,do you know what that is?,True,1
16532,this thing?,False,0
16533,it's a paint brush and you can paint with it.,False,0
16534,"well, sometimes you can paint the wall if the walls need to be",True,1
16535,but your walls are nice.,False,0
16536,you don't need to put paint on them.,False,0
16537,let's see what?,False,0
16538,"oh, what's that?",True,1
16539,I bet you know what that is.,True,1
16540,right.,False,0
16541,let's see what's on the next page.,True,1
16542,what's that?,True,1
16543,"a Christmas tree, right.",False,0
16544,another kind of shovel.,False,0
16545,what about that?,False,0
16546,I think it's called a sled.,False,0
16547,and what do you do with it?,True,1
16548,do you know?,False,0
16549,right.,False,0
16550,"Child, did we go on a sled last winter.",False,0
16551,right and you fell off.,False,0
16552,did you get hurt?,False,0
16553,you just fell in the snow.,False,0
16554,"it's was fun, wasn't it?",False,0
16555,what did you do?,True,1
16556,you put two boats in the water?,False,0
16557,I don't understand.,False,0
16558,what did you put in the water?,True,1
16559,two boats?,False,0
16560,no?,False,0
16561,tool box?,False,0
16562,a tube?,False,0
16563,what did you put in the water?,True,1
16564,what's it look like?,True,1
16565,a tow bar?,False,0
16566,a tuba?,False,0
16567,"oh, that's a new word.",False,0
16568,is there a picture of one in here.,False,0
16569,no?,False,0
16570,we're at the end.,False,0
16571,maybe we missed a page.,False,0
16572,no.,False,0
16573,there are the tools.,False,0
16574,oh.,False,0
16575,toy box?,False,0
16576,what are these?,True,1
16577,lady bugs.,False,0
16578,that's a beetle.,False,0
16579,"Child, do you like bugs?",False,0
16580,no.,False,0
16581,right.,False,0
16582,those are butterflies.,False,0
16583,what are these?,True,1
16584,that's called a caterpillar.,False,0
16585,and you know what?,False,0
16586,the caterpillar makes a little nest for itself and then in a little,False,0
16587,it does.,False,0
16588,isn't that funny?,False,0
16589,yeah.,False,0
16590,wings.,False,0
16591,antenna.,False,0
16592,can you say antenna?,False,0
16593,right.,False,0
16594,there's the fire engine.,False,0
16595,do you want to go get me one of your toys and show it to me?,False,0
16596,ok.,False,0
16597,do you?,False,0
16598,go on upstairs and get one of your toys *NULL* to show Investigator.,True,1
16599,you want her to go with you?,False,0
16600,I should go?,False,0
16601,I don't know where it is.,True,1
16602,should I come too?,False,0
16603,can you show her where your toys are?,True,1
16604,"ok, I'll come.",False,0
16605,tape.,False,0
16606,"ok, it's all fixed.",False,0
16607,"the horse fell off, huh?",False,0
16608,did you put the lights on?,False,0
16609,maybe the battery doesn't work.,False,0
16610,can I try?,False,0
16611,nope.,False,0
16612,nope.,False,0
16613,I think.,False,0
16614,"what happened to the batteries, Child?",True,1
16615,"he has to have magic power, I think.",False,0
16616,hmm?,False,0
16617,is he checking out underneath there to see how to fix it?,True,1
16618,mm.,False,0
16619,ok.,False,0
16620,are they working on the motor.,False,0
16621,so they can crawl underneath?,False,0
16622,who do we know who has a rubber ducky like that?,True,1
16623,who?,False,0
16624,"right, Ernie.",False,0
16625,Ernie?,False,0
16626,"oh, rubber ducky.",False,0
16627,right.,False,0
16628,"he sings a song about his duck too, right?",False,0
16629,does someone else have a ducky like that?,False,0
16630,one of your friends?,False,0
16631,does Margot?,False,0
16632,she has one?,False,0
16633,and what does she do with her duck?,True,1
16634,where does she take him?,True,1
16635,in the,False,0
16636,what?,False,0
16637,right.,False,0
16638,really.,False,0
16639,yeah.,False,0
16640,I saw some of Margot's other toys too.,False,0
16641,I saw her Bobby Bird.,False,0
16642,"oh, Bob?",False,0
16643,Bobby.,False,0
16644,did you ever put your hand in em and make his mouth open?,False,0
16645,I did it too.,False,0
16646,"is that Margot's favorite toy, Child?",False,0
16647,she doesn't usually let Child play with that toy.,False,0
16648,yup.,False,0
16649,what's he see?,True,1
16650,oh.,False,0
16651,do they work?,False,0
16652,"what doesn't work, the lights?",True,1
16653,"well, what",False,0
16654,"can you tell Investigator what other toys you have, Child, that you",True,1
16655,ok.,False,0
16656,good idea.,False,0
16657,good idea.,False,0
16658,"did you show her that, what this is?",True,1
16659,what's that?,True,1
16660,your binkyc?,False,0
16661,is that a special blanket?,False,0
16662,why is it special?,True,1
16663,do you sleep with it?,False,0
16664,does Simon have a blanket too?,False,0
16665,a special blanket?,False,0
16666,should I try to open it?,False,0
16667,I don't know if I can but I'll try.,True,1
16668,"oh, I did.",False,0
16669,I see those batteries but I bet cha they don't work.,False,0
16670,should I take em out?,False,0
16671,I don't think you can tell by looking.,False,0
16672,they just don't work.,False,0
16673,"ok, in they go.",False,0
16674,"oops, I think this one has to go in this way.",False,0
16675,there.,False,0
16676,"oh, I made a mistake.",False,0
16677,"ok, sorry.",False,0
16678,are you sure it goes like that?,False,0
16679,how come it's not closing then?,True,1
16680,I should take em out?,False,0
16681,what if I try turning,True,1
16682,"oh, maybe you were right.",False,0
16683,maybe it does go this way.,False,0
16684,"oh, I think that'll do it.",False,0
16685,there.,False,0
16686,there.,False,0
16687,bravo.,False,0
16688,I don't think they work.,False,0
16689,I think you need different batteries in there.,False,0
16690,because sometimes we put the lights on and then we forget to turn,False,0
16691,the wheels work good.,False,0
16692,yeah.,False,0
16693,what?,False,0
16694,how many wheels are there?,True,1
16695,where's five?,True,1
16696,one two three four five six.,False,0
16697,maybe we should give the porcupine a ride.,False,0
16698,"yeah, give em a ride on the fire engine.",False,0
16699,here he comes.,False,0
16700,I want a ride.,False,0
16701,"bring the fire engine over here, Child.",False,0
16702,"there, now take em for a ride.",False,0
16703,and then bring em back and we'll put the elephant in.,False,0
16704,"oh, fell off.",False,0
16705,an accident.,False,0
16706,oh oh.,False,0
16707,"he's funny, isn't he?",False,0
16708,he's got those sticky things on em.,False,0
16709,"we never saw a porcupine before, did we?",False,0
16710,"ok, I 'm going to hop up on the table again.",False,0
16711,woo.,False,0
16712,now can the elephant have a ride?,False,0
16713,"he's like Dumbo flying through the air, isn't he?",False,0
16714,there.,False,0
16715,did you see the Dumbo movie?,False,0
16716,no.,False,0
16717,did we read about Dumbo in your book?,False,0
16718,"poor Dumbo cries, didn't he?",False,0
16719,why did he cry?,True,1
16720,did everyone make fun of Dumbo?,False,0
16721,right.,False,0
16722,cause he had big ears?,False,0
16723,mm.,False,0
16724,ok.,False,0
16725,shall we give the collie dog a ride now?,False,0
16726,"here, Dumbo's going to fly back up here.",False,0
16727,ok.,False,0
16728,what's his name?,True,1
16729,it's what?,False,0
16730,"oh, Wolfie the Dog.",False,0
16731,now there's Wolfie the Bird and Wolfie the Dog.,False,0
16732,"oh, I hope he didn't get hurt.",False,0
16733,sleeping sickness.,False,0
16734,crash.,False,0
16735,"ah, toe accident.",False,0
16736,rmmo.,False,0
16737,now what?,False,0
16738,"oh, they're going to have a ride on the fire engine too?",False,0
16739,oh boy.,False,0
16740,are they going to ride together?,False,0
16741,are they friends?,False,0
16742,crash.,False,0
16743,he's going to a building site to pour some cement.,False,0
16744,I think they're building a basement.,False,0
16745,you do a good motor.,False,0
16746,better start talking.,False,0
16747,"yup, it's listening just the right way.",False,0
16748,I 'm going to put it right there.,False,0
16749,do you want to show Mommy the book?,False,0
16750,"yeah, let's see.",False,0
16751,did she see the book last time?,False,0
16752,"no, I never got a chance to look at it.",False,0
16753,she was busy with Simon cause Simon was in a bad mood.,False,0
16754,right.,False,0
16755,you remember.,False,0
16756,"well, come on up here.",False,0
16757,don't just throw it at Mom.,False,0
16758,what's that?,True,1
16759,hot dog.,False,0
16760,is that your favorite food in the whole world?,False,0
16761,that's what I thought.,True,1
16762,what's that?,True,1
16763,hose.,False,0
16764,and what do you do with that?,True,1
16765,do you spray somebody with that?,False,0
16766,who?,False,0
16767,Mama.,False,0
16768,does Mommy spray you?,False,0
16769,yeah.,False,0
16770,do you like that?,False,0
16771,what's that?,True,1
16772,right.,False,0
16773,what kind of dinosaur is that?,True,1
16774,is it a brontosaurus?,False,0
16775,"oh, look at all these pretty colors.",False,0
16776,ok.,False,0
16777,what color's that?,True,1
16778,no.,False,0
16779,this?,False,0
16780,that's red.,False,0
16781,what's that?,True,1
16782,there's orange.,False,0
16783,what else is orange besides carrots?,True,1
16784,what else that we like to eat or drink is orange?,True,3
16785,orange,False,0
16786,right.,False,0
16787,"oh, what's that little thing?",True,1
16788,who does that look like?,True,1
16789,that little baby.,False,0
16790,"yeah, it looks like Simon.",False,0
16791,do you know what all these things are?,True,1
16792,can you name all these?,False,0
16793,what are these?,True,1
16794,have you ever seen those?,False,0
16795,remember?,False,0
16796,mommy used to wear those in the winter.,False,0
16797,ear muffs.,False,0
16798,you put them over your ears when it's cold outside and then it keeps,True,1
16799,"oh, what's that?",True,1
16800,yeah.,False,0
16801,what do you put in that little slit?,True,1
16802,what goes in there?,True,1
16803,yeah.,False,0
16804,what is that?,True,1
16805,it's a scooter.,False,0
16806,"well, you put one foot on here and you hold onto these handle bars.",False,0
16807,and then you push with the other foot.,False,0
16808,and you go along.,False,0
16809,what's this?,True,1
16810,that looks like something *NULL* you have in the back yard.,True,1
16811,right.,False,0
16812,you have a sand box back there?,False,0
16813,yeah.,False,0
16814,tell Investigator what you made in your sand box yesterday?,True,1
16815,what'd you make?,True,1
16816,what did you make and Mommy helped you?,True,1
16817,what'd you make?,True,1
16818,a race car.,False,0
16819,you made a race car in the sand?,False,0
16820,oh and he put his Uncle Larry in the race car.,False,0
16821,does Uncle Larry drive fast?,False,0
16822,"he has a race car, doesn't he?",False,0
16823,does he?,False,0
16824,what's this?,True,1
16825,yeah.,False,0
16826,those are roller skates.,False,0
16827,you have one of these.,False,0
16828,what's that?,True,1
16829,a top?,False,0
16830,"um, what do you like to play with on this page?",True,1
16831,which of these toys do you like?,True,1
16832,that?,False,0
16833,that's a pogo stick.,False,0
16834,"yeah, you put your feet on here and you hold on here and then you",False,0
16835,it's fun.,False,0
16836,yeah.,False,0
16837,maybe in a few years.,False,0
16838,I think you're a little too small for that.,False,0
16839,but it is fun.,False,0
16840,mommy used to like to play on that.,False,0
16841,we had one of those.,False,0
16842,we liked it.,False,0
16843,did you have that?,False,0
16844,"no, I remember going to people's house that had em and I thought",True,1
16845,but I never had one.,False,0
16846,"oh, you were deprived.",False,0
16847,yes.,False,0
16848,I had stilts though.,False,0
16849,stilts.,False,0
16850,we didn't have those.,False,0
16851,our nextdoor neighbor did.,False,0
16852,I loved stilts.,False,0
16853,"yeah, those were great.",False,0
16854,these are stilts.,False,0
16855,right.,False,0
16856,you walk on those and then you can be high.,False,0
16857,like the man at the circus.,False,0
16858,did Child tell you we went to the circus on Saturday?,False,0
16859,did you go to the circus?,False,0
16860,did you?,False,0
16861,did you go up real high?,False,0
16862,tell Investigator what else you saw at the circus.,True,1
16863,what did we see?,True,1
16864,"lions, right.",False,0
16865,what else?,False,0
16866,"no, we didn't see any dinosaurs.",False,0
16867,you have dinosaurs on your tummy.,False,0
16868,"oh, he wants to wear that belt every day now.",False,0
16869,yup.,False,0
16870,look at all of these things.,False,0
16871,what do you like on this page?,True,1
16872,what else?,False,0
16873,you like watermelon.,False,0
16874,me too.,False,0
16875,what else?,False,0
16876,what about these things?,False,0
16877,what is that?,True,1
16878,you eat it with this syrup.,False,0
16879,what are those?,True,1
16880,right.,False,0
16881,and what's that?,True,1
16882,ice cream strawberries?,False,0
16883,"oh, look at these.",False,0
16884,oh boy.,False,0
16885,what is that?,True,1
16886,that's the train.,False,0
16887,that's the engine.,False,0
16888,that's called the box car.,False,0
16889,that's the engine and the box car.,False,0
16890,and what are these that the train goes on?,True,2
16891,what's that called?,True,1
16892,you know.,False,0
16893,what are those?,True,1
16894,the track.,False,0
16895,that's the coal car.,False,0
16896,you know.,False,0
16897,what is it?,True,1
16898,right.,False,0
16899,that looks like a race car.,False,0
16900,what's this?,True,1
16901,right.,False,0
16902,oh and then he's going to pick that up in the air?,False,0
16903,"oh, that's a good idea.",False,0
16904,oh boy.,False,0
16905,so all the things on the page are going to be hooked together.,False,0
16906,and then the crane is going to take it way up in the air?,False,0
16907,"oh, I cann't wait to see that.",False,0
16908,"that sounds exciting, doesn't it?",False,0
16909,what are all of these things?,True,1
16910,what's that?,True,1
16911,yes.,False,0
16912,"that's a little village, looks like.",False,0
16913,there's a barn.,False,0
16914,"oh, those are all things that we have in the house.",True,1
16915,do you know what all these things are?,True,1
16916,right.,False,0
16917,what's that?,True,1
16918,right.,False,0
16919,what's this?,True,1
16920,"is it going round, and",False,0
16921,"well, after it listens to us for a while and I 'm going to take it back",False,0
16922,huh?,False,0
16923,hi.,False,0
16924,what's what?,True,1
16925,these?,False,0
16926,I think Child has an obsession with feet.,False,0
16927,see that?,False,0
16928,I got a foot booboo.,False,0
16929,oh.,False,0
16930,I kicked the steps and I got a bruise on my toe.,False,0
16931,"that was dumb, right?",False,0
16932,I thought so.,False,0
16933,thanks a lot.,False,0
16934,let me see.,False,0
16935,your feet are all covered up.,False,0
16936,this isn't fair.,False,0
16937,can you show Investigator your toes?,False,0
16938,he's so funny about his feet.,False,0
16939,he never wants to have his feet exposed.,False,0
16940,really?,False,0
16941,"like the minute *NULL* I remove his dirty socks, I have to put on clean",True,1
16942,he never wants to go barefoot.,False,0
16943,that's amazing.,False,0
16944,I know.,False,0
16945,I don't know why.,False,0
16946,and he willn't let me cut his toe nails.,False,0
16947,"you have special feet in there, right?",False,0
16948,you're keeping them,False,0
16949,sacred.,False,0
16950,yes.,False,0
16951,where are these shoes from?,True,1
16952,I don't remember.,False,0
16953,some store.,False,0
16954,"what are those called, Child?",True,1
16955,what did Mommy tell you shoes like that are called?,True,1
16956,sandals.,False,0
16957,right.,False,0
16958,do you have any sandals?,False,0
16959,no?,False,0
16960,cause you don't like to have your toes exposed.,False,0
16961,someone gave him a pair and he wouldn't wear them.,False,0
16962,he like cried the whole time *NULL* he had them on.,True,1
16963,that's really interesting.,False,0
16964,what?,False,0
16965,you have little boats on your socks.,False,0
16966,"yesterday, what?",False,0
16967,what were you going to say about yesterday?,True,1
16968,did you play under the sprinkler yesterday with the hose?,False,0
16969,you want to spray on Margot.,False,0
16970,oh.,False,0
16971,did she like that?,False,0
16972,did she?,False,0
16973,I bet cha she got mad.,False,0
16974,no?,False,0
16975,she didn't get mad?,False,0
16976,you played on the carpet?,False,0
16977,you sprayed on the carpet?,False,0
16978,"no, you didn't.",False,0
16979,he wanted to.,False,0
16980,I see.,False,0
16981,he has an active imagination.,False,0
16982,right.,False,0
16983,we didn't even see Margot yesterday.,False,0
16984,who's out there?,True,1
16985,where are those children from?,True,1
16986,oh.,False,0
16987,can you tie your shoe?,False,0
16988,alright.,False,0
16989,show me how.,False,0
16990,right.,False,0
16991,that's plastic on there so you can put it through the holes.,False,0
16992,you know there's a name for those things.,False,0
16993,I cann't remember what they're called.,True,1
16994,is there really?,False,0
16995,"yeah, I saw on tv or read about it.",False,0
16996,I said to myself.,False,0
16997,I 'm going to remember what those things are called.,True,1
16998,it's the kind of thing *NULL* they'd ask on a game show.,True,1
16999,"right, it was.",False,0
17000,it's something like Niglet or something.,False,0
17001,really?,False,0
17002,"yeah, something like that.",False,0
17003,"so come on, Child.",False,0
17004,do you want to look at some more of these pictures?,False,0
17005,no?,False,0
17006,you're bored with this.,False,0
17007,ok.,False,0
17008,you're busy with your shoes now.,False,0
17009,alright.,False,0
17010,"oh, I could get the rest of the toys out.",False,0
17011,I forgot I had other toys.,False,0
17012,ah.,False,0
17013,what's that?,True,1
17014,ah.,False,0
17015,ah.,False,0
17016,who's that?,True,1
17017,do you remember the name of that guy?,False,0
17018,what?,False,0
17019,what is it?,True,1
17020,what's he called?,True,1
17021,what is he called with these pricky things on em?,True,1
17022,is that a porcupine?,False,0
17023,"oh, look what Investigator has.",True,1
17024,remember what this is?,True,1
17025,what?,False,0
17026,what is that?,True,1
17027,"he's jumping on your foot, helping you remember.",False,0
17028,does he say woof woof?,False,0
17029,"oh, he crashed.",False,0
17030,oh oh.,False,0
17031,oh oh.,False,0
17032,you better get em out of there.,False,0
17033,are you from the department of psychology?,False,0
17034,yeah.,False,0
17035,oh.,False,0
17036,"well, actually I 'm in psychology and linguistics.",False,0
17037,oh really.,False,0
17038,yeah.,False,0
17039,oh.,False,0
17040,there it goes.,False,0
17041,crash crash.,False,0
17042,oh.,False,0
17043,what a great coffee table.,False,0
17044,it was my creation.,False,0
17045,it's an old sewing machine.,False,0
17046,"yeah, it's neat.",False,0
17047,thanks.,False,0
17048,I 'm sure it provides hours of enjoyment for Child too.,False,0
17049,he loves it.,False,0
17050,I think it's stuck.,False,0
17051,now what.,False,0
17052,yay.,False,0
17053,you're going to go the other way?,False,0
17054,ok.,False,0
17055,"oh, that's like a tunnel, isn't it?",False,0
17056,"oh, is that the Duffy school back there?",False,0
17057,yeah.,False,0
17058,"oh, I see.",False,0
17059,I think they work with the U of R too.,False,0
17060,do they?,False,0
17061,the psychology department because they do counseling of students.,False,0
17062,right.,False,0
17063,that's probably right.,False,0
17064,it's nice having that playground.,False,0
17065,mhm.,False,0
17066,do you play on it sometimes when those kids aren't there?,True,1
17067,yes.,False,0
17068,"oh, are you ok?",False,0
17069,youch.,False,0
17070,can you tell Investigator which what rides you go on at the play?,True,1
17071,what do you ride on?,True,1
17072,and what else?,False,0
17073,the swings.,False,0
17074,what else?,False,0
17075,the horse?,False,0
17076,the bunny and the bumblebee?,False,0
17077,yeah.,False,0
17078,it says bumble bumble?,False,0
17079,"you're funny, Child.",False,0
17080,yeah.,False,0
17081,what is this study studying?,True,1
17082,"oh, I 'm interested in how parents and children talk.",True,1
17083,"and I 'm mostly interested in, um, do you, like, does he imitate you.",False,0
17084,that kind of thing.,False,0
17085,oh.,False,0
17086,I 'm interested in the language aspects.,False,0
17087,"yeah, he repeats everything.",False,0
17088,I think he's stuck.,False,0
17089,I don't think he can fit in there.,False,0
17090,it looks a little too small.,False,0
17091,he could go through that tunnel again.,False,0
17092,that's another kind of tunnel.,False,0
17093,that's a tunnel too.,False,0
17094,lots of tunnels there.,False,0
17095,that's a little tiny tunnel.,False,0
17096,mhm.,False,0
17097,"no, I don't think he can fit, do you?",False,0
17098,that's the axle of the wheels.,False,0
17099,where's the motor?,True,1
17100,oh.,False,0
17101,"yeah, that's like a hill.",False,0
17102,you keep bumping your head.,False,0
17103,poor guy.,False,0
17104,are you going to lie down?,False,0
17105,probably that's a good idea.,False,0
17106,keep you head out of the way.,False,0
17107,where's Child?,True,1
17108,"oh, there, I see his eye.",False,0
17109,do you see Investigator over there?,False,0
17110,"oh, they must be hiding.",False,0
17111,they're in their garage.,False,0
17112,right.,False,0
17113,they can see you?,False,0
17114,can you see them?,False,0
17115,watch your head.,False,0
17116,"oh, that's a tunnel under there too?",False,0
17117,"oh, I thought that was the garage.",False,0
17118,oh boy.,False,0
17119,watch your head.,False,0
17120,watch out.,False,0
17121,oh.,False,0
17122,what do those trucks make?,True,1
17123,in that red part on the back?,False,0
17124,what do they mix up in there?,True,1
17125,yeah.,False,0
17126,you know.,False,0
17127,what are they called?,True,1
17128,cement mixer.,False,0
17129,right.,False,0
17130,that's where they mix the cement in that back part.,True,1
17131,and then they dump it out to make sidewalks.,False,0
17132,mhm.,False,0
17133,that's a wheelbarrow?,False,0
17134,oh.,False,0
17135,that's right.,False,0
17136,and then they take the wheelbarrow full of cement and pour it.,False,0
17137,did you ever see anyone do that?,False,0
17138,that's the garage?,False,0
17139,I have to get Simon.,False,0
17140,I can see him winding up here.,False,0
17141,ok.,False,0
17142,here comes Simon.,False,0
17143,what is that?,True,1
17144,"that's a collie dog, remember?",False,0
17145,and you know what?,False,0
17146,last time you named him Wolfie.,False,0
17147,right.,False,0
17148,that's right.,False,0
17149,remember Wolfie?,False,0
17150,"yeah, I know.",False,0
17151,"but Wolfie wasn't a dog, was he?",False,0
17152,what was Wolfie?,True,1
17153,maybe that's why he wants to keep his toes covered.,True,1
17154,maybe.,False,0
17155,"no, this was before that.",False,0
17156,this all started a long time ago.,False,0
17157,that would convince me to keep my toes covered.,False,0
17158,"um, what kind of an animal was Wolfie?",True,1
17159,was he a dog?,False,0
17160,no.,False,0
17161,what was he?,True,1
17162,what was Wolfie?,True,1
17163,did he fly?,False,0
17164,didn't he have,False,0
17165,what color was he?,True,1
17166,tell Investigator what he looked like.,True,1
17167,was he green?,False,0
17168,you know.,False,0
17169,don't open it.,False,0
17170,I think there's stuff *NULL* you don't want to touch in there.,True,1
17171,"no, that's",False,0
17172,what is that?,True,1
17173,it's the fireplace.,False,0
17174,"you know, Child.",False,0
17175,these are all things *NULL* you know you're not allowed to touch.,True,1
17176,that's the poker.,False,0
17177,the poker.,False,0
17178,"well, let me see which one you're pointing to.",True,1
17179,is that the broom?,False,0
17180,then why do you ask me?,True,1
17181,Simon has really black hair.,False,0
17182,I know.,False,0
17183,he had a lot more.,False,0
17184,he's lost a lot.,False,0
17185,that's the poker.,False,0
17186,and the other one is called the shovel.,False,0
17187,"no, that's the poker.",False,0
17188,that's the poker.,False,0
17189,"you'd better put that back there, kiddo.",False,0
17190,"put that right back, Child Ralphy.",False,0
17191,we poke the logs around to make the fire go better.,False,0
17192,let me see.,False,0
17193,that's the broom.,False,0
17194,to sweep the ashes away.,False,0
17195,that's the shovel.,False,0
17196,that's to shovel all of the ashes into a bag and throw it away.,False,0
17197,now why don't you come over here and not touch that anymore.,False,0
17198,you know what it is.,True,1
17199,why don't you come over and say hello to Simon.,True,1
17200,yeah.,False,0
17201,Simon wants to say hello to you.,False,0
17202,you know what that is.,True,1
17203,come on over.,False,0
17204,Simon's looking for you.,False,0
17205,"no, you cann't bang on there.",False,0
17206,I don't think that's a good thing *NULL* to bang on.,True,1
17207,"no, it's not.",False,0
17208,"Child, please, stop that now.",False,0
17209,Investigator doesn't like it when you do things like that.,True,1
17210,"I don't, I don't like it.",False,0
17211,it's too noisy for me.,False,0
17212,yeah.,False,0
17213,what are those?,True,1
17214,that's the old porcupine.,False,0
17215,mhm.,False,0
17216,I don't know.,False,0
17217,you're Mr Curious today.,False,0
17218,Mr Curious.,False,0
17219,are you Curious George?,False,0
17220,do I want to go to the zoo?,False,0
17221,this afternoon?,False,0
17222,"well, I'd love to but I really cann't.",False,0
17223,I have to get back to school.,False,0
17224,"Investigator goes to school too, Child.",False,0
17225,are you a graduate student?,False,0
17226,actually I just finished my Phd.,False,0
17227,"oh, you did?",False,0
17228,congratulations.,False,0
17229,yeah.,False,0
17230,thanks.,False,0
17231,I 'm just here for another month and I 'm going down to City.,False,0
17232,I took a postdoc in City.,False,0
17233,"oh, that's great.",False,0
17234,what?,False,0
17235,I don't understand.,False,0
17236,do you want me to tie your sneaker though?,False,0
17237,ok.,False,0
17238,I'd be happy to do it.,False,0
17239,should I do it?,False,0
17240,why don't you let Investigator do it?,True,1
17241,let me see if I can do it.,True,1
17242,sometimes I have a hard time and I want to see if I know how.,True,1
17243,should I try?,False,0
17244,ok.,False,0
17245,I 'm making the loops.,False,0
17246,ok.,False,0
17247,"did I do it right, you think?",False,0
17248,does that look like,False,0
17249,"I think that's it, right?",False,0
17250,that looks good.,False,0
17251,it looks kind a like the other one.,False,0
17252,should I put a knot in it?,False,0
17253,"ok, that's a good idea.",False,0
17254,then it'll look just like the other one.,False,0
17255,it'll have a fat knot in the middle.,False,0
17256,"there, now they look just alike.",False,0
17257,"pretty good, huh?",False,0
17258,"see, that ones's got a knot and that one's got one too.",False,0
17259,"so you want to go to the zoo today, Child?",False,0
17260,is that the idea?,False,0
17261,was that a hint?,False,0
17262,what would you see if you went to the zoo?,True,2
17263,what would you go and look at?,True,1
17264,what about the monkeys?,False,0
17265,I love the monkeys.,False,0
17266,what?,False,0
17267,what?,False,0
17268,you want to come on the what?,False,0
17269,on the platform?,False,0
17270,what platform?,False,0
17271,"oh, you mean where the elephant was?",True,1
17272,they had a platform and you could climb up on the elephant.,False,0
17273,oh.,False,0
17274,but we didn't let Child do that.,False,0
17275,probably a good idea.,False,0
17276,because he never would've gotten,False,0
17277,you know what that book's about.,True,1
17278,you've seen that book.,False,0
17279,"oh, what's that?",True,1
17280,"wait, I just saw something that we just talked about last night.",True,1
17281,what's that?,True,1
17282,is that the castle?,False,0
17283,who lives in the castle?,True,1
17284,who did Mommy tell you?,True,1
17285,the king and queen?,False,0
17286,they live in the castle.,False,0
17287,remember?,False,0
17288,in that other book that we have it showed the picture of the king.,True,1
17289,and what do they wear on their heads?,True,1
17290,"remember, they had those pointy things?",False,0
17291,what were those called?,True,1
17292,crowns.,False,0
17293,you want to want to wear a crown?,False,0
17294,and you could be King Child?,False,0
17295,he thinks he is already.,False,0
17296,that's Investigator's book.,False,0
17297,don't bend it like that.,False,0
17298,that's not nice.,False,0
17299,what did Mom tell you about books?,True,1
17300,books are like friends.,False,0
17301,you should treat them nicely.,False,0
17302,yes.,False,0
17303,do you want to go?,False,0
17304,do you have any books *NULL you want to show me?,True,1
17305,you want to show Investigator your books?,False,0
17306,"oh, the ginger bread man.",False,0
17307,"oh, I remember.",False,0
17308,"no, I saw that someplace else.",False,0
17309,he was afraid of it so I hid it.,False,0
17310,"oh, I know.",False,0
17311,"Margot has the Ginger Bread Man because I had to read it to her, the",False,0
17312,really?,False,0
17313,what?,False,0
17314,there's a cow.,False,0
17315,yeah.,False,0
17316,the ginger bread man got a little ride on the cow?,False,0
17317,"or no, he didn't get a ride on the cow, he just saw the cow.",False,0
17318,what did the ginger bread man say to the cow?,True,1
17319,"run, run as fast as you can.",False,0
17320,you cann't catch me.,False,0
17321,I 'm the ginger bread man.,False,0
17322,"yup, he went to the cow.",False,0
17323,"I was afraid of that book too, I think.",False,0
17324,because at the end the fox eats the ginger bread man.,False,0
17325,I know.,False,0
17326,"no, really a lot of those books are like that.",False,0
17327,the three little pigs and,False,0
17328,I know.,False,0
17329,Little Red Riding Hood.,False,0
17330,the Grimm's fairy tales are really awful.,False,0
17331,"I know, they are.",False,0
17332,they're frightening.,False,0
17333,"there are several books that he has that he's really afraid of, so",True,2
17334,what other books do you have?,True,1
17335,there's a monster in a Grover book.,False,0
17336,oh.,False,0
17337,I want to take the monster out.,False,0
17338,"what, tell Investigator what books you like though.",True,1
17339,what books do you have that you like?,True,2
17340,a Grover book?,False,0
17341,"who's, tell her about the book that we have that's about a little",True,2
17342,what's his name?,True,1
17343,there's a monster in the book?,False,0
17344,yeah?,False,0
17345,Grover says?,False,0
17346,was Grover afraid?,False,0
17347,you're afraid too?,False,0
17348,Grover closed his eyes?,False,0
17349,tell her about the book about the monkey.,False,0
17350,what's that monkey's name?,True,1
17351,remember?,False,0
17352,is it Curious George?,False,0
17353,Curious George.,False,0
17354,which Curious George book do you have?,True,1
17355,is it going round and round or has it stopped?,False,0
17356,I think it's still going round and round.,False,0
17357,that's the microphone.,False,0
17358,say boo in it.,False,0
17359,"yeah, you can say boo.",False,0
17360,"yup, you can say boo.",False,0
17361,"oh, look and when you do that you can make the things fall off.",True,1
17362,right.,False,0
17363,"oh, boy, this is a great coffee table.",False,0
17364,it is.,False,0
17365,he puts cars on there.,False,0
17366,"yup, you already did.",False,0
17367,you want to go.,False,0
17368,last time *NULL* I was here you know what you did?,True,2
17369,you got your fire engine *NULL* to show me.,True,1
17370,do you want to show me that again or do you want to show me another?,False,0
17371,go and show Investigator some of your toys.,False,0
17372,what are you looking at out there?,True,1
17373,do you see smoke?,False,0
17374,and the kids.,False,0
17375,do you want to show Investigator some of your toys that you like?,True,1
17376,ok.,False,0
17377,let's go to the zoo?,False,0
17378,you are obsessed with the zoo today.,False,0
17379,let's go.,False,0
17380,alright.,False,0
17381,I cann't.,False,0
17382,I wish I could.,False,0
17383,I would love to go to the zoo and smell the animals.,False,0
17384,she has to work.,False,0
17385,"I know, that's what I was thinking.",True,1
17386,on a day like today can you imagine the odor there?,False,0
17387,"it's hot and yucky, uh.",False,0
17388,it's awful anyway.,False,0
17389,"well, we're not going today, honey.",False,0
17390,maybe you'll go another time.,False,0
17391,we'll go another day.,False,0
17392,"and you can look at the monkeys for me, cause I love the monkeys.",False,0
17393,and you know what else I like?,True,1
17394,the seals.,False,0
17395,"oh, Child likes those.",False,0
17396,I love the seals.,False,0
17397,they swim and they look so happy.,False,0
17398,what else is at the zoo?,True,1
17399,there are lions.,False,0
17400,yeah.,False,0
17401,elephants.,False,0
17402,I like the elephants.,False,0
17403,I like it when they put their trunk in water and then they spray it.,True,1
17404,ah.,False,0
17405,did you ever see that?,False,0
17406,that's great.,False,0
17407,Babar?,False,0
17408,"they spray Babar, don't they?",False,0
17409,"Babar, is that how you say it?",True,1
17410,I don't know.,False,0
17411,it's a story about an elephant.,False,0
17412,and what's Babar's son's name?,True,1
17413,"he has the same name as you, doesn't he?",False,0
17414,what's his name?,True,1
17415,what's your name?,True,1
17416,"oh, you sprayed on Mommy and Babar?",False,0
17417,"I think that was the highlight of Child's summer, when he",False,0
17418,"you liked that, didn't you?",False,0
17419,let's go.,False,0
17420,"hey, let's just jump in the car and go to the zoo.",False,0
17421,"they're so funny, aren't they?",False,0
17422,"as soon as you say something it's like ok, let's do it right now.",False,0
17423,they have no concept of time.,False,0
17424,and schedules.,False,0
17425,"no, we're not going today, Child.",False,0
17426,maybe you'll go some other time.,False,0
17427,we might go tomorrow.,False,0
17428,well.,False,0
17429,is there still Lolly Pop farm?,False,0
17430,is that still,False,0
17431,"yeah, I haven't been there though.",False,0
17432,I haven't been since I was a kid.,False,0
17433,we don't have any lolly pops.,False,0
17434,"Child, you are so funny.",False,0
17435,"no, we don't have any lolly pops.",False,0
17436,go get me a truck.,False,0
17437,I want to see a truck.,False,0
17438,"no, we don't.",False,0
17439,we don't have any.,False,0
17440,where are they?,True,1
17441,"don't, hey!",False,0
17442,hey.,False,0
17443,do you want to go to your bedroom?,False,0
17444,then stop it.,False,0
17445,don't be mean now.,False,0
17446,what did Mom tell you about that?,True,1
17447,don't ever hit Mom.,False,0
17448,say you're sorry now.,False,0
17449,you're being mean now.,False,0
17450,I don't think you're funny at all.,False,0
17451,good.,False,0
17452,why don't you go and get a truck now and show Investigator.,True,1
17453,go get me a truck.,False,0
17454,I want to see a truck.,False,0
17455,you don't want to see a truck?,False,0
17456,she'll go with you.,False,0
17457,you want to show her your toys upstairs?,False,0
17458,should I come with you?,False,0
17459,so should we take the barrels out first?,False,0
17460,let's take the barrels out cause then they can get down in there.,False,0
17461,ok.,False,0
17462,put em in.,False,0
17463,"well, you have to stand em up cause they have to look out.",False,0
17464,"they're, they want to have a nice view.",False,0
17465,there.,False,0
17466,"hey, this is like the story of the happy man with his dump truck.",False,0
17467,now can you give them all a ride?,False,0
17468,"ok, off they go.",False,0
17469,"bye, guys.",False,0
17470,bye.,False,0
17471,have fun.,False,0
17472,Child is going to take you for a nice ride.,False,0
17473,you're going to hide?,False,0
17474,"aren't they funny, these kids?",False,0
17475,oh dear.,False,0
17476,did Andrea give you the name of Shelley and Justin?,False,0
17477,"yeah, I 'm going to see them tomorrow morning.",False,0
17478,"oh, he's a riot.",False,0
17479,great.,False,0
17480,he's funny.,False,0
17481,it's so interesting that they have such distinct,False,0
17482,oh yeah.,False,0
17483,it's amazing.,False,0
17484,"I know, I was surprised too.",False,0
17485,you think of them as generic at this age but they're really all,False,0
17486,what's the story here?,True,1
17487,are you feeling a little aggressive?,False,0
17488,I think so.,False,0
17489,yeah?,False,0
17490,you certainly did move them.,False,0
17491,what's this thing?,True,1
17492,is this part of Leggos or something?,False,0
17493,"mhm, Duplo.",False,0
17494,Duplo.,False,0
17495,it's Leggos for little children.,False,0
17496,are those good?,False,0
17497,did you offer Investigator any raisins?,False,0
17498,she didn't want any?,False,0
17499,no.,False,0
17500,I don't blame you.,False,0
17501,he's probably touched all of them.,False,0
17502,so you want to go get me a book now or do you want to pull the wagon?,False,0
17503,"you know, I came to visit you and you have to entertain me.",False,0
17504,"yeah, like Mommy has to entertain you all the time.",False,0
17505,now you have to entertain Investigator.,False,0
17506,"yup, it's a big responsibility.",False,0
17507,"what are you doing, drying the raisins in the sun?",True,1
17508,giving your raisins a ride?,False,0
17509,"oh, that's good.",False,0
17510,"bye, raisins.",False,0
17511,when is Child's birthday?,True,1
17512,"um, January twentieth, eighty five.",False,0
17513,"oh, right.",False,0
17514,I think I already asked you that.,False,0
17515,I'll write it down.,False,0
17516,what?,False,0
17517,"no, she's not coloring, honey.",False,0
17518,she's writing.,False,0
17519,I just wrote down when your birthday is.,True,1
17520,do you know when it is?,True,1
17521,when is it?,True,1
17522,I don't think he knows.,False,0
17523,do you know?,False,0
17524,very good.,False,0
17525,"very good, Child.",False,0
17526,I don't remember telling you that.,False,0
17527,do you know how old you are?,True,1
17528,how old are you *T*-1?,False,0
17529,tell Investigator how old you are.,True,1
17530,are you a hundred?,False,0
17531,oh.,False,0
17532,you're a hundred?,False,0
17533,"oh, my goodness, you look young for your age.",False,0
17534,are you three?,False,0
17535,are you one?,False,0
17536,"oh, you're not one cause you're two.",False,0
17537,that's good.,False,0
17538,that says five hundred words *NULL* to grow on.,True,1
17539,I think we had a little raisin spill over there.,False,0
17540,"can you pick all of those up, please?",False,0
17541,there's some right there.,False,0
17542,that's good.,False,0
17543,"oh, you know, I don't know if that's a half hour tape.",True,1
17544,"no, it's a",False,0
17545,this session is an hour anyway but it's forty five minutes on a,False,0
17546,"oh, oh.",False,0
17547,are those yummy?,False,0
17548,what's happened there?,True,1
17549,who did that?,True,1
17550,who bent the book like that?,True,1
17551,what was that boy's name?,True,1
17552,some little boy did that.,False,0
17553,I don't know who did it.,True,1
17554,was it Simon?,False,0
17555,"oh, you.",False,0
17556,"yes and then it looks fine, doesn't it?",False,0
17557,is the mail man here?,False,0
17558,I think he was coming when I was pulling in the driveway.,True,1
17559,oh.,False,0
17560,I saw the mail truck.,False,0
17561,oh.,False,0
17562,Simon is losing hair at a rapid rate.,False,0
17563,that's funny.,False,0
17564,every time *NULL* I touch em I get hair all over me.,True,1
17565,"you poor guy, you're going To be a baldy.",False,0
17566,oh.,False,0
17567,"well, why don't you give those animals a ride?",True,1
17568,what about that horse and the collie?,False,0
17569,they might want a ride.,False,0
17570,what is that horse's name?,True,1
17571,what's his name?,True,1
17572,his name is donkey?,False,0
17573,and what's the dog's name?,True,1
17574,hmm?,False,0
17575,is it Lassie?,False,0
17576,what about the porcupine and duck?,False,0
17577,they might want a ride too.,False,0
17578,this is like the happy man with his dump truck.,False,0
17579,what happened in that story?,True,1
17580,he had a truck?,False,0
17581,right.,False,0
17582,and who went in the dump truck?,True,1
17583,"all the animals, didn't they?",False,0
17584,and then what did he do?,True,1
17585,he gave them a ride.,False,0
17586,"oh, poor Simon.",False,0
17587,and what happened when he tipped up the dumper?,True,2
17588,what did the animals say?,True,1
17589,they said.,False,0
17590,"wee, this is fun, this is like a sliding board.",False,0
17591,I think everybody's in there now.,False,0
17592,"oop, they dumped a little.",False,0
17593,"oh oh, everyone fell out.",False,0
17594,"yup, they're all on the floor.",False,0
17595,"do you go to school, Child?",False,0
17596,he wants to go to nursery school.,False,0
17597,yeah?,False,0
17598,in September.,False,0
17599,oh.,False,0
17600,where're you going to go?,True,1
17601,where?,False,0
17602,I see the horse.,False,0
17603,where is he?,True,1
17604,I think the horse is a little too close to the fire place.,False,0
17605,"oh, better go get em before he gets burned.",False,0
17606,see em?,False,0
17607,go get em.,False,0
17608,"no, don't turn that.",False,0
17609,this is a funny tape recorder because you cann't listen to it unless,False,0
17610,oh.,False,0
17611,it doesn't have a speaker in it.,False,0
17612,can you tell Investigator what things we saw at the nursery school?,True,1
17613,what'd you see?,True,1
17614,what did they have there?,True,1
17615,mmm.,False,0
17616,"wow, it sounds like fun.",False,0
17617,are you,False,0
17618,does it look like Wolfie?,False,0
17619,"ah, it does, doesn't it?",False,0
17620,only he willn't peck your sneakers.,False,0
17621,did he?,False,0
17622,"don't touch that, please, Child.",False,0
17623,"Child, please, don't touch that.",False,0
17624,"no, don't touch it cause it willn't make any noise anyway.",False,0
17625,"yeah, it's a machine.",False,0
17626,is that what you said?,True,1
17627,you want green?,False,0
17628,what do you want?,True,1
17629,something green in there?,False,0
17630,where's the green thing?,True,1
17631,"there's a green hole there, right?",False,0
17632,the green hole is where I put my headphones in but I don't have the,True,1
17633,the headphones are like ear muffs and they go over your ears and I,False,0
17634,yes.,False,0
17635,"yes, yes.",False,0
17636,so what else?,False,0
17637,tell Investigator more about nursery school.,False,0
17638,"well, we're not going till the end of the summer.",False,0
17639,you can go outside pretty soon cause I 'm going to go home.,False,0
17640,"then we'll go outside, ok?",False,0
17641,and you can play in your sandbox.,False,0
17642,"oh, that'll be fun.",False,0
17643,ok.,False,0
17644,don't want to get it dirty?,False,0
17645,you're going to get water in your sand box?,False,0
17646,yeah.,False,0
17647,no?,False,0
17648,ok.,False,0
17649,look what Investigator did with the barrels.,True,1
17650,shall we make it fall?,False,0
17651,ah.,False,0
17652,"hey, watch it, Bud.",False,0
17653,don't hurt Investigator.,False,0
17654,I see you knocked those down.,False,0
17655,be careful now.,False,0
17656,don't hurt her.,False,0
17657,ok.,False,0
17658,wait till I 'm done though.,False,0
17659,I want to get my hand out of the way before the destruction comes.,False,0
17660,ok.,False,0
17661,ok.,False,0
17662,"there you go, Child.",False,0
17663,knock it down.,False,0
17664,boom.,False,0
17665,that was one shot and they all went down.,False,0
17666,alright.,False,0
17667,"remember though, wait till I 'm all done.",False,0
17668,ok.,False,0
17669,"yeah, that devilish laugh of Child.",False,0
17670,you think that's funny.,False,0
17671,ok.,False,0
17672,there they are.,False,0
17673,"oh, they fell over all by themselves that time.",False,0
17674,the dinosaur belt.,False,0
17675,the mighty dinosaur belt.,False,0
17676,there they go.,False,0
17677,we could go bowling.,False,0
17678,"look, we can see if we can knock em down with the other one.",True,1
17679,hey.,False,0
17680,do you want to do that?,False,0
17681,oh.,False,0
17682,you would rather use your dinosaur belt.,False,0
17683,hey.,False,0
17684,are you trying to hurt Investigator?,False,0
17685,"that's not nice, Child.",False,0
17686,ok.,False,0
17687,"so what's, Child, what's Simon?",True,1
17688,"is he your, is he your father?",False,0
17689,"yo, Child.",False,0
17690,"Child, Investigator is asking you a question.",False,0
17691,what's Simon?,True,1
17692,is he your father?,False,0
17693,what is he?,True,1
17694,is he your sister?,False,0
17695,what is he?,True,1
17696,what is he though?,True,1
17697,he's Simon?,False,0
17698,but what is he?,True,1
17699,he's your little,False,0
17700,what?,False,0
17701,you know.,False,0
17702,no but what is he?,True,1
17703,and you're his big,False,0
17704,right.,False,0
17705,and he's your little,False,0
17706,"don't swing that belt around, please.",False,0
17707,do I have to take it from you?,False,0
17708,then please stop it.,False,0
17709,if you do it again Mom's going to take it.,True,1
17710,"yeah, I think that's not a good thing *NULL* to do.",True,1
17711,cause it's stretchy and when you let go it springs back and it,True,1
17712,it hits your face.,False,0
17713,and then you would cry.,False,0
17714,so it's not a good thing *NULL* to do.,True,1
17715,yeah and if you hit me I'd really cry.,True,1
17716,I'd cry so much.,False,0
17717,ah.,False,0
17718,Child!,False,0
17719,maybe you should put it back on.,False,0
17720,"yeah, why don't you put it on?",True,1
17721,cause I think it looked nicer with it on.,False,0
17722,I did too.,False,0
17723,it was a real fashion statement.,False,0
17724,what did I say about swinging that?,True,1
17725,"alright, I 'm taking it.",False,0
17726,there it goes.,False,0
17727,no.,False,0
17728,can you hold it nicely or put it around your waist?,False,0
17729,then do it.,False,0
17730,"not your wrist, your waist.",False,0
17731,this is your waist.,False,0
17732,around your belly.,False,0
17733,put it on.,False,0
17734,let's put the buckle in the front.,False,0
17735,are you trying to buckle it in the back?,False,0
17736,you want me to do it?,False,0
17737,alright.,False,0
17738,"yeah, I think that's a good idea.",False,0
17739,it looks like you're chasing your tail.,False,0
17740,I know.,False,0
17741,now don't take it off again or I 'm going to take it away.,False,0
17742,I 'm going to put it upstairs in your drawer.,False,0
17743,oh oh.,False,0
17744,"ok, give it to me.",False,0
17745,"yes, you've had enough warnings.",False,0
17746,yes.,False,0
17747,see what happens?,True,1
17748,then give it to me.,False,0
17749,then put it on your waist and don't remove it again.,False,0
17750,let me see the belt.,False,0
17751,oh.,False,0
17752,I 'm going to have to get ready to go home pretty soon.,False,0
17753,do you want to help me put my toys away?,False,0
17754,ok.,False,0
17755,where are they all?,True,1
17756,"you have em down there in your little wagon, I think.",False,0
17757,"oh, here's the wagon with all the toys.",False,0
17758,and don't forget the horse by the fireplace.,False,0
17759,"yup, don't forget my horse.",False,0
17760,thank you.,False,0
17761,"there he is, all warm.",False,0
17762,there goes the duck.,False,0
17763,there goes the elephant.,False,0
17764,is that everybody?,False,0
17765,was that all?,False,0
17766,"oh, what about those trucks, those cement mixers?",False,0
17767,where are those?,True,1
17768,he was probably trying to hide those.,False,0
17769,"oh, the zebra.",False,0
17770,oh and the zebra.,False,0
17771,I forgot all about him.,False,0
17772,he'll be sad.,False,0
17773,he would be all alone.,False,0
17774,thank you.,False,0
17775,thank you.,False,0
17776,what about the book?,False,0
17777,can you fit that in there too?,False,0
17778,bombs away.,False,0
17779,ok.,False,0
17780,now.,False,0
17781,"that's going to help me remember when I go home, so I can remember",True,1
17782,you know a dance?,False,0
17783,let's see.,False,0
17784,let's see this.,False,0
17785,I want to see your dance.,False,0
17786,wow.,False,0
17787,wow.,False,0
17788,that's a big dance.,False,0
17789,did you make that one up yourself?,False,0
17790,that's a good dance.,False,0
17791,yeah.,False,0
17792,sure.,False,0
17793,is that your breakdancing?,False,0
17794,"ah, that's great.",False,0
17795,that's very good.,False,0
17796,ok.,False,0
17797,this could go on all day.,False,0
17798,"how about one more, one more dance?",False,0
17799,yeah.,False,0
17800,"oh, the blanket dance.",False,0
17801,"wow, with the blanket.",False,0
17802,that's nice.,False,0
17803,"ok, come here.",False,0
17804,want to see what I brought?,True,1
17805,"ok, let's see what I've got.",True,1
17806,what's interesting?,True,1
17807,oh.,False,0
17808,you know what that is?,True,1
17809,what do you think that is?,True,1
17810,it doesn't have what?,False,0
17811,no.,False,0
17812,I have that.,False,0
17813,at the zoo?,False,0
17814,oh.,False,0
17815,did you see one of these too?,False,0
17816,what is it?,True,1
17817,what is that?,True,1
17818,I think it's either a dog or a wolf.,False,0
17819,I think it's a dog.,False,0
17820,it's a collie dog.,False,0
17821,do you think it's a dog?,False,0
17822,yeah?,False,0
17823,ok.,False,0
17824,did you see one of those at the zoo?,False,0
17825,you were going.,False,0
17826,"horsie, horsie?",False,0
17827,did he come over to you?,False,0
17828,yeah?,False,0
17829,did you see one of those?,False,0
17830,no?,False,0
17831,oh.,False,0
17832,know what these are?,True,1
17833,those are called cement mixers.,False,0
17834,and see this thing?,False,0
17835,it goes round and round.,False,0
17836,"it mix ups the, mix up the cement.",False,0
17837,mixes up the cement.,False,0
17838,yes.,False,0
17839,"well, that's called a porcupine.",False,0
17840,can you say porcupine?,False,0
17841,very good.,False,0
17842,"he's cute, isn't he?",False,0
17843,he has special long hairs.,False,0
17844,and they're sort of sharp.,False,0
17845,they're sort of hard hairs.,False,0
17846,so his hairs stick out like this.,False,0
17847,like that.,False,0
17848,they stick out.,False,0
17849,yeah.,False,0
17850,what?,False,0
17851,what is his face called?,True,1
17852,"oh, I think it's called a porcupine face.",False,0
17853,what?,False,0
17854,what are these?,True,1
17855,those are his special hairs.,False,0
17856,they're called quills.,False,0
17857,and you put them inside what?,False,0
17858,oh.,False,0
17859,you like that?,False,0
17860,you like the porcupine?,False,0
17861,yeah.,False,0
17862,he's nice.,False,0
17863,the porcupine's my favorite.,False,0
17864,yeah.,False,0
17865,isn't that nice?,False,0
17866,yeah.,False,0
17867,"hi, zebra.",False,0
17868,do you like the zebra too?,False,0
17869,mhm.,False,0
17870,there he goes.,False,0
17871,wow.,False,0
17872,"he's a climbing zebra, huh?",False,0
17873,tell zebra.,False,0
17874,come down.,False,0
17875,good zebra.,False,0
17876,what's that?,True,1
17877,porcupine.,False,0
17878,porcupine.,False,0
17879,porcupine.,False,0
17880,"oh, does that hurt your head?",False,0
17881,he's squeaking on your head.,False,0
17882,you do yukyuk?,False,0
17883,would you like to build blocks?,False,0
17884,"well, pick up the porcupine.",False,0
17885,"ok, you can put em where you want.",True,1
17886,"oh, you have a special place *NULL* to put blocks.",True,1
17887,this is well worth its weight in gold.,False,0
17888,these winters are so long.,False,0
17889,I was telling my husband that my Lego skills are improving and it's,False,0
17890,"Child, you want to get the blocks for me?",False,0
17891,let's do Legos.,False,0
17892,I like Legos.,False,0
17893,yeah.,False,0
17894,"they all live in there, huh?",False,0
17895,"oh boy, do you have a lot of them?",False,0
17896,here they come.,False,0
17897,ok.,False,0
17898,can you open it?,False,0
17899,hard job.,False,0
17900,"oops, I think you tipped them the wrong way.",False,0
17901,now we have to go over and get them.,False,0
17902,"yeah, you just come where I dropped em.",True,1
17903,ok.,False,0
17904,"ah, here they come.",False,0
17905,oh great.,False,0
17906,oh boy.,False,0
17907,lots.,False,0
17908,is this a Lego people or is it just an outside member of the,False,0
17909,"yeah, that's a different company.",False,0
17910,"that's Duplo, I think.",False,0
17911,ok.,False,0
17912,I like to keep my toys straight.,False,0
17913,we have lots of blocks.,False,0
17914,I want to build a big house.,False,0
17915,ok.,False,0
17916,"ok, should we start building?",False,0
17917,"ok, I 'm going to start.",False,0
17918,can I do some too?,False,0
17919,ok.,False,0
17920,ok.,False,0
17921,like that?,False,0
17922,that's good.,False,0
17923,um.,False,0
17924,that's right.,False,0
17925,I don't know.,False,0
17926,can you find a door?,False,0
17927,here's a window.,False,0
17928,"oh, good.",False,0
17929,and maybe that's door.,False,0
17930,I don't know.,False,0
17931,I cann't tell.,False,0
17932,now these little ones only fit on the ones that have open spaces.,True,1
17933,they willn't fit on the other ones.,False,0
17934,I see.,False,0
17935,that's the difference between Legos and Duplos.,False,0
17936,they fit on these.,False,0
17937,mhm.,False,0
17938,does it go on there?,False,0
17939,"well, let's try this one.",False,0
17940,like this?,False,0
17941,"well, it willn't go on that way.",False,0
17942,you have to turn it around the other way.,False,0
17943,come here.,False,0
17944,Child.,False,0
17945,where'd she go?,True,1
17946,there she is.,False,0
17947,come back.,False,0
17948,we miss you.,False,0
17949,no?,False,0
17950,come here.,False,0
17951,come help us build.,False,0
17952,"Child, we need a house for this guy right here.",False,0
17953,what's his name?,True,1
17954,this guy right here.,False,0
17955,what's his name?,True,1
17956,mhm.,False,0
17957,his name's boy?,False,0
17958,alright.,False,0
17959,where shall we put em?,True,1
17960,right there?,False,0
17961,he willn't fit in there.,False,0
17962,do you need any specific information?,False,0
17963,no.,False,0
17964,no?,False,0
17965,doesn't go in?,False,0
17966,oop.,False,0
17967,what's the matter?,True,1
17968,are you grouchy?,False,0
17969,"you look like, you like the grouch.",False,0
17970,"oh, yeah.",False,0
17971,Colonel Green Back?,False,0
17972,"oh, no.",False,0
17973,really?,False,0
17974,that's not very nice.,False,0
17975,come back here.,False,0
17976,come here.,False,0
17977,why?,False,0
17978,there's not an owl up there.,False,0
17979,"well, don't be scared.",False,0
17980,come over here.,False,0
17981,want me to hold you?,False,0
17982,oh.,False,0
17983,you saw an owl?,False,0
17984,where was the owl?,True,1
17985,it was?,False,0
17986,oh dear.,False,0
17987,what?,False,0
17988,do you see that?,False,0
17989,the girl and the boy?,False,0
17990,a tv?,False,0
17991,"oh, I know what we could do.",True,1
17992,we could make a tv and have one of these people be on tv.,False,0
17993,should we do that?,False,0
17994,"ok, let's see if we can do that.",True,1
17995,"oh, the girl's going to be on tv.",False,0
17996,maybe.,False,0
17997,I think the girl's going to have to stand on this thing and have the tv be someplace else.,False,0
17998,there.,False,0
17999,can this be the tv?,False,0
18000,can this be the tv set?,False,0
18001,I don't know how to do this.,True,1
18002,"oh, I've got it.",False,0
18003,"look, she's got to look through the hole though.",False,0
18004,that's the whole thing.,False,0
18005,maybe if she stands on the ground.,True,1
18006,"see, now she's on your tv?",False,0
18007,ok.,False,0
18008,can I see her?,False,0
18009,I 'm going to look through.,False,0
18010,there they are.,False,0
18011,they're both on tv.,False,0
18012,see em?,False,0
18013,yay.,False,0
18014,ok.,False,0
18015,"oh, you're making a house right there?",False,0
18016,ok.,False,0
18017,oh dear.,False,0
18018,you can fix it.,False,0
18019,good.,False,0
18020,"oh boy, two tvs.",False,0
18021,"yeah, there's one and there's one.",False,0
18022,what's on your shoe?,True,1
18023,what is that?,True,1
18024,"oh, a Popple.",False,0
18025,oh.,False,0
18026,I just learned about Popples recently.,False,0
18027,"Child, you have two Popples, don't you?",False,0
18028,you had a dream about Popples?,False,0
18029,and zebras and wolves?,False,0
18030,"oh, you had a funny dream.",False,0
18031,was it scary?,False,0
18032,and sheeps?,False,0
18033,ten sheep?,False,0
18034,oh.,False,0
18035,"oh, that's nice.",False,0
18036,I bet they liked that.,False,0
18037,did they like that?,False,0
18038,"oh, that's nice.",False,0
18039,you're nice to the animals.,False,0
18040,you want to pet my elephant?,False,0
18041,ok.,False,0
18042,"ah, you like animals.",False,0
18043,did you show her what we have at our house?,True,1
18044,what do we have in the kitchen that's alive that's in a bowl?,True,3
18045,that we feed and take care of?,True,2
18046,go look in the kitchen.,False,0
18047,what do we have in there?,True,1
18048,should I come with you to look at it in the kitchen?,False,0
18049,"ok, good.",False,0
18050,"oh, I see it.",False,0
18051,"it's up here, Child.",False,0
18052,I see it.,False,0
18053,oh.,False,0
18054,yeah.,False,0
18055,she's having a ball with you here.,False,0
18056,not often a two year old gets company from their very,False,0
18057,I know.,False,0
18058,this is something *NULL* she doesn't know what to do.,True,2
18059,"why, what's in there?",True,1
18060,sure.,False,0
18061,"oh, you're going to stand up and look at them, huh?",False,0
18062,can I move you a little closer so you can see better?,False,0
18063,how's that?,True,1
18064,right.,False,0
18065,"but we don't put our fingers in, right?",False,0
18066,that's Andrew's and that's yours?,False,0
18067,is that what you said?,True,1
18068,mhm.,False,0
18069,yeah.,False,0
18070,do you want a banana?,False,0
18071,are you going to be a monkey?,False,0
18072,hold on to it.,False,0
18073,hang on to it.,False,0
18074,yeah.,False,0
18075,are you going to hang onto it?,False,0
18076,hang on tight.,False,0
18077,you don't want to lose it.,False,0
18078,are you going to hang onto it now?,False,0
18079,can I put it right here for now?,False,0
18080,is that ok?,False,0
18081,or do you want some more now?,False,0
18082,do you want to wait til later?,False,0
18083,why don't we leave it right there?,True,1
18084,that'll be fine.,False,0
18085,ok.,False,0
18086,want to come down?,False,0
18087,you're going to go down yourself.,False,0
18088,you're a little monkey.,False,0
18089,those are your life savers.,False,0
18090,you can bring those in the other room if you want.,True,1
18091,Andrew's the four year old?,False,0
18092,yeah.,False,0
18093,uhhuh.,False,0
18094,he's four and a half.,False,0
18095,who's Andrew?,True,1
18096,ok.,False,0
18097,who's Andrew?,True,1
18098,he is?,False,0
18099,is he nice to you?,False,0
18100,yeah.,False,0
18101,you guys play all the time together.,False,0
18102,what do you like to play?,True,1
18103,do you remember?,False,0
18104,bears?,False,0
18105,what's bears?,True,1
18106,what happened when the three bears came home and saw Goldilocks?,True,2
18107,what did she do,True,1
18108,"well, let's see.",False,0
18109,"ok, let's see what you sound like.",True,1
18110,"let's, can you talk into this and say.",False,0
18111,"hello, tape recorder?",False,0
18112,"hello, tape recorder.",False,0
18113,say.,False,0
18114,hello.,False,0
18115,no?,False,0
18116,can you say?,False,0
18117,hello?,False,0
18118,you think it's a telephone.,False,0
18119,shall we listen?,False,0
18120,you've turned it on.,False,0
18121,now you can talk.,False,0
18122,want to talk to it?,False,0
18123,do you want to hear yourself?,False,0
18124,"well, nothing much happens when you open it.",True,1
18125,it looks like that.,False,0
18126,maybe you can help Observer put her toys back in the bag for her.,False,0
18127,could you do that?,False,0
18128,"yeah, I have to get ready to go home.",False,0
18129,remember all her animals?,False,0
18130,want to help me?,False,0
18131,yeah.,False,0
18132,there.,False,0
18133,there's the porcupine.,False,0
18134,yup.,False,0
18135,did you have a nice nap?,False,0
18136,you look really sleepy.,False,0
18137,remember my elephant?,False,0
18138,and my truck?,False,0
18139,you didn't see this last time.,False,0
18140,this is a book.,False,0
18141,you want to look at it?,False,0
18142,has lots of pictures.,False,0
18143,lookit.,False,0
18144,those are pictures of toys.,False,0
18145,you know what that is?,True,1
18146,do you take milk or sugar?,False,0
18147,"milk, please.",False,0
18148,do you know what those are?,True,1
18149,I bet you don't know what those are.,True,1
18150,is that paint?,False,0
18151,yeah?,False,0
18152,what else do you know?,True,1
18153,do you know what those are?,True,1
18154,I think they're roller skates.,False,0
18155,yeah.,False,0
18156,do you know what that is?,True,1
18157,it's a yoyo.,False,0
18158,yoyo.,False,0
18159,"oh, you know what that is, right?",True,1
18160,right.,False,0
18161,what about those?,False,0
18162,do you know what those are?,True,1
18163,thank you.,False,0
18164,did you wake up?,False,0
18165,"oh, I know it.",False,0
18166,you just woke up.,False,0
18167,didn't ya?,False,0
18168,do you still have a little cold?,False,0
18169,yeah.,False,0
18170,did you medicine today?,False,0
18171,huh?,False,0
18172,you and Andrew ate crackers with cream cheese and jelly on,False,0
18173,"oop, telephone.",False,0
18174,can you sit here for one second?,False,0
18175,"yes, you can.",False,0
18176,"yes, you can.",False,0
18177,shall we look at my book a little more?,False,0
18178,ok.,False,0
18179,where did I put it?,True,1
18180,you know what that is?,True,1
18181,what is it?,True,1
18182,it's a fire truck.,False,0
18183,let's see.,False,0
18184,"oh, here are summer words and fall words.",False,0
18185,do you know what that is?,True,1
18186,"that's a, a winter word.",False,0
18187,what is that?,True,1
18188,is that a Christmas tree?,False,0
18189,and what's that?,True,1
18190,you know what that is?,True,1
18191,right.,False,0
18192,what's that?,True,1
18193,right.,False,0
18194,let's see.,False,0
18195,that is a kind of sea shell.,False,0
18196,and,False,0
18197,yeah.,False,0
18198,and when you go to the beach you can find these.,True,1
18199,and you can bring them home.,False,0
18200,they're really nice.,False,0
18201,and there's a crab.,False,0
18202,they live in the water.,False,0
18203,yeah.,False,0
18204,do you know what some of these things are?,True,1
18205,do you know what that is?,True,1
18206,right.,False,0
18207,and what's that?,True,1
18208,do you know what that is?,True,1
18209,it's a saw.,False,0
18210,yeah.,False,0
18211,huh?,False,0
18212,"aren't ya, aren't ya in a playful mood?",False,0
18213,"we're not doing too good today, are we?",False,0
18214,you're a sleepy bear.,False,0
18215,I've been on the phone all morning.,False,0
18216,"my grandmother's dying, so I've been like",False,0
18217,oh dear.,False,0
18218,"and *NULL* we went grocery shopping, I left the groceries.",True,1
18219,walked out.,False,0
18220,and you fell asleep.,False,0
18221,right?,False,0
18222,"yeah, right, right.",False,0
18223,anything *NULL* you say.,True,1
18224,do you remember the book that Aunt Ann gave you at the,True,1
18225,remember that book *NULL* she gave you?,True,1
18226,it was about bunnies or a duck.,False,0
18227,which one's yours?,True,1
18228,are they over there?,False,0
18229,"which one's yours, which one's Andrew's.",True,2
18230,can you find em?,False,0
18231,what?,False,0
18232,what?,False,0
18233,what?,False,0
18234,can you go get em?,False,0
18235,we'll look at em.,False,0
18236,can you get em for me?,False,0
18237,they're right there on the table.,False,0
18238,right there.,False,0
18239,now which one's yours?,True,1
18240,this is Andrew's?,False,0
18241,ok.,False,0
18242,this is yours?,False,0
18243,oh.,False,0
18244,about a mama duck.,False,0
18245,oh.,False,0
18246,there's mama hen.,False,0
18247,and where's her chicks?,True,1
18248,they're there.,False,0
18249,Mama duck?,False,0
18250,let's find her.,False,0
18251,let's find her.,False,0
18252,is that Mama Duck?,False,0
18253,that's right.,False,0
18254,and she has how many chicks?,False,0
18255,"one, two, three, four chicks.",False,0
18256,that one didn't open yet.,False,0
18257,I don't know.,False,0
18258,they're looking at it.,False,0
18259,they're saying.,False,0
18260,why isn't number five opening?,True,1
18261,"oh, the next day Mama Duck took the babies for a swim.",False,0
18262,that's not a shark.,False,0
18263,just a fish.,False,0
18264,when she got back the barnyard was buzzing.,True,1
18265,Eliza came and took your egg for the Easter egg hunt tomorrow.,False,0
18266,"oh, oh.",False,0
18267,"they hid Mama, Mama, uh, Chick's egg.",False,0
18268,"oh, oh, poor Mama Duck.",False,0
18269,she's mad.,False,0
18270,she doesn't know which egg is hers.,True,1
18271,"look, they colored it.",False,0
18272,which is her egg?,True,1
18273,which one?,False,0
18274,that one?,False,0
18275,the green one?,False,0
18276,maybe.,False,0
18277,maybe it is.,False,0
18278,let's see.,False,0
18279,"oh, she's talking to the people who colored the egg.",True,1
18280,she's going to sit on all the eggs until one of them hatches.,False,0
18281,which one do you think is going to open up?,True,1
18282,she's waiting and waiting.,False,0
18283,"oh, what happened?",True,1
18284,here's the baby duck.,False,0
18285,that one too?,False,0
18286,let's see.,False,0
18287,"uh, nope, that's all.",False,0
18288,just that baby duck.,False,0
18289,isn't that nice?,False,0
18290,you turn the page.,False,0
18291,show me which page you like.,True,1
18292,show me which one.,False,0
18293,"oh, we are in a mood today.",False,0
18294,which one do you like?,True,1
18295,this page?,False,0
18296,you do?,False,0
18297,did you tell Investigator we're going to go to a farm?,False,0
18298,really?,False,0
18299,mhm.,False,0
18300,what are you going to see there?,True,1
18301,what are those?,True,1
18302,cows.,False,0
18303,that's right.,False,0
18304,oh boy.,False,0
18305,you're going to see some horsies there too.,False,0
18306,did we see any horsies?,False,0
18307,yeah.,False,0
18308,there's a mama and a baby.,False,0
18309,mhm.,False,0
18310,that's a baby horse.,False,0
18311,uhuh.,False,0
18312,those are two baby goats.,False,0
18313,mhm.,False,0
18314,that's the mama horse.,False,0
18315,that's the mama goat.,False,0
18316,"oh, it is?",False,0
18317,someone's working downstairs.,False,0
18318,yeah.,False,0
18319,you want to see what he's doing?,True,1
18320,"no, Andrew's at school.",False,0
18321,but you know while Andrew's gone we can play with his memory game.,False,0
18322,cause he willn't know.,False,0
18323,teaching her to be devious.,False,0
18324,we can play with this and he willn't even know about it!,False,0
18325,"we'll put it all back, ok?",False,0
18326,yeah.,False,0
18327,do you want to see these?,False,0
18328,ok.,False,0
18329,why don't we take them out first and then we can put em back.,True,1
18330,that's a good idea.,False,0
18331,ok?,False,0
18332,you want to dump em?,False,0
18333,"ok, you take em out.",False,0
18334,"ok, I'll take em out.",False,0
18335,no problem.,False,0
18336,what do we have here?,True,1
18337,mhm.,False,0
18338,do you know what?,False,0
18339,that's the zebra there.,False,0
18340,what do you have?,True,1
18341,"oh, look at all those guys.",False,0
18342,I don't know.,False,0
18343,want me to see if I can find em?,True,1
18344,"wow, there are some.",False,0
18345,there's some others that kind a go together.,True,1
18346,big animals there.,False,0
18347,"what do you think, Child?",True,1
18348,ok.,False,0
18349,can you match up some of these?,False,0
18350,ok.,False,0
18351,what do ya want?,True,1
18352,you want all those?,False,0
18353,ok.,False,0
18354,"oh, I 'm looking.",False,0
18355,I haven't found the other bunny rabbit yet.,False,0
18356,have you found the other bunny?,False,0
18357,where did you get that duck?,True,1
18358,"um, got it south of here in a little town.",False,0
18359,really?,False,0
18360,yeah.,False,0
18361,I really like it.,False,0
18362,my father has a collection of decoy ducks and that would be a great,False,0
18363,"if I find the name of that shop I'll, uh, I'll ask my",True,1
18364,"I was looking at that duck, that red and green duck over",False,0
18365,yeah.,False,0
18366,see him?,False,0
18367,my husband had to do some work in this town a couple,False,0
18368,and we decided to go for the ride.,False,0
18369,right there.,False,0
18370,look.,False,0
18371,look.,False,0
18372,look over there.,False,0
18373,right there.,False,0
18374,now look down.,False,0
18375,oops.,False,0
18376,I bet cha you know where he is and you're playing a trick.,True,1
18377,lookit.,False,0
18378,he's right over there.,False,0
18379,he's pretty.,False,0
18380,you don't like him?,False,0
18381,"oh, ok.",False,0
18382,really?,False,0
18383,wow.,False,0
18384,did that scare you?,False,0
18385,that's that duck.,False,0
18386,remember him?,False,0
18387,that's what you did to him last time.,True,1
18388,"Child, I found your rabbit.",False,0
18389,uhhuh.,False,0
18390,a duck.,False,0
18391,"squeak, squeak, squeak.",False,0
18392,what does a duck really say?,True,1
18393,do you know?,False,0
18394,what does a real duck say?,True,1
18395,look what I've got.,True,1
18396,can you find the mama bunny?,False,0
18397,the mama rabbit?,False,0
18398,good.,False,0
18399,where's the baby?,True,1
18400,alright.,False,0
18401,what's this thing?,True,1
18402,where's the baby one?,True,1
18403,what?,False,0
18404,that one?,False,0
18405,"ok, pick it up.",False,0
18406,where's the mama crocodile with the big teeth?,True,1
18407,aaaro,False,0
18408,"ok, where's the cow?",True,1
18409,where's the mama cow?,True,1
18410,yay.,False,0
18411,what's left?,True,1
18412,what's that thing?,True,1
18413,fox.,False,0
18414,what did she call it?,True,1
18415,racoon.,False,0
18416,that's a baby fox.,False,0
18417,"no, it's a fox.",False,0
18418,we'll have to find the racoon.,False,0
18419,I don't have a racoon in here.,False,0
18420,I've just got other ones here.,False,0
18421,you know what that's called?,True,1
18422,yes.,False,0
18423,yes.,False,0
18424,it's called a rhino.,False,0
18425,that's a baby rhino.,False,0
18426,mhm.,False,0
18427,where's the duck?,True,1
18428,yay.,False,0
18429,yup.,False,0
18430,"oh, now there are three ducks.",False,0
18431,yay.,False,0
18432,which one is the one that's standing up?,True,2
18433,"is that a mama, or a daddy, or a baby?",False,0
18434,tough question.,False,0
18435,"oh, that's a mommy?",False,0
18436,"oh, ok.",False,0
18437,ok.,False,0
18438,that seems good.,False,0
18439,really?,False,0
18440,it's a very tall baby.,False,0
18441,"oh, ok.",False,0
18442,"there he's, now he's not as tall.",False,0
18443,"night, Duck.",False,0
18444,is he going to fly?,False,0
18445,dancing?,False,0
18446,you have a tape recorder?,False,0
18447,oh.,False,0
18448,look at that.,False,0
18449,"oh, let's hear some music.",False,0
18450,going to hear rock and roll?,False,0
18451,rock and roll.,False,0
18452,why isn't it going?,True,1
18453,hmm.,False,0
18454,see if you can turn that over.,True,1
18455,push it over.,False,0
18456,I think you've got it.,False,0
18457,"oh, I have to dance to your rock and roll.",False,0
18458,you danced for me last time.,False,0
18459,"oh, look at that.",False,0
18460,good dancing.,False,0
18461,that's nice.,False,0
18462,"yes, what's your rock and roll song?",True,1
18463,she's waking up now.,False,0
18464,yeah.,False,0
18465,that's nice.,False,0
18466,"oh, that's your break dance?",False,0
18467,boy oh boy.,False,0
18468,who taught you that?,True,1
18469,not Aunt Ann.,False,0
18470,not Beth.,False,0
18471,how about your brother?,False,0
18472,Beth taught you how to break_dance?,True,1
18473,oh.,False,0
18474,that was nice.,False,0
18475,you have Beth *NULL* to thank for this.,True,1
18476,"yeah, really.",False,0
18477,very good.,False,0
18478,Child.,False,0
18479,I think this thing is losing its batteries.,False,0
18480,can I plug it in?,False,0
18481,sure.,False,0
18482,I have my plugger with me.,False,0
18483,"there, I 'm going to plug in my tape recorder so that I don't miss",False,0
18484,I hate it when I miss things.,True,1
18485,yeah.,False,0
18486,did last week's work out alright?,False,0
18487,"yeah, it was fine.",False,0
18488,"it was, I, when I played it back on a different tape recorder there",True,1
18489,so,False,0
18490,good.,False,0
18491,yeah.,False,0
18492,now can we schedule another time?,False,0
18493,I was going to.,False,0
18494,"oh, ok.",False,0
18495,"I 'm having some tea but sure, I'll have tea with you.",False,0
18496,where should I put this?,True,1
18497,um.,False,0
18498,"well, there's one right here.",False,0
18499,"yeah, that'll be good.",False,0
18500,"here, I 'm just going to run the cord behind you.",False,0
18501,"well, why don't you bring it right here?",True,1
18502,ok.,False,0
18503,right here?,False,0
18504,ok.,False,0
18505,oh boy.,False,0
18506,now what were you saying?,True,1
18507,you wanted to schedule another appointment?,False,0
18508,yeah.,False,0
18509,wednesday I 'm going to be out.,False,0
18510,she's going to be with a baby sitter.,False,0
18511,"well, this, this is the only",False,0
18512,I mean there are only two.,False,0
18513,this is it.,False,0
18514,"oh, good.",False,0
18515,ok.,False,0
18516,good.,False,0
18517,yeah.,False,0
18518,"hey, I don't know.",False,0
18519,is it in there?,False,0
18520,that's for the milk.,False,0
18521,this is the creamer.,False,0
18522,mhm.,False,0
18523,yeah.,False,0
18524,this is for the milk.,False,0
18525,this is my tea cup.,False,0
18526,"yeah, I guess this is my tea cup over here.",False,0
18527,would you give us some tea?,False,0
18528,"no, no, this is the milk right here.",False,0
18529,that's just another cup.,False,0
18530,that's for the sugar.,False,0
18531,mhm.,False,0
18532,"yes, that's the milk.",False,0
18533,"oh, good.",False,0
18534,thank you.,False,0
18535,my husband didn't take the hose off and he burst the pipe.,False,0
18536,"oh, really?",False,0
18537,"well, you ended up with such a nice little art object there.",False,0
18538,"yeah, right.",False,0
18539,"I 'm sure the children will find something *NULL* to do with this, as long",True,1
18540,"oh, thank you.",False,0
18541,this is mine?,False,0
18542,"ok, thank you.",False,0
18543,"mmm, delicious.",False,0
18544,you make delicious tea.,False,0
18545,"thank you, Child.",False,0
18546,ok.,False,0
18547,"mmm, that's good tea.",False,0
18548,I should drink this tea?,False,0
18549,ok.,False,0
18550,mmm.,False,0
18551,"yeah, it's really good.",False,0
18552,yeah.,False,0
18553,did I make it?,False,0
18554,I think Mommy made it.,False,0
18555,mhm.,False,0
18556,"yeah, I made the tea.",False,0
18557,uhhuh.,False,0
18558,what?,False,0
18559,what's for the tea?,True,1
18560,I don't know.,False,0
18561,what's for my tea?,True,1
18562,what?,False,0
18563,don't ask questions.,False,0
18564,just come on.,False,0
18565,whoa.,False,0
18566,I think I'll move this over here.,False,0
18567,"no, that's for my coffee.",False,0
18568,those are coffee filters.,False,0
18569,that's for my coffee.,False,0
18570,there's nothing in there for my tea.,False,0
18571,"oh, bless you.",False,0
18572,no.,False,0
18573,nothing for my tea.,False,0
18574,Koolade?,False,0
18575,how about apple juice?,False,0
18576,ok.,False,0
18577,"oh, I have to come in and see the gold fish again.",False,0
18578,"yeah, I like your gold fish.",False,0
18579,"yeah, I like them.",False,0
18580,you want to move closer?,False,0
18581,there you go.,False,0
18582,"lookit, don't put your finger in though.",False,0
18583,"oh, he looks like he thinks he's going to get something *NULL* to eat.",True,1
18584,would you like to feed em?,False,0
18585,oh boy.,False,0
18586,look at that.,False,0
18587,hey!,False,0
18588,"boy, are they excited!",False,0
18589,this little guy over here.,False,0
18590,"oh, there he.",False,0
18591,"no, over there.",False,0
18592,he'll know to get it.,False,0
18593,give him a second.,False,0
18594,he knows.,False,0
18595,come on over here.,False,0
18596,come on.,False,0
18597,he gets so excited he forgets to look for the food.,False,0
18598,"oh, now he's got it.",False,0
18599,"oh, he got a big piece.",False,0
18600,"oh, this is good.",False,0
18601,he eats bubbles.,False,0
18602,he thinks they're food.,False,0
18603,"oh, there, he got another one.",False,0
18604,yay.,False,0
18605,"alright, now they've had their little snack.",False,0
18606,they feel so much better.,False,0
18607,there.,False,0
18608,"there you go, fish.",False,0
18609,they know dinner's over.,False,0
18610,"no, we're not going to have today.",False,0
18611,you're going to have your Koolade.,False,0
18612,you going to have Koolade?,False,0
18613,no thanks.,False,0
18614,I had some tea.,False,0
18615,"want a, want a lift?",False,0
18616,whoa.,False,0
18617,you going to be right here?,False,0
18618,a little bit?,False,0
18619,"oh, that's good.",False,0
18620,that's a little Koolade.,False,0
18621,here.,False,0
18622,"ok, should I mix it around?",False,0
18623,ok.,False,0
18624,I think it's going to be pretty hard to get it all dissolved.,False,0
18625,"there, I think that's good.",False,0
18626,I don't hear too much crunching around on the bottom.,False,0
18627,how is it?,True,1
18628,is it good?,False,0
18629,Child.,False,0
18630,does that make you feel better?,False,0
18631,it's like Koolade soup that way.,False,0
18632,"mm, that's so good.",False,0
18633,ah.,False,0
18634,what?,False,0
18635,"oh, the pony cup.",False,0
18636,mommy uses that pony cup for the fish.,False,0
18637,I don't think anybody really wants to drink out of that.,False,0
18638,Skittles?,False,0
18639,"no, Mommy's not going to put any Skittles in that pony cup.",False,0
18640,what's Skittles?,True,1
18641,what is it?,True,1
18642,ok.,False,0
18643,do you?,False,0
18644,ok.,False,0
18645,sounds like a good plan.,False,0
18646,let it record some more now.,False,0
18647,then we can listen later.,False,0
18648,ok?,False,0
18649,so what did she do when she took your pajamas off?,True,2
18650,did she throw you in the bath tub?,False,0
18651,sounds like a good story.,False,0
18652,yeah?,False,0
18653,did you do a good job?,False,0
18654,ah.,False,0
18655,Child likes her bubble baths.,False,0
18656,that's her favorite thing.,False,0
18657,I like bubble baths too.,False,0
18658,"oh, you watch danger mouse?",False,0
18659,I like danger mouse.,False,0
18660,I just learned about that recently.,False,0
18661,somebody combed your hair?,False,0
18662,who always does that?,True,1
18663,yeah.,False,0
18664,you look pretty.,False,0
18665,mm.,False,0
18666,that must be good Koolade.,False,0
18667,it doesn't look like chicken soup.,False,0
18668,you think so?,False,0
18669,what kind of chicken soup do you eat?,True,1
18670,red chicken soup?,False,0
18671,"Child, you're going to be all wet.",False,0
18672,it's too bad it's not appropriate to dress your children in black.,False,0
18673,she does so much better in jeans than anything else.,False,0
18674,what cha got in there?,True,1
18675,ho ho.,False,0
18676,that Koolade's giving you a red mouth.,False,0
18677,yeah.,False,0
18678,you look like a little elf.,False,0
18679,Robby?,False,0
18680,Robby?,False,0
18681,yesterday.,False,0
18682,did Brian come over?,False,0
18683,you want to drink your Koolade?,False,0
18684,do you have to go to the bathroom?,False,0
18685,do you have to go potty?,False,0
18686,you look like a clown.,False,0
18687,do you have to go potty?,False,0
18688,but do you have to go potty?,False,0
18689,I'll wait for you if you have to go.,True,1
18690,want to go potty?,False,0
18691,you sure?,False,0
18692,alright.,False,0
18693,yeah?,False,0
18694,yay.,False,0
18695,should we play with Investigator too?,False,0
18696,"ok, throw it to Investigator.",False,0
18697,throw it to Investigator.,False,0
18698,are you going to throw it to me or what?,False,0
18699,ok.,False,0
18700,"oh, got it.",False,0
18701,shall I throw it back to you?,False,0
18702,yay.,False,0
18703,ok.,False,0
18704,yay.,False,0
18705,isn't Mommy going to get to play any more?,False,0
18706,"oh, oh, oh, I got it.",False,0
18707,"ok, get ready.",False,0
18708,here it comes.,False,0
18709,get your hands ready.,False,0
18710,here it comes.,False,0
18711,yay.,False,0
18712,good catch.,False,0
18713,caught it.,False,0
18714,"yeah, I know.",False,0
18715,the Mickey Mouse?,False,0
18716,ok.,False,0
18717,"yes, I have my shoes on.",False,0
18718,"well, you should stay up here then.",False,0
18719,yeah.,False,0
18720,if you want me to.,True,1
18721,I think Mommy's going to come right back up though.,False,0
18722,here she is already.,False,0
18723,"ok, I'll put it on the back of your chair.",False,0
18724,uhuh.,False,0
18725,"here, now you can put it in.",False,0
18726,you going to do it?,False,0
18727,you want it over here?,False,0
18728,"ok, there.",False,0
18729,"well, go put it in right there.",False,0
18730,put it in.,False,0
18731,don't get,False,0
18732,put it in.,False,0
18733,I want to see what happens.,True,1
18734,yay.,False,0
18735,you going to do it again?,False,0
18736,alright.,False,0
18737,yay.,False,0
18738,I do it?,False,0
18739,"ok, throw it here.",False,0
18740,she passes.,False,0
18741,yay.,False,0
18742,get your hands ready.,False,0
18743,"ok, there you go.",False,0
18744,"get it, Child.",False,0
18745,put it in.,False,0
18746,yay.,False,0
18747,she scores.,False,0
18748,yay.,False,0
18749,alright.,False,0
18750,alright.,False,0
18751,ready?,False,0
18752,ok.,False,0
18753,ready.,False,0
18754,yay.,False,0
18755,did you hurt yourself?,False,0
18756,"oh, no.",False,0
18757,let me see.,False,0
18758,"oh, I don't see it.",False,0
18759,right down there?,False,0
18760,"oh, let me see.",False,0
18761,I missed it.,False,0
18762,"oh, that little booboo.",False,0
18763,that looks like an old booboo.,False,0
18764,Fritzi's the dog across the street.,False,0
18765,yeah?,False,0
18766,is Fritzi rough?,False,0
18767,did it hurt?,False,0
18768,"it's ok now though, right?",False,0
18769,"yeah, I thought so.",False,0
18770,"oh, good.",False,0
18771,"oh, good.",False,0
18772,she doesn't know about goochigachif.,False,0
18773,your brother does that to you.,False,0
18774,daddy does that to you?,False,0
18775,"no, Andrew.",False,0
18776,"oh, Andrew does it.",False,0
18777,oh.,False,0
18778,I don't know.,False,0
18779,where'd it go?,True,1
18780,"oh, I 'm going to get it.",False,0
18781,"oh, are you ok?",False,0
18782,you sure?,False,0
18783,be careful.,False,0
18784,good shot.,False,0
18785,yay.,False,0
18786,"hey, good shot.",False,0
18787,alright.,False,0
18788,you like basketball.,False,0
18789,yay.,False,0
18790,"oh, look, his eyes move.",False,0
18791,is it a what?,False,0
18792,balloon?,False,0
18793,I don't think so.,False,0
18794,"um, I don't know.",False,0
18795,it's a stick that makes his eyes move.,True,1
18796,I could freeze out there?,False,0
18797,whip the trees?,False,0
18798,with a stick?,False,0
18799,Andrew,False,0
18800,we see a lot of her brother's influence.,False,0
18801,yay.,False,0
18802,"hey, what a shot.",False,0
18803,"oh, good, you want to make me a picture?",False,0
18804,"alright, want some paper?",False,0
18805,let's see if I can find some.,True,1
18806,is this your paper collection?,False,0
18807,yeah.,False,0
18808,would you like to do this one?,False,0
18809,yeah.,False,0
18810,"oh, we both want it.",False,0
18811,it's beautiful.,False,0
18812,"yeah, it's nice.",False,0
18813,thank you.,False,0
18814,ok.,False,0
18815,"oh, that's very pretty.",False,0
18816,that's very nice.,False,0
18817,yes.,False,0
18818,very nice.,False,0
18819,you did a nice job.,False,0
18820,"um, could be.",False,0
18821,could be.,False,0
18822,would you like to color it in?,False,0
18823,here.,False,0
18824,Andrew's got some dinosaur books.,False,0
18825,you want to use a dinosaur book?,False,0
18826,oh boy.,False,0
18827,"oh, look at these dinosaurs.",False,0
18828,it's not colored in?,False,0
18829,ok.,False,0
18830,you make a dinosaur right there?,False,0
18831,"I've got to make a dinosaur, huh?",False,0
18832,I have to see what they look like.,True,1
18833,let's see.,False,0
18834,how do I make a dinosaur?,True,1
18835,curly hair?,False,0
18836,everybody has curly hair.,False,0
18837,"oh, should we tell her our poem?",False,0
18838,do you remember our poem?,False,0
18839,there once was a girl who had one little curl right in the middle.,True,1
18840,it means terrible.,False,0
18841,terrible means she was naughty.,False,0
18842,does it mean really bad?,False,0
18843,yes.,False,0
18844,oh.,False,0
18845,what?,False,0
18846,knuckles.,False,0
18847,"yeah, knuckles.",False,0
18848,knuckles.,False,0
18849,everybody's got knuckles.,False,0
18850,see?,False,0
18851,uhhuh.,False,0
18852,I have some too.,False,0
18853,see?,False,0
18854,these guys?,False,0
18855,"those wrinkly guys, yeah.",False,0
18856,knuckles.,False,0
18857,mhm.,False,0
18858,ok.,False,0
18859,now what?,False,0
18860,his legs?,False,0
18861,who's this going To be?,True,1
18862,a boy or a girl?,False,0
18863,oh.,False,0
18864,I don't want it to scare me.,False,0
18865,is what going to be?,False,0
18866,no.,False,0
18867,where's his legs?,True,1
18868,"you have ink in your ear, Child.",False,0
18869,it's ok.,False,0
18870,it looks nice.,False,0
18871,it's an old tribal custom.,False,0
18872,let's see.,False,0
18873,let's see.,False,0
18874,"oh, can I peek?",False,0
18875,there's an elephant in there.,False,0
18876,there's a dinosaur in there?,False,0
18877,can I see?,False,0
18878,let me have a better look.,False,0
18879,"oh, you know you're right.",False,0
18880,it's a big one too.,False,0
18881,it can scare you?,False,0
18882,ah.,False,0
18883,I don't like to be scared.,False,0
18884,"oh, good.",False,0
18885,good.,False,0
18886,a boy or a girl?,False,0
18887,"oh, here's his neck.",False,0
18888,here's his neck right here.,False,0
18889,"ok, there are his legs down here.",False,0
18890,big legs.,False,0
18891,there.,False,0
18892,eyes.,False,0
18893,and here's his nose right there.,False,0
18894,oh.,False,0
18895,mhm.,False,0
18896,no.,False,0
18897,this dinosaur?,False,0
18898,let's give em an eye.,False,0
18899,let's give em an angry face.,False,0
18900,"oh, he looks mean.",False,0
18901,a shark and a baby shark.,False,0
18902,I 'm going to move my tape recorder down here.,False,0
18903,I 'm going to put it right there.,False,0
18904,you want to hear yourself?,False,0
18905,I'll have to turn it back on again and let it listen to us for a while.,False,0
18906,"and then we can listen again, ok?",False,0
18907,in a little while.,False,0
18908,here's your shark and your baby shark.,False,0
18909,"oh, look at those two sharks.",False,0
18910,and they're in the water.,False,0
18911,yes.,False,0
18912,"oh, a dad.",False,0
18913,of course there's got to be a daddy shark.,False,0
18914,"ok, he's going to be down here.",False,0
18915,make who?,False,0
18916,who's working?,True,1
18917,who's working right now?,True,1
18918,is Daddy working?,False,0
18919,no?,False,0
18920,the man who was here a few minutes ago?,True,1
18921,"he already left, Honey.",False,0
18922,he was a plumber.,False,0
18923,mhm.,False,0
18924,he had to fix a pipe cause a pipe broke.,False,0
18925,"see, this is a pipe and it broke.",False,0
18926,"see, right here?",False,0
18927,boy.,False,0
18928,"yeah, it's all fixed.",False,0
18929,"no, that's the broken piece.",False,0
18930,but he fixed the other piece for us.,False,0
18931,"no, he fixed another piece.",False,0
18932,he put it in.,False,0
18933,a good piece.,False,0
18934,ok?,False,0
18935,look.,False,0
18936,"it's like a faucet, see?",False,0
18937,there's no water in it.,False,0
18938,that's how it works.,True,1
18939,mhm.,False,0
18940,uhuh.,False,0
18941,"not from outside faucet, no.",False,0
18942,are you still thirsty?,False,0
18943,you want me to put some in your cup?,False,0
18944,you're so thirsty?,False,0
18945,why is that?,True,1
18946,have you been working hard?,False,0
18947,"yeah, I thought so.",False,0
18948,in a little while.,False,0
18949,in ten minutes.,False,0
18950,can you wait that long?,False,0
18951,"ok, thank you.",False,0
18952,how is that?,True,1
18953,ok.,False,0
18954,why don't we move this stuff over?,True,1
18955,there you go.,False,0
18956,"oh, good.",False,0
18957,feel better?,False,0
18958,what?,False,0
18959,where's my man?,True,1
18960,Investigator?,False,0
18961,make Investigator?,False,0
18962,now don't take any offense at this.,False,0
18963,I never took an art course.,False,0
18964,"ok, let's make her face.",False,0
18965,I only know how to make one face.,True,1
18966,I don't know.,False,0
18967,I'll have to see when she's all done.,True,1
18968,shall we give her some eyes?,False,0
18969,"yup, these are my eyes.",False,0
18970,let's see what she's going to do here.,True,1
18971,here's some eyes.,False,0
18972,ok.,False,0
18973,"yup, those are mine.",False,0
18974,I can recognize em.,False,0
18975,"ok, what kind of hair does she have?",True,1
18976,"oh, eyebrows.",False,0
18977,"eyebrows, there.",False,0
18978,ok.,False,0
18979,what else?,False,0
18980,it is eyebrows.,False,0
18981,eyebrows are above your eye right there.,False,0
18982,I did.,False,0
18983,they're right here.,False,0
18984,"here, what kind of hair does she have?",True,1
18985,does she have straight?,False,0
18986,"well, it's sort of straight.",False,0
18987,"we'll give it a little bit of curl at the bottom, ok?",False,0
18988,yeah.,False,0
18989,"yup, that's mine.",False,0
18990,uhhuh.,False,0
18991,there.,False,0
18992,there I am.,False,0
18993,now what is she missing on her face?,True,1
18994,what am I missing?,True,1
18995,"there, I have a big smile.",False,0
18996,yup.,False,0
18997,make Child?,False,0
18998,ok.,False,0
18999,I 'm about to make Child right here.,False,0
19000,right here?,False,0
19001,ok.,False,0
19002,ok.,False,0
19003,Child's eyes?,False,0
19004,ok.,False,0
19005,what part?,False,0
19006,draw your eyebrows.,False,0
19007,there are your eyebrows.,False,0
19008,what else?,False,0
19009,I've got your eyes.,False,0
19010,what kind of hair do you have?,True,1
19011,is it straight or curly?,False,0
19012,"yeah, it is straight.",False,0
19013,uhhuh.,False,0
19014,like mine?,False,0
19015,there you go.,False,0
19016,that's your hair.,False,0
19017,I 'm bigger?,False,0
19018,a little bit.,False,0
19019,mhm.,False,0
19020,ok?,False,0
19021,what else do you need?,True,1
19022,right.,False,0
19023,"yeah, you have a red mouth.",False,0
19024,ok.,False,0
19025,yes.,False,0
19026,you're going to take your red mouth off?,False,0
19027,it's so cute.,False,0
19028,"ok, let me see.",False,0
19029,"oh boy, are you doing a good job.",False,0
19030,hey.,False,0
19031,it's still a little red but not very much any more.,False,0
19032,it looks good.,False,0
19033,do this side a little bit.,False,0
19034,this side right there.,False,0
19035,"oh, there, there.",False,0
19036,"oh, that's good.",False,0
19037,yeah.,False,0
19038,where's Observer?,True,1
19039,not near the sharks.,False,0
19040,don't make me near the sharks.,False,0
19041,the sharks will eat her up.,False,0
19042,make Observer a shark?,False,0
19043,she's going to be a shark?,False,0
19044,oh.,False,0
19045,here's her hair.,False,0
19046,"oh, a whole different shark.",False,0
19047,you're a silly kid.,False,0
19048,this is Observer the shark.,False,0
19049,uhhuh.,False,0
19050,we're not going to get near Observer the shark.,False,0
19051,she might bite us.,False,0
19052,"yeah, we're at home.",False,0
19053,are there any sharks in our house?,False,0
19054,no sharks.,False,0
19055,what is that?,True,1
19056,that's right.,False,0
19057,play like this.,False,0
19058,"oh, she did it.",False,0
19059,ok.,False,0
19060,ready?,False,0
19061,hands together?,False,0
19062,here it goes.,False,0
19063,oh dear.,False,0
19064,ok.,False,0
19065,yay.,False,0
19066,ok.,False,0
19067,it went in the closet all by itself.,False,0
19068,I throw it to Mommy?,False,0
19069,ok.,False,0
19070,can I roll it under the picnic table?,False,0
19071,"oh, here it comes.",False,0
19072,got it.,False,0
19073,ready?,False,0
19074,here it comes.,False,0
19075,yay.,False,0
19076,are you going to throw it to me?,False,0
19077,"whoa, it hit a chair.",False,0
19078,try again.,False,0
19079,"oh, thank you.",False,0
19080,should I throw it to you?,False,0
19081,oh.,False,0
19082,should I try again?,False,0
19083,there you go.,False,0
19084,you're welcome.,False,0
19085,"ok, can I have it?",False,0
19086,"ok, ok.",False,0
19087,under the picnic table.,False,0
19088,got it.,False,0
19089,ok.,False,0
19090,"oh, under the picnic table?",False,0
19091,here it comes.,False,0
19092,got it.,False,0
19093,ready?,False,0
19094,"ah, good catch.",False,0
19095,ok.,False,0
19096,to Mommy?,False,0
19097,here it comes.,False,0
19098,I got it.,False,0
19099,should I roll it under the picnic table?,False,0
19100,ok.,False,0
19101,got it.,False,0
19102,shall I roll it back to you?,False,0
19103,ok.,False,0
19104,"ok, coming back to you.",False,0
19105,watch.,False,0
19106,"ok, it's going to come back.",False,0
19107,yay.,False,0
19108,"because, see, it broke right here.",False,0
19109,why?,False,0
19110,because Daddy left the hose on it.,False,0
19111,and there was water in here.,False,0
19112,and then the water turned to ice.,False,0
19113,and the ice got very hard and it broke it.,False,0
19114,"well, that's what happens in the winter time.",True,1
19115,it's fixed.,False,0
19116,this isn't fixed.,False,0
19117,it's broken.,False,0
19118,we can just throw that away.,False,0
19119,oh good.,False,0
19120,and the family will have water *NULL to drink.,True,1
19121,that's good.,False,0
19122,"oh, Daddy'll fix it?",False,0
19123,"we know what a handy man Daddy is, don't we?",True,1
19124,"oh, he'll fix it, that daddy.",False,0
19125,ok.,False,0
19126,I think.,False,0
19127,yup.,False,0
19128,here it is.,False,0
19129,and then I'll show you my toys.,False,0
19130,"oh, what's that?",True,1
19131,yeah.,False,0
19132,what does he do?,True,1
19133,he's squeaking.,False,0
19134,what a nice squeaky elephant.,False,0
19135,who's that?,True,1
19136,"who's this person, this guy?",True,1
19137,what's that?,True,1
19138,that's a very nice elephant.,False,0
19139,he is?,False,0
19140,"oh, I have a book.",False,0
19141,you want to see my book?,False,0
19142,it's not a very good book *NULL* to read.,True,1
19143,it's a good picture book.,False,0
19144,see?,False,0
19145,it has lots and lots of pictures.,False,0
19146,it's got that.,False,0
19147,you know what that is?,True,1
19148,yeah.,False,0
19149,oh.,False,0
19150,I bet you don't know what's in my hands.,True,1
19151,want to see?,False,0
19152,what's that?,True,1
19153,what is it *T*-1?,False,0
19154,do you know?,False,0
19155,"oops, I have more stuff.",False,0
19156,what is it?,True,1
19157,no.,False,0
19158,look again.,False,0
19159,look again.,False,0
19160,it's got stripes.,False,0
19161,right.,False,0
19162,yeah.,False,0
19163,oh.,False,0
19164,that's called a cement mixer.,False,0
19165,the cement goes in there and you mix it all up.,False,0
19166,boy.,False,0
19167,yeah.,False,0
19168,I think that's all.,False,0
19169,look at all that good stuff.,False,0
19170,and that's my tape recorder so I can remember what we said.,True,1
19171,you like him?,False,0
19172,what's he doing?,True,1
19173,what's that elephant doing?,True,1
19174,not in my eye.,False,0
19175,not in my eye.,False,0
19176,what's he doing with his trunk?,True,1
19177,he gave me a kiss.,False,0
19178,yeah.,False,0
19179,I don't know if he should do that.,True,1
19180,I 'm closing my eye so he doesn't touch my eye.,False,0
19181,you're a sillywilly.,False,0
19182,"ah, he's kissing my knee.",False,0
19183,what's that?,True,1
19184,he's squeaking on my head.,False,0
19185,"oh, he's going to sit up there.",False,0
19186,is he sitting there?,False,0
19187,is he going to fall?,False,0
19188,ah.,False,0
19189,do you like that elephant?,False,0
19190,no no.,False,0
19191,you're silly.,False,0
19192,what about this duck?,False,0
19193,do you like the duck?,False,0
19194,what does he say?,True,1
19195,quack quack.,False,0
19196,how about kissing noses?,False,0
19197,can he kiss noses?,False,0
19198,can you rub his nose?,False,0
19199,he's a toy bird?,False,0
19200,boing?,False,0
19201,what else have we got here?,True,1
19202,they all fell down?,False,0
19203,why did they all fall down?,True,1
19204,silly duck.,False,0
19205,he's flying.,False,0
19206,"he's a noisy horse, huh?",False,0
19207,ah.,False,0
19208,"everybody has kisses tonight, huh?",False,0
19209,yeah.,False,0
19210,are you going to give me a kiss?,False,0
19211,"hi, porcupine.",False,0
19212,can you say porcupine?,False,0
19213,hello there.,False,0
19214,hi.,False,0
19215,here he comes.,False,0
19216,you squished em.,False,0
19217,where'd he go?,True,1
19218,oh.,False,0
19219,what an arm.,False,0
19220,oh oh.,False,0
19221,oh oh.,False,0
19222,hurray?,False,0
19223,you made a basket?,False,0
19224,you're jumping?,False,0
19225,I know that.,False,0
19226,I'll say you're jumping.,False,0
19227,boy.,False,0
19228,"softer on the couch, huh?",False,0
19229,you're silly.,False,0
19230,"oh, I don't bounce on couches very good.",False,0
19231,I 'm too big.,False,0
19232,"I think you're the, just the right size.",False,0
19233,just right to do that.,False,0
19234,no.,False,0
19235,"I think, I think I 'm too big too.",False,0
19236,I think you're the only one here that can do it.,True,1
19237,cause you're just the right size.,False,0
19238,I don't know.,False,0
19239,how are we going to get it?,True,1
19240,I think he's right here.,False,0
19241,oh good.,False,0
19242,"oh, she found him, Child.",False,0
19243,he's hiding.,False,0
19244,what's he doing?,True,1
19245,oh oh.,False,0
19246,there he goes.,False,0
19247,there they are.,False,0
19248,are you excited or what?,False,0
19249,boom.,False,0
19250,"ah, a flying duck.",False,0
19251,what a silly duck.,False,0
19252,going to catch?,False,0
19253,"nope, you want me to hit you.",False,0
19254,there goes that duck.,False,0
19255,ok.,False,0
19256,"ok, I 'm up.",False,0
19257,"ok, catch it.",False,0
19258,here it comes.,False,0
19259,can you catch?,False,0
19260,arms together.,False,0
19261,almost.,False,0
19262,almost.,False,0
19263,we're going to sing Happy Birthday?,False,0
19264,you could probably sing better if you'd stop jumping for just a,True,1
19265,face is red from jumping.,False,0
19266,you're a bunny rabbit.,False,0
19267,hop.,False,0
19268,are you going to eat my truck?,False,0
19269,you don't eat trucks.,False,0
19270,you're used to playing trucks with the boys.,False,0
19271,it looks like there's lots of people *NULL* to play with outside.,True,1
19272,I saw.,False,0
19273,"yeah, there's always people *NULL* to play with.",True,1
19274,"not on my face, please.",False,0
19275,how about my arm?,False,0
19276,yeah.,False,0
19277,oh boy.,False,0
19278,woo.,False,0
19279,look at this.,False,0
19280,on my arm?,False,0
19281,"woo, woo.",False,0
19282,he's going To lick me?,False,0
19283,hmm.,False,0
19284,he is?,False,0
19285,I didn't know trucks had tongues.,False,0
19286,ah.,False,0
19287,silly.,False,0
19288,ok.,False,0
19289,who are we going to sing to?,True,1
19290,you?,False,0
19291,ok.,False,0
19292,ok.,False,0
19293,stand up?,False,0
19294,"no, we'll sit down and sing.",False,0
19295,you start it.,False,0
19296,other song.,False,0
19297,yay.,False,0
19298,ok.,False,0
19299,I guess we stand up now.,False,0
19300,"oh, we're singing a jumping song.",False,0
19301,singing a jumping song?,False,0
19302,are you getting tired?,False,0
19303,are you tired?,False,0
19304,now you're being,False,0
19305,what are you doing now?,True,1
19306,what are you doing?,True,1
19307,I should come in your room?,False,0
19308,ok.,False,0
19309,should we go?,False,0
19310,she's got a plan.,False,0
19311,I can see that.,False,0
19312,she's designed a whole evening for us.,False,0
19313,what are you going to do?,True,1
19314,lay down?,False,0
19315,how about if you do that to me and we'll see,True,1
19316,what are you going to do?,True,1
19317,show us what you're going to do.,True,1
19318,ok.,False,0
19319,"I, I 'm laying down.",False,0
19320,you're going to dump them on us?,False,0
19321,how come?,False,0
19322,I don't think there's room.,False,0
19323,"there's no room, sweetie.",False,0
19324,she's going to make room.,False,0
19325,"how about we right here, and then you can dump babies on us.",False,0
19326,are you going to dump babies on us?,False,0
19327,"let's see you dump babas, babies on us.",False,0
19328,oh oh.,False,0
19329,where did you get this idea?,True,1
19330,that's what I want to know.,True,1
19331,she wanted to do this just as you were coming in.,False,0
19332,that's why.,False,0
19333,"oh boy, a big baby.",False,0
19334,you're a big baby.,False,0
19335,you're taking a bath?,False,0
19336,in babies it looks like.,False,0
19337,are you splashing?,False,0
19338,getting tired?,False,0
19339,"well, I'll help you.",False,0
19340,ok.,False,0
19341,look at those babies.,False,0
19342,they're falling out.,False,0
19343,do you know what her name is?,True,1
19344,do you remember what her name is?,True,1
19345,Observer.,False,0
19346,Observer.,False,0
19347,yeah.,False,0
19348,I think there's just enough room for you in there.,False,0
19349,it's just the right size.,False,0
19350,oh oh.,False,0
19351,"oh, time to recharge.",False,0
19352,has she had a nap recently or is she always like this?,False,0
19353,she's quite often like this.,False,0
19354,it's just her natural state.,False,0
19355,she's very busy.,False,0
19356,ah.,False,0
19357,sure.,False,0
19358,"in the manger bed, ok.",False,0
19359,oh.,False,0
19360,you are?,False,0
19361,what about the rest of you?,False,0
19362,can you fit?,False,0
19363,there she goes.,False,0
19364,you do fit.,False,0
19365,you fit just right.,False,0
19366,"good shot, Child.",False,0
19367,he's in.,False,0
19368,you do?,False,0
19369,you think you can do it?,False,0
19370,do you need some help or can you do it?,False,0
19371,"yeah, I guess you are.",False,0
19372,should I get him?,False,0
19373,I'll reach over the top.,False,0
19374,"ok, here he comes.",False,0
19375,"oh, that Pooh bear.",False,0
19376,he escaped.,False,0
19377,oh.,False,0
19378,you get him out?,False,0
19379,want some help?,False,0
19380,ok.,False,0
19381,"oh, you've got his tag.",False,0
19382,you're welcome.,False,0
19383,why don't you bring Pooh bear out here?,True,1
19384,is it fun?,False,0
19385,I think there's just enough room for you.,False,0
19386,there is?,False,0
19387,where should I go?,True,1
19388,show me my spot.,False,0
19389,that little spot right there?,False,0
19390,you think I'll fit?,False,0
19391,you do?,False,0
19392,shall I try it?,False,0
19393,ok.,False,0
19394,move over.,False,0
19395,should I fit in too?,False,0
19396,one square inch here.,False,0
19397,here.,False,0
19398,I'll get in.,False,0
19399,"ok, I 'm in.",False,0
19400,are we in the babies?,False,0
19401,"would you stop picking your nose, please?",False,0
19402,thanks.,False,0
19403,what?,False,0
19404,pillows are poopoos.,False,0
19405,oh.,False,0
19406,this is mine?,False,0
19407,thanks.,False,0
19408,"oh, those poor babies.",False,0
19409,"hi, My Little Pony.",False,0
19410,she has pink hair.,False,0
19411,"red, sorry, sorry.",False,0
19412,who's that?,True,1
19413,what's his name?,True,1
19414,Freckle.,False,0
19415,"Freckle, oh.",False,0
19416,yeah?,False,0
19417,where are you going to carry him to?,True,1
19418,you are?,False,0
19419,eeah.,False,0
19420,you can?,False,0
19421,can you come help?,False,0
19422,where are we pushing them to?,True,1
19423,"oh no, Child.",False,0
19424,where?,False,0
19425,she calls Grandfather and Grandmother Mimi and Papa.,False,0
19426,"oh, we're going to push em all the way over there?",False,0
19427,they live in Place.,False,0
19428,"I don't think so, Child.",False,0
19429,we can pretend.,False,0
19430,where shall we pretend that Mimi and Papa live?,True,1
19431,out there?,False,0
19432,ok.,False,0
19433,along with all the babies.,False,0
19434,I 'm bringing my tape recorder.,False,0
19435,can I get behind you?,False,0
19436,there.,False,0
19437,I 'm behind you.,False,0
19438,now I 'm in the living room.,False,0
19439,at the pretend Mimi and Papa's.,False,0
19440,"sure, I'll help.",False,0
19441,should I push or pull?,False,0
19442,here we go.,False,0
19443,let's go.,False,0
19444,"oop, one baby.",False,0
19445,there we go.,False,0
19446,oh oh.,False,0
19447,on the poor duck.,False,0
19448,"that poor duck, I'll tell ya.",False,0
19449,what is this one?,True,1
19450,"Child, tell Observer who that is.",True,1
19451,who's this?,True,1
19452,it's a Popple.,False,0
19453,I never recognize Popples when I see em.,True,1
19454,I still don't have the concept.,False,0
19455,Grandma made that one.,False,0
19456,I've only seen the small ones.,False,0
19457,yeah.,False,0
19458,ok.,False,0
19459,oh boy.,False,0
19460,did you get em all?,False,0
19461,I guess so.,False,0
19462,now what are we going to do with em?,True,1
19463,whoa.,False,0
19464,whoa.,False,0
19465,are you diving in those babies again?,False,0
19466,ah oh.,False,0
19467,you must be working awfully hard.,False,0
19468,who's that?,True,1
19469,there's a can in there.,False,0
19470,"yeah, put on his hat.",False,0
19471,"oh, there's a hat for em.",False,0
19472,you want his hat?,False,0
19473,do you?,False,0
19474,he looks nice.,False,0
19475,oop.,False,0
19476,"yeah, it's going round and round.",False,0
19477,what is that in there?,True,1
19478,"what is that in there, Child?",True,1
19479,what's going round and round?,True,1
19480,"oh, the eyes.",False,0
19481,you know what that is.,True,1
19482,you have some of those.,False,0
19483,"it's like Child's tape, huh?",False,0
19484,"except this one's not making any noise, is it?",False,0
19485,yup.,False,0
19486,maybe when we're all done we can make it make some noise.,True,1
19487,we can hear what we said.,True,1
19488,who's this?,True,1
19489,who are these guys?,True,1
19490,yeah.,False,0
19491,what are they talking about?,True,1
19492,you got on em?,False,0
19493,I guess you did.,False,0
19494,they're not going anywhere.,False,0
19495,what are they talking about?,True,1
19496,cookies?,False,0
19497,cookies?,False,0
19498,what kind of cookies are they talking about?,True,1
19499,green ones?,False,0
19500,where did you see green cookies?,True,1
19501,shopping at Bell's.,False,0
19502,really?,False,0
19503,green cookies?,False,0
19504,in the bakery.,False,0
19505,"Child, what's with the nose?",True,1
19506,would you like a kleenex?,False,0
19507,I'd rather wipe it on the couch.,False,0
19508,I see you are in all the babies.,False,0
19509,who's this?,True,1
19510,"yeah, what's he got on his belly?",True,1
19511,"hey, Child, you want to look at this book?",False,0
19512,that book is a good one.,False,0
19513,let's look what's in here.,True,1
19514,lots of stuff.,False,0
19515,"oh, look, Child.",False,0
19516,what's that?,True,1
19517,yeah.,False,0
19518,what else do you see?,True,1
19519,"oh boy, I see some good things over here.",False,0
19520,yeah.,False,0
19521,mhm.,False,0
19522,what's this?,True,1
19523,mhm.,False,0
19524,mhm.,False,0
19525,ink.,False,0
19526,mhm.,False,0
19527,what colors are there?,True,1
19528,gray.,False,0
19529,"brown, that's right.",False,0
19530,"yeah, those two are confusing, huh?",False,0
19531,"oh, what else do you see?",True,1
19532,"oh, what are those?",True,1
19533,yeah.,False,0
19534,"you like your sunglasses, don't you?",False,0
19535,a slide.,False,0
19536,oh boy.,False,0
19537,a magnet.,False,0
19538,you know what that is.,True,1
19539,what's this?,True,1
19540,that's right.,False,0
19541,that's right.,False,0
19542,that's a seesaw.,False,0
19543,it just looks a little different than the seesaw *NULL* you ride on.,True,1
19544,marbles.,False,0
19545,"no, you don't throw them, you roll them.",False,0
19546,what's that person doing?,True,1
19547,yeah.,False,0
19548,that's right.,False,0
19549,what else is in here?,True,1
19550,and what?,False,0
19551,"the soap, yeah.",False,0
19552,and the oven.,False,0
19553,egg beater.,False,0
19554,what does mommy make with those?,True,1
19555,and what else?,False,0
19556,"yeah, your favorite thing.",False,0
19557,I know.,False,0
19558,your favorite thing is pancake batter.,False,0
19559,forget the pancakes.,False,0
19560,oh.,False,0
19561,"yeah, there's cherries.",False,0
19562,what else is on there?,True,1
19563,watermelon.,False,0
19564,ho ho.,False,0
19565,oh boy.,False,0
19566,yeah.,False,0
19567,all your favorite things.,False,0
19568,what do you see on there?,True,1
19569,"schoolbus, yeah.",False,0
19570,what color's that one?,True,1
19571,no.,False,0
19572,I thought the birdie was yellow.,False,0
19573,what color's the schoolbus?,True,1
19574,right.,False,0
19575,you know.,False,0
19576,"oh yes, helicopter.",False,0
19577,oh,False,0
19578,yeah.,False,0
19579,what else?,False,0
19580,what else is in this book?,True,1
19581,lots of stuff.,False,0
19582,"oh, what's that?",True,1
19583,"you know that one too, I bet.",False,0
19584,oh yeah.,False,0
19585,"a big stocking, that's right.",False,0
19586,and what's in it?,True,1
19587,"that's right, the present's sticking out there.",False,0
19588,what's this *NULL* sticking out here?,True,2
19589,"what do you think is in the bag today, Child?",True,1
19590,the same old stuff.,False,0
19591,come check out the bag.,False,0
19592,"oh dear, what's in here?",True,1
19593,a bird.,False,0
19594,"no, I 'm just going to put him back there in the corner.",False,0
19595,"ho ho, there's that duck.",False,0
19596,"you're going to rock, huh?",False,0
19597,ok.,False,0
19598,let's see what else.,False,0
19599,what's that?,True,1
19600,what's this?,True,1
19601,a soap duck.,False,0
19602,did I get your,False,0
19603,this was your,False,0
19604,was this your soap duck?,False,0
19605,"no, it was another kid's soap duck.",False,0
19606,she put it in my bag.,False,0
19607,I must remember to give it back to her.,False,0
19608,I 'm getting all the guys out.,False,0
19609,rock rock.,False,0
19610,this is the soap duck.,False,0
19611,I don't want that.,False,0
19612,you bump your head?,False,0
19613,"ah, there's the.",False,0
19614,soap duck.,False,0
19615,the soap duck.,False,0
19616,"trading those toys, right?",False,0
19617,there's your telephone.,False,0
19618,I can see you're rocking.,False,0
19619,yup.,False,0
19620,what are all these guys?,True,1
19621,oh.,False,0
19622,what do ya do with em?,True,1
19623,whoops.,False,0
19624,is that your old rocking chair?,False,0
19625,this is the new one.,False,0
19626,ah.,False,0
19627,"the red one is from when you were smaller, right?",True,1
19628,ah.,False,0
19629,what are you doing?,True,1
19630,let's see.,False,0
19631,oh.,False,0
19632,boom.,False,0
19633,youch.,False,0
19634,youch.,False,0
19635,couldn't have hurt too bad.,False,0
19636,what's that?,True,1
19637,a kind of car?,False,0
19638,whoa.,False,0
19639,you're throwing em.,False,0
19640,how come?,False,0
19641,I saw you.,False,0
19642,but if I look the other way I can see your eyes.,True,1
19643,I take all my tags out too.,False,0
19644,I can see.,False,0
19645,there.,False,0
19646,there.,False,0
19647,now you're safe.,False,0
19648,there you go.,False,0
19649,alright.,False,0
19650,I'll throw it out right now.,False,0
19651,I willn't even think about holding on to it.,False,0
19652,is that better?,False,0
19653,is your pink shirt all soft now?,False,0
19654,so did you come over here and check out these guys this morning?,False,0
19655,remember the porcupine?,False,0
19656,"uh, you kicked em.",False,0
19657,I see that.,False,0
19658,you're busy rocking this morning.,False,0
19659,I see.,False,0
19660,what did you bump?,True,1
19661,you did?,False,0
19662,did it hurt?,False,0
19663,throw the elephant?,False,0
19664,whoops.,False,0
19665,I missed it.,False,0
19666,bye?,False,0
19667,last time you were hopping too.,False,0
19668,you're a hopping girl.,False,0
19669,you going to just sit there for a while?,False,0
19670,who ate something?,True,1
19671,who ate?,True,1
19672,I 'm playing with my tape recorder to see if it works.,True,1
19673,can you say something?,False,0
19674,say hi.,False,0
19675,no?,False,0
19676,ok.,False,0
19677,you're just going to sit there?,False,0
19678,quietly?,False,0
19679,ssh.,False,0
19680,ssh.,False,0
19681,ssh.,False,0
19682,"oh dear, I think I'll put it back where it was.",True,1
19683,are you still rocking?,False,0
19684,"no, now she's sitting nice and quietly.",False,0
19685,hee hee hee.,False,0
19686,a big hug.,False,0
19687,a big hug.,False,0
19688,how come I get big hugs today?,True,1
19689,what kind of hugs should we have?,True,1
19690,little ones?,False,0
19691,big grandfather ones?,False,0
19692,rrro.,False,0
19693,rrro.,False,0
19694,"oh, a grandfather hug.",False,0
19695,yes.,False,0
19696,they're pretty.,False,0
19697,we sorted them all out this morning.,False,0
19698,I think you were cooking with them.,False,0
19699,"oh, what did you make with them?",True,1
19700,oh.,False,0
19701,oh.,False,0
19702,there go the cookies.,False,0
19703,did a cookie hit you in the head?,False,0
19704,"oh, the cookie pan.",False,0
19705,ok.,False,0
19706,can I help?,False,0
19707,"oh, you're just going to throw em.",False,0
19708,you're a silly kid.,False,0
19709,I guess so.,False,0
19710,it's raining.,False,0
19711,it's raining cookies.,False,0
19712,that was a good one.,False,0
19713,I heard that one.,False,0
19714,I did too.,False,0
19715,"well, why don't you come help me?",True,1
19716,"you threw em, you pick em up.",False,0
19717,I'll help.,False,0
19718,good.,False,0
19719,ok.,False,0
19720,look at all those beads.,False,0
19721,did you get em?,False,0
19722,silly.,False,0
19723,what about your picnic that you were going to have this morning?,True,1
19724,did you have your picnic?,False,0
19725,did you?,False,0
19726,yeah?,False,0
19727,what do ya have on the picnic?,True,1
19728,oh.,False,0
19729,what about,False,0
19730,"bring it out here, Child.",False,0
19731,"oh, you brought us a ball.",False,0
19732,"oh, your ball.",False,0
19733,there it goes.,False,0
19734,do you like to throw things today?,False,0
19735,"oh, here's a little ball too.",False,0
19736,oh.,False,0
19737,right on your picnic basket.,False,0
19738,hope you didn't squash your apple pie.,False,0
19739,do you have apple pie in there?,False,0
19740,"no, really?",False,0
19741,that's what she was feeding me.,True,1
19742,"yeah, she was.",False,0
19743,"where're you going, Child?",True,1
19744,it is?,False,0
19745,"well, bring it out here and bounce it.",False,0
19746,can you bring it out here and roll it to me?,False,0
19747,where'd she go?,True,1
19748,there she is.,False,0
19749,"I'll throw it to Mommy, ok?",False,0
19750,then Mommy'll throw it to you.,False,0
19751,good shot.,False,0
19752,oh.,False,0
19753,oh.,False,0
19754,almost.,False,0
19755,ok.,False,0
19756,"now we have to roll it, ok.",False,0
19757,you roll it.,False,0
19758,open my legs?,False,0
19759,"that's going to be tough with three of us, Child.",False,0
19760,"ok, here we go.",False,0
19761,roll it to Observer.,False,0
19762,I'll roll it back to you.,False,0
19763,"oh, roll it to Mommy, ok.",False,0
19764,you're on the corner.,False,0
19765,here we go.,False,0
19766,ah.,False,0
19767,I better move the trucks.,False,0
19768,there.,False,0
19769,ready?,False,0
19770,ouch?,False,0
19771,you're just silly.,False,0
19772,you're silly.,False,0
19773,"oops, I missed.",False,0
19774,tennis?,False,0
19775,"well, bring it out here, Child.",False,0
19776,"oh, football.",False,0
19777,that's a hard one *NULL* to roll.,True,1
19778,"oh, you throw it.",False,0
19779,now what do we do?,True,1
19780,what do the football players do?,True,1
19781,do they go boom?,False,0
19782,"haven't seen football in a while, huh?",False,0
19783,whoa.,False,0
19784,what an arm.,False,0
19785,ouch?,False,0
19786,it didn't even touch you.,False,0
19787,the wind hurt you.,False,0
19788,it blew by.,False,0
19789,"oh, you're in your hopping jumping mood.",False,0
19790,hopping.,False,0
19791,"last time *NULL* I came you did hopping jumping, hopping jumping.",True,1
19792,"jumping, jumping.",False,0
19793,hop.,False,0
19794,you look like a little pink rabbit.,False,0
19795,are you going to hop on me?,False,0
19796,oh boy.,False,0
19797,"hop, hop.",False,0
19798,the bunny came.,False,0
19799,where's Child?,True,1
19800,where's Child?,True,1
19801,where'd she go?,True,1
19802,the bunny!,False,0
19803,can you wiggle your ears?,False,0
19804,can you wiggle your tail?,False,0
19805,"did you see a bunny over the weekend, Child?",False,0
19806,did you see a bunny?,False,0
19807,did you?,False,0
19808,what color was that bunny?,True,1
19809,he wasn't pink like you?,False,0
19810,"yeah, you're my little bunny.",False,0
19811,"yeah, I can see that.",False,0
19812,what a soft pink bunny.,False,0
19813,oh.,False,0
19814,"what do you want to eat, little bun?",True,1
19815,what kind of bunny food do you want to eat?,True,1
19816,grass food?,False,0
19817,is that what you fed the bunny this weekend?,True,1
19818,"oh, you're going to eat the grass.",False,0
19819,this carpet could second for grass.,False,0
19820,"I had a rabbit when I was a kid and we had green shag carpet, and",True,1
19821,I've threatened to mow this.,False,0
19822,there's a grass hopper *NULL* coming through the grass.,True,1
19823,"hop, hop, hop, hop, hop.",False,0
19824,"oh, that's a tired bunny.",False,0
19825,Mama did it.,False,0
19826,I cann't?,False,0
19827,I can try.,False,0
19828,she cann't reach.,False,0
19829,you did?,False,0
19830,what was it?,True,1
19831,oh.,False,0
19832,"going to eat some more grass, huh, bunny?",False,0
19833,is it good?,False,0
19834,"probably kind of fuzzy, huh?",False,0
19835,did you get some fuzzies on there?,False,0
19836,yeah.,False,0
19837,you're silly.,False,0
19838,you're silly today.,False,0
19839,who else eats grass?,True,1
19840,does a horsie eat grass?,False,0
19841,can horsie come over with you and eat some grass?,False,0
19842,ok.,False,0
19843,he should get down?,False,0
19844,there.,False,0
19845,"well, sometimes they eat a little grass.",False,0
19846,sometimes.,False,0
19847,"here, he's eating some grass.",False,0
19848,what about the zebra?,False,0
19849,the zebra probably eats grass.,False,0
19850,probably.,False,0
19851,how come I get the horsie?,True,1
19852,is that a nice horsie?,False,0
19853,nay.,False,0
19854,do the doggie?,False,0
19855,"ruff, ruff, ruff, ruff.",False,0
19856,I don't know what he says.,True,1
19857,I guess he says like the horse nay.,False,0
19858,poor zebra.,False,0
19859,I'll put em down there where he's safe.,True,1
19860,that wild bunny is going to get em.,False,0
19861,you did.,False,0
19862,yup.,False,0
19863,she must have fuzz on her tongue.,False,0
19864,you did?,False,0
19865,rrro.,False,0
19866,"oh, I 'm all gone.",False,0
19867,you must be an awfully big bunny.,False,0
19868,are you a big bunny?,False,0
19869,the bunny that ate Rochester.,True,1
19870,oh.,False,0
19871,"I'd better watch out, right?",False,0
19872,no.,False,0
19873,no.,False,0
19874,that's your soft bag?,False,0
19875,and what do you put in it?,True,1
19876,"beads, oh.",False,0
19877,shall we put some in?,False,0
19878,ok.,False,0
19879,oh.,False,0
19880,put some more?,False,0
19881,what color do you want?,True,1
19882,here's some purple ones.,False,0
19883,there's lots of em.,False,0
19884,ok.,False,0
19885,mhm.,False,0
19886,you are?,False,0
19887,your ketchup crayon?,False,0
19888,which one is the ketchup one?,True,1
19889,I don't see.,False,0
19890,which one is the ketchup one?,True,1
19891,one of those?,False,0
19892,"oh, ok.",False,0
19893,blue ketchup.,False,0
19894,hmm.,False,0
19895,what else can you draw?,True,1
19896,of what?,False,0
19897,your abcs?,False,0
19898,what do you want?,True,1
19899,you want spaghetti?,False,0
19900,you just want one spaghetti.,False,0
19901,one raw spaghetti?,False,0
19902,and what are you going to do with it?,True,1
19903,"oh, you're going to use it for a pointer.",False,0
19904,how do you ask for it?,True,1
19905,"please, may I?",False,0
19906,I guess so.,False,0
19907,"oh, good.",False,0
19908,use spaghetti for a pointer.,False,0
19909,you like raw spaghettis.,False,0
19910,"you think they're really neat, huh?",False,0
19911,here you go.,False,0
19912,there's your pointer.,False,0
19913,you do.,False,0
19914,and what do you say?,True,1
19915,you're welcome.,False,0
19916,you look pretty happy.,False,0
19917,now are you going to play the teacher and point out all the letters?,False,0
19918,or you're just going to drum with it and break it up in little pieces.,False,0
19919,let's see how it works.,True,1
19920,where's what?,True,1
19921,all what colors?,False,0
19922,what other thing?,False,0
19923,the other thing that Grandfather gave you.,True,1
19924,"Grandfather gave you a lot of things, sweetie.",False,0
19925,what does this thing do?,True,1
19926,the eraser.,False,0
19927,it's under the seat.,False,0
19928,"yes, that's the thing that wipes it up, the eraser.",True,1
19929,you going to make a new picture now?,False,0
19930,now what are you going to draw?,True,1
19931,"oh, a sword.",False,0
19932,a spaghetti sword.,False,0
19933,you sure did.,False,0
19934,ens guards.,False,0
19935,what else do you do with your spaghettis?,True,1
19936,uh.,False,0
19937,you got me.,False,0
19938,"yeah, you got me.",False,0
19939,"oh oh, lethal weapon here.",False,0
19940,uh.,False,0
19941,ah.,False,0
19942,ah.,False,0
19943,oh.,False,0
19944,can you use your spaghetti for a drum stick and drum on something?,False,0
19945,on me.,False,0
19946,what about on one of your pans here?,False,0
19947,that's a drum.,False,0
19948,don't drum on Observer.,False,0
19949,Observer's not a drum.,False,0
19950,boom.,False,0
19951,do you choose the spaghetti for the thickness that will,False,0
19952,you cann't buy angel hair because it breaks too easily.,False,0
19953,no.,False,0
19954,"no, breaks too easy.",False,0
19955,she was pretty excited the other night because the bag developed a,False,0
19956,and she just came out.,False,0
19957,"oh, all this spaghetti all over.",False,0
19958,she thought it was great.,False,0
19959,yeah.,False,0
19960,"well, I cleaned that up, didn't I?",False,0
19961,"there was lots of it on the floor, wasn't there?",False,0
19962,mhm.,False,0
19963,cause I dropped it.,False,0
19964,what are you doing with it?,True,1
19965,is it bouncing?,False,0
19966,"oh, oh, too tempting.",False,0
19967,you have to come over and get me.,False,0
19968,close range.,False,0
19969,youch.,False,0
19970,ah.,False,0
19971,ah.,False,0
19972,"oops, the sword broke.",False,0
19973,now there are two.,False,0
19974,whoa.,False,0
19975,you can actually.,False,0
19976,"oh, what happened?",True,1
19977,there goes that sword.,False,0
19978,all in pieces.,False,0
19979,now you have little drum sticks.,False,0
19980,"oh, you lost it.",False,0
19981,stick it in the sweater.,False,0
19982,"yes, now they're all in teeny tiny little pieces.",False,0
19983,"here, here are your spaghettis.",False,0
19984,"yes, it does break, Child.",False,0
19985,you know it's easy to break.,False,0
19986,I 'm getting a shot.,False,0
19987,that was a good idea.,False,0
19988,yeah.,False,0
19989,let's see how far it bounces.,True,1
19990,"what are you doing, Child?",True,1
19991,now they're sticking in my sweater.,False,0
19992,what are you doing with that spaghetti?,True,1
19993,uhuh?,False,0
19994,here.,False,0
19995,see what is in my hand?,True,1
19996,oh oh.,False,0
19997,"oh, that one really flew.",False,0
19998,that one flew.,False,0
19999,it poked you in your shirt.,False,0
20000,what is that in there?,True,1
20001,is that a belly?,False,0
20002,"boy, what do you have in that belly?",True,1
20003,oh.,False,0
20004,here.,False,0
20005,I think so.,False,0
20006,I think they flew all over the place.,False,0
20007,I think so too.,False,0
20008,now I think it time *NULL* to turn the tape over.,True,1
20009,kick the ball.,False,0
20010,whoa.,False,0
20011,here I'll put it back up here.,False,0
20012,"oh, it's time for me to get you?",False,0
20013,roll over again.,False,0
20014,go back.,False,0
20015,no.,False,0
20016,I got your foot.,False,0
20017,there.,False,0
20018,ah.,False,0
20019,right on your belly.,False,0
20020,"ah, knees.",False,0
20021,ouch?,False,0
20022,did it really hurt?,False,0
20023,I think you're fooling.,False,0
20024,I think you're fooling.,False,0
20025,what's with this leg up in the air?,True,1
20026,hmm?,False,0
20027,you look like the karate kid.,False,0
20028,"yeah, what's with the leg up in the air?",True,1
20029,yeah.,False,0
20030,you know what you did the last time *NULL* I was here?,True,2
20031,you dumped babies on us.,False,0
20032,oh no.,False,0
20033,yeah?,False,0
20034,should I put all your toys away?,False,0
20035,we don't need to put your,False,0
20036,we don't need to put all your toys away.,False,0
20037,how come?,False,0
20038,"oh, since when are you so interested in picking up?",True,1
20039,what doll?,False,0
20040,pick you up?,False,0
20041,all the toys in the box.,False,0
20042,why are we putting them away?,True,1
20043,"so you can pull the babies out, huh?",False,0
20044,what's her name?,True,1
20045,Observer.,False,0
20046,that's right.,False,0
20047,you are?,False,0
20048,oh oh.,False,0
20049,you've got a fishing pole?,False,0
20050,you better go show Observer your fishing pole.,False,0
20051,"yeah, let me see.",False,0
20052,go show her that fishing pole and how you catch fish.,True,1
20053,ok.,False,0
20054,get a big one.,False,0
20055,catch a big fish.,False,0
20056,"ah, what a great fishing pole.",False,0
20057,we should put a fish on it.,False,0
20058,here.,False,0
20059,let's see if this fish will go on.,True,1
20060,"no, it willn't go on.",False,0
20061,"here, we can put this fish on it.",False,0
20062,ready?,False,0
20063,bring it over and I'll put the fish on it.,False,0
20064,"oops, the handle fell off.",False,0
20065,there we go.,False,0
20066,ok.,False,0
20067,bring it over.,False,0
20068,go fishing.,False,0
20069,"here comes a fish, fish, fish, fish, fish.",False,0
20070,"ah, he got em.",False,0
20071,oops.,False,0
20072,he didn't stay on.,False,0
20073,he jumped off.,False,0
20074,come over again.,False,0
20075,maybe he'll get on again.,False,0
20076,"fish, fish, fish.",False,0
20077,you do?,False,0
20078,what color is he?,True,1
20079,yes.,False,0
20080,what a nice fish.,False,0
20081,how big is he?,True,1
20082,maybe you should put it on the other end.,False,0
20083,look at that big fish.,False,0
20084,whoa.,False,0
20085,he got your bottom?,False,0
20086,did he?,False,0
20087,hi.,False,0
20088,I've got a fish.,False,0
20089,now Observer's got the fish.,False,0
20090,what do I do with em?,True,1
20091,should I put em back in the water?,False,0
20092,"woosh, there he goes.",False,0
20093,he's swimming away.,False,0
20094,you'd better.,False,0
20095,"oh, good.",False,0
20096,what a good fish.,False,0
20097,he ran away?,False,0
20098,"oh, he got away again.",False,0
20099,"oh, fix your pole, yeah.",False,0
20100,the pole is falling apart here.,False,0
20101,that fish I think is too big.,False,0
20102,whoa.,False,0
20103,"oh well, there goes the fish and the pole.",False,0
20104,there they go.,False,0
20105,here's some more parts to the fishing pole.,False,0
20106,"oh, dear.",False,0
20107,a big hug?,False,0
20108,oh.,False,0
20109,what's this out here?,True,1
20110,hmm.,False,0
20111,it's a bunny tail.,False,0
20112,how did that get out here?,True,1
20113,I think it had a little help.,False,0
20114,it did?,False,0
20115,"you got a fuzzy in your nose, do ya?",False,0
20116,does it tickle?,False,0
20117,"fuzzy, huh?",False,0
20118,"be very gentle, Child.",False,0
20119,you going to do mine too?,False,0
20120,be very gentle.,False,0
20121,ok.,False,0
20122,I don't think it comes off.,False,0
20123,and there goes the fuzzy ball.,False,0
20124,it's like a bunny tail.,False,0
20125,where's the bunny?,True,1
20126,his tail fell off.,False,0
20127,oh dear.,False,0
20128,"it's garbage, yeah.",False,0
20129,"all done with that, huh?",False,0
20130,all done with that.,False,0
20131,it's garbage.,False,0
20132,I don't think so.,False,0
20133,I think one's enough.,False,0
20134,he snuck out here.,False,0
20135,that fuzzy ball just snuck out here and got in my couch.,False,0
20136,where are you going with your red chair?,True,1
20137,you're going to trick or treat.,False,0
20138,"ok, you be right back.",False,0
20139,we'll wait.,False,0
20140,do you need some help?,False,0
20141,which baby do you want?,True,1
20142,show me which baby you want.,True,1
20143,you want to get them out of the corner?,False,0
20144,really?,False,0
20145,on my head?,False,0
20146,really?,False,0
20147,"oh boy, I cann't wait.",False,0
20148,there's some babies.,False,0
20149,we got them out of the corner.,False,0
20150,there.,False,0
20151,now they're going to get to fall on my head.,False,0
20152,you dump em.,False,0
20153,I thought you were going to push em around in your red chair like you.,False,0
20154,can you do it?,False,0
20155,it's an awfully big box of babies.,False,0
20156,oh dear.,False,0
20157,and you fell in?,False,0
20158,are they soft?,False,0
20159,you were in those babies.,False,0
20160,"is that hard work, Child?",False,0
20161,you did it.,False,0
20162,what kind of babies have you got?,True,1
20163,I see.,False,0
20164,what kind of babies have you got?,True,1
20165,I 'm not going to dump on Observer's head.,False,0
20166,that was your idea.,False,0
20167,you want *PRO* to dump on my head?,False,0
20168,ok.,False,0
20169,where should I put my head?,True,1
20170,"ok, I'll hold the box.",False,0
20171,now what?,False,0
20172,rock it?,False,0
20173,"oh, I cann't rock it with you in there.",False,0
20174,you're too heavy.,False,0
20175,you're too heavy to rock it.,False,0
20176,is this Curious George?,False,0
20177,yeah.,False,0
20178,it looks like Curious George.,False,0
20179,babies on Child's head.,False,0
20180,silly.,False,0
20181,who else have we got here?,True,1
20182,"oh, he's going to pop inside out.",False,0
20183,should I throw in a duck?,False,0
20184,you want a duck in there?,False,0
20185,going to catch him?,False,0
20186,you've got a what?,False,0
20187,what have you got?,True,1
20188,should I make your Popple pop?,False,0
20189,he popped out an arm.,False,0
20190,here comes Child popping out.,False,0
20191,"there we go, Child.",False,0
20192,pop.,False,0
20193,you're behind me?,False,0
20194,what are you doing behind me?,True,1
20195,hmm?,False,0
20196,what're you doing?,True,1
20197,the teddy bear hug the Popple?,False,0
20198,"ok, they'll hug.",False,0
20199,they're still hugging.,False,0
20200,how about if the teddy bear comes and hugs you?,True,1
20201,whoa.,False,0
20202,Teddy bear.,False,0
20203,how nice.,False,0
20204,ok.,False,0
20205,"oh, a big squeezy hug.",False,0
20206,what a nice soft teddy bear.,False,0
20207,look at this cat.,False,0
20208,he has a special tail.,False,0
20209,a little tip on his tail.,False,0
20210,he's a flying cat.,False,0
20211,whoa.,False,0
20212,kitty's getting a piggy back ride.,False,0
20213,he's got big feet.,False,0
20214,you going to ride em?,False,0
20215,"ride em, kitty.",False,0
20216,"whoa, get back up there.",False,0
20217,I see that.,False,0
20218,sure.,False,0
20219,probably.,False,0
20220,"squish, squish.",False,0
20221,hold still.,False,0
20222,you have a fuzzy in your mouth.,False,0
20223,there.,False,0
20224,"giddyup, dog.",False,0
20225,should I get on em?,False,0
20226,"ok, I'll try but I think he's going to get really squished.",False,0
20227,squish.,False,0
20228,I squished em.,False,0
20229,squish the kitty cat?,False,0
20230,ok.,False,0
20231,"oh, squish.",False,0
20232,"youch, youch.",False,0
20233,I got to squish em too.,False,0
20234,come here.,False,0
20235,I'll ride em both.,False,0
20236,"look, she's getting on both of em.",False,0
20237,"giddyup, giddyup, giddyup.",False,0
20238,"giddyup, giddyup, giddyup.",False,0
20239,is that silly?,False,0
20240,yeah.,False,0
20241,ouch?,False,0
20242,that must be your big word today.,False,0
20243,"how about tickle, tickle, tickle, tickle?",False,0
20244,whoa.,False,0
20245,yeah.,False,0
20246,what's this baby?,True,1
20247,"oh my heavens, what a baby that is.",False,0
20248,I don't know.,False,0
20249,you tell me.,False,0
20250,I cann't tell if it's a monkey or a dog.,True,1
20251,I think he's a monkey.,False,0
20252,his name is Wayne.,False,0
20253,Wayne.,False,0
20254,he came from Aunt Donna and Uncle Kirk.,False,0
20255,look at that monkey.,False,0
20256,quite a baby.,False,0
20257,"oh, you going to make music for us?",False,0
20258,"oh, goody.",False,0
20259,wannngo.,False,0
20260,can you sing a song while you do that?,False,0
20261,ah.,False,0
20262,sing us a song.,False,0
20263,sing happy birthday.,False,0
20264,"oh, that's a good song.",False,0
20265,it makes a good drum too.,False,0
20266,"well, the babies are kind of all over.",False,0
20267,they're not in the box anymore.,False,0
20268,just a couple.,False,0
20269,just a couple.,False,0
20270,are you hammering?,False,0
20271,are you fixing that box?,False,0
20272,what are these guys on here?,True,1
20273,yeah.,False,0
20274,what kind?,False,0
20275,poor birds.,False,0
20276,poor birds.,False,0
20277,poor giraffes.,False,0
20278,"it's a good thing they're just pictures, huh?",False,0
20279,"I don't fit in the box, Child.",False,0
20280,I 'm too big.,False,0
20281,"oh, there, like a big hat.",False,0
20282,hi.,False,0
20283,you too?,False,0
20284,there's Mommy and Child in the box.,False,0
20285,oh boy.,False,0
20286,bye.,False,0
20287,where'd it go?,True,1
20288,it's right here.,False,0
20289,"oh, who do you hear, Child?",True,1
20290,is that your chickie?,False,0
20291,he's excited to see you when he sees you.,True,1
20292,are you excited to see him?,False,0
20293,is he peeking behind your back?,False,0
20294,"ah, he's a nice duck, chickie, whatever he is.",True,1
20295,she calls em chickie.,False,0
20296,chickie.,False,0
20297,chickie.,False,0
20298,youch.,False,0
20299,did you bump?,False,0
20300,cover your head with babies.,False,0
20301,make it feel better.,False,0
20302,there.,False,0
20303,I think the bunny baby came on.,False,0
20304,his nose is moving.,False,0
20305,he's tickling me.,False,0
20306,is he going to come tickle me too?,False,0
20307,"oh, my nose!",False,0
20308,your nose.,False,0
20309,did he get it?,False,0
20310,can he get your belly?,False,0
20311,"oh, he's tickling me.",False,0
20312,"oh, he's kissing it?",False,0
20313,"oh, thank you.",False,0
20314,"yes, he's a very nice bunny, sweetie.",False,0
20315,"oh, where'd that bunny go?",True,1
20316,he's in a bunny cage.,False,0
20317,I guess so.,False,0
20318,you are?,False,0
20319,that's a tough box.,False,0
20320,I see that.,False,0
20321,I think you've got em in a cage.,False,0
20322,do you hear em?,False,0
20323,what's he doing in there?,True,1
20324,is his nose moving?,False,0
20325,you going to let em out?,False,0
20326,no?,False,0
20327,poor bunny.,False,0
20328,"I think bunny's stuck in there for the rest of the day, unless you",False,0
20329,I don't know.,False,0
20330,you show me.,False,0
20331,you show me.,False,0
20332,find him.,False,0
20333,he is?,False,0
20334,big sigh.,False,0
20335,is it time *NULL* to wake him up?,True,1
20336,I see that.,False,0
20337,I do too.,False,0
20338,he must be awake.,False,0
20339,he looks like he wants to get up.,False,0
20340,Child has better ideas.,False,0
20341,oh boy.,False,0
20342,he is?,False,0
20343,is he hiding?,False,0
20344,oh dear.,False,0
20345,what are you doing?,True,1
20346,I'd rather you didn't.,False,0
20347,"why don't you sit down, please.",True,1
20348,Child.,False,0
20349,I don't know if that box is going to hold you.,True,1
20350,sit down.,False,0
20351,you did hide the bunny.,False,0
20352,"oh, poor bunny.",False,0
20353,poor bunny.,False,0
20354,he's being hammered?,False,0
20355,I know.,False,0
20356,do you think he likes that?,False,0
20357,it might be noisy in there.,False,0
20358,what are you building?,True,1
20359,ok.,False,0
20360,what kind of house?,False,0
20361,a red house.,False,0
20362,now what are you going to hammer?,True,1
20363,the ball?,False,0
20364,oh.,False,0
20365,"oh oh, poor chickie.",False,0
20366,you'd better hammer gently.,False,0
20367,can you do it gently?,False,0
20368,"soft, yes.",False,0
20369,you're going to color me?,False,0
20370,what color am I going to be?,True,1
20371,I am?,False,0
20372,"that's pretty bendable, huh?",False,0
20373,now it's crooked.,False,0
20374,"uh uh, don't hammer on the speakers.",False,0
20375,bye.,False,0
20376,slide right off the end.,False,0
20377,I figured you'd like that.,False,0
20378,"oh, she fell down.",False,0
20379,right off the box.,False,0
20380,what did you hurt?,True,1
20381,oh.,False,0
20382,do they need kisses?,False,0
20383,that's a good box.,False,0
20384,you can do everything with it.,False,0
20385,"you're trying, huh?",False,0
20386,now maybe it willn't wiggle anymore.,False,0
20387,I hear him.,False,0
20388,"ah, I see a belly.",False,0
20389,I think it's Child's belly.,False,0
20390,and a belly button too.,False,0
20391,you're up?,False,0
20392,are you tired?,False,0
20393,there's the bunny.,False,0
20394,you found him.,False,0
20395,oh.,False,0
20396,he's a heavy bunny *NULL* to throw.,True,1
20397,there you go.,False,0
20398,you turned him off.,False,0
20399,but his nose still goes.,False,0
20400,it's hard to make his nose stop.,False,0
20401,"don't throw him, Child.",False,0
20402,he's too heavy.,False,0
20403,"I think he's hurt, cause he's got, he's got a hard head.",False,0
20404,yeah.,False,0
20405,he's not soft like all the other babies.,False,0
20406,yeah.,False,0
20407,what'll we play?,True,1
20408,"we're going to play books, the Popples book.",False,0
20409,great.,False,0
20410,"oh, good.",False,0
20411,"yeah, I want to know about Popples.",False,0
20412,I haven't really learned about Popples yet.,False,0
20413,can you read it for us?,False,0
20414,tell us a story.,False,0
20415,"oh, for me.",False,0
20416,"tell me, tell me about",False,0
20417,tell me about these Popples.,False,0
20418,I read em?,False,0
20419,why don't you tell me the story?,True,1
20420,no?,False,0
20421,what are they doing?,True,1
20422,they're bouncing?,False,0
20423,what are they bouncing?,True,1
20424,what are those?,True,1
20425,are they cotton balls?,False,0
20426,yeah.,False,0
20427,ok.,False,0
20428,what's this Popple got?,True,1
20429,yeah.,False,0
20430,and what's this Popple got?,True,1
20431,uhhuh.,False,0
20432,what?,False,0
20433,lipstick.,False,0
20434,the Popple's putting on lipstick.,False,0
20435,mhm.,False,0
20436,what's in there?,True,1
20437,yeah.,False,0
20438,are the Popples getting ready in the morning?,False,0
20439,they're playing.,False,0
20440,all done.,False,0
20441,this Popple's going to bed?,False,0
20442,"that Popple is, huh?",False,0
20443,what cha looking for?,False,0
20444,are you looking for a certain page?,False,0
20445,they're having a pillow fight.,False,0
20446,"look, they're all standing on their beds and throwing their",False,0
20447,"yup, popping out of their beds.",False,0
20448,read it to Observer?,False,0
20449,she's going to read it for me?,False,0
20450,ok.,False,0
20451,read it?,False,0
20452,the whole thing?,False,0
20453,you really want to hear a whole story?,False,0
20454,sure.,False,0
20455,the Popple's pajama party.,False,0
20456,oh boy.,False,0
20457,Popples are funny little fur ball.,False,0
20458,"well, you know what it does?",True,1
20459,it listens to what we say and then I take it home and that's how I,True,1
20460,"well, sometimes if I put the right kind of tape in it sings.",True,1
20461,but it's not going to sing today.,False,0
20462,"no, sorry.",False,0
20463,want to see my toys?,False,0
20464,ok.,False,0
20465,what's that one?,True,1
20466,right.,False,0
20467,you know what kind of toy it is?,True,1
20468,"it's a good thing Howie's not here, huh?",False,0
20469,he'd really eat that one up.,False,0
20470,Howie's the dog.,False,0
20471,he's in the backyard.,False,0
20472,uhhuh.,False,0
20473,yes.,False,0
20474,would he eat it up?,False,0
20475,what's that one?,True,1
20476,right.,False,0
20477,I don't know.,False,0
20478,do you know?,False,0
20479,I think it's a horse.,False,0
20480,can I put it up here?,False,0
20481,I'll get it out of the way.,False,0
20482,I'll put it right there.,False,0
20483,"yeah, we cann't break it.",False,0
20484,right.,False,0
20485,it's a horse with stripes.,False,0
20486,you know what that is?,True,1
20487,is it a?,False,0
20488,yeah.,False,0
20489,"that one, I bet you don't know.",False,0
20490,it's pretty funny.,False,0
20491,I bet you Howie would eat that one too.,False,0
20492,what's he got on?,True,1
20493,I think he's got prickles on him.,False,0
20494,yup.,False,0
20495,I have a book too.,False,0
20496,mhm.,False,0
20497,or for looking at.,False,0
20498,it has lots of pictures in it.,False,0
20499,why don't you show your mommy?,True,1
20500,show her the book and see if she knows what the pictures are.,True,2
20501,shall I read the book.,False,0
20502,ok.,False,0
20503,"ok, what've we got?",True,1
20504,"you like those toys, don't you?",False,0
20505,wow.,False,0
20506,look what we got.,True,1
20507,"Child, you want to look at this?",False,0
20508,you want to tell me what these things are?,True,1
20509,you know what this is.,True,1
20510,what's that?,True,1
20511,can you hear Howie in the backyard?,False,0
20512,what's that?,True,1
20513,what's it got on it?,True,1
20514,what's that for?,True,1
20515,"well, that looks like candles, yeah.",False,0
20516,but you know what that is?,True,1
20517,that's chalk for a chalkboard.,False,0
20518,you really like this guy.,False,0
20519,let's see what else is in this book.,True,1
20520,"alright, who's that?",True,1
20521,a what?,False,0
20522,giraffe.,False,0
20523,right.,False,0
20524,what about this guy down here?,False,0
20525,"see, it's hard to read when there are so many toys.",True,1
20526,are those cement mixers?,False,0
20527,what do they do?,True,1
20528,they do go round and round.,False,0
20529,I don't know if this'll work.,True,1
20530,"yeah, these go round and round.",False,0
20531,see?,False,0
20532,mixing up the cement here.,False,0
20533,want to read the book?,False,0
20534,come sit with me.,False,0
20535,"no, no, no?",False,0
20536,going to mix.,False,0
20537,come here.,False,0
20538,"wow, check this out.",False,0
20539,look at all these clothes.,False,0
20540,"lookit, cowboy boots, Child.",False,0
20541,ties like Daddy's ties.,False,0
20542,yeah.,False,0
20543,we do?,False,0
20544,where?,False,0
20545,we do have company.,False,0
20546,do I have company?,False,0
20547,"well, not right now.",False,0
20548,I am the company.,False,0
20549,what's this?,True,1
20550,lookit.,False,0
20551,what is that with a string on it and a circle at the bottom?,True,1
20552,you know what that is.,True,1
20553,right.,False,0
20554,did we draw one of those?,False,0
20555,what's this lady doing over here?,True,1
20556,see that hand?,False,0
20557,what's she doing?,True,1
20558,what's she doing with her hand?,True,1
20559,it's just like her?,False,0
20560,how can you tell?,True,1
20561,that's just a hand.,False,0
20562,what's that?,True,1
20563,mhm.,False,0
20564,look at all these toys.,False,0
20565,these are toy words.,False,0
20566,where's the other one?,True,1
20567,want to turn the page?,False,0
20568,what's this?,True,1
20569,mhm.,False,0
20570,you like going down the slide?,False,0
20571,"you know what, you know what that's",True,1
20572,you know what that's called?,True,1
20573,it's called a porcupine.,False,0
20574,can you say porcupine?,False,0
20575,yeah!,False,0
20576,alright.,False,0
20577,that's good.,False,0
20578,it's a porcupine.,False,0
20579,I don't know.,False,0
20580,what should we name him?,True,1
20581,what about Arnie?,False,0
20582,no?,False,0
20583,what?,False,0
20584,should we name him Child?,False,0
20585,ok.,False,0
20586,should we name him Howie?,False,0
20587,should we name him Sam?,False,0
20588,what should we name him?,True,1
20589,"oh, you're going to tip over.",False,0
20590,he likes that.,False,0
20591,"Child, stand up.",False,0
20592,and upside down.,False,0
20593,you don't have any gravity.,False,0
20594,you're just flying around in space.,False,0
20595,boom.,False,0
20596,how did that happen to you?,True,1
20597,more?,False,0
20598,"what are you going to name your porcupine, bud?",True,1
20599,what about Piney?,False,0
20600,no?,False,0
20601,"well, this is too hard.",False,0
20602,what should we name him?,True,1
20603,squeaky?,False,0
20604,green eyes?,False,0
20605,is that a good name?,False,0
20606,he's got a smiley on his mouth?,False,0
20607,I just couldn't help myself.,False,0
20608,what'd she do?,True,1
20609,flying Child.,False,0
20610,again.,False,0
20611,"Child, are you upside down?",False,0
20612,do more.,False,0
20613,do more.,False,0
20614,are your feet getting tired?,False,0
20615,don't they need to stand on the ground?,False,0
20616,Child would spend his life upside down.,False,0
20617,should get you some gravity boots.,False,0
20618,I don't know.,False,0
20619,you mean this thing?,False,0
20620,what is that?,True,1
20621,it's called a ponytail.,False,0
20622,hi.,False,0
20623,he's friendly.,False,0
20624,I got you.,False,0
20625,"I 'm right here, hon.",False,0
20626,come get me.,False,0
20627,I 'm not going anyplace.,False,0
20628,it's alright.,False,0
20629,did you get a little too close there?,False,0
20630,got carried away.,False,0
20631,yup.,False,0
20632,look at those.,False,0
20633,what are those?,True,1
20634,"yeah, that's your elephant.",False,0
20635,you want to look at the book some more?,False,0
20636,what do you want to read in the book?,True,1
20637,shall we turn the page?,False,0
20638,alright.,False,0
20639,woo.,False,0
20640,let's see what's on this page.,True,1
20641,look at all this stuff.,False,0
20642,"oh, look at this.",False,0
20643,do you have one of those?,False,0
20644,what is that?,True,1
20645,what's that.,True,1
20646,did you have one of those?,False,0
20647,where's yours?,True,1
20648,I think it's on the bottom shelf in the corner?,False,0
20649,yup.,False,0
20650,"on the bottom shelf, behind the truck.",False,0
20651,you got it.,False,0
20652,is that yours?,False,0
20653,"oh, that's a good one.",False,0
20654,"we cann't honey, not in the daytime.",False,0
20655,I cann't make the lights dark.,False,0
20656,the sun's out.,False,0
20657,"here, shine it in the bag.",False,0
20658,can you see it?,False,0
20659,what if you shine it in the bag?,True,1
20660,does it make a better light?,False,0
20661,oh yeah.,False,0
20662,can you show Investigator what color it turns to?,True,1
20663,it is.,False,0
20664,"oh, what's this?",True,1
20665,we don't want to watch Mary Poppins now.,False,0
20666,"we cann't watch tv when we have company, right?",True,1
20667,"too bad, cause we could show her your step in time hat.",False,0
20668,"oh, is that your step in time hat?",False,0
20669,"oh, boy!",False,0
20670,"you like to dance, don't you?",False,0
20671,"boy, that's great!",False,0
20672,that hat is wonderful.,False,0
20673,"no no, you're not my Child.",False,0
20674,"you're Mommy's Child, right?",False,0
20675,yeah.,False,0
20676,as long as we have that straight.,False,0
20677,right.,False,0
20678,now I can play with you.,False,0
20679,ah.,False,0
20680,"hey, easy.",False,0
20681,Child.,False,0
20682,you're a flying boy.,False,0
20683,"Child, you have to ask first if somebody wants to play that.",True,1
20684,yes.,False,0
20685,you cann't just climb.,False,0
20686,"hey, you have to ask first, like hugs and stuff.",False,0
20687,do you want to play?,False,0
20688,say.,False,0
20689,"can you, can you play with me?",False,0
20690,ok.,False,0
20691,that's my coat.,False,0
20692,isn't it nice?,False,0
20693,"it's a, it's a furry coat.",False,0
20694,what kind of fur is it?,True,1
20695,"it's the fur of a little animal, it's called a marmite.",False,0
20696,can you say marmite?,False,0
20697,very good.,False,0
20698,"that's great but we don't know what it is, do we?",True,1
20699,"yeah, I don't know either.",False,0
20700,at least it's not a porcupine coat.,False,0
20701,"no, that would hurt!",False,0
20702,"it would, huh.",False,0
20703,all those spokes in you.,False,0
20704,it's so soft.,False,0
20705,yeah.,False,0
20706,does that feel like Howie?,False,0
20707,Howard?,False,0
20708,should I do it?,False,0
20709,"oh, oh, ow.",False,0
20710,"you like that guy, huh?",False,0
20711,mhm.,False,0
20712,what's it mixing?,True,1
20713,cement?,False,0
20714,yeah.,False,0
20715,we put dirt in and water.,False,0
20716,right?,False,0
20717,and then what do we get?,True,1
20718,what's it make?,True,1
20719,"sidewalks, remember?",False,0
20720,"you don't remember, do ya?",False,0
20721,the cement mixer made the sidewalk outside.,False,0
20722,"yeah, well we cann't see now cause there's snow on the sidewalk.",False,0
20723,"yeah, there is!",False,0
20724,remember we went outside this morning and it was so cold?,False,0
20725,"what's what, honey?",True,1
20726,I cann't tell what you're looking at.,True,1
20727,"that's my car, yeah, right out in front.",False,0
20728,the brown car.,False,0
20729,"yeah, I think your car's in the driveway.",False,0
20730,mhm.,False,0
20731,"oh, would you like to show Howard's toy to your company?",False,0
20732,what is that?,True,1
20733,"yeah, it's kind a broken, huh?",False,0
20734,along with Howard's ball on the floor there.,False,0
20735,Howard is a serious chewer.,False,0
20736,yes.,False,0
20737,is it broken?,False,0
20738,"yeah, I think it has a hole in it.",False,0
20739,it's a good thing Howard knows the difference between Howard's toys.,False,0
20740,that's what we do for Howard.,True,1
20741,Howard's not here.,False,0
20742,Howard's outside.,False,0
20743,"well, we cann't let em in.",False,0
20744,he'll eat all these toys.,False,0
20745,"we'll let em in in a little bit, ok?",False,0
20746,"I don't think you can see out there, hon.",False,0
20747,"oh, he's alright.",False,0
20748,he's right out in the back.,False,0
20749,he'll be in in a minute.,False,0
20750,"Child, you interested in coming to look at this book or not?",False,0
20751,"no, no, no, no?",False,0
20752,how important is it that he looks at your book?,True,1
20753,"no, no.",False,0
20754,it's not important.,False,0
20755,"it's just that it's, it's one more thing *NULL* to talk about.",True,1
20756,but he's finding plenty.,False,0
20757,"oh yes, there are lots of things *NULL* to talk about.",True,1
20758,what are ya doing?,True,1
20759,are you going to play the piano?,False,0
20760,why not?,False,0
20761,what?,False,0
20762,it's his new thing.,False,0
20763,what?,False,0
20764,did you go down on your knees?,False,0
20765,I wish you wouldn't do that.,False,0
20766,don't go down on your feet.,False,0
20767,"alright, go ahead.",False,0
20768,was that fun?,False,0
20769,"yeah, go down on your body.",False,0
20770,that's good.,False,0
20771,your legs are too long.,False,0
20772,"yeah ok, do it slower.",False,0
20773,"well, go ahead.",False,0
20774,"yes, you can because your feet are too long.",False,0
20775,where were you?,True,1
20776,I don't know.,False,0
20777,where were you?,True,1
20778,you were on the piano.,False,0
20779,I don't know where you were.,False,0
20780,where was me?,True,1
20781,what's me?,True,1
20782,step in time.,False,0
20783,"oh, Child, easy!",False,0
20784,he's saying.,False,0
20785,good luck,False,0
20786,"oh, I see!",False,0
20787,oh oh.,False,0
20788,"hey, Child, Child, why don't you show Biddy?",True,1
20789,who's this over here?,True,1
20790,who is that?,True,1
20791,who is that?,True,1
20792,"hi, Biddy.",False,0
20793,"no, no, I know it's not.",False,0
20794,don't put the nookie in.,False,0
20795,we cann't hear you talk.,False,0
20796,we cann't understand you with the nookie in your mouth.,False,0
20797,"what, Honey?",False,0
20798,"ok, I 'm right here, Hon.",False,0
20799,we have company.,False,0
20800,what's your company's name?,True,1
20801,do you remember?,False,0
20802,what's her name?,True,1
20803,Investigator.,False,0
20804,can you say that?,False,0
20805,"oh, pretty good.",False,0
20806,say.,False,0
20807,we have a hard time with our ll.,False,0
20808,his sister's name is Libby and it's Yibby and we always tease him.,False,0
20809,you want to show her your toys?,False,0
20810,"oh, yeah, I'd love to see your toys.",False,0
20811,where are they?,True,1
20812,all those.,False,0
20813,you going to bring em over?,False,0
20814,oh good.,False,0
20815,I should open it?,False,0
20816,"oh, that's a tough test, isn't it?",False,0
20817,"ok, should I try?",False,0
20818,maybe I willn't be able to do it.,False,0
20819,"oh, this is tough!",False,0
20820,you just have to pry the top off.,False,0
20821,there's no special way.,False,0
20822,that was so hard!,False,0
20823,wow.,False,0
20824,look at those.,False,0
20825,give me the bucket?,False,0
20826,"I'll put it on the floor, ok?",False,0
20827,you going to build something?,False,0
20828,ok.,False,0
20829,I'll build stairs.,False,0
20830,you got all the pieces for me?,False,0
20831,give me the pieces for the stairs.,False,0
20832,put em in my hand.,False,0
20833,you're picking all the right pieces but I haven't got any.,False,0
20834,"ok, there we go.",False,0
20835,"ok, well, you got ta go get some guys, cause if we're going to make",True,1
20836,unless you want the elephant to go up the stairs.,False,0
20837,you could do that.,False,0
20838,"um, how about the porcupine?",False,0
20839,what about the porcupine?,False,0
20840,old green eyes.,False,0
20841,no?,False,0
20842,"oh, it's not green eyes.",False,0
20843,has he got a new name?,False,0
20844,what is it?,True,1
20845,he's a squeaker.,False,0
20846,ow.,False,0
20847,ow.,False,0
20848,oop.,False,0
20849,you alright?,False,0
20850,oh.,False,0
20851,phew.,False,0
20852,excuse me.,False,0
20853,"I 'm going to go answer the phone, ok?",False,0
20854,I'll be right back.,False,0
20855,ok.,False,0
20856,"ok, you can go with her.",False,0
20857,I missed you.,False,0
20858,"yeah, now it's on.",False,0
20859,I turned it off for a minute when nobody was here talking.,True,1
20860,"please, don't touch that.",False,0
20861,that's not for *NULL* playing with.,False,0
20862,that's like your brother's radio.,False,0
20863,it's not for *NULL* playing with.,False,0
20864,you have a brother?,False,0
20865,what's his name?,True,1
20866,"yeah, you can show her your radio.",False,0
20867,"don't tell me you cann't see it, boy.",False,0
20868,"well, go show it to her.",False,0
20869,where is it?,True,1
20870,I don't know.,False,0
20871,call it.,False,0
20872,"I 'm sorry, I love when he does that.",True,1
20873,"oop, there it is on the shelf in the middle.",False,0
20874,over here.,False,0
20875,"it's on the shelf, Child, where the toys are.",True,1
20876,yeah.,False,0
20877,you don't see it?,False,0
20878,"well, it's over here.",False,0
20879,I see it.,False,0
20880,"it's the wrong wrong shelf, bud.",False,0
20881,"yeah, it's over on this one.",False,0
20882,it's not?,False,0
20883,"oh, alright, it's not.",False,0
20884,it's not there.,False,0
20885,ok.,False,0
20886,"I thought you were going to show Investigator your radio, Child.",False,0
20887,we can talk on your radio too.,False,0
20888,"yes, we can.",False,0
20889,I think your Christmas song is right inside the radio.,False,0
20890,"oh, you going to play your Christmas song?",False,0
20891,great.,False,0
20892,"no no, now is that how you open it?",True,1
20893,push.,False,0
20894,is it in there?,False,0
20895,"yup, that's the Chipmunks ' Christmas.",False,0
20896,yup.,False,0
20897,"well, I made those stairs, nobody's going up and down, so.",False,0
20898,you want to put somebody?,False,0
20899,where's your little guys?,True,1
20900,yeah.,False,0
20901,your policeman guys?,False,0
20902,you got policeman guys?,False,0
20903,"yeah, I know you got mommy and daddy guys.",False,0
20904,mhm.,False,0
20905,I don't.,False,0
20906,"no, no, no, hey.",False,0
20907,right.,False,0
20908,those buttons we don't push.,False,0
20909,your buttons we can push.,False,0
20910,"yeah, I can push em but you cann't push em, ok?",False,0
20911,cause that's my radio.,False,0
20912,I don't push the buttons on your radio.,False,0
20913,right.,False,0
20914,yours is little little.,False,0
20915,his is.,False,0
20916,"yeah, I know.",False,0
20917,yours is better.,False,0
20918,"no, not the same.",False,0
20919,mine's black.,False,0
20920,what color is yours?,True,1
20921,right.,False,0
20922,"what happened to your tape, Child?",True,1
20923,I don't know?,False,0
20924,I think it's over.,False,0
20925,"hey, that's not the way *NULL* you open it.",True,1
20926,"push the button, honey, please?",False,0
20927,I don't want you to break it.,False,0
20928,push.,False,0
20929,can you push hard?,False,0
20930,"ok, try it again.",False,0
20931,there it comes.,False,0
20932,there we go.,False,0
20933,"ok, can you take it out and turn it around?",False,0
20934,"yeah, that's around.",False,0
20935,"put it back in, Child.",False,0
20936,Child.,False,0
20937,"Child's done his share of breaking things, haven't you, bud?",False,0
20938,you're pushing it forward now to make it play.,False,0
20939,"ok, push the play button.",False,0
20940,you've got two buttons down at once.,False,0
20941,"ok, it'll come on any minute.",False,0
20942,did you have a Christmas tree in your house for Christmas?,False,0
20943,who cut it down?,True,1
20944,do you remember?,False,0
20945,and who else?,False,0
20946,don't touch those buttons.,False,0
20947,Child.,False,0
20948,who cut down your Christmas tree?,True,1
20949,ok.,False,0
20950,who does?,True,1
20951,oh.,False,0
20952,"oh, the little guy.",False,0
20953,he does it hard.,False,0
20954,"oh, ok.",False,0
20955,that's my purse.,False,0
20956,I don't think there's anything interesting in it.,False,0
20957,I 'm going to stick it over there.,False,0
20958,mhm.,False,0
20959,"yeah, Mommy does have something in her purse.",False,0
20960,where's Mommy's purse?,True,1
20961,I don't know.,False,0
20962,it's in the dining room.,False,0
20963,yeah.,False,0
20964,my tape's almost done.,False,0
20965,"yup, I don't have much more tape in mine.",False,0
20966,is he going to yell at him again?,False,0
20967,ok.,False,0
20968,I gave you a little kiss.,False,0
20969,"oh, easy, easy.",False,0
20970,ah.,False,0
20971,you're a wrestler.,False,0
20972,"yes, he's got his dad and his brother *NULL* to wrestle with, so.",True,1
20973,ouch.,False,0
20974,what's your brother's name?,True,1
20975,Child.,False,0
20976,what?,False,0
20977,Joshua.,False,0
20978,"Joshua, oh.",False,0
20979,make big stairs?,False,0
20980,make em go higher?,False,0
20981,"how about if I have enough, I can make em go down too.",True,1
20982,"oh, that'll be good.",False,0
20983,no?,False,0
20984,"oh, I wanted to see it.",False,0
20985,ah well.,False,0
20986,"I 'm not real good at building things, so we make stairs.",False,0
20987,that's about it.,False,0
20988,look at that.,False,0
20989,"this one's a happy stair, huh?",False,0
20990,"wait a minute, wait a minute, I got it, let's put eyes on it.",False,0
20991,did I do it wrong?,False,0
20992,"alright, take em off.",False,0
20993,"sad stairs, yes.",False,0
20994,this side is sad.,False,0
20995,Investigator cann't see the sad side.,False,0
20996,can I see the other side?,False,0
20997,can you show her the sad side?,False,0
20998,where's the sad eyes?,True,1
20999,is this sad?,False,0
21000,I know!,False,0
21001,and what's this one?,True,1
21002,"oh, there's the sad one!",False,0
21003,"oh, sad stairs.",False,0
21004,what's this side?,True,1
21005,sad.,False,0
21006,happy.,False,0
21007,and crying.,False,0
21008,remember my tape recorder?,False,0
21009,"you have one too, right?",False,0
21010,last time *NULL* you played me the chipmunk,True,1
21011,yup.,False,0
21012,"yes, see the light shining there?",False,0
21013,that means it works.,False,0
21014,don't touch it.,False,0
21015,don't touch it.,False,0
21016,"she did put it on, honey.",False,0
21017,yeah.,False,0
21018,see it going round and round?,False,0
21019,"oh, it doesn't sing.",False,0
21020,yours sings though.,False,0
21021,it doesn't sing Step_in_Time.,False,0
21022,because that'll make funny noises on it if you touch it.,True,2
21023,yeah.,False,0
21024,do you want to see?,False,0
21025,remember my toys?,False,0
21026,do you want to see em again?,False,0
21027,remember that one?,False,0
21028,"which one do you remember, Child?",True,1
21029,"that's the one *NULL* you remember, huh?",True,1
21030,"oh, you remember the book too, huh?",False,0
21031,"there, that book?",False,0
21032,yeah.,False,0
21033,I had such a good time *NULL* transcribing the tape from last time.,True,1
21034,he's such a conversationalist.,False,0
21035,there was this constant banter.,False,0
21036,it was great.,False,0
21037,I was all by myself laughing.,False,0
21038,we laugh a lot around here.,False,0
21039,what's the matter?,True,1
21040,"yes, Howard would eat that one all up, wouldn't he?",False,0
21041,yup.,False,0
21042,where did we put Howard today?,True,1
21043,did you know where we put him?,True,1
21044,is he in the back yard?,False,0
21045,"oop, there's a horse in your pocket.",False,0
21046,"oh, ok.",False,0
21047,excuse me.,False,0
21048,"oh, ok.",False,0
21049,you got little ones.,False,0
21050,and where's your big pockets?,False,0
21051,let me see em.,False,0
21052,"oh, look at that.",False,0
21053,you have big pockets too.,False,0
21054,do you remember what this is?,True,1
21055,did we see one of those this weekend?,False,0
21056,what's that with the stripes on it?,True,1
21057,why do you have your other,False,0
21058,"oh, you remember!",False,0
21059,fur.,False,0
21060,"I, well, I have this jacket cause it's not so cold today.",False,0
21061,"so the, the big coat is for when it's really cold.",True,1
21062,yeah.,False,0
21063,"Child, can I wipe your face?",False,0
21064,you are getting big teeth in the back.,False,0
21065,"don't touch, please.",False,0
21066,what's that?,True,1
21067,not much else in there.,False,0
21068,there's this but this isn't interesting.,False,0
21069,this has some papers in it.,False,0
21070,you want to color on your paper?,False,0
21071,we'll bring it.,False,0
21072,how about,False,0
21073,you want to bring your color paper in here?,False,0
21074,are you going to color?,False,0
21075,"yeah, we don't.",False,0
21076,"we can color on there too, because actually",False,0
21077,what's on there?,True,1
21078,"well, sweetie, she's",False,0
21079,"you can do painting after Investigator goes, ok?",False,0
21080,because we cann't paint in the living room.,False,0
21081,so you're going to have to color a picture.,False,0
21082,will you color a picture?,False,0
21083,what are you going to color in that picture?,True,1
21084,the one on the basket?,False,0
21085,I think she wants you to draw a picture for her.,False,0
21086,maybe you can draw a circle for Investigator.,False,0
21087,"oh, thanks!",False,0
21088,you got ta push hard on the crayon.,False,0
21089,"oh, look at that.",False,0
21090,wow.,False,0
21091,I was singing on the radio?,False,0
21092,hmm.,False,0
21093,I cann't talk to you?,False,0
21094,why?,False,0
21095,I don't know what you're talking about.,True,1
21096,that's a pumpkin.,False,0
21097,mhm.,False,0
21098,mhm.,False,0
21099,I don't want to color a pumpkin but I'll make a circle if you make a,True,1
21100,what?,False,0
21101,I got ta make a pumpkin?,False,0
21102,what color is the pumpkin going to be?,True,1
21103,alright.,False,0
21104,"let's find, find me an orange one.",False,0
21105,can you tell Investigator why none of your crayons have papers on,True,1
21106,what happens to all the papers on your crayons?,True,1
21107,what?,False,0
21108,they're in your mouth?,False,0
21109,good place!,False,0
21110,do you eat all the papers on your crayons?,False,0
21111,are they yummy?,False,0
21112,they are.,False,0
21113,"oh, good for Mommy.",False,0
21114,"gee, we haven't made a pumpkin in a long time.",False,0
21115,do you want me to make him eyes?,False,0
21116,what color are his eyes going to be?,True,1
21117,orange eyes too?,False,0
21118,alright.,False,0
21119,and green eyes?,False,0
21120,"alright, give me the green.",False,0
21121,no.,False,0
21122,you going to do the green eyes?,False,0
21123,alright.,False,0
21124,"you do em, the green eyes.",False,0
21125,isn't this big enough?,False,0
21126,you do the big one.,False,0
21127,the biggest in the whole world?,False,0
21128,the biggest?,False,0
21129,"ok, this whole page",False,0
21130,"wow, that's huge one!",False,0
21131,big as I can make it.,False,0
21132,I don't want to make orange eyes.,False,0
21133,what color can we make?,True,1
21134,can you make the green eye on him?,False,0
21135,I'll do one if you do one.,True,1
21136,I'll do this one.,False,0
21137,"I want to make circle eyes, ok?",False,0
21138,"why, what kind do you want?",True,1
21139,"alright, we'll make square eyes.",False,0
21140,"ok, I got this one.",False,0
21141,I don't think you can make a square.,False,0
21142,can you make a square?,False,0
21143,what color is that?,True,1
21144,"I don't know, I think it's purple.",False,0
21145,it's hard to tell.,False,0
21146,see the teeth marks on em?,False,0
21147,show Investigator.,False,0
21148,is that Howie or Child?,False,0
21149,"no, that's",False,0
21150,who is that?,True,1
21151,who bites em?,True,1
21152,does Howie bite the crayons?,False,0
21153,who bites em?,True,1
21154,Child bites em?,False,0
21155,"I was singing on the radio, huh?",False,0
21156,this is very interesting.,False,0
21157,does she sound like the lady on a record?,False,0
21158,was she talking to you?,False,0
21159,oh.,False,0
21160,I guess so.,False,0
21161,beckap beckap?,False,0
21162,you being silly.,False,0
21163,to what do I owe this affection?,True,1
21164,the attack.,False,0
21165,"we have this problem in our house, right?",False,0
21166,we do kissy face.,False,0
21167,are we going to do this again?,False,0
21168,roar.,False,0
21169,poor Mommy.,False,0
21170,poor Mommy!,False,0
21171,"did you, did you, did you show Investigator your new shoes?",False,0
21172,you have new shoes?,False,0
21173,tell her about em.,False,0
21174,they're pretty.,False,0
21175,"yes, right, they are pretty, but",False,0
21176,show her.,False,0
21177,she cann't see.,False,0
21178,"oh, running shoes.",False,0
21179,show her your sneakers.,False,0
21180,you're going to play with me some more?,False,0
21181,don't do this again.,False,0
21182,remember what happened last time?,True,1
21183,you ripped my shirt.,False,0
21184,I remember that.,False,0
21185,right.,False,0
21186,which Nanny has not fixed yet.,True,1
21187,"no, I don't want to do that any more.",False,0
21188,no.,False,0
21189,"no, no, no, no, no.",False,0
21190,I don't want to.,False,0
21191,would you show me your shoes?,False,0
21192,who did you go to the store with yesterday to buy your shoes?,True,1
21193,who went with you?,True,1
21194,who got shoes yesterday?,True,1
21195,we went out to what?,False,0
21196,breakfast.,False,0
21197,breakwist.,False,0
21198,we went out to breakfast.,False,0
21199,and who was with us?,True,1
21200,Kathryn and Joe.,False,0
21201,and who else?,False,0
21202,and?,False,0
21203,Mary Poppins came with us?,False,0
21204,she did?,False,0
21205,where you going?,False,0
21206,he said.,False,0
21207,see ya later.,False,0
21208,"ok, see ya later, Child.",False,0
21209,it's been a pleasure.,False,0
21210,you going to come back sometime?,False,0
21211,"oh, alright.",False,0
21212,have a nice walk.,False,0
21213,"I know, he makes up stories.",False,0
21214,he's really into this Mary Poppins thing.,False,0
21215,the other day he told me.,False,0
21216,Mary Poppins and Jane and Child are going.,False,0
21217,"Child, are you lost?",False,0
21218,that's great.,False,0
21219,you coming back?,False,0
21220,I 'm so glad.,False,0
21221,"oh, I missed you terribly.",False,0
21222,the big one what?,False,0
21223,the big dark what?,False,0
21224,dark picture?,False,0
21225,find it in here.,False,0
21226,look through there.,False,0
21227,"oh, that's a pretty one.",False,0
21228,"oh, that's such a nice one.",False,0
21229,you did that so well.,False,0
21230,I like that one.,False,0
21231,you do want to do painting.,False,0
21232,"you can do painting when Investigator goes home, ok?",True,1
21233,hi.,False,0
21234,I remember this.,False,0
21235,hi.,False,0
21236,"you know what you told me when I came here before, Child?",True,2
21237,"Child, psst.",False,0
21238,Child.,False,0
21239,he's looking at himself in the tv.,False,0
21240,last time *NULL* I was here you told me.,True,1
21241,I 'm not your Child.,False,0
21242,you said that.,False,0
21243,whose Child are you?,True,1
21244,whoa.,False,0
21245,"hey, easy, easy.",False,0
21246,Child.,False,0
21247,you're heavy.,False,0
21248,you know that?,False,0
21249,you could just fall down just like that.,False,0
21250,what are ya going to do?,True,1
21251,"whoa, come back here.",False,0
21252,the jumping boy.,False,0
21253,"whoa, I thought you wanted to get by.",False,0
21254,"Child, those sneakers are real good for jumping, aren't they?",False,0
21255,"can you show, tell Investigator why you bought em?",True,1
21256,because they were good for what?,False,0
21257,what are those sneakers good for?,True,1
21258,tell her about it.,False,0
21259,they're good for marching and jumping.,False,0
21260,too bad you don't have a video camera.,False,0
21261,I know.,False,0
21262,"oh, what is that?",True,1
21263,"oh, thank you.",False,0
21264,can I have some?,False,0
21265,a magic nothing.,False,0
21266,what is this?,True,1
21267,are we supposed to eat it?,False,0
21268,what are we supposed to do?,True,1
21269,mmm.,False,0
21270,"mmm, delicious.",False,0
21271,what was it?,True,1
21272,you got more?,False,0
21273,"oh, is it all gone?",False,0
21274,mmm.,False,0
21275,"yeah please, honey.",False,0
21276,thank you.,False,0
21277,can I save mine for later?,False,0
21278,"oh, good.",False,0
21279,can I put it in my pocket?,False,0
21280,what'll happen?,True,1
21281,"oh, alright.",False,0
21282,mmm.,False,0
21283,there isn't any more?,False,0
21284,there is?,False,0
21285,"you were saving it for us, weren't you?",False,0
21286,are you going to give it to Investigator and and Mommy?,False,0
21287,thank you.,False,0
21288,I 'm going to be full.,False,0
21289,do I get some more too?,False,0
21290,"oh, please.",False,0
21291,thank you.,False,0
21292,delicious.,False,0
21293,maybe Biddy wants some.,False,0
21294,where is Biddy?,True,1
21295,Biddy wants some too?,False,0
21296,"oh, boy, Biddy likes that.",False,0
21297,"oh, hi.",False,0
21298,easy.,False,0
21299,I knew that was coming.,False,0
21300,"ha, ha, ha, ha.",False,0
21301,"Child, you've got to be easy with your friends.",False,0
21302,hmm?,False,0
21303,you don't have any friends?,False,0
21304,are you my friend?,False,0
21305,you go to school?,False,0
21306,what do you do there?,True,1
21307,you slide down the slide?,False,0
21308,what else?,False,0
21309,what else do you do at your school?,True,1
21310,I know.,False,0
21311,I bumped your head too.,False,0
21312,how's your head?,True,1
21313,is it ok?,False,0
21314,I don't know.,False,0
21315,it's just one of those things.,False,0
21316,Child.,False,0
21317,are you going to tickle me?,False,0
21318,"no, you wouldn't do that.",False,0
21319,there's a bug in my hair.,False,0
21320,"oh, oh, oh.",False,0
21321,it's a bee?,False,0
21322,buzz.,False,0
21323,is it a honey bee?,False,0
21324,"easy with your feet, Child.",False,0
21325,what are those?,True,1
21326,"yeah, they're riding on the paper.",False,0
21327,those are cement mixers.,False,0
21328,right.,False,0
21329,what do they do?,True,1
21330,"yeah, they mix sand all up.",False,0
21331,"they're the same kind of truck, aren't they?",False,0
21332,"no, she doesn't.",False,0
21333,I don't have my what?,False,0
21334,"my big coat, no.",False,0
21335,"no, I left it home.",False,0
21336,did you like the coat?,False,0
21337,you have a coat?,False,0
21338,you have a snow suit?,False,0
21339,what?,False,0
21340,"that's, that's my, my little coat.",False,0
21341,it's not as heavy as the big coat.,False,0
21342,whoa.,False,0
21343,"yes, now what?",False,0
21344,you look silly.,False,0
21345,remember that?,False,0
21346,what's that called?,True,1
21347,what's that called?,True,1
21348,what is it?,True,1
21349,it's a porcupine.,False,0
21350,porcupine.,False,0
21351,"no, I 'm sorry.",False,0
21352,"ok, it's not.",False,0
21353,mhm.,False,0
21354,mhm.,False,0
21355,you going under your little house there?,False,0
21356,get the blanket on you?,False,0
21357,"well, if we do that now we cann't talk to you.",True,1
21358,"you'll be under your, in your house and we willn't be able to talk.",False,0
21359,"yeah, you are talking but we willn't be able to see you.",False,0
21360,"ah, oh, ah.",False,0
21361,"oh, eee, oh, ah.",False,0
21362,you sound like a monkey.,False,0
21363,"did you see the monkeys at the zoo, Child, on Sunday?",False,0
21364,did you?,False,0
21365,were they funny?,False,0
21366,that's his squeaker.,False,0
21367,squeeze it.,False,0
21368,see?,False,0
21369,that makes it squeak.,False,0
21370,the air comes out there.,False,0
21371,you can feel it.,False,0
21372,can you feel the air?,False,0
21373,I 'm afraid you cann't.,False,0
21374,"here, but look it.",False,0
21375,you can feel it.,False,0
21376,let me do it on your cheek.,False,0
21377,you feel that?,False,0
21378,that's where the air comes out through his squeaker.,True,1
21379,"ok, you want to do mine?",False,0
21380,do you?,False,0
21381,you're going to do it on mine?,False,0
21382,ok.,False,0
21383,oh.,False,0
21384,"here, ok.",False,0
21385,let me do it by your neck.,False,0
21386,"porcupines tickle, don't they?",False,0
21387,"here, let me do it on your nose.",False,0
21388,watch this.,False,0
21389,check this out.,False,0
21390,"oop, this one willn't work like that.",False,0
21391,it does?,False,0
21392,that's a porcupine.,False,0
21393,he's got more more more spikes.,False,0
21394,um quills.,False,0
21395,these are quills underneath.,False,0
21396,these are quills on top.,False,0
21397,these are shorter ones.,False,0
21398,"yeah, those are the big ones.",False,0
21399,can you find his tail in there?,False,0
21400,has he got a tail?,False,0
21401,doesn't he?,False,0
21402,he doesn't have a long tail.,False,0
21403,but maybe he's got a short tail like Howie.,False,0
21404,"well, let's see.",False,0
21405,here's his face.,False,0
21406,where would his tail be?,True,1
21407,on the other side?,False,0
21408,he's got eyes.,False,0
21409,"yup, eyes.",False,0
21410,I like him.,False,0
21411,he's a nice toy.,False,0
21412,he ate up the trucks?,False,0
21413,oh.,False,0
21414,he ate em up.,False,0
21415,ok.,False,0
21416,they're back.,False,0
21417,maybe he can eat em up again.,False,0
21418,you're going to eat them?,False,0
21419,you must have a good time *NULL* washing these toys.,True,1
21420,yeah.,False,0
21421,I think I should start boiling them.,False,0
21422,at least he gave you the dry one.,False,0
21423,"um, can I have that now so I can wipe it on my shirt, please?",False,0
21424,cause you got it all wet.,False,0
21425,can you wipe it on your shirt?,False,0
21426,I 'm not hungry.,False,0
21427,"no, I don't want it.",False,0
21428,thank you anyway.,False,0
21429,Child.,False,0
21430,you're so silly.,False,0
21431,I cann't believe it.,False,0
21432,Child's very ticklish.,False,0
21433,look.,False,0
21434,"I have a little baby here, a little baby.",False,0
21435,are you a little baby?,False,0
21436,if you want him to get up that'll do it quick.,True,1
21437,you're what?,False,0
21438,you are a big boy.,False,0
21439,"yes, you are.",False,0
21440,I know you are.,False,0
21441,"no, you're not supposed to go to sleep.",False,0
21442,"please, get out from behind the tv.",False,0
21443,I don't want you back there.,False,0
21444,there's wires back there.,False,0
21445,and you can get hurt.,False,0
21446,please.,False,0
21447,Child.,False,0
21448,we're not having a discussion about that.,False,0
21449,come back here.,False,0
21450,"oh, I see.",False,0
21451,you must be gone.,False,0
21452,I wonder where Child went?,True,1
21453,I don't know.,False,0
21454,Child.,False,0
21455,he's not under the sofa or the table.,False,0
21456,where'd he go?,True,1
21457,"oh, there he is.",False,0
21458,he's back.,False,0
21459,more?,False,0
21460,oh wonderful.,False,0
21461,where'd he go?,True,1
21462,Child Lastname.,False,0
21463,"no, I don't think so.",False,0
21464,"no, remember what happened to those curtains the other day?",True,1
21465,Mommy's got to fix those.,False,0
21466,the rod fell down.,False,0
21467,who made it fall down?,True,1
21468,mhm.,False,0
21469,more?,False,0
21470,I don't see any more.,False,0
21471,where'd Child go?,True,1
21472,hi.,False,0
21473,"oh, easy.",False,0
21474,"easy, hugs.",False,0
21475,"Child, easy, Child.",False,0
21476,"oh, what a hugger you are?",False,0
21477,"Child, can you do cuddle hugs?",False,0
21478,those are much better.,False,0
21479,"oh, what a nice Child.",False,0
21480,squeeze hug.,False,0
21481,watch out for this.,False,0
21482,these are Child's inventions.,False,0
21483,can I have one?,False,0
21484,"oh, ok.",False,0
21485,I don't know.,False,0
21486,better find em.,False,0
21487,except now we cann't hear you talk.,False,0
21488,she's going to have a heck of a time *NULL* transcribing when you have the,True,2
21489,is somebody tired?,False,0
21490,yeah?,False,0
21491,are you tired?,False,0
21492,"ah, such a poor guy.",False,0
21493,good night.,False,0
21494,you going to take a snooze?,False,0
21495,no.,False,0
21496,"can I have this, please?",False,0
21497,please?,False,0
21498,can you take it out so Investigator can understand you when you,False,0
21499,mhm.,False,0
21500,mhm.,False,0
21501,"mm, so tired.",False,0
21502,I think it's time for a nap.,False,0
21503,you want to get ready for a nap?,False,0
21504,what?,False,0
21505,I cann't understand you.,False,0
21506,I cann't understand you.,False,0
21507,you think that's funny?,False,0
21508,"yeah, I do.",False,0
21509,do you?,False,0
21510,yes?,False,0
21511,you're a funny guy.,False,0
21512,no.,False,0
21513,I think so.,False,0
21514,it was so funny last time.,False,0
21515,I had my hair in a pony tail and he asked what it was.,True,1
21516,and on the tape it was hysterical when I told him it was a pony.,True,1
21517,"ha, pony tail.",False,0
21518,he gets a charge out of a lot of things.,False,0
21519,he really laughs a lot.,False,0
21520,"yup, all day Sunday I was sitting.",False,0
21521,"Child, maybe when we're all done playing with Investigator, maybe",True,1
21522,would you like to listen?,False,0
21523,"would you like to hear what you sound like on the tape recorder, on",True,1
21524,yeah?,False,0
21525,"that might be a fun thing *NULL* to do, huh?",True,1
21526,not now.,False,0
21527,"when we're all done she can do it, ok?",True,1
21528,we've got a little bit longer to talk.,False,0
21529,"could you take your nookie out of your mouth, please?",False,0
21530,it makes you look like Bozo.,False,0
21531,thank you.,False,0
21532,"please, can I have it?",False,0
21533,why don't you give it to Biddy?,True,1
21534,I think Biddy needs it.,False,0
21535,she's going to start crying in a minute.,False,0
21536,Child.,False,0
21537,what?,False,0
21538,who's crying?,True,1
21539,can Biddy do happy?,False,0
21540,and sad?,False,0
21541,"let's show Investigator, Investigator, how we do happy, sad, and",True,1
21542,want to do happy?,False,0
21543,can you do sad?,False,0
21544,"oh, no.",False,0
21545,and crying?,False,0
21546,what's that?,True,1
21547,what?,False,0
21548,"would you not eat my table, please?",False,0
21549,"Child, are you getting new teeth?",False,0
21550,"please, please, I don't care much about this table, but",False,0
21551,let me see.,False,0
21552,you got some in there?,False,0
21553,"ah, they're coming up.",False,0
21554,"yes, they are.",False,0
21555,you take your life in your hands when you put your finger in this.,True,1
21556,"oh, that one's not coming in.",False,0
21557,you have new teeth coming in?,False,0
21558,how many teeth you got in there?,True,1
21559,four teeth?,False,0
21560,don't,False,0
21561,that was great!,False,0
21562,"don't touch it, please, Child.",False,0
21563,yeah.,False,0
21564,"it doesn't have music, honey.",False,0
21565,you can listen to yourself in just a minute.,False,0
21566,I'll let you hear some.,False,0
21567,that's the blinking light that shows us that we're talking to it.,True,1
21568,no no.,False,0
21569,you know what son?,False,0
21570,it's just going round and round.,False,0
21571,"no, don't touch that.",False,0
21572,I don't think that does anything interesting.,False,0
21573,except the toys that we like,True,1
21574,"no, listen",False,0
21575,"oh, look, it's going to stop, and.",False,0
21576,"no, no, hey, I 'm talking to you.",False,0
21577,would you stop pushing my buttons?,False,0
21578,"Child, I know it's hard to keep your fingers off but I don't want",False,0
21579,ok?,False,0
21580,daddy?,False,0
21581,who's Daddy?,True,1
21582,where's Daddy?,True,1
21583,beats me.,False,0
21584,where's your Daddy?,True,1
21585,where is Daddy?,True,1
21586,where's your Daddy?,True,1
21587,is he at the zoo?,False,0
21588,is Daddy at the zoo?,False,0
21589,where is he?,False,0
21590,you're squishing my elephant.,False,0
21591,where is Daddy?,True,1
21592,you are?,False,0
21593,ok.,False,0
21594,what's that called?,True,1
21595,Child's going to sing that?,False,0
21596,can Child sing another song?,False,0
21597,we sang that song already.,False,0
21598,what other song would you like to sing?,True,1
21599,Rudolf?,False,0
21600,did he sing Rudolf for you last time?,False,0
21601,"no, no, I haven't heard his rendition of Rudolf yet.",False,0
21602,"oh, sing Rudolf?",False,0
21603,"ok, let's hear it so you that can hear it on the tape.",False,0
21604,Rudolf.,False,0
21605,"ah, maybe you don't want to sing.",False,0
21606,what about,False,0
21607,do you know twinkle twinkle?,False,0
21608,you do too.,False,0
21609,"alright, well let's hear Rudolf.",False,0
21610,come on.,False,0
21611,everybody standing up?,False,0
21612,I have another one right here.,False,0
21613,"oh, I don't think we have any more.",False,0
21614,you're going to have to put the trucks behind.,False,0
21615,are you making a line?,False,0
21616,"oh, I know.",False,0
21617,I know.,False,0
21618,"here, here's the collie.",False,0
21619,the collie's a dog.,False,0
21620,right.,False,0
21621,like Howie.,False,0
21622,where's your Howie?,True,1
21623,are they having a parade?,False,0
21624,are they having a parade?,False,0
21625,wow.,False,0
21626,and who's at the head of the parade?,True,1
21627,who's the first one?,True,1
21628,look at that.,False,0
21629,who's the first one in the parade?,True,1
21630,"yes, I see those little animals.",False,0
21631,it looks good.,False,0
21632,"well, you put him however he wants to go.",True,1
21633,you can make em stand up.,False,0
21634,"oh, I see.",False,0
21635,the elephant's going to fall over?,False,0
21636,you can make em stand up like that.,False,0
21637,"Child, did we see the lion at the zoo?",False,0
21638,yeah and what did the and how did the lion go?,True,1
21639,"no, I think that was the elephant.",False,0
21640,how did the elephant go?,True,1
21641,the elephant?,False,0
21642,what happened over here?,True,1
21643,I have no idea.,False,0
21644,"I don't know what he's up to, what he's doing.",True,2
21645,"what are you doing, Child?",True,1
21646,"Child, tell me what you're doing.",True,1
21647,you looking for something?,False,0
21648,what are you looking for?,True,1
21649,another truck?,False,0
21650,another dog?,False,0
21651,a dog or truck?,False,0
21652,truck.,False,0
21653,flying Biddy.,False,0
21654,you know what I 'm going to do?,True,1
21655,I 'm going to turn the heat on.,False,0
21656,I forgot I turned it off.,False,0
21657,you must be freezing.,False,0
21658,"not really, but",False,0
21659,ah.,False,0
21660,are you freezing?,False,0
21661,no.,False,0
21662,no.,False,0
21663,stand on the heat.,False,0
21664,stand on it and wait for a little bit.,False,0
21665,come on.,False,0
21666,"Child, don't touch the thermostat.",False,0
21667,"come here, Child.",False,0
21668,"ah, your step in time hat?",False,0
21669,I've got your baseball hat.,False,0
21670,I don't know where it is.,True,1
21671,"oh, we cann't put step in time on now.",False,0
21672,but maybe when we're all done Investigator will watch it with you.,True,1
21673,when we're all done with the tape.,False,0
21674,can you show her Good_luck_governor?,False,0
21675,luckawp luckawp.,False,0
21676,luckawp luckawp.,False,0
21677,"yeah, now it's going.",False,0
21678,ok.,False,0
21679,ok.,False,0
21680,strange thing.,False,0
21681,Child.,False,0
21682,yup.,False,0
21683,"I 'm going to put it up here, ok, Child?",False,0
21684,is that ok with you?,False,0
21685,"yeah, that's a good place for it.",False,0
21686,"yeah, there's the other music.",False,0
21687,whose music is that?,True,1
21688,I can.,False,0
21689,I hope you have enough.,False,0
21690,"well, we've got the whole first side.",False,0
21691,"so anyway that's a half an hour's worth, plus some more.",False,0
21692,you want to sing Rudolf for me?,False,0
21693,and then we can listen to it on the tape.,False,0
21694,"ok, let's sing Rudolf, ok?",False,0
21695,Rudolf the red nosed reindeer.,False,0
21696,"no, don't touch the buttons or it willn't work.",False,0
21697,don't touch the buttons.,False,0
21698,we'll break it.,False,0
21699,you can sing.,False,0
21700,"stand here with me and sing, ok?",False,0
21701,sing Rudolf for and then we can listen to it.,False,0
21702,"well, you have to sing it.",False,0
21703,sing it.,False,0
21704,we can put Rudolf on the other one.,False,0
21705,but would you like to sing it and hear how you sound?,True,1
21706,if you don't want to that's ok.,True,1
21707,you want to hear what you sound like?,True,1
21708,"do you know what that is, Child?",True,1
21709,what?,False,0
21710,what is it?,True,1
21711,how about these?,False,0
21712,oh!,False,0
21713,do you know what they are?,False,0
21714,"what's that, Child?",True,1
21715,is it an elephant?,False,0
21716,what?,False,0
21717,and how about this?,False,0
21718,a doggy.,False,0
21719,and let's see.,False,0
21720,do you know what this is?,True,1
21721,yeah.,False,0
21722,what do you,False,0
21723,it looks like a zebra to me.,False,0
21724,is that a zebra or a horse?,False,0
21725,"okay, I think I 'm going to keep taking a few out.",False,0
21726,how about this horse?,False,0
21727,that's too small to be an elephant.,False,0
21728,"how do you know that's an elephant, honey?",True,1
21729,you're right but how do you know?,True,1
21730,because of the trunk?,False,0
21731,uhhuh.,False,0
21732,how do you know this is a duck?,True,1
21733,because it squeaks?,False,0
21734,"well, the elephant squeaks.",False,0
21735,that's a duck.,False,0
21736,what do we do with those toys?,True,1
21737,what could we do with those toys?,True,1
21738,do you want to make a parade?,False,0
21739,do you know what a parade is?,True,1
21740,what is a parade?,True,1
21741,you don't know.,False,0
21742,I didn't think so.,False,0
21743,"okay, look, here's what you do.",True,1
21744,"you put them in a line, one placed forward.",False,0
21745,can you put this one in a line?,False,0
21746,where does he go?,True,1
21747,how does that one go?,True,1
21748,and how about that one?,False,0
21749,"he always falls down, huh.",False,0
21750,how about like this?,False,0
21751,right.,False,0
21752,"well, we put them in a parade.",False,0
21753,how about this animal?,False,0
21754,what is it then?,True,1
21755,that's a toy.,False,0
21756,is that how that one goes?,True,1
21757,what is that?,True,1
21758,what kind of thing is that?,True,1
21759,is that what it does?,True,1
21760,what?,False,0
21761,you going to see what it is?,True,1
21762,"well, it's some kind of truck or something.",False,0
21763,I do 't know myself what it is.,True,1
21764,I'll give you a hint.,False,0
21765,it says it on the bottom.,False,0
21766,oh!,False,0
21767,"it's a, that's a tractor?",False,0
21768,"oh, come on.",False,0
21769,tractors don't have roofs.,False,0
21770,it's a Zetor tractor for whatever difference it makes.,True,1
21771,I guess that means it has a roof.,False,0
21772,does it have a roof?,False,0
21773,can you show me the roof?,False,0
21774,look.,False,0
21775,where's the roof?,True,1
21776,"what other things do you think, Investigator.",True,1
21777,why don't you ask Investigator what other things he has.,True,2
21778,yeah.,False,0
21779,you want another toy?,False,0
21780,how about this?,False,0
21781,oh.,False,0
21782,watch.,False,0
21783,look!,False,0
21784,what is that tractor doing now?,True,1
21785,uhhuh.,False,0
21786,okay.,False,0
21787,"yeah, I have another toy.",False,0
21788,you asked him.,False,0
21789,what did he say?,True,1
21790,"oh, he said yes!",False,0
21791,how about this?,False,0
21792,oh!,False,0
21793,what's that?,True,1
21794,that's a hedgehog.,False,0
21795,that's a hedgehog.,False,0
21796,you have a hedgehog?,False,0
21797,at home?,False,0
21798,you do?,False,0
21799,a red one.,False,0
21800,Paul gave it to you.,False,0
21801,okay.,False,0
21802,yeah.,False,0
21803,that's a silly game!,False,0
21804,isn't it?,False,0
21805,how about that?,False,0
21806,oh!,False,0
21807,what does that do?,True,1
21808,"well, that's right.",False,0
21809,it goes around like that.,False,0
21810,do you know what that is?,True,1
21811,what?,False,0
21812,"it is a, a concrete mixer!",False,0
21813,you don't even know what that is?,True,1
21814,I thought it was a cement mixer.,False,0
21815,alright.,False,0
21816,yes.,False,0
21817,this?,False,0
21818,what is it?,True,1
21819,what does it do?,True,1
21820,what do pigs really say?,True,1
21821,"squeak, squeak, like that?",False,0
21822,"Child, which one, which ones of all those are animals?",True,1
21823,which ones are animals?,True,1
21824,can you show me the animals?,False,0
21825,give me all the animals.,False,0
21826,how about this?,False,0
21827,that's fantastic!,False,0
21828,are any of these birds?,False,0
21829,none of them are birds?,False,0
21830,no birds?,False,0
21831,I think she probably doesn't know that a duck is a bird.,False,0
21832,is very probable means,False,0
21833,see the wings on there?,False,0
21834,"yeah, is a duck a bird?",False,0
21835,no.,False,0
21836,"yes, it is.",False,0
21837,"yes, it is.",False,0
21838,"see, it's got wings.",False,0
21839,"is a, is a seagull a bird?",False,0
21840,is a pigeon a bird?,False,0
21841,not.,False,0
21842,is a sparrow a bird?,False,0
21843,"is there, is anything a bird?",False,0
21844,what shall we do with all those toys?,True,1
21845,put in my in my toys.,False,0
21846,that's silly.,False,0
21847,you want me to take that off?,False,0
21848,why don't you ask him to?,True,1
21849,see the door?,False,0
21850,oh.,False,0
21851,what's inside?,False,0
21852,is there anything inside?,False,0
21853,net?,False,0
21854,not.,False,0
21855,alright.,False,0
21856,yeah.,False,0
21857,"he's almost out, I'll bet.",False,0
21858,almost.,False,0
21859,do you think that he has lots and lots and lots of toys?,False,0
21860,how about this?,False,0
21861,what on earth is that?,True,1
21862,what is that?,True,1
21863,what is it?,True,1
21864,I think it's a kind of doggy.,False,0
21865,mmm.,False,0
21866,looks like a collie.,False,0
21867,I thought it was a lion when I took it out.,True,1
21868,"yeah, so did I.",False,0
21869,alright.,False,0
21870,yeah.,False,0
21871,how about this?,False,0
21872,a car.,False,0
21873,what does it do?,True,1
21874,I think this back door opens up.,False,0
21875,can you close it?,False,0
21876,put your finger on the window.,False,0
21877,"here, look at this.",False,0
21878,put it on there and pull up.,False,0
21879,like that.,False,0
21880,that's right.,False,0
21881,yeah.,False,0
21882,can you put the trailer on there?,False,0
21883,on the back?,False,0
21884,it's not easy though.,False,0
21885,"yeah, it's got to stick in there.",False,0
21886,knocked it over?,False,0
21887,on the back.,False,0
21888,yeah.,False,0
21889,I think this is too hard for her.,False,0
21890,do you want me to?,False,0
21891,you did?,False,0
21892,you forgot that.,False,0
21893,"well, it's not too late.",False,0
21894,mhm.,False,0
21895,"well, okay.",False,0
21896,I might.,False,0
21897,oh!,False,0
21898,what is that?,True,1
21899,what do you think?,True,1
21900,it's a cow.,False,0
21901,what is that cow doing?,True,1
21902,is it jumping up and down?,False,0
21903,is it rolling over on its back?,False,0
21904,yes?,False,0
21905,okay.,False,0
21906,yeah.,False,0
21907,how about this?,False,0
21908,"no, it's not.",False,0
21909,it's an elephant.,False,0
21910,that's a zebra.,False,0
21911,"that's a zebra, right.",False,0
21912,okay.,False,0
21913,yeah.,False,0
21914,got no more trucks or cars.,False,0
21915,how about this?,False,0
21916,what is it?,True,1
21917,what do you think?,True,1
21918,is that a seagull?,False,0
21919,is that a fish?,False,0
21920,"looks like a fish, doesn't it?",False,0
21921,how come it's not a fish?,True,1
21922,fishes have tails.,False,0
21923,you think it could be a,False,0
21924,a nion?,False,0
21925,is that what you think it could be?,True,1
21926,"well, I, you know, Child?",False,0
21927,that might be all Investigator's toys.,False,0
21928,maybe we should show him some of your toys?,False,0
21929,do you want to ask him if he wants to see some of your,True,1
21930,"well, you ask him.",False,0
21931,okay.,False,0
21932,"let's see if I, let's see what we have here.",True,2
21933,look one thing.,False,0
21934,The_beautiful_lion?,False,0
21935,is that a lot like this lion?,False,0
21936,"it's not a lion, it's book.",False,0
21937,what's that?,True,1
21938,"not that's not, that's a squirrel.",False,0
21939,is that how you can tell it's a kitty cat?,True,1
21940,"that's silly talk, isn't it?",False,0
21941,that's silly talk.,False,0
21942,is it on my leg?,False,0
21943,where else could it be?,True,1
21944,where is that?,False,0
21945,you know it could be I have another toy.,False,0
21946,do you think I do?,False,0
21947,could look.,False,0
21948,do you want Investigator to look?,False,0
21949,"okay, I'll look.",False,0
21950,how about this?,False,0
21951,what is that?,True,1
21952,then what is this?,True,1
21953,then what's this?,True,1
21954,then what's this?,True,1
21955,how come it doesn't look the same?,True,1
21956,"Child, do you have to have a pee pee?",False,0
21957,are you going to tell me when you do?,True,1
21958,okay.,False,0
21959,"how many horses are there, Child?",True,1
21960,just one?,False,0
21961,how many zebras are there?,True,1
21962,then how come this one doesn't have stripes?,True,1
21963,and that's a zebra.,False,0
21964,what's this?,True,1
21965,one without stripes.,False,0
21966,mhm.,False,0
21967,what's that?,True,1
21968,what color is that?,True,1
21969,what color do you think it is?,True,1
21970,right!,False,0
21971,what is it?,True,1
21972,a what?,False,0
21973,a dedab?,False,0
21974,Child?,False,0
21975,is dedab silly talk?,False,0
21976,is pumpedunkwp silly talk?,False,0
21977,"okay, you can put them all right there.",False,0
21978,if you stand up.,True,1
21979,move over a little bit.,False,0
21980,"okay, now can put them all there.",False,0
21981,I think they might all fall down.,False,0
21982,they might not stand up there.,False,0
21983,they willn't stand up on these pillows.,False,0
21984,"here, here you go.",False,0
21985,"now, now what are you going to do?",True,1
21986,they might.,False,0
21987,now is that a zebra?,False,0
21988,"why might they all fall down, honey?",True,1
21989,because why?,False,0
21990,they might roll.,False,0
21991,that's a zebra.,False,0
21992,what's that?,True,1
21993,what did you do?,True,1
21994,all in a row?,False,0
21995,uhhuh.,False,0
21996,is that a zebra there?,False,0
21997,"that's the first zebra, right.",False,0
21998,at least she's consistent.,False,0
21999,"well, that's a zebra but I don't think that's really a zebra.",False,0
22000,do you know why?,False,0
22001,I think it's a horse.,False,0
22002,"I think it looks a lot like this horse, see?",False,0
22003,mm hmm.,False,0
22004,do you know the difference between horses and zebras?,False,0
22005,what?,False,0
22006,you don't know.,False,0
22007,I heard you say.,False,0
22008,"oh, no.",False,0
22009,which is bigger?,True,1
22010,which is the biggest one there?,True,1
22011,mm hmm.,False,0
22012,and which one's the zebra in there?,True,1
22013,"does Projectdirector have any, um, techniques that she has you do to",True,1
22014,not really.,False,0
22015,that's the last one!,False,0
22016,my goodness!,False,0
22017,"oh, have to leave it right there.",False,0
22018,what would happen if I picked it up?,True,2
22019,and put it there.,False,0
22020,nothing will happen.,False,0
22021,I've got to do what with it?,False,0
22022,eighteen!,False,0
22023,that's an awful lot!,False,0
22024,that's an awful lot!,False,0
22025,you counted them.,False,0
22026,do you think one of the animals would like to have you read him a,False,0
22027,no?,False,0
22028,which one?,False,0
22029,that book but what animal?,False,0
22030,the lion?,False,0
22031,that's why are you going to read him,True,1
22032,because it's a book about a lion?,False,0
22033,that's Goldilocks?,False,0
22034,"no, that's not the Goldilocks book.",False,0
22035,you think that's a picture of Goldilocks?,False,0
22036,no.,False,0
22037,did Goldilocks wear a hat like that?,False,0
22038,did Goldilocks have a nose like that?,False,0
22039,"left, I think we left Goldilocks in the car, honey.",False,0
22040,"I, I, I think we did.",False,0
22041,you think we didn't bring Goldilocks.,False,0
22042,why?,False,0
22043,"well, I didn't know we would want it.",False,0
22044,I just everything but this the other three little books.,False,0
22045,your other three little books are in the car.,False,0
22046,"oh, here's a good book!",False,0
22047,do you think that's a book?,False,0
22048,how many pages does it have?,True,1
22049,just one?,False,0
22050,it's not really a book?,False,0
22051,do you want to read Investigator that book?,False,0
22052,why don't you show that you can read this book?,True,1
22053,okay.,False,0
22054,read it.,False,0
22055,do you want to read it to the lion?,False,0
22056,the lion's listening.,False,0
22057,could you read it?,False,0
22058,"yes, you can.",False,0
22059,"yes, you can.",False,0
22060,you read it to me once.,False,0
22061,tell me what's happening in the book.,True,1
22062,what is that?,True,1
22063,a table.,False,0
22064,"what, what's happening there?",True,1
22065,does she look happy?,False,0
22066,why do you think she got sick?,True,1
22067,hmm.,False,0
22068,and what's happening in this picture?,True,1
22069,that little girl is feeling a frog.,False,0
22070,and what about this?,False,0
22071,mhm.,False,0
22072,and what's this?,True,1
22073,there's the other girl *NULL* I was talking about.,True,1
22074,are you reading this book for the lion?,False,0
22075,uhhuh.,False,0
22076,what's that?,True,1
22077,and what's that?,True,1
22078,what?,False,0
22079,a dot?,False,0
22080,some dot?,False,0
22081,and what's,False,0
22082,never mind that.,False,0
22083,what's that?,True,1
22084,a zebra.,False,0
22085,where's its stripes?,True,1
22086,"Investigator has got you thinking about zebras, doesn't he?",False,0
22087,and what's that?,True,1
22088,how about that?,False,0
22089,what's that?,True,1
22090,you don't know that is?,False,0
22091,is it a snowman?,False,0
22092,"oh, Child!",False,0
22093,what do you think this little boy's doing?,True,1
22094,what's he got around his neck?,True,1
22095,what are those?,True,1
22096,did you play doctor today in school?,False,0
22097,what have you got on your hand *NULL* to show that you played doctor?,True,2
22098,the other hand.,False,0
22099,what's that?,True,1
22100,right there.,False,0
22101,"right here, honey.",False,0
22102,yeah.,False,0
22103,what is that?,True,1
22104,mhm.,False,0
22105,"well, that was a good book.",False,0
22106,you going to give him a toy elephant *NULL* to help him go to sleep?,True,1
22107,and how about all these animals?,False,0
22108,how about this car?,False,0
22109,"who, who is going to sleep?",True,1
22110,there?,False,0
22111,the lion.,False,0
22112,and all the other animals *NULL* you put in bed with him to make him feel,True,2
22113,who's happy there?,True,1
22114,just the sleeping lion?,False,0
22115,that's right.,False,0
22116,that was nice of you to put the lion to bed with all those,False,0
22117,what else does a lion need?,True,1
22118,nothing?,False,0
22119,doesn't need a blanket?,False,0
22120,is that blanket just the right size for that lion?,False,0
22121,mhm.,False,0
22122,maybe it's a little bit too big?,False,0
22123,"I don't know, what do you think?",True,1
22124,okay.,False,0
22125,you're going To put the blanket over them?,False,0
22126,there.,False,0
22127,there.,False,0
22128,what did you do?,True,1
22129,"okay, let's put them in there.",False,0
22130,"I don't think there are any, you can come over and look.",False,0
22131,there's something in there that you've never seen before.,True,1
22132,whoops!,False,0
22133,whoops!,False,0
22134,"no, that's, that's not it.",False,0
22135,it is this!,False,0
22136,what do you think is in here?,True,1
22137,do you want to see?,False,0
22138,what is it?,True,1
22139,what is that?,True,1
22140,I know what those are.,True,1
22141,those are kitty cats.,False,0
22142,"meow, meow, what is that?",True,1
22143,what do you think?,True,1
22144,whose shoes do you think these are?,True,1
22145,do you think they're for you?,False,0
22146,think they're for Daddy?,False,0
22147,"well, who do you think they could be for?",True,1
22148,think they're for me?,False,0
22149,do you think I went out and bought myself a pair of new shoes?,False,0
22150,no.,False,0
22151,"well, there's somebody else's shoes in there.",False,0
22152,in there.,False,0
22153,they're not new though.,False,0
22154,they're yours.,False,0
22155,want to go home and see your other toys?,False,0
22156,you know what we should have,True,1
22157,what?,False,0
22158,what's your favorite toy at home?,True,1
22159,what toy would you like to play with if we went home?,True,2
22160,oh.,False,0
22161,you know but you don't know which toy to show Investigator?,True,1
22162,"oh, well, what do you know then?",True,1
22163,okay.,False,0
22164,okay.,False,0
22165,you want to go to the kitchen and see if you want what?,True,1
22166,some other good bread?,False,0
22167,okay.,False,0
22168,shall we go in the kitchen?,False,0
22169,okay.,False,0
22170,can you see me?,False,0
22171,is that good bread?,False,0
22172,I don't know.,False,0
22173,what does he say?,True,1
22174,what does he like to do?,True,1
22175,does he?,False,0
22176,what's that?,True,1
22177,looks like a tail to me.,False,0
22178,what do you think?,True,1
22179,what do you think?,True,1
22180,does your beebee have a tail?,False,0
22181,is that silly?,False,0
22182,what do you think?,True,1
22183,in here?,False,0
22184,is that the tail?,False,0
22185,right there?,False,0
22186,that's all the animals?,False,0
22187,no.,False,0
22188,no more animals.,False,0
22189,does the tractor have a tail?,False,0
22190,what do you mean?,True,1
22191,"yes, it does, see?",False,0
22192,that's its tail.,False,0
22193,"yes, it is.",False,0
22194,what's Investigator doing?,True,1
22195,hit!,False,0
22196,did you hit me?,False,0
22197,"you hit me, I might hit you back.",False,0
22198,"now, Child.",False,0
22199,what do you want to do with these?,True,1
22200,what?,False,0
22201,"you know, Child?",False,0
22202,that's dirty?,False,0
22203,how come?,False,0
22204,because why.,False,0
22205,is it happy now?,False,0
22206,what's happening to that duck?,True,1
22207,what's happening to that duck?,True,1
22208,is it happy though?,False,0
22209,why?,False,0
22210,because it has a happy mouth.,False,0
22211,"that's how you can tell it's happy, right?",True,1
22212,uhhuh.,False,0
22213,that's a request for answering questions.,False,0
22214,what's it saying?,True,1
22215,cl.,False,0
22216,tl?,False,0
22217,"squeak, squeak?",False,0
22218,no?,False,0
22219,you're right.,False,0
22220,do the cars say anything?,False,0
22221,do the cars taste as good as the bread?,False,0
22222,does that taste good?,False,0
22223,is it happy when you do that?,True,1
22224,it's got a happy mouth.,False,0
22225,mhm.,False,0
22226,what are you doing?,True,1
22227,hi!,False,0
22228,where are you going?,True,1
22229,we're going to teach Investigator some of your songs.,False,0
22230,do you know any songs?,False,0
22231,okay.,False,0
22232,yeah.,False,0
22233,what songs do you know?,True,1
22234,come sit next to us.,False,0
22235,come sit in the middle.,False,0
22236,with your beebee.,False,0
22237,now is Investigator supposed to sing a song?,False,0
22238,I 'm supposed to sing a song?,False,0
22239,who sings a song?,True,1
22240,me?,False,0
22241,you.,False,0
22242,"yes, you are.",False,0
22243,why not?,False,0
22244,"yes, you do.",False,0
22245,what songs do you know?,True,1
22246,and what else?,False,0
22247,any other songs?,False,0
22248,"piggy, piggy?",False,0
22249,that silly talk!,False,0
22250,that's silly talk.,False,0
22251,what?,False,0
22252,"you're, you're goofing off?",False,0
22253,I don't think that's what she said.,True,1
22254,are you goofing up?,False,0
22255,are you goofing up?,False,0
22256,what are you doing?,True,1
22257,are you singing?,False,0
22258,do you want to sing?,False,0
22259,how does it go from there?,True,1
22260,how does it end?,True,1
22261,is that how it ends?,True,1
22262,shall we,False,0
22263,did you touch my nose?,False,0
22264,shall we tell him the monkey song?,False,0
22265,how does that go?,True,1
22266,"monkey, monkey?",False,0
22267,that's not the one!,False,0
22268,I meant three little monkeys.,False,0
22269,that's not how it goes.,True,1
22270,is that the song?,False,0
22271,"what are these, Child?",True,1
22272,what are they?,True,1
22273,dice.,False,0
22274,"but I mean, are they twelvesided dice or something?",False,0
22275,twenty.,False,0
22276,really?,False,0
22277,what do they have on them?,True,1
22278,do you see numbers?,False,0
22279,what do you do with twentysided dice?,True,1
22280,they've got two sevens!,False,0
22281,"yeah, it goes one to ten and no, zero to nine, zero to nine.",False,0
22282,they roll.,False,0
22283,you try it.,False,0
22284,you pick them up and put them down.,False,0
22285,"like, like this.",False,0
22286,now what were you going to do?,True,1
22287,what did you do?,True,1
22288,"okay, you go get them.",False,0
22289,look.,False,0
22290,maybe not.,False,0
22291,"can we see those, Child?",False,0
22292,Investigator is explaining them to me.,False,0
22293,"what, darling?",False,0
22294,no.,False,0
22295,no but I have this.,False,0
22296,what's that?,True,1
22297,is that another one?,False,0
22298,a little different.,False,0
22299,you know what else I have?,True,1
22300,oh.,False,0
22301,"I have, if I can find it, what's this?",True,2
22302,"oh, boy.",False,0
22303,"oh, boy.",False,0
22304,that's great.,False,0
22305,what?,False,0
22306,do I have another one of those?,False,0
22307,I might.,False,0
22308,what color is that?,True,1
22309,brown?,False,0
22310,"that's not brown, what color is that?",True,1
22311,right.,False,0
22312,what color is that?,True,1
22313,"no, that's not brown either.",False,0
22314,what color is this?,True,1
22315,how come this isn't red?,True,1
22316,"I think it's a matter of uh, discrimination.",False,0
22317,I think this one is not quite clean enough.,False,0
22318,"well, it's, it's certainly a brownish red.",False,0
22319,maybe we should have some more light?,False,0
22320,should we turn a light on?,False,0
22321,oh.,False,0
22322,yeah?,False,0
22323,how about this light?,False,0
22324,oh!,False,0
22325,Child?,False,0
22326,you see this dice here?,False,0
22327,can you give me one with the same color as that?,False,0
22328,which one?,False,0
22329,is there another one the same color as this one?,False,0
22330,you'll try to find one?,False,0
22331,not the same size.,False,0
22332,"no, I, I think it's completely beyond.",False,0
22333,I don't think.,False,0
22334,do I need that one?,False,0
22335,"yeah, I do need that one.",False,0
22336,aren't those nice?,False,0
22337,those are really something!,False,0
22338,do I have another one?,False,0
22339,let's see.,False,0
22340,let's see what I have.,True,1
22341,it should be in here someplace.,False,0
22342,"you know what, look at that.",False,0
22343,a pencil.,False,0
22344,oh!,False,0
22345,"you did, look!",False,0
22346,did he have another one?,False,0
22347,how many are there?,True,1
22348,how many are there?,True,1
22349,how many?,False,0
22350,how many?,False,0
22351,oops!,False,0
22352,they're very easy to lose.,False,0
22353,yeah.,False,0
22354,did you see where it went?,True,1
22355,"do you want to get up, Child?",False,0
22356,stand up so we can see where it went.,True,1
22357,got it.,False,0
22358,okay.,False,0
22359,"they're actually not that easy to lose, especially if they're red.",True,1
22360,do you think I might have another one?,False,0
22361,why do you think that?,True,1
22362,how many?,False,0
22363,how many are there now?,True,1
22364,how many is that?,True,1
22365,and that?,False,0
22366,and that?,False,0
22367,and that?,False,0
22368,how many is that?,True,1
22369,that's three.,False,0
22370,how many is this one too?,True,1
22371,and how many are there all together?,True,1
22372,how many are there all together?,True,1
22373,how many red ones?,False,0
22374,how many black ones?,False,0
22375,how much is two plus two?,True,1
22376,where?,False,0
22377,I don't know.,False,0
22378,I cann't see.,False,0
22379,how many is there?,True,1
22380,how many?,False,0
22381,"those are doing something, aren't they, Child?",False,0
22382,"no, no, no.",False,0
22383,be careful because we don't want to lose them.,False,0
22384,these are very special to us.,False,0
22385,turns out Investigator had more toys that he wasn't letting on.,False,0
22386,was he holding out on us?,False,0
22387,"well, if those aren't toys I don't know what is.",True,2
22388,I guess.,False,0
22389,okay.,False,0
22390,"no, I don't.",False,0
22391,"no, I don't.",False,0
22392,like this.,False,0
22393,"it's the same shape, right?",False,0
22394,is it the same size?,False,0
22395,what are you checking?,True,1
22396,what are you try?,False,0
22397,uhhuh.,False,0
22398,is it?,False,0
22399,oh.,False,0
22400,do they have the same numbers on them?,False,0
22401,no?,False,0
22402,is this the same as this?,False,0
22403,how are they different?,True,1
22404,how come it's different?,True,1
22405,"oh, Child, I think this is very exciting.",False,0
22406,you know what we can use these as?,True,1
22407,"we should, they are.",False,0
22408,what am I pretending they are?,True,1
22409,building a tower with them.,False,0
22410,what do you build a tower with?,True,1
22411,what did I pretend that was?,True,1
22412,should I put this one here?,False,0
22413,will it balance?,False,0
22414,no.,False,0
22415,no.,False,0
22416,or we could do it this way.,False,0
22417,what am I doing?,True,1
22418,do you want to try that?,False,0
22419,now what are you doing?,True,1
22420,oh.,False,0
22421,"what are you doing, Child?",True,1
22422,are you playing with blocks?,False,0
22423,beads!,False,0
22424,where's the other one?,True,1
22425,we're missing one.,False,0
22426,do you have one in your hand?,False,0
22427,"no, it's still there.",False,0
22428,okay.,False,0
22429,"I think it's very hard to do, isn't it, honey?",False,0
22430,another one of what?,False,0
22431,of the brown ones?,False,0
22432,no.,False,0
22433,but you know what you can put?,True,1
22434,you know what you could do?,True,1
22435,you could put that one there.,False,0
22436,what are you going to do there?,True,1
22437,now why didn't that work?,True,1
22438,it was so what?,False,0
22439,so big?,False,0
22440,which one was so big?,True,1
22441,mhm.,False,0
22442,so big you couldn't put it on top?,False,0
22443,you were too big?,False,0
22444,are you big now?,False,0
22445,I think so.,False,0
22446,are you dirty?,False,0
22447,you are a little dirty.,False,0
22448,"shall we, let me just skritch it off.",False,0
22449,probably a little bit of paste.,False,0
22450,were you pasting something in school today?,False,0
22451,or it could be a little yogurt.,False,0
22452,did you have yogurt for lunch?,False,0
22453,looks like paste.,False,0
22454,there.,False,0
22455,"Child, now what are you doing?",True,1
22456,now what are you doing?,True,1
22457,is that silly talk?,False,0
22458,you know who else Investigator goes to play with?,True,1
22459,if you don't play with me Investigator will play with you?,True,1
22460,uhhuh.,False,0
22461,do you know who else Investigator goes and plays with?,True,1
22462,who?,False,0
22463,what's not there?,True,1
22464,what's not there?,True,1
22465,is something missing?,False,0
22466,did something go away?,False,0
22467,what?,False,0
22468,what?,False,0
22469,do you think it's the thing that's missing?,True,1
22470,you don't remember what.,False,0
22471,how many just fell?,True,1
22472,there.,False,0
22473,were they in your hand?,False,0
22474,is that why you did that?,True,1
22475,"no, we found it.",False,0
22476,"yes, we were trying to find them.",False,0
22477,why?,False,0
22478,because they're Investigator's toy and he does 't want to lose them.,False,0
22479,do you like to lose your toys?,False,0
22480,can you speak up?,False,0
22481,she goes to.,False,0
22482,tell me loud so I can hear.,False,0
22483,yeah.,False,0
22484,where does the water come from?,True,1
22485,from the faucet that she turned on?,True,1
22486,and she forgot to turn it off?,False,0
22487,now what's this story?,True,1
22488,here comes a chicken.,False,0
22489,and the chicken sees a great big egg.,False,0
22490,and the chicken sits on the egg.,False,0
22491,then what happens?,True,1
22492,right.,False,0
22493,did we see a chicken today?,False,0
22494,where?,False,0
22495,where?,False,0
22496,you don't know?,False,0
22497,"was it at the museum, remember?",False,0
22498,did we see some little tiny chickens trying to come out of some,False,0
22499,"remember that, honey?",False,0
22500,you didn't?,False,0
22501,"oh, I showed them to you.",False,0
22502,what else did we see at the museum?,True,1
22503,"we saw, we read this whole book now I think.",False,0
22504,"oh, no, we still have this piece, this one.",False,0
22505,going to do that?,False,0
22506,what happens?,True,1
22507,she gets out and that mashes the pie in his face.,False,0
22508,that's the end of that book.,False,0
22509,I'll bet Investigator brought his toys.,False,0
22510,shall we,False,0
22511,what were you doing *T*-1 when you did it?,True,1
22512,"Child, tell Investigator, did we go to the museum today?",False,0
22513,what did we see at the museum?,True,1
22514,what did we see?,True,1
22515,did we see anything?,False,0
22516,a dinosaur?,False,0
22517,what did we do anything with the dinosaur?,False,0
22518,what?,False,0
22519,did we make him roar?,False,0
22520,how did we make him roar?,True,1
22521,you don't know what made him roar?,True,1
22522,did it involve a nickel?,False,0
22523,what did we do?,True,1
22524,make him roar like a nickel!,False,0
22525,let's look at Investigator's toys.,False,0
22526,"now what are those, Child?",True,1
22527,why are you whispering?,True,1
22528,what would you like to play with?,True,1
22529,shall we play with your dollhouse and your farm?,False,0
22530,shall we do that?,False,0
22531,"or let's see, what else can we play with?",True,1
22532,what do you want?,True,1
22533,what we can do with them.,True,1
22534,then what?,False,0
22535,why don't you tell us?,True,1
22536,why would he go in the bathtub?,True,1
22537,where's the soap?,True,1
22538,"oh, okay.",False,0
22539,what are you doing?,True,1
22540,is anyone going to help the baby?,False,0
22541,who's the baby's mommy?,True,1
22542,okay.,False,0
22543,okay.,False,0
22544,you brought the baby's daddy?,False,0
22545,mhm.,False,0
22546,they look remarkably alike.,False,0
22547,okay.,False,0
22548,do you want some help?,False,0
22549,are you counting them?,False,0
22550,how many are there?,True,1
22551,"what are you doing, Child?",True,1
22552,where are you finding it?,True,1
22553,"here, okay, we'll hide it.",False,0
22554,ready?,False,0
22555,it's not there.,False,0
22556,is it in Investigator's ear?,False,0
22557,make a.,False,0
22558,does it fit in your ear?,False,0
22559,it fits in my ear.,False,0
22560,"is that, is that your name?",False,0
22561,roof?,False,0
22562,is it?,False,0
22563,is that roof going to go on?,False,0
22564,"now what does that mean, Child?",True,1
22565,"there, you did it!",False,0
22566,you,False,0
22567,"yeah, Investigator doesn't know how to play with those toys.",True,1
22568,we could do all kinds of things with the baby.,False,0
22569,now which one is the mommy and which one is the daddy and which one,True,2
22570,does the baby push the mommy in the stroller?,False,0
22571,what happens to the baby now?,True,1
22572,why shouldn't I?,True,1
22573,not?,False,0
22574,look what's over there.,True,1
22575,look what's here.,True,1
22576,what's that?,True,1
22577,does the elephant go on the diaper changing table?,False,0
22578,who's going to change the elephant's diapers?,True,1
22579,does the elephant need a diaper change?,False,0
22580,you'll doed it?,False,0
22581,my toy.,False,0
22582,"yeah, yeah.",False,0
22583,that's Alan.,False,0
22584,what?,False,0
22585,a picture of sand.,False,0
22586,a piece of sand.,False,0
22587,"Child, show Investigator this.",False,0
22588,who is that?,True,1
22589,a lion?,False,0
22590,tell him about that.,False,0
22591,is it a real lion?,False,0
22592,is it alive?,False,0
22593,so we can look at it.,False,0
22594,where did you get a real lion?,False,0
22595,that's the lion right there.,False,0
22596,that's Daddy.,False,0
22597,how do you know?,True,1
22598,one more.,False,0
22599,one more page of pictures and that's all.,False,0
22600,oh!,False,0
22601,Child!,False,0
22602,this will interest Investigator!,False,0
22603,do you know who this person is?,True,1
22604,who?,False,0
22605,"no, that's not sand, that is.",False,0
22606,no.,False,0
22607,sand is much smaller than that.,False,0
22608,it looks a little like sand but that's your cousin Investigator.,False,0
22609,"sand, that's sand.",False,0
22610,that's sand.,False,0
22611,"please, show him what to do with the tables and chairs.",True,1
22612,what does that mean?,True,1
22613,is that your new name?,False,0
22614,are you Teacup Child Lastname?,False,0
22615,are you Diwentca Child Lastname?,False,0
22616,are you Caca Child Lastname?,False,0
22617,"what, darling?",False,0
22618,"tomorrow what, darling?",False,0
22619,is that a bead?,False,0
22620,not?,False,0
22621,what color is it?,True,1
22622,"that's a blue one, and that's a yellow one.",False,0
22623,a deedeeb one?,False,0
22624,that's right.,False,0
22625,then that must be a purple one.,False,0
22626,a pink one?,False,0
22627,what's a red one then?,True,1
22628,that's a pink one.,False,0
22629,are there lots and lots of beads in there or just a few?,False,0
22630,just a lot?,False,0
22631,can you count all those beads?,False,0
22632,you need to unbuckle it?,False,0
22633,"well, that's not the one *NULL* you unbuckle.",True,1
22634,do you want me to unbuckle it for you?,False,0
22635,you unbuckle the top one.,False,0
22636,you leave that one buckled.,False,0
22637,because you can still put it on.,False,0
22638,but that's the wrong foot.,False,0
22639,let's see if you can take it out.,True,1
22640,"no, the other way.",False,0
22641,pull it the other way.,False,0
22642,nah.,False,0
22643,that way will never come out.,False,0
22644,"yes, that one.",False,0
22645,"okay, you started it and I'll finish it.",False,0
22646,what?,False,0
22647,did that hurt?,False,0
22648,"oh, I 'm sorry.",False,0
22649,there we go.,False,0
22650,does it still hurt?,False,0
22651,now does it hurt?,False,0
22652,we have to do that one too.,False,0
22653,"where did Daddy go, Child?",True,1
22654,what?,False,0
22655,"oh, alright, what your, oh, I 'm sorry.",False,0
22656,that's okay.,False,0
22657,I thought he turned the thing.,False,0
22658,right.,False,0
22659,"okay, Child, what shall we look at?",True,1
22660,what do you think is in there?,True,1
22661,where's the top?,True,1
22662,"oh, you found it, didn't you?",False,0
22663,"oh, could I have some tea, please.",False,0
22664,I would like some tea.,False,0
22665,"are you coming out with a written study then, or",False,0
22666,"yeah, eventually but it'll probably take a couple of months before",False,0
22667,I was just wondering what kind of feedback we'd get.,True,1
22668,yes.,False,0
22669,"once I have collected, um, some data, then I'll I'll do a short writeup",False,0
22670,how interesting.,False,0
22671,before it's in publication the parents can see what it's like.,True,1
22672,"oh, how interesting.",False,0
22673,thank you.,False,0
22674,"okay, do you want me to pour it?",False,0
22675,a lot of cups there?,False,0
22676,now what are you doing there?,True,1
22677,what's that?,True,1
22678,"oh, the beater's hot.",False,0
22679,"yes, it is.",False,0
22680,okay.,False,0
22681,"no, this is cream.",False,0
22682,want some cream?,False,0
22683,alright.,False,0
22684,"can I have some, please?",False,0
22685,"oh, thank you, I'd love some more.",False,0
22686,what kind of tea is this?,True,1
22687,is this cream tea?,False,0
22688,"oh, we'll pour the cream tea in here.",False,0
22689,I want some espresso.,False,0
22690,pour some espresso in here?,False,0
22691,no.,False,0
22692,what is it?,False,0
22693,"oh, it is?",False,0
22694,that's my favorite.,False,0
22695,"may I have some, please?",False,0
22696,thank you.,False,0
22697,"okay, do you want me to pour some for you?",False,0
22698,there.,False,0
22699,let me see.,False,0
22700,"it was very cold, wasn't it but we didn't.",False,0
22701,whoops!,False,0
22702,her checkbook?,False,0
22703,where's her checkbook?,True,1
22704,"oh, it's over on the table?",False,0
22705,"yeah, it fits on there, doesn't it?",False,0
22706,no.,False,0
22707,you cann't have any more.,False,0
22708,"no, no.",False,0
22709,no more tea for you!,False,0
22710,I want something *NULL* to eat.,True,1
22711,what can I have *NULL* to eat?,True,2
22712,I would love some cheese.,False,0
22713,where is it?,True,1
22714,oh.,False,0
22715,okay.,False,0
22716,okay.,False,0
22717,"careful of the cups, honey.",False,0
22718,"would you pick up the cups at your feet, honey?",False,0
22719,good boy.,False,0
22720,yeah.,False,0
22721,lot of cups there.,False,0
22722,boy.,False,0
22723,thank you very much.,False,0
22724,here.,False,0
22725,"now we can have lots of tea, right?",False,0
22726,okay.,False,0
22727,where's my cheese anyway?,True,1
22728,where is it?,True,1
22729,"well, why don't you get it out?",True,1
22730,cans in there.,False,0
22731,"yeah but we cann't eat forks and cans, can we?",False,0
22732,mhm.,False,0
22733,mhm.,False,0
22734,what are you going to do with them?,True,1
22735,hmm.,False,0
22736,"oh, can I have some, please?",False,0
22737,thank you.,False,0
22738,is this purple cheese?,False,0
22739,how many are there?,True,1
22740,"oh, watch, one, two, three knives.",False,0
22741,mm.,False,0
22742,"well, those are special knives just for you, those aren't sharp.",False,0
22743,most knives are very sharp though.,False,0
22744,"oh, good.",False,0
22745,what kind of spoon would I like?,True,1
22746,a cheese spoon?,False,0
22747,is this a cheese spoon?,False,0
22748,oh.,False,0
22749,"ok, thank you, I would love a fork.",False,0
22750,mhm.,False,0
22751,"well, what are you going to do with another fork?",True,1
22752,that's a dishwasher?,False,0
22753,mm.,False,0
22754,mhm.,False,0
22755,"look at this knife, Child, this says something on it.",False,0
22756,what do you think that says?,True,1
22757,what do you think it says?,True,1
22758,"let's see, says.",False,0
22759,nine one three three Swiss made.,False,0
22760,I think.,False,0
22761,mhm?,False,0
22762,you think so too?,False,0
22763,sing.,False,0
22764,Swiss made.,False,0
22765,are you stirring it?,False,0
22766,"oh, you don't put forks in your tea, do you?",False,0
22767,no more.,False,0
22768,how many cups do you think there are here?,True,1
22769,"oh, was it?",False,0
22770,the dishwasher?,False,0
22771,how many cups of tea are there here?,True,1
22772,no.,False,0
22773,no more tea for you.,False,0
22774,you don't get any.,False,0
22775,that's naughty!,False,0
22776,"oh, I see.",False,0
22777,mhm.,False,0
22778,"yes, they are, honey.",False,0
22779,those are special ones.,False,0
22780,I don't know.,False,0
22781,what do you think that is?,True,1
22782,you want to cut my cheese up?,False,0
22783,hmm?,False,0
22784,stir my?,False,0
22785,no.,False,0
22786,no.,False,0
22787,I have some spoons.,False,0
22788,how many spoons are there?,True,1
22789,"oh, watch, there are three, aren't there?",False,0
22790,three spoons.,False,0
22791,uhoh.,False,0
22792,how did that happen?,True,1
22793,uhoh.,False,0
22794,we're a mess.,False,0
22795,no.,False,0
22796,no more tea.,False,0
22797,I want to make a telephone call.,False,0
22798,who should I call?,True,1
22799,right.,False,0
22800,who should we call?,True,1
22801,ok.,False,0
22802,where is he?,True,1
22803,he's in the airplane?,False,0
22804,"ok, you want to dial this, the telephone?",False,0
22805,push the buttons?,False,0
22806,"hi, Daddy.",False,0
22807,"Child's calling, here you are.",False,0
22808,he wants to talk to you.,False,0
22809,"oh, are you showing him your other spoon?",False,0
22810,uhhuh.,False,0
22811,where is he going?,True,1
22812,he's in the airplane but where is he going?,True,1
22813,"oh, I see.",False,0
22814,what does he do there?,True,1
22815,"oh, he has toys?",False,0
22816,yeah.,False,0
22817,"oh, I see.",False,0
22818,what does he do with the toys?,True,1
22819,"hee, hee, hee.",False,0
22820,I 'm going to put all these cups upsidedown.,False,0
22821,then you cann't have any tea.,False,0
22822,no.,False,0
22823,no more tea.,False,0
22824,you don't get any more tea.,False,0
22825,"don't throw them, honey.",False,0
22826,here.,False,0
22827,that's my cup.,False,0
22828,I want that cup.,False,0
22829,yep.,False,0
22830,yep.,False,0
22831,mm.,False,0
22832,I want that spoon.,False,0
22833,mm.,False,0
22834,we already called Dada.,False,0
22835,and where is he now?,True,1
22836,he's still in the airplane?,False,0
22837,"hello, Dada, are you still in the airplane?",False,0
22838,he said he's not in the airplane.,False,0
22839,he is?,False,0
22840,why did he say he wasn't?,True,1
22841,are you still in the airplane?,False,0
22842,"here, he wants to talk to you.",False,0
22843,"ok, you can dial it again.",False,0
22844,who are you calling now?,True,1
22845,"well, you could call Stacy.",False,0
22846,you want to call Stacy?,False,0
22847,"well, we just called him.",False,0
22848,he's not there anymore.,False,0
22849,no.,False,0
22850,no.,False,0
22851,ok.,False,0
22852,but we just called him.,False,0
22853,"well, you push the buttons.",False,0
22854,hello?,False,0
22855,oh!,False,0
22856,"it's Michelle, Child!",False,0
22857,Michelle answered the telephone.,False,0
22858,you want to talk to Michelle?,False,0
22859,what did she say?,True,1
22860,is she coming home?,False,0
22861,did you say goodbye?,False,0
22862,she's still waiting.,False,0
22863,"ok, who shall we call now?",True,1
22864,"want to call, well, Dada's not there anymore.",False,0
22865,shall we call Diana?,False,0
22866,no.,False,0
22867,want to call Eliza?,False,0
22868,how about Lucy?,False,0
22869,shall we call Lucy?,False,0
22870,"that works, doesn't it?",False,0
22871,"whoops, don't throw things.",False,0
22872,no.,False,0
22873,"I want to bite, argh.",False,0
22874,uhoh.,False,0
22875,I don't want any more tea.,False,0
22876,I don't like tea.,False,0
22877,I don't like tea.,False,0
22878,I don't like.,False,0
22879,now what are you doing?,True,1
22880,mm.,False,0
22881,I don't want any water.,False,0
22882,I don't like water.,False,0
22883,yuck blech.,False,0
22884,you know there are lots of neat toys in here.,False,0
22885,shall we look at some of the other toys?,False,0
22886,how about this truck?,False,0
22887,you don't want to at that one?,False,0
22888,which one do you want to look at?,True,1
22889,"oh, which one do you want to look at?",True,1
22890,can you get it?,False,0
22891,oops.,False,0
22892,I don't want any more water.,False,0
22893,"hey, you want to climb up there and look at those pillows?",False,0
22894,there's a ladder and there's pillows up there.,False,0
22895,you want to go up there?,False,0
22896,"oh, that's a pretty neat place.",False,0
22897,I want some of those forks.,False,0
22898,yes.,False,0
22899,gim me that fork.,False,0
22900,no thank you.,False,0
22901,no thank you.,False,0
22902,no thank you.,False,0
22903,"whoop, don't throw them, honey.",False,0
22904,"that makes a loud bang, doesn't it?",False,0
22905,"oop, what do you think of this?",True,1
22906,"no, I don't want any more water.",False,0
22907,right out of the teapot!,False,0
22908,"I don't think you should put that in your mouth, Bobs.",False,0
22909,"hey, Child.",False,0
22910,"here, pour some water on this stuff.",False,0
22911,I think you need to water this stuff.,False,0
22912,they all fit in there?,False,0
22913,"there's a, there's a, a, an oven over there.",False,0
22914,you want to bake some cookies?,False,0
22915,no?,False,0
22916,"well, I didn't think so, I didn't think you liked cookies.",False,0
22917,I don't like ham and cheese?,False,0
22918,why not?,False,0
22919,do you like ham and cheese?,False,0
22920,no.,False,0
22921,what do you want for lunch today?,True,1
22922,"oh, I didn't think so.",False,0
22923,"oops, goodness!",False,0
22924,what do you say?,True,1
22925,"um, I 'm not sure it fits.",False,0
22926,"well, it's so full of silverware I 'm not sure it does fit.",False,0
22927,"no, I don't want anymore tea.",False,0
22928,I want some cocoa.,False,0
22929,"oops, that's a loud noise.",False,0
22930,"hey, where are all the knives?",True,1
22931,"oh, there they are.",False,0
22932,let me ask you something.,False,0
22933,how many spoons are up here?,True,1
22934,mhm.,False,0
22935,"oh, it's all dirty?",False,0
22936,the dishwasher.,False,0
22937,pour it on this spoon.,False,0
22938,"oops, gentle, honey, you don't want to break that.",False,0
22939,what's that?,True,1
22940,whoops.,False,0
22941,"that's interesting, isn't it?",False,0
22942,"here, you want to put this one back there too?",False,0
22943,this one belongs back there too.,False,0
22944,I don't like cookies.,False,0
22945,"no, I hate cookies, they taste yucky.",False,0
22946,no.,False,0
22947,here's another spoon.,False,0
22948,I don't know.,False,0
22949,would you please put this away?,False,0
22950,tea's yucky?,False,0
22951,I like tea.,False,0
22952,what does that knob do?,True,1
22953,"oh, it helps the water.",False,0
22954,"this is four December, nineteen eighty five and the child is Child",False,0
22955,the child was born tenth of March nineteen eighty three.,False,0
22956,you just have to tell me how to get in.,True,1
22957,"but it would have been, it would have",False,0
22958,I should have thought of that.,False,0
22959,I certainly should have.,False,0
22960,it was a big mistake *NULL* I made.,True,1
22961,"yeah, take that.",False,0
22962,do you remember when you were here before?,True,1
22963,"yeah, you can press that.",False,0
22964,"did your student come or your assistant, is it?",False,0
22965,"she's, she's going to start on Monday, so",False,0
22966,again?,False,0
22967,"yes, thank you, honey I would love a cup.",False,0
22968,I would love some.,False,0
22969,"you know what, Child, I have, I have some other things that I",False,0
22970,you want to see what some of them are?,True,1
22971,and maybe you and your mommy can play with them together.,False,0
22972,"yeah, but.",False,0
22973,what do you think?,True,1
22974,are you curious about what's in my bag?,True,1
22975,thank you.,False,0
22976,tea?,False,0
22977,okay.,False,0
22978,okay.,False,0
22979,that's a pretty necklace.,False,0
22980,thank you.,False,0
22981,it's a really nice one.,False,0
22982,press that button.,False,0
22983,it makes some noises.,False,0
22984,you want to hear one of the noises *NULL* it makes?,True,1
22985,"that's not too impressive, is it?",False,0
22986,it used to make a better noise.,False,0
22987,I think the battery is wearing down.,False,0
22988,mmm.,False,0
22989,"you know what those are, huh?",True,1
22990,"I don't know, you better look again.",False,0
22991,you want to see what's in here?,True,1
22992,maybe there's a knife in here.,False,0
22993,you think so?,False,0
22994,why don't you look?,True,1
22995,want me to show you a couple things that are in here?,False,0
22996,"you really remember where everything is, don't you?",True,1
22997,do you think the duck would like some tea?,False,0
22998,why don't you pour some tea for the duck?,True,1
22999,you going to give him some?,False,0
23000,he cann't drink by himself.,False,0
23001,could you give the duck something *NULL* to drink?,True,1
23002,okay.,False,0
23003,would you give some to the duck though?,False,0
23004,what?,False,0
23005,do you think the duck needs some?,False,0
23006,"the duck would like some cookies, I know it.",False,0
23007,you went in the elevator?,False,0
23008,where are they going?,True,1
23009,they go in the elevator.,False,0
23010,and then where are they going?,True,1
23011,look at this.,False,0
23012,the duck has a hat.,False,0
23013,whoops!,False,0
23014,"doesn't fit, does it?",False,0
23015,see this duck's hat?,False,0
23016,"yeah, look at that?",False,0
23017,do you think that makes a nice hat?,False,0
23018,is it a milk bowl for the cat?,False,0
23019,no.,False,0
23020,what's down there?,True,1
23021,Child?,False,0
23022,did you do a good job?,False,0
23023,going to put it in the dishwasher?,False,0
23024,thank you.,False,0
23025,"gentle, gentle, honey.",False,0
23026,oh.,False,0
23027,want to see some of the other animals *NULL* I have?,True,1
23028,okay.,False,0
23029,what?,False,0
23030,that's just like Eliza.,False,0
23031,his baby sister has a hedgehog.,False,0
23032,what are those?,True,1
23033,"I don't know, you tell me what those are.",True,1
23034,look at this neat toy.,False,0
23035,see these come out?,False,0
23036,yes.,False,0
23037,"those are pretty ones, aren't they?",False,0
23038,"yeah, you can close it, yup.",False,0
23039,you need the chalk?,False,0
23040,what are you going to use chalk for?,True,1
23041,what are they doing?,True,1
23042,I don't know.,False,0
23043,what do you think they're doing?,True,1
23044,there are five there.,False,0
23045,and now there are six!,False,0
23046,sure.,False,0
23047,"it doesn't go in there, does it?",False,0
23048,"see, this is the biggest one.",False,0
23049,this one goes in the biggest hole here.,False,0
23050,try it in here.,False,0
23051,now try this one in here.,False,0
23052,"nope, that's the next biggest hole.",False,0
23053,uhuh.,False,0
23054,they're made for making Playdoh?,False,0
23055,oh.,False,0
23056,what do you do with those?,True,1
23057,you put Playdoh in the middle of those?,False,0
23058,"oh, is that a spyglass?",False,0
23059,"you know what this is called, Child?",True,1
23060,"see, there's a circle on the end and it's long in the middle, it's",False,0
23061,"um hmm, a cylinder.",False,0
23062,"oh, you going to fix that?",False,0
23063,"oh, I see.",False,0
23064,"well, thank you very much.",False,0
23065,"oh, I see.",False,0
23066,"well, thank you very much.",False,0
23067,"well, see if you can find out.",True,1
23068,that's right.,False,0
23069,try it.,False,0
23070,good for you.,False,0
23071,"yeah, should we take these off and see if you can figure out where",True,1
23072,how many fit?,True,1
23073,"no, I don't think so either.",False,0
23074,you were trying to find it?,False,0
23075,"yes, we do.",False,0
23076,"we need the electricity, don't we?",False,0
23077,hmm?,False,0
23078,oh.,False,0
23079,what is down there?,True,1
23080,"look at this, Child, this is another cylinder.",False,0
23081,"see, it's round on the end and it's long in the middle.",False,0
23082,"this is another cylinder, isn't it?",False,0
23083,"see, it's round on the end and long in the middle.",False,0
23084,cylinder shape.,False,0
23085,"that's another cylinder, isn't it?",False,0
23086,press the snap button?,False,0
23087,where's your snap button?,True,1
23088,"oh, in the elevator.",False,0
23089,"oh, they're sticky.",False,0
23090,why are they sticky?,True,1
23091,uhuh.,False,0
23092,uhuh.,False,0
23093,no.,False,0
23094,how many of these are there?,True,1
23095,do you know?,False,0
23096,"oh, that's nice to know.",False,0
23097,oops.,False,0
23098,right.,False,0
23099,I don't think so.,False,0
23100,I think they're exactly the same size.,False,0
23101,"and that willn't work, you need one small one and one big one.",False,0
23102,uhuh.,False,0
23103,cylinders.,False,0
23104,right.,False,0
23105,uhuh.,False,0
23106,you think maybe it fits in a different hole?,False,0
23107,uhuh.,False,0
23108,oh.,False,0
23109,is that right?,False,0
23110,hmm.,False,0
23111,where do these go?,True,1
23112,where do these go?,True,1
23113,they need to go in the elevator spot?,False,0
23114,"oh, I see.",False,0
23115,uhuh.,False,0
23116,I don't know.,False,0
23117,what is there?,True,1
23118,"uh, I dunno.",False,0
23119,a block?,False,0
23120,"that's just stuff, right?",False,0
23121,uhuh.,False,0
23122,does it have yellow stuff?,False,0
23123,it has yellow stuff in it.,False,0
23124,it does have yellow stuff in it?,False,0
23125,yes.,False,0
23126,it has yellow stuff.,False,0
23127,some other child must have put yellow stuff in there.,False,0
23128,I don't know why.,False,0
23129,"what is that yellow stuff, do you think?",True,1
23130,I dunno.,False,0
23131,what do you think it's doing there?,True,1
23132,is that paint?,False,0
23133,whoops!,False,0
23134,"you got it, didn't you?",False,0
23135,paint maybe.,False,0
23136,uhuh.,False,0
23137,no.,False,0
23138,throw it out.,False,0
23139,right.,False,0
23140,what?,False,0
23141,is that the same?,False,0
23142,"no, they don't look the same, do they?",False,0
23143,one's a little bit bigger than the other one.,False,0
23144,"well, they're the same shape but one's bigger than the other one.",False,0
23145,right.,False,0
23146,right.,False,0
23147,"well, there's somebody in that hole already, isn't there?",False,0
23148,that's right.,False,0
23149,uhuh.,False,0
23150,"no, you're not missing a part.",False,0
23151,they're all there.,False,0
23152,"they look like little people, don't they?",False,0
23153,all lined up.,False,0
23154,uhuh.,False,0
23155,that looks pretty.,False,0
23156,so a nookwp cann't cook with a hook cookbook.,False,0
23157,right?,False,0
23158,"well, there's a little hole down here.",False,0
23159,maybe he fits in there.,False,0
23160,"well, that's where he goes, right?",True,1
23161,how many are there?,True,1
23162,want to put it away?,False,0
23163,okay.,False,0
23164,"okay, where does it go?",True,1
23165,"okay, we'll put it right there.",False,0
23166,that's a good place for it.,False,0
23167,what else is in here?,True,1
23168,"oh, let's see, what's in there?",True,1
23169,oh and look what we have down here too.,True,1
23170,this is pretty neat.,False,0
23171,yeah.,False,0
23172,do you know what all these shapes are?,True,1
23173,ow.,False,0
23174,what shape is that?,True,1
23175,what shape is that?,True,1
23176,what shape is that?,True,1
23177,what shape is that?,True,1
23178,what shape is that?,True,1
23179,do you know?,False,0
23180,a pie shape.,False,0
23181,"yes, it does.",False,0
23182,what shape is that?,True,1
23183,"yeah, what shape is that, do you know?",True,1
23184,oh.,False,0
23185,remember what shape this is?,True,1
23186,oop.,False,0
23187,remember what shape this is?,True,1
23188,good boy!,False,0
23189,that's a trapezoid isn't it?,False,0
23190,uhuh.,False,0
23191,right.,False,0
23192,that's right.,False,0
23193,right.,False,0
23194,whoop.,False,0
23195,now put the trapezoid there.,False,0
23196,hmm.,False,0
23197,right.,False,0
23198,this pie shape is a very special pie shape.,False,0
23199,that's a quarter circle pie shape.,False,0
23200,uhuh.,False,0
23201,uhuh.,False,0
23202,uhuh.,False,0
23203,do you want to see something special about this puzzle?,False,0
23204,let's take these shapes out.,False,0
23205,I want to show you something.,False,0
23206,this is really neat.,False,0
23207,now.,False,0
23208,lift up your circle.,False,0
23209,now.,False,0
23210,"see, this is curved.",False,0
23211,see like this and you can put the oval on its side like that.,False,0
23212,and you can put the cross down on it's side like that.,False,0
23213,uhuh.,False,0
23214,uhuh.,False,0
23215,what shape is that?,True,1
23216,"that's the pentagon, isn't it?",False,0
23217,all done?,False,0
23218,"I think that goes on the bottom, honey.",False,0
23219,that goes on the bottom.,False,0
23220,there.,False,0
23221,you had a really nice box before.,False,0
23222,want to take out that box and see what's in there?,True,1
23223,in this box?,False,0
23224,you had that box before.,False,0
23225,oh.,False,0
23226,what's in there?,True,1
23227,"oh, these are for punching holes and cutting things, aren't they.",False,0
23228,scissors?,False,0
23229,tell you what.,False,0
23230,look at this.,False,0
23231,want to cut?,False,0
23232,good for you.,False,0
23233,ha ha ha ha ha ha ha.,False,0
23234,hi.,False,0
23235,that's right.,False,0
23236,people put their finger in there.,False,0
23237,"well, try again.",False,0
23238,"well, that time it didn't work, did it?",False,0
23239,let's try another one.,False,0
23240,yeah.,False,0
23241,good for you.,False,0
23242,do another one.,False,0
23243,those are scissors.,False,0
23244,"whoops, that one's already cut.",False,0
23245,open it back up.,False,0
23246,you know how these work?,True,1
23247,these are hole punchers.,False,0
23248,"this is Child Lastname, and Parent Lastname.",False,0
23249,Child's birthday is,False,0
23250,"you know what tape recorders are, right, because we have a tape",True,1
23251,blow.,False,0
23252,blow.,False,0
23253,"oh, you're going to pretend you don't know how, huh?",False,0
23254,I think everyone's getting sick these days.,False,0
23255,going around.,False,0
23256,yeah.,False,0
23257,that's a tape recorder right there.,False,0
23258,you're a monster?,False,0
23259,are we supposed to be scared?,False,0
23260,"I have a consent form thing, which is kind of a formality that we",True,1
23261,if you want to stop this at any time you're welcome to.,True,1
23262,okay.,False,0
23263,"I told you a little bit about, about it, over the phone, uh",False,0
23264,mhm.,False,0
23265,that pretty much says the same thing.,False,0
23266,there's only going to be two sessions.,False,0
23267,"um, the third session is for cases where kids",False,0
23268,mhm.,False,0
23269,"the second one shouldn't last more than an hour, at",False,0
23270,it's not an hour and a half.,False,0
23271,there's your tape recorder.,False,0
23272,you brought it in to show me?,False,0
23273,"oh, yeah, you did.",False,0
23274,I think an hour and a half is a little bit too long for kids to,False,0
23275,"oh, she would never sit, I mean if she sits for an hour it's",True,2
23276,what tape do you have in there?,True,1
23277,what is it?,True,1
23278,Robinhood?,False,0
23279,did you bring something?,False,0
23280,"oh, uh, I didn't bring a pen.",False,0
23281,okay.,False,0
23282,sorry.,False,0
23283,"which is it, Robinhood that's inside?",True,1
23284,"a pen, because I have to sign on a piece of paper.",False,0
23285,"sure, I can turn it on.",False,0
23286,let's see.,False,0
23287,this is Robinhood and this is Wizard of Oz.,False,0
23288,which side did you want?,True,1
23289,Robinhood?,False,0
23290,"it's already started, you know.",False,0
23291,why don't you get the book that goes with it?,True,2
23292,so you can look at the pictures?,False,0
23293,I think we turned it down too low.,False,0
23294,shall I stop it while you're gone?,False,0
23295,is there something in particular that you want us to do?,True,1
23296,not really.,False,0
23297,"um, I brought some toys that we can play with or something.",True,1
23298,"um, they're not real exciting toys, unfortunately I have to go to",False,0
23299,um but just you know normal talking and whatever and don't,False,0
23300,mhm.,False,0
23301,I don't have to be ignored or whatever.,False,0
23302,mhm.,False,0
23303,"but um, nothing special, you don't have to jump up and down for us",False,0
23304,"oh, there's the book.",False,0
23305,"okay, well, shall I put it back on?",False,0
23306,Prince John?,False,0
23307,that's Prince John right there.,False,0
23308,"oh, I think this is Little John and that's Prince John.",False,0
23309,"see, Prince John has a crown on his head.",False,0
23310,do you know who the Sheriff,False,0
23311,that is?,False,0
23312,"do you know who, um, the Sheriff is, the Sheriff of Nottingham?",False,0
23313,which person that is?,True,1
23314,shall we find the place that we're at?,True,1
23315,mhm.,False,0
23316,what page are we on?,True,1
23317,that page?,False,0
23318,mhm.,False,0
23319,why do you have on red slippers?,True,1
23320,it's cold.,False,0
23321,"yeah, it's cold on your feet if you don't wear slippers.",True,1
23322,want to blow?,False,0
23323,my only child who knows how to blow her nose and,True,2
23324,yup.,False,0
23325,how old are the other ones?,True,1
23326,four and the baby's eleven months.,False,0
23327,the other side?,False,0
23328,"why don't we, why don't we finish this side, okay?",True,1
23329,"we'll go fast, okay, we'll finish this one and then we'll turn it to",False,0
23330,so we can start at the beginning.,False,0
23331,do you remember what the other side is?,True,1
23332,"what, what's it called?",True,1
23333,do you want it?,False,0
23334,you want to get the book to it?,False,0
23335,me?,False,0
23336,you get it.,False,0
23337,you know where they are.,True,1
23338,cutie.,False,0
23339,she's acting a little abnormal.,False,0
23340,"well, I 'm sure it's an abnormal situation to have someone here.",False,0
23341,"but I've seen, I've seen Andrew and Taylor also.",False,0
23342,you got it.,False,0
23343,"wow, you know which picture, which book goes with which tape.",True,1
23344,that's pretty smart.,False,0
23345,"alright, you want it on?",False,0
23346,"okay, start at the beginning.",False,0
23347,"oh, you're going too fast.",False,0
23348,wait.,False,0
23349,"okay, here, this is where it starts, Dorothy and her little dog.",True,1
23350,wait till the chime rings.,False,0
23351,there it is.,False,0
23352,there.,False,0
23353,um hum.,False,0
23354,what's her dog's name?,True,1
23355,not the dog's name.,False,0
23356,dog's name is Toto.,False,0
23357,"oh, it does?",False,0
23358,whose feet are these *NULL* hanging out?,True,2
23359,when it rings we turn the page?,True,1
23360,that's right.,False,0
23361,good.,False,0
23362,nice witch.,False,0
23363,is the bad witch supposed to be?,False,0
23364,do you want it to ring?,False,0
23365,"ah, you have to wait a few minutes.",False,0
23366,take your time.,False,0
23367,no more?,False,0
23368,which button do you press?,True,1
23369,"no, that's the stop button.",False,0
23370,which is the play button?,True,1
23371,that's right.,False,0
23372,shall I press it?,False,0
23373,I 'm turning.,False,0
23374,"no, these guys are nice.",False,0
23375,these are Dorothy's friends.,False,0
23376,"it's hard to be patient, isn't it?",False,0
23377,right.,False,0
23378,"ah, let's not switch back and forth.",False,0
23379,maybe you don't really want to listen to tapes.,False,0
23380,would you like to do something else?,False,0
23381,on the what?,False,0
23382,in the trash.,False,0
23383,do you want to build something with the building blocks?,False,0
23384,I'll help you.,False,0
23385,radio?,False,0
23386,is it?,False,0
23387,are you sure?,False,0
23388,did you hear it?,False,0
23389,it rang.,False,0
23390,it rang.,False,0
23391,you have to turn.,False,0
23392,those are good?,False,0
23393,he's a nice lion.,False,0
23394,nice puppy.,False,0
23395,Pluto?,False,0
23396,Toto.,False,0
23397,it rang.,False,0
23398,do you know what?,False,0
23399,I think we skipped a whole page.,False,0
23400,we're all the way over here.,False,0
23401,now those are supposed to be bad guys,False,0
23402,those are bad guys.,False,0
23403,"we skipped a ring though, Child, this is the page *NULL* we're on.",True,1
23404,the birds part is where we're at right now.,True,1
23405,"well, wait, it's going to ring in a minute.",False,0
23406,ring.,False,0
23407,that means we're on this page.,False,0
23408,"the monkeys, oh, they're pretty ugly.",False,0
23409,um.,False,0
23410,"up, it rang again.",False,0
23411,this is not good.,False,0
23412,right.,False,0
23413,want to get your nose?,False,0
23414,"blow, oh, good blowing.",False,0
23415,"oh, she's not nice at all, is she?",False,0
23416,that wicked witch.,False,0
23417,ring.,False,0
23418,not good.,False,0
23419,um hmm.,False,0
23420,it's going to ring in just a minute.,False,0
23421,"well, the witch is all melted.",False,0
23422,that witch is all melted now.,False,0
23423,it did ring.,False,0
23424,"yeah, it did.",False,0
23425,"okay, you turn it.",False,0
23426,because Dorothy threw water on her.,False,0
23427,and that made her melt.,False,0
23428,listen.,False,0
23429,"no, that's good, that's the tin man, he's nice.",False,0
23430,Dorothy threw water on her and it made her melt.,False,0
23431,I don't know.,False,0
23432,Toto.,False,0
23433,it's all finished.,False,0
23434,all finished.,False,0
23435,just the music left.,False,0
23436,all done.,False,0
23437,why don't you put the tapes and the books away and we'll do,True,1
23438,you want to see what Observer has in the bag?,True,1
23439,if she has anything interesting?,True,1
23440,there's toys in here.,False,0
23441,"look inside, see if there's anything.",True,1
23442,want to take a look?,False,0
23443,"let's see, I don't know.",False,0
23444,do you like trucks or not?,False,0
23445,"oh, that's a nice one.",False,0
23446,and here's some animals.,False,0
23447,you can look inside the other one.,False,0
23448,what is that?,True,1
23449,yeah.,False,0
23450,"I don't know, I'll try.",False,0
23451,"I don't think that one can, the back one can.",False,0
23452,the trunk door.,False,0
23453,that's a station wagon.,False,0
23454,"try the, the, the back of the station wagon.",False,0
23455,it cann't?,False,0
23456,want me to help you?,False,0
23457,"oh, that's not easy to do.",False,0
23458,"oops, that's happened before, don't worry about it.",False,0
23459,"there, it opened!",False,0
23460,it fell off.,False,0
23461,all the way.,False,0
23462,there.,False,0
23463,who do we know that has a station wagon?,True,2
23464,who do we know that has a station wagon car?,True,2
23465,"yeah, I 'm trying to fix it so it doesn't fall off, hold on a second.",False,0
23466,do you know what kind of a truck that is?,True,1
23467,"oops, it's a lost cause.",False,0
23468,it's hard to fix.,False,0
23469,sure.,False,0
23470,it turns around like that.,False,0
23471,"that's a cement mixer, Child.",False,0
23472,does he have one like that?,False,0
23473,it is?,False,0
23474,I didn't know he had one.,False,0
23475,"he does, he has a station wagon too?",False,0
23476,now it willn't close.,False,0
23477,I don't know.,False,0
23478,it's a broken car.,False,0
23479,the bottom part?,False,0
23480,I don't think so.,False,0
23481,I don't think so.,False,0
23482,nope.,False,0
23483,"I don't know, why don't you check the bag and see?",True,1
23484,books?,False,0
23485,"what books, are they books that we have or are they different?",True,1
23486,"go ahead, look.",False,0
23487,"it's a word book, Child.",False,0
23488,what are those?,True,1
23489,animals?,False,0
23490,a giraffe.,False,0
23491,"he has a Do_You_Know book that has a giraffe in it, that's right.",True,1
23492,that's sort of like his Do_You_Know book.,False,0
23493,"a book with lots of pictures and things, isn't it?",False,0
23494,that's right.,False,0
23495,"yeah, you want to get them out, show the horses to each other?",False,0
23496,that horse could be the little baby horse.,False,0
23497,"that's even smaller, that that one, isn't it?",False,0
23498,very little.,False,0
23499,now we have three horses.,False,0
23500,and they what?,False,0
23501,they melted?,False,0
23502,oh.,False,0
23503,did someone throw water on them?,False,0
23504,"remember, we took them in the bathtub and they didn't melt, did",False,0
23505,was red soap melted in the bathtub?,False,0
23506,it did?,False,0
23507,"oh, too bad.",False,0
23508,"let me wipe your chin now, I think your chin's all wet.",False,0
23509,cause you're talking silly.,False,0
23510,"that's the tiny baby horse, the medium baby horse, and the momma",False,0
23511,hmm.,False,0
23512,that's a momma horse.,False,0
23513,that is a momma cow.,False,0
23514,"your chin is going to melt, witch.",False,0
23515,I want to see some pictures in this book and see if there are any,True,1
23516,what things do you see that you know?,True,2
23517,what's that?,True,1
23518,there's a cake in this Do_You_Know book?,False,0
23519,"a dinosaur, oh, we know somebody who likes dinosaurs, don't we?",True,1
23520,those are all the colors.,False,0
23521,do you know your colors?,False,0
23522,you know lots of colors.,False,0
23523,very good.,False,0
23524,this is about clothes that you wear.,True,1
23525,"I don't see any diapers, this must be a big girl book.",False,0
23526,do you wear diapers?,False,0
23527,"that's right, you do.",False,0
23528,but soon you'll wear underpants.,False,0
23529,"look, there's underpants right there, pink ones.",False,0
23530,Andreas wears white ones?,False,0
23531,"yeah, he does.",False,0
23532,what is that thing?,True,1
23533,a purse?,False,0
23534,"oh, it sort of looks like a purse but it's a piggy bank, a piggy",False,0
23535,"you see the little, the little place there, the little hole where",False,0
23536,like Andreas ' duck bank.,False,0
23537,"oh, these are kitchen things, look.",False,0
23538,um hmm.,False,0
23539,right out there.,False,0
23540,"we have a lot of these things, don't we?",False,0
23541,what's that?,True,1
23542,a what?,False,0
23543,a fish bowl?,False,0
23544,those are good things *NULL* to eat.,True,1
23545,cheese?,False,0
23546,there's cheese.,False,0
23547,cheese and bread and bread.,False,0
23548,I see pancakes too.,False,0
23549,um hmm.,False,0
23550,pineapple.,False,0
23551,um hmm.,False,0
23552,do you like pineapple?,False,0
23553,"no, what is that?",True,1
23554,that's corn on the cob.,False,0
23555,corn.,False,0
23556,do you see anything else that you like?,True,1
23557,does he?,False,0
23558,what is it?,True,1
23559,a white car?,False,0
23560,maybe there are some police cars.,False,0
23561,"school bus, just like what we play in the morning, isn't it?",True,1
23562,school buses.,False,0
23563,we count school buses.,False,0
23564,airplane.,False,0
23565,"that's right, we did go to Bermuda on the airplane.",False,0
23566,he has one of those?,False,0
23567,what is that?,True,1
23568,a plumber?,False,0
23569,the blimp.,False,0
23570,"yeah, he has a blimp?",False,0
23571,"this is a helicopter, he has one of those.",False,0
23572,a toy.,False,0
23573,"aha, here's the animals.",False,0
23574,horse.,False,0
23575,"yeah, that's true, it's almost like this horse, it's even the same.",False,0
23576,"they're both brown, aren't they?",False,0
23577,orange?,False,0
23578,"yeah, a little bit of orange.",False,0
23579,what other animals do you see?,True,1
23580,"oh, that's true, that's an elephant.",False,0
23581,what else?,False,0
23582,um hmm.,False,0
23583,what else?,False,0
23584,that's not a.,False,0
23585,hmm?,False,0
23586,"no, no, that's something else.",False,0
23587,udder.,False,0
23588,"that's where milk comes out, right, for the baby cows and for us too",True,1
23589,stop drinking the cow.,False,0
23590,"people don't drink out of that part, baby cows do.",False,0
23591,how do you drink your milk?,True,1
23592,is that a baby cow?,False,0
23593,it is?,False,0
23594,I don't think so.,False,0
23595,that's a baby cow.,False,0
23596,he can drink out of this cow.,False,0
23597,whoops.,False,0
23598,like that.,False,0
23599,there.,False,0
23600,"well, he was too tall otherwise.",False,0
23601,"do you think mother cows give their, do you",False,0
23602,"I don't know, you can try.",False,0
23603,that's a very heavy block.,False,0
23604,he willn't rip those.,False,0
23605,"try it this way, try it on the wide side.",False,0
23606,"that's a little better, isn't it?",False,0
23607,"there, he did it.",False,0
23608,he did it.,False,0
23609,very good.,False,0
23610,"okay, find some more animals.",False,0
23611,what other animals do you see?,True,1
23612,"um hmm, little puppies.",False,0
23613,um hmm.,False,0
23614,do you know what it is?,True,1
23615,that's right.,False,0
23616,this one's a monkey.,False,0
23617,"yeah, well, it's a kind of monkey *NULL* we don't usually see.",True,1
23618,mhm.,False,0
23619,turtle.,False,0
23620,"ummhm, with a little kitten.",False,0
23621,a little kitten.,False,0
23622,um hmm.,False,0
23623,I see a kangaroo too.,False,0
23624,do you see one?,False,0
23625,that's a pig.,False,0
23626,look around.,False,0
23627,it's close to the fish.,False,0
23628,that's right and what's close to the kangaroo?,True,1
23629,"up high, though, on the corner.",False,0
23630,what's that?,True,1
23631,what is that?,True,1
23632,a pie!,False,0
23633,"no, I said up high in the corner there's a little",False,0
23634,"an ant, it looks like an ant, it's a spider, mhm.",False,0
23635,"yeah, houses.",False,0
23636,which is the kind of house *NULL* we live in?,True,2
23637,"that's right, that's where.",False,0
23638,"you know your address, don't you?",False,0
23639,you willn't get lost.,False,0
23640,do you remember the number?,False,0
23641,blow.,False,0
23642,blow.,False,0
23643,good job.,False,0
23644,"good job, good job.",False,0
23645,"oh, I know, that's kind of a broken thing.",False,0
23646,"oh, here's a page with all sorts of birds.",False,0
23647,now why did they put the spider on the animal page instead of on the,False,0
23648,that's a good question.,False,0
23649,can you fix it?,False,0
23650,"I don't think I can, Child.",False,0
23651,I think it's a goner.,False,0
23652,it has to go to the car hospital.,False,0
23653,do you think we should send this car to George's garage?,False,0
23654,or the junk yard.,False,0
23655,"a toy car, George doesn't fix toy cars?",False,0
23656,"he gives toy cars though, remember one day we went there and he gave",False,0
23657,I remember.,False,0
23658,"do you want, you want Joyce to give you that, do you mean Observer?",False,0
23659,or are you talking about Joyce?,False,0
23660,"oh, George to give you that.",False,0
23661,George gave you a toy car.,False,0
23662,"cann't fix it, Observer will have to take",False,0
23663,"good morning, this is Child Lastname and Parent Lastname and we are",False,0
23664,"it is Saturday, February twenty two.",False,0
23665,and both Observer and Investigator are taping.,False,0
23666,is that enough for right now or do you want more?,False,0
23667,here we go.,False,0
23668,what does it look like?,True,1
23669,can you build a farm with it?,False,0
23670,"oh, new toys, huh, Child.",False,0
23671,you used to have one of those when you were a baby.,True,1
23672,do you remember?,False,0
23673,a hedgehog?,False,0
23674,you used to chew on it.,False,0
23675,"oh, okay.",False,0
23676,"what did, what did Observer bring with her today?",True,1
23677,what things?,False,0
23678,what does that look like?,True,1
23679,a what?,False,0
23680,a what?,False,0
23681,a Waffelo?,False,0
23682,is that what you called it?,True,1
23683,can I braid your hair while you play with it?,False,0
23684,since we didn't get around to braiding today?,False,0
23685,she had braids in her hair last time.,False,0
23686,she had lots of braids last time.,False,0
23687,this guy squeaks too.,False,0
23688,whoops.,False,0
23689,what's the other one?,True,1
23690,"a wappeloc, huh?",False,0
23691,"when Andreas was a little, little baby, we brought him to the store.",True,1
23692,"not one of those, no.",False,0
23693,just the other two.,False,0
23694,"and when you came out, and you were a baby, and you played",True,1
23695,until they just got too old and too dirty from too many children,False,0
23696,threw them away.,False,0
23697,"we threw them away, that's right.",False,0
23698,"okay, ready?",False,0
23699,here comes the rubber band.,False,0
23700,"oh, boy.",False,0
23701,"looks like you have a very unhappy brother, Child.",False,0
23702,Sister.,False,0
23703,"oh, oops.",False,0
23704,sorry.,False,0
23705,bet we can get those horses over there and that horse and we can.,False,0
23706,remember the last time we had baby horses and everything?,False,0
23707,"yes, she does.",False,0
23708,"I 'm going to do this side now, okay?",False,0
23709,oops.,False,0
23710,why do you like all the horses to lie down?,True,1
23711,standing farm.,False,0
23712,she likes them lying down.,False,0
23713,sleeping animals.,False,0
23714,"okay, we'll do the other braid now.",False,0
23715,mushy.,False,0
23716,pop goes the weasel.,False,0
23717,oops.,False,0
23718,"you know, I babysat a kid and uh, he had one of these too, he",False,0
23719,"oh, really.",False,0
23720,the trouble is if you take those in the bathtub they get filled up.,True,1
23721,do they still squeak when there water in them?,True,1
23722,"well, a little bit.",False,0
23723,"Andreas always wanted to take his in the bathtub, because Ernie on",False,0
23724,"oh, yeah.",False,0
23725,"but I don't know, I bet Ernie's doesn't get very wet.",False,0
23726,I bet Ernie's doesn't squeak either.,False,0
23727,"okay, here's the rubber band again.",False,0
23728,ready?,False,0
23729,hmm?,False,0
23730,you're being silly.,False,0
23731,"whoops, hold still, we're almost done.",False,0
23732,there we go.,False,0
23733,hmm?,False,0
23734,he's what?,False,0
23735,oops.,False,0
23736,"gee, busy family.",False,0
23737,I like the bows on your sleeve there.,False,0
23738,pretty.,False,0
23739,nope.,False,0
23740,"well, you've got the ribbons but not the bows.",False,0
23741,she's a bad what?,False,0
23742,bid?,False,0
23743,is that a he or a she?,False,0
23744,that's one of the workmen.,False,0
23745,yes.,False,0
23746,pop goes the person?,False,0
23747,what water?,False,0
23748,I bet they do float in the water.,False,0
23749,because they're wood.,False,0
23750,uhhuh.,False,0
23751,do you have one of these guys over in there?,False,0
23752,what is that?,True,1
23753,mm huh.,False,0
23754,I bet you a cow's over there too.,False,0
23755,and I think I see.,False,0
23756,I see some of these over there too.,False,0
23757,"you're right, he's a bull.",False,0
23758,here's a cow.,False,0
23759,"just wanted attention by Mom, huh?",False,0
23760,"yup, she did not want to take a nap, when she knew there was",True,1
23761,"oh, you want to show her that one?",False,0
23762,what is it?,True,1
23763,a police?,False,0
23764,it's Dick the policeman?,False,0
23765,"oh, okay this is Dick the policeman.",False,0
23766,Child went to work with me last week one day.,False,0
23767,really.,False,0
23768,I work at a junior college and there was a policeman there named,False,0
23769,"and I think she, she sort of liked him and she's been talking about",False,0
23770,who's this?,True,1
23771,"oh, they're all Dick.",False,0
23772,let's see what kind of people you have here.,True,1
23773,I'll pull those over here.,False,0
23774,here's some more animals.,False,0
23775,what's this?,True,1
23776,everybody is Dick.,False,0
23777,that's not?,False,0
23778,who's that?,True,1
23779,a bad guy?,False,0
23780,that looks like a woman.,False,0
23781,to me.,False,0
23782,bad guy.,False,0
23783,really?,False,0
23784,what're the bad guys doing?,True,1
23785,in jail?,False,0
23786,where's the jail?,True,1
23787,uhhuh.,False,0
23788,really?,False,0
23789,what did they do that made them bad?,True,2
23790,what did he do?,True,1
23791,why are they bad?,False,0
23792,did you watch the movie yesterday with Andreas about Horton?,False,0
23793,"Horton the elephant, Child?",False,0
23794,did you watch?,False,0
23795,I know he didn't want it on but did you watch it while it was on?,False,0
23796,no?,False,0
23797,you did what?,False,0
23798,you sat in your booster chair?,False,0
23799,you don't know.,False,0
23800,there's one over there.,False,0
23801,hidden.,False,0
23802,uhhuh.,False,0
23803,do you like our horses?,False,0
23804,the little horse knocked all those big horses down?,False,0
23805,why?,False,0
23806,jaguar?,False,0
23807,that's a jaguar?,False,0
23808,that guy's pretty ugly.,False,0
23809,that one is.,False,0
23810,who's not going to jail?,True,1
23811,"Child, what's a jail?",True,1
23812,"what, what's a jail?",True,1
23813,hmm?,False,0
23814,plop?,False,0
23815,what's plop mean?,True,1
23816,does it mean plop over?,False,0
23817,is that why they're all plopped over?,True,1
23818,are you talking nonsense?,False,0
23819,is this nonsense talk?,False,0
23820,hmm?,False,0
23821,plopped in?,False,0
23822,"no, that's Observer's.",False,0
23823,I 'm just letting you play with it.,False,0
23824,"we might have some of those down in the baby toys still, you know.",False,0
23825,"in, in the baby toy box, in the garage.",False,0
23826,maybe we still have those squeaky toys.,False,0
23827,"maybe I didn't throw them away, maybe I just put them away.",False,0
23828,we can go downstairs and look.,False,0
23829,not right this minute.,False,0
23830,"too hard to find things, down in the garage.",False,0
23831,after we'll go downstairs and then look in the garage for all of,False,0
23832,those two?,False,0
23833,"well, we have this one.",False,0
23834,you know what?,False,0
23835,Andreas called this Stonzo.,False,0
23836,yeah?,False,0
23837,we have squeaky toys.,False,0
23838,that's ours though.,False,0
23839,that's Andreas's.,False,0
23840,"see, this is Observer's here.",False,0
23841,it's different.,False,0
23842,his head is loose and this one doesn't have a loose head,False,0
23843,"yes, that's right.",False,0
23844,the blue elephant does.,False,0
23845,"yeah, he has a loose nose too.",False,0
23846,yup.,False,0
23847,"well, it's kind of nice that he moves around.",False,0
23848,Alexandra wants to hold on to one elephant.,False,0
23849,did you ask Observer what happened to her broken station wagon?,True,1
23850,Child remembered that you had a broken station wagon.,False,0
23851,"oh, yeah?",False,0
23852,"still have it, I think.",False,0
23853,left it in there.,False,0
23854,you have a broken car today.,False,0
23855,never made it to the car shop.,False,0
23856,there it is.,False,0
23857,try to keep it on.,False,0
23858,I was listening to some of the tapes and every single one where that,False,0
23859,but it's fun to have something that opens.,True,1
23860,he did?,False,0
23861,ah.,False,0
23862,the people should be safe.,False,0
23863,they shouldn't get run over by cars.,False,0
23864,I thought the people were in jail.,False,0
23865,they've got ta go to the hospital now.,False,0
23866,"we're very careful though, right?",False,0
23867,that we don't get run over by cars?,False,0
23868,that's why we hold hands.,True,1
23869,you don't?,False,0
23870,you don't hold hands?,False,0
23871,of course you do.,False,0
23872,I always make you hold my hand.,False,0
23873,when we're near cars.,True,1
23874,"no, of course not.",False,0
23875,we're very careful when we're in the car.,True,1
23876,right?,False,0
23877,we wear seatbelts so we'll be safe.,False,0
23878,that's right and you climb out.,False,0
23879,those poor people.,False,0
23880,maybe we could make a family with those people.,False,0
23881,"a farm family, since there's so many farm animals.",False,0
23882,there's not?,False,0
23883,there's no farm animals?,False,0
23884,"there's a horse, cow, turkey, chicken.",False,0
23885,"we could make a farm, you know, if you'd like.",True,2
23886,we have blocks over there.,False,0
23887,would you like to get some blocks and make a farm?,False,0
23888,what's a car farm?,True,1
23889,we could go in the back and get our farm fence and our silo.,False,0
23890,"okay, we can bring it.",False,0
23891,why?,False,0
23892,"what kind of a truck, hmm?",False,0
23893,is that one Andreas's?,False,0
23894,where did he get it from?,True,1
23895,"oh, I know, from Bermuda, right?",False,0
23896,that's right.,False,0
23897,we brought this back from Bermuda for him.,False,0
23898,hmm?,False,0
23899,that's right.,False,0
23900,what did you get from Bermuda?,True,1
23901,and a hair dryer?,False,0
23902,um hmm.,False,0
23903,a station wagon.,False,0
23904,a car.,False,0
23905,that kind of car is called a station wagon.,False,0
23906,"like Barbara's car, that you ride to school in sometimes.",False,0
23907,"okay, that you ride home from school in.",False,0
23908,you're silly.,False,0
23909,oops.,False,0
23910,does this open?,False,0
23911,"nope, it doesn't open but you know what?",False,0
23912,the only thing *NULL* this thing does is you can buy a trailer.,True,1
23913,"and put it, put the rope in this hole and you can pull.",False,0
23914,you can pull a trailer.,False,0
23915,because this is a tractortrailer truck.,False,0
23916,but we only have one part.,False,0
23917,I know but see but this thing can pull something else.,False,0
23918,Lala does?,False,0
23919,I don't think Observer knows who Lala is.,True,1
23920,who's Lala?,True,1
23921,you go to school with her?,False,0
23922,Observer asked you if you go to school with her.,True,1
23923,do you go to school with Lala?,False,0
23924,sometimes she's sick?,False,0
23925,are you ever sick?,False,0
23926,Lala's Child's pretend friend.,False,0
23927,oh.,False,0
23928,right?,False,0
23929,where does Lala live these days?,False,0
23930,you don't know?,False,0
23931,doesn't she live in the cupboard anymore?,False,0
23932,she did?,False,0
23933,where did she move to?,True,1
23934,you don't know?,False,0
23935,"but you just put her prediction in, in her old house the other",False,0
23936,only yesterday.,False,0
23937,didn't you,False,0
23938,so you just put it in the old one?,False,0
23939,is it still in there?,False,0
23940,is it?,False,0
23941,go check and see.,False,0
23942,"what about Plum_Plum, does she live there anymore?",False,0
23943,Child had two.,False,0
23944,um hmm.,False,0
23945,it's not there.,False,0
23946,I think it's on the kitchen table.,False,0
23947,two friends who lived in our cupboard.,True,1
23948,yeah.,False,0
23949,"I took it out, because when I put the pots and pans in I didn't have",True,1
23950,"well, you could if you want.",True,1
23951,if Lala doesn't live there anymore she doesn't need the prediction.,True,1
23952,does she?,False,0
23953,she does?,False,0
23954,oops!,False,0
23955,look what just flew into my hand!,True,1
23956,uh oh.,False,0
23957,what about Plum_plum?,False,0
23958,Lalalilk lives there?,False,0
23959,three friends.,False,0
23960,"alright, I'll try.",False,0
23961,you think Dad will answer the phone?,False,0
23962,that's good.,False,0
23963,there you go.,False,0
23964,"you're welcome, station wagon.",False,0
23965,hmm?,False,0
23966,oh.,False,0
23967,this car causes so much trouble.,False,0
23968,"whoops, sorry.",False,0
23969,careful.,False,0
23970,"careful, you flew off backwards and you'll have a hurt head.",False,0
23971,oh.,False,0
23972,I cann't do it.,False,0
23973,maybe Observer can do it.,False,0
23974,let me try it.,False,0
23975,bring it over here?,False,0
23976,oops.,False,0
23977,"you know what, your sister lost her elephant.",False,0
23978,it's under your mom's foot.,False,0
23979,you want to pick it up for her?,False,0
23980,here.,False,0
23981,she's trying to crawl after it.,False,0
23982,"Observer's having trouble too, huh?",False,0
23983,you flopped in the water?,False,0
23984,where's the water?,True,1
23985,would you like to take swimming lessons?,False,0
23986,"is that what, is that why you're talking about flopping in the",True,1
23987,fixed it.,False,0
23988,she fixed it.,False,0
23989,a very big hop.,False,0
23990,"don't chew the car, Child.",False,0
23991,it's not good for your teeth.,False,0
23992,"that's a people road, huh?",False,0
23993,can we stand those back up again?,False,0
23994,how come you want everybody to lie down?,True,1
23995,hmm?,False,0
23996,I like the cement truck.,False,0
23997,the cement mixer.,False,0
23998,um hmm.,False,0
23999,bright colors.,False,0
24000,pretty colors.,False,0
24001,I don't know.,False,0
24002,does it open?,False,0
24003,"it turns though, right?",False,0
24004,I don't know.,False,0
24005,does it?,False,0
24006,"just a little bit, though.",False,0
24007,do we have any cars that have doors that open?,True,2
24008,you think that car does?,False,0
24009,uh hmm.,False,0
24010,a rabbit does.,False,0
24011,uh hmm.,False,0
24012,where is it?,True,1
24013,you want to get it?,False,0
24014,"no, I didn't do that.",False,0
24015,I only put things in the basement that we don't use very much.,True,1
24016,"like baby toys, uh hmm.",False,0
24017,you have to be gentle with Andra.,False,0
24018,she'll want it if you offer it to her.,True,1
24019,"don't, maybe you shouldn't put it on her, so she doesn't try to have",False,0
24020,she cann't?,False,0
24021,you gave him to her.,False,0
24022,I don't remember that.,False,0
24023,over Dick.,False,0
24024,poor Dick the policeman.,False,0
24025,you think he likes to be run over with the car?,False,0
24026,in the road?,False,0
24027,"you know, if you put those people, people up on the table they would",True,1
24028,I think you hurt someone's feelings.,False,0
24029,okay.,False,0
24030,"I think you better say sorry, Alexandra.",False,0
24031,"did she hurt your feelings by saying no to you, is that",False,0
24032,let her have Dick.,False,0
24033,let her have Dick.,False,0
24034,"it keeps her happy, okay?",False,0
24035,"you know, she's just a baby.",False,0
24036,"oh, really.",False,0
24037,is that why she didn't cry?,True,1
24038,I think she didn't cry because she has Dick in her hand.,False,0
24039,"see, if you take Dick away and you say no then she gets mad, and",True,1
24040,let's not try it.,False,0
24041,you have all those people *NULL* to play with.,True,1
24042,so she can have Dick.,False,0
24043,"well, let's trade, let's give her one of those instead.",False,0
24044,why don't you pick one out?,True,1
24045,you're thinking?,False,0
24046,which one are you thinking about giving her?,True,1
24047,which one?,False,0
24048,"that, that little little one?",False,0
24049,the very littlest one?,False,0
24050,"oh, this one instead, huh?",False,0
24051,"there, see, she's interested as long as she has one *NULL* to hold on to.",True,1
24052,"yeah, don't put it in your mouth.",False,0
24053,because Observer has to go and take those to other children.,False,0
24054,"other two, other two year old children.",False,0
24055,like the children in your class.,False,0
24056,"you know, like Emily, Suzanne, Jessie, Jason, Christopher.",False,0
24057,right?,False,0
24058,"right, Observer?",False,0
24059,Christopher's not in your class?,False,0
24060,you know what?,False,0
24061,if we move this table you could stand the people up on the table.,True,1
24062,would you like to stand them up?,False,0
24063,"no, I don't want you to run the car on the table.",False,0
24064,no.,False,0
24065,not unless you give her another one *NULL* to play with.,True,1
24066,you think she'll like such a small one?,False,0
24067,"well, let's see.",False,0
24068,why don't you offer it to her?,True,1
24069,you mean you want to keep trading?,False,0
24070,sometime she might say no.,False,0
24071,she just got it.,False,0
24072,she wants to look at it.,False,0
24073,she's looking at it to see what it is.,True,1
24074,"no, don't, don't.",False,0
24075,"well, squeaking it at her's okay, but knocking her on the head with",False,0
24076,she doesn't like that.,False,0
24077,do you like it?,False,0
24078,let me see if I like it.,True,1
24079,"no, I don't like it much.",False,0
24080,too loud.,False,0
24081,"oh, it's much too loud and it pulls my hair.",False,0
24082,stand up the mother.,False,0
24083,she cann't?,False,0
24084,try.,False,0
24085,you're going to fall off.,False,0
24086,there's a little girl with a cat.,False,0
24087,who's that?,True,1
24088,Dick?,False,0
24089,who's this?,True,1
24090,what does this look like?,True,1
24091,a man who goes to church?,True,1
24092,really?,False,0
24093,because he's Greek?,False,0
24094,hmm.,False,0
24095,yeah.,False,0
24096,"he looks like a Greek man, huh?",False,0
24097,why does he look Greek?,True,1
24098,maybe because he's big what?,False,0
24099,"oh, a brown coat.",False,0
24100,what's this around his neck?,True,1
24101,a scarf?,False,0
24102,a necktie.,False,0
24103,it's a necktie.,False,0
24104,"so he looks like a Greek man that goes to church, huh?",True,1
24105,what's he carrying in his hand?,True,1
24106,I think it's a briefcase.,False,0
24107,it's not?,False,0
24108,what is it?,True,1
24109,"oh here, look, you can see it from this side too.",False,0
24110,what do you think?,True,1
24111,"oh, okay.",False,0
24112,so he's a Greek man.,False,0
24113,why don't you go stand him up on the table?,True,1
24114,what about this person?,False,0
24115,he is?,False,0
24116,what kind of a Greek man?,False,0
24117,a Greek man *NULL* doing what?,True,1
24118,a church Greek man.,False,0
24119,you sat on something *NULL* to squeak,True,1
24120,here comes trouble.,False,0
24121,yeah.,False,0
24122,okay.,False,0
24123,"let her have one, okay?",False,0
24124,it keeps her happy.,False,0
24125,you have so many.,False,0
24126,so many people.,False,0
24127,what's the orange guy?,True,1
24128,with the ball in his hand?,False,0
24129,this one here in the front.,False,0
24130,the orange one.,False,0
24131,with the numbers on his chest.,False,0
24132,on his shirt.,False,0
24133,this one right there.,False,0
24134,what numbers are they?,True,1
24135,maybe oh or eight?,False,0
24136,maybe.,False,0
24137,you are?,False,0
24138,you're going to give some?,False,0
24139,no.,False,0
24140,uhhuh.,False,0
24141,"oh, you have so many.",False,0
24142,that's good.,False,0
24143,that's good.,False,0
24144,I 'm glad you're taking them out of jail.,False,0
24145,whoops!,False,0
24146,they're all standing?,False,0
24147,how about if I give your sister one of the animals?,True,1
24148,you think she'll like that?,False,0
24149,they all stand up.,False,0
24150,which one's Dick?,True,1
24151,which one is Dick?,True,1
24152,that one.,False,0
24153,because he has on a hat?,False,0
24154,is that why he's Dick?,True,1
24155,"air comes out, huh?",False,0
24156,oops.,False,0
24157,do the animals stand up too?,False,0
24158,look who's tired here.,True,1
24159,look at this.,False,0
24160,somebody's tired.,False,0
24161,let her have one.,False,0
24162,okay?,False,0
24163,thanks.,False,0
24164,what happens when you knock the table?,True,2
24165,"looks like they dance, doesn't it?",False,0
24166,"they didn't just fall over, I think somebody pushed them over.",False,0
24167,it wasn't?,False,0
24168,"are the ladies, are the women Dick?",False,0
24169,ah.,False,0
24170,look what happened.,True,1
24171,"oh, dear.",False,0
24172,okay.,False,0
24173,"I think you moved the table by accident, huh?",False,0
24174,did you want them to all fall over?,False,0
24175,uh hmm.,False,0
24176,he did.,False,0
24177,"it's hard, it's hard to do it that way, Child.",False,0
24178,it's hard to put the ones in the front up first.,False,0
24179,oops.,False,0
24180,see?,False,0
24181,did you get them all?,False,0
24182,oh.,False,0
24183,whoops!,False,0
24184,the domino effect.,False,0
24185,uh hmm.,False,0
24186,"keep knocking over, huh.",False,0
24187,that looks like a grandfather.,False,0
24188,"I see, you've got them all standing up.",False,0
24189,oops.,False,0
24190,okay.,False,0
24191,so they're all going to sleep?,False,0
24192,are they sleeping on their tummies?,False,0
24193,"look, they're all sleeping right on their faces.",False,0
24194,on their tummies?,False,0
24195,"oh, hurted her bum?",False,0
24196,"Child, careful.",False,0
24197,don't want cars falling on people who are sleeping!,True,1
24198,no?,False,0
24199,yeah?,False,0
24200,on bunk beds?,False,0
24201,like you have a bunk bed?,False,0
24202,"no, you don't go on the top.",False,0
24203,that's right.,False,0
24204,that's right.,False,0
24205,because Andreas is bigger.,False,0
24206,and what about Alexandra?,False,0
24207,do you sleep in a crib?,False,0
24208,not this morning.,False,0
24209,so they're all sleeping on their tummies?,False,0
24210,I see one guy's face.,False,0
24211,the Greek guy.,False,0
24212,going to church.,False,0
24213,what are you doing?,True,1
24214,you humming?,False,0
24215,now I see Dick's face.,False,0
24216,uh hmm.,False,0
24217,"oh, the cement mixer?",False,0
24218,it's not that?,False,0
24219,I thought that was what you wanted.,True,1
24220,"you know what, Child, I've got another one of those.",False,0
24221,"you can have one and give one to Alexandra, too.",False,0
24222,wow.,False,0
24223,look.,False,0
24224,let Alexandra have one.,False,0
24225,"you can share, right?",False,0
24226,why does Observer have two?,True,1
24227,I don't know.,False,0
24228,why don't you ask her?,True,1
24229,"no, what?",False,0
24230,"no, what?",False,0
24231,"no, don't eat it.",False,0
24232,which is it?,True,1
24233,"yeah, but",False,0
24234,but they're the same.,False,0
24235,they're cement mixers.,False,0
24236,you want two?,False,0
24237,"then you better offer her a different truck, I think.",False,0
24238,you'll have to get a different oops!,False,0
24239,she's very expressive.,False,0
24240,um!,False,0
24241,you ought to look at one year old communication.,False,0
24242,that's fine.,False,0
24243,a very few.,False,0
24244,whatever works works.,True,1
24245,you did?,False,0
24246,I think she has too many things now.,False,0
24247,would you like the elephant?,False,0
24248,two elephants and two cement trucks?,False,0
24249,is everybody asleep again?,False,0
24250,what's Dick doing?,True,1
24251,I don't see anybody's face.,False,0
24252,everybody's sleeping on their tummy.,False,0
24253,who?,False,0
24254,her who?,False,0
24255,"oh yeah, the grandmother.",False,0
24256,I see her face.,False,0
24257,I see grandmother's face.,False,0
24258,nope.,False,0
24259,because you turned her.,False,0
24260,"I don't know, do I?",False,0
24261,"Alexandra, do you want two elephants?",False,0
24262,want that?,False,0
24263,I didn't take it away.,False,0
24264,it just fell.,False,0
24265,"there's too many, too many toys.",False,0
24266,why?,False,0
24267,shall we go and get a haircut this week?,False,0
24268,look how long your bangs are.,True,1
24269,they're down and they're in your eyes.,False,0
24270,maybe we should go to the hairdresser.,False,0
24271,hairdresser.,False,0
24272,beauty shop.,False,0
24273,would you like to go to the beauty shop and get your hair cut?,False,0
24274,would you sit still?,False,0
24275,while somebody cuts your hair?,False,0
24276,Karen cuts Andreas's hair.,False,0
24277,would you like to go see somebody like Karen?,False,0
24278,and wear a bib?,False,0
24279,and get a lollipop afterwards?,False,0
24280,did you drop it last time?,False,0
24281,is that what happened?,True,1
24282,you dropped it and it got dirty?,False,0
24283,"well, maybe you willn't drop it next time.",False,0
24284,"take the plastic off to eat it though, okay?",False,0
24285,no.,False,0
24286,so let's make an appointment and go get your hair cut.,False,0
24287,too many things for such a small girl.,False,0
24288,"yeah, that's better.",False,0
24289,just some at a time is better.,False,0
24290,make up your mind.,False,0
24291,your mind.,False,0
24292,I think she wanted both of them.,False,0
24293,uhhuh.,False,0
24294,I see.,False,0
24295,I don't know.,False,0
24296,ask Observer about that.,False,0
24297,why do I have two of what?,True,1
24298,I cann't see.,False,0
24299,"oh, two of the cement trucks?",False,0
24300,"well, I think because sometimes, you know, when we go to a house",True,1
24301,with Alexandra we have three children.,False,0
24302,oops.,False,0
24303,sorry.,False,0
24304,three children at our house.,False,0
24305,"six people in our house, huh?",False,0
24306,that's a lot.,False,0
24307,that's a lot of people.,False,0
24308,I don't know.,False,0
24309,is his head all smashed in?,False,0
24310,who did that to poor old ducky?,False,0
24311,can I help you fix her?,False,0
24312,there.,False,0
24313,"you fixed it yourself, huh?",False,0
24314,yeah.,False,0
24315,"oh, Alexandra, did you just wet your diaper and go on my leg?",False,0
24316,will you stay here and play while I go change Alexandra?,False,0
24317,I'll come right back.,False,0
24318,hmm?,False,0
24319,"well, how about if I leave Alexandra here and I'll just bring her",True,1
24320,okay?,False,0
24321,okay.,False,0
24322,just be careful what she takes.,True,1
24323,"yeah, don't throw the toys.",False,0
24324,"yeah, don't give her so much.",False,0
24325,I 'm giving her all of them.,False,0
24326,"oop, she doesn't want those.",False,0
24327,she wants something different.,False,0
24328,look at this.,False,0
24329,what's this?,True,1
24330,"oop, should we lie it down too?",False,0
24331,and is this a sheep too?,False,0
24332,what's that?,True,1
24333,looks like she wants the sheep.,False,0
24334,you know what this is?,True,1
24335,a duck.,False,0
24336,it's called a mallard duck.,False,0
24337,Make_way_for_ducklings?,False,0
24338,Mr and Mrs Mallard.,False,0
24339,right and their family?,False,0
24340,her mat?,False,0
24341,because I didn't want to change her on the couch.,False,0
24342,here.,False,0
24343,here comes a gorilla.,False,0
24344,an ugly gorilla.,False,0
24345,got a dry diaper.,False,0
24346,"yes, the dry diaper that you picked, that's right.",True,1
24347,"whoops, she dropped something.",False,0
24348,can you get something for her hand?,False,0
24349,there's no poop.,False,0
24350,would you go throw this in the trash for me?,False,0
24351,help me out?,False,0
24352,no?,False,0
24353,"gee, thanks.",False,0
24354,you're usually such a big helper.,False,0
24355,"no, you're not a helper now?",False,0
24356,"that's too bad, I thought you were.",False,0
24357,this is the one *NULL* you picked.,True,1
24358,"I know, I took it out of the somebody's house bag.",False,0
24359,"oh, come on.",False,0
24360,we'll put another one in that diaper bag.,False,0
24361,it's no big deal.,False,0
24362,okay.,False,0
24363,hmm?,False,0
24364,okay.,False,0
24365,"okay, pick another diaper.",False,0
24366,"I think her attention span is, ah, exhausted.",False,0
24367,how are we going to do that?,True,1
24368,well.,False,0
24369,hmm?,False,0
24370,you don't know?,False,0
24371,"well, I don't see any green sticks there, do you?",False,0
24372,ummhm.,False,0
24373,ok.,False,0
24374,hmm.,False,0
24375,that's right.,False,0
24376,that's right.,False,0
24377,very good.,False,0
24378,now where does it go?,True,1
24379,ummhm.,False,0
24380,ummhm.,False,0
24381,"boy, it looks pretty complicated, Child.",False,0
24382,want to put those on the bottom there?,False,0
24383,hmm?,False,0
24384,"I don't know, let's see.",False,0
24385,I put this one here.,False,0
24386,I cann't figure out how they work.,True,1
24387,I 'm just trying to figure it out!,False,0
24388,what are you doing?,True,1
24389,"you're trying to blow that, make a sound out of it?",False,0
24390,um.,False,0
24391,now let me see.,False,0
24392,there we go.,False,0
24393,"well, that's the start of one.",False,0
24394,"wait, where's the man going to go?",True,1
24395,let's put the man on.,False,0
24396,"Honey, take this out of your mouth.",False,0
24397,sounds like a helicopter.,False,0
24398,hmm?,False,0
24399,it's up in the sky.,False,0
24400,"it's looking, it must be, maybe it's looking for something.",False,0
24401,ok.,False,0
24402,you want to put the man on?,False,0
24403,no?,False,0
24404,"oh, you mean you're going to make, make me do the whole thing?",False,0
24405,you'll help me?,False,0
24406,"well, then you can get some red sticks.",False,0
24407,you want to get some red sticks out?,False,0
24408,ok.,False,0
24409,let's put them right here.,False,0
24410,those?,False,0
24411,"you're right, Child, we do look at that.",False,0
24412,very good!,False,0
24413,now let's finish?,False,0
24414,"very good, what comes next?",True,1
24415,"uh hmm, we do.",False,0
24416,uh hmm.,False,0
24417,uh hmm.,False,0
24418,"well, here's one of these.",False,0
24419,"let's see, this is sort of an improvised one, hmm?",False,0
24420,"we sort of improvised here, didn't we?",False,0
24421,what about this?,False,0
24422,"yes, that looks like a forklift, doesn't it?",False,0
24423,well,False,0
24424,alright.,False,0
24425,you mean you'll make me have to do it like it really is supposed to,False,0
24426,"let's see, we're going to have to",False,0
24427,"put this here, this here.",False,0
24428,"whoops, excuse me.",False,0
24429,these drive me crazy.,False,0
24430,someone gave these to him.,False,0
24431,"about four or five, no, four or five months ago, I think.",False,0
24432,"he doesn't play, he really got into it for a while and then",False,0
24433,yeah.,False,0
24434,"and also he got them out again the other day, now we're back into",False,0
24435,"but they don't, they, you know, the wheels keep coming off, and",False,0
24436,yeah.,False,0
24437,do you want to get your horn out and play your horn?,False,0
24438,hmm?,False,0
24439,the one that you got for Christmas?,True,1
24440,and sing a little song?,False,0
24441,no.,False,0
24442,no.,False,0
24443,now that looks more like it.,False,0
24444,"yes, it is.",False,0
24445,yes,False,0
24446,"Child, what do you think is in here?",True,1
24447,why don't we look in there?,True,1
24448,want to look inside and grab something?,False,0
24449,there might be something interesting in there.,False,0
24450,oh.,False,0
24451,"wow, look at that, a book.",False,0
24452,wow.,False,0
24453,oh.,False,0
24454,"oh, what is that?",True,1
24455,is that a sheep?,False,0
24456,or a poodle dog?,False,0
24457,"looks like a fancy poodle dog, hmm?",False,0
24458,"Child, do you think anything opens up there?",False,0
24459,"no, it doesn't look like it does.",False,0
24460,"oh, well, maybe.",False,0
24461,"look, opens up.",False,0
24462,uhhuh.,False,0
24463,"well, let's look and see.",False,0
24464,that looks like a cement mixer.,False,0
24465,let's look and see what else is in there.,True,1
24466,"oh, what are those?",True,1
24467,um hmm.,False,0
24468,what is that?,True,1
24469,looks like a cow that's lying down.,True,1
24470,hmm?,False,0
24471,what else is in there?,True,1
24472,hmm.,False,0
24473,yes.,False,0
24474,what's that?,True,1
24475,a pony!,False,0
24476,"oh, another one.",False,0
24477,you know what we could do?,True,1
24478,we could make a garage for the trucks and a barn for the animals.,False,0
24479,look at that.,False,0
24480,"how many, um, how many, um, cement mixers do we have here?",False,0
24481,"oh, what's that?",True,1
24482,"I don't know, what are these called?",True,1
24483,porcupines?,False,0
24484,oh.,False,0
24485,hedgehog.,False,0
24486,it's a hedgehog!,False,0
24487,it's a squishy hedgehog.,False,0
24488,and what's this one over here?,True,1
24489,which?,False,0
24490,ummhm!,False,0
24491,anything else in there?,False,0
24492,anything else?,False,0
24493,look.,False,0
24494,it's empty.,False,0
24495,do you have all of them?,False,0
24496,what is that?,True,1
24497,"well, what do you think?",True,1
24498,no.,False,0
24499,um hmm.,False,0
24500,these go around.,False,0
24501,that's right!,False,0
24502,uh hmm.,False,0
24503,"it's a, I think it's a word book.",False,0
24504,"well, it's a, it's, I think it's called a word book.",False,0
24505,there's no story but there are all sorts of words that go together,True,1
24506,what is it?,True,1
24507,yeah.,False,0
24508,all of them?,False,0
24509,you want to do that?,False,0
24510,go get your blocks out?,False,0
24511,um hmm.,False,0
24512,um hmm.,False,0
24513,it's a funny hedgehog.,False,0
24514,ok.,False,0
24515,want to get the blocks out?,False,0
24516,"I don't know, we were looking for that yesterday, and I couldn't",False,0
24517,if you get all those out maybe we can find it.,True,1
24518,well.,False,0
24519,can you give me some blocks so we can set it up?,False,0
24520,hmm?,False,0
24521,"I see, you built a ramp on yourself.",False,0
24522,mmm.,False,0
24523,these animals.,False,0
24524,should we build a ramp?,False,0
24525,uhhuh?,False,0
24526,yes?,False,0
24527,what will I need?,True,1
24528,some blocks?,False,0
24529,thank you.,False,0
24530,are you being silly?,False,0
24531,how are we going to do this?,True,1
24532,into their cave?,False,0
24533,in the stalls?,False,0
24534,hmm?,False,0
24535,where's the farmer?,True,1
24536,want to get the farmer out?,False,0
24537,"oh, there he is.",False,0
24538,oh.,False,0
24539,mmm.,False,0
24540,oh.,False,0
24541,"my, here's the tractor.",False,0
24542,uhhuh.,False,0
24543,"I don't know, I think we lost the wheel.",False,0
24544,"well, it came out one day and I don't know what happened to it.",True,1
24545,we'll have to do it without a wheel.,False,0
24546,he turned the motor off?,False,0
24547,did you put him there?,False,0
24548,"oh, good.",False,0
24549,"oh, good.",False,0
24550,do you want to put the animals in their stalls first?,False,0
24551,"no, ok.",False,0
24552,what are we doing?,True,1
24553,wow.,False,0
24554,"oh, ok.",False,0
24555,way up in the air?,False,0
24556,that's pretty clever.,False,0
24557,how's he going to do that?,True,1
24558,they pull the strings?,False,0
24559,and that makes the tractor go up in the air?,False,0
24560,hmm.,False,0
24561,that's very clever.,False,0
24562,that's very clever.,False,0
24563,now.,False,0
24564,you going home?,False,0
24565,ok.,False,0
24566,where is his stall?,True,1
24567,"well, how about over here in these stalls here?",False,0
24568,"what, what do you want?",True,1
24569,"well, what's wrong with it where it is?",True,2
24570,"we could just take some, just take some blocks out?",False,0
24571,hmm?,False,0
24572,"where do you want to put this, build the stalls?",True,1
24573,"right in here, is that where we should make them?",True,1
24574,there.,False,0
24575,now let's see.,False,0
24576,how shall we do this?,False,0
24577,"there, there are a couple of stalls.",False,0
24578,"oh, right there, right there.",False,0
24579,mhm.,False,0
24580,that's right.,False,0
24581,"what is that, what does that look like?",True,2
24582,hmm?,False,0
24583,what is that?,True,1
24584,"looks like a dog, looks like a, um, collie dog.",False,0
24585,"and he can, yes.",False,0
24586,is he going to go to his house?,False,0
24587,where is his house?,True,1
24588,"he's a friendly dog, that's right.",False,0
24589,good.,False,0
24590,ok.,False,0
24591,let's move these over.,False,0
24592,"Child, what is that *NULL* you have?",True,2
24593,who is this?,True,1
24594,what is that?,True,1
24595,"he's lying down, you never seen one lying down.",False,0
24596,"he goes moo, he goes moo.",False,0
24597,what is that?,True,1
24598,is that a cow?,False,0
24599,that's a cow.,False,0
24600,we have one more and what's that?,True,1
24601,hmm?,False,0
24602,should we make a,False,0
24603,"here, here, where should we put him?",True,1
24604,"oh, what is he?",True,1
24605,what is he?,True,1
24606,you know what it is.,True,1
24607,you told us earlier what it was.,True,1
24608,hmm?,False,0
24609,"what do you think, should he go in here?",True,1
24610,for them?,False,0
24611,and what is that?,True,1
24612,what's that called?,True,1
24613,yes.,False,0
24614,"oh, you know what that is.",True,1
24615,yes.,False,0
24616,what does the duck say?,True,1
24617,mhm.,False,0
24618,what does he say?,True,1
24619,what does an elephant say?,True,1
24620,well,False,0
24621,I 'm not sure.,False,0
24622,harumph?,False,0
24623,harumph.,False,0
24624,harumph.,False,0
24625,"Child, don't put that in your mouth, huh?",False,0
24626,it's not an edible hedgehog.,False,0
24627,"hmm, it feels interesting, doesn't it.",False,0
24628,do you want to help me?,False,0
24629,hmm?,False,0
24630,how about over here?,False,0
24631,over here.,False,0
24632,"on this side, let's build one on this side, ok?",False,0
24633,he's not sure.,False,0
24634,over on that side?,False,0
24635,how about over on this side?,False,0
24636,this side?,False,0
24637,this side?,False,0
24638,"oh, alright.",False,0
24639,that's right.,False,0
24640,"ok, you want to bring me some blocks?",False,0
24641,hmm?,False,0
24642,what a racket.,False,0
24643,who says.,False,0
24644,what a racket?,False,0
24645,where did that come from?,True,1
24646,Mama_don't_allow?,False,0
24647,that book where he plays the trumpet?,True,1
24648,Momma_do_n't_allow?,False,0
24649,"I wonder where that book is, Child.",True,1
24650,is it down here?,False,0
24651,this one?,False,0
24652,what is that one?,True,1
24653,hmm.,False,0
24654,and what are they doing?,True,1
24655,yes and what are they doing?,True,1
24656,what do they look like they're doing?,True,1
24657,are they singing?,False,0
24658,and what are they singing?,True,1
24659,what are they singing?,True,1
24660,Christmas carols?,False,0
24661,"we sang a lot of Christmas carols over Christmas, didn't we?",False,0
24662,all sorts of Christmas carols.,False,0
24663,oh,False,0
24664,"let's sing, let's sing, oh no.",False,0
24665,I don't know whether Sara wants to hear us singing or not.,True,1
24666,what do you think?,True,1
24667,"it's been a half hour, right?",False,0
24668,it has been a half hour.,False,0
24669,it has been a half hour?,False,0
24670,"well, because your mother sings off key.",False,0
24671,um hmm.,False,0
24672,look at.,False,0
24673,"oh, look at that.",False,0
24674,oops.,False,0
24675,ok.,False,0
24676,um hmm.,False,0
24677,what else?,False,0
24678,what do you see?,True,1
24679,"oh, some animals.",False,0
24680,looks like he got a bump on his head.,False,0
24681,yes.,False,0
24682,"what'd you do, how did you get that bump on your head?",True,2
24683,"how'd, did you get that bump?",False,0
24684,"oh, look at that.",False,0
24685,"he was, uh, yesterday he was running around the schoolyard, he fell",False,0
24686,ouch.,False,0
24687,"oh, look, what is it?",True,1
24688,bet you do.,False,0
24689,sure you do.,False,0
24690,"oh, another, um, cement mixer.",False,0
24691,is that what those are?,True,1
24692,a cement mixer.,False,0
24693,there is?,False,0
24694,can you get it out?,False,0
24695,I bet you can reach in and get it.,False,0
24696,um hmm.,False,0
24697,um hmm.,False,0
24698,"oh, look at that.",False,0
24699,oh.,False,0
24700,"you remember, don't you?",False,0
24701,it looks like it does.,False,0
24702,would you like some help?,False,0
24703,you just opened it!,False,0
24704,you just opened it.,False,0
24705,"there, look at that.",False,0
24706,"I don't know, do we have anything small enough *NULL* to fit in there?",True,1
24707,yeah.,False,0
24708,"yeah, you do, boy.",False,0
24709,want to bring them out?,False,0
24710,do you think we need more animals in that pile?,False,0
24711,"oh, boy.",False,0
24712,oh.,False,0
24713,"what is it, is it empty now?",True,1
24714,oh.,False,0
24715,want to give that back to Sara?,False,0
24716,ok.,False,0
24717,now.,False,0
24718,"oh, boy, a farm for the animals and a garage for the cars?",False,0
24719,wow.,False,0
24720,um hmm.,False,0
24721,what do you think it is?,True,1
24722,um hmm.,False,0
24723,I think it's called a cement mixer.,False,0
24724,I mean you put cement in it and it goes round and round and mixes it,False,0
24725,"we don't have any, no.",False,0
24726,um hmm.,False,0
24727,um hmm.,False,0
24728,what did Mummy do?,True,1
24729,"oh, I see.",False,0
24730,what is that?,True,1
24731,do you remember what we called it?,True,1
24732,what did we call it?,True,1
24733,"yes, Child, very good.",False,0
24734,um hmm.,False,0
24735,"I 'm afraid, um",False,0
24736,"oh, there.",False,0
24737,there.,False,0
24738,"nothing, I fixed it.",False,0
24739,"now you want to build a, um, farm, you want *PRO* to build a barn?",False,0
24740,what's this?,True,1
24741,and a farm?,False,0
24742,a barn and a farm?,False,0
24743,a barn and a farm?,False,0
24744,"well, let's get this house out of the way now, shall we?",False,0
24745,and can you get the blocks out?,False,0
24746,you cann't?,False,0
24747,why not?,False,0
24748,"I do, do I?",False,0
24749,shall we do it together?,False,0
24750,"hmm, shall we do it together?",False,0
24751,are you going to help me?,False,0
24752,"my, are you showing off?",False,0
24753,pretty good.,False,0
24754,where did you get that horn?,False,0
24755,yeah.,False,0
24756,ok.,False,0
24757,you going to get the farmer out?,False,0
24758,ok.,False,0
24759,now,False,0
24760,um hmm.,False,0
24761,we can start with that.,False,0
24762,you want to get the blocks out?,False,0
24763,can you,False,0
24764,ok.,False,0
24765,I need some more.,False,0
24766,you want to start with the hayloft?,False,0
24767,ok.,False,0
24768,is that the hay?,False,0
24769,ok.,False,0
24770,you want to put it down here then?,False,0
24771,right there.,False,0
24772,right there.,False,0
24773,right there.,False,0
24774,"right there, Child.",False,0
24775,let's get some blocks out.,False,0
24776,ok.,False,0
24777,what did they do to bump their nose?,True,1
24778,they're going to be careful?,False,0
24779,"good, I 'm glad.",False,0
24780,is it all set for him?,False,0
24781,"well, what do we have to do to make it set for him?",True,1
24782,yes.,False,0
24783,I think it's a poodle dog.,False,0
24784,um hmm.,False,0
24785,that looks like a collie dog.,False,0
24786,it's a different kind of dog.,False,0
24787,should we get some blocks out?,False,0
24788,"oh, lion.",False,0
24789,"oh, Big Bird too.",False,0
24790,I get Big Bird?,False,0
24791,very nice.,False,0
24792,"are we going to build a, uh, are we going to build a barn, Child, for the",False,0
24793,we are.,False,0
24794,can you get some more blocks out so we can build?,False,0
24795,I think she can see.,False,0
24796,I think she can see.,False,0
24797,we're going to have a parade?,False,0
24798,let's do this first.,False,0
24799,"oh, thank you.",False,0
24800,he's going to grab it in his paw?,False,0
24801,now what do I do with it?,True,1
24802,right there?,False,0
24803,ok.,False,0
24804,you want to give me another block?,False,0
24805,"oh, ok, where're we going to put that?",True,1
24806,"well, maybe we ought to put this this way.",False,0
24807,then they can walk up the ramp and walk along there.,False,0
24808,right there.,False,0
24809,like this.,False,0
24810,"ah, ok.",False,0
24811,cl.,False,0
24812,farmer!,False,0
24813,farmer!,False,0
24814,farmer!,False,0
24815,"yes, Child?",False,0
24816,why not?,False,0
24817,"well, would you hurry up and finish so I can put my animals in the",False,0
24818,I've got a poodle dog and a collie dog and a pony and a cow that's,False,0
24819,a sheep?,False,0
24820,that's a dog.,False,0
24821,"well, it's white.",False,0
24822,"it looks like a sheep but I think it's called a puddle, a",False,0
24823,we can pretend it's a sheep if you want.,True,2
24824,ok.,False,0
24825,where shall we put those?,True,1
24826,you tell me.,False,0
24827,"how about, let's see.",False,0
24828,we were going to make some stalls here.,False,0
24829,to put the animals in.,False,0
24830,make a door?,False,0
24831,how are we going to make a door?,True,1
24832,there.,False,0
24833,this could be the door.,False,0
24834,"swing it open, swing it closed.",False,0
24835,should we do it that way?,False,0
24836,you swing it open when you want to put an animal in there?,True,1
24837,who should we put in there?,True,1
24838,hmm?,False,0
24839,you want *PRO* to put the elephant in?,False,0
24840,do you want to get some of your own animals out?,False,0
24841,no.,False,0
24842,ok.,False,0
24843,oh.,False,0
24844,you want to close the door?,False,0
24845,there.,False,0
24846,now he's all nice in his little stall for the night.,False,0
24847,should we give him some hay?,False,0
24848,"except, except you know that's a dog and I don't know that dogs eat",False,0
24849,I bet they eat dog food.,False,0
24850,we don't know about that because we don't have a dog but I think,False,0
24851,does he love hay?,False,0
24852,there.,False,0
24853,now.,False,0
24854,"oh, a garage.",False,0
24855,"well, you want to make a stall for him?",False,0
24856,and a door?,False,0
24857,"I don't know that dogs eat, eat a lot of hay.",False,0
24858,I think horses like hay and cows like hay.,False,0
24859,"and sheep, well, sheep eat grass.",False,0
24860,I don't know if they like hay.,True,1
24861,"dogs, dogs like dog bones.",False,0
24862,they like to chew on bones and eat dog food.,False,0
24863,"hi, Child.",False,0
24864,and who else?,False,0
24865,what about me?,False,0
24866,am I here playing with you?,False,0
24867,yes.,False,0
24868,your train?,False,0
24869,want to get your train out?,False,0
24870,"well, we're not going to play soccer ball right now.",False,0
24871,"not in the house, Child.",False,0
24872,"not in the house, ok?",False,0
24873,we can go outside later and play that.,False,0
24874,maybe if Investigator's still here.,True,1
24875,"now you want to finish the, the barn or you want to get your train",False,0
24876,"alright, let's put some of these things away so we have room for",False,0
24877,empty.,False,0
24878,it's the what to the train?,False,0
24879,oh.,False,0
24880,should we get your train out?,False,0
24881,I 'm not sure I feel like playing tinker toys this morning.,False,0
24882,hmm?,False,0
24883,you do?,False,0
24884,are you sure?,False,0
24885,"well, what are we going to do with these animals here?",True,1
24886,we're going to give them a rest?,False,0
24887,they're going to watch?,False,0
24888,alright.,False,0
24889,you want to leave them all right here?,False,0
24890,what about the farmer?,False,0
24891,what's going to happen to him?,True,1
24892,ok.,False,0
24893,with big lion?,False,0
24894,ok.,False,0
24895,now.,False,0
24896,what shall we make?,True,1
24897,Helen made this?,False,0
24898,look at that.,False,0
24899,it up.,False,0
24900,that's right.,False,0
24901,lookit.,False,0
24902,um hmm.,False,0
24903,you want to make that one?,False,0
24904,"you cann't make that one then, huh?",False,0
24905,no.,False,0
24906,"they have different sets and we don't have the orange ones, do we?",False,0
24907,but what do we do sometimes?,True,1
24908,"do we improvise, is that what we do?",True,1
24909,you want to try to make that?,False,0
24910,"well, what do we need?",True,1
24911,"yes, we do.",False,0
24912,you want to get those out?,False,0
24913,a sword?,False,0
24914,you're going to fly it?,False,0
24915,hmm.,False,0
24916,where's it going?,True,1
24917,"well, what do we need?",True,1
24918,"let's see here, what do we need?",True,1
24919,you want to get the yellow sticks and the green sticks out?,False,0
24920,"ok, now where we going to put those?",False,0
24921,"well, that's the start of that wrecker that we're going to make.",True,1
24922,you want to put the yellow ones right in there?,False,0
24923,"it's hard, it's hard to understand.",False,0
24924,"there, very good, Child.",False,0
24925,there.,False,0
24926,pretty fancy.,False,0
24927,"well, I put that there.",False,0
24928,sort of.,False,0
24929,we're sort of improvising here.,False,0
24930,how does this go?,True,1
24931,I 'm trying to make that.,False,0
24932,"I need a little yellow, uh, orange one like this, Child.",False,0
24933,"yeah, you've got it.",False,0
24934,can you give it to me?,False,0
24935,just like that one of the little ones.,False,0
24936,are you using that?,False,0
24937,ok.,False,0
24938,now what do I do?,True,1
24939,oh.,False,0
24940,um hmm.,False,0
24941,"oh, Child, this is awfully frustrating for mommy, these things.",False,0
24942,cause they keep falling off and,False,0
24943,"see, everything keeps falling off, Child.",False,0
24944,um.,False,0
24945,"let's do something else, shall we?",False,0
24946,can we do something else?,False,0
24947,how about some other toys?,False,0
24948,"I'd like to make a barnyard for your animals, that's what I'd like",True,1
24949,"make a big barn for the animals, and a farmyard.",False,0
24950,hmm?,False,0
24951,these look awfully complicated.,False,0
24952,"well, which one do you want to make?",True,1
24953,a locomotive.,False,0
24954,why don't we get our own locomotive out and fill that up?,True,1
24955,"I haven't seen that in a while, the one that Uncle Rick gave you for",True,1
24956,"the one *NULL* Uncle Rick gave you for Christmas, it's over there, in the",True,1
24957,"let's get that out and put some things in it, ok?",False,0
24958,let's put these away.,False,0
24959,for now.,False,0
24960,on my back?,False,0
24961,I don't think they fit on my back.,False,0
24962,"careful, don't spill them, whoa, there they go.",False,0
24963,"now, what about the locomotive, what about the train?",False,0
24964,you got ta clean up first.,False,0
24965,what's going on over there?,True,1
24966,you stepped on my toes.,False,0
24967,oops.,False,0
24968,"let's get this, uh, train out Child.",False,0
24969,you have another idea?,False,0
24970,what's your other idea?,True,1
24971,I put the fire chief's hat on?,False,0
24972,to be the fire chief?,False,0
24973,"well, that means I can order you around if I 'm the chief.",True,2
24974,I can tell you what to do.,True,1
24975,you want to have a parade?,False,0
24976,what am I going to do?,True,1
24977,"oh, the yellow thing?",False,0
24978,you have put it away.,False,0
24979,in the tinker toy box.,False,0
24980,"because we wouldn't want to lose it, would we?",False,0
24981,hmm?,False,0
24982,you going to blow the horn?,False,0
24983,should I clap my hands?,False,0
24984,"firechief, firechief, calling fireman Bob or fireman Jim?",False,0
24985,or fireman Child.,False,0
24986,"oh, we're going to have a parade?",False,0
24987,your parade things.,False,0
24988,where do you think they are?,True,1
24989,you did?,False,0
24990,wow.,False,0
24991,are they violins?,False,0
24992,oh.,False,0
24993,what do you think?,True,1
24994,which one?,False,0
24995,yes.,False,0
24996,what color's this?,True,1
24997,yes.,False,0
24998,they're violins?,False,0
24999,"oh, ok.",False,0
25000,uhhuh.,False,0
25001,ok.,False,0
25002,ok.,False,0
25003,ok.,False,0
25004,are we all set?,False,0
25005,we're going To take off for the parade?,False,0
25006,you going to bang on that?,False,0
25007,that's right.,False,0
25008,like a drum?,False,0
25009,now what?,False,0
25010,we're all set?,False,0
25011,ok.,False,0
25012,ok.,False,0
25013,is the parade all over?,False,0
25014,look at my parade.,False,0
25015,parade.,False,0
25016,ok.,False,0
25017,what are those?,True,1
25018,"what are you going to do, Child, Child?",True,2
25019,what thing?,False,0
25020,hmm?,False,0
25021,it goes around and around on a truck.,False,0
25022,he means,False,0
25023,this?,False,0
25024,this?,False,0
25025,your dump truck.,False,0
25026,"let's see, do we have a dump truck?",False,0
25027,one of these?,False,0
25028,no?,False,0
25029,"oh, um.",False,0
25030,you mean the one that's usually in the garage?,True,1
25031,"I don't think we have a dump truck that we play with in here, do we?",True,1
25032,I don't think we have a dump truck in here.,False,0
25033,I think it's in the garage.,False,0
25034,"didn't we have it out yesterday afternoon, you mean that one, that",False,0
25035,"well, we're going to stay in here for just a little bit.",False,0
25036,um.,False,0
25037,let's see what's in here.,True,1
25038,"hey, there's something in here.",False,0
25039,look at that.,False,0
25040,"oh, I had forgotten all about that.",False,0
25041,now put that into that.,False,0
25042,"there, like that?",False,0
25043,"there, you're learning how to do that on your own.",True,1
25044,"very good, Child.",False,0
25045,there's the dump truck.,False,0
25046,now you're going to dump something into it?,False,0
25047,bless you.,False,0
25048,mmm.,False,0
25049,it's a what car?,False,0
25050,scraper car.,False,0
25051,"that's probably a good zoomer, Child.",False,0
25052,you want to zoom that around on the floor?,False,0
25053,"right around that floor there, over where Investigator is?",True,1
25054,zoom it over to Investigator.,False,0
25055,oh.,False,0
25056,there.,False,0
25057,backwards?,False,0
25058,see what happens.,True,1
25059,oh.,False,0
25060,whoop.,False,0
25061,"ok, keep it on the floor, keep it on the floor now.",False,0
25062,"oh, that's a big zoom.",False,0
25063,what a racket.,False,0
25064,the squeaky ball?,False,0
25065,ok.,False,0
25066,ok.,False,0
25067,what do you want to do?,True,1
25068,we were going to get our train out.,False,0
25069,do you want to do that?,False,0
25070,"we're either going to get the train out, or we're going to build a barn.",False,0
25071,which one do you want to do?,True,1
25072,hmm?,False,0
25073,which one?,False,0
25074,you want to talk to the animals?,False,0
25075,build a barn for the animals?,False,0
25076,"oh, you want to sing?",False,0
25077,"oh, well, I'll tell you what.",False,0
25078,we're going to play for just a little bit longer and then we can sing.,False,0
25079,ok.,False,0
25080,let's play for just a little bit longer and then we'll sing.,False,0
25081,how about if you take the animals on a train ride?,True,1
25082,we could do that.,False,0
25083,"you want to put the animals on, and take them for a train ride?",False,0
25084,hmm?,False,0
25085,no.,False,0
25086,we've played enough.,False,0
25087,"well, do you want to, uh, we'll do one Christmas carol, ok?",False,0
25088,and you have to sing it with me right now.,False,0
25089,and we're just going to do one.,False,0
25090,ok?,False,0
25091,you look for the one that you want to do.,True,1
25092,what are you looking for?,True,1
25093,which one are you looking for?,True,1
25094,I knew that's the one *NULL* you were looking for.,True,1
25095,yeah.,False,0
25096,this one?,False,0
25097,"now you want to, why don't we read it, ok?",True,1
25098,or do you want to sing it?,False,0
25099,will you sing it with me?,False,0
25100,ok?,False,0
25101,good for you.,False,0
25102,finished?,False,0
25103,ok?,False,0
25104,"well, we were going to build a, uh, barnyard.",False,0
25105,for the animals.,False,0
25106,"and then when we're through, you are going to go outside and do some",True,1
25107,it's such a nice day outside.,False,0
25108,"well, who do you think?",True,1
25109,who'd you like to be running around with?,True,1
25110,"oh, you would, would you?",False,0
25111,how about Daddy?,False,0
25112,"oh, ok.",False,0
25113,me and Investigator.,False,0
25114,"well, we'll see.",False,0
25115,I think Investigator's going to have to leave in a little bit.,False,0
25116,and go somewhere else.,False,0
25117,but if she's still here she can run around with us.,True,1
25118,we're going to mow the animal's grass?,False,0
25119,from where?,False,0
25120,where?,False,0
25121,now look at this.,False,0
25122,look at this.,False,0
25123,a barn for the animals.,False,0
25124,"here's the farmer, here's the doors, now we can make a, uh, a pasture",False,0
25125,what?,False,0
25126,"well, because they like to go outside, run around and get fresh air.",False,0
25127,now.,False,0
25128,"what we can do is, see, we open the door and the animals go out.",True,1
25129,"and look, he closes the door.",False,0
25130,these animals want to get out.,False,0
25131,the duck says.,False,0
25132,"let me out, let me out, I want to get out and play.",False,0
25133,and the hedgehog says.,False,0
25134,"let me out, let me out.",False,0
25135,and the elephant says.,False,0
25136,we're going to get out and play.,False,0
25137,and the farmer says.,False,0
25138,"ok, I 'm going to open the gate for you.",False,0
25139,and here's the duck and here's the hedgehog and here's the,False,0
25140,"ok, here comes the de de de de and here comes the cow.",False,0
25141,"there, they're going to go out into the pasture.",False,0
25142,the farmer's going to go in and clean up the stalls.,False,0
25143,clean up the barn.,False,0
25144,"well, because he wants to make it all clean for them when they come",True,1
25145,they're all out running around.,False,0
25146,ummhm.,False,0
25147,you're going to what?,False,0
25148,"you are, how you going to do that?",False,0
25149,that's just too big to fit into that space.,False,0
25150,there.,False,0
25151,there.,False,0
25152,now is it all clean?,False,0
25153,good.,False,0
25154,now the animals can come back in.,False,0
25155,they're still running around?,False,0
25156,this one here?,False,0
25157,"he goes over here, do do do do do do do, clean up, clean up, there.",False,0
25158,now they can come back in here too.,False,0
25159,why not?,False,0
25160,"oh, I see.",False,0
25161,they're chasing each other around?,False,0
25162,who's going to make them chase?,True,2
25163,"well, who should be chasing who?",True,1
25164,should we have the dog chase the horse?,False,0
25165,"and then who's the horse going to chase, the hedgehog?",True,1
25166,"and who is the hedgehog going to chase, the duck?",True,1
25167,and who's the duck going to chase?,True,1
25168,the elephant?,False,0
25169,and who's the elephant going to chase?,True,1
25170,are you tumbling?,False,0
25171,are you tumbling?,False,0
25172,yeah.,False,0
25173,"you are getting ready for something else, aren't you?",False,0
25174,you're getting ready for something else.,False,0
25175,you're getting ready for something else.,False,0
25176,ok.,False,0
25177,now what shall we do?,True,1
25178,you have a short attention span this morning.,False,0
25179,the cat in the hat?,False,0
25180,what are we going to do with the cat in the hat?,True,1
25181,ok.,False,0
25182,hmm?,False,0
25183,the cat tail will touch his nose?,False,0
25184,what's the cat got in his hand?,True,1
25185,"what's he got in his hand, Child?",True,1
25186,ah!,False,0
25187,what's this?,True,1
25188,"it is, look at him.",False,0
25189,he's holding a tea bag.,False,0
25190,I wonder where he got that.,True,1
25191,"she did, did she?",False,0
25192,"you don't have to dump it all out, what are you trying to get?",True,1
25193,I see.,False,0
25194,what does that go to?,True,1
25195,yes and where's the fire engine?,True,1
25196,you want to get your ladder truck out?,False,0
25197,I think it's over here.,False,0
25198,there it is.,False,0
25199,how does that work?,True,1
25200,"yes, it does it.",False,0
25201,can you put that on?,False,0
25202,"there, there's another one.",False,0
25203,for the other side.,False,0
25204,there.,False,0
25205,where's fireman Jim?,True,1
25206,he's going to mow it?,False,0
25207,ok.,False,0
25208,ok.,False,0
25209,is he weeding the grass?,False,0
25210,ok.,False,0
25211,"my, my.",False,0
25212,really?,False,0
25213,really?,False,0
25214,did Investigator's car bump around?,False,0
25215,make a nice smooth road?,False,0
25216,um hmm.,False,0
25217,they can go for a walk.,False,0
25218,on a nice smooth road?,False,0
25219,that will be nice.,False,0
25220,is that a bucket loader there?,False,0
25221,how about that?,False,0
25222,"Child, how do you talk to your mother?",False,0
25223,"please, will you do that for me, mommy?",False,0
25224,um hmm.,False,0
25225,"there, put them in.",False,0
25226,I don't know what these are for.,True,1
25227,do you know what these are for?,True,1
25228,"oh, I see.",False,0
25229,ok.,False,0
25230,"ok, you want to get somebody to hold on?",False,0
25231,is that Jerry?,False,0
25232,am I in your way here.,False,0
25233,would you like me to move?,False,0
25234,ok.,False,0
25235,hmm.,False,0
25236,"what happened, what happened?",True,2
25237,"well, you don't have to shout now.",False,0
25238,what do you want done?,True,1
25239,hmm?,False,0
25240,how about putting him right back here?,False,0
25241,he doesn't?,False,0
25242,what's that book about?,True,1
25243,now this really doesn't belong in here.,False,0
25244,I don't know what it does though.,True,1
25245,"no, it doesn't.",False,0
25246,want to go take it up to the dining room table?,False,0
25247,want to go?,False,0
25248,"oh, ok.",False,0
25249,how are we doing?,False,0
25250,fine.,False,0
25251,this is Investigator_one and Investigator_two at the,False,0
25252,"child's birthday is April eight, nineteen eighty four.",False,0
25253,"it's July twenty five, nineteen eighty six.",False,0
25254,toys?,False,0
25255,started.,False,0
25256,she can see what's in there.,True,1
25257,lookit what's in here?,True,1
25258,the bear.,False,0
25259,tiger.,False,0
25260,"oh, look.",False,0
25261,okay.,False,0
25262,what is it?,True,1
25263,looks like a porcupine.,False,0
25264,didn't you like that one?,False,0
25265,looks like a puppet.,False,0
25266,"oh, I like him.",False,0
25267,hi there.,False,0
25268,what's your name?,True,1
25269,want to pick him up?,False,0
25270,hmm?,False,0
25271,frog?,False,0
25272,"no, that's a elephant.",False,0
25273,not too good on her animals.,False,0
25274,it's the same as this one.,False,0
25275,how many?,False,0
25276,what is this?,True,1
25277,new car.,False,0
25278,I just got a new car every car's a new car.,False,0
25279,of course my car's two months old but it's still pretty new.,False,0
25280,they have lots of toys.,False,0
25281,oh.,False,0
25282,what's this?,True,1
25283,remember?,False,0
25284,you rode on one of those on the merrygoround.,False,0
25285,right.,False,0
25286,look at the lion.,False,0
25287,"no, that's a boar.",False,0
25288,test me on those animals.,False,0
25289,"you know what those are, we have some of those up the street.",True,1
25290,cow.,False,0
25291,"yeah, it is.",False,0
25292,what's the cow say?,True,1
25293,"no, that's what a dog says.",True,1
25294,the cow says moo.,False,0
25295,what's this?,True,1
25296,what's this?,True,1
25297,no!,False,0
25298,right.,False,0
25299,here.,False,0
25300,bears are her favorite.,False,0
25301,does that look like Gracie?,False,0
25302,I don't know.,False,0
25303,that's not a doggy though.,False,0
25304,if you say so.,True,1
25305,that's who the dog is outside.,True,1
25306,"oh, I 'm scared.",False,0
25307,now who's this?,True,1
25308,huh?,False,0
25309,no.,False,0
25310,monkey.,False,0
25311,uh oh.,False,0
25312,"here, now you can play with that.",False,0
25313,what's this?,True,1
25314,what's this?,True,1
25315,what's this one?,True,1
25316,look.,False,0
25317,the dog.,False,0
25318,what's that?,True,1
25319,that's a birdie.,False,0
25320,want to look in the book?,False,0
25321,she likes books.,False,0
25322,this is a book with lots of pictures.,False,0
25323,"let's see, what's this?",True,1
25324,you remember?,False,0
25325,what is it then?,True,1
25326,right.,False,0
25327,what's the cow say?,True,1
25328,no!,False,0
25329,he says moo!,False,0
25330,you knew them better when you were little littler.,True,1
25331,where did they go?,True,1
25332,oh.,False,0
25333,you look silly with your hat on.,False,0
25334,thanks.,False,0
25335,can you make him fly?,False,0
25336,it's a birdie.,False,0
25337,no?,False,0
25338,you don't want any?,False,0
25339,but you cann't eat those.,False,0
25340,I think all your books are out here.,False,0
25341,no?,False,0
25342,okay.,False,0
25343,here.,False,0
25344,want to look at it?,False,0
25345,it should be good.,False,0
25346,yeah.,False,0
25347,"where's the bunny, is he hiding?",True,1
25348,can you find him?,False,0
25349,yes.,False,0
25350,there he is.,False,0
25351,where is he?,True,1
25352,where's the bunny hiding?,True,1
25353,that falls off all the time.,False,0
25354,kind of tricky to get it back on too.,False,0
25355,you did it?,False,0
25356,"yeah well, sort of.",False,0
25357,you fixed it?,False,0
25358,that your car?,False,0
25359,need help?,False,0
25360,"it looks like Grammy's car, she has a station wagon.",False,0
25361,it's green too.,False,0
25362,your new car?,False,0
25363,do you need help?,False,0
25364,who's him?,True,1
25365,remember him?,False,0
25366,we read a book with him.,False,0
25367,gorilla.,False,0
25368,you say it.,False,0
25369,say gorilla.,False,0
25370,almost.,False,0
25371,that one was kind of hard.,False,0
25372,uh oh.,False,0
25373,oops.,False,0
25374,"who's that, a tiger?",True,1
25375,what's this?,True,1
25376,no.,False,0
25377,I just told you.,False,0
25378,what's it look like?,True,1
25379,gorilla.,False,0
25380,closer.,False,0
25381,gorilla.,False,0
25382,"remember yesterday, Rachel's koala bear.",False,0
25383,can you say that?,False,0
25384,you got close yesterday.,False,0
25385,can you say koala?,False,0
25386,"yes, you can.",False,0
25387,right.,False,0
25388,who's this?,True,1
25389,no.,False,0
25390,that's a doggy.,False,0
25391,what's this one?,True,1
25392,an owl?,False,0
25393,elephant.,False,0
25394,right.,False,0
25395,you love him?,False,0
25396,he loves you too.,False,0
25397,is that Gracie?,False,0
25398,Gracie's not an elephant.,False,0
25399,what's this one?,True,1
25400,what's his name?,True,1
25401,two.,False,0
25402,right there.,False,0
25403,ouch.,False,0
25404,ouch.,False,0
25405,ouch.,False,0
25406,got your nose.,False,0
25407,"uh, got your nose.",False,0
25408,you want it?,False,0
25409,you don't want your nose?,False,0
25410,going to throw it away.,False,0
25411,you want it back?,False,0
25412,okay.,False,0
25413,where do you want it?,True,1
25414,okay.,False,0
25415,can he take it again?,False,0
25416,"uh, he's got your hand now.",False,0
25417,going to throw your hand away?,False,0
25418,you want it back?,False,0
25419,where?,False,0
25420,how about your toes.,False,0
25421,throw them away?,False,0
25422,you want your nose?,False,0
25423,"well, I guess she'll never get her toes back.",False,0
25424,we've been trying.,False,0
25425,did you do a good job?,False,0
25426,"where's Grandpa, is he in there?",True,1
25427,he is?,False,0
25428,where's Grandpa?,True,1
25429,there.,False,0
25430,whose car is it?,True,1
25431,your car?,False,0
25432,my car.,False,0
25433,my car.,False,0
25434,my car.,False,0
25435,"oh, this is cute.",False,0
25436,who's this?,True,1
25437,a chicken.,False,0
25438,you don't like him?,False,0
25439,why not?,False,0
25440,oh.,False,0
25441,how about the rooster?,False,0
25442,you like the rooster?,False,0
25443,want the rooster?,False,0
25444,why don't you like the chicken?,True,1
25445,you can make the rooster talk to the chicken.,False,0
25446,can we hear him talk?,False,0
25447,"hi, rooster.",False,0
25448,can you do it?,False,0
25449,"yes, you can.",False,0
25450,put it on your hand?,False,0
25451,"hi, rooster.",False,0
25452,see if you remember this one.,True,1
25453,what's this?,True,1
25454,no but what kind of a house?,False,0
25455,no,False,0
25456,"it now, she says two.",False,0
25457,is it a gazebo?,False,0
25458,no?,False,0
25459,is that the right place?,False,0
25460,yeah.,False,0
25461,yeah.,False,0
25462,but you have to push the other button too.,False,0
25463,"see, it's stuck.",False,0
25464,what color is this one?,True,1
25465,"no, what color is it?",True,1
25466,it's the same color as Mummy's car.,False,0
25467,push this button.,False,0
25468,then push the orange one in.,False,0
25469,"no, the orange one.",False,0
25470,what color's that one?,True,1
25471,it's red.,False,0
25472,what's your name?,True,1
25473,she tells everyone her name is two.,False,0
25474,what's your name?,True,1
25475,what's your name?,True,1
25476,"Lastname, right but what's your first name?",True,1
25477,"right, you never answer that one when I ask.",True,1
25478,what's your other name?,True,1
25479,oh.,False,0
25480,is it Child?,False,0
25481,no?,False,0
25482,"um, then I don't know what it is.",True,1
25483,where do you live?,True,1
25484,"Place, right.",False,0
25485,nobody'll understand you.,False,0
25486,"see, at least she knows what town, she'll get to the right town",False,0
25487,and he says.,False,0
25488,"yeah, no one's going to understand.",False,0
25489,"well, that's close.",False,0
25490,"right, we'll work on it.",False,0
25491,say Place.,False,0
25492,no?,False,0
25493,don't eat that.,False,0
25494,don't eat that.,False,0
25495,that's yucky.,False,0
25496,hey!,False,0
25497,where're you going?,True,1
25498,what *NULL* cha going to get?,True,1
25499,you getting something?,False,0
25500,you get something?,False,0
25501,why'd you close the door?,True,1
25502,no?,False,0
25503,why?,False,0
25504,is your bear sleeping in there?,False,0
25505,no?,False,0
25506,where're you going with those?,True,1
25507,hiding them on you.,False,0
25508,don't dump them in your toybox.,False,0
25509,we'll never find them.,False,0
25510,don't put them in there.,False,0
25511,bring them out here.,False,0
25512,please.,False,0
25513,can you show us what's in there?,True,1
25514,I lose more things in her toybox.,False,0
25515,what are they doing?,True,1
25516,sleeping?,False,0
25517,do we have to be quiet?,False,0
25518,no?,False,0
25519,"oh, that's good.",False,0
25520,"oh, I cann't take them out?",False,0
25521,sorry.,False,0
25522,the door.,False,0
25523,she's hiding them on you.,False,0
25524,cann't have those back.,False,0
25525,do you like those animals?,False,0
25526,do we have to be quiet?,False,0
25527,what do you do?,True,1
25528,can you go.,False,0
25529,shh?,False,0
25530,alright.,False,0
25531,can I take them out?,False,0
25532,no?,False,0
25533,"okay, I willn't touch them.",False,0
25534,can I touch this one?,False,0
25535,how about this one?,False,0
25536,okay.,False,0
25537,what?,False,0
25538,alright.,False,0
25539,can I touch this?,False,0
25540,can you fix it?,False,0
25541,I don't think that'll fit in there.,False,0
25542,"oh, I didn't see him.",False,0
25543,who's this?,True,1
25544,a man.,False,0
25545,"okay, which one is the red one?",True,1
25546,there's no more over there.,False,0
25547,okay.,False,0
25548,what happened to it?,True,1
25549,noisy.,False,0
