tree_id,dep_id,sentence,idx,none_pos,tracekind,family,gap_phrase_label,gap_phrase_base,gap_role,gap_subtype,filler_label,filler_base,construction,final_label,embed_verb
10,0,"do you know what a tape recorder is, Child?",1.0,-NONE-ABAR-WH-,T,WH,NP,NP,OBJ,OBJ,WHNP-1-<INANIM>-<SUBJMATT-V1>,WHNP,EQ,EQ_OBJ,know
18,0,whatever you normally do.,1.0,-NONE-ABAR-RC-,T,RC,NP,NP,OBJ,OBJ,WHNP-1-<INANIM>-<THEME-V1>,WHNP,EQ,EQ_OBJ,
22,0,what other tapes do you have?,1.0,-NONE-ABAR-WH-,T,WH,NP,NP,OBJ,OBJ,WHNP-1-<INANIM>-<THEME-V1>,WHNP,MQ,MQ_OBJ,
24,0,you can write on that if you want to.,,,,POLAR,,,,POLAR,,,EQ,EQ_POLAR,write
35,0,what's in there?,1.0,-NONE-ABAR-WH-,T,WH,NP,NP,SUBJ,SUBJ,WHNP-1-<INANIM>,WHNP,MQ,MQ_SUBJ,
36,0,what is it?,1.0,-NONE-ABAR-WH-,T,WH,NP,NP,OBJ,OBJ,WHNP-1-<INANIM>,WHNP,MQ,MQ_OBJ,
40,0,what do you think the kitty would think of the birdie?,1.0,-NONE-ABAR-WH-,T,WH,NP,NP,OBJ,OBJ,WHNP-1-<INANIM>-<SUBJMATT-V2>,WHNP,EQ,EQ_OBJ,think
48,0,what should the birdie say?,1.0,-NONE-ABAR-WH-,T,WH,NP,NP,OBJ,OBJ,WHNP-1-<INANIM>-<THEME-V1>,WHNP,MQ,MQ_OBJ,
52,0,what else goes up in the air?,1.0,-NONE-ABAR-WH-,T,WH,NP,NP,SUBJ,SUBJ,WHNP-1-<INANIM>-<AGENT-V1>,WHNP,MQ,MQ_SUBJ,
54,0,what else goes up in the air?,1.0,-NONE-ABAR-WH-,T,WH,NP,NP,SUBJ,SUBJ,WHNP-1-<INANIM>-<AGENT-V1>,WHNP,MQ,MQ_SUBJ,
55,0,what else goes up in the air?,1.0,-NONE-ABAR-WH-,T,WH,NP,NP,SUBJ,SUBJ,WHNP-1-<INANIM>-<AGENT-V1>,WHNP,MQ,MQ_SUBJ,
62,0,what does the bird eat?,1.0,-NONE-ABAR-WH-,T,WH,NP,NP,OBJ,OBJ,WHNP-1-<INANIM>-<PATIENT-V1>,WHNP,MQ,MQ_OBJ,
63,0,what does the bird eat?,1.0,-NONE-ABAR-WH-,T,WH,NP,NP,OBJ,OBJ,WHNP-1-<INANIM>-<PATIENT-V1>,WHNP,MQ,MQ_OBJ,
66,0,what do you think the birdie would like *PRO* to eat?,1.0,-NONE-ABAR-WH-,T,WH,NP,NP,OBJ,OBJ,WHNP-1-<INANIM>-<PATIENT-V3>,WHNP,EQ,EQ_OBJ,think
68,0,what does that birdie eat?,1.0,-NONE-ABAR-WH-,T,WH,NP,NP,OBJ,OBJ,WHNP-1-<INANIM>-<PATIENT-V1>,WHNP,MQ,MQ_OBJ,
79,0,what do you think this is?,1.0,-NONE-ABAR-WH-,T,WH,NP,NP,OBJ,OBJ,WHNP-1-<INANIM>,WHNP,EQ,EQ_OBJ,think
81,0,"oh, what just happened?",1.0,-NONE-ABAR-WH-,T,WH,NP,NP,SUBJ,SUBJ,WHNP-1-<INANIM>-<THEME-V1>,WHNP,MQ,MQ_SUBJ,
82,0,what just happened?,1.0,-NONE-ABAR-WH-,T,WH,NP,NP,SUBJ,SUBJ,WHNP-1-<INANIM>-<THEME-V1>,WHNP,MQ,MQ_SUBJ,
89,0,aren't you going to bring her over to see the bird?,,,,POLAR,,,,POLAR,,,MQ,MQ_POLAR,
95,0,"oh, what's that?",1.0,-NONE-ABAR-WH-,T,WH,NP,NP,SUBJ,SUBJ,WHNP-1-<INANIM>,WHNP,MQ,MQ_SUBJ,
98,0,whose baby is that?,1.0,-NONE-ABAR-WH-,T,WH,NP,NP,OBJ,OBJ,WHNP-1-<ANIM>,WHNP,MQ,MQ_OBJ,
99,0,who is that?,1.0,-NONE-ABAR-WH-,T,WH,NP,NP,OBJ,OBJ,WHNP-1-<ANIM>,WHNP,MQ,MQ_OBJ,
100,0,"no, who's that?",1.0,-NONE-ABAR-WH-,T,WH,NP,NP,OBJ,OBJ,"WHNP-1-<ANI,>",WHNP,MQ,MQ_OBJ,
101,0,"what baby is that, what's that baby's name?",1.0,-NONE-ABAR-WH-,T,WH,NP,NP,OBJ,OBJ,WHNP-1-<ANIM>,WHNP,MQ,MQ_OBJ,
101,1,"what baby is that, what's that baby's name?",2.0,-NONE-ABAR-WH-,T,WH,NP,NP,OBJ,OBJ,WHNP-2-<INANIM>,WHNP,MQ,MQ_OBJ,
103,0,but what's the baby's name?,1.0,-NONE-ABAR-WH-,T,WH,NP,NP,OBJ,OBJ,WHNP-1-<INANIM>,WHNP,EQ,EQ_OBJ,
105,0,what are you doing?,1.0,-NONE-ABAR-WH-,T,WH,NP,NP,OBJ,OBJ,WHNP-1-<INANIM>-<THEME-V1>,WHNP,MQ,MQ_OBJ,
108,0,what's this?,1.0,-NONE-ABAR-WH-,T,WH,NP,NP,OBJ,OBJ,WHNP-1-<INANIM>,WHNP,MQ,MQ_OBJ,
112,0,and there have been a pair of them that are trying to find a,1.0,-NONE-ABAR-RC-,T,RC,NP,NP,SUBJ,SUBJ,WHNP-1-<INANIM>,WHNP,RC,RC_SUBJ,
116,0,which one is that?,1.0,-NONE-ABAR-WH-,T,WH,NP,NP,OBJ,OBJ,WHNP-1-<INANIM>,WHNP,MQ,MQ_OBJ,
118,0,do you know which one that is?,1.0,-NONE-ABAR-WH-,T,WH,NP,NP,ADJUNCT,ADJUNCT,WHNP-1-<INANIM>,WHNP,EQ,EQ_ADJUNCT,know
120,0,the daddy's the one that's bright red all over.,1.0,-NONE-ABAR-RC-,T,RC,NP,NP,SUBJ,SUBJ,WHNP-1-<INANIM>,WHNP,RC,RC_SUBJ,
122,0,what's on?,1.0,-NONE-ABAR-WH-,T,WH,NP,NP,SUBJ,SUBJ,WHNP-1-<INANIM>,WHNP,MQ,MQ_SUBJ,
135,0,he could have something *NULL* to eat?,1.0,-NONE-ABAR-RC-,T,RC,NP,NP,OBJ,OBJ,WHNP-1-<INANIM>-<PATIENT-V2>,WHNP,RC,RC_OBJ,
137,0,what would you give the birdie *NULL* to eat?,1.0,-NONE-ABAR-WH-,T,WH,NP,NP,ADJUNCT,ADJUNCT,WHNP-1-<INANIM>-<PATIENT-V1>,WHNP,MQ,MQ_ADJUNCT,
137,1,what would you give the birdie *NULL* to eat?,2.0,-NONE-ABAR-RC-,T,RC,NP,NP,OBJ,OBJ,WHNP-2-<INANIM>-<PATIENT-V2>,WHNP,RC,RC_OBJ,
139,0,that's what Stripey likes.,1.0,-NONE-ABAR-RC-,T,RC,NP,NP,OBJ,OBJ,WHNP-1-<INANIM>,WHNP,EQ,EQ_OBJ,likes
140,0,I don't know if that's what birds like.,,,,POLAR,,,,POLAR,,,EQ,EQ_POLAR,know
140,1,I don't know if that's what birds like.,1.0,-NONE-ABAR-RC-,T,RC,NP,NP,OBJ,OBJ,WHNP-1-<INANIM>-<SUBJMATT-V2>,WHNP,EQ,EQ_OBJ,like
150,0,where do you see Big Bird?,1.0,-NONE-ABAR-WH-,T,WH,ADVP,ADVP,ADJUNCT,ADJUNCT,WHADVP-1,WHADVP,MQ,MQ_ADJUNCT,
155,0,what's that bird doing?,1.0,-NONE-ABAR-WH-,T,WH,NP,NP,OBJ,OBJ,WHNP-1-<INANIM>-<THEME-V1>,WHNP,MQ,MQ_OBJ,
162,0,what's the bird eating?,1.0,-NONE-ABAR-WH-,T,WH,NP,NP,OBJ,OBJ,WHNP-1-<INANIM>-<PATIENT-V1>,WHNP,MQ,MQ_OBJ,
163,0,what's the bird eating?,1.0,-NONE-ABAR-WH-,T,WH,NP,NP,OBJ,OBJ,WHNP-1-<INANIM>-<PATIENT-V1>,WHNP,MQ,MQ_OBJ,
175,0,what color's that?,1.0,-NONE-ABAR-WH-,T,WH,NP,NP,OBJ,OBJ,WHNP-1-<INANIM>,WHNP,MQ,MQ_OBJ,
179,0,what is that?,1.0,-NONE-ABAR-WH-,T,WH,NP,NP,OBJ,OBJ,WHNP-1-<INANIM>,WHNP,MQ,MQ_OBJ,
182,0,"what is that, Susanna?",1.0,-NONE-ABAR-WH-,T,WH,NP,NP,OBJ,OBJ,WHNP-1-<INANIM>,WHNP,MQ,MQ_OBJ,
183,0,it's something *NULL* you eat for breakfast.,1.0,-NONE-ABAR-RC-,T,RC,NP,NP,OBJ,OBJ,WHNP-1-<INANIM>-<PATIENT-V1>,WHNP,RC,RC_OBJ,
185,0,that's what little birdies come out of.,1.0,-NONE-ABAR-RC-,T,RC,NP,NP,OBJ,OBJ,WHNP-1-<INANIM>-<SOURCE-V1>,WHNP,EQ,EQ_OBJ,come
198,0,what is that?,1.0,-NONE-ABAR-WH-,T,WH,NP,NP,OBJ,OBJ,WHNP-1-<INANIM>,WHNP,MQ,MQ_OBJ,
204,0,"duck, how are you today?",1.0,-NONE-ABAR-WH-,T,WH,ADVP,ADVP,ADJUNCT,ADJUNCT,WHADVP-1,WHADVP,MQ,MQ_ADJUNCT,
207,0,what else swims in the water?,1.0,-NONE-ABAR-WH-,T,WH,NP,NP,SUBJ,SUBJ,WHNP-1-<ANIM>-<AGENT-V1>,WHNP,MQ,MQ_SUBJ,
208,0,what else swims in the water?,1.0,-NONE-ABAR-WH-,T,WH,NP,NP,SUBJ,SUBJ,WHNP-1-<ANIM>-<AGENT-V1>,WHNP,MQ,MQ_SUBJ,
213,0,"what's, who's going To eat?",1.0,-NONE-ABAR-WH-,T,WH,NP-2,NP,SUBJ,SUBJ,WHNP-1-<ANIM>-<AGENT-V1>,WHNP,MQ,MQ_SUBJ,
216,0,what just happened?,1.0,-NONE-ABAR-WH-,T,WH,NP,NP,SUBJ,SUBJ,WHNP-1-<INANIM>-<THEME-V1>,WHNP,MQ,MQ_SUBJ,
217,0,what is that?,1.0,-NONE-ABAR-WH-,T,WH,NP,NP,OBJ,OBJ,WHNP-1-<INANIM>,WHNP,MQ,MQ_OBJ,
220,0,do you know what this is?,1.0,-NONE-ABAR-WH-,T,WH,NP,NP,OBJ,OBJ,WHNP-1-<INANIM>,WHNP,EQ,EQ_OBJ,know
221,0,do you know what that part is?,1.0,-NONE-ABAR-WH-,T,WH,NP,NP,OBJ,OBJ,WHNP-1-<INANIM>,WHNP,EQ,EQ_OBJ,know
225,0,what are you doing?,1.0,-NONE-ABAR-WH-,T,WH,NP,NP,OBJ,OBJ,WHNP-1-<INANIM>-<THEME-V1>,WHNP,MQ,MQ_OBJ,
226,0,what are you doing?,1.0,-NONE-ABAR-WH-,T,WH,NP,NP,OBJ,OBJ,WHNP-1-<INANIM>-<THEME-V1>,WHNP,MQ,MQ_OBJ,
227,0,what are you doing?,1.0,-NONE-ABAR-WH-,T,WH,NP,NP,OBJ,OBJ,WHNP-1-<INANIM>-<THEME-V1>,WHNP,MQ,MQ_OBJ,
236,0,what happened to the duck?,1.0,-NONE-ABAR-WH-,T,WH,NP,NP,SUBJ,SUBJ,WHNP-1-<INANIM>-<THEME-V1>,WHNP,MQ,MQ_SUBJ,
242,0,upstairs from when you were a baby.,1.0,-NONE-ABAR-RC-,T,RC,ADVP,ADVP,ADJUNCT,ADJUNCT,WHADVP-1,WHADVP,EQ,EQ_ADJUNCT,
245,0,what color is yours?,1.0,-NONE-ABAR-WH-,T,WH,NP,NP,OBJ,OBJ,WHNP-1-<INANIM>,WHNP,MQ,MQ_OBJ,
248,0,or whatever it is.,1.0,-NONE-ABAR-WH-,T,WH,NP,NP,OBJ,OBJ,WHNP-1-<INANIM>,WHNP,EQ,EQ_OBJ,
249,0,or whatever it is.,1.0,-NONE-ABAR-WH-,T,WH,NP,NP,OBJ,OBJ,WHNP-1-<INANIM>,WHNP,EQ,EQ_OBJ,
251,0,what color is this one?,1.0,-NONE-ABAR-WH-,T,WH,NP,NP,OBJ,OBJ,WHNP-1-<INANIM>,WHNP,MQ,MQ_OBJ,
256,0,what does that mean?,1.0,-NONE-ABAR-WH-,T,WH,NP,NP,OBJ,OBJ,WHNP-1-<INANIM>-<PATIENT-V1>,WHNP,MQ,MQ_OBJ,
263,0,what's that?,1.0,-NONE-ABAR-WH-,T,WH,NP,NP,OBJ,OBJ,WHNP-1-<INANIM>,WHNP,MQ,MQ_OBJ,
264,0,a big bird *NULL* called an eagle.,1.0,-NONE-ABAR-RC-,T,RC,NP-2,NP,SUBJ,SUBJ,WHNP-1-<ANIM>-<PATIENT-V1>,WHNP,RC,RC_SUBJ,
265,0,what's that?,1.0,-NONE-ABAR-WH-,T,WH,NP,NP,OBJ,OBJ,WHNP-1-<INANIM>,WHNP,MQ,MQ_OBJ,
267,0,you know what those are.,1.0,-NONE-ABAR-WH-,T,WH,NP,NP,OBJ,OBJ,WHNP-1-<INANIM>,WHNP,EQ,EQ_OBJ,know
270,0,what's that?,1.0,-NONE-ABAR-WH-,T,WH,NP,NP,OBJ,OBJ,WHNP-1-<INANIM>,WHNP,MQ,MQ_OBJ,
273,0,what else do they do?,1.0,-NONE-ABAR-WH-,T,WH,NP,NP,OBJ,OBJ,WHNP-1-<INANIM>-<PATIENT-V1>,WHNP,MQ,MQ_OBJ,
281,0,"what else happens at Halloween, can you tell Investigator?",2.0,-NONE-ABAR-RC-,T,RC,NP,NP,SUBJ,SUBJ,WHNP-2-<INANIM>-<THEME-V1>,WHNP,EQ,EQ_SUBJ,
283,0,what happens?,1.0,-NONE-ABAR-WH-,T,WH,NP,NP,SUBJ,SUBJ,WHNP-1-<INANIM>-<THEME-V1>,WHNP,MQ,MQ_SUBJ,
284,0,then what happens?,1.0,-NONE-ABAR-WH-,T,WH,NP,NP,SUBJ,SUBJ,WHNP-1-<INANIM>-<THEME-V1>,WHNP,MQ,MQ_SUBJ,
294,0,let's see what other pictures there are in here.,1.0,-NONE-ABAR-RC-,T,RC,NP,NP,OBJ,OBJ,WHNP-1-<INANIM>,WHNP,EQ,EQ_OBJ,see
297,0,what's that?,1.0,-NONE-ABAR-WH-,T,WH,NP,NP,OBJ,OBJ,WHNP-1-<INANIM>,WHNP,MQ,MQ_OBJ,
300,0,two boots *NULL* cowboys wear.,1.0,-NONE-ABAR-RC-,T,RC,NP,NP,OBJ,OBJ,WHNP-1-<INANIM>-<PATIENT-V1>,WHNP,RC,RC_OBJ,
301,0,what are those?,1.0,-NONE-ABAR-WH-,T,WH,NP,NP,OBJ,OBJ,WHNP-1-<INANIM>,WHNP,MQ,MQ_OBJ,
302,0,what are those?,1.0,-NONE-ABAR-WH-,T,WH,NP,NP,OBJ,OBJ,WHNP-1-<INANIM>,WHNP,MQ,MQ_OBJ,
308,0,"which are these, old socks or new socks?",1.0,-NONE-ABAR-WH-,T,WH,NP,NP,OBJ,OBJ,WHNP-1-<INANIM>,WHNP,MQ,MQ_OBJ,
313,0,it's another kind of bird *NULL* called a meadowlark.,1.0,-NONE-ABAR-RC-,T,RC,NP-2,NP,SUBJ,SUBJ,WHNP-1-<ANIM>-<PATIENT-V1>,WHNP,RC,RC_SUBJ,
315,0,what's that?,1.0,-NONE-ABAR-WH-,T,WH,NP,NP,OBJ,OBJ,WHNP-1-<INANIM>,WHNP,MQ,MQ_OBJ,
318,0,what's that?,1.0,-NONE-ABAR-WH-,T,WH,NP,NP,OBJ,OBJ,WHNP-1-<INANIM>,WHNP,MQ,MQ_OBJ,
320,0,what do you do with a chair?,1.0,-NONE-ABAR-WH-,T,WH,NP,NP,OBJ,OBJ,WHNP-1-<INANIM>-<THEME-V1>,WHNP,MQ,MQ_OBJ,
322,0,what is that?,1.0,-NONE-ABAR-WH-,T,WH,NP,NP,OBJ,OBJ,WHNP-1-<INANIM>,WHNP,MQ,MQ_OBJ,
324,0,who do you like to call on the phone?,1.0,-NONE-ABAR-WH-,T,WH,NP,NP,OBJ,OBJ,WHNP-1-<ANIM>-<GOAL-V2>,WHNP,MQ,MQ_OBJ,
334,0,what's that?,1.0,-NONE-ABAR-WH-,T,WH,NP,NP,OBJ,OBJ,WHNP-1-<INANIM>,WHNP,MQ,MQ_OBJ,
337,0,what are they?,1.0,-NONE-ABAR-WH-,T,WH,NP,NP,OBJ,OBJ,WHNP-1-<INANIM>,WHNP,MQ,MQ_OBJ,
341,0,what else do we put batteries in?,1.0,-NONE-ABAR-WH-,T,WH,NP,NP,OBJ,OBJ,WHNP-1-<ANIM>-<GOAL-V1>,WHNP,MQ,MQ_OBJ,
349,0,do you know what that is?,1.0,-NONE-ABAR-WH-,T,WH,NP,NP,ADJUNCT,ADJUNCT,WHNP-1-<INANIM>,WHNP,EQ,EQ_ADJUNCT,know
353,0,do you remember what it was?,1.0,-NONE-ABAR-WH-,T,WH,NP,NP,OBJ,OBJ,WHNP-1-<INANIM>,WHNP,EQ,EQ_OBJ,remember
362,0,what's that?,1.0,-NONE-ABAR-WH-,T,WH,NP,NP,OBJ,OBJ,WHNP-1-<INANIM>,WHNP,MQ,MQ_OBJ,
366,0,what color is the sail?,1.0,-NONE-ABAR-WH-,T,WH,NP,NP,OBJ,OBJ,WHNP-1-<INANIM>,WHNP,MQ,MQ_OBJ,
374,0,what's that?,1.0,-NONE-ABAR-WH-,T,WH,NP,NP,OBJ,OBJ,WHNP-1-<INANIM>,WHNP,MQ,MQ_OBJ,
376,0,"it's a marker, it tells the boats where to go.",1.0,-NONE-ABAR-RC-,T,RC,ADVP,ADVP,ADJUNCT,ADJUNCT,WHADVP-1,WHADVP,EQ,EQ_ADJUNCT,tells
377,0,like traffic signs tell cars where they can go and where they cann't,1.0,-NONE-ABAR-RC-,T,RC,ADVP,ADVP,ADJUNCT,ADJUNCT,WHADVP-1,WHADVP,EQ,EQ_ADJUNCT,tell
377,1,like traffic signs tell cars where they can go and where they cann't,2.0,-NONE-ABAR-RC-,T,RC,ADVP,ADVP,ADJUNCT,ADJUNCT,WHADVP-2,WHADVP,EQ,EQ_ADJUNCT,go
378,0,that tells boats where they can go.,1.0,-NONE-ABAR-RC-,T,RC,ADVP,ADVP,ADJUNCT,ADJUNCT,WHADVP-1,WHADVP,EQ,EQ_ADJUNCT,tells
379,0,because you cann't see any roads when you're out on the ocean.,1.0,-NONE-ABAR-RC-,T,RC,ADVP,ADVP,ADJUNCT,ADJUNCT,WHADVP-1,WHADVP,EQ,EQ_ADJUNCT,see
383,0,what is that?,1.0,-NONE-ABAR-WH-,T,WH,NP,NP,ADJUNCT,ADJUNCT,WHNP-1-<INANIM>,WHNP,MQ,MQ_ADJUNCT,
392,0,do you know what this is?,1.0,-NONE-ABAR-WH-,T,WH,NP,NP,OBJ,OBJ,WHNP-1-<INANIM>,WHNP,EQ,EQ_OBJ,know
393,0,"this is the bee hive, where are the bees?",1.0,-NONE-ABAR-WH-,T,WH,NP,NP,OBJ,OBJ,WHADVP-1,WHADVP,MQ,MQ_OBJ,
394,0,hidden away where nobody'd be.,1.0,-NONE-ABAR-RC-,T,RC,ADVP,ADVP,ADJUNCT,ADJUNCT,WHADVP-1,WHADVP,EQ,EQ_ADJUNCT,hidden
404,0,what kind of noise do hedgehogs make besides squeaks?,1.0,-NONE-ABAR-WH-,T,WH,NP,NP,OBJ,OBJ,WHNP-1-<INANIM>-<PATIENT-V1>,WHNP,MQ,MQ_OBJ,
406,0,do you know what a duck says?,1.0,-NONE-ABAR-WH-,T,WH,NP,NP,OBJ,OBJ,WHNP-1-<INANIM>-<THEME-V2>,WHNP,EQ,EQ_OBJ,know
419,0,do you know what kind of bird that is?,1.0,-NONE-ABAR-WH-,T,WH,NP,NP,OBJ,OBJ,WHNP-1-<INANIM>,WHNP,EQ,EQ_OBJ,know
428,0,where do you want him to go now?,1.0,-NONE-ABAR-WH-,T,WH,ADVP,ADVP,ADJUNCT,ADJUNCT,WHADVP-1,WHADVP,MQ,MQ_ADJUNCT,
432,0,what's the elephant doing?,1.0,-NONE-ABAR-WH-,T,WH,NP,NP,OBJ,OBJ,WHNP-1-<INANIM>-<THEME-V1>,WHNP,MQ,MQ_OBJ,
441,0,what's that?,1.0,-NONE-ABAR-WH-,T,WH,NP,NP,OBJ,OBJ,WHNP-1-<INANIM>,WHNP,MQ,MQ_OBJ,
444,0,what are you doing down there?,1.0,-NONE-ABAR-WH-,T,WH,NP,NP,OBJ,OBJ,WHNP-1-<INANIM>-<THEME-V1>,WHNP,MQ,MQ_OBJ,
483,0,what book would you like to look at?,1.0,-NONE-ABAR-WH-,T,WH,NP,NP,OBJ,OBJ,WHNP-1-<INANIM>-<PATIENT-V2>,WHNP,MQ,MQ_OBJ,
492,0,why don't you pick a book *NULL* you'd like to show Investigator?,2.0,-NONE-ABAR-RC-,T,RC,NP,NP,OBJ,OBJ,WHNP-2-<INANIM>-<PATIENT-V3>,WHNP,RC,RC_OBJ,
492,1,why don't you pick a book *NULL* you'd like to show Investigator?,1.0,-NONE-ABAR-WH-,T,WH,NP,NP,OBJ,OBJ,WHADVP-1,WHADVP,MQ,MQ_OBJ,
512,0,that's what it is.,1.0,-NONE-ABAR-RC-,T,RC,NP,NP,OBJ,OBJ,WHNP-1-<INANIM>,WHNP,EQ,EQ_OBJ,
521,0,"let's see, where's the book about eating lunch?",1.0,-NONE-ABAR-WH-,T,WH,ADVP,ADVP,ADJUNCT,ADJUNCT,WHADVP-1,WHADVP,MQ,MQ_ADJUNCT,
523,0,I thought this was the one *NULL* you were talking about.,1.0,-NONE-ABAR-RC-,T,RC,NP,NP,OBJ,OBJ,WHNP-1-<INANIM>-<PATIENT-V2>,WHNP,RC,RC_OBJ,
530,0,what are you wearing?,1.0,-NONE-ABAR-WH-,T,WH,NP,NP,OBJ,OBJ,WHNP-1-<INANIM>-<PATIENT-V1>,WHNP,MQ,MQ_OBJ,
541,0,"we have, she has a tape recorder that she plays all the time, and",1.0,-NONE-ABAR-RC-,T,RC,NP,NP,OBJ,OBJ,WHNP-1-<INANIM>-<PATIENT-V2>,WHNP,RC,RC_OBJ,
543,0,which has led to great confusions.,1.0,-NONE-ABAR-RC-,T,RC,NP-2,NP,SUBJ,SUBJ,WHNP-1-<INANIM>-<THEME-V1>,WHNP,EQ,EQ_SUBJ,
549,0,brought the tape player with her when she came.,1.0,-NONE-ABAR-RC-,T,RC,ADVP,ADVP,ADJUNCT,ADJUNCT,WHADVP-1,WHADVP,EQ,EQ_ADJUNCT,brought
557,0,what happened?,1.0,-NONE-ABAR-WH-,T,WH,NP,NP,SUBJ,SUBJ,WHNP-1-<INANIM>-<THEME-V1>,WHNP,MQ,MQ_SUBJ,
560,0,what's the baby doing?,1.0,-NONE-ABAR-WH-,T,WH,NP,NP,OBJ,OBJ,WHNP-1-<INANIM>-<PATIENT-V1>,WHNP,MQ,MQ_OBJ,
564,0,what's he doing with them?,1.0,-NONE-ABAR-WH-,T,WH,NP,NP,OBJ,OBJ,WHNP-1-<INANIM>-<THEME-V1>,WHNP,MQ,MQ_OBJ,
570,0,he disappeared one morning when he should have been in bed.,1.0,-NONE-ABAR-RC-,T,RC,ADVP,ADVP,ADJUNCT,ADJUNCT,WHADVP-1,WHADVP,RC,RC_ADJUNCT,
574,0,"oh, that's mommy, what's she doing?",1.0,-NONE-ABAR-WH-,T,WH,NP,NP,OBJ,OBJ,WHNP-1-<INANIM>-<THEME-V1>,WHNP,MQ,MQ_OBJ,
579,0,do you know what that is?,1.0,-NONE-ABAR-WH-,T,WH,NP,NP,OBJ,OBJ,WHNP-1-<INANIM>,WHNP,EQ,EQ_OBJ,know
584,0,"what, what are they doing?",1.0,-NONE-ABAR-WH-,T,WH,NP,NP,OBJ,OBJ,WHNP-1-<INANIM>-<THEME-V1>,WHNP,MQ,MQ_OBJ,
592,0,do you know what these are?,1.0,-NONE-ABAR-WH-,T,WH,NP,NP,ADJUNCT,ADJUNCT,WHNP-1-<INANIM>,WHNP,EQ,EQ_ADJUNCT,know
604,0,"hi, who's that?",1.0,-NONE-ABAR-WH-,T,WH,NP,NP,OBJ,OBJ,WHNP-1,WHNP,MQ,MQ_OBJ,
617,0,where are they?,1.0,-NONE-ABAR-WH-,T,WH,ADVP,ADVP,ADJUNCT,ADJUNCT,WHADVP-1,WHADVP,MQ,MQ_ADJUNCT,
618,0,where are they?,1.0,-NONE-ABAR-WH-,T,WH,ADVP,ADVP,ADJUNCT,ADJUNCT,WHADVP-1,WHADVP,MQ,MQ_ADJUNCT,
620,0,what are they doing?,1.0,-NONE-ABAR-WH-,T,WH,NP,NP,OBJ,OBJ,WHNP-1-<INANIM>-<THEME-V1>,WHNP,MQ,MQ_OBJ,
622,0,where's the mommy?,1.0,-NONE-ABAR-WH-,T,WH,ADVP,ADVP,ADJUNCT,ADJUNCT,WHADVP-1,WHADVP,MQ,MQ_ADJUNCT,
624,0,who's that?,1.0,-NONE-ABAR-WH-,T,WH,NP,NP,OBJ,OBJ,WHNP-1-<ANIM>,WHNP,MQ,MQ_OBJ,
628,0,who's that?,1.0,-NONE-ABAR-WH-,T,WH,NP,NP,OBJ,OBJ,WHNP-1-<ANIM>,WHNP,MQ,MQ_OBJ,
630,0,who's this?,1.0,-NONE-ABAR-WH-,T,WH,NP,NP,OBJ,OBJ,WHNP-1-<ANIM>,WHNP,MQ,MQ_OBJ,
633,0,what's the name?,1.0,-NONE-ABAR-WH-,T,WH,NP,NP,OBJ,OBJ,WHNP-1-<INANIM>,WHNP,MQ,MQ_OBJ,
636,0,how many tape players do you have?,1.0,-NONE-ABAR-WH-,T,WH,NP,NP,OBJ,OBJ,WHNP-1-<INANIM>-<THEME-V1>,WHNP,MQ,MQ_OBJ,
638,0,what other tape do you have?,1.0,-NONE-ABAR-WH-,T,WH,NP,NP,OBJ,OBJ,WHNP-1-<INANIM>-<THEME-V1>,WHNP,MQ,MQ_OBJ,
646,0,what color do you like best?,1.0,-NONE-ABAR-WH-,T,WH,NP,NP,OBJ,OBJ,WHNP-1-<INANIM>-<THEME-V1>,WHNP,MQ,MQ_OBJ,
647,0,what color do you like best?,1.0,-NONE-ABAR-WH-,T,WH,NP,NP,OBJ,OBJ,WHNP-1-<INANIM>-<THEME-V1>,WHNP,MQ,MQ_OBJ,
648,0,do you have one *NULL* you like best?,1.0,-NONE-ABAR-RC-,T,RC,NP,NP,OBJ,OBJ,WHNP-1-<INANIM>-<THEME-V2>,WHNP,RC,RC_OBJ,
650,0,what is it?,1.0,-NONE-ABAR-WH-,T,WH,NP,NP,OBJ,OBJ,WHNP-1-<INANIM>,WHNP,MQ,MQ_OBJ,
660,0,what's that?,1.0,-NONE-ABAR-WH-,T,WH,NP,NP,OBJ,OBJ,WHNP-1-<INANIM>,WHNP,MQ,MQ_OBJ,
662,0,"you want to see what's in the bag, don't you?",1.0,-NONE-ABAR-RC-,T,RC,NP,NP,OBJ,OBJ,WHNP-1-<INANIM>,WHNP,EQ,EQ_OBJ,see
667,0,what do you think is inside?,1.0,-NONE-ABAR-WH-,T,WH,NP,NP,SUBJ,SUBJ,WHNP-1-<INANIM>,WHNP,EQ,EQ_SUBJ,think
668,0,what do you think is inside the bag?,1.0,-NONE-ABAR-WH-,T,WH,NP,NP,SUBJ,SUBJ,WHNP-1-<INANIM>,WHNP,EQ,EQ_SUBJ,think
671,0,what's in the bag?,1.0,-NONE-ABAR-WH-,T,WH,NP,NP,SUBJ,SUBJ,WHNP-1-<INANIM>,WHNP,MQ,MQ_SUBJ,
674,0,who do you want to open it?,1.0,-NONE-ABAR-WH-,T,WH,NP,NP,SUBJ,SUBJ,WHNP-1-<ANIM>-<AGENT-V2>,WHNP,MQ,MQ_SUBJ,
677,0,let's see what's in the bag.,1.0,-NONE-ABAR-RC-,T,RC,NP,NP,SUBJ,SUBJ,WHNP-1-<INANIM>,WHNP,EQ,EQ_SUBJ,see
680,0,what color's the bird?,1.0,-NONE-ABAR-WH-,T,WH,NP,NP,OBJ,OBJ,WHNP-1-<INANIM>,WHNP,MQ,MQ_OBJ,
682,0,what do you do with the bird?,1.0,-NONE-ABAR-WH-,T,WH,NP,NP,OBJ,OBJ,WHNP-1-<INANIM>-<THEME-V1>,WHNP,MQ,MQ_OBJ,
698,0,let's see what else is inside.,1.0,-NONE-ABAR-RC-,T,RC,NP,NP,OBJ,OBJ,WHNP-1-<INANIM>,WHNP,EQ,EQ_OBJ,see
705,0,what's green on here?,1.0,-NONE-ABAR-WH-,T,WH,NP,NP,SUBJ,SUBJ,WHNP-1-<INANIM>,WHNP,MQ,MQ_SUBJ,
706,0,what's green?,1.0,-NONE-ABAR-WH-,T,WH,NP,NP,SUBJ,SUBJ,WHNP-1-<INANIM>,WHNP,MQ,MQ_SUBJ,
716,0,what color's that one?,1.0,-NONE-ABAR-WH-,T,WH,NP,NP,OBJ,OBJ,WHNP-1-<INANIM>,WHNP,MQ,MQ_OBJ,
724,0,what kind of animal are you?,1.0,-NONE-ABAR-WH-,T,WH,NP,NP,OBJ,OBJ,WHNP-1-<INANIM>,WHNP,MQ,MQ_OBJ,
731,0,what do you like to eat?,1.0,-NONE-ABAR-WH-,T,WH,NP,NP,OBJ,OBJ,WHNP-1-<INANIM>-<PATIENT-V2>,WHNP,MQ,MQ_OBJ,
734,0,what do you think the hedgehog likes to eat?,1.0,-NONE-ABAR-WH-,T,WH,NP,NP,OBJ,OBJ,WHNP-1-<INANIM>-<PATIENT-V3>,WHNP,EQ,EQ_OBJ,think
739,0,"look, it, what color is his eye?",1.0,-NONE-ABAR-WH-,T,WH,NP,NP,OBJ,OBJ,WHNP-1-<INANIM>,WHNP,MQ,MQ_OBJ,
741,0,do you remember what this is?,1.0,-NONE-ABAR-WH-,T,WH,NP,NP,OBJ,OBJ,WHNP-1-<INANIM>,WHNP,EQ,EQ_OBJ,remember
746,0,do you remember what the other things are?,1.0,-NONE-ABAR-WH-,T,WH,NP,NP,OBJ,OBJ,WHNP-1-<INANIM>,WHNP,EQ,EQ_OBJ,remember
751,0,I don't know what that is.,1.0,-NONE-ABAR-WH-,T,WH,NP,NP,OBJ,OBJ,WHNP-1-<INANIM>,WHNP,EQ,EQ_OBJ,know
754,0,"I bet, I bet there's stuff that you haven't seen before in the bag.",1.0,-NONE-ABAR-RC-,T,RC,NP,NP,OBJ,OBJ,WHNP-1-<INANIM>-<SUBJMATT-V2>>,WHNP,RC,RC_OBJ,
757,0,see if there's something that you haven't ever seen before.,,,,POLAR,,,,POLAR,,,EQ,EQ_POLAR,see
757,1,see if there's something that you haven't ever seen before.,1.0,-NONE-ABAR-RC-,T,RC,NP,NP,OBJ,OBJ,WHNP-1-<INANIM>-<SUBJMATT-V2>,WHNP,RC,RC_OBJ,
760,0,what's that?,1.0,-NONE-ABAR-WH-,T,WH,NP,NP,OBJ,OBJ,WHNP-1-<INANIM>,WHNP,MQ,MQ_OBJ,
767,0,"how are you, Ducky?",1.0,-NONE-ABAR-WH-,T,WH,ADVP,ADVP,ADJUNCT,ADJUNCT,WHADVP-1,WHADVP,MQ,MQ_ADJUNCT,
768,0,what kind of noise do you think the birdie makes?,1.0,-NONE-ABAR-WH-,T,WH,NP,NP,OBJ,OBJ,WHNP-1-<INANIM>-<PATIENT-V2>,WHNP,EQ,EQ_OBJ,think
773,0,what happened to the cardinals that were outside last week?,1.0,-NONE-ABAR-WH-,T,WH,NP,NP,SUBJ,SUBJ,WHNP-1-<INANIM>-<THEME-V1>,WHNP,MQ,MQ_SUBJ,
773,1,what happened to the cardinals that were outside last week?,2.0,-NONE-ABAR-RC-,T,RC,NP,NP,OBJ,OBJ,WHNP-2-<INANIM>,WHNP,RC,RC_OBJ,
789,0,"oh, what's that?",1.0,-NONE-ABAR-WH-,T,WH,NP,NP,OBJ,OBJ,WHNP-1-<INANIM>,WHNP,MQ,MQ_OBJ,
793,0,what's he doing?,1.0,-NONE-ABAR-WH-,T,WH,NP,NP,OBJ,OBJ,WHNP-1-<INANIM>-<THEME-V1>,WHNP,MQ,MQ_OBJ,
794,0,what's the horsie doing?,1.0,-NONE-ABAR-WH-,T,WH,NP,NP,OBJ,OBJ,WHNP-1-<INANIM>-<THEME-V1>,WHNP,MQ,MQ_OBJ,
798,0,what kind of noise does it make?,1.0,-NONE-ABAR-WH-,T,WH,NP,NP,OBJ,OBJ,WHNP-1-<INANIM>-<PATIENT-V1>,WHNP,MQ,MQ_OBJ,
800,0,"neigh, that's what the horse says.",1.0,-NONE-ABAR-RC-,T,RC,NP,NP,OBJ,OBJ,WHNP-1-<INANIM>-<THEME-V1>,WHNP,EQ,EQ_OBJ,says
801,0,"but you know what I think this animal says, Child?",1.0,-NONE-ABAR-WH-,T,WH,NP,NP,OBJ,OBJ,WHNP-1-<INANIM>-<THEME-V3>,WHNP,EQ,EQ_OBJ,think
809,0,what do they do with their trunks.,1.0,-NONE-ABAR-WH-,T,WH,NP,NP,OBJ,OBJ,WHNP-1-<INANIM>-<THEME-V1>,WHNP,MQ,MQ_OBJ,
816,0,what's that?,1.0,-NONE-ABAR-WH-,T,WH,NP,NP,OBJ,OBJ,WHNP-1-<INANIM>,WHNP,MQ,MQ_OBJ,
819,0,what's a horsie like to eat?,1.0,-NONE-ABAR-WH-,T,WH,NP,NP,OBJ,OBJ,WHNP-1-<INANIM>-<PATIENT-V2>,WHNP,MQ,MQ_OBJ,
822,0,and where's he live?,1.0,-NONE-ABAR-WH-,T,WH,ADVP,ADVP,ADJUNCT,ADJUNCT,WHADVP-1,WHADVP,EQ,EQ_ADJUNCT,
823,0,do you remember where the horsie lives?,1.0,-NONE-ABAR-WH-,T,WH,ADVP,ADVP,ADJUNCT,ADJUNCT,WHADVP-1,WHADVP,EQ,EQ_ADJUNCT,remember
833,0,what's the cow doing now?,1.0,-NONE-ABAR-WH-,T,WH,NP,NP,OBJ,OBJ,WHNP-1-<INANIM>-<THEME-V1>,WHNP,MQ,MQ_OBJ,
840,0,which one's taller?,1.0,-NONE-ABAR-WH-,T,WH,NP,NP,OBJ,OBJ,WHNP-1-<INANIM>,WHNP,MQ,MQ_OBJ,
841,0,which one's bigger?,1.0,-NONE-ABAR-WH-,T,WH,NP,NP,OBJ,OBJ,WHNP-1-<INANIM>,WHNP,MQ,MQ_OBJ,
842,0,do you know which one's bigger?,1.0,-NONE-ABAR-WH-,T,WH,NP,NP,OBJ,OBJ,WHNP-1-<INANIM>,WHNP,EQ,EQ_OBJ,know
844,0,"that's what we did last time, isn't it?",1.0,-NONE-ABAR-RC-,T,RC,NP,NP,OBJ,OBJ,WHNP-1-<INANIM>-<THEME-V1>,WHNP,EQ,EQ_OBJ,did
873,0,"hey, what happened to the cardinals that were outside the window?",1.0,-NONE-ABAR-WH-,T,WH,NP,NP,SUBJ,SUBJ,WHNP-1-<INANIM>-<THEME-V1>,WHNP,MQ,MQ_SUBJ,
873,1,"hey, what happened to the cardinals that were outside the window?",2.0,-NONE-ABAR-RC-,T,RC,NP,NP,OBJ,OBJ,WHNP-2-<ANIM>,WHNP,RC,RC_OBJ,
879,0,what to eat?,1.0,-NONE-ABAR-WH-,T,WH,NP,NP,OBJ,OBJ,WHNP-1-<INANIM>-<PATIENT-V1>,WHNP,EQ,EQ_OBJ,
880,0,oranges *NULL* to eat.,1.0,-NONE-ABAR-WH-,T,WH,NP,NP,OBJ,OBJ,WHNP-1-<INANIM>-<PATIENT-V1>,WHNP,RC,RC_OBJ,
882,0,"I see them, they're oranges *NULL* to eat.",1.0,-NONE-ABAR-RC-,T,RC,NP,NP,OBJ,OBJ,WHNP-1-<INANIM>-<PATIENT-V2>,WHNP,RC,RC_OBJ,
883,0,do you know who gave them to you?,1.0,-NONE-ABAR-WH-,T,WH,NP,NP,SUBJ,SUBJ,WHNP-1-<ANIM>-<AGENT-V2>,WHNP,EQ,EQ_SUBJ,know
887,0,"that's why the oranges are there, cause it's cold.",1.0,-NONE-ABAR-RC-,T,RC,ADVP,ADVP,ADJUNCT,ADJUNCT,WHADVP-1,WHADVP,EQ,EQ_ADJUNCT,
888,0,do you want an orange *NULL* to eat?,1.0,-NONE-ABAR-RC-,T,RC,NP,NP,OBJ,OBJ,WHNP-1-<INANIM>-<PATIENT-V2>,WHNP,RC,RC_OBJ,
893,0,and if she eats too many she gets diaper rash.,,,,POLAR,,,,POLAR,,,EQ,EQ_POLAR,
900,0,"yeah, those are oranges *NULL* to eat and you can have one with lunch.",1.0,-NONE-ABAR-RC-,T,RC,NP,NP,OBJ,OBJ,WHNP-1-<INANIM>-<PATIENT-V1>,WHNP,RC,RC_OBJ,
917,0,and you can pick which one you want to have with lunch.,1.0,-NONE-ABAR-RC-,T,RC,NP,NP,OBJ,OBJ,WHNP-1-<INANIM>-<PATIENT-V3>,WHNP,EQ,EQ_OBJ,pick
920,0,is that the one *NULL* you want to have for lunch?,1.0,-NONE-ABAR-RC-,T,RC,NP,NP,OBJ,OBJ,WHNP-1-<INANIM>-<PATIENT-V2>,WHNP,RC,RC_OBJ,
923,0,what's in this box?,1.0,-NONE-ABAR-WH-,T,WH,NP,NP,SUBJ,SUBJ,WHNP-1-<INANIM>,WHNP,MQ,MQ_SUBJ,
926,0,she doesn't really know how to count when she counts but she knows,1.0,-NONE-ABAR-WH-,T,WH,ADVP,ADVP,ADJUNCT,ADJUNCT,WHADVP-1,WHADVP,EQ,EQ_ADJUNCT,know
926,1,she doesn't really know how to count when she counts but she knows,2.0,-NONE-ABAR-WH-,T,WH,ADVP,ADVP,ADJUNCT,ADJUNCT,WHADVP-2,WHADVP,EQ,EQ_ADJUNCT,count
933,0,"what do they smell like, Child?",1.0,-NONE-ABAR-WH-,T,WH,NP,NP,OBJ,OBJ,WHNP-1-<INANIM>,WHNP,MQ,MQ_OBJ,
935,0,what else smells good?,1.0,-NONE-ABAR-WH-,T,WH,NP,NP,SUBJ,SUBJ,WHNP-1-<INANIM>-<SUBJMATT-V1>,WHNP,MQ,MQ_SUBJ,
936,0,what do you like to smell?,1.0,-NONE-ABAR-WH-,T,WH,NP,NP,OBJ,OBJ,WHNP-1-<INANIM>-<PATIENT-V2>,WHNP,MQ,MQ_OBJ,
946,0,"but I don't know if you remember that, that was last fall.",,,,POLAR,,,,POLAR,,,EQ,EQ_POLAR,know
947,0,"Child, do you remember when we took bread down to the ducks?",1.0,-NONE-ABAR-RC-,T,RC,ADVP,ADVP,ADJUNCT,ADJUNCT,WHADVP-1,WHADVP,EQ,EQ_ADJUNCT,remember
950,0,and what happened?,1.0,-NONE-ABAR-WH-,T,WH,NP,NP,SUBJ,SUBJ,WHNP-1-<INANIM>-<THEME-V1>,WHNP,EQ,EQ_SUBJ,
952,0,do you know what else ducks like to eat?,1.0,-NONE-ABAR-WH-,T,WH,NP,NP,OBJ,OBJ,WHNP-1-<INANIM>-<PATIENT-V3>,WHNP,EQ,EQ_OBJ,know
960,0,what does that mean?,1.0,-NONE-ABAR-WH-,T,WH,NP,NP,OBJ,OBJ,WHNP-1-<INANIM>,WHNP,MQ,MQ_OBJ,
963,0,if the daddy has a crown on what is he?,,,,POLAR,,,,POLAR,,,EQ,EQ_POLAR,
963,1,if the daddy has a crown on what is he?,1.0,-NONE-ABAR-WH-,T,WH,NP,NP,OBJ,OBJ,WHNP-1-<INANIM>,WHNP,MQ,MQ_OBJ,
970,0,you're going to need a set of parallel bars *NULL* to work out on.,2.0,-NONE-ABAR-RC-,T,RC,NP,NP,OBJ,OBJ,WHNP-2-<INANIM>-<INSTR-V2>,WHNP,RC,RC_OBJ,
973,0,"what's up, Child?",1.0,-NONE-ABAR-WH-,T,WH,NP,NP,SUBJ,SUBJ,WHNP-1-<INANIM>,WHNP,MQ,MQ_SUBJ,
978,0,what are you trying to do?,1.0,-NONE-ABAR-WH-,T,WH,NP,NP,OBJ,OBJ,WHNP-1-<INANIM>-<PATIENT-V2>,WHNP,MQ,MQ_OBJ,
980,0,what do you see?,1.0,-NONE-ABAR-WH-,T,WH,NP,NP,OBJ,OBJ,WHNP-1-<INANIM>-<SUBJMATT-V1>,WHNP,MQ,MQ_OBJ,
982,0,what's that?,1.0,-NONE-ABAR-WH-,T,WH,NP,NP,OBJ,OBJ,WHNP-1-<INANIM>,WHNP,MQ,MQ_OBJ,
984,0,do you know how to turn that on?,1.0,-NONE-ABAR-WH-,T,WH,ADVP,ADVP,ADJUNCT,ADJUNCT,WHADVP-1,WHADVP,EQ,EQ_ADJUNCT,know
989,0,if you look straight up through the hole you can see the lightbulb.,,,,POLAR,,,,POLAR,,,EQ,EQ_POLAR,
992,0,what did you do?,1.0,-NONE-ABAR-WH-,T,WH,NP,NP,OBJ,OBJ,WHNP-1-<INANIM>-<PATIENT-V1>,WHNP,MQ,MQ_OBJ,
994,0,"yes, that's something *NULL* you take outside.",1.0,-NONE-ABAR-RC-,T,RC,NP,NP,OBJ,OBJ,WHNP-1-<INANIM>-<PATIENT-V1>,WHNP,RC,RC_OBJ,
997,0,"you don't do it when it's snowy, you do it in the summer.",1.0,-NONE-ABAR-RC-,T,RC,ADVP,ADVP,ADJUNCT,ADJUNCT,WHADVP-1,WHADVP,EQ,EQ_ADJUNCT,do
998,0,you want to do it when it's snowy?,1.0,-NONE-ABAR-RC-,T,RC,ADVP,ADVP,ADJUNCT,ADJUNCT,WHADVP-1,WHADVP,EQ,EQ_ADJUNCT,do
999,0,but I think next summer when it's warm we'll take those outside to.,2.0,-NONE-ABAR-RC-,T,RC,ADVP,ADVP,ADJUNCT,ADJUNCT,WHADVP-2,WHADVP,EQ,EQ_ADJUNCT,think
1007,0,what is it?,1.0,-NONE-ABAR-WH-,T,WH,NP,NP,OBJ,OBJ,WHNP-1-<INANIM>,WHNP,MQ,MQ_OBJ,
1008,0,it is an old Victorian music making machine that has a bellows organ,1.0,-NONE-ABAR-RC-,T,RC,NP,NP,SUBJ,SUBJ,WHNP-1-<INANIM>-<POSSESS-V1>,WHNP,RC,RC_SUBJ,
1013,0,Becca and David sometime when they come to this house would like to,1.0,-NONE-ABAR-RC-,T,RC,ADVP,ADVP,ADJUNCT,ADJUNCT,WHADVP-1,WHADVP,EQ,EQ_ADJUNCT,
1016,0,"that's the handle that you turn with, right.",1.0,-NONE-ABAR-RC-,T,RC,NP,NP,OBJ,OBJ,WHNP-1-<INANIM>-<INSTR-V1>,WHNP,RC,RC_OBJ,
1023,0,what are you doing?,1.0,-NONE-ABAR-WH-,T,WH,NP,NP,OBJ,OBJ,WHNP-1-<INANIM>-<PATIENT-V1>,WHNP,MQ,MQ_OBJ,
1029,0,"um hmm, I 'm the one who turns the big handle.",1.0,-NONE-ABAR-RC-,T,RC,NP,NP,SUBJ,SUBJ,WHNP-1-<ANIM>-<AGENT-V1>,WHNP,RC,RC_SUBJ,
1030,0,that's something *NULL* I do.,1.0,-NONE-ABAR-RC-,T,RC,NP,NP,OBJ,OBJ,WHNP-1-<INANIM>-<PATIENT-V1>,WHNP,RC,RC_OBJ,
1036,0,how old is Investigator?,1.0,-NONE-ABAR-WH-,T,WH,NP,NP,OBJ,OBJ,WHNP-1-<INANIM>,WHNP,MQ,MQ_OBJ,
1038,0,how old are you?,1.0,-NONE-ABAR-WH-,T,WH,NP,NP,OBJ,OBJ,WHNP-1-<INANIM>,WHNP,MQ,MQ_OBJ,
1043,0,"New Investigator, I don't know how old she is.",1.0,-NONE-ABAR-WH-,T,WH,ADJP,ADJP,ADJUNCT,ADJUNCT,WHNP-1-<INANIM>,WHNP,EQ,EQ_ADJUNCT,know
1044,0,how old are you?,1.0,-NONE-ABAR-WH-,T,WH,NP,NP,OBJ,OBJ,WHNP-1-<INANIM>,WHNP,MQ,MQ_OBJ,
1095,0,what's Daddy?,1.0,-NONE-ABAR-WH-,T,WH,NP,NP,OBJ,OBJ,WHNP-1-<INANIM>,WHNP,MQ,MQ_OBJ,
1105,0,what does he do?,1.0,-NONE-ABAR-WH-,T,WH,NP,NP,OBJ,OBJ,WHNP-1-<INANIM>-<PATIENT-V1>,WHNP,MQ,MQ_OBJ,
1110,0,who usually brings it in?,1.0,-NONE-ABAR-WH-,T,WH,NP,NP,SUBJ,SUBJ,WHNP-1-<ANIM>-<AGENT-V1>,WHNP,MQ,MQ_SUBJ,
1113,0,"we even have a mailman who's not a man, we have a mailwoman.",1.0,-NONE-ABAR-RC-,T,RC,NP,NP,SUBJ,SUBJ,WHNP-1-<ANIM>,WHNP,RC,RC_SUBJ,
1119,0,what's that?,1.0,-NONE-ABAR-WH-,T,WH,NP,NP,OBJ,OBJ,WHNP-1-<INANIM>,WHNP,MQ,MQ_OBJ,
1125,0,where did they go?,1.0,-NONE-ABAR-WH-,T,WH,ADVP,ADVP,ADJUNCT,ADJUNCT,WHADVP-1,WHADVP,MQ,MQ_ADJUNCT,
1130,0,what do you see?,1.0,-NONE-ABAR-WH-,T,WH,NP,NP,OBJ,OBJ,WHNP-1-<INANIM>-<SUBJMATT-V1>,WHNP,MQ,MQ_OBJ,
1137,0,"you know what I 'm going to do, Child, I 'm going to move this instead of",1.0,-NONE-ABAR-WH-,T,WH,NP,NP,OBJ,OBJ,WHNP-1-<INANIM>-<THEME-V2>,WHNP,EQ,EQ_OBJ,know
1144,0,what are you doing?,1.0,-NONE-ABAR-WH-,T,WH,NP,NP,OBJ,OBJ,WHNP-1-<INANIM>-<THEME-V1>,WHNP,MQ,MQ_OBJ,
1146,0,"you're blowing you know what I 'm going to do, Child a kiss?",3.0,-NONE-ABAR-WH-,T,WH,NP,NP,OBJ,OBJ,WHNP-3-<INANIM>-<THEME-V3>,WHNP,EQ,EQ_OBJ,know
1152,0,what are you doing?,1.0,-NONE-ABAR-WH-,T,WH,NP,NP,OBJ,OBJ,WHNP-1-<INANIM>-<THEME-V1>,WHNP,MQ,MQ_OBJ,
1153,0,do you think it could break if you pulled hard enough?,,,,POLAR,,,,POLAR,,,EQ,EQ_POLAR,think
1153,1,do you think it could break if you pulled hard enough?,,,,POLAR,,,,POLAR,,,EQ,EQ_POLAR,break
1155,0,it wouldn't hurt anything if it did.,,,,POLAR,,,,POLAR,,,EQ,EQ_POLAR,hurt
1178,0,what do you want me to do?,1.0,-NONE-ABAR-WH-,T,WH,NP,NP,OBJ,OBJ,WHNP-1-<INANIM>-<THEME-V2>,WHNP,MQ,MQ_OBJ,
1183,0,where else do we cut?,1.0,-NONE-ABAR-WH-,T,WH,ADVP,ADVP,ADJUNCT,ADJUNCT,WHADVP-1,WHADVP,MQ,MQ_ADJUNCT,
1188,0,what kind of juice was it?,1.0,-NONE-ABAR-WH-,T,WH,NP,NP,OBJ,OBJ,WHNP-1-<INANIM>,WHNP,MQ,MQ_OBJ,
1192,0,"oh, that's right, you put shampoo in your hand when you wash your own.",1.0,-NONE-ABAR-RC-,T,RC,ADVP,ADVP,ADJUNCT,ADJUNCT,WHADVP-1,WHADVP,EQ,EQ_ADJUNCT,put
1194,0,I 'm the one who needs a haircut.,1.0,-NONE-ABAR-RC-,T,RC,NP,NP,SUBJ,SUBJ,WHNP-1-<ANIM>-<EXPER-V1>,WHNP,RC,RC_SUBJ,
1199,0,who do you want to help you?,1.0,-NONE-ABAR-WH-,T,WH,NP,NP,SUBJ,SUBJ,WHNP-1-<ANIM>-<AGENT-V2>,WHNP,MQ,MQ_SUBJ,
1203,0,what are you doing?,1.0,-NONE-ABAR-WH-,T,WH,NP,NP,OBJ,OBJ,WHNP-1-<INANIM>-<THEME-V1>,WHNP,MQ,MQ_OBJ,
1213,0,how many jumps do you want to do?,1.0,-NONE-ABAR-WH-,T,WH,NP,NP,OBJ,OBJ,WHNP-1-<INANIM>-<THEME-V2>,WHNP,MQ,MQ_OBJ,
1217,0,how many is that?,1.0,-NONE-ABAR-WH-,T,WH,NP,NP,OBJ,OBJ,WHNP-1-<INANIM>,WHNP,MQ,MQ_OBJ,
1240,0,a nice way *NULL* to ask.,1.0,-NONE-ABAR-RC-,T,RC,ADVP,ADVP,ADJUNCT,ADJUNCT,WHADVP-1,WHADVP,RC,RC_ADJUNCT,
1243,0,when I give you an orange what do you say?,3.0,-NONE-ABAR-RC-,T,RC,ADVP,ADVP,ADJUNCT,ADJUNCT,WHADVP-3,WHADVP,EQ,EQ_ADJUNCT,
1243,1,when I give you an orange what do you say?,1.0,-NONE-ABAR-WH-,T,WH,NP,NP,OBJ,OBJ,WHNP-1-<INANIM>-<THEME-V2>,WHNP,MQ,MQ_OBJ,
1247,0,"where are you going, Child?",1.0,-NONE-ABAR-WH-,T,WH,ADVP,ADVP,ADJUNCT,ADJUNCT,WHADVP-1,WHADVP,MQ,MQ_ADJUNCT,
1249,0,if you have one now you cann't have one for lunch.,,,,POLAR,,,,POLAR,,,EQ,EQ_POLAR,
1256,0,where are they?,1.0,-NONE-ABAR-WH-,T,WH,ADVP,ADVP,ADJUNCT,ADJUNCT,WHADVP-1,WHADVP,MQ,MQ_ADJUNCT,
1261,0,why don't you get them out?,1.0,-NONE-ABAR-WH-,T,WH,ADVP,ADVP,ADJUNCT,ADJUNCT,WHADVP-1,WHADVP,MQ,MQ_ADJUNCT,
1270,0,what do you need?,1.0,-NONE-ABAR-WH-,T,WH,NP,NP,OBJ,OBJ,WHNP-1-<INANIM>-<SUBJMATT-V1>,WHNP,MQ,MQ_OBJ,
1273,0,what else do you need?,1.0,-NONE-ABAR-WH-,T,WH,NP,NP,OBJ,OBJ,WHNP-1-<INANIM>-<SUBJMATT-V1>,WHNP,MQ,MQ_OBJ,
1275,0,what else do you need to make cookies?,1.0,-NONE-ABAR-WH-,T,WH,NP,NP,OBJ,OBJ,WHNP-1-<INANIM>-<SUBJMATT-V1>,WHNP,MQ,MQ_OBJ,
1333,0,"and in the winter when it's too cold for the in the playground,",1.0,-NONE-ABAR-RC-,T,RC,ADVP,ADVP,ADJUNCT,ADJUNCT,WHADVP-1,WHADVP,RC,RC_ADJUNCT,
1336,0,when the weather's nice again we'll be able to go to the playground.,3.0,-NONE-ABAR-RC-,T,RC,ADVP,ADVP,ADJUNCT,ADJUNCT,WHADVP-3,WHADVP,EQ,EQ_ADJUNCT,
1357,0,"what do you think, Investigator might be thirsty.",1.0,-NONE-ABAR-WH-,T,WH,NP,NP,OBJ,OBJ,WHNP-1-<INANIM>-<SUBJMATT-V1>,WHNP,MQ,MQ_OBJ,
1371,0,what is this that I 'm eating?,2.0,-NONE-ABAR-RC-,T,RC,NP,NP,OBJ,OBJ,WHNP-2-<INANIM>-<PATIENT-V1>,WHNP,RC,RC_OBJ,
1371,1,what is this that I 'm eating?,1.0,-NONE-ABAR-WH-,T,WH,NP,NP,OBJ,OBJ,WHNP-1-<INANIM>,WHNP,MQ,MQ_OBJ,
1377,0,what do you like best to drink?,1.0,-NONE-ABAR-WH-,T,WH,NP,NP,OBJ,OBJ,WHNP-1-<INANIM>-<SUBJMATT-V1>-<PATIENT-V2>,WHNP,MQ,MQ_OBJ,
1377,1,what do you like best to drink?,1.0,-NONE-ABAR-WH-,T,WH,NP,NP,OBJ,OBJ,WHNP-1-<INANIM>-<SUBJMATT-V1>-<PATIENT-V2>,WHNP,MQ,MQ_OBJ,
1387,0,who's going to eat that ice cream?,1.0,-NONE-ABAR-WH-,T,WH,NP-2,NP,SUBJ,SUBJ,WHNP-1-<ANIM>-<AGENT-V1>,WHNP,MQ,MQ_SUBJ,
1403,0,what is that?,1.0,-NONE-ABAR-WH-,T,WH,NP,NP,OBJ,OBJ,WHNP-1-<INANIM>,WHNP,MQ,MQ_OBJ,
1406,0,I 'm going to try to call the library and just see if we can.,,,,POLAR,,,,POLAR,,,EQ,EQ_POLAR,see
1415,0,what is that?,1.0,-NONE-ABAR-WH-,T,WH,NP,NP,OBJ,OBJ,WHNP-1-<INANIM>,WHNP,MQ,MQ_OBJ,
1416,0,do you know what that is?,1.0,-NONE-ABAR-WH-,T,WH,NP,NP,OBJ,OBJ,WHNP-1-<INANIM>,WHNP,EQ,EQ_OBJ,know
1419,0,so you know what else I brought besides.,1.0,-NONE-ABAR-RC-,T,RC,NP,NP,OBJ,OBJ,WHNP-1-<INANIM>-<PATIENT-V2>,WHNP,EQ,EQ_OBJ,know
1424,0,do you want to see the little toys that I brought?,1.0,-NONE-ABAR-RC-,T,RC,NP,NP,OBJ,OBJ,WHNP-1-<INANIM>-<PATIENT-V3>,WHNP,RC,RC_OBJ,
1428,0,show your mom what's inside.,1.0,-NONE-ABAR-RC-,T,RC,NP,NP,SUBJ,SUBJ,WHNP-1-<INANIM>,WHNP,EQ,EQ_SUBJ,show
1430,0,tell me what's in there.,1.0,-NONE-ABAR-RC-,T,RC,NP,NP,SUBJ,SUBJ,WHNP-1-<INANIM>,WHNP,EQ,EQ_SUBJ,tell
1438,0,what's in there?,1.0,-NONE-ABAR-WH-,T,WH,NP,NP,SUBJ,SUBJ,WHNP-1-<INANIM>,WHNP,MQ,MQ_SUBJ,
1439,0,"well, I'd like to see what's in here.",1.0,-NONE-ABAR-RC-,T,RC,NP,NP,SUBJ,SUBJ,WHNP-1-<INANIM>,WHNP,EQ,EQ_SUBJ,see
1441,0,what kind of a nose does that bunny have?,1.0,-NONE-ABAR-WH-,T,WH,NP,NP,OBJ,OBJ,WHNP-1-<INANIM>-<THEME-V1>,WHNP,MQ,MQ_OBJ,
1446,0,what is that?,1.0,-NONE-ABAR-WH-,T,WH,NP,NP,OBJ,OBJ,WHNP-1-<INANIM>,WHNP,MQ,MQ_OBJ,
1448,0,what kind of animal has such a big nose?,1.0,-NONE-ABAR-WH-,T,WH,NP,NP,SUBJ,SUBJ,WHNP-1-<INANIM>-<POSSESS-V1>,WHNP,MQ,MQ_SUBJ,
1455,0,"oh, what is it?",1.0,-NONE-ABAR-WH-,T,WH,NP,NP,SUBJ,SUBJ,WHNP-1-<INANIM>,WHNP,MQ,MQ_SUBJ,
1456,0,what is that?,1.0,-NONE-ABAR-WH-,T,WH,NP,NP,SUBJ,SUBJ,WHNP-1-<INANIM>,WHNP,MQ,MQ_SUBJ,
1463,0,what happens to that?,1.0,-NONE-ABAR-WH-,T,WH,NP,NP,SUBJ,SUBJ,WHNP-1-<INANIM>-<THEME-V1>,WHNP,MQ,MQ_SUBJ,
1468,0,now see what happens.,1.0,-NONE-ABAR-RC-,T,RC,NP,NP,SUBJ,SUBJ,WHNP-1-<INANIM>-<THEME-V2>,WHNP,EQ,EQ_SUBJ,see
1470,0,what's happening to it?,1.0,-NONE-ABAR-WH-,T,WH,NP,NP,SUBJ,SUBJ,WHNP-1-<INANIM>-<THEME-V1>,WHNP,MQ,MQ_SUBJ,
1471,0,what's happening?,1.0,-NONE-ABAR-WH-,T,WH,NP,NP,SUBJ,SUBJ,WHNP-1-<INANIM>-<THEME-V1>,WHNP,MQ,MQ_SUBJ,
1472,0,tell me what's happening to this.,1.0,-NONE-ABAR-RC-,T,RC,NP,NP,SUBJ,SUBJ,WHNP-1-<INANIM>-<THEME-V2>,WHNP,EQ,EQ_SUBJ,tell
1482,0,you can take out anything *NULL* you want.,1.0,-NONE-ABAR-RC-,T,RC,NP,NP,OBJ,OBJ,WHNP-1-<INANIM>-<SUBJMATT-V2>,WHNP,RC,RC_OBJ,
1483,0,all the things are for *NULL* you to look at and play with.,1.0,-NONE-ABAR-RC-,T,RC,NP,NP,OBJ,OBJ,WHNP-1-<INANIM>-<PATIENT-V1>-<PATIENT-V2>,WHNP,EQ,EQ_OBJ,look
1483,1,all the things are for *NULL* you to look at and play with.,1.0,-NONE-ABAR-RC-,T,RC,NP,NP,OBJ,OBJ,WHNP-1-<INANIM>-<PATIENT-V1>-<PATIENT-V2>,WHNP,EQ,EQ_OBJ,look
1484,0,what is this?,1.0,-NONE-ABAR-WH-,T,WH,NP,NP,OBJ,OBJ,WHNP-1-<INANIM>,WHNP,MQ,MQ_OBJ,
1486,0,what is this?,1.0,-NONE-ABAR-WH-,T,WH,NP,NP,OBJ,OBJ,WHNP-1-<INANIM>,WHNP,MQ,MQ_OBJ,
1494,0,let's see what else you have.,1.0,-NONE-ABAR-RC-,T,RC,NP,NP,OBJ,OBJ,WHNP-1-<INANIM>-<THEME-V3>,WHNP,EQ,EQ_OBJ,see
1497,0,what is this?,1.0,-NONE-ABAR-WH-,T,WH,NP,NP,OBJ,OBJ,WHNP-1-<INANIM>,WHNP,MQ,MQ_OBJ,
1498,0,what's that?,1.0,-NONE-ABAR-WH-,T,WH,NP,NP,OBJ,OBJ,WHNP-1-<INANIM>,WHNP,MQ,MQ_OBJ,
1500,0,know what this is?,1.0,-NONE-ABAR-WH-,T,WH,NP,NP,OBJ,OBJ,WHNP-1-<INANIM>,WHNP,EQ,EQ_OBJ,know
1504,0,"who, who else is a hedgehog?",1.0,-NONE-ABAR-WH-,T,WH,NP,NP,SUBJ,SUBJ,WHNP-1-<ANIM>,WHNP,MQ,MQ_SUBJ,
1511,0,what is this?,1.0,-NONE-ABAR-WH-,T,WH,NP,NP,SUBJ,SUBJ,WHNP-1-<INANIM>,WHNP,MQ,MQ_SUBJ,
1516,0,what is that?,1.0,-NONE-ABAR-WH-,T,WH,NP,NP,OBJ,OBJ,WHNP-1-<INANIM>,WHNP,MQ,MQ_OBJ,
1517,0,do you know what it is?,1.0,-NONE-ABAR-WH-,T,WH,NP,NP,OBJ,OBJ,WHNP-1-<INANIM>,WHNP,EQ,EQ_OBJ,know
1518,0,do you know what this is?,1.0,-NONE-ABAR-WH-,T,WH,NP,NP,OBJ,OBJ,WHNP-1-<INANIM>,WHNP,EQ,EQ_OBJ,know
1519,0,what is this?,1.0,-NONE-ABAR-WH-,T,WH,NP,NP,OBJ,OBJ,WHNP-1-<INANIM>,WHNP,MQ,MQ_OBJ,
1521,0,what is this?,1.0,-NONE-ABAR-WH-,T,WH,NP,NP,OBJ,OBJ,WHNP-1-<INANIM>,WHNP,MQ,MQ_OBJ,
1524,0,what's that?,1.0,-NONE-ABAR-WH-,T,WH,NP,NP,OBJ,OBJ,WHNP-1-<INANIM>,WHNP,MQ,MQ_OBJ,
1534,0,what is it?,1.0,-NONE-ABAR-WH-,T,WH,NP,NP,OBJ,OBJ,WHNP-1-<INANIM>,WHNP,MQ,MQ_OBJ,
1542,0,what else is in there?,1.0,-NONE-ABAR-WH-,T,WH,NP,NP,SUBJ,SUBJ,WHNP-1-<INANIM>,WHNP,MQ,MQ_SUBJ,
1543,0,what does that say?,1.0,-NONE-ABAR-WH-,T,WH,NP,NP,OBJ,OBJ,WHNP-1-<INANIM>-<THEME-V1>,WHNP,MQ,MQ_OBJ,
1544,0,what kind of an animal is that?,1.0,-NONE-ABAR-WH-,T,WH,NP,NP,OBJ,OBJ,WHNP-1-<INANIM>,WHNP,MQ,MQ_OBJ,
1546,0,"what does a, what does it say?",1.0,-NONE-ABAR-WH-,T,WH,NP,NP,OBJ,OBJ,WHNP-1-<INANIM>-<THEME-V1>,WHNP,MQ,MQ_OBJ,
1550,0,what is that?,1.0,-NONE-ABAR-WH-,T,WH,NP,NP,OBJ,OBJ,WHNP-1-<INANIM>,WHNP,MQ,MQ_OBJ,
1552,0,"hi, what are those two?",1.0,-NONE-ABAR-WH-,T,WH,NP,NP,OBJ,OBJ,WHNP-1-<INANIM>,WHNP,MQ,MQ_OBJ,
1559,0,what is that?,1.0,-NONE-ABAR-WH-,T,WH,NP,NP,OBJ,OBJ,WHNP-1-<INANIM>,WHNP,MQ,MQ_OBJ,
1563,0,what does it do?,1.0,-NONE-ABAR-WH-,T,WH,NP,NP,OBJ,OBJ,WHNP-1-<INANIM>-<THEME-V1>,WHNP,MQ,MQ_OBJ,
1568,0,"oh, what is that?",1.0,-NONE-ABAR-WH-,T,WH,NP,NP,OBJ,OBJ,WHNP-1-<INANIM>,WHNP,MQ,MQ_OBJ,
1569,0,do you know what that is?,1.0,-NONE-ABAR-WH-,T,WH,NP,NP,OBJ,OBJ,WHNP-1-<INANIM>,WHNP,EQ,EQ_OBJ,know
1573,0,I don't know if you know a zebra.,,,,POLAR,,,,POLAR,,,EQ,EQ_POLAR,know
1575,0,what's this?,1.0,-NONE-ABAR-WH-,T,WH,NP,NP,OBJ,OBJ,WHNP-1-<INANIM>,WHNP,MQ,MQ_OBJ,
1577,0,what's that?,1.0,-NONE-ABAR-WH-,T,WH,NP,NP,OBJ,OBJ,WHNP-1-<INANIM>,WHNP,MQ,MQ_OBJ,
1579,0,what does that horse say?,1.0,-NONE-ABAR-WH-,T,WH,NP,NP,OBJ,OBJ,WHNP-1-<INANIM>-<THEME-V1>,WHNP,MQ,MQ_OBJ,
1582,0,this is what I like.,1.0,-NONE-ABAR-RC-,T,RC,NP,NP,OBJ,OBJ,WHNP-1-<INANIM>-<SUBJMATT-V1>,WHNP,EQ,EQ_OBJ,like
1584,0,let's see if we have a car *NULL* to hook up to it.,,,,POLAR,,,,POLAR,,,EQ,EQ_POLAR,see
1584,1,let's see if we have a car *NULL* to hook up to it.,1.0,-NONE-ABAR-RC-,T,RC,NP,NP,OBJ,OBJ,WHNP-1-<INANIM>,WHNP,RC,RC_OBJ,
1588,0,let's see if that goes on the end.,,,,POLAR,,,,POLAR,,,EQ,EQ_POLAR,see
1590,0,let's see if I can do it.,,,,POLAR,,,,POLAR,,,EQ,EQ_POLAR,see
1592,0,you know where I think it goes?,1.0,-NONE-ABAR-WH-,T,WH,ADVP,ADVP,ADJUNCT,ADJUNCT,WHADVP-1,WHADVP,EQ,EQ_ADJUNCT,think
1594,0,is that where you think the hook goes?,1.0,-NONE-ABAR-RC-,T,RC,ADVP,ADVP,ADJUNCT,ADJUNCT,WHADVP-1,WHADVP,EQ,EQ_ADJUNCT,think
1595,0,see if it fits.,,,,POLAR,,,,POLAR,,,EQ,EQ_POLAR,see
1599,0,let me see if I can do it.,,,,POLAR,,,,POLAR,,,EQ,EQ_POLAR,see
1601,0,this is what I think.,1.0,-NONE-ABAR-RC-,T,RC,NP,NP,OBJ,OBJ,WHNP-1-<INANIM>-<SUBJMATT-V1>,WHNP,EQ,EQ_OBJ,think
1606,0,wanted to see if we could hook up the car.,,,,POLAR,,,,POLAR,,,EQ,EQ_POLAR,see
1612,0,the one that's upside down.,1.0,-NONE-ABAR-RC-,T,RC,NP,NP,SUBJ,SUBJ,WHNP-1-<INANIM>,WHNP,RC,RC_SUBJ,
1616,0,we don't know where everything goes.,1.0,-NONE-ABAR-WH-,T,WH,ADVP,ADVP,ADJUNCT,ADJUNCT,WHADVP-1,WHADVP,EQ,EQ_ADJUNCT,know
1620,0,what would you like to hook up to that?,1.0,-NONE-ABAR-WH-,T,WH,NP,NP,OBJ,OBJ,WHNP-1-<INANIM>-<PATIENT-V2>,WHNP,MQ,MQ_OBJ,
1621,0,you want to see if it could hold the car?,,,,POLAR,,,,POLAR,,,EQ,EQ_POLAR,see
1622,0,and what will happen when it drives away?,1.0,-NONE-ABAR-WH-,T,WH,NP,NP,SUBJ,SUBJ,WHNP-1-<INANIM>-<THEME-V1>,WHNP,EQ,EQ_SUBJ,
1622,1,and what will happen when it drives away?,2.0,-NONE-ABAR-RC-,T,RC,ADVP,ADVP,ADJUNCT,ADJUNCT,WHADVP-2,WHADVP,EQ,EQ_ADJUNCT,happen
1624,0,and what does the duck say?,1.0,-NONE-ABAR-WH-,T,WH,NP,NP,OBJ,OBJ,WHNP-1-<INANIM>-<THEME-V1>,WHNP,EQ,EQ_OBJ,
1628,0,what're you doing?,1.0,-NONE-ABAR-WH-,T,WH,NP,NP,OBJ,OBJ,WHNP-1-<INANIM>-<THEME-V1>,WHNP,MQ,MQ_OBJ,
1630,0,what is the dog watching?,1.0,-NONE-ABAR-WH-,T,WH,NP,NP,OBJ,OBJ,WHNP-1-<INANIM>-<THEME-V1>,WHNP,MQ,MQ_OBJ,
1632,0,what's the dog going to say?,1.0,-NONE-ABAR-WH-,T,WH,NP,NP,OBJ,OBJ,WHNP-1-<INANIM>-<THEME-V1>,WHNP,MQ,MQ_OBJ,
1633,0,what is it?,1.0,-NONE-ABAR-WH-,T,WH,NP,NP,OBJ,OBJ,WHNP-1-<INANIM>,WHNP,MQ,MQ_OBJ,
1636,0,what does he want?,1.0,-NONE-ABAR-WH-,T,WH,NP,NP,OBJ,OBJ,WHNP-1-<INANIM>-<SUBJMATT-V1>,WHNP,MQ,MQ_OBJ,
1649,0,what's the dog's name?,1.0,-NONE-ABAR-WH-,T,WH,NP,NP,OBJ,OBJ,WHNP-1-<INANIM>,WHNP,MQ,MQ_OBJ,
1653,0,that's a special kind of a truck that could rake the dirt.,1.0,-NONE-ABAR-RC-,T,RC,NP,NP,SUBJ,SUBJ,WHNP-1-<INANIM>-<AGENT-V1>,WHNP,RC,RC_SUBJ,
1655,0,you know what it has?,1.0,-NONE-ABAR-WH-,T,WH,NP,NP,OBJ,OBJ,WHNP-1-<INANIM>-<THEME-V2>,WHNP,EQ,EQ_OBJ,know
1658,0,it's a special kind of a wheel *NULL* called a caterpillar.,1.0,-NONE-ABAR-RC-,T,RC,NP-2,NP,SUBJ,SUBJ,WHNP-1-<INANIM>-<PATIENT-V1>,WHNP,RC,RC_SUBJ,
1665,0,"oh, what's he saying?",1.0,-NONE-ABAR-WH-,T,WH,NP,NP,OBJ,OBJ,WHNP-1-<INANIM>-<THEME-V1>,WHNP,MQ,MQ_OBJ,
1666,0,"oh, what's the zebra doing?",1.0,-NONE-ABAR-WH-,T,WH,NP,NP,OBJ,OBJ,WHNP-1-<INANIM>-<THEME-V1>,WHNP,MQ,MQ_OBJ,
1668,0,what is that?,1.0,-NONE-ABAR-WH-,T,WH,NP,NP,OBJ,OBJ,WHNP-1-<INANIM>,WHNP,MQ,MQ_OBJ,
1673,0,you can put that where you want to.,1.0,-NONE-ABAR-WH-,T,WH,ADVP,ADVP,ADJUNCT,ADJUNCT,WHADVP-1,WHADVP,EQ,EQ_ADJUNCT,put
1684,0,what if we put it in that way?,,,,POLAR,,,,POLAR,,,EQ,EQ_POLAR,
1687,0,which one is upside down?,1.0,-NONE-ABAR-WH-,T,WH,NP,NP,SUBJ,SUBJ,WHNP-1-<INANIM>,WHNP,MQ,MQ_SUBJ,
1691,0,what do you want mommy to do with them?,1.0,-NONE-ABAR-WH-,T,WH,NP,NP,OBJ,OBJ,WHNP-1-<INANIM>-<THEME-V2>,WHNP,MQ,MQ_OBJ,
1694,0,they're for *NULL* you to play with.,1.0,-NONE-ABAR-RC-,T,RC,NP,NP,OBJ,OBJ,WHNP-1-<INANIM>,WHNP,EQ,EQ_OBJ,play
1697,0,there's a few other toys for *NULL* you to look at over here.,1.0,-NONE-ABAR-RC-,T,RC,NP,NP,OBJ,OBJ,WHNP-1-<INANIM>-<THEME-V1>,WHNP,EQ,EQ_OBJ,look
1699,0,what do you want mommy to do with these toys?,1.0,-NONE-ABAR-WH-,T,WH,NP,NP,OBJ,OBJ,WHNP-1-<INANIM>-<THEME-V2>,WHNP,MQ,MQ_OBJ,
1707,0,what's happening?,1.0,-NONE-ABAR-WH-,T,WH,NP,NP,SUBJ,SUBJ,WHNP-1-<INANIM>-<THEME-V1>,WHNP,MQ,MQ_SUBJ,
1708,0,what's happening?,1.0,-NONE-ABAR-WH-,T,WH,NP,NP,SUBJ,SUBJ,WHNP-1-<INANIM>-<THEME-V1>,WHNP,MQ,MQ_SUBJ,
1711,0,what's that?,1.0,-NONE-ABAR-WH-,T,WH,NP,NP,OBJ,OBJ,WHNP-1-<INANIM>,WHNP,MQ,MQ_OBJ,
1714,0,what's this?,1.0,-NONE-ABAR-WH-,T,WH,NP,NP,OBJ,OBJ,WHNP-1-<INANIM>,WHNP,MQ,MQ_OBJ,
1715,0,do you know what this part is?,1.0,-NONE-ABAR-WH-,T,WH,NP,NP,OBJ,OBJ,WHNP-1-<INANIM>,WHNP,EQ,EQ_OBJ,know
1716,0,what is it?,1.0,-NONE-ABAR-WH-,T,WH,NP,NP,OBJ,OBJ,WHNP-1-<INANIM>,WHNP,MQ,MQ_OBJ,
1719,0,I don't know if you know that.,,,,POLAR,,,,POLAR,,,EQ,EQ_POLAR,know
1724,0,we still have this book *NULL* to look at.,1.0,-NONE-ABAR-RC-,T,RC,NP,NP,OBJ,OBJ,WHNP-1-<INANIM>-<PATIENT-V2>,WHNP,RC,RC_OBJ,
1747,0,what does the horse do in the truck?,1.0,-NONE-ABAR-WH-,T,WH,NP,NP,OBJ,OBJ,WHNP-1-<INANIM>-<THEME-V1>,WHNP,MQ,MQ_OBJ,
1757,0,"yeah, if you don't mind.",,,,POLAR,,,,POLAR,,,EQ,EQ_POLAR,
1764,0,why don't you show her the toys?,1.0,-NONE-ABAR-WH-,T,WH,ADVP,ADVP,ADJUNCT,ADJUNCT,WHADVP-1,WHADVP,MQ,MQ_ADJUNCT,
1765,0,tell her what they are.,1.0,-NONE-ABAR-RC-,T,RC,NP,NP,OBJ,OBJ,WHNP-1-<INANIM>,WHNP,EQ,EQ_OBJ,tell
1767,0,you can tell her what each one is.,1.0,-NONE-ABAR-RC-,T,RC,NP,NP,OBJ,OBJ,WHNP-1,WHNP,EQ,EQ_OBJ,tell
1770,0,what's that?,1.0,-NONE-ABAR-WH-,T,WH,NP,NP,OBJ,OBJ,WHNP-1-<INANIM>,WHNP,MQ,MQ_OBJ,
1772,0,what noise does it make?,1.0,-NONE-ABAR-WH-,T,WH,NP,NP,OBJ,OBJ,WHNP-1-<INANIM>-<PATIENT-V1>,WHNP,MQ,MQ_OBJ,
1774,0,what else can you show the doll?,1.0,-NONE-ABAR-WH-,T,WH,NP,NP,OBJ,OBJ,WHNP-1-<INANIM>-<PATIENT-V1>,WHNP,MQ,MQ_OBJ,
1775,0,what else can you show Chica?,1.0,-NONE-ABAR-WH-,T,WH,NP,NP,OBJ,OBJ,WHNP-1-<INANIM>-<PATIENT-V1>,WHNP,MQ,MQ_OBJ,
1777,0,what're ya doing?,1.0,-NONE-ABAR-WH-,T,WH,NP,NP,OBJ,OBJ,WHNP-1-<INANIM>-<THEME-V1>,WHNP,MQ,MQ_OBJ,
1782,0,this book has something in it that you know and love.,2.0,-NONE-ABAR-RC-,T,RC,NP,NP,OBJ,OBJ,WHNP-2-<INANIM>-<SUBJMATT-V2>-<PATIENT-V3>,WHNP,RC,RC_OBJ,
1782,1,this book has something in it that you know and love.,2.0,-NONE-ABAR-RC-,T,RC,NP,NP,OBJ,OBJ,WHNP-2-<INANIM>-<SUBJMATT-V2>-<PATIENT-V3>,WHNP,RC,RC_OBJ,
1783,0,what is that?,1.0,-NONE-ABAR-WH-,T,WH,NP,NP,OBJ,OBJ,WHNP-1-<INANIM>,WHNP,MQ,MQ_OBJ,
1795,0,but there's lots of things in here *NULL* to look at.,1.0,-NONE-ABAR-RC-,T,RC,NP,NP,OBJ,OBJ,WHNP-1-<INANIM>-<PATIENT-V1>,WHNP,RC,RC_OBJ,
1796,0,"uh, what's this?",1.0,-NONE-ABAR-WH-,T,WH,NP,NP,OBJ,OBJ,WHNP-1-<INANIM>,WHNP,MQ,MQ_OBJ,
1797,0,these are things *NULL* you know.,1.0,-NONE-ABAR-RC-,T,RC,NP,NP,OBJ,OBJ,WHNP-1-<INANIM>-<SUBJMATT-V1>,WHNP,RC,RC_OBJ,
1798,0,do you know what they are?,1.0,-NONE-ABAR-WH-,T,WH,NP,NP,OBJ,OBJ,WHNP-1-<INANIM>-<SUBJMATT-V1>,WHNP,EQ,EQ_OBJ,know
1799,0,"what, what are they called?",2.0,-NONE-ABAR-WH-,T,WH,NP,NP,OBJ,OBJ,WHNP-2-<INANIM>-<THEME-V1>,WHNP,MQ,MQ_OBJ,
1801,0,what's that?,1.0,-NONE-ABAR-WH-,T,WH,NP,NP,OBJ,OBJ,WHNP-1-<INANIM>,WHNP,MQ,MQ_OBJ,
1803,0,what's this?,1.0,-NONE-ABAR-WH-,T,WH,NP,NP,OBJ,OBJ,WHNP-1-<INANIM>,WHNP,MQ,MQ_OBJ,
1807,0,what color is that?,1.0,-NONE-ABAR-WH-,T,WH,NP,NP,OBJ,OBJ,WHNP-1-<INANIM>,WHNP,MQ,MQ_OBJ,
1808,0,and what color is that?,1.0,-NONE-ABAR-WH-,T,WH,NP,NP,OBJ,OBJ,WHNP-1-<INANIM>,WHNP,EQ,EQ_OBJ,
1812,0,what color is this?,1.0,-NONE-ABAR-WH-,T,WH,NP,NP,OBJ,OBJ,WHNP-1-<INANIM>,WHNP,MQ,MQ_OBJ,
1817,0,what's this?,1.0,-NONE-ABAR-WH-,T,WH,NP,NP,OBJ,OBJ,WHNP-1-<INANIM>,WHNP,MQ,MQ_OBJ,
1830,0,here's some things *NULL* you like to look at.,1.0,-NONE-ABAR-RC-,T,RC,NP,NP,OBJ,OBJ,WHNP-1-<INANIM>-<PATIENT-V2>,WHNP,RC,RC_OBJ,
1833,0,what are these?,1.0,-NONE-ABAR-WH-,T,WH,NP,NP,OBJ,OBJ,WHNP-1-<INANIM>,WHNP,MQ,MQ_OBJ,
1834,0,and what's that?,1.0,-NONE-ABAR-WH-,T,WH,NP,NP,OBJ,OBJ,WHNP-1-<INANIM>,WHNP,EQ,EQ_OBJ,
1839,0,what's this?,1.0,-NONE-ABAR-WH-,T,WH,NP,NP,OBJ,OBJ,WHNP-1-<INANIM>,WHNP,MQ,MQ_OBJ,
1840,0,what's this?,1.0,-NONE-ABAR-WH-,T,WH,NP,NP,OBJ,OBJ,WHNP-1-<INANIM>,WHNP,MQ,MQ_OBJ,
1851,0,look through and see the other ones that you like.,1.0,-NONE-ABAR-RC-,T,RC,NP,NP,OBJ,OBJ,WHNP-1-<INANIM>-<SUBJMATT-V3>,WHNP,RC,RC_OBJ,
1857,0,what're you doing?,1.0,-NONE-ABAR-WH-,T,WH,NP,NP,OBJ,OBJ,WHNP-1-<INANIM>-<THEME-V1>,WHNP,MQ,MQ_OBJ,
1865,0,what's that dog's name?,1.0,-NONE-ABAR-WH-,T,WH,NP,NP,OBJ,OBJ,WHNP-1-<INANIM>,WHNP,MQ,MQ_OBJ,
1866,0,what do you call that dog?,1.0,-NONE-ABAR-WH-,T,WH,NP,NP,OBJ,OBJ,WHNP-1-<INANIM>-<PATIENT-V1>,WHNP,MQ,MQ_OBJ,
1869,0,what're you doing?,1.0,-NONE-ABAR-WH-,T,WH,NP,NP,OBJ,OBJ,WHNP-1-<INANIM>-<THEME-V1>,WHNP,MQ,MQ_OBJ,
1875,0,let's see how it goes.,1.0,-NONE-ABAR-RC-,T,RC,ADVP,ADVP,ADJUNCT,ADJUNCT,WHADVP-1,WHADVP,EQ,EQ_ADJUNCT,see
1882,0,what's this?,1.0,-NONE-ABAR-WH-,T,WH,NP,NP,OBJ,OBJ,WHNP-1-<INANIM>,WHNP,MQ,MQ_OBJ,
1883,0,"I want you to look at this, because this is something *NULL* you'll",1.0,-NONE-ABAR-RC-,T,RC,NP,NP,OBJ,OBJ,WHNP-1-<INANIM>,WHNP,RC,RC_OBJ,
1884,0,"do you know what that is, if I tell you that name?",,,,POLAR,,,,POLAR,,,EQ,EQ_POLAR,know
1884,1,"do you know what that is, if I tell you that name?",1.0,-NONE-ABAR-WH-,T,WH,NP,NP,OBJ,OBJ,WHNP-1-<INANIM>,WHNP,EQ,EQ_OBJ,know
1887,0,"that's a guitar, but I was asking you if you saw an eagle, with",,,,POLAR,,,,POLAR,,,EQ,EQ_POLAR,asking
1889,0,what's that?,1.0,-NONE-ABAR-WH-,T,WH,NP,NP,OBJ,OBJ,WHNP-1-<INANIM>,WHNP,MQ,MQ_OBJ,
1891,0,what's that?,1.0,-NONE-ABAR-WH-,T,WH,NP,NP,OBJ,OBJ,WHNP-1-<INANIM>,WHNP,MQ,MQ_OBJ,
1905,0,"you recognize that, when we drive to school?",1.0,-NONE-ABAR-RC-,T,RC,ADVP,ADVP,ADJUNCT,ADJUNCT,WHADVP-1,WHADVP,EQ,EQ_ADJUNCT,recognize
1907,0,and where else do I stop?,1.0,-NONE-ABAR-WH-,T,WH,ADVP,ADVP,ADJUNCT,ADJUNCT,WHADVP-1,WHADVP,EQ,EQ_ADJUNCT,
1909,0,what is that?,1.0,-NONE-ABAR-WH-,T,WH,NP,NP,OBJ,OBJ,WHNP-1-<INANIM>,WHNP,MQ,MQ_OBJ,
1912,0,what's that?,1.0,-NONE-ABAR-WH-,T,WH,NP,NP,OBJ,OBJ,WHNP-1-<INANIM>,WHNP,MQ,MQ_OBJ,
1916,0,what are these?,1.0,-NONE-ABAR-WH-,T,WH,NP,NP,OBJ,OBJ,WHNP-1-<INANIM>,WHNP,MQ,MQ_OBJ,
1918,0,what color is that?,1.0,-NONE-ABAR-WH-,T,WH,NP,NP,OBJ,OBJ,WHNP-1-<INANIM>,WHNP,MQ,MQ_OBJ,
1919,0,what is that?,1.0,-NONE-ABAR-WH-,T,WH,NP,NP,OBJ,OBJ,WHNP-1-<INANIM>,WHNP,MQ,MQ_OBJ,
1928,0,"hmm, I don't know if you know that.",,,,POLAR,,,,POLAR,,,EQ,EQ_POLAR,know
1929,0,and do you know what those are?,1.0,-NONE-ABAR-WH-,T,WH,NP,NP,OBJ,OBJ,WHNP-1-<INANIM>,WHNP,EQ,EQ_OBJ,know
1933,0,"yeah, what color is that pine cone?",1.0,-NONE-ABAR-WH-,T,WH,NP,NP,OBJ,OBJ,WHNP-1-<INANIM>,WHNP,MQ,MQ_OBJ,
1938,0,what's that?,1.0,-NONE-ABAR-WH-,T,WH,NP,NP,OBJ,OBJ,WHNP-1-<INANIM>,WHNP,MQ,MQ_OBJ,
1943,0,"what's, what's that?",1.0,-NONE-ABAR-WH-,T,WH,NP,NP,OBJ,OBJ,WHNP-1-<INANIM>,WHNP,MQ,MQ_OBJ,
1952,0,what is this?,1.0,-NONE-ABAR-WH-,T,WH,NP,NP,OBJ,OBJ,WHNP-1-<INANIM>,WHNP,MQ,MQ_OBJ,
1956,0,what's esac?,1.0,-NONE-ABAR-WH-,T,WH,NP,NP,OBJ,OBJ,WHNP-1-<INANIM>,WHNP,MQ,MQ_OBJ,
1958,0,what's that?,1.0,-NONE-ABAR-WH-,T,WH,NP,NP,OBJ,OBJ,WHNP-1-<INANIM>,WHNP,MQ,MQ_OBJ,
1959,0,what's that?,1.0,-NONE-ABAR-WH-,T,WH,NP,NP,OBJ,OBJ,WHNP-1-<INANIM>,WHNP,MQ,MQ_OBJ,
1960,0,what is that?,1.0,-NONE-ABAR-WH-,T,WH,NP,NP,OBJ,OBJ,WHNP-1-<INANIM>,WHNP,MQ,MQ_OBJ,
1962,0,that's what we use when we go outside and it's raining.,1.0,-NONE-ABAR-RC-,T,RC,NP,NP,OBJ,OBJ,WHNP-1-<INANIM>-<PATIENT-V1>,WHNP,EQ,EQ_OBJ,use
1962,1,that's what we use when we go outside and it's raining.,2.0,-NONE-ABAR-WH-,T,WH,ADVP,ADVP,ADJUNCT,ADJUNCT,WHADVP-2,WHADVP,EQ,EQ_ADJUNCT,use
1964,0,this is for when it's sunny.,1.0,-NONE-ABAR-RC-,T,RC,ADVP,ADVP,ADJUNCT,ADJUNCT,WHADVP-1,WHADVP,EQ,EQ_ADJUNCT,
1965,0,what is it?,1.0,-NONE-ABAR-WH-,T,WH,NP,NP,OBJ,OBJ,WHNP-1-<INANIM>,WHNP,MQ,MQ_OBJ,
1970,0,you know what this is?,1.0,-NONE-ABAR-WH-,T,WH,NP,NP,OBJ,OBJ,WHNP-1-<INANIM>,WHNP,EQ,EQ_OBJ,know
1974,0,"you can blow your own nose, if you don't want me to do it, but you",,,,POLAR,,,,POLAR,,,EQ,EQ_POLAR,blow
1976,0,"uh, what's this?",1.0,-NONE-ABAR-WH-,T,WH,NP,NP,OBJ,OBJ,WHNP-1-<INANIM>,WHNP,MQ,MQ_OBJ,
1978,0,you know what that is?,1.0,-NONE-ABAR-WH-,T,WH,NP,NP,OBJ,OBJ,WHNP-1-<INANIM>,WHNP,EQ,EQ_OBJ,know
1979,0,what is that?,1.0,-NONE-ABAR-WH-,T,WH,NP,NP,OBJ,OBJ,WHNP-1-<INANIM>,WHNP,MQ,MQ_OBJ,
1984,0,"do you, when do you wear your robe?",1.0,-NONE-ABAR-WH-,T,WH,ADVP,ADVP,ADJUNCT,ADJUNCT,WHADVP-1,WHADVP,MQ,MQ_ADJUNCT,
1987,0,what are these things?,1.0,-NONE-ABAR-WH-,T,WH,NP,NP,OBJ,OBJ,WHNP-1-<INANIM>,WHNP,MQ,MQ_OBJ,
1988,0,what's this?,1.0,-NONE-ABAR-WH-,T,WH,NP,NP,OBJ,OBJ,WHNP-1-<INANIM>,WHNP,MQ,MQ_OBJ,
1989,0,what are those?,1.0,-NONE-ABAR-WH-,T,WH,NP,NP,OBJ,OBJ,WHNP-1-<INANIM>,WHNP,MQ,MQ_OBJ,
1992,0,where did you play with marbles?,1.0,-NONE-ABAR-WH-,T,WH,ADVP,ADVP,ADJUNCT,ADJUNCT,WHADVP-1,WHADVP,MQ,MQ_ADJUNCT,
1998,0,what's this?,1.0,-NONE-ABAR-WH-,T,WH,NP,NP,OBJ,OBJ,WHNP-1-<INANIM>,WHNP,MQ,MQ_OBJ,
2007,0,what are those?,1.0,-NONE-ABAR-WH-,T,WH,NP,NP,OBJ,OBJ,WHNP-1-<INANIM>,WHNP,MQ,MQ_OBJ,
2011,0,what are they?,1.0,-NONE-ABAR-WH-,T,WH,NP,NP,OBJ,OBJ,WHNP-1-<INANIM>,WHNP,MQ,MQ_OBJ,
2014,0,what's that?,1.0,-NONE-ABAR-WH-,T,WH,NP,NP,OBJ,OBJ,WHNP-1-<INANIM>,WHNP,MQ,MQ_OBJ,
2016,0,what are they?,1.0,-NONE-ABAR-WH-,T,WH,NP,NP,OBJ,OBJ,WHNP-1-<INANIM>,WHNP,MQ,MQ_OBJ,
2018,0,where are they?,1.0,-NONE-ABAR-WH-,T,WH,ADVP,ADVP,ADJUNCT,ADJUNCT,WHADVP-1,WHADVP,MQ,MQ_ADJUNCT,
2021,0,where does he keep them?,1.0,-NONE-ABAR-WH-,T,WH,ADVP,ADVP,ADJUNCT,ADJUNCT,WHADVP-1,WHADVP,MQ,MQ_ADJUNCT,
2027,0,what did you do with his marbles?,1.0,-NONE-ABAR-WH-,T,WH,NP,NP,OBJ,OBJ,WHNP-1-<INANIM>-<THEME-V1>,WHNP,MQ,MQ_OBJ,
2035,0,what is that?,1.0,-NONE-ABAR-WH-,T,WH,NP,NP,OBJ,OBJ,WHNP-1-<INANIM>,WHNP,MQ,MQ_OBJ,
2036,0,you know what that is.,1.0,-NONE-ABAR-WH-,T,WH,NP,NP,OBJ,OBJ,WHNP-1-<INANIM>,WHNP,EQ,EQ_OBJ,know
2038,0,and what's this part?,1.0,-NONE-ABAR-WH-,T,WH,NP,NP,OBJ,OBJ,WHNP-1-<INANIM>,WHNP,EQ,EQ_OBJ,
2048,0,what kind of cup is this?,1.0,-NONE-ABAR-WH-,T,WH,NP,NP,OBJ,OBJ,WHNP-1-<INANIM>,WHNP,MQ,MQ_OBJ,
2049,0,what do you drink out of that cup?,1.0,-NONE-ABAR-WH-,T,WH,NP,NP,OBJ,OBJ,WHNP-1-<INANIM>-<PATIENT-V1>,WHNP,MQ,MQ_OBJ,
2050,0,what does mommy and daddy drink out of that cup?,1.0,-NONE-ABAR-WH-,T,WH,NP,NP,OBJ,OBJ,WHNP-1-<INANIM>-<PATIENT-V1>,WHNP,MQ,MQ_OBJ,
2051,0,I don't know if you know what that is.,,,,POLAR,,,,POLAR,,,EQ,EQ_POLAR,know
2051,1,I don't know if you know what that is.,1.0,-NONE-ABAR-WH-,T,WH,NP,NP,OBJ,OBJ,WHNP-1-<INANIM>,WHNP,EQ,EQ_OBJ,know
2054,0,do you know what a funnel is?,1.0,-NONE-ABAR-WH-,T,WH,NP,NP,OBJ,OBJ,WHNP-1-<INANIM>,WHNP,EQ,EQ_OBJ,know
2055,0,when we pour.,1.0,-NONE-ABAR-RC-,T,RC,ADVP,ADVP,ADJUNCT,ADJUNCT,WHADVP-1,WHADVP,EQ,EQ_ADJUNCT,
2059,0,what's that?,1.0,-NONE-ABAR-WH-,T,WH,NP,NP,OBJ,OBJ,WHNP-1-<INANIM>,WHNP,MQ,MQ_OBJ,
2061,0,when do I use that?,1.0,-NONE-ABAR-WH-,T,WH,ADVP,ADVP,ADJUNCT,ADJUNCT,WHADVP-1,WHADVP,MQ,MQ_ADJUNCT,
2062,0,when I serve you some soup?,1.0,-NONE-ABAR-RC-,T,RC,ADVP,ADVP,ADJUNCT,ADJUNCT,WHADVP-1,WHADVP,EQ,EQ_ADJUNCT,
2064,0,what's this?,1.0,-NONE-ABAR-WH-,T,WH,NP,NP,OBJ,OBJ,WHNP-1-<INANIM>,WHNP,MQ,MQ_OBJ,
2065,0,"yeah, and what are these?",1.0,-NONE-ABAR-WH-,T,WH,NP,NP,OBJ,OBJ,WHNP-1-<INANIM>,WHNP,EQ,EQ_OBJ,
2067,0,do you know what that's called?,2.0,-NONE-ABAR-WH-,T,WH,NP,NP,OBJ,OBJ,WHNP-2-<INANIM>-<THEME-V2>,WHNP,EQ,EQ_OBJ,know
2071,0,what is this?,1.0,-NONE-ABAR-WH-,T,WH,NP,NP,OBJ,OBJ,WHNP-1-<INANIM>,WHNP,MQ,MQ_OBJ,
2072,0,what's in the refrigerator?,1.0,-NONE-ABAR-WH-,T,WH,NP,NP,SUBJ,SUBJ,WHNP-1-<INANIM>,WHNP,MQ,MQ_SUBJ,
2077,0,what's that?,1.0,-NONE-ABAR-WH-,T,WH,NP,NP,OBJ,OBJ,WHNP-1-<INANIM>,WHNP,MQ,MQ_OBJ,
2081,0,what is it?,1.0,-NONE-ABAR-WH-,T,WH,NP,NP,OBJ,OBJ,WHNP-1-<INANIM>,WHNP,MQ,MQ_OBJ,
2082,0,and what are they cutting?,1.0,-NONE-ABAR-WH-,T,WH,NP,NP,OBJ,OBJ,WHNP-1-<INANIM>-<PATIENT-V1>,WHNP,EQ,EQ_OBJ,
2083,0,do you know what that is?,1.0,-NONE-ABAR-WH-,T,WH,NP,NP,OBJ,OBJ,WHNP-1-<INANIM>,WHNP,EQ,EQ_OBJ,know
2086,0,"is that bread, *NULL* to make a sandwich?",1.0,-NONE-ABAR-RC-,T,RC,NP,NP,SUBJ,SUBJ,WHNP-1-<INANIM>,WHNP,RC,RC_SUBJ,
2089,0,what else do you see?,1.0,-NONE-ABAR-WH-,T,WH,NP,NP,OBJ,OBJ,WHNP-1-<INANIM>-<SUBJMATT-V1>,WHNP,MQ,MQ_OBJ,
2093,0,what is that?,1.0,-NONE-ABAR-WH-,T,WH,NP,NP,OBJ,OBJ,WHNP-1-<INANIM>,WHNP,MQ,MQ_OBJ,
2096,0,what are these?,1.0,-NONE-ABAR-WH-,T,WH,NP,NP,OBJ,OBJ,WHNP-1-<INANIM>,WHNP,MQ,MQ_OBJ,
2097,0,"and what, what are these?",1.0,-NONE-ABAR-WH-,T,WH,NP,NP,OBJ,OBJ,WHNP-1-<INANIM>,WHNP,MQ,MQ_OBJ,
2105,0,what is it?,1.0,-NONE-ABAR-WH-,T,WH,NP,NP,OBJ,OBJ,WHNP-1-<INANIM>,WHNP,MQ,MQ_OBJ,
2106,0,what is that?,1.0,-NONE-ABAR-WH-,T,WH,NP,NP,OBJ,OBJ,WHNP-1-<INANIM,WHNP,MQ,MQ_OBJ,
2109,0,"oh, Child, I want to show you one more thing *NULL* I know that you like.",1.0,-NONE-ABAR-RC-,T,RC,NP-<INANIM>,NP,OBJ,OBJ,WHNP-1-<INANIM>-<SUBJMATT-V4>,WHNP,EQ,EQ_OBJ,know
2114,0,but you know what it is?,1.0,-NONE-ABAR-WH-,T,WH,NP,NP,OBJ,OBJ,WHNP-1-<INANIM>,WHNP,EQ,EQ_OBJ,know
2116,0,what's around it?,1.0,-NONE-ABAR-WH-,T,WH,NP,NP,SUBJ,SUBJ,WHNP-1-<INANIM>,WHNP,MQ,MQ_SUBJ,
2117,0,what's around it?,1.0,-NONE-ABAR-WH-,T,WH,NP,NP,SUBJ,SUBJ,WHNP-1-<INANIM>,WHNP,MQ,MQ_SUBJ,
2118,0,what do you like to peel off?,1.0,-NONE-ABAR-WH-,T,WH,NP,NP,OBJ,OBJ,WHNP-1-<INANIM>-<PATIENT-V2>,WHNP,MQ,MQ_OBJ,
2121,0,and what do I do with the wax?,1.0,-NONE-ABAR-WH-,T,WH,NP,NP,OBJ,OBJ,WHNP-1-<INANIM>-<THEME-V1>,WHNP,EQ,EQ_OBJ,
2122,0,what do I do with the wax?,1.0,-NONE-ABAR-WH-,T,WH,NP,NP,OBJ,OBJ,WHNP-1-<INANIM>-<THEME-V1>,WHNP,MQ,MQ_OBJ,
2129,0,"yeah, they look like the toys that Investigator brought.",1.0,-NONE-ABAR-RC-,T,RC,NP,NP,OBJ,OBJ,WHNP-1-<INANIM>-<PATIENT-V2>,WHNP,RC,RC_OBJ,
2130,0,what are they?,1.0,-NONE-ABAR-WH-,T,WH,NP,NP,OBJ,OBJ,WHNP-1-<INANIM>,WHNP,MQ,MQ_OBJ,
2138,0,show me what you do with that.,1.0,-NONE-ABAR-RC-,T,RC,NP,NP,OBJ,OBJ,WHNP-1-<INANIM>-<THEME-V2>,WHNP,EQ,EQ_OBJ,show
2139,0,what do you do with those guys?,1.0,-NONE-ABAR-WH-,T,WH,NP,NP,OBJ,OBJ,WHNP-1-<INANIM>-<THEME-V1>,WHNP,MQ,MQ_OBJ,
2140,0,what color is that?,1.0,-NONE-ABAR-WH-,T,WH,NP,NP,OBJ,OBJ,WHNP-1-<INANIM>,WHNP,MQ,MQ_OBJ,
2144,0,which one is red?,1.0,-NONE-ABAR-WH-,T,WH,NP,NP,SUBJ,SUBJ,WHNP-1-<INANIM>,WHNP,MQ,MQ_SUBJ,
2149,0,put it down if it's heavy.,,,,POLAR,,,,POLAR,,,EQ,EQ_POLAR,put
2150,0,you know what you can do if you want?,,,,POLAR,,,,POLAR,,,EQ,EQ_POLAR,know
2150,1,you know what you can do if you want?,,,,POLAR,,,,POLAR,,,EQ,EQ_POLAR,do
2150,2,you know what you can do if you want?,1.0,-NONE-ABAR-WH-,T,WH,NP,NP,OBJ,OBJ,WHNP-1-<INANIM>-<THEME-V2>,WHNP,EQ,EQ_OBJ,know
2152,0,what is that?,1.0,-NONE-ABAR-WH-,T,WH,NP,NP,OBJ,OBJ,WHNP-1-<INANIM>,WHNP,MQ,MQ_OBJ,
2156,0,I want to see what's in here.,1.0,-NONE-ABAR-RC-,T,RC,NP,NP,SUBJ,SUBJ,WHNP-1-<INANIM>,WHNP,EQ,EQ_SUBJ,see
2161,0,who's in there?,1.0,-NONE-ABAR-WH-,T,WH,NP,NP,SUBJ,SUBJ,WHNP-1-<ANIM>,WHNP,MQ,MQ_SUBJ,
2162,0,what does that duck say?,1.0,-NONE-ABAR-WH-,T,WH,NP,NP,OBJ,OBJ,WHNP-1-<INANIM>-<THEME-V1>,WHNP,MQ,MQ_OBJ,
2164,0,who else is in there?,1.0,-NONE-ABAR-WH-,T,WH,NP,NP,SUBJ,SUBJ,WHNP-1-<ANIM>,WHNP,MQ,MQ_SUBJ,
2166,0,what is that?,1.0,-NONE-ABAR-WH-,T,WH,NP,NP,OBJ,OBJ,WHNP-1-<INANIM>,WHNP,MQ,MQ_OBJ,
2169,0,let's see if there's a picture of that.,,,,POLAR,,,,POLAR,,,EQ,EQ_POLAR,see
2174,0,when we brought the car in.,1.0,-NONE-ABAR-RC-,T,RC,ADVP,ADVP,ADJUNCT,ADJUNCT,WHADVP-1,WHADVP,EQ,EQ_ADJUNCT,
2176,0,what's that?,1.0,-NONE-ABAR-WH-,T,WH,NP,NP,OBJ,OBJ,WHNP-1-<INANIM>,WHNP,MQ,MQ_OBJ,
2181,0,"what, what truck does that go on?",1.0,-NONE-ABAR-WH-,T,WH,NP,NP,OBJ,OBJ,WHNP-1-<INANIM>-<GOAL-V1>,WHNP,MQ,MQ_OBJ,
2182,0,I'll see if I can put it back.,,,,POLAR,,,,POLAR,,,EQ,EQ_POLAR,see
2183,0,find me the truck that that ladder goes on.,1.0,-NONE-ABAR-RC-,T,RC,NP,NP,OBJ,OBJ,WHNP-1-<INANIM>-<GOAL-V2>,WHNP,RC,RC_OBJ,
2185,0,what kind of a truck is that?,1.0,-NONE-ABAR-WH-,T,WH,NP,NP,OBJ,OBJ,WHNP-1-<INANIM>,WHNP,MQ,MQ_OBJ,
2187,0,"okay, let's see if I can fix it.",,,,POLAR,,,,POLAR,,,EQ,EQ_POLAR,see
2192,0,what does he say?,1.0,-NONE-ABAR-WH-,T,WH,NP,NP,OBJ,OBJ,WHNP-1-<INANIM>-<THEME-V1>,WHNP,MQ,MQ_OBJ,
2195,0,what d ja find?,1.0,-NONE-ABAR-WH-,T,WH,NP,NP,OBJ,OBJ,WHNP-1-<INANIM>-<PATIENT-V1>,WHNP,MQ,MQ_OBJ,
2196,0,what is that?,1.0,-NONE-ABAR-WH-,T,WH,NP,NP,OBJ,OBJ,WHNP-1-<INANIM>,WHNP,MQ,MQ_OBJ,
2200,0,what are they?,1.0,-NONE-ABAR-WH-,T,WH,NP,NP,OBJ,OBJ,WHNP-1-<INANIM>,WHNP,MQ,MQ_OBJ,
2201,0,how many are there?,1.0,-NONE-ABAR-WH-,T,WH,NP,NP,OBJ,OBJ,WHNP-1-<INANIM>,WHNP,MQ,MQ_OBJ,
2206,0,do you remember what they're called?,2.0,-NONE-ABAR-WH-,T,WH,NP,NP,OBJ,OBJ,WHNP-2-<INANIM>-<THEME-V2>,WHNP,EQ,EQ_OBJ,remember
2218,0,what shall I do?,1.0,-NONE-ABAR-WH-,T,WH,NP,NP,OBJ,OBJ,WHNP-1-<INANIM>-<THEME-V1>,WHNP,MQ,MQ_OBJ,
2222,0,what do you want me to help you with?,1.0,-NONE-ABAR-WH-,T,WH,NP,NP,OBJ,OBJ,WHNP-1-<INANIM>-<THEME-V2>,WHNP,MQ,MQ_OBJ,
2236,0,what do you got?,1.0,-NONE-ABAR-WH-,T,WH,NP,NP,OBJ,OBJ,WHNP-1-<INANIM>-<THEME-V1>,WHNP,MQ,MQ_OBJ,
2238,0,what's that dog say?,1.0,-NONE-ABAR-WH-,T,WH,NP,NP,OBJ,OBJ,WHNP-1-<INANIM>-<THEME-V1>,WHNP,MQ,MQ_OBJ,
2243,0,what do you want me to do with it?,1.0,-NONE-ABAR-WH-,T,WH,NP,NP,OBJ,OBJ,WHNP-1-<INANIM>-<THEME-V2>,WHNP,MQ,MQ_OBJ,
2245,0,"do you remember this, what this is called?",2.0,-NONE-ABAR-RC-,T,RC,NP,NP,OBJ,OBJ,WHNP-2-<INANIM>-<THEME-V2>,WHNP,EQ,EQ_OBJ,
2253,0,do you remember what you can do with that car?,1.0,-NONE-ABAR-WH-,T,WH,NP,NP,OBJ,OBJ,WHNP-1-<INANIM>-<THEME-V2>,WHNP,EQ,EQ_OBJ,remember
2268,0,which one is that?,1.0,-NONE-ABAR-WH-,T,WH,NP,NP,OBJ,OBJ,WHNP-1-<INANIM>,WHNP,MQ,MQ_OBJ,
2271,0,"you remember last time *NULL* it wasn't in here, was it?",1.0,-NONE-ABAR-RC-,T,RC,ADVP,ADVP,ADJUNCT,ADJUNCT,WHADVP-1,WHADVP,EQ,EQ_ADJUNCT,remember
2275,0,what kind is this?,1.0,-NONE-ABAR-WH-,T,WH,NP,NP,OBJ,OBJ,WHNP-1-<INANIM>,WHNP,MQ,MQ_OBJ,
2280,0,"this is for *NULL* driving in mountains, when you go to the country, right?",2.0,-NONE-ABAR-RC-,T,RC,NP,NP,OBJ,OBJ,WHNP-2-<INANIM>-<THEME-V1>,WHNP,EQ,EQ_OBJ,driving
2280,1,"this is for *NULL* driving in mountains, when you go to the country, right?",1.0,-NONE-ABAR-RC-,T,RC,ADVP,ADVP,ADJUNCT,ADJUNCT,WHADVP-1,WHADVP,EQ,EQ_ADJUNCT,driving
2282,0,what are you doing?,1.0,-NONE-ABAR-WH-,T,WH,NP,NP,OBJ,OBJ,WHNP-1-<INANIM>-<THEME-V1>,WHNP,MQ,MQ_OBJ,
2285,0,is that why you put that hook there?,1.0,-NONE-ABAR-RC-,T,RC,ADVP,ADVP,ADJUNCT,ADJUNCT,WHADVP-1,WHADVP,EQ,EQ_ADJUNCT,put
2290,0,what are you doing?,1.0,-NONE-ABAR-WH-,T,WH,NP,NP,OBJ,OBJ,WHNP-1-<INANIM>-<THEME-V1>,WHNP,MQ,MQ_OBJ,
2295,0,what is that?,1.0,-NONE-ABAR-WH-,T,WH,NP,NP,OBJ,OBJ,WHNP-1-<INANIM>,WHNP,MQ,MQ_OBJ,
2303,0,when do you like to rock in it?,1.0,-NONE-ABAR-WH-,T,WH,ADVP,ADVP,ADJUNCT,ADJUNCT,WHADVP-1,WHADVP,MQ,MQ_ADJUNCT,
2311,0,you know what this is?,1.0,-NONE-ABAR-WH-,T,WH,NP,NP,OBJ,OBJ,WHNP-1-<INANIM>,WHNP,EQ,EQ_OBJ,know
2312,0,where are you?,1.0,-NONE-ABAR-WH-,T,WH,ADVP,ADVP,ADJUNCT,ADJUNCT,WHADVP-1,WHADVP,MQ,MQ_ADJUNCT,
2313,0,what do you have there?,1.0,-NONE-ABAR-WH-,T,WH,NP,NP,OBJ,OBJ,WHNP-1-<INANIM>-<THEME-V1>,WHNP,MQ,MQ_OBJ,
2316,0,how does it work?,1.0,-NONE-ABAR-WH-,T,WH,ADVP,ADVP,ADJUNCT,ADJUNCT,WHADVP-1,WHADVP,MQ,MQ_ADJUNCT,
2317,0,"oh, I don't know how this works.",1.0,-NONE-ABAR-WH-,T,WH,ADVP,ADVP,ADJUNCT,ADJUNCT,WHADVP-1,WHADVP,EQ,EQ_ADJUNCT,know
2319,0,tell me how that works.,1.0,-NONE-ABAR-RC-,T,RC,ADVP,ADVP,ADJUNCT,ADJUNCT,WHADVP-1,WHADVP,EQ,EQ_ADJUNCT,tell
2321,0,show Investigator how to play the piano.,1.0,-NONE-ABAR-RC-,T,RC,ADVP,ADVP,ADJUNCT,ADJUNCT,WHADVP-1,WHADVP,EQ,EQ_ADJUNCT,show
2323,0,she doesn't know how to play your piano.,1.0,-NONE-ABAR-WH-,T,WH,ADVP,ADVP,ADJUNCT,ADJUNCT,WHADVP-1,WHADVP,EQ,EQ_ADJUNCT,know
2325,0,"now, show Investigator how to play.",1.0,-NONE-ABAR-RC-,T,RC,ADVP,ADVP,ADJUNCT,ADJUNCT,WHADVP-1,WHADVP,EQ,EQ_ADJUNCT,show
2326,0,tell her what the colors are.,1.0,-NONE-ABAR-RC-,T,RC,NP,NP,OBJ,OBJ,WHNP-1-<INANIM>,WHNP,EQ,EQ_OBJ,tell
2327,0,show her what to do.,1.0,-NONE-ABAR-RC-,T,RC,NP,NP,OBJ,OBJ,WHNP-1-<INANIM>-<THEME-V2>,WHNP,EQ,EQ_OBJ,show
2328,0,what do you do with those?,1.0,-NONE-ABAR-WH-,T,WH,NP,NP,OBJ,OBJ,WHNP-1-<INANIM>-<THEME-V1>,WHNP,MQ,MQ_OBJ,
2331,0,which one is orange?,1.0,-NONE-ABAR-WH-,T,WH,NP,NP,SUBJ,SUBJ,WHNP-1-<INANIM>,WHNP,EQ,EQ_SUBJ,
2333,0,what are the other colors?,1.0,-NONE-ABAR-WH-,T,WH,NP,NP,OBJ,OBJ,WHNP-1-<INANIM>,WHNP,MQ,MQ_OBJ,
2334,0,what is that?,1.0,-NONE-ABAR-WH-,T,WH,NP,NP,OBJ,OBJ,WHNP-1-<INANIM>,WHNP,MQ,MQ_OBJ,
2340,0,I don't know if you know pink.,,,,POLAR,,,,POLAR,,,EQ,EQ_POLAR,know
2346,0,how do you play it?,1.0,-NONE-ABAR-WH-,T,WH,ADVP,ADVP,ADJUNCT,ADJUNCT,WHADVP-1,WHADVP,MQ,MQ_ADJUNCT,
2349,0,is that how you play it?,1.0,-NONE-ABAR-RC-,T,RC,ADVP,ADVP,ADJUNCT,ADJUNCT,WHADVP-1,WHADVP,EQ,EQ_ADJUNCT,play
2360,0,you know how to play some music.,1.0,-NONE-ABAR-WH-,T,WH,ADVP,ADVP,ADJUNCT,ADJUNCT,WHADVP-1,WHADVP,EQ,EQ_ADJUNCT,know
2368,0,where's the elephant?,1.0,-NONE-ABAR-WH-,T,WH,ADVP,ADVP,ADJUNCT,ADJUNCT,WHADVP-1,WHADVP,MQ,MQ_ADJUNCT,
2373,0,what's this?,1.0,-NONE-ABAR-WH-,T,WH,NP,NP,OBJ,OBJ,WHNP-1-<INANIM>,WHNP,MQ,MQ_OBJ,
2377,0,what do you want to do with it?,1.0,-NONE-ABAR-WH-,T,WH,NP,NP,OBJ,OBJ,WHNP-1-<INANIM>-<THEME-V2>,WHNP,MQ,MQ_OBJ,
2383,0,I didn't understand what you said.,1.0,-NONE-ABAR-RC-,T,RC,NP,NP,OBJ,OBJ,WHNP-1-<INANIM>-<THEME-V2>,WHNP,EQ,EQ_OBJ,understand
2384,0,what was that?,1.0,-NONE-ABAR-WH-,T,WH,NP,NP,OBJ,OBJ,WHNP-1-<INANIM>,WHNP,MQ,MQ_OBJ,
2386,0,where are you sitting?,1.0,-NONE-ABAR-WH-,T,WH,ADVP,ADVP,ADJUNCT,ADJUNCT,WHADVP-1,WHADVP,MQ,MQ_ADJUNCT,
2389,0,what do you want?,1.0,-NONE-ABAR-WH-,T,WH,NP,NP,OBJ,OBJ,WHNP-1-<INANIM>-<SUBJMATT-V1>,WHNP,MQ,MQ_OBJ,
2393,0,what were they playing with?,1.0,-NONE-ABAR-WH-,T,WH,NP,NP,OBJ,OBJ,WHNP-1-<INANIM>-<PATIENT-V1>,WHNP,MQ,MQ_OBJ,
2394,0,"and Katie and Kit, what are they?",1.0,-NONE-ABAR-WH-,T,WH,NP,NP,OBJ,OBJ,WHNP-1-<ANIM>,WHNP,MQ,MQ_OBJ,
2395,0,what kind of animals are they?,1.0,-NONE-ABAR-WH-,T,WH,NP,NP,OBJ,OBJ,WHNP-1-<ANIM>,WHNP,MQ,MQ_OBJ,
2411,0,"she's in, what is she in?",1.0,-NONE-ABAR-WH-,T,WH,NP,NP,OBJ,OBJ,WHNP-1-<INANIM>,WHNP,MQ,MQ_OBJ,
2418,0,"no, what's that?",1.0,-NONE-ABAR-WH-,T,WH,NP,NP,OBJ,OBJ,WHNP-1-<INANIM>,WHNP,MQ,MQ_OBJ,
2428,0,"we'll help you, said Katie, if you stop being a bully.",,,,POLAR,,,,POLAR,,,EQ,EQ_POLAR,
2435,0,who's that?,1.0,-NONE-ABAR-WH-,T,WH,NP,NP,OBJ,OBJ,WHNP-1-<ANIM>,WHNP,MQ,MQ_OBJ,
2440,0,who is that?,1.0,-NONE-ABAR-WH-,T,WH,NP,NP,OBJ,OBJ,WHNP-1-<ANIM>,WHNP,MQ,MQ_OBJ,
2441,0,who's pushing Kit?,1.0,-NONE-ABAR-WH-,T,WH,NP,NP,SUBJ,SUBJ,WHNP-1-<ANIM>-<AGENT-V1>,WHNP,MQ,MQ_SUBJ,
2442,0,"what's that one's name, do you remember?",2.0,-NONE-ABAR-RC-,T,RC,NP,NP,OBJ,OBJ,WHNP-2-<INANIM>,WHNP,EQ,EQ_OBJ,
2445,0,who's the biggest cat?,1.0,-NONE-ABAR-WH-,T,WH,NP,NP,SUBJ,SUBJ,WHNP-1-<ANIM>,WHNP,MQ,MQ_SUBJ,
2446,0,which one is the biggest?,1.0,-NONE-ABAR-WH-,T,WH,NP,NP,SUBJ,SUBJ,WHNP-1-<ANIM>,WHNP,MQ,MQ_SUBJ,
2455,0,"well, I don't know where that book is right now.",1.0,-NONE-ABAR-WH-,T,WH,ADVP,ADVP,ADJUNCT,ADJUNCT,WHADVP-1,WHADVP,EQ,EQ_ADJUNCT,know
2459,0,what's this?,1.0,-NONE-ABAR-WH-,T,WH,NP,NP,OBJ,OBJ,WHNP-1-<INANIM>,WHNP,MQ,MQ_OBJ,
2465,0,what do you want?,1.0,-NONE-ABAR-WH-,T,WH,NP,NP,OBJ,OBJ,WHNP-1-<INANIM>-<SUBJMATT-V1>,WHNP,MQ,MQ_OBJ,
2466,0,you show me what you want.,1.0,-NONE-ABAR-RC-,T,RC,NP,NP,OBJ,OBJ,WHNP-1-<INANIM>-<SUBJMATT-V2>,WHNP,EQ,EQ_OBJ,show
2469,0,what do you do with those?,1.0,-NONE-ABAR-WH-,T,WH,NP,NP,OBJ,OBJ,WHNP-1-<INANIM>-<THEME-V1>,WHNP,MQ,MQ_OBJ,
2474,0,what're you going to do with them?,2.0,-NONE-ABAR-WH-,T,WH,NP,NP,OBJ,OBJ,WHNP-2-<INANIM>-<THEME-V1>,WHNP,MQ,MQ_OBJ,
2476,0,I 'm making some room for *NULL* you to play here.,1.0,-NONE-ABAR-RC-,T,RC,ADVP,ADVP,ADJUNCT,ADJUNCT,WHADVP-1,WHADVP,RC,RC_ADJUNCT,
2484,0,"and now you have some room, *NULL* to do some things with these pegs.",1.0,-NONE-ABAR-RC-,T,RC,ADVP,ADVP,ADJUNCT,ADJUNCT,WHADVP-1,WHADVP,RC,RC_ADJUNCT,
2489,0,what color is this peg board?,1.0,-NONE-ABAR-WH-,T,WH,NP,NP,OBJ,OBJ,WHNP-1-<INANIM>,WHNP,MQ,MQ_OBJ,
2496,0,why don't you make a tower?,1.0,-NONE-ABAR-WH-,T,WH,ADVP,ADVP,ADJUNCT,ADJUNCT,WHADVP-1,WHADVP,MQ,MQ_ADJUNCT,
2497,0,you have all different color pegs *NULL* to make a tower.,1.0,-NONE-ABAR-RC-,T,RC,NP,NP,SUBJ,SUBJ,WHNP-1-<INANIM>-<THEME-V2>,WHNP,RC,RC_SUBJ,
2498,0,what're you doing?,1.0,-NONE-ABAR-WH-,T,WH,NP,NP,OBJ,OBJ,WHNP-1-<INANIM>,WHNP,MQ,MQ_OBJ,
2502,0,what happened?,1.0,-NONE-ABAR-WH-,T,WH,NP,NP,SUBJ,SUBJ,WHNP-1-<INANIM>-<THEME-V1>,WHNP,MQ,MQ_SUBJ,
2505,0,where is that hedgehog?,1.0,-NONE-ABAR-WH-,T,WH,ADVP,ADVP,ADJUNCT,ADJUNCT,WHADVP-1,WHADVP,MQ,MQ_ADJUNCT,
2507,0,what are you getting?,1.0,-NONE-ABAR-WH-,T,WH,NP,NP,OBJ,OBJ,WHNP-1-<INANIM>-<THEME-V1>,WHNP,MQ,MQ_OBJ,
2510,0,what did you throw on the floor?,1.0,-NONE-ABAR-WH-,T,WH,NP,NP,OBJ,OBJ,WHNP-1-<INANIM>-<PATIENT-V1>,WHNP,MQ,MQ_OBJ,
2511,0,what is that?,1.0,-NONE-ABAR-WH-,T,WH,NP,NP,OBJ,OBJ,WHNP-1-<INANIM>,WHNP,MQ,MQ_OBJ,
2512,0,what is this?,1.0,-NONE-ABAR-WH-,T,WH,NP,NP,OBJ,OBJ,WHNP-1-<INANIM>,WHNP,MQ,MQ_OBJ,
2518,0,what's the bunny lying on?,1.0,-NONE-ABAR-WH-,T,WH,NP,NP,OBJ,OBJ,WHNP-1-<INANIM>-<LOC-V1>,WHNP,MQ,MQ_OBJ,
2529,0,what is she going to do in there?,1.0,-NONE-ABAR-WH-,T,WH,NP,NP,OBJ,OBJ,WHNP-1-<INANIM>-<THEME-V1>,WHNP,MQ,MQ_OBJ,
2531,0,what are those?,1.0,-NONE-ABAR-WH-,T,WH,NP,NP,OBJ,OBJ,WHNP-1-<INANIM>,WHNP,MQ,MQ_OBJ,
2532,0,what are they?,1.0,-NONE-ABAR-WH-,T,WH,NP,NP,OBJ,OBJ,WHNP-1-<INANIM>,WHNP,MQ,MQ_OBJ,
2541,0,where are you going?,1.0,-NONE-ABAR-WH-,T,WH,ADVP,ADVP,ADJUNCT,ADJUNCT,WHADVP-1,WHADVP,MQ,MQ_ADJUNCT,
2546,0,who needs the tissues?,1.0,-NONE-ABAR-WH-,T,WH,NP,NP,SUBJ,SUBJ,WHNP-1-<ANIM>-<EXPER-V1>,WHNP,MQ,MQ_SUBJ,
2549,0,"yes, when he comes back you can give him a tissue.",2.0,-NONE-ABAR-RC,T,RC,ADVP,ADVP,ADJUNCT,ADJUNCT,WHADVP-2,WHADVP,EQ,EQ_ADJUNCT,
2550,0,why does he need a tissue?,1.0,-NONE-ABAR-WH-,T,WH,ADVP,ADVP,ADJUNCT,ADJUNCT,WHADVP-1,WHADVP,MQ,MQ_ADJUNCT,
2551,0,what's the matter with daddy?,1.0,-NONE-ABAR-WH-,T,WH,NP,NP,OBJ,OBJ,WHNP-1-<INANIM>,WHNP,MQ,MQ_OBJ,
2552,0,what's the matter?,1.0,-NONE-ABAR-WH-,T,WH,NP,NP,OBJ,OBJ,WHNP-1-<INANIM>,WHNP,MQ,MQ_OBJ,
2557,0,"who's, what doctor has a cold?",1.0,-NONE-ABAR-WH-,T,WH,NP,NP,SUBJ,SUBJ,WHNP-1-<ANIM>-<POSSESS-V1>,WHNP,MQ,MQ_SUBJ,
2562,0,it's time for *NULL* the bunny to wake up?,1.0,-NONE-ABAR-RC-,T,RC,ADVP,ADVP,ADJUNCT,ADJUNCT,WHADVP-1,WHADVP,RC,RC_ADJUNCT,
2568,0,what are you doing?,1.0,-NONE-ABAR-WH-,T,WH,NP,NP,OBJ,OBJ,WHNP-1-<INANIM>-<THEME-V1>,WHNP,MQ,MQ_OBJ,
2571,0,how many tissues can one tiny bunny use?,1.0,-NONE-ABAR-WH-,T,WH,NP,NP,OBJ,OBJ,WHNP-1-<INANIM>-<PATIENT-V1>,WHNP,MQ,MQ_OBJ,
2579,0,where're you going?,1.0,-NONE-ABAR-WH-,T,WH,ADVP,ADVP,ADJUNCT,ADJUNCT,WHADVP-1,WHADVP,MQ,MQ_ADJUNCT,
2585,0,what is that?,1.0,-NONE-ABAR-WH-,T,WH,NP,NP,OBJ,OBJ,WHNP-1-<INANIM>,WHNP,MQ,MQ_OBJ,
2586,0,what is that?,1.0,-NONE-ABAR-WH-,T,WH,NP,NP,OBJ,OBJ,WHNP-1-<INANIM>,WHNP,MQ,MQ_OBJ,
2592,0,what is that bunny eating?,1.0,-NONE-ABAR-WH-,T,WH,NP,NP,OBJ,OBJ,WHNP-1-<INANIM>-<PATIENT-V1>,WHNP,MQ,MQ_OBJ,
2601,0,what's this here?,1.0,-NONE-ABAR-WH-,T,WH,NP,NP,OBJ,OBJ,WHNP-1-<INANIM>,WHNP,MQ,MQ_OBJ,
2604,0,what is that duck doing?,1.0,-NONE-ABAR-WH-,T,WH,NP,NP,OBJ,OBJ,WHNP-1-<INANIM>-<THEME-V1>,WHNP,MQ,MQ_OBJ,
2605,0,what is that duck doing?,1.0,-NONE-ABAR-WH-,T,WH,NP,NP,OBJ,OBJ,WHNP-1-<INANIM>-<THEME-V1>,WHNP,MQ,MQ_OBJ,
2608,0,what did you do to that truck?,1.0,-NONE-ABAR-WH-,T,WH,NP,NP,OBJ,OBJ,WHNP-1-<INANIM>-<THEME-V1>,WHNP,MQ,MQ_OBJ,
2610,0,where is it?,1.0,-NONE-ABAR-WH-,T,WH,ADVP,ADVP,ADJUNCT,ADJUNCT,WHADVP-1,WHADVP,MQ,MQ_ADJUNCT,
2611,0,where is it?,1.0,-NONE-ABAR-WH-,T,WH,ADVP,ADVP,ADJUNCT,ADJUNCT,WHADVP-1,WHADVP,MQ,MQ_ADJUNCT,
2619,0,what's this?,1.0,-NONE-ABAR-WH-,T,WH,NP,NP,OBJ,OBJ,WHNP-1-<INANIM>,WHNP,MQ,MQ_OBJ,
2620,0,what is that?,1.0,-NONE-ABAR-WH-,T,WH,NP,NP,OBJ,OBJ,WHNP-1-<INANIM>,WHNP,MQ,MQ_OBJ,
2622,0,do you know what that is?,1.0,-NONE-ABAR-WH-,T,WH,NP,NP,OBJ,OBJ,WHNP-1-<INANIM>,WHNP,EQ,EQ_OBJ,know
2623,0,what is that?,1.0,-NONE-ABAR-WH-,T,WH,NP,NP,OBJ,OBJ,WHNP-1-<INANIM>,WHNP,MQ,MQ_OBJ,
2626,0,that's what it is.,1.0,-NONE-ABAR-RC-,T,RC,NP,NP,OBJ,OBJ,WHNP-1-<INANIM>,WHNP,EQ,EQ_OBJ,
2627,0,what's that?,1.0,-NONE-ABAR-WH-,T,WH,NP,NP,OBJ,OBJ,WHNP-1-<INANIM>,WHNP,MQ,MQ_OBJ,
2631,0,what is that?,1.0,-NONE-ABAR-WH-,T,WH,NP,NP,OBJ,OBJ,WHNP-1-<INANIM>,WHNP,MQ,MQ_OBJ,
2635,0,what's this?,1.0,-NONE-ABAR-WH-,T,WH,NP,NP,OBJ,OBJ,WHNP-1-<INANIM>,WHNP,MQ,MQ_OBJ,
2639,0,fireplace is where we put the fire.,1.0,-NONE-ABAR-RC-,T,RC,ADVP,ADVP,ADJUNCT,ADJUNCT,WHADVP-1,WHADVP,EQ,EQ_ADJUNCT,put
2642,0,who're you going to call?,1.0,-NONE-ABAR-WH-,T,WH,NP,NP,OBJ,OBJ,WHNP-1-<ANIM>-<GOAL-V1>,WHNP,MQ,MQ_OBJ,
2659,0,where's the little peg board?,1.0,-NONE-ABAR-WH-,T,WH,ADVP,ADVP,ADJUNCT,ADJUNCT,WHADVP-1,WHADVP,MQ,MQ_ADJUNCT,
2662,0,what's the bunny doing?,1.0,-NONE-ABAR-WH-,T,WH,NP,NP,OBJ,OBJ,WHNP-1-<INANIM>-<THEME-V1>,WHNP,MQ,MQ_OBJ,
2670,0,"let's see if we can find the moon, in the book.",,,,POLAR,,,,POLAR,,,EQ,EQ_POLAR,see
2672,0,there's one page that might have a moon.,1.0,-NONE-ABAR-RC-,T,RC,NP,NP,SUBJ,SUBJ,WHNP-1-<INANIM>-<POSSESS-V1>,WHNP,RC,RC_SUBJ,
2676,0,where's the moon?,1.0,-NONE-ABAR-WH-,T,WH,ADVP,ADVP,ADJUNCT,ADJUNCT,WHADVP-1,WHADVP,MQ,MQ_ADJUNCT,
2677,0,what's this?,1.0,-NONE-ABAR-WH-,T,WH,NP,NP,OBJ,OBJ,WHNP-1-<INANIM>,WHNP,MQ,MQ_OBJ,
2684,0,what else is in this picture?,1.0,-NONE-ABAR-WH-,T,WH,NP,NP,SUBJ,SUBJ,WHNP-1-<INANIM>,WHNP,MQ,MQ_SUBJ,
2687,0,where are your ears?,1.0,-NONE-ABAR-WH-,T,WH,ADVP,ADVP,ADJUNCT,ADJUNCT,WHADVP-1-<INANIM>,WHADVP,MQ,MQ_ADJUNCT,
2703,0,where's Annie?,1.0,-NONE-ABAR-WH-,T,WH,ADVP,ADVP,ADJUNCT,ADJUNCT,WHADVP-1,WHADVP,MQ,MQ_ADJUNCT,
2704,0,where is she?,1.0,-NONE-ABAR-WH-,T,WH,ADVP,ADVP,ADJUNCT,ADJUNCT,WHADVP-1,WHADVP,MQ,MQ_ADJUNCT,
2706,0,who's sleeping?,1.0,-NONE-ABAR-WH-,T,WH,NP,NP,OBJ,OBJ,WHNP-1-<ANIM>-<THEME-V1>,WHNP,MQ,MQ_OBJ,
2711,0,you can get up there if you want.,,,,POLAR,,,,POLAR,,,EQ,EQ_POLAR,get
2715,0,time *NULL* to wake up.,1.0,-NONE-ABAR-RC-,T,RC,ADVP,ADVP,ADJUNCT,ADJUNCT,WHADVP-1,WHADVP,RC,RC_ADJUNCT,
2717,0,what would you like for breakfast?,1.0,-NONE-ABAR-WH-,T,WH,NP,NP,OBJ,OBJ,WHNP-1-<INANIM>-<SUBJMATT-V1>,WHNP,MQ,MQ_OBJ,
2723,0,what do you put in there?,1.0,-NONE-ABAR-WH-,T,WH,NP,NP,OBJ,OBJ,WHNP-1-<INANIM>-<PATIENT-V1>,WHNP,MQ,MQ_OBJ,
2727,0,what's in that bag right now?,1.0,-NONE-ABAR-WH-,T,WH,NP,NP,SUBJ,SUBJ,WHNP-1-<INANIM>,WHNP,MQ,MQ_SUBJ,
2728,0,where are the crayons?,1.0,-NONE-ABAR-WH-,T,WH,ADVP,ADVP,ADJUNCT,ADJUNCT,WHADVP-1,WHADVP,MQ,MQ_ADJUNCT,
2730,0,is that what you mean?,1.0,-NONE-ABAR-RC-,T,RC,NP,NP,OBJ,OBJ,WHNP-1-<INANIM>-<PATIENT-V1>,WHNP,EQ,EQ_OBJ,mean
2739,0,"here, you want to tell Investigator what this picture is?",1.0,-NONE-ABAR-RC-,T,RC,NP,NP,OBJ,OBJ,WHNP-1-<INANIM>,WHNP,EQ,EQ_OBJ,tell
2740,0,what's this?,1.0,-NONE-ABAR-WH-,T,WH,NP,NP,OBJ,OBJ,WHNP-1-<INANIM>,WHNP,MQ,MQ_OBJ,
2741,0,who is that?,1.0,-NONE-ABAR-WH-,T,WH,NP,NP,OBJ,OBJ,WHNP-1-<ANIM>,WHNP,MQ,MQ_OBJ,
2743,0,what are you doing?,1.0,-NONE-ABAR-WH-,T,WH,NP,NP,OBJ,OBJ,WHNP-1-<INANIM>-<THEME-V1>,WHNP,MQ,MQ_OBJ,
2745,0,where is that?,1.0,-NONE-ABAR-WH-,T,WH,ADVP,ADVP,ADJUNCT,ADJUNCT,WHADVP-1,WHADVP,MQ,MQ_ADJUNCT,
2746,0,do you remember where that is?,1.0,-NONE-ABAR-WH-,T,WH,ADVP,ADVP,ADJUNCT,ADJUNCT,WHADVP-1,WHADVP,EQ,EQ_ADJUNCT,remember
2753,0,what did it have on it?,1.0,-NONE-ABAR-WH-,T,WH,NP,NP,OBJ,OBJ,WHNP-1-<INANIM>-<THEME-V1>,WHNP,MQ,MQ_OBJ,
2756,0,and what are these?,1.0,-NONE-ABAR-WH-,T,WH,NP,NP,OBJ,OBJ,WHNP-1-<INANIM>,WHNP,EQ,EQ_OBJ,
2763,0,where did you put the lotion?,1.0,-NONE-ABAR-WH-,T,WH,ADVP,ADVP,ADJUNCT,ADJUNCT,WHADVP-1,WHADVP,MQ,MQ_ADJUNCT,
2776,0,what is that?,1.0,-NONE-ABAR-WH-,T,WH,NP,NP,OBJ,OBJ,WHNP-1-<INANIM>,WHNP,MQ,MQ_OBJ,
2777,0,what is that?,1.0,-NONE-ABAR-WH-,T,WH,NP,NP,OBJ,OBJ,WHNP-1-<INANIM>,WHNP,MQ,MQ_OBJ,
2788,0,what else goes in there?,1.0,-NONE-ABAR-WH-,T,WH,NP,NP,SUBJ,SUBJ,WHNP-1-<INANIM>-<THEME-V1>,WHNP,MQ,MQ_SUBJ,
2789,0,"the sports car, and the dog, and where did the hedgehog go?",1.0,-NONE-ABAR-WH-,T,WH,ADVP,ADVP,ADJUNCT,ADJUNCT,WHADVP-1,WHADVP,EQ,EQ_ADJUNCT,
2790,0,do you remember where the hedgehog is?,1.0,-NONE-ABAR-WH-,T,WH,ADVP,ADVP,ADJUNCT,ADJUNCT,WHADVP-1,WHADVP,EQ,EQ_ADJUNCT,remember
2794,0,what do you do with it?,1.0,-NONE-ABAR-WH-,T,WH,NP,NP,OBJ,OBJ,WHNP-1-<INANIM>-<THEME-V1>,WHNP,MQ,MQ_OBJ,
2795,0,what do you do with that water?,1.0,-NONE-ABAR-WH-,T,WH,NP,NP,OBJ,OBJ,WHNP-1-<INANIM>-<THEME-V1>,WHNP,MQ,MQ_OBJ,
2796,0,"what do you do with the water, silly?",1.0,-NONE-ABAR-WH-,T,WH,NP,NP,OBJ,OBJ,WHNP-1-<INANIM>-<THEME-V1>,WHNP,MQ,MQ_OBJ,
2803,0,is it time *NULL* to stop now?,1.0,-NONE-ABAR-RC-,T,RC,ADVP,ADVP,ADJUNCT,ADJUNCT,WHADVP-1,WHADVP,RC,RC_ADJUNCT,
2826,0,who's that?,1.0,-NONE-ABAR-WH-,T,WH,NP,NP,OBJ,OBJ,WHNP-1-<ANIM>,WHNP,MQ,MQ_OBJ,
2833,0,who broke it?,1.0,-NONE-ABAR-WH-,T,WH,NP,NP,SUBJ,SUBJ,WHNP-1-<ANIM>-<AGENT-V1>,WHNP,MQ,MQ_SUBJ,
2837,0,why did it break?,1.0,-NONE-ABAR-WH-,T,WH,ADVP,ADVP,ADJUNCT,ADJUNCT,WHADVP-1,WHADVP,MQ,MQ_ADJUNCT,
2839,0,what are you doing?,1.0,-NONE-ABAR-WH-,T,WH,NP,NP,OBJ,OBJ,WHNP-1-<INANIM>-<THEME-V1>,WHNP,MQ,MQ_OBJ,
2844,0,who brought a book?,1.0,-NONE-ABAR-WH-,T,WH,NP,NP,SUBJ,SUBJ,WHNP-1-<ANIM>-<AGENT-V1>,WHNP,MQ,MQ_SUBJ,
2847,0,what are you going to do?,1.0,-NONE-ABAR-WH-,T,WH,NP,NP,OBJ,OBJ,WHNP-1-<INANIM>-<THEME-V1>,WHNP,MQ,MQ_OBJ,
2848,0,what are you doing?,1.0,-NONE-ABAR-WH-,T,WH,NP,NP,OBJ,OBJ,WHNP-1-<INANIM>-<THEME-V1>,WHNP,MQ,MQ_OBJ,
2849,0,what are you doing?,1.0,-NONE-ABAR-WH-,T,WH,NP,NP,OBJ,OBJ,WHNP-1-<INANIM>-<THEME-V1>,WHNP,MQ,MQ_OBJ,
2851,0,what are you doing?,1.0,-NONE-ABAR-WH-,T,WH,NP,NP,OBJ,OBJ,WHNP-1-<INANIM>-<THEME-V1>,WHNP,MQ,MQ_OBJ,
2853,0,what are you doing?,1.0,-NONE-ABAR-WH-,T,WH,NP,NP,OBJ,OBJ,WHNP-1-<INANIM>-<THEME-V1>,WHNP,MQ,MQ_OBJ,
2857,0,look what Observer has.,1.0,-NONE-ABAR-RC-,T,RC,NP,NP,OBJ,OBJ,WHNP-1-<INANIM>-<THEME-V2>,WHNP,EQ,EQ_OBJ,look
2858,0,do you want to see some things that we brought?,1.0,-NONE-ABAR-RC-,T,RC,NP,NP,OBJ,OBJ,WHNP-1-<INANIM>-<PATIENT-V3>,WHNP,RC,RC_OBJ,
2861,0,that's what I should do.,1.0,-NONE-ABAR-RC-,T,RC,NP,NP,OBJ,OBJ,WHNP-1-<INANIM-<THEME-V1>,WHNP,EQ,EQ_OBJ,do
2867,0,"here, why don't you come read this book over here?",1.0,-NONE-ABAR-WH-,T,WH,ADVP,ADVP,ADJUNCT,ADJUNCT,WHADVP-1,WHADVP,MQ,MQ_ADJUNCT,
2869,0,what's that?,1.0,-NONE-ABAR-WH-,T,WH,NP,NP,OBJ,OBJ,WHNP-1-<INANIM>,WHNP,MQ,MQ_OBJ,
2870,0,what's that?,1.0,-NONE-ABAR-WH-,T,WH,NP,NP,OBJ,OBJ,WHNP-1-<INANIM>,WHNP,MQ,MQ_OBJ,
2872,0,what's that?,1.0,-NONE-ABAR-WH-,T,WH,NP,NP,OBJ,OBJ,WHNP-1-<INANIM>,WHNP,MQ,MQ_OBJ,
2874,0,and what are these?,1.0,-NONE-ABAR-WH-,T,WH,NP,NP,OBJ,OBJ,WHNP-1-<INANIM>,WHNP,EQ,EQ_OBJ,
2876,0,what's this?,1.0,-NONE-ABAR-WH-,T,WH,NP,NP,OBJ,OBJ,WHNP-1-<INANIM>,WHNP,MQ,MQ_OBJ,
2878,0,what's that?,1.0,-NONE-ABAR-WH-,T,WH,NP,NP,OBJ,OBJ,WHNP-1-<INANIM>,WHNP,MQ,MQ_OBJ,
2882,0,what's that?,1.0,-NONE-ABAR-WH-,T,WH,NP,NP,OBJ,OBJ,WHNP-1-<INANIM>,WHNP,MQ,MQ_OBJ,
2884,0,what are these?,1.0,-NONE-ABAR-WH-,T,WH,NP,NP,OBJ,OBJ,WHNP-1-<INANIM>,WHNP,MQ,MQ_OBJ,
2886,0,"look, what's that?",1.0,-NONE-ABAR-WH-,T,WH,NP,NP,OBJ,OBJ,WHNP-1-<INANIM>,WHNP,MQ,MQ_OBJ,
2888,0,what is that?,1.0,-NONE-ABAR-WH-,T,WH,NP,NP,OBJ,OBJ,WHNP-1-<INANIM>,WHNP,MQ,MQ_OBJ,
2889,0,what's this?,1.0,-NONE-ABAR-WH-,T,WH,NP,NP,OBJ,OBJ,WHNP-1-<INANIM>,WHNP,MQ,MQ_OBJ,
2890,0,what's this?,1.0,-NONE-ABAR-WH-,T,WH,NP,NP,OBJ,OBJ,WHNP-1-<INANIM>,WHNP,MQ,MQ_OBJ,
2891,0,what's that?,1.0,-NONE-ABAR-WH-,T,WH,NP,NP,OBJ,OBJ,WHNP-1-<INANIM>,WHNP,MQ,MQ_OBJ,
2893,0,what's that?,1.0,-NONE-ABAR-WH-,T,WH,NP,NP,OBJ,OBJ,WHNP-1-<INANIM,WHNP,MQ,MQ_OBJ,
2894,0,who's that?,1.0,-NONE-ABAR-WH-,T,WH,NP,NP,OBJ,OBJ,WHNP-1-<ANIM>,WHNP,MQ,MQ_OBJ,
2897,0,and who is this?,1.0,-NONE-ABAR-WH-,T,WH,NP,NP,OBJ,OBJ,WHNP-1-<ANIM>,WHNP,EQ,EQ_OBJ,
2899,0,what are those?,1.0,-NONE-ABAR-WH-,T,WH,NP,NP,OBJ,OBJ,WHNP-1-<INANIM>,WHNP,MQ,MQ_OBJ,
2901,0,what's this?,1.0,-NONE-ABAR-WH-,T,WH,NP,NP,OBJ,OBJ,WHNP-1-<INANIM>,WHNP,MQ,MQ_OBJ,
2903,0,what's this?,1.0,-NONE-ABAR-WH-,T,WH,NP,NP,OBJ,OBJ,WHNP-1-<INANIM>,WHNP,MQ,MQ_OBJ,
2904,0,what's this?,1.0,-NONE-ABAR-WH-,T,WH,NP,NP,OBJ,OBJ,WHNP-1-<INANIM>,WHNP,MQ,MQ_OBJ,
2905,0,"when do you use that, Child?",1.0,-NONE-ABAR-WH-,T,WH,ADVP,ADVP,ADJUNCT,ADJUNCT,WHADVP-1,WHADVP,MQ,MQ_ADJUNCT,
2907,0,when do you put a raincoat on?,1.0,-NONE-ABAR-WH-,T,WH,ADVP,ADVP,ADJUNCT,ADJUNCT,WHADVP-1,WHADVP,MQ,MQ_ADJUNCT,
2912,0,who's out today?,1.0,-NONE-ABAR-WH-,T,WH,NP,NP,SUBJ,SUBJ,WHNP-1-<ANIM>,WHNP,MQ,MQ_SUBJ,
2916,0,when it gets dark.,1.0,-NONE-ABAR-RC-,T,RC,NP,NP,OBJ,OBJ,WHADVP-1,WHADVP,EQ,EQ_OBJ,
2917,0,and then what do you do when it gets dark?,1.0,-NONE-ABAR-WH-,T,WH,NP,NP,OBJ,OBJ,WHNP-1-<INANIM>-<THEME-V1>,WHNP,EQ,EQ_OBJ,
2917,1,and then what do you do when it gets dark?,2.0,-NONE-ABAR-RC-,T,RC,ADVP,ADVP,ADJUNCT,ADJUNCT,WHADVP-2,WHADVP,EQ,EQ_ADJUNCT,do
2918,0,don't you go to bed when it gets dark?,1.0,-NONE-ABAR-RC-,T,RC,ADVP,ADVP,ADJUNCT,ADJUNCT,WHADVP-1,WHADVP,EQ,EQ_ADJUNCT,go
2919,0,who comes out when at dark time?,1.0,-NONE-ABAR-WH-,T,WH,NP,NP,SUBJ,SUBJ,WHNP-1-<ANIM>-<THEME-V1>,WHNP,MQ,MQ_SUBJ,
2929,0,"what are those, Child?",1.0,-NONE-ABAR-WH-,T,WH,NP,NP,OBJ,OBJ,WHNP-1-<INANIM>,WHNP,MQ,MQ_OBJ,
2934,0,who's this?,1.0,-NONE-ABAR-WH-,T,WH,NP,NP,OBJ,OBJ,WHNP-1-<ANIM>,WHNP,MQ,MQ_OBJ,
2935,0,"what's this, Child?",1.0,-NONE-ABAR-WH-,T,WH,NP,NP,OBJ,OBJ,WHNP-1-<INANIM>,WHNP,MQ,MQ_OBJ,
2938,0,what's the bird say?,1.0,-NONE-ABAR-WH-,T,WH,NP,NP,OBJ,OBJ,WHNP-1-<INANIM>-<THEME-V1>,WHNP,MQ,MQ_OBJ,
2940,0,what's the other bird say?,1.0,-NONE-ABAR-WH-,T,WH,NP,NP,OBJ,OBJ,WHNP-1-<INANIM>-<THEME-V1>,WHNP,MQ,MQ_OBJ,
2943,0,what does the birdie eat?,1.0,-NONE-ABAR-WH-,T,WH,NP,NP,OBJ,OBJ,WHNP-1-<INANIM>-<PATIENT-V2>,WHNP,MQ,MQ_OBJ,
2945,0,"Child, what do birdies eat?",1.0,-NONE-ABAR-WH-,T,WH,NP,NP,OBJ,OBJ,WHNP-1-<INANIM>-<PATIENT-V1>,WHNP,MQ,MQ_OBJ,
2946,0,what do they eat out of the feeder up there that you always watch?,1.0,-NONE-ABAR-WH-,T,WH,NP,NP,OBJ,OBJ,WHNP-1-<INANIM>-<PATIENT-V1>,WHNP,MQ,MQ_OBJ,
2946,1,what do they eat out of the feeder up there that you always watch?,2.0,-NONE-ABAR-RC-,T,RC,NP,NP,OBJ,OBJ,WHNP-2-<INANIM>-<PATIENT-V2>,WHNP,RC,RC_OBJ,
2950,0,what's the other birdie say?,1.0,-NONE-ABAR-WH-,T,WH,NP,NP,OBJ,OBJ,WHNP-1-<INANIM>-<THEME-V1>,WHNP,MQ,MQ_OBJ,
2951,0,what's the other one?,1.0,-NONE-ABAR-WH-,T,WH,NP,NP,OBJ,OBJ,WHNP-1-<ANIM>,WHNP,MQ,MQ_OBJ,
2958,0,what did the policeman tell you?,1.0,-NONE-ABAR-WH-,T,WH,NP,NP,OBJ,OBJ,WHNP-1-<INANIM>-<THEME-V1>,WHNP,MQ,MQ_OBJ,
2961,0,where do little boys always sit?,1.0,-NONE-ABAR-WH-,T,WH,ADVP,ADVP,ADJUNCT,ADJUNCT,WHADVP-1,WHADVP,MQ,MQ_ADJUNCT,
2964,0,"what'd the policeman say, no more front seat?",1.0,-NONE-ABAR-WH-,T,WH,NP,NP,OBJ,OBJ,WHNP-1-<INANIM>-<THEME-V1>,WHNP,MQ,MQ_OBJ,
2965,0,what are these things over here?,1.0,-NONE-ABAR-WH-,T,WH,NP,NP,OBJ,OBJ,WHNP-1-<INANIM,WHNP,MQ,MQ_OBJ,
2968,0,what else do you see in here?,1.0,-NONE-ABAR-WH-,T,WH,NP,NP,OBJ,OBJ,WHNP-1-<INANIM>-<SUBJMATT-V1>,WHNP,MQ,MQ_OBJ,
2970,0,what goes in the garage?,1.0,-NONE-ABAR-WH-,T,WH,NP,NP,SUBJ,SUBJ,WHNP-1-<INANIM>-<THEME-V1>,WHNP,MQ,MQ_SUBJ,
2974,0,what's your dog's name?,1.0,-NONE-ABAR-WH-,T,WH,NP,NP,OBJ,OBJ,WHNP-1-<INANIM>,WHNP,MQ,MQ_OBJ,
2979,0,what'd you cut yourself on?,1.0,-NONE-ABAR-WH-,T,WH,NP,NP,OBJ,OBJ,WHNP-1-<INANIM>-<INSTR-V1>,WHNP,MQ,MQ_OBJ,
2983,0,"that's where the dishes go, right?",1.0,-NONE-ABAR-RC-,T,RC,ADVP,ADVP,ADJUNCT,ADJUNCT,WHADVP-1,WHADVP,EQ,EQ_ADJUNCT,go
2984,0,what's in their refrigerator?,1.0,-NONE-ABAR-WH-,T,WH,NP,NP,SUBJ,SUBJ,WHNP-1-<INANIM>,WHNP,MQ,MQ_SUBJ,
2986,0,what's that?,1.0,-NONE-ABAR-WH-,T,WH,NP,NP,OBJ,OBJ,WHNP-1-<INANIM>,WHNP,MQ,MQ_OBJ,
2987,0,do you know what that is?,1.0,-NONE-ABAR-WH-,T,WH,NP,NP,OBJ,OBJ,WHNP-1-<INANIM>,WHNP,EQ,EQ_OBJ,know
2992,0,is that what the train says?,1.0,-NONE-ABAR-RC-,T,RC,NP,NP,OBJ,OBJ,WHNP-1-<INANIM>-<THEME-V1>,WHNP,EQ,EQ_OBJ,says
2993,0,what's a fire engine say?,1.0,-NONE-ABAR-WH-,T,WH,NP,NP,OBJ,OBJ,WHNP-1-<INANIM>-<THEME-V1>,WHNP,MQ,MQ_OBJ,
2994,0,what's this?,1.0,-NONE-ABAR-WH-,T,WH,NP,NP,OBJ,OBJ,WHNP-1-<INANIM>,WHNP,MQ,MQ_OBJ,
2996,0,what color car is that?,1.0,-NONE-ABAR-WH-,T,WH,NP,NP,OBJ,OBJ,WHNP-1-<INANIM>,WHNP,MQ,MQ_OBJ,
2998,0,"like, who else has a blue car?",1.0,-NONE-ABAR-WH-,T,WH,NP,NP,SUBJ,SUBJ,WHNP-1-<ANIM>-<POSSESS-V1>,WHNP,MQ,MQ_SUBJ,
3000,0,what's this?,1.0,-NONE-ABAR-WH-,T,WH,NP,NP,OBJ,OBJ,WHNP-1-<INANIM>,WHNP,MQ,MQ_OBJ,
3002,0,what color is this bus?,1.0,-NONE-ABAR-WH-,T,WH,NP,NP,OBJ,OBJ,WHNP-1-<INANIM>,WHNP,MQ,MQ_OBJ,
3004,0,what color is that?,1.0,-NONE-ABAR-WH-,T,WH,NP,NP,OBJ,OBJ,WHNP-1-<INANIM>,WHNP,MQ,MQ_OBJ,
3006,0,and what color is this part?,1.0,-NONE-ABAR-WH-,T,WH,NP,NP,OBJ,OBJ,WHNP-1-<INANIM>,WHNP,EQ,EQ_OBJ,
3008,0,and what color is the fire engine?,1.0,-NONE-ABAR-WH-,T,WH,NP,NP,OBJ,OBJ,WHNP-1-<INANIM>,WHNP,EQ,EQ_OBJ,
3014,0,what's that right there?,1.0,-NONE-ABAR-WH-,T,WH,NP,NP,OBJ,OBJ,WHNP-1-<INANIM>,WHNP,MQ,MQ_OBJ,
3016,0,and what's up in the tree?,1.0,-NONE-ABAR-WH-,T,WH,NP,NP,SUBJ,SUBJ,WHNP-1-<INANIM>,WHNP,EQ,EQ_SUBJ,
3018,0,what's this here?,1.0,-NONE-ABAR-WH-,T,WH,NP,NP,OBJ,OBJ,WHNP-1-<INANIM>,WHNP,MQ,MQ_OBJ,
3019,0,what's this?,1.0,-NONE-ABAR-WH-,T,WH,NP,NP,OBJ,OBJ,WHNP-1-<INANIM>,WHNP,MQ,MQ_OBJ,
3021,0,look what I have.,1.0,-NONE-ABAR-RC-,T,RC,NP,NP,OBJ,OBJ,WHNP-1-<INANIM>-<THEME-V2>,WHNP,EQ,EQ_OBJ,look
3023,0,where'd you go?,1.0,-NONE-ABAR-WH-,T,WH,ADVP,ADVP,ADJUNCT,ADJUNCT,WHADVP-1,WHADVP,MQ,MQ_ADJUNCT,
3028,0,where are the boats?,1.0,-NONE-ABAR-WH-,T,WH,ADVP,ADVP,ADJUNCT,ADJUNCT,WHADVP-1,WHADVP,MQ,MQ_ADJUNCT,
3029,0,what is this?,1.0,-NONE-ABAR-WH-,T,WH,NP,NP,OBJ,OBJ,WHNP-1-<INANIM>,WHNP,MQ,MQ_OBJ,
3034,0,who's this?,1.0,-NONE-ABAR-WH-,T,WH,NP,NP,OBJ,OBJ,WHNP-1-<ANIM>,WHNP,MQ,MQ_OBJ,
3035,0,who's that?,1.0,-NONE-ABAR-WH-,T,WH,NP,NP,OBJ,OBJ,WHNP-1-<ANIM>,WHNP,MQ,MQ_OBJ,
3036,0,who's this?,1.0,-NONE-ABAR-WH-,T,WH,NP,NP,OBJ,OBJ,WHNP-1-<ANIM>,WHNP,MQ,MQ_OBJ,
3037,0,is that what kitty says?,1.0,-NONE-ABAR-RC-,T,RC,NP,NP,OBJ,OBJ,WHNP-1-<INANIM>-<THEME-V1>,WHNP,EQ,EQ_OBJ,says
3038,0,what's this?,1.0,-NONE-ABAR-WH-,T,WH,NP,NP,OBJ,OBJ,WHNP-1-<INANIM>,WHNP,MQ,MQ_OBJ,
3041,0,who is this?,1.0,-NONE-ABAR-WH-,T,WH,NP,NP,OBJ,OBJ,WHNP-1-<ANIM>,WHNP,MQ,MQ_OBJ,
3042,0,what's this?,1.0,-NONE-ABAR-WH-,T,WH,NP,NP,OBJ,OBJ,WHNP-1-<INANIM>,WHNP,MQ,MQ_OBJ,
3043,0,what is that?,1.0,-NONE-ABAR-WH-,T,WH,NP,NP,OBJ,OBJ,WHNP-1-<INANIM>,WHNP,MQ,MQ_OBJ,
3044,0,who's an elephant?,1.0,-NONE-ABAR-WH-,T,WH,NP,NP,SUBJ,SUBJ,WHNP-1-<ANIM>,WHNP,MQ,MQ_SUBJ,
3047,0,is that what the lion says?,1.0,-NONE-ABAR-WH-,T,WH,NP,NP,OBJ,OBJ,WHNP-1-<INANIM>-<THEME-V1>,WHNP,EQ,EQ_OBJ,says
3048,0,what's this?,1.0,-NONE-ABAR-WH-,T,WH,NP,NP,OBJ,OBJ,WHNP-1-<INANIM>,WHNP,MQ,MQ_OBJ,
3049,0,what's a pig say?,1.0,-NONE-ABAR-WH-,T,WH,NP,NP,OBJ,OBJ,WHNP-1-<INANIM>-<THEME-V1>,WHNP,MQ,MQ_OBJ,
3050,0,what's a pig say?,1.0,-NONE-ABAR-WH-,T,WH,NP,NP,OBJ,OBJ,WHNP-1-<INANIM>-<THEME-V1>,WHNP,MQ,MQ_OBJ,
3051,0,what's a cow say?,1.0,-NONE-ABAR-WH-,T,WH,NP,NP,OBJ,OBJ,WHNP-1-<INANIM>-<THEME-V1>,WHNP,MQ,MQ_OBJ,
3053,0,"well, Child, do you want to see what else is in this bag?",1.0,-NONE-ABAR-RC-,T,RC,NP,NP,SUBJ,SUBJ,WHNP-1-<INANIM>,WHNP,EQ,EQ_SUBJ,see
3058,0,what does a crab do?,1.0,-NONE-ABAR-WH-,T,WH,NP,NP,OBJ,OBJ,WHNP-1-<INANIM>-<THEME-V1>,WHNP,MQ,MQ_OBJ,
3061,0,where's a crab live?,1.0,-NONE-ABAR-WH-,T,WH,ADVP,ADVP,ADJUNCT,ADJUNCT,WHADVP-1,WHADVP,MQ,MQ_ADJUNCT,
3062,0,where does a crab live?,1.0,-NONE-ABAR-WH-,T,WH,ADVP,ADVP,ADJUNCT,ADJUNCT,WHADVP-1,WHADVP,MQ,MQ_ADJUNCT,
3063,0,he bites but where does he live?,1.0,-NONE-ABAR-WH-,T,WH,ADVP,ADVP,ADJUNCT,ADJUNCT,WHADVP-1,WHADVP,MQ,MQ_ADJUNCT,
3069,0,do you want to look at what else is in Observer's bag?,1.0,-NONE-ABAR-RC-,T,RC,NP,NP,SUBJ,SUBJ,WHNP-1-<INANIM>,WHNP,EQ,EQ_SUBJ,look
3072,0,go see what else is in Observer's bag.,1.0,-NONE-ABAR-RC-,T,RC,NP,NP,SUBJ,SUBJ,WHNP-1-<INANIM>,WHNP,EQ,EQ_SUBJ,see
3073,0,"Child, do you want to see what else is in here?",1.0,-NONE-ABAR-RC-,T,RC,NP,NP,SUBJ,SUBJ,WHNP-1-<INANIM>,WHNP,EQ,EQ_SUBJ,see
3074,0,what are those?,1.0,-NONE-ABAR-WH-,T,WH,NP,NP,OBJ,OBJ,WHNP-1-<INANIM>,WHNP,MQ,MQ_OBJ,
3076,0,who is it?,1.0,-NONE-ABAR-WH-,T,WH,NP,NP,SUBJ,SUBJ,WHNP-1-<ANIM>,WHNP,MQ,MQ_SUBJ,
3080,0,who else is in the bag?,1.0,-NONE-ABAR-WH-,T,WH,NP,NP,SUBJ,SUBJ,WHNP-1-<INANIM>,WHNP,MQ,MQ_SUBJ,
3081,0,see who else is in there.,1.0,-NONE-ABAR-RC-,T,RC,NP,NP,SUBJ,SUBJ,WHNP-1-<INANIM>,WHNP,EQ,EQ_SUBJ,see
3086,0,who says oink oink?,1.0,-NONE-ABAR-WH-,T,WH,NP,NP,SUBJ,SUBJ,WHNP-1-<ANIM>-<AGENT-V1>,WHNP,MQ,MQ_SUBJ,
3088,0,who goes?,1.0,-NONE-ABAR-WH-,T,WH,NP,NP,SUBJ,SUBJ,WHNP-1-<ANIM>-<THEME-V1>,WHNP,MQ,MQ_SUBJ,
3089,0,who does that?,1.0,-NONE-ABAR-WH-,T,WH,NP,NP,SUBJ,SUBJ,WHNP-1-<ANIM>-<AGENT-V1>,WHNP,MQ,MQ_SUBJ,
3090,0,what else is in the bag?,1.0,-NONE-ABAR-WH-,T,WH,NP,NP,SUBJ,SUBJ,WHNP-1-<INANIM>,WHNP,MQ,MQ_SUBJ,
3098,0,who's that?,1.0,-NONE-ABAR-WH-,T,WH,NP,NP,OBJ,OBJ,WHNP-1-<ANIM>,WHNP,MQ,MQ_OBJ,
3101,0,what do ducks say?,1.0,-NONE-ABAR-WH-,T,WH,NP,NP,OBJ,OBJ,WHNP-1-<INANIM>-<THEME-V1>,WHNP,MQ,MQ_OBJ,
3104,0,who's that?,1.0,-NONE-ABAR-WH-,T,WH,NP,NP,OBJ,OBJ,WHNP-1-<ANIM>,WHNP,MQ,MQ_OBJ,
3106,0,who else is there?,1.0,-NONE-ABAR-WH-,T,WH,NP,NP,SUBJ,SUBJ,WHNP-1-<ANIM>,WHNP,MQ,MQ_SUBJ,
3107,0,who's that?,1.0,-NONE-ABAR-WH-,T,WH,NP,NP,OBJ,OBJ,WHNP-1-<ANIM>,WHNP,MQ,MQ_OBJ,
3109,0,what does a sheep say?,1.0,-NONE-ABAR-WH-,T,WH,NP,NP,OBJ,OBJ,WHNP-1-<INANIM>-<THEME-V1>,WHNP,MQ,MQ_OBJ,
3110,0,"no, who's that?",1.0,-NONE-ABAR-WH-,T,WH,NP,NP,OBJ,OBJ,WHNP-1-<ANIM>,WHNP,MQ,MQ_OBJ,
3111,0,do you know what that's called?,2.0,-NONE-ABAR-WH-,T,WH,NP,NP,OBJ,OBJ,WHNP-2-<INANIM>-<THEME-V2>,WHNP,EQ,EQ_OBJ,know
3113,0,do you know what it is?,1.0,-NONE-ABAR-WH-,T,WH,NP,NP,OBJ,OBJ,WHNP-1-<INANIM>,WHNP,EQ,EQ_OBJ,know
3138,0,I think it goes like that and when you shut it.,1.0,-NONE-ABAR-RC-,T,RC,ADVP,ADVP,ADJUNCT,ADJUNCT,WHADVP-1,WHADVP,EQ,EQ_ADJUNCT,goes
3141,0,"what is that, Child?",1.0,-NONE-ABAR-WH-,T,WH,NP,NP,OBJ,OBJ,WHNP-1-<INANIM>,WHNP,MQ,MQ_OBJ,
3146,0,"what's this, Child?",1.0,-NONE-ABAR-WH-,T,WH,NP,NP,OBJ,OBJ,WHNP-1-<INANIM>,WHNP,MQ,MQ_OBJ,
3147,0,what color is he?,1.0,-NONE-ABAR-WH-,T,WH,NP,NP,OBJ,OBJ,WHNP-1-<INANIM>,WHNP,MQ,MQ_OBJ,
3151,0,do you know what kind of trucks those are?,1.0,-NONE-ABAR-WH-,T,WH,NP,NP,OBJ,OBJ,WHNP-1-<INANIM>,WHNP,EQ,EQ_OBJ,know
3154,0,what's in there?,1.0,-NONE-ABAR-WH-,T,WH,NP,NP,SUBJ,SUBJ,WHNP-1-<INANIM>,WHNP,MQ,MQ_SUBJ,
3157,0,"what are you saying, Child?",1.0,-NONE-ABAR-WH-,T,WH,NP,NP,OBJ,OBJ,WHNP-1-<INANIM>-<THEME-V1>,WHNP,MQ,MQ_OBJ,
3158,0,who's that?,1.0,-NONE-ABAR-WH-,T,WH,NP,NP,OBJ,OBJ,WHNP-1-<ANIM>,WHNP,MQ,MQ_OBJ,
3159,0,what was that?,1.0,-NONE-ABAR-WH-,T,WH,NP,NP,OBJ,OBJ,WHNP-1-<INANIM>,WHNP,MQ,MQ_OBJ,
3162,0,who's this?,1.0,-NONE-ABAR-WH-,T,WH,NP,NP,OBJ,OBJ,WHNP-1-<ANIM>,WHNP,MQ,MQ_OBJ,
3163,0,who's this funny looking thing?,1.0,-NONE-ABAR-WH-,T,WH,NP,NP,OBJ,OBJ,WHNP-1-<ANIM>,WHNP,MQ,MQ_OBJ,
3165,0,"what's his name, Child?",1.0,-NONE-ABAR-WH-,T,WH,NP,NP,OBJ,OBJ,WHNP-1-<INANIM>,WHNP,MQ,MQ_OBJ,
3172,0,"what's that, Child?",1.0,-NONE-ABAR-WH-,T,WH,NP,NP,OBJ,OBJ,WHNP-1-<INANIM>,WHNP,MQ,MQ_OBJ,
3173,0,what's in there?,1.0,-NONE-ABAR-WH-,T,WH,NP,NP,SUBJ,SUBJ,WHNP-1-<INANIM>,WHNP,MQ,MQ_SUBJ,
3176,0,where'd it go?,1.0,-NONE-ABAR-WH-,T,WH,ADVP,ADVP,ADJUNCT,ADJUNCT,WHADVP-1,WHADVP,MQ,MQ_ADJUNCT,
3177,0,"Child, who's this?",1.0,-NONE-ABAR-WH-,T,WH,NP,NP,OBJ,OBJ,WHNP-1-<ANIM>,WHNP,MQ,MQ_OBJ,
3180,0,that's what holds it.,1.0,-NONE-ABAR-RC-,T,RC,NP,NP,SUBJ,SUBJ,WHNP-1-<INANIM>-<AGENT-V1>,WHNP,EQ,EQ_SUBJ,holds
3181,0,what does that elephant look like?,1.0,-NONE-ABAR-WH-,T,WH,NP,NP,OBJ,OBJ,WHNP-1-<INANIM>,WHNP,MQ,MQ_OBJ,
3191,0,who's that?,1.0,-NONE-ABAR-WH-,T,WH,NP,NP,OBJ,OBJ,WHNP-1-<ANIM>,WHNP,MQ,MQ_OBJ,
3194,0,what's this?,1.0,-NONE-ABAR-WH-,T,WH,NP,NP,OBJ,OBJ,WHNP-1-<INANIM>,WHNP,MQ,MQ_OBJ,
3195,0,you know who that is?,1.0,-NONE-ABAR-WH-,T,WH,NP,NP,OBJ,OBJ,WHNP-1-<ANIM>,WHNP,EQ,EQ_OBJ,know
3197,0,why don't you count them?,1.0,-NONE-ABAR-WH-,T,WH,ADVP,ADVP,ADJUNCT,ADJUNCT,WHADVP-1,WHADVP,MQ,MQ_ADJUNCT,
3201,0,what's that?,1.0,-NONE-ABAR-WH-,T,WH,NP,NP,OBJ,OBJ,WHNP-1-<INANIM>,WHNP,MQ,MQ_OBJ,
3203,0,why don't you count for Mummy.,1.0,-NONE-ABAR-WH-,T,WH,ADVP,ADVP,ADJUNCT,ADJUNCT,WHADVP-1,WHADVP,MQ,MQ_ADJUNCT,
3209,0,what's that called?,2.0,-NONE-ABAR-WH-,T,WH,NP,NP,OBJ,OBJ,WHNP-2-<INANIM>-<THEME-V1>,WHNP,MQ,MQ_OBJ,
3217,0,who is that?,1.0,-NONE-ABAR-WH-,T,WH,NP,NP,OBJ,OBJ,WHNP-1-<ANIM>,WHNP,MQ,MQ_OBJ,
3218,0,who is that?,1.0,-NONE-ABAR-WH-,T,WH,NP,NP,OBJ,OBJ,WHNP-1-<ANIM>,WHNP,MQ,MQ_OBJ,
3227,0,who's he?,1.0,-NONE-ABAR-WH-,T,WH,NP,NP,OBJ,OBJ,WHNP-1-<ANIM>,WHNP,MQ,MQ_OBJ,
3230,0,how do you know about Batman?,1.0,-NONE-ABAR-WH-,T,WH,ADVP,ADVP,ADJUNCT,ADJUNCT,WHADVP-1,WHADVP,MQ,MQ_ADJUNCT,
3231,0,what's this?,1.0,-NONE-ABAR-WH-,T,WH,NP,NP,OBJ,OBJ,WHNP-1-<INANIM>,WHNP,MQ,MQ_OBJ,
3236,0,what's he going to do?,1.0,-NONE-ABAR-WH-,T,WH,NP,NP,OBJ,OBJ,WHNP-1-<INANIM>-<THEME-V1>,WHNP,MQ,MQ_OBJ,
3237,0,guess what I found in my car?,1.0,-NONE-ABAR-RC-,T,RC,NP,NP,OBJ,OBJ,WHNP-1-<INANIM>-<PATIENT-V2>,WHNP,EQ,EQ_OBJ,guess
3238,0,who's that?,1.0,-NONE-ABAR-WH-,T,WH,NP,NP,OBJ,OBJ,WHNP-1-<ANIM>,WHNP,MQ,MQ_OBJ,
3241,0,what does Yaya have at her house?,1.0,-NONE-ABAR-WH-,T,WH,NP,NP,OBJ,OBJ,WHNP-1-<INANIM>-<THEME-V1>,WHNP,MQ,MQ_OBJ,
3246,0,what's your favorite bird?,1.0,-NONE-ABAR-WH-,T,WH,NP,NP,OBJ,OBJ,WHNP-1-<ANIM>,WHNP,MQ,MQ_OBJ,
3247,0,what do you tell the birds?,1.0,-NONE-ABAR-WH-,T,WH,NP,NP,OBJ,OBJ,WHNP-1-<INANIM>-<THEME-V1>,WHNP,MQ,MQ_OBJ,
3248,0,and who's the one *NULL* you like to talk to most of the time?,2.0,-NONE-ABAR-RC-,T,RC,NP,NP,OBJ,OBJ,WHNP-2-<ANIM>-<GOAL-V2>,WHNP,RC,RC_OBJ,
3248,1,and who's the one *NULL* you like to talk to most of the time?,1.0,-NONE-ABAR-WH-,T,WH,NP,NP,OBJ,OBJ,WHNP-1-<ANIM>,WHNP,EQ,EQ_OBJ,
3249,0,who do you go to see upstairs?,1.0,-NONE-ABAR-WH-,T,WH,NP,NP,OBJ,OBJ,WHNP-1-<ANIM>-<SUBJMATT-V1>,WHNP,MQ,MQ_OBJ,
3250,0,who's upstairs in the cage?,1.0,-NONE-ABAR-WH-,T,WH,NP,NP,SUBJ,SUBJ,WHNP-1-<ANIM>,WHNP,MQ,MQ_SUBJ,
3252,0,and what color is Pete?,1.0,-NONE-ABAR-WH-,T,WH,NP,NP,OBJ,OBJ,WHNP-1-<INANIM>,WHNP,EQ,EQ_OBJ,
3255,0,what does he say?,1.0,-NONE-ABAR-WH-,T,WH,NP,NP,OBJ,OBJ,WHNP-1-<INANIM>-<THEME-V1>,WHNP,MQ,MQ_OBJ,
3258,0,what does the duck say?,1.0,-NONE-ABAR-WH-,T,WH,NP,NP,OBJ,OBJ,WHNP-1-<INANIM>-<THEME-V1>,WHNP,MQ,MQ_OBJ,
3259,0,what color are those letters over there?,1.0,-NONE-ABAR-WH-,T,WH,NP,NP,OBJ,OBJ,WHNP-1-<INANIM>,WHNP,MQ,MQ_OBJ,
3269,0,what colors are the truck?,1.0,-NONE-ABAR-WH-,T,WH,NP,NP,OBJ,OBJ,WHNP-1-<INANIM>,WHNP,MQ,MQ_OBJ,
3274,0,who fell down?,1.0,-NONE-ABAR-WH-,T,WH,NP,NP,SUBJ,SUBJ,WHNP-1-<ANIM>-<THEME-V1>,WHNP,MQ,MQ_SUBJ,
3276,0,when were you in a tent?,1.0,-NONE-ABAR-WH-,T,WH,ADVP,ADVP,ADJUNCT,ADJUNCT,WHADVP-1,WHADVP,MQ,MQ_ADJUNCT,
3277,0,where're you going?,1.0,-NONE-ABAR-WH-,T,WH,ADVP,ADVP,ADJUNCT,ADJUNCT,WHADVP-1,WHADVP,MQ,MQ_ADJUNCT,
3281,0,who's this?,1.0,-NONE-ABAR-WH-,T,WH,NP,NP,OBJ,OBJ,WHNP-1-<ANIM>,WHNP,MQ,MQ_OBJ,
3284,0,who is this person?,1.0,-NONE-ABAR-WH-,T,WH,NP,NP,OBJ,OBJ,WHNP-1-<ANIM>,WHNP,MQ,MQ_OBJ,
3286,0,who's back here?,1.0,-NONE-ABAR-WH-,T,WH,NP,NP,SUBJ,SUBJ,WHNP-1-<ANIM>,WHNP,MQ,MQ_SUBJ,
3289,0,who's that?,1.0,-NONE-ABAR-WH-,T,WH,NP,NP,OBJ,OBJ,WHNP-1-<ANIM>,WHNP,MQ,MQ_OBJ,
3290,0,who's this?,1.0,-NONE-ABAR-WH-,T,WH,NP,NP,OBJ,OBJ,WHNP-1-<ANIM>,WHNP,MQ,MQ_OBJ,
3292,0,and who are these two?,1.0,-NONE-ABAR-WH-,T,WH,NP,NP,OBJ,OBJ,WHNP-1-<ANIM>,WHNP,EQ,EQ_OBJ,
3293,0,who's that?,1.0,-NONE-ABAR-WH-,T,WH,NP,NP,OBJ,OBJ,WHNP-1-<ANIM>,WHNP,MQ,MQ_OBJ,
3295,0,and who's that?,1.0,-NONE-ABAR-WH-,T,WH,NP,NP,OBJ,OBJ,WHNP-1-<ANIM>,WHNP,EQ,EQ_OBJ,
3296,0,what's that on the floor?,1.0,-NONE-ABAR-WH-,T,WH,NP,NP,OBJ,OBJ,WHNP-1-<INANIM>,WHNP,MQ,MQ_OBJ,
3297,0,what color's yours?,1.0,-NONE-ABAR-WH-,T,WH,NP,NP,OBJ,OBJ,WHNP-1-<INANIM>,WHNP,MQ,MQ_OBJ,
3299,0,I think they know what they're doing.,1.0,-NONE-ABAR-WH-,T,WH,NP,NP,OBJ,OBJ,WHNP-1-<INANIM>-<THEME-V3>,WHNP,EQ,EQ_OBJ,know
3301,0,who is that?,1.0,-NONE-ABAR-WH-,T,WH,NP,NP,OBJ,OBJ,WHNP-1-<ANIM>,WHNP,MQ,MQ_OBJ,
3309,0,what letter is that?,1.0,-NONE-ABAR-WH-,T,WH,NP,NP,OBJ,OBJ,WHNP-1-<INANIM>,WHNP,MQ,MQ_OBJ,
3311,0,"ok, now you put them back and tell us what they are.",1.0,-NONE-ABAR-RC-,T,RC,NP,NP,OBJ,OBJ,WHNP-1-<INANIM>,WHNP,EQ,EQ_OBJ,tell
3312,0,what letter's that?,1.0,-NONE-ABAR-WH-,T,WH,NP,NP,OBJ,OBJ,WHNP-1-<INANIM>,WHNP,MQ,MQ_OBJ,
3313,0,what's that letter?,1.0,-NONE-ABAR-WH-,T,WH,NP,NP,OBJ,OBJ,WHNP-1-<INANIM>,WHNP,MQ,MQ_OBJ,
3316,0,what letter's that?,1.0,-NONE-ABAR-WH-,T,WH,NP,NP,OBJ,OBJ,WHNP-1-<INANIM>,WHNP,MQ,MQ_OBJ,
3317,0,what color's that bl?,1.0,-NONE-ABAR-WH-,T,WH,NP,NP,OBJ,OBJ,WHNP-1-<INANIM>,WHNP,MQ,MQ_OBJ,
3321,0,what's that?,1.0,-NONE-ABAR-WH-,T,WH,NP,NP,OBJ,OBJ,WHNP-1-<INANIM>,WHNP,MQ,MQ_OBJ,
3322,0,what color is it?,1.0,-NONE-ABAR-WH-,T,WH,NP,NP,OBJ,OBJ,WHNP-1-<INANIM>,WHNP,MQ,MQ_OBJ,
3323,0,what color is this al?,1.0,-NONE-ABAR-WH-,T,WH,NP,NP,OBJ,OBJ,WHNP-1-<INANIM>,WHNP,MQ,MQ_OBJ,
3328,0,"we have to deal with the transcript later on, so it's easier if",,,,POLAR,,,,POLAR,,,EQ,EQ_POLAR,
3329,0,"you know, if we didn't have to that would be great.",,,,POLAR,,,,POLAR,,,EQ,EQ_POLAR,know
3329,1,"you know, if we didn't have to that would be great.",,,,POLAR,,,,POLAR,,,EQ,EQ_POLAR,know
3333,0,"and he reads and goes through here, what's this, what's that.",1.0,-NONE-ABAR-WH-,T,WH,NP,NP,OBJ,OBJ,WHNP-1-<INANIM>,WHNP,MQ,MQ_OBJ,
3333,1,"and he reads and goes through here, what's this, what's that.",2.0,-NONE-ABAR-WH-,T,WH,NP,NP,OBJ,OBJ,WHNP-2-<INANIM>,WHNP,MQ,MQ_OBJ,
3344,0,what letter is this?,1.0,-NONE-ABAR-WH-,T,WH,NP,NP,OBJ,OBJ,WHNP-1-<INANIM>,WHNP,MQ,MQ_OBJ,
3345,0,what letter is that?,1.0,-NONE-ABAR-WH-,T,WH,NP,NP,OBJ,OBJ,WHNP-1-<INANIM>,WHNP,MQ,MQ_OBJ,
3346,0,what color is it?,1.0,-NONE-ABAR-WH-,T,WH,NP,NP,OBJ,OBJ,WHNP-1-<INANIM>,WHNP,MQ,MQ_OBJ,
3348,0,what letter is this?,1.0,-NONE-ABAR-WH-,T,WH,NP,NP,OBJ,OBJ,WHNP-1-<INANIM>,WHNP,MQ,MQ_OBJ,
3349,0,"no, what letter is this?",1.0,-NONE-ABAR-WH-,T,WH,NP,NP,OBJ,OBJ,WHNP-1-<INANIM>,WHNP,MQ,MQ_OBJ,
3350,0,and what color is nl?,1.0,-NONE-ABAR-WH-,T,WH,NP,NP,OBJ,OBJ,WHNP-1-<INANIM>,WHNP,EQ,EQ_OBJ,
3352,0,what letter is this?,1.0,-NONE-ABAR-WH-,T,WH,NP,NP,OBJ,OBJ,WHNP-1-<INANIM>,WHNP,MQ,MQ_OBJ,
3356,0,what letter is it?,1.0,-NONE-ABAR-WH-,T,WH,NP,NP,OBJ,OBJ,WHNP-1-<INANIM>,WHNP,MQ,MQ_OBJ,
3357,0,"well, what color is it?",1.0,-NONE-ABAR-WH-,T,WH,NP,NP,OBJ,OBJ,WHNP-1-<INANIM>,WHNP,MQ,MQ_OBJ,
3358,0,what color is it?,1.0,-NONE-ABAR-WH-,T,WH,NP,NP,OBJ,OBJ,WHNP-1-<INANIM>,WHNP,MQ,MQ_OBJ,
3359,0,what letter's that?,1.0,-NONE-ABAR-WH-,T,WH,NP,NP,OBJ,OBJ,WHNP-1-<INANIM>,WHNP,MQ,MQ_OBJ,
3361,0,what starts with tl?,1.0,-NONE-ABAR-WH-,T,WH,NP,NP,SUBJ,SUBJ,WHNP-1-<INANIM>-<THEME-V1>,WHNP,MQ,MQ_SUBJ,
3362,0,"yeah, what starts with tl?",1.0,-NONE-ABAR-WH-,T,WH,NP,NP,SUBJ,SUBJ,WHNP-1-<INANIM>-<THEME-V1>,WHNP,MQ,MQ_SUBJ,
3363,0,what is your name?,1.0,-NONE-ABAR-WH-,T,WH,NP,NP,OBJ,OBJ,WHNP-1-<INANIM>,WHNP,MQ,MQ_OBJ,
3366,0,what's your last name?,1.0,-NONE-ABAR-WH-,T,WH,NP,NP,OBJ,OBJ,WHNP-1-<INANIM>,WHNP,MQ,MQ_OBJ,
3367,0,where do you live?,1.0,-NONE-ABAR-WH-,T,WH,ADVP,ADVP,ADJUNCT,ADJUNCT,WHADVP-1,WHADVP,MQ,MQ_ADJUNCT,
3379,0,"it's time for *NULL* Investigator and Observer to go, so can you help us?",1.0,-NONE-ABAR-RC-,T,RC,ADVP,ADVP,ADJUNCT,ADJUNCT,WHADVP-1,WHADVP,RC,RC_ADJUNCT,
3381,0,what goes in the bag?,1.0,-NONE-ABAR-WH-,T,WH,NP,NP,SUBJ,SUBJ,WHNP-1-<INANIM>-<THEME-V1>,WHNP,MQ,MQ_SUBJ,
3390,0,who bought you the Big Bird?,1.0,-NONE-ABAR-WH-,T,WH,NP,NP,SUBJ,SUBJ,WHNP-1-<ANIM>-<AGENT-V1>,WHNP,MQ,MQ_SUBJ,
3395,0,what happened?,1.0,-NONE-ABAR-WH-,T,WH,NP,NP,SUBJ,SUBJ,WHNP-1-<INANIM>-<THEME-V1>,WHNP,MQ,MQ_SUBJ,
3396,0,where's Big Bird?,1.0,-NONE-ABAR-WH-,T,WH,ADVP,ADVP,ADJUNCT,ADJUNCT,WHADVP-1,WHADVP,MQ,MQ_ADJUNCT,
3400,0,what happened?,1.0,-NONE-ABAR-WH-,T,WH,NP,NP,SUBJ,SUBJ,WHNP-1-<INANIM>-<THEME-V1>,WHNP,MQ,MQ_SUBJ,
3403,0,where're people going to sit?,1.0,-NONE-ABAR-WH-,T,WH,ADVP,ADVP,ADJUNCT,ADJUNCT,WHADVP-1,WHADVP,MQ,MQ_ADJUNCT,
3414,0,where's the birdfeeder?,1.0,-NONE-ABAR-WH-,T,WH,ADVP,ADVP,ADJUNCT,ADJUNCT,WHADVP-1,WHADVP,MQ,MQ_ADJUNCT,
3415,0,"where's the, where's the birdfeeder?",1.0,-NONE-ABAR-WH-,T,WH,ADVP,ADVP,ADJUNCT,ADJUNCT,WHADVP-1,WHADVP,MQ,MQ_ADJUNCT,
3416,0,where are your birds today?,1.0,-NONE-ABAR-WH-,T,WH,ADVP,ADVP,ADJUNCT,ADJUNCT,WHADVP-1,WHADVP,MQ,MQ_ADJUNCT,
3419,0,what happened?,1.0,-NONE-ABAR-WH-,T,WH,NP,NP,SUBJ,SUBJ,WHNP-1-<INANIM>-<THEME-V1>,WHNP,MQ,MQ_SUBJ,
3421,0,what are those?,1.0,-NONE-ABAR-WH-,T,WH,NP,NP,OBJ,OBJ,WHNP-1-<INANIM>,WHNP,MQ,MQ_OBJ,
3425,0,show Investigator what you have.,1.0,-NONE-ABAR-RC-,T,RC,NP,NP,OBJ,OBJ,WHNP-1-<INANIM>-<THEME-V2>,WHNP,EQ,EQ_OBJ,show
3426,0,what have you got?,1.0,-NONE-ABAR-WH-,T,WH,NP,NP,OBJ,OBJ,WHNP-1-<INANIM>-<THEME-V1>,WHNP,MQ,MQ_OBJ,
3427,0,how'd you get that?,1.0,-NONE-ABAR-WH-,T,WH,ADVP,ADVP,ADJUNCT,ADJUNCT,WHADVP-1,WHADVP,MQ,MQ_ADJUNCT,
3438,0,where's the purple book?,1.0,-NONE-ABAR-WH-,T,WH,ADVP,ADVP,ADJUNCT,ADJUNCT,WHADVP-1,WHADVP,MQ,MQ_ADJUNCT,
3440,0,what *NULL* cha have over here?,1.0,-NONE-ABAR-WH-,T,WH,NP,NP,OBJ,OBJ,WHNP-1-<INANIM>-<THEME-V1>,WHNP,MQ,MQ_OBJ,
3444,0,who's this?,1.0,-NONE-ABAR-WH-,T,WH,NP,NP,OBJ,OBJ,WHNP-1-<ANIM>,WHNP,MQ,MQ_OBJ,
3445,0,who's this?,1.0,-NONE-ABAR-WH-,T,WH,NP,NP,OBJ,OBJ,WHNP-1-<ANIM>,WHNP,MQ,MQ_OBJ,
3451,0,what's Buster say?,1.0,-NONE-ABAR-WH-,T,WH,NP,NP,OBJ,OBJ,WHNP-1-<INANIM>-<THEME-V1>,WHNP,MQ,MQ_OBJ,
3452,0,where'd it go?,1.0,-NONE-ABAR-WH-,T,WH,ADVP,ADVP,ADJUNCT,ADJUNCT,WHADVP-1,WHADVP,MQ,MQ_ADJUNCT,
3464,0,who's this?,1.0,-NONE-ABAR-WH-,T,WH,NP,NP,OBJ,OBJ,WHNP-1-<ANIM>,WHNP,MQ,MQ_OBJ,
3465,0,when's Daddy going to come home?,1.0,-NONE-ABAR-WH-,T,WH,ADVP,ADVP,ADJUNCT,ADJUNCT,WHADVP-1,WHADVP,MQ,MQ_ADJUNCT,
3467,0,where're you going to go?,1.0,-NONE-ABAR-WH-,T,WH,ADVP,ADVP,ADJUNCT,ADJUNCT,WHADVP-1,WHADVP,MQ,MQ_ADJUNCT,
3470,0,who's funny?,1.0,-NONE-ABAR-WH-,T,WH,NP,NP,SUBJ,SUBJ,WHNP-1-<ANIM>,WHNP,MQ,MQ_SUBJ,
3476,0,where are the cars?,1.0,-NONE-ABAR-WH-,T,WH,ADVP,ADVP,ADJUNCT,ADJUNCT,WHADVP-1,WHADVP,MQ,MQ_ADJUNCT,
3478,0,where are your cars?,1.0,-NONE-ABAR-WH-,T,WH,ADVP,ADVP,ADJUNCT,ADJUNCT,WHADVP-1,WHADVP,MQ,MQ_ADJUNCT,
3480,0,where are your cars?,1.0,-NONE-ABAR-WH-,T,WH,ADVP,ADVP,ADJUNCT,ADJUNCT,WHADVP-1,WHADVP,MQ,MQ_ADJUNCT,
3482,0,where are they?,1.0,-NONE-ABAR-WH-,T,WH,ADVP,ADVP,ADJUNCT,ADJUNCT,WHADVP-1,WHADVP,MQ,MQ_ADJUNCT,
3486,0,what's in the pail?,1.0,-NONE-ABAR-WH-,T,WH,NP,NP,SUBJ,SUBJ,WHNP-1-<ANIM>,WHNP,MQ,MQ_SUBJ,
3492,0,where's your cars?,1.0,-NONE-ABAR-WH-,T,WH,ADVP,ADVP,ADJUNCT,ADJUNCT,WHADVP-1,WHADVP,MQ,MQ_ADJUNCT,
3497,0,what's in there?,1.0,-NONE-ABAR-WH-,T,WH,NP,NP,SUBJ,SUBJ,WHNP-1-<INANIM>,WHNP,MQ,MQ_SUBJ,
3499,0,what's that?,1.0,-NONE-ABAR-WH-,T,WH,NP,NP,OBJ,OBJ,WHNP-1-<INANIM>,WHNP,MQ,MQ_OBJ,
3502,0,"and what does, what does the school bus carry?",1.0,-NONE-ABAR-WH-,T,WH,NP,NP,OBJ,OBJ,WHNP-1-<INANIM>-<PATIENT-V1>,WHNP,MQ,MQ_OBJ,
3504,0,where does the bus take the children?,1.0,-NONE-ABAR-WH-,T,WH,ADVP,ADVP,ADJUNCT,ADJUNCT,WHADVP-1,WHADVP,MQ,MQ_ADJUNCT,
3506,0,where does the bus take the children?,1.0,-NONE-ABAR-WH-,T,WH,ADVP,ADVP,ADJUNCT,ADJUNCT,WHADVP-1,WHADVP,MQ,MQ_ADJUNCT,
3508,0,"where you go, where're you going?",2.0,-NONE-ABAR-WH-,T,WH,ADVP,ADVP,ADJUNCT,ADJUNCT,WHADVP-2,WHADVP,EQ,EQ_ADJUNCT,
3508,1,"where you go, where're you going?",1.0,-NONE-ABAR-WH-,T,WH,ADVP,ADVP,ADJUNCT,ADJUNCT,WHADVP-1,WHADVP,MQ,MQ_ADJUNCT,
3511,0,who broke it?,1.0,-NONE-ABAR-WH-,T,WH,NP,NP,SUBJ,SUBJ,WHNP-1-<ANIM>-<AGENT-V1>,WHNP,MQ,MQ_SUBJ,
3524,0,what're you doing?,1.0,-NONE-ABAR-WH-,T,WH,NP,NP,OBJ,OBJ,WHNP-1-<INANIM>-<THEME-V1>,WHNP,MQ,MQ_OBJ,
3526,0,what're you doing?,1.0,-NONE-ABAR-WH-,T,WH,NP,NP,OBJ,OBJ,WHNP-1-<INANIM>-<THEME-V1>,WHNP,MQ,MQ_OBJ,
3527,0,when Dad comes home you're going to get it?,2.0,-NONE-ABAR-RC-,T,RC,ADVP,ADVP,ADJUNCT,ADJUNCT,WHADVP-2,WHADVP,EQ,EQ_ADJUNCT,
3528,0,"you want to go to the window and see Duchess, go see if Duchess",,,,POLAR,,,,POLAR,,,EQ,EQ_POLAR,see
3532,0,whose cars are those?,1.0,-NONE-ABAR-WH-,T,WH,NP,NP,OBJ,OBJ,WHNP-1-<INANIM>,WHNP,MQ,MQ_OBJ,
3533,0,who put the cars in there?,1.0,-NONE-ABAR-WH-,T,WH,NP,NP,SUBJ,SUBJ,WHNP-1-<ANIM>-<AGENT-V1>,WHNP,MQ,MQ_SUBJ,
3537,0,what color truck is that?,1.0,-NONE-ABAR-WH-,T,WH,NP,NP,OBJ,OBJ,WHNP-1-<INANIM>,WHNP,MQ,MQ_OBJ,
3541,0,go see if she's out there.,,,,POLAR,,,,POLAR,,,EQ,EQ_POLAR,see
3548,0,where's Duchess?,1.0,-NONE-ABAR-WH-,T,WH,ADVP,ADVP,ADJUNCT,ADJUNCT,WHADVP-1,WHADVP,MQ,MQ_ADJUNCT,
3556,0,"I thought you were looking for Duchess, see if Duchess is outside.",,,,POLAR,,,,POLAR,,,EQ,EQ_POLAR,see
3558,0,"oh, did you tell Investigator what Gammy gave you?",1.0,-NONE-ABAR-RC-,T,RC,NP,NP,OBJ,OBJ,WHNP-1-<INANIM>,WHNP,EQ,EQ_OBJ,tell
3561,0,what color is it?,1.0,-NONE-ABAR-WH-,T,WH,NP,NP,OBJ,OBJ,WHNP-1-<INANIM>,WHNP,MQ,MQ_OBJ,
3563,0,so they can bring presents over for the baby if they do.,,,,POLAR,,,,POLAR,,,EQ,EQ_POLAR,
3563,1,so they can bring presents over for the baby if they do.,,,,POLAR,,,,POLAR,,,EQ,EQ_POLAR,bring
3568,0,"well, what do you say when you say, when you want something?",2.0,-NONE-ABAR-RC-,T,RC,ADVP,ADVP,ADJUNCT,ADJUNCT,WHADVP-2,WHADVP,EQ,EQ_ADJUNCT,say
3568,1,"well, what do you say when you say, when you want something?",3.0,-NONE-ABAR-RC-,T,RC,ADVP,ADVP,ADJUNCT,ADJUNCT,WHADVP-3,WHADVP,EQ,EQ_ADJUNCT,
3569,0,yeah but what's the magic word?,1.0,-NONE-ABAR-WH-,T,WH,NP,NP,SUBJ,SUBJ,WHNP-1-<INANIM>,WHNP,EQ,EQ_SUBJ,
3570,0,who's hiding?,1.0,-NONE-ABAR-WH-,T,WH,NP,NP,SUBJ,SUBJ,WHNP-1-<ANIM>-<THEME-V1>,WHNP,MQ,MQ_SUBJ,
3574,0,what'd you find?,1.0,-NONE-ABAR-WH-,T,WH,NP,NP,OBJ,OBJ,WHNP-1-<INANIM>-<PATIENT-V1>,WHNP,MQ,MQ_OBJ,
3587,0,what else do you have your yard that eat here?,2.0,-NONE-ABAR-RC-,T,RC,NP,NP,SUBJ,SUBJ,WHNP-2-<INANIM>-<AGENT-V2>,WHNP,RC,RC_SUBJ,
3594,0,what's he doing?,1.0,-NONE-ABAR-WH-,T,WH,NP,NP,OBJ,OBJ,WHNP-1-<INANIM>-<THEME-V1>,WHNP,MQ,MQ_OBJ,
3595,0,where's he going?,1.0,-NONE-ABAR-WH-,T,WH,ADVP,ADVP,ADJUNCT,ADJUNCT,WHADVP-1,WHADVP,MQ,MQ_ADJUNCT,
3599,0,where's he going?,1.0,-NONE-ABAR-WH-,T,WH,ADVP,ADVP,ADJUNCT,ADJUNCT,WHADVP-1,WHADVP,MQ,MQ_ADJUNCT,
3609,0,where is she?,1.0,-NONE-ABAR-WH-,T,WH,ADVP,ADVP,ADJUNCT,ADJUNCT,WHADVP-1,WHADVP,MQ,MQ_ADJUNCT,
3610,0,where is she?,1.0,-NONE-ABAR-WH-,T,WH,ADVP,ADVP,ADJUNCT,ADJUNCT,WHADVP-1,WHADVP,MQ,MQ_ADJUNCT,
3620,0,"what're you doing, Child?",1.0,-NONE-ABAR-WH-,T,WH,NP,NP,OBJ,OBJ,WHNP-1-<INANIM>-<THEME-V1>,WHNP,MQ,MQ_OBJ,
3623,0,what'd you do?,1.0,-NONE-ABAR-WH-,T,WH,NP,NP,OBJ,OBJ,WHNP-1-<INANIM>-<THEME-V1>,WHNP,MQ,MQ_OBJ,
3624,0,why don't you leave the pillows on the couch?,1.0,-NONE-ABAR-WH-,T,WH,ADVP,ADVP,ADJUNCT,ADJUNCT,WHADVP-1,WHADVP,MQ,MQ_ADJUNCT,
3625,0,what'd you do?,1.0,-NONE-ABAR-WH-,T,WH,NP,NP,OBJ,OBJ,WHNP-1-<INANIM>-<THEME-V1>,WHNP,MQ,MQ_OBJ,
3629,0,"what, what'd you do yesterday?",1.0,-NONE-ABAR-WH-,T,WH,NP,NP,OBJ,OBJ,WHNP-1-<INANIM>-<THEME-V1>,WHNP,MQ,MQ_OBJ,
3630,0,"no, you didn't break a light yesterday but what'd you do yesterday?",1.0,-NONE-ABAR-WH-,T,WH,NP,NP,OBJ,OBJ,WHNP-1-<INANIM>-<THEME-V2>,WHNP,EQ,EQ_OBJ,
3633,0,"what were you doing in the brook, were you trying to swim?",1.0,-NONE-ABAR-WH-,T,WH,NP,NP,OBJ,OBJ,WHNP-1-<INANIM>-<THEME-V1>,WHNP,MQ,MQ_OBJ,
3635,0,"so he got, what'd you get wet?",1.0,-NONE-ABAR-WH-,T,WH,NP,NP,OBJ,OBJ,WHNP-1-<INANIM>-<SUBJMATT-V1>,WHNP,MQ,MQ_OBJ,
3638,0,what else got wet?,1.0,-NONE-ABAR-WH-,T,WH,NP,NP,SUBJ,SUBJ,WHNP-1-<INANIM>-<THEME-V1>,WHNP,MQ,MQ_SUBJ,
3641,0,what else got wet?,1.0,-NONE-ABAR-WH-,T,WH,NP,NP,SUBJ,SUBJ,WHNP-1-<INANIM>,WHNP,MQ,MQ_SUBJ,
3643,0,what are these?,1.0,-NONE-ABAR-WH-,T,WH,NP,NP,OBJ,OBJ,WHNP-1-<INANIM>,WHNP,MQ,MQ_OBJ,
3650,0,who was here?,1.0,-NONE-ABAR-WH-,T,WH,NP,NP,SUBJ,SUBJ,WHNP-1-<ANIM>,WHNP,MQ,MQ_SUBJ,
3651,0,what's your friend's name?,1.0,-NONE-ABAR-WH-,T,WH,NP,NP,OBJ,OBJ,WHNP-1-<INANIM>,WHNP,MQ,MQ_OBJ,
3652,0,"no, I said who are, who are your friends?",1.0,-NONE-ABAR-WH-,T,WH,NP,NP,OBJ,OBJ,WHNP-1-<ANIM>,WHNP,MQ,MQ_OBJ,
3656,0,what color are they?,1.0,-NONE-ABAR-WH-,T,WH,NP,NP,OBJ,OBJ,WHNP-1-<INANIM>,WHNP,MQ,MQ_OBJ,
3657,0,what color are those flowers?,1.0,-NONE-ABAR-WH-,T,WH,NP,NP,OBJ,OBJ,WHNP-1-<INANIM>,WHNP,MQ,MQ_OBJ,
3658,0,who's outside?,1.0,-NONE-ABAR-WH-,T,WH,NP,NP,SUBJ,SUBJ,WHNP-1-<ANIM>,WHNP,MQ,MQ_SUBJ,
3661,0,"what color, what color are the flowers out there?",1.0,-NONE-ABAR-WH-,T,WH,NP,NP,OBJ,OBJ,WHNP-1-<INANIM>,WHNP,MQ,MQ_OBJ,
3663,0,what color are they?,1.0,-NONE-ABAR-WH-,T,WH,NP,NP,OBJ,OBJ,WHNP-1-<INANIM>,WHNP,MQ,MQ_OBJ,
3665,0,green out there but what color are the flowers?,1.0,-NONE-ABAR-WH-,T,WH,NP,NP,OBJ,OBJ,WHNP-1-<INANIM>,WHNP,EQ,EQ_OBJ,
3668,0,what've you got in your mouth.,1.0,-NONE-ABAR-WH-,T,WH,NP,NP,OBJ,OBJ,WHNP-1-<INANIM>-<THEME-V1>,WHNP,MQ,MQ_OBJ,
3673,0,where are the birds?,1.0,-NONE-ABAR-WH-,T,WH,ADVP,ADVP,ADJUNCT,ADJUNCT,WHADVP-1,WHADVP,MQ,MQ_ADJUNCT,
3675,0,"do you come up here and scare them, that's why they don't come?",1.0,-NONE-ABAR-RC-,T,RC,ADVP,ADVP,ADJUNCT,ADJUNCT,WHADVP-1,WHADVP,EQ,EQ_ADJUNCT,come
3696,0,"everytime *NULL* you say that, five minutes later you fall down.",1.0,-NONE-ABAR-RC-,T,RC,ADVP,ADVP,ADJUNCT,ADJUNCT,WHADVP-1,WHADVP,EQ,EQ_ADJUNCT,
3702,0,where're you going?,1.0,-NONE-ABAR-WH-,T,WH,ADVP,ADVP,ADJUNCT,ADJUNCT,WHADVP-1,WHADVP,MQ,MQ_ADJUNCT,
3706,0,you know who else sees you?,1.0,-NONE-ABAR-WH-,T,WH,NP,NP,SUBJ,SUBJ,WHNP-1-<ANIM>-<EXPER-V2>,WHNP,EQ,EQ_SUBJ,know
3729,0,"there, look what I have.",1.0,-NONE-ABAR-RC-,T,RC,NP,NP,OBJ,OBJ,WHNP-1-<INANIM>-<THEME-V2>,WHNP,EQ,EQ_OBJ,look
3734,0,"yeah, you know how to paint.",1.0,-NONE-ABAR-WH-,T,WH,ADVP,ADVP,ADJUNCT,ADJUNCT,WHADVP-1,WHADVP,EQ,EQ_ADJUNCT,know
3735,0,who's that?,1.0,-NONE-ABAR-WH-,T,WH,NP,NP,OBJ,OBJ,WHNP-1-<ANIM>,WHNP,MQ,MQ_OBJ,
3738,0,what's Goofy riding?,1.0,-NONE-ABAR-WH-,T,WH,NP,NP,OBJ,OBJ,WHNP-1-<INANIM>-<PATIENT-V1>,WHNP,MQ,MQ_OBJ,
3747,0,what's that?,1.0,-NONE-ABAR-WH-,T,WH,NP,NP,OBJ,OBJ,WHNP-1-<INANIM>,WHNP,MQ,MQ_OBJ,
3748,0,what are those?,1.0,-NONE-ABAR-WH-,T,WH,NP,NP,OBJ,OBJ,WHNP-1-<INANIM>,WHNP,MQ,MQ_OBJ,
3758,0,what's that?,1.0,-NONE-ABAR-WH-,T,WH,NP,NP,OBJ,OBJ,WHNP-1-<INANIM>,WHNP,MQ,MQ_OBJ,
3759,0,what's that?,1.0,-NONE-ABAR-WH-,T,WH,NP,NP,OBJ,OBJ,WHNP-1-<INANIM>,WHNP,MQ,MQ_OBJ,
3760,0,if you turn it over.,,,,POLAR,,,,POLAR,,,EQ,EQ_POLAR,
3762,0,what are you doing?,1.0,-NONE-ABAR-WH-,T,WH,NP,NP,OBJ,OBJ,WHNP-1-<INANIM>-<THEME-V1>,WHNP,MQ,MQ_OBJ,
3773,0,why don't you have a seat?,1.0,-NONE-ABAR-WH-,T,WH,ADVP,ADVP,ADJUNCT,ADJUNCT,WHADVP-1,WHADVP,MQ,MQ_ADJUNCT,
3774,0,why don't you do this nicely?,1.0,-NONE-ABAR-WH-,T,WH,ADVP,ADVP,ADJUNCT,ADJUNCT,WHADVP-1,WHADVP,MQ,MQ_ADJUNCT,
3777,0,what letter was that?,1.0,-NONE-ABAR-WH-,T,WH,NP,NP,OBJ,OBJ,WHNP-1-<INANIM>,WHNP,MQ,MQ_OBJ,
3781,0,what's this?,1.0,-NONE-ABAR-WH-,T,WH,NP,NP,OBJ,OBJ,WHNP-1-<INANIM>,WHNP,MQ,MQ_OBJ,
3783,0,what letter's that there?,1.0,-NONE-ABAR-WH-,T,WH,NP,NP,OBJ,OBJ,WHNP-1-<INANIM>,WHNP,MQ,MQ_OBJ,
3789,0,"well, what's that, what's that girl doing?",1.0,-NONE-ABAR-WH-,T,WH,NP,NP,OBJ,OBJ,WHNP-1-<INANIM>,WHNP,MQ,MQ_OBJ,
3789,1,"well, what's that, what's that girl doing?",2.0,-NONE-ABAR-WH-,T,WH,NP,NP,OBJ,OBJ,WHNP-2-<INANIM>-<THEME-V1>,WHNP,MQ,MQ_OBJ,
3791,0,what's she looking at?,1.0,-NONE-ABAR-WH-,T,WH,NP,NP,OBJ,OBJ,WHNP-1-<INANIM>-<PATIENT-V1>,WHNP,MQ,MQ_OBJ,
3792,0,why don't you do it like this?,1.0,-NONE-ABAR-WH-,T,WH,ADVP,ADVP,ADJUNCT,ADJUNCT,WHADVP-1,WHADVP,MQ,MQ_ADJUNCT,
3809,0,what happened here?,1.0,-NONE-ABAR-WH-,T,WH,NP,NP,SUBJ,SUBJ,WHNP-1-<INANIM>-<THEME-V1>,WHNP,MQ,MQ_SUBJ,
3811,0,how'd that happen?,1.0,-NONE-ABAR-WH-,T,WH,ADVP,ADVP,ADJUNCT,ADJUNCT,WHADVP-1,WHADVP,MQ,MQ_ADJUNCT,
3816,0,how'd you do that?,1.0,-NONE-ABAR-WH-,T,WH,ADVP,ADVP,ADJUNCT,ADJUNCT,WHADVP-1,WHADVP,MQ,MQ_ADJUNCT,
3827,0,what book do you want to read first?,1.0,-NONE-ABAR-WH-,T,WH,NP,NP,OBJ,OBJ,WHNP-1-<INANIM>-<PATIENT-V2>,WHNP,MQ,MQ_OBJ,
3831,0,"here, what's this here?",1.0,-NONE-ABAR-WH-,T,WH,NP,NP,SUBJ,SUBJ,WHNP-1-<INANIM>,WHNP,MQ,MQ_SUBJ,
3835,0,what's that?,1.0,-NONE-ABAR-WH-,T,WH,NP,NP,OBJ,OBJ,WHNP-1-<INANIM>,WHNP,MQ,MQ_OBJ,
3839,0,what color trucks are those?,1.0,-NONE-ABAR-WH-,T,WH,NP,NP,OBJ,OBJ,WHNP-1-<INANIM>,WHNP,MQ,MQ_OBJ,
3841,0,what color's that truck?,1.0,-NONE-ABAR-WH-,T,WH,NP,NP,OBJ,OBJ,WHNP-1-<INANIM>,WHNP,MQ,MQ_OBJ,
3842,0,who has a blue truck?,1.0,-NONE-ABAR-WH-,T,WH,NP,NP,SUBJ,SUBJ,WHNP-1-<ANIM>-<POSSESS-V1>,WHNP,MQ,MQ_SUBJ,
3846,0,who has a red truck like this?,1.0,-NONE-ABAR-WH-,T,WH,NP,NP,SUBJ,SUBJ,WHNP-1-<ANIM>-<POSSESS-V1>,WHNP,MQ,MQ_SUBJ,
3848,0,who has a truck like that one too?,1.0,-NONE-ABAR-WH-,T,WH,NP,NP,SUBJ,SUBJ,WHNP-1-<ANIM>-<POSSESS-V1>,WHNP,MQ,MQ_SUBJ,
3852,0,what kind of truck is this?,1.0,-NONE-ABAR-WH-,T,WH,NP,NP,OBJ,OBJ,WHNP-1-<INANIM>,WHNP,MQ,MQ_OBJ,
3854,0,"what kind of, what is that right there?",1.0,-NONE-ABAR-WH-,T,WH,NP,NP,OBJ,OBJ,WHNP-1-<INANIM>,WHNP,MQ,MQ_OBJ,
3855,0,what kind of truck is it?,1.0,-NONE-ABAR-WH-,T,WH,NP,NP,OBJ,OBJ,WHNP-1-<INANIM>,WHNP,MQ,MQ_OBJ,
3864,0,what is this?,1.0,-NONE-ABAR-WH-,T,WH,NP,NP,OBJ,OBJ,WHNP-1-<INANIM>,WHNP,MQ,MQ_OBJ,
3866,0,"oh, what are these?",1.0,-NONE-ABAR-WH-,T,WH,NP,NP,OBJ,OBJ,WHNP-1-<INANIM>,WHNP,MQ,MQ_OBJ,
3867,0,what's that?,1.0,-NONE-ABAR-WH-,T,WH,NP,NP,OBJ,OBJ,WHNP-1-<INANIM>,WHNP,MQ,MQ_OBJ,
3869,0,where's this guy going?,1.0,-NONE-ABAR-WH-,T,WH,ADVP,ADVP,ADJUNCT,ADJUNCT,WHADVP-1,WHADVP,MQ,MQ_ADJUNCT,
3870,0,then where's he going.,1.0,-NONE-ABAR-WH-,T,WH,ADVP,ADVP,ADJUNCT,ADJUNCT,WHADVP-1,WHADVP,MQ,MQ_ADJUNCT,
3875,0,"what is, what's that?",1.0,-NONE-ABAR-WH-,T,WH,NP,NP,OBJ,OBJ,WHNP-1-<INANIM>,WHNP,MQ,MQ_OBJ,
3876,0,what's a fire engine say?,1.0,-NONE-ABAR-WH-,T,WH,NP,NP,OBJ,OBJ,WHNP-1-<INANIM>-<THEME-V1>,WHNP,MQ,MQ_OBJ,
3877,0,"what did you listen, what did you hear this morning?",1.0,-NONE-ABAR-WH-,T,WH,NP,NP,OBJ,OBJ,WHNP-1-<INANIM>-<SUBJMATT-V2>,WHNP,MQ,MQ_OBJ,
3878,0,what kind of noise did you hear?,1.0,-NONE-ABAR-WH-,T,WH,NP,NP,OBJ,OBJ,WHNP-1-<INANIM>-<SUBJMATT-V1>,WHNP,MQ,MQ_OBJ,
3881,0,what kind of horn was it?,1.0,-NONE-ABAR-WH-,T,WH,NP,NP,OBJ,OBJ,WHNP-1-<INANIM>,WHNP,MQ,MQ_OBJ,
3883,0,"yeah, what time was it when it blew?",1.0,-NONE-ABAR-WH-,T,WH,NP,NP,OBJ,OBJ,WHNP-1-<INANIM>,WHNP,MQ,MQ_OBJ,
3883,1,"yeah, what time was it when it blew?",2.0,-NONE-ABAR-RC-,T,RC,ADVP,ADVP,ADJUNCT,ADJUNCT,WHADVP-2,WHADVP,EQ,EQ_ADJUNCT,blew
3885,0,what does that mean?,1.0,-NONE-ABAR-WH-,T,WH,NP,NP,OBJ,OBJ,WHNP-1-<INANIM>-<SUBJMATT-V1>,WHNP,MQ,MQ_OBJ,
3889,0,what's down there?,1.0,-NONE-ABAR-WH-,T,WH,NP,NP,SUBJ,SUBJ,WHNP-1-<INANIM>,WHNP,MQ,MQ_SUBJ,
3890,0,where's Mr.,1.0,-NONE-ABAR-WH-,T,WH,ADVP,ADVP,ADJUNCT,ADJUNCT,WHADVP-1,WHADVP,MQ,MQ_ADJUNCT,
3894,0,you will if you're not careful.,,,,POLAR,,,,POLAR,,,EQ,EQ_POLAR,
3897,0,where is he?,1.0,-NONE-ABAR-WH-,T,WH,ADVP,ADVP,ADJUNCT,ADJUNCT,WHADVP-1,WHADVP,MQ,MQ_ADJUNCT,
3903,0,yes and where is the school bus taking the children?,1.0,-NONE-ABAR-WH-,T,WH,ADVP,ADVP,ADJUNCT,ADJUNCT,WHADVP-1,WHADVP,EQ,EQ_ADJUNCT,
3908,0,and what kind is this bus.,1.0,-NONE-ABAR-WH-,T,WH,NP,NP,OBJ,OBJ,WHNP-1-<INANIM>,WHNP,EQ,EQ_OBJ,
3909,0,yeah and where are those people going?,1.0,-NONE-ABAR-WH-,T,WH,ADVP,ADVP,ADJUNCT,ADJUNCT,WHADVP-1,WHADVP,EQ,EQ_ADJUNCT,
3911,0,what kind of bus is that?,1.0,-NONE-ABAR-WH-,T,WH,NP,NP,OBJ,OBJ,WHNP-1-<INANIM>,WHNP,MQ,MQ_OBJ,
3912,0,where did you see that bus?,1.0,-NONE-ABAR-WH-,T,WH,ADVP,ADVP,ADJUNCT,ADJUNCT,WHADVP-1,WHADVP,MQ,MQ_ADJUNCT,
3915,0,who'd you go to England with?,1.0,-NONE-ABAR-WH-,T,WH,NP,NP,OBJ,OBJ,WHNP-1-<ANIM>,WHNP,MQ,MQ_OBJ,
3916,0,who'd you go with?,1.0,-NONE-ABAR-WH-,T,WH,NP,NP,OBJ,OBJ,WHNP-1-<ANIM>,WHNP,MQ,MQ_OBJ,
3924,0,"that's all *NULL* you wanted to do for six hours, whatever it was, five",1.0,-NONE-ABAR-RC-,T,RC,NP,NP,OBJ,OBJ,WHNP-1-<INANIM>-<THEME-V2>,WHNP,RC,RC_OBJ,
3924,1,"that's all *NULL* you wanted to do for six hours, whatever it was, five",2.0,-NONE-ABAR-RC-,T,RC,NP,NP,OBJ,OBJ,WHNP-2-<INANIM>,WHNP,EQ,EQ_OBJ,
3927,0,what kind of trucks are these?,1.0,-NONE-ABAR-WH-,T,WH,NP,NP,OBJ,OBJ,WHNP-1-<INANIM>,WHNP,MQ,MQ_OBJ,
3932,0,did you tell Investigator where you went the other day?,1.0,-NONE-ABAR-RC-,T,RC,ADVP,ADVP,ADJUNCT,ADJUNCT,WHADVP-1,WHADVP,EQ,EQ_ADJUNCT,tell
3934,0,where'd we go?,1.0,-NONE-ABAR-WH-,T,WH,ADVP,ADVP,ADJUNCT,ADJUNCT,WHADVP-1,WHADVP,MQ,MQ_ADJUNCT,
3935,0,who did we see?,1.0,-NONE-ABAR-WH-,T,WH,NP,NP,OBJ,OBJ,WHNP-1-<ANIM>-<SUBJMATT-V1>,WHNP,MQ,MQ_OBJ,
3936,0,who did we see?,1.0,-NONE-ABAR-WH-,T,WH,NP,NP,OBJ,OBJ,WHNP-1-<ANIM>-<SUBJMATT-V1>,WHNP,MQ,MQ_OBJ,
3937,0,who'd we see in the hospital?,1.0,-NONE-ABAR-WH-,T,WH,NP,NP,OBJ,OBJ,WHNP-1-<ANIM>-<SUBJMATT-V1>,WHNP,MQ,MQ_OBJ,
3942,0,what'd Mummy park outside of the hospital?,1.0,-NONE-ABAR-WH-,T,WH,NP,NP,OBJ,OBJ,WHNP-1-<INANIM>-<PATIENT-V1>,WHNP,MQ,MQ_OBJ,
3945,0,what was the baby doing?,1.0,-NONE-ABAR-WH-,T,WH,NP,NP,OBJ,OBJ,WHNP-1-<INANIM>-<THEME-V1>,WHNP,MQ,MQ_OBJ,
3946,0,what did Child tell the baby?,1.0,-NONE-ABAR-WH-,T,WH,NP,NP,OBJ,OBJ,WHNP-1-<INANIM>-<THEME-V1>,WHNP,MQ,MQ_OBJ,
3948,0,and what do you have to do when you come into the hospital to see,3.0,-NONE-ABAR-RC-,T,RC,ADVP,ADVP,ADJUNCT,ADJUNCT,WHADVP-3,WHADVP,EQ,EQ_ADJUNCT,do
3949,0,what do you have to put on?,1.0,-NONE-ABAR-WH-,T,WH,NP,NP,OBJ,OBJ,WHNP-1-<INANIM>-<PATIENT-V1>,WHNP,MQ,MQ_OBJ,
3951,0,what'd you put on?,1.0,-NONE-ABAR-WH-,T,WH,NP,NP,OBJ,OBJ,WHNP-1-<INANIM>-<PATIENT-V1>,WHNP,MQ,MQ_OBJ,
3954,0,what do you have to do in the bathroom before you hold the baby?,1.0,-NONE-ABAR-WH-,T,WH,NP,NP,OBJ,OBJ,WHNP-1-<INANIM>-<THEME-V1>,WHNP,MQ,MQ_OBJ,
3959,0,and what did the lady show you on the bed?,1.0,-NONE-ABAR-WH-,T,WH,NP,NP,OBJ,OBJ,WHNP-1-<INANIM>-<PATIENT-V1>,WHNP,EQ,EQ_OBJ,
3964,0,and what'd they do?,1.0,-NONE-ABAR-WH-,T,WH,NP,NP,OBJ,OBJ,WHNP-1-<INANIM>-<THEME-V1>,WHNP,EQ,EQ_OBJ,
3965,0,what'd the buttons do?,1.0,-NONE-ABAR-WH-,T,WH,NP,NP,OBJ,OBJ,WHNP-1-<INANIM>-<THEME-V1>,WHNP,MQ,MQ_OBJ,
3968,0,what is this in this book?,1.0,-NONE-ABAR-WH-,T,WH,NP,NP,OBJ,OBJ,WHNP-1-<INANIM>,WHNP,MQ,MQ_OBJ,
3969,0,who's that?,1.0,-NONE-ABAR-WH-,T,WH,NP,NP,OBJ,OBJ,WHNP-1-<ANIM>,WHNP,MQ,MQ_OBJ,
3972,0,who's that?,1.0,-NONE-ABAR-WH-,T,WH,NP,NP,OBJ,OBJ,WHNP-1-<ANIM>,WHNP,MQ,MQ_OBJ,
3973,0,who's that?,1.0,-NONE-ABAR-WH-,T,WH,NP,NP,OBJ,OBJ,WHNP-1-<ANIM>,WHNP,MQ,MQ_OBJ,
3974,0,who's that?,1.0,-NONE-ABAR-WH-,T,WH,NP,NP,OBJ,OBJ,WHNP-1-<ANIM>,WHNP,MQ,MQ_OBJ,
3975,0,who is that?,1.0,-NONE-ABAR-WH-,T,WH,NP,NP,OBJ,OBJ,WHNP-1-<ANIM>,WHNP,MQ,MQ_OBJ,
3976,0,who's that?,1.0,-NONE-ABAR-WH-,T,WH,NP,NP,OBJ,OBJ,WHNP-1-<ANIM>,WHNP,MQ,MQ_OBJ,
3977,0,who's that?,1.0,-NONE-ABAR-WH-,T,WH,NP,NP,OBJ,OBJ,WHNP-1-<ANIM>,WHNP,MQ,MQ_OBJ,
3978,0,who is that?,1.0,-NONE-ABAR-WH-,T,WH,NP,NP,OBJ,OBJ,WHNP-1-<ANIM>,WHNP,MQ,MQ_OBJ,
3979,0,who's that?,1.0,-NONE-ABAR-WH-,T,WH,NP,NP,OBJ,OBJ,WHNP-1-<ANIM>,WHNP,MQ,MQ_OBJ,
3980,0,you know who that is.,1.0,-NONE-ABAR-WH-,T,WH,NP,NP,OBJ,OBJ,WHNP-1-<ANIM>,WHNP,EQ,EQ_OBJ,know
3982,0,who's Winnie the Pooh's friend?,1.0,-NONE-ABAR-WH-,T,WH,NP,NP,OBJ,OBJ,WHNP-1-<ANIM>,WHNP,MQ,MQ_OBJ,
3984,0,"who's that funny looking, who's that guy?",2.0,-NONE-ABAR-WH-,T,WH,NP,NP,OBJ,OBJ,WHNP-2-<ANIM>,WHNP,MQ,MQ_OBJ,
3987,0,who's this guy?,1.0,-NONE-ABAR-WH-,T,WH,NP,NP,OBJ,OBJ,WHNP-1-<ANIM>,WHNP,MQ,MQ_OBJ,
3990,0,and who are these guys?,1.0,-NONE-ABAR-WH-,T,WH,NP,NP,OBJ,OBJ,WHNP-1-<ANIM>,WHNP,EQ,EQ_OBJ,
3992,0,who are they?,1.0,-NONE-ABAR-WH-,T,WH,NP,NP,OBJ,OBJ,WHNP-1-<ANIM>,WHNP,MQ,MQ_OBJ,
3993,0,who is this?,1.0,-NONE-ABAR-WH-,T,WH,NP,NP,OBJ,OBJ,WHNP-1-<ANIM>,WHNP,MQ,MQ_OBJ,
3996,0,"oh, here, what are these?",1.0,-NONE-ABAR-WH-,T,WH,NP,NP,OBJ,OBJ,WHNP-1-<INANIM>,WHNP,MQ,MQ_OBJ,
3998,0,who is that girl?,1.0,-NONE-ABAR-WH-,T,WH,NP,NP,OBJ,OBJ,WHNP-1-<ANIM>,WHNP,MQ,MQ_OBJ,
4000,0,what's this?,1.0,-NONE-ABAR-WH-,T,WH,NP,NP,OBJ,OBJ,WHNP-1-<INANIM>,WHNP,MQ,MQ_OBJ,
4001,0,who's that?,1.0,-NONE-ABAR-WH-,T,WH,NP,NP,OBJ,OBJ,WHNP-1-<ANIM>,WHNP,MQ,MQ_OBJ,
4003,0,who is that?,1.0,-NONE-ABAR-WH-,T,WH,NP,NP,OBJ,OBJ,WHNP-1-<ANIM>,WHNP,MQ,MQ_OBJ,
4005,0,what's he in?,1.0,-NONE-ABAR-WH-,T,WH,NP,NP,OBJ,OBJ,WHNP-1-<INANIM>,WHNP,MQ,MQ_OBJ,
4006,0,and where's he going?,1.0,-NONE-ABAR-WH-,T,WH,ADVP,ADVP,ADJUNCT,ADJUNCT,WHADVP-1,WHADVP,EQ,EQ_ADJUNCT,
4008,0,who's that?,1.0,-NONE-ABAR-WH-,T,WH,NP,NP,OBJ,OBJ,WHNP-1-<ANIM>,WHNP,MQ,MQ_OBJ,
4013,0,who else did you see?,1.0,-NONE-ABAR-WH-,T,WH,NP,NP,OBJ,OBJ,WHNP-1-<ANIM>-<SUBJMATT-V1>,WHNP,MQ,MQ_OBJ,
4015,0,what's that?,1.0,-NONE-ABAR-WH-,T,WH,NP,NP,OBJ,OBJ,WHNP-1-<INANIM>,WHNP,MQ,MQ_OBJ,
4016,0,what's he in?,1.0,-NONE-ABAR-WH-,T,WH,NP,NP,OBJ,OBJ,WHNP-1-<INANIM>,WHNP,MQ,MQ_OBJ,
4018,0,what color's the boat?,1.0,-NONE-ABAR-WH-,T,WH,NP,NP,OBJ,OBJ,WHNP-1-<INANIM>,WHNP,MQ,MQ_OBJ,
4021,0,what color's the boat?,1.0,-NONE-ABAR-WH-,T,WH,NP,NP,OBJ,OBJ,WHNP-1-<INANIM>,WHNP,MQ,MQ_OBJ,
4023,0,who's this over here on the bed?,1.0,-NONE-ABAR-WH-,T,WH,NP,NP,OBJ,OBJ,WHNP-1-<ANIM>,WHNP,MQ,MQ_OBJ,
4024,0,and what's he got and what's he reading?,1.0,-NONE-ABAR-WH-,T,WH,NP,NP,OBJ,OBJ,WHNP-1-<INANIM>-<THEME-V1>,WHNP,EQ,EQ_OBJ,
4024,1,and what's he got and what's he reading?,2.0,-NONE-ABAR-WH-,T,WH,NP,NP,OBJ,OBJ,WHNP-2-<INANIM>-<PATIENT-V2>,WHNP,EQ,EQ_OBJ,
4026,0,what's the baby got in the mouth?,1.0,-NONE-ABAR-WH-,T,WH,NP,NP,OBJ,OBJ,WHNP-1-<INANIM>-<THEME-V1>,WHNP,MQ,MQ_OBJ,
4029,0,"yeah, you know how boring those babies are.",1.0,-NONE-ABAR-WH-,T,WH,ADJP,ADJP,ADJUNCT,ADJUNCT,WHADJP-1,WHADJP,EQ,EQ_ADJUNCT,know
4030,0,who's this?,1.0,-NONE-ABAR-WH-,T,WH,NP,NP,OBJ,OBJ,WHNP-1-<ANIM>,WHNP,MQ,MQ_OBJ,
4031,0,who's this?,1.0,-NONE-ABAR-WH-,T,WH,NP,NP,OBJ,OBJ,WHNP-1-<ANIM>,WHNP,MQ,MQ_OBJ,
4034,0,"what you get, what're you doing?",2.0,-NONE-ABAR-WH-,T,WH,NP,NP,OBJ,OBJ,WHNP-2-<INANIM>-<THEME-V2>,WHNP,MQ,MQ_OBJ,
4035,0,what do you say?,1.0,-NONE-ABAR-WH-,T,WH,NP,NP,OBJ,OBJ,WHNP-1-<INANIM>-<THEME-V1>,WHNP,MQ,MQ_OBJ,
4041,0,what's in there?,1.0,-NONE-ABAR-WH-,T,WH,NP,NP,SUBJ,SUBJ,WHNP-1-<INANIM>,WHNP,MQ,MQ_SUBJ,
4042,0,"what is this, Child?",1.0,-NONE-ABAR-WH-,T,WH,NP,NP,OBJ,OBJ,WHNP-1-<INANIM>,WHNP,MQ,MQ_OBJ,
4045,0,what do you say?,1.0,-NONE-ABAR-WH-,T,WH,NP,NP,OBJ,OBJ,WHNP-1-<INANIM>-<THEME-V1>,WHNP,MQ,MQ_OBJ,
4049,0,if you're sick you definitely need medicine.,,,,POLAR,,,,POLAR,,,EQ,EQ_POLAR,
4055,0,what do you say to Mummy in the morning when you get up out of bed?,1.0,-NONE-ABAR-WH-,T,WH,NP,NP,OBJ,OBJ,WHNP-1-<INANIM>-<THEME-V1>,WHNP,MQ,MQ_OBJ,
4055,1,what do you say to Mummy in the morning when you get up out of bed?,1.0,-NONE-ABAR-RC-,T,RC,ADVP,ADVP,ADJUNCT,ADJUNCT,WHNP-1-<INANIM>-<THEME-V1>,WHNP,EQ,EQ_ADJUNCT,say
4056,0,what do you say?,1.0,-NONE-ABAR-WH-,T,WH,NP,NP,OBJ,OBJ,WHNP-1-<INANIM>-<THEME-V1>,WHNP,MQ,MQ_OBJ,
4058,0,what else do you say?,1.0,-NONE-ABAR-WH-,T,WH,NP,NP,OBJ,OBJ,WHNP-1-<INANIM>-<THEME-V1>,WHNP,MQ,MQ_OBJ,
4062,0,"no, the couch is *NULL* to sit on, no jumping.",1.0,-NONE-ABAR-RC-,T,RC,NP,NP,OBJ,OBJ,WHNP-1-<INANIM>-<GOAL-V1>,WHNP,EQ,EQ_OBJ,sit
4064,0,yeah but you know how you bounced in Mummy's car?,1.0,-NONE-ABAR-WH-,T,WH,ADVP,ADVP,ADJUNCT,ADJUNCT,WHADVP-1,WHADVP,EQ,EQ_ADJUNCT,know
4071,0,who says that?,1.0,-NONE-ABAR-WH-,T,WH,NP,NP,SUBJ,SUBJ,WHNP-1-<ANIM>-<AGENT-V1>,WHNP,MQ,MQ_SUBJ,
4072,0,who else says that to you?,1.0,-NONE-ABAR-WH-,T,WH,NP,NP,SUBJ,SUBJ,WHNP-1-<ANIM>-<AGENT-V1>,WHNP,MQ,MQ_SUBJ,
4074,0,who says little boys have to sit down in the back seat?,1.0,-NONE-ABAR-WH-,T,WH,NP,NP,SUBJ,SUBJ,WHNP-1-<ANIM>-<AGENT-V1>,WHNP,MQ,MQ_SUBJ,
4075,0,who says that?,1.0,-NONE-ABAR-WH-,T,WH,NP,NP,SUBJ,SUBJ,WHNP-1-<ANIM>-<AGENT-V1>,WHNP,MQ,MQ_SUBJ,
4076,0,who said that?,1.0,-NONE-ABAR-WH-,T,WH,NP,NP,SUBJ,SUBJ,WHNP-1-<ANIM>-<AGENT-V1>,WHNP,MQ,MQ_SUBJ,
4079,0,remember the day *NULL* we went to the store and saw the man with the,1.0,-NONE-ABAR-RC-,T,RC,ADVP,ADVP,ADJUNCT,ADJUNCT,WHADVP-1,WHADVP,RC,RC_ADJUNCT,
4080,0,who was that?,1.0,-NONE-ABAR-WH-,T,WH,NP,NP,OBJ,OBJ,WHNP-1-<ANIM>,WHNP,MQ,MQ_OBJ,
4096,0,why don't you do it?,1.0,-NONE-ABAR-WH-,T,WH,ADVP,ADVP,ADJUNCT,ADJUNCT,WHADVP-1,WHADVP,MQ,MQ_ADJUNCT,
4097,0,see if you can do it.,,,,POLAR,,,,POLAR,,,EQ,EQ_POLAR,see
4105,0,what're you doing?,1.0,-NONE-ABAR-WH-,T,WH,NP,NP,OBJ,OBJ,WHNP-1-<INANIM>-<THEME-V1>,WHNP,MQ,MQ_OBJ,
4123,0,what is all this?,1.0,-NONE-ABAR-WH-,T,WH,NP,NP,OBJ,OBJ,WHNP-1-<INANIM>,WHNP,MQ,MQ_OBJ,
4128,0,"here, why don't you hold it and drink it?",1.0,-NONE-ABAR-WH-,T,WH,ADVP,ADVP,ADJUNCT,ADJUNCT,WHADVP-1,WHADVP,MQ,MQ_ADJUNCT,
4129,0,you know how to do that.,1.0,-NONE-ABAR-WH-,T,WH,ADVP,ADVP,ADJUNCT,ADJUNCT,WHADVP-1,WHADVP,EQ,EQ_ADJUNCT,know
4154,0,where's Buster?,1.0,-NONE-ABAR-WH-,T,WH,ADVP,ADVP,ADJUNCT,ADJUNCT,WHADVP-1,WHADVP,MQ,MQ_ADJUNCT,
4160,0,what are you doing?,1.0,-NONE-ABAR-WH-,T,WH,NP,NP,OBJ,OBJ,WHNP-1-<INANIM>-<THEME-V1>,WHNP,MQ,MQ_OBJ,
4167,0,where'll you go?,1.0,-NONE-ABAR-WH-,T,WH,ADVP,ADVP,ADJUNCT,ADJUNCT,WHADVP-1,WHADVP,MQ,MQ_ADJUNCT,
4185,0,what's in there?,1.0,-NONE-ABAR-WH-,T,WH,NP,NP,SUBJ,SUBJ,WHNP-1-<INANIM>,WHNP,MQ,MQ_SUBJ,
4190,0,who's that?,1.0,-NONE-ABAR-WH-,T,WH,NP,NP,OBJ,OBJ,WHNP-1-<ANIM>,WHNP,MQ,MQ_OBJ,
4194,0,"yeah, who cares?",1.0,-NONE-ABAR-WH-,T,WH,NP,NP,SUBJ,SUBJ,WHNP-1-<ANIM>-<THEME-V1>,WHNP,MQ,MQ_SUBJ,
4199,0,let me find the other pieces that match.,1.0,-NONE-ABAR-RC-,T,RC,NP,NP,SUBJ,SUBJ,WHNP-1-<INANIM>-<THEME-V3>,WHNP,RC,RC_SUBJ,
4200,0,what's that?,1.0,-NONE-ABAR-WH-,T,WH,NP,NP,OBJ,OBJ,WHNP-1-<INANIM>,WHNP,MQ,MQ_OBJ,
4212,0,"what are you doing, Child?",1.0,-NONE-ABAR-WH-,T,WH,NP,NP,OBJ,OBJ,WHNP-1-<INANIM>-<THEME-V1>,WHNP,MQ,MQ_OBJ,
4214,0,who's hiding?,1.0,-NONE-ABAR-WH-,T,WH,NP,NP,SUBJ,SUBJ,WHNP-1-<ANIM>-<THEME-V1>,WHNP,MQ,MQ_SUBJ,
4215,0,who's hiding?,1.0,-NONE-ABAR-WH-,T,WH,NP,NP,SUBJ,SUBJ,WHNP-1-<ANIM>-<THEME-V1,WHNP,MQ,MQ_SUBJ,
4218,0,"if you spill them on the floor, Child I cann't build.",,,,POLAR,,,,POLAR,,,EQ,EQ_POLAR,
4219,0,where's the man?,1.0,-NONE-ABAR-WH-,T,WH,ADVP,ADVP,ADJUNCT,ADJUNCT,WHADVP-1,WHADVP,MQ,MQ_ADJUNCT,
4240,0,is there any way *NULL* to stop the broom?,1.0,-NONE-ABAR-RC-,T,RC,ADVP,ADVP,ADJUNCT,ADJUNCT,WHADVP-1,WHADVP,RC,RC_ADJUNCT,
4241,0,what did he do?,1.0,-NONE-ABAR-WH-,T,WH,NP,NP,OBJ,OBJ,WHNP-1-<INANIM>-<THEME-V1>,WHNP,MQ,MQ_OBJ,
4250,0,what happened?,1.0,-NONE-ABAR-WH-,T,WH,NP,NP,SUBJ,SUBJ,WHNP-1-<INANIM>-<THEME-V1>,WHNP,MQ,MQ_SUBJ,
4251,0,"the sorcerer came back, he knew what Mickey had done.",1.0,-NONE-ABAR-WH-,T,WH,NP,NP,OBJ,OBJ,WHNP-1-<INANIM>-<THEME-V3>,WHNP,EQ,EQ_OBJ,knew
4258,0,don't start what you cann't finish.,1.0,-NONE-ABAR-RC-,T,RC,NP,NP,OBJ,OBJ,WHNP-1-<INANIM>-<PATIENT-V2>,WHNP,EQ,EQ_OBJ,start
4269,0,"just what was on the, um, just what was posted.",2.0,-NONE-ABAR-WH-,T,WH,NP-3,NP,SUBJ,SUBJ,WHNP-2-<INANIM>-<THEME-V1>,WHNP,EQ,EQ_SUBJ,
4281,0,maybe if we do the second hour on a Saturday.,,,,POLAR,,,,POLAR,,,EQ,EQ_POLAR,
4289,0,what letters do you know?,1.0,-NONE-ABAR-WH-,T,WH,NP,NP,OBJ,OBJ,WHNP-1-<INANIM>-<SUBJMATT-V1>,WHNP,MQ,MQ_OBJ,
4295,0,what's written on the shirt?,1.0,-NONE-ABAR-WH-,T,WH,NP-2,NP,SUBJ,SUBJ,WHNP-1-<INANIM>-<THEME-V1>,WHNP,MQ,MQ_SUBJ,
4301,0,"do you know what book I found, Child, I found the teddy bear book.",1.0,-NONE-ABAR-WH-,T,WH,NP,NP,OBJ,OBJ,WHNP-1-<INANIM>-<PATIENT-V2>,WHNP,EQ,EQ_OBJ,know
4305,0,which one do you want?,1.0,-NONE-ABAR-WH-,T,WH,NP,NP,OBJ,OBJ,WHNP-1-<INANIM>-<SUBJMATT-V1>,WHNP,MQ,MQ_OBJ,
4309,0,"where'd it go, it's right here.",1.0,-NONE-ABAR-WH-,T,WH,ADVP,ADVP,ADJUNCT,ADJUNCT,WHADVP-1,WHADVP,MQ,MQ_ADJUNCT,
4317,0,what do you want to do with it?,1.0,-NONE-ABAR-WH-,T,WH,NP,NP,OBJ,OBJ,WHNP-1-<INANIM>-<THEME-V2>,WHNP,MQ,MQ_OBJ,
4319,0,what book do you want to read?,1.0,-NONE-ABAR-WH-,T,WH,NP,NP,OBJ,OBJ,WHNP-1-<INANIM>-<PATIENT-V2>,WHNP,MQ,MQ_OBJ,
4320,0,"why don't you go pick another book, ok?",1.0,-NONE-ABAR-WH-,T,WH,ADVP,ADVP,ADJUNCT,ADJUNCT,WHADVP-1,WHADVP,MQ,MQ_ADJUNCT,
4337,0,what's your story?,1.0,-NONE-ABAR-WH-,T,WH,NP,NP,OBJ,OBJ,WHNP-1-<INANIM>,WHNP,MQ,MQ_OBJ,
4348,0,because she had such nice things *NULL* to carry.,1.0,-NONE-ABAR-RC-,T,RC,NP,NP,OBJ,OBJ,WHNP-1-<INANIM>-<PATIENT-V2>,WHNP,RC,RC_OBJ,
4349,0,"she had toy animals, what animals were there?",1.0,-NONE-ABAR-WH-,T,WH,NP,NP,OBJ,OBJ,WHNP-1-<INANIM>,WHNP,MQ,MQ_OBJ,
4354,0,there were dolls and there were puzzles and books and all kinds of good things for *NULL* boys and girls to eat.,1.0,-NONE-ABAR-RC-,T,RC,NP,NP,OBJ,OBJ,WHNP-1-<INANIM>-<PATIENT-V1>,WHNP,RC,RC_OBJ,
4409,0,where is my mother?,1.0,-NONE-ABAR-WH-,T,WH,ADVP,ADVP,ADJUNCT,ADJUNCT,WHADVP-1,WHADVP,MQ,MQ_ADJUNCT,
4423,0,"he didn't know what his mother looked like, he went right by her.",1.0,-NONE-ABAR-WH-,T,WH,NP,NP,OBJ,OBJ,WHNP-1-<INANIM>,WHNP,EQ,EQ_OBJ,know
4424,0,what's she doing?,1.0,-NONE-ABAR-WH-,T,WH,NP,NP,OBJ,OBJ,WHNP-1-<INANIM>-<THEME-V1>,WHNP,MQ,MQ_OBJ,
4454,0,how could I be your mother.,1.0,-NONE-ABAR-WH-,T,WH,ADVP,ADVP,ADJUNCT,ADJUNCT,WHADVP-1,WHADVP,MQ,MQ_ADJUNCT,
4466,0,"then he looked way down, what did he see?",1.0,-NONE-ABAR-WH-,T,WH,NP,NP,OBJ,OBJ,WHNP-1-<INANIM>-<SUBJMATT-V2>,WHNP,MQ,MQ_OBJ,
4469,0,then he looked and what did he see?,1.0,-NONE-ABAR-WH-,T,WH,NP,NP,OBJ,OBJ,WHNP-1-<INANIM>-<SUBJMATT-V2>,WHNP,MQ,MQ_OBJ,
4470,0,"up in the sky, what was it?",1.0,-NONE-ABAR-WH-,T,WH,NP,NP,OBJ,OBJ,WHNP-1-<INANIM>,WHNP,MQ,MQ_OBJ,
4483,0,"but where's the snort going, uh oh, what is the snort going to do to",1.0,-NONE-ABAR-WH-,T,WH,ADVP,ADVP,ADJUNCT,ADJUNCT,WHADVP-1,WHADVP,EQ,EQ_ADJUNCT,
4485,0,"where am I said the baby bird, I want to go home.",1.0,-NONE-ABAR-WH-,T,WH,ADVP,ADVP,ADJUNCT,ADJUNCT,WHADVP-1,WHADVP,EQ,EQ_ADJUNCT,said
4490,0,do you know who I am.,1.0,-NONE-ABAR-WH-,T,WH,NP,NP,OBJ,OBJ,WHNP-1-<INANIM>,WHNP,EQ,EQ_OBJ,know
4492,0,"yes, I know who you are.",1.0,-NONE-ABAR-WH-,T,WH,NP,NP,OBJ,OBJ,WHNP-1-<INANIM>,WHNP,EQ,EQ_OBJ,know
4511,0,"oh, you want to see what toys Observer has?",1.0,-NONE-ABAR-RC-,T,RC,NP,NP,OBJ,OBJ,WHNP-1-<INANIM>-<THEME-V3>,WHNP,EQ,EQ_OBJ,see
4518,0,"Child, there's a book in here if you want to read it.",,,,POLAR,,,,POLAR,,,EQ,EQ_POLAR,want
4520,0,"oh, what do you see on that book, Child.",1.0,-NONE-ABAR-WH-,T,WH,NP,NP,OBJ,OBJ,WHNP-1-<INANIM>-<SUBJMATT-V1>,WHNP,MQ,MQ_OBJ,
4521,0,what do you see?,1.0,-NONE-ABAR-WH-,T,WH,NP,NP,OBJ,OBJ,WHNP-1-<INANIM>-<SUBJMATT-V1>,WHNP,MQ,MQ_OBJ,
4523,0,do you know what that is?,1.0,-NONE-ABAR-WH-,T,WH,NP,NP,OBJ,OBJ,WHNP-1-<INANIM>,WHNP,EQ,EQ_OBJ,know
4525,0,and what's that?,1.0,-NONE-ABAR-WH-,T,WH,NP,NP,OBJ,OBJ,WHNP-1-<INANIM>,WHNP,EQ,EQ_OBJ,
4527,0,what's that?,1.0,-NONE-ABAR-WH-,T,WH,NP,NP,OBJ,OBJ,WHNP-1-<INANIM>,WHNP,MQ,MQ_OBJ,
4528,0,"what's that, Child?",1.0,-NONE-ABAR-WH-,T,WH,NP,NP,OBJ,OBJ,WHNP-1-<INANIM>,WHNP,MQ,MQ_OBJ,
4530,0,what's that?,1.0,-NONE-ABAR-WH-,T,WH,NP,NP,OBJ,OBJ,WHNP-1-<INANIM>,WHNP,MQ,MQ_OBJ,
4533,0,do you know what that is?,1.0,-NONE-ABAR-WH-,T,WH,NP,NP,OBJ,OBJ,WHNP-1-<INANIM>,WHNP,EQ,EQ_OBJ,know
4534,0,it's a hose like *NULL* we use in a garden.,1.0,-NONE-ABAR-RC-,T,RC,NP,NP,OBJ,OBJ,WHNP-1-<INANIM>-<PATIENT-V1>,WHNP,RC,RC_OBJ,
4535,0,do you know what color it is?,1.0,-NONE-ABAR-WH-,T,WH,NP,NP,OBJ,OBJ,WHNP-1-<INANIM>,WHNP,EQ,EQ_OBJ,know
4537,0,"oh, what's that.",1.0,-NONE-ABAR-WH-,T,WH,NP,NP,OBJ,OBJ,WHNP-1-<INANIM>,WHNP,MQ,MQ_OBJ,
4539,0,and what's that?,1.0,-NONE-ABAR-WH-,T,WH,NP,NP,OBJ,OBJ,WHNP-1-<INANIM>,WHNP,EQ,EQ_OBJ,
4543,0,do you know what that is?,1.0,-NONE-ABAR-WH-,T,WH,NP,NP,OBJ,OBJ,WHNP-1-<INANIM>,WHNP,EQ,EQ_OBJ,know
4544,0,do you know what that is?,1.0,-NONE-ABAR-WH-,T,WH,NP,NP,OBJ,OBJ,WHNP-1-<INANIM>,WHNP,EQ,EQ_OBJ,know
4546,0,"and it has a candle on it, what does that mean?",1.0,-NONE-ABAR-WH-,T,WH,NP,NP,OBJ,OBJ,WHNP-1-<INANIM>-<SUBJMATT-V2>,WHNP,MQ,MQ_OBJ,
4547,0,when do you have candles?,1.0,-NONE-ABAR-WH-,T,WH,ADVP,ADVP,ADJUNCT,ADJUNCT,WHADVP-1,WHADVP,MQ,MQ_ADJUNCT,
4551,0,"oh, what's that.",1.0,-NONE-ABAR-WH-,T,WH,NP,NP,OBJ,OBJ,WHNP-1-<INANIM>,WHNP,MQ,MQ_OBJ,
4553,0,do you know what that is?,1.0,-NONE-ABAR-WH-,T,WH,NP,NP,OBJ,OBJ,WHNP-1-<INANIM>,WHNP,EQ,EQ_OBJ,know
4555,0,"do you know what that is, Child?",1.0,-NONE-ABAR-WH-,T,WH,NP,NP,OBJ,OBJ,WHNP-1-<INANIM>,WHNP,EQ,EQ_OBJ,know
4558,0,and you know what that is?,1.0,-NONE-ABAR-WH-,T,WH,NP,NP,OBJ,OBJ,WHNP-1-<INANIM>,WHNP,EQ,EQ_OBJ,know
4563,0,"those are strawberries, right, what color are they?",1.0,-NONE-ABAR-WH-,T,WH,NP,NP,OBJ,OBJ,WHNP-1-<INANIM>,WHNP,MQ,MQ_OBJ,
4565,0,what color are those strawberries.,1.0,-NONE-ABAR-WH-,T,WH,NP,NP,OBJ,OBJ,WHNP-1-<INANIM>,WHNP,MQ,MQ_OBJ,
4568,0,what color are those?,1.0,-NONE-ABAR-WH-,T,WH,NP,NP,OBJ,OBJ,WHNP-1-<INANIM>,WHNP,MQ,MQ_OBJ,
4570,0,what color are those strawberries?,1.0,-NONE-ABAR-WH-,T,WH,NP,NP,OBJ,OBJ,WHNP-1-<INANIM>,WHNP,MQ,MQ_OBJ,
4572,0,what's underneath the strawberries?,1.0,-NONE-ABAR-WH-,T,WH,NP,NP,SUBJ,SUBJ,WHNP-1-<INANIM>,WHNP,MQ,MQ_SUBJ,
4574,0,what color are the carrots?,1.0,-NONE-ABAR-WH-,T,WH,NP,NP,OBJ,OBJ,WHNP-1-<INANIM>,WHNP,MQ,MQ_OBJ,
4575,0,what color are they?,1.0,-NONE-ABAR-WH-,T,WH,NP,NP,OBJ,OBJ,WHNP-1-<INANIM>,WHNP,MQ,MQ_OBJ,
4577,0,and what color is this bird?,1.0,-NONE-ABAR-WH-,T,WH,NP,NP,OBJ,OBJ,WHNP-1-<INANIM>,WHNP,EQ,EQ_OBJ,
4578,0,what color is the bird?,1.0,-NONE-ABAR-WH-,T,WH,NP,NP,OBJ,OBJ,WHNP-1-<INANIM>,WHNP,MQ,MQ_OBJ,
4580,0,"these are peas, what color are the peas?",1.0,-NONE-ABAR-WH-,T,WH,NP,NP,OBJ,OBJ,WHNP-1-<INANIM>,WHNP,MQ,MQ_OBJ,
4581,0,what color are those peas?,1.0,-NONE-ABAR-WH-,T,WH,NP,NP,OBJ,OBJ,WHNP-1-<INANIM>,WHNP,MQ,MQ_OBJ,
4583,0,what color are they?,1.0,-NONE-ABAR-WH-,T,WH,NP,NP,OBJ,OBJ,WHNP-1-<INANIM>,WHNP,MQ,MQ_OBJ,
4588,0,do you know what color these peas are?,1.0,-NONE-ABAR-WH-,T,WH,NP,NP,OBJ,OBJ,WHNP-1-<INANIM>,WHNP,EQ,EQ_OBJ,know
4590,0,what color are these flowers?,1.0,-NONE-ABAR-WH-,T,WH,NP,NP,OBJ,OBJ,WHNP-1-<INANIM>,WHNP,MQ,MQ_OBJ,
4592,0,and do you know what these are?,1.0,-NONE-ABAR-WH-,T,WH,NP,NP,OBJ,OBJ,WHNP-1-<INANIM>,WHNP,EQ,EQ_OBJ,know
4594,0,what color are the plums?,1.0,-NONE-ABAR-WH-,T,WH,NP,NP,OBJ,OBJ,WHNP-1-<INANIM>,WHNP,MQ,MQ_OBJ,
4597,0,do you know what color this mouse is?,1.0,-NONE-ABAR-WH-,T,WH,NP,NP,OBJ,OBJ,WHNP-1-<INANIM>,WHNP,EQ,EQ_OBJ,know
4600,0,what color is the rabbit?,1.0,-NONE-ABAR-WH-,T,WH,NP,NP,OBJ,OBJ,WHNP-1-<INANIM>,WHNP,MQ,MQ_OBJ,
4603,0,do you know who all those people are?,1.0,-NONE-ABAR-WH-,T,WH,NP,NP,OBJ,OBJ,WHNP-1-<ANIM>,WHNP,EQ,EQ_OBJ,know
4606,0,can you tell what the clothes are?,1.0,-NONE-ABAR-RC-,T,RC,NP,NP,OBJ,OBJ,WHNP-1-<INANIM>,WHNP,EQ,EQ_OBJ,tell
4609,0,let's see if we can find you something a little bit more,,,,POLAR,,,,POLAR,,,EQ,EQ_POLAR,see
4614,0,what's that?,1.0,-NONE-ABAR-WH-,T,WH,NP,NP,OBJ,OBJ,WHNP-1-<INANIM>,WHNP,MQ,MQ_OBJ,
4616,0,do you know what that is?,1.0,-NONE-ABAR-WH-,T,WH,NP,NP,OBJ,OBJ,WHNP-1-<INANIM>,WHNP,EQ,EQ_OBJ,know
4617,0,what's that?,1.0,-NONE-ABAR-WH-,T,WH,NP,NP,OBJ,OBJ,WHNP-1-<INANIM>,WHNP,MQ,MQ_OBJ,
4620,0,"let's see if we can find a, a front loader for you.",,,,POLAR,,,,POLAR,,,EQ,EQ_POLAR,see
4632,0,what's in the baby carriage?,1.0,-NONE-ABAR-WH-,T,WH,NP,NP,SUBJ,SUBJ,WHNP-1-<INANIM>,WHNP,MQ,MQ_SUBJ,
4634,0,what's that?,1.0,-NONE-ABAR-WH-,T,WH,NP,NP,OBJ,OBJ,WHNP-1-<INANIM>,WHNP,MQ,MQ_OBJ,
4637,0,what do we have here?,1.0,-NONE-ABAR-WH-,T,WH,NP,NP,OBJ,OBJ,WHNP-1-<INANIM>-<THEME-V1>,WHNP,MQ,MQ_OBJ,
4639,0,what's that?,1.0,-NONE-ABAR-WH-,T,WH,NP,NP,OBJ,OBJ,WHNP-1-<INANIM>,WHNP,MQ,MQ_OBJ,
4641,0,what's that?,1.0,-NONE-ABAR-WH-,T,WH,NP,NP,OBJ,OBJ,WHNP-1-<INANIM>,WHNP,MQ,MQ_OBJ,
4650,0,what's here.,1.0,-NONE-ABAR-WH-,T,WH,NP,NP,SUBJ,SUBJ,WHNP-1-<INANIM>,WHNP,MQ,MQ_SUBJ,
4652,0,what's that?,1.0,-NONE-ABAR-WH-,T,WH,NP,NP,OBJ,OBJ,WHNP-1-<INANIM>,WHNP,MQ,MQ_OBJ,
4655,0,what are those?,1.0,-NONE-ABAR-WH-,T,WH,NP,NP,OBJ,OBJ,WHNP-1-<INANIM>,WHNP,MQ,MQ_OBJ,
4661,0,what do you need *NULL* to open the door?,1.0,-NONE-ABAR-WH-,T,WH,NP,NP,ADJUNCT,ADJUNCT,WHNP-1-<INANIM>,WHNP,MQ,MQ_ADJUNCT,
4661,1,what do you need *NULL* to open the door?,2.0,-NONE-ABAR-RC-,T,RC,NP,NP,SUBJ,SUBJ,WHNP-2-<INANIM>-<AGENT-V2>,WHNP,RC,RC_SUBJ,
4663,0,where's a key?,1.0,-NONE-ABAR-WH-,T,WH,ADVP,ADVP,ADJUNCT,ADJUNCT,WHADVP-1,WHADVP,MQ,MQ_ADJUNCT,
4665,0,"oh, you're right, that's not what your keys look like.",1.0,-NONE-ABAR-RC-,T,RC,NP,NP,OBJ,OBJ,WHNP-1-<INANIM>,WHNP,EQ,EQ_OBJ,look
4666,0,where are your keys?,1.0,-NONE-ABAR-WH-,T,WH,ADVP,ADVP,ADJUNCT,ADJUNCT,WHADVP-1,WHADVP,MQ,MQ_ADJUNCT,
4668,0,I 'm not sure where your keys are.,1.0,-NONE-ABAR-RC-,T,RC,ADVP,ADVP,ADJUNCT,ADJUNCT,WHADVP-1,WHADVP,EQ,EQ_ADJUNCT,
4686,0,what did you do?,1.0,-NONE-ABAR-WH-,T,WH,NP,NP,OBJ,OBJ,WHNP-1-<INANIM>,WHNP,MQ,MQ_OBJ,
4687,0,where did you go?,1.0,-NONE-ABAR-WH-,T,WH,ADVP,ADVP,ADJUNCT,ADJUNCT,WHADVP-1,WHADVP,MQ,MQ_ADJUNCT,
4710,0,do you want something *NULL* to eat?,1.0,-NONE-ABAR-RC-,T,RC,NP,NP,OBJ,OBJ,WHNP-1-<INANIM>-<PATIENT-V2>,WHNP,RC,RC_OBJ,
4712,0,what is that?,1.0,-NONE-ABAR-WH-,T,WH,NP,NP,OBJ,OBJ,WHNP-1-<INANIM>,WHNP,MQ,MQ_OBJ,
4713,0,what is it?,1.0,-NONE-ABAR-WH-,T,WH,NP,NP,OBJ,OBJ,WHNP-1-<INANIM>,WHNP,MQ,MQ_OBJ,
4719,0,what's that?,1.0,-NONE-ABAR-WH-,T,WH,NP,NP,OBJ,OBJ,WHNP-1-<INANIM>,WHNP,MQ,MQ_OBJ,
4729,0,what's that?,1.0,-NONE-ABAR-WH-,T,WH,NP,NP,OBJ,OBJ,WHNP-1-<ANIM>,WHNP,MQ,MQ_OBJ,
4730,0,that's what comes and sits besides Little Miss Muffet.,1.0,-NONE-ABAR-RC-,T,RC,NP,NP,SUBJ,SUBJ,WHNP-1-<ANIM>-<THEME-V1>-<THEME-V2>,WHNP,EQ,EQ_SUBJ,comes
4735,0,what color is it?,1.0,-NONE-ABAR-WH-,T,WH,NP,NP,OBJ,OBJ,WHNP-1-<INANIM>,WHNP,MQ,MQ_OBJ,
4744,0,they had a lab exercise where they had to race each other for the,1.0,-NONE-ABAR-WH-,T,WH,ADVP,ADVP,ADJUNCT,ADJUNCT,WHADVP-1,WHADVP,RC,RC_ADJUNCT,
4748,0,"yeah, now it's time *NULL* to eat.",1.0,-NONE-ABAR-RC-,T,RC,ADVP,ADVP,ADJUNCT,ADJUNCT,WHADVP-1,WHADVP,RC,RC_ADJUNCT,
4756,0,when you get a little older we'll very nice people who've got a,1.0,-NONE-ABAR-RC-,T,RC,ADVP,ADVP,ADJUNCT,ADJUNCT,WHADVP-1,WHADVP,EQ,EQ_ADJUNCT,
4756,1,when you get a little older we'll very nice people who've got a,2.0,-NONE-ABAR-RC-,T,RC,NP,NP,SUBJ,SUBJ,WHNP-2-<ANIM>-<POSSESS-V2>,WHNP,RC,RC_SUBJ,
4777,0,"why don't you eat your cereal, Child.",1.0,-NONE-ABAR-WH-,T,WH,ADVP,ADVP,ADJUNCT,ADJUNCT,WHADVP-1,WHADVP,MQ,MQ_ADJUNCT,
4782,0,what did he have?,1.0,-NONE-ABAR-WH-,T,WH,NP,NP,OBJ,OBJ,WHNP-1-<INANIM>-<THEME-V1>,WHNP,MQ,MQ_OBJ,
4786,0,"see, if you push it'll fall off like that.",,,,POLAR,,,,POLAR,,,EQ,EQ_POLAR,
4792,0,"if you're big enough to crawl out of your crib, you're big enough to",,,,POLAR,,,,POLAR,,,EQ,EQ_POLAR,
4795,0,"I don't know what Doctor Spock says but I know, I know what I say.",1.0,-NONE-ABAR-RC-,T,RC,NP,NP,OBJ,OBJ,WHNP-1-<INANIM>-<THEME-V2>,WHNP,EQ,EQ_OBJ,know
4795,1,"I don't know what Doctor Spock says but I know, I know what I say.",1.0,-NONE-ABAR-RC-,T,RC,NP,NP,OBJ,OBJ,WHNP-1-<INANIM>-<THEME-V2>,WHNP,EQ,EQ_OBJ,know
4811,0,that's why we're moving him!,1.0,-NONE-ABAR-RC-,T,RC,ADVP,ADVP,ADJUNCT,ADJUNCT,WHADVP-1,WHADVP,EQ,EQ_ADJUNCT,moving
4813,0,then if he wants to get up I can get out of bed.,,,,POLAR,,,,POLAR,,,EQ,EQ_POLAR,
4814,0,there's too much that he could kill himself with down there.,1.0,-NONE-ABAR-WH-,T,WH,NP,NP,OBJ,OBJ,WHNP-1-<INANIM>-<INSTR-V1>,WHNP,RC,RC_OBJ,
4816,0,try it when he's three.,1.0,-NONE-ABAR-RC-,T,RC,NP,NP,OBJ,OBJ,WHADVP-1,WHADVP,EQ,EQ_OBJ,try
4818,0,who's your new cousin?,1.0,-NONE-ABAR-WH-,T,WH,NP,NP,OBJ,OBJ,WHNP-1-<ANIM>,WHNP,MQ,MQ_OBJ,
4820,0,"and what does Noah do for a living, does he build arcs?",1.0,-NONE-ABAR-WH-,T,WH,NP,NP,OBJ,OBJ,WHNP-1-<INANIM>-<THEME-V1>,WHNP,EQ,EQ_OBJ,
4823,0,I still haven't asked if there's a middle name.,,,,POLAR,,,,POLAR,,,EQ,EQ_POLAR,asked
4830,0,what's down there?,1.0,-NONE-ABAR-WH-,T,WH,NP,NP,OBJ,OBJ,WHNP-1-<INANIM>,WHNP,MQ,MQ_OBJ,
4838,0,what am I doing?,1.0,-NONE-ABAR-WH-,T,WH,NP,NP,OBJ,OBJ,WHNP-1-<INANIM>-<PATIENT-V1>,WHNP,MQ,MQ_OBJ,
4844,0,"don't talk with your mouth ful, honey, even if daddy prompts you to.",,,,POLAR,,,,POLAR,,,EQ,EQ_POLAR,
4851,0,and what did the mommy say?,1.0,-NONE-ABAR-WH-,T,WH,NP,NP,OBJ,OBJ,WHNP-1-<INANIM>-<THEME-V1>,WHNP,EQ,EQ_OBJ,
4869,0,what's that?,1.0,-NONE-ABAR-WH-,T,WH,NP,NP,OBJ,OBJ,WHNP-1-<INANIM>,WHNP,MQ,MQ_OBJ,
4879,0,the person who gave them to us gave them to us because he couldn't,1.0,-NONE-ABAR-RC-,T,RC,NP,NP,SUBJ,SUBJ,WHNP-1-<ANIM>-<AGENT-V1>,WHNP,RC,RC_SUBJ,
4880,0,what do you have to do?,1.0,-NONE-ABAR-WH-,T,WH,NP,NP,OBJ,OBJ,WHNP-1-<INANIM>-<PATIENT-V1>,WHNP,MQ,MQ_OBJ,
4886,0,"that's right, who taught you that song?",1.0,-NONE-ABAR-WH-,T,WH,NP,NP,SUBJ,SUBJ,WHNP-1-<ANIM>-<AGENT-V1>,WHNP,MQ,MQ_SUBJ,
4927,0,"which probably was last week or something, so we missed it again.",1.0,-NONE-ABAR-RC-,T,RC,NP,NP,SUBJ,SUBJ,WHNP-1-<INANIM>,WHNP,EQ,EQ_SUBJ,
4932,0,"which, I'll probably forget anyway.",1.0,-NONE-ABAR-RC-,T,RC,NP,NP,OBJ,OBJ,WHNP-1-<INANIM>-<SUBJMATT-V1>,WHNP,EQ,EQ_OBJ,
4946,0,I 'm not sure if it's one week or two weeks but at least a week.,,,,POLAR,,,,POLAR,,,EQ,EQ_POLAR,
4949,0,who's coming on Friday?,1.0,-NONE-ABAR-WH-,T,WH,NP,NP,SUBJ,SUBJ,WHNP-1-<ANIM>-<THEME-V1>,WHNP,MQ,MQ_SUBJ,
4950,0,do you remember who's coming on Friday in an airplane?,1.0,-NONE-ABAR-RC-,T,RC,NP,NP,SUBJ,SUBJ,WHNP-1-<ANIM>-<THEME-V2>,WHNP,EQ,EQ_SUBJ,remember
4953,0,are you going to Kean how you climbed out of the crib?,2.0,-NONE-ABAR-RC-,T,RC,ADVP,ADVP,ADJUNCT,ADJUNCT,WHADVP-2,WHADVP,EQ,EQ_ADJUNCT,climbed
4956,0,what happens when you climb out of your crib.,1.0,-NONE-ABAR-WH-,T,WH,NP,NP,SUBJ,SUBJ,WHNP-1-<INANIM>-<THEME-V1>,WHNP,MQ,MQ_SUBJ,
4956,1,what happens when you climb out of your crib.,2.0,-NONE-ABAR-RC-,T,RC,ADVP,ADVP,ADJUNCT,ADJUNCT,WHADVP-2,WHADVP,EQ,EQ_ADJUNCT,happens
4962,0,"what he must do, he must just pull himself straight up and then",1.0,-NONE-ABAR-WH-,T,WH,NP,NP,OBJ,OBJ,WHNP-1-<INANIM>-<PATIENT-V1>,WHNP,EQ,EQ_OBJ,
4964,0,that's the only way *NULL* I can imagine.,1.0,-NONE-ABAR-RC-,T,RC,NP,NP,OBJ,OBJ,WHNP-1-<INANIM>-<SUBJMATT-V1>,WHNP,RC,RC_OBJ,
4967,0,"he's, that's not that long if he",,,,POLAR,,,,POLAR,,,EQ,EQ_POLAR,
4970,0,actually if he keeps doing it then I'll know.,,,,POLAR,,,,POLAR,,,EQ,EQ_POLAR,
4971,0,"yeah, if he keeps doing it we should block off the stairs and",,,,POLAR,,,,POLAR,,,EQ,EQ_POLAR,
4972,0,"no, that's what I mean, we'll lower the sides so that he can",1.0,-NONE-ABAR-RC-,T,RC,NP,NP,OBJ,OBJ,WHNP-1-<INANIM>-<PATIENT-V1>,WHNP,EQ,EQ_OBJ,mean
4980,0,when you finish your breakfast you can wash your hands.,2.0,-NONE-ABAR-RC-,T,RC,ADVP,ADVP,ADJUNCT,ADJUNCT,WHADVP-2,WHADVP,EQ,EQ_ADJUNCT,
4994,0,you better go ask her if she doesn't mind waiting until eight.,,,,POLAR,,,,POLAR,,,EQ,EQ_POLAR,ask
4997,0,where did you learn that?,1.0,-NONE-ABAR-WH-,T,WH,ADVP,ADVP,ADJUNCT,ADJUNCT,WHADVP-1,WHADVP,MQ,MQ_ADJUNCT,
5004,0,what's broken?,1.0,-NONE-ABAR-WH-,T,WH,NP-2,NP,SUBJ,SUBJ,WHNP-1-<INANIM>-<THEME-V1>,WHNP,MQ,MQ_SUBJ,
5008,0,how could a kiss be broken?,1.0,-NONE-ABAR-WH-,T,WH,ADVP,ADVP,ADJUNCT,ADJUNCT,WHADVP-1,WHADVP,MQ,MQ_ADJUNCT,
5021,0,I don't know why he went into Kean's room but he'll be right out.,1.0,-NONE-ABAR-WH-,T,WH,ADVP,ADVP,ADJUNCT,ADJUNCT,WHADVP-1,WHADVP,EQ,EQ_ADJUNCT,know
5039,0,sometimes if you rush over fast you can get it on your cheek.,,,,POLAR,,,,POLAR,,,EQ,EQ_POLAR,
5047,0,then you can go wash your hands if you want.,,,,POLAR,,,,POLAR,,,EQ,EQ_POLAR,wash
5054,0,how are you going to put on your shoes and socks if you're wearing,,,,POLAR,,,,POLAR,,,EQ,EQ_POLAR,put
5084,0,let's finish the story and then it's time *NULL* to get dressed.,1.0,-NONE-ABAR-RC-,T,RC,ADVP,ADVP,ADJUNCT,ADJUNCT,WHADVP-1,WHADVP,RC,RC_ADJUNCT,
5086,0,"right, those are abc's, can you find some letters that you know?",1.0,-NONE-ABAR-RC-,T,RC,NP,NP,OBJ,OBJ,WHNP-1-<INANIM>-<SUBJMATT-V2>,WHNP,RC,RC_OBJ,
5095,0,do you know what that letter is?,1.0,-NONE-ABAR-WH-,T,WH,NP,NP,OBJ,OBJ,WHNP-1-<INANIM>,WHNP,EQ,EQ_OBJ,know
5098,0,where's an ol?,1.0,-NONE-ABAR-WH-,T,WH,ADVP,ADVP,ADJUNCT,ADJUNCT,WHADVP-1,WHADVP,MQ,MQ_ADJUNCT,
5099,0,where's an ol?,1.0,-NONE-ABAR-WH-,T,WH,ADVP,ADVP,ADJUNCT,ADJUNCT,WHADVP-1,WHADVP,MQ,MQ_ADJUNCT,
5100,0,"right, you saw an al in happy birthday and where's the ol?",1.0,-NONE-ABAR-WH-,T,WH,ADVP,ADVP,ADJUNCT,ADJUNCT,WHADVP-1,WHADVP,MQ,MQ_ADJUNCT,
5118,0,what comes after gl?,1.0,-NONE-ABAR-WH-,T,WH,NP,NP,SUBJ,SUBJ,WHNP-1-<INANIM>-<THEME-V1>,WHNP,MQ,MQ_SUBJ,
5123,0,how can you stay in the house when you have to go to school?,1.0,-NONE-ABAR-WH-,T,WH,ADVP,ADVP,ADJUNCT,ADJUNCT,WHADVP-1,WHADVP,MQ,MQ_ADJUNCT,
5123,1,how can you stay in the house when you have to go to school?,2.0,-NONE-ABAR-RC-,T,RC,ADVP,ADVP,ADJUNCT,ADJUNCT,WHADVP-2,WHADVP,EQ,EQ_ADJUNCT,stay
5145,0,"yeah, what color is mommy's shirt?",1.0,-NONE-ABAR-WH-,T,WH,NP,NP,OBJ,OBJ,WHNP-1-<INANIM>,WHNP,MQ,MQ_OBJ,
5159,0,what color is this shirt?,1.0,-NONE-ABAR-WH-,T,WH,NP,NP,OBJ,OBJ,WHNP-1-<INANIM>,WHNP,MQ,MQ_OBJ,
5161,0,what's the big deal?,1.0,-NONE-ABAR-WH-,T,WH,NP,NP,OBJ,OBJ,WHNP-1-<INANIM>,WHNP,MQ,MQ_OBJ,
5165,0,if they put the heat on in school you can take off,,,,POLAR,,,,POLAR,,,EQ,EQ_POLAR,
5224,0,what is this?,1.0,-NONE-ABAR-WH-,T,WH,NP,NP,OBJ,OBJ,WHNP-1-<INANIM>,WHNP,MQ,MQ_OBJ,
5251,0,what do you see?,1.0,-NONE-ABAR-WH-,T,WH,NP,NP,OBJ,OBJ,WHNP-1-<INANIM>-<SUBJMATT-V1>,WHNP,MQ,MQ_OBJ,
5258,0,if she doesn't remember today she'll bring it tomorrow.,,,,POLAR,,,,POLAR,,,EQ,EQ_POLAR,
5263,0,"see, you have a little cut under your eye where you scratched.",1.0,-NONE-ABAR-RC-,T,RC,ADVP,ADVP,ADJUNCT,ADJUNCT,WHADVP-1,WHADVP,EQ,EQ_ADJUNCT,have
5264,0,"Child, we did six already, we only have four more *NULL* to go.",1.0,-NONE-ABAR-RC-,T,RC,NP,NP,OBJ,OBJ,WHNP-1-<INANIM>-<THEME-V3>,WHNP,RC,RC_OBJ,
5272,0,"Child, you know why you're in such a bad mood, it's because you got",1.0,-NONE-ABAR-WH-,T,WH,ADVP,ADVP,ADJUNCT,ADJUNCT,WHADVP-1,WHADVP,EQ,EQ_ADJUNCT,know
5296,0,is there paper *NULL* for her to color on?,1.0,-NONE-ABAR-RC-,T,RC,NP,NP,OBJ,OBJ,WHNP-1-<INANIM>-<PATIENT-V1>,WHNP,RC,RC_OBJ,
5298,0,maybe if there's some that's light colored.,,,,POLAR,,,,POLAR,,,EQ,EQ_POLAR,
5298,1,maybe if there's some that's light colored.,1.0,-NONE-ABAR-RC-,T,RC,NP,NP,SUBJ,SUBJ,WHNP-1-<INANIM>,WHNP,RC,RC_SUBJ,
5301,0,who is this?,1.0,-NONE-ABAR-WH-,T,WH,NP,NP,OBJ,OBJ,WHNP-1-<ANIM>,WHNP,MQ,MQ_OBJ,
5302,0,do you know where all the dolls are?,1.0,-NONE-ABAR-WH-,T,WH,ADVP,ADVP,ADJUNCT,ADJUNCT,WHADVP-1,WHADVP,EQ,EQ_ADJUNCT,know
5306,0,paper and here's something *NULL* you haven't seen in ages.,1.0,-NONE-ABAR-RC-,T,RC,NP,NP,OBJ,OBJ,WHNP-1-<INANIM>-<SUBJMATT-V1>,WHNP,RC,RC_OBJ,
5307,0,crayons that aren't all busted up into a thousand pieces.,1.0,-NONE-ABAR-RC-,T,RC,NP-2,NP,SUBJ,SUBJ,WHNP-1-<INANIM>-<THEME-V1>,WHNP,RC,RC_SUBJ,
5309,0,why don't you draw a picture of this kitty?,1.0,-NONE-ABAR-WH-,T,WH,ADVP,ADVP,ADJUNCT,ADJUNCT,WHADVP-1,WHADVP,MQ,MQ_ADJUNCT,
5316,0,"why don't you, can you show me where the kitty's ears are?",1.0,-NONE-ABAR-RC-,T,RC,ADVP,ADVP,ADJUNCT,ADJUNCT,WHADVP-1,WHADVP,EQ,EQ_ADJUNCT,show
5321,0,can you draw one that looks like that?,1.0,-NONE-ABAR-RC-,T,RC,NP,NP,SUBJ,SUBJ,WHNP-1-<INANIM>-<SUBJMATT-V2>,WHNP,RC,RC_SUBJ,
5324,0,why don't I make a body on this kitty first?,1.0,-NONE-ABAR-WH-,T,WH,ADVP,ADVP,ADJUNCT,ADJUNCT,WHADVP-1,WHADVP,MQ,MQ_ADJUNCT,
5325,0,"here, what are these?",1.0,-NONE-ABAR-WH-,T,WH,NP,NP,OBJ,OBJ,WHNP-1-<INANIM>,WHNP,MQ,MQ_OBJ,
5326,0,what are these?,1.0,-NONE-ABAR-WH-,T,WH,NP,NP,OBJ,OBJ,WHNP-1-<INANIM>,WHNP,MQ,MQ_OBJ,
5330,0,should we make a kitty *NULL* lying down?,1.0,-NONE-ABAR-RC-,T,RC,NP,NP,SUBJ,SUBJ,WHNP-1-<ANIM>-<THEME-V2>,WHNP,RC,RC_SUBJ,
5332,0,what's that?,1.0,-NONE-ABAR-WH-,T,WH,NP,NP,OBJ,OBJ,WHNP-1-<INANIM>,WHNP,MQ,MQ_OBJ,
5333,0,what do I need to put in?,1.0,-NONE-ABAR-WH-,T,WH,NP,NP,OBJ,OBJ,WHNP-1-<INANIM>-<PATIENT-V2>,WHNP,MQ,MQ_OBJ,
5334,0,what are those?,1.0,-NONE-ABAR-WH-,T,WH,NP,NP,OBJ,OBJ,WHNP-1-<INANIM>,WHNP,MQ,MQ_OBJ,
5337,0,"there, how's that?",1.0,-NONE-ABAR-WH-,T,WH,ADVP,ADVP,ADJUNCT,ADJUNCT,WHADVP-1,WHADVP,MQ,MQ_ADJUNCT,
5340,0,now what should we draw?,1.0,-NONE-ABAR-WH-,T,WH,NP,NP,OBJ,OBJ,WHNP-1-<INANIM>-<PATIENT-V1>,WHNP,MQ,MQ_OBJ,
5345,0,what should this kitty do?,1.0,-NONE-ABAR-WH-,T,WH,NP,NP,OBJ,OBJ,WHNP-1-<INANIM>-<PATIENT-V1>,WHNP,MQ,MQ_OBJ,
5346,0,what's this?,1.0,-NONE-ABAR-WH-,T,WH,NP,NP,OBJ,OBJ,WHNP-1-<INANIM>,WHNP,MQ,MQ_OBJ,
5348,0,"oh, what's that one, Child?",1.0,-NONE-ABAR-WH-,T,WH,NP,NP,OBJ,OBJ,WHNP-1-<INANIM>,WHNP,MQ,MQ_OBJ,
5349,0,what's that?,1.0,-NONE-ABAR-WH-,T,WH,NP,NP,OBJ,OBJ,WHNP-1-<INANIM>,WHNP,MQ,MQ_OBJ,
5351,0,what is it?,1.0,-NONE-ABAR-WH-,T,WH,NP,NP,OBJ,OBJ,WHNP-1-<INANIM>,WHNP,MQ,MQ_OBJ,
5352,0,do you know what it is?,1.0,-NONE-ABAR-WH-,T,WH,NP,NP,OBJ,OBJ,WHNP-1-<INANIM>,WHNP,EQ,EQ_OBJ,know
5354,0,what's that?,1.0,-NONE-ABAR-WH-,T,WH,NP,NP,OBJ,OBJ,WHNP-1-<INANIM>,WHNP,MQ,MQ_OBJ,
5355,0,what's that one?,1.0,-NONE-ABAR-WH-,T,WH,NP,NP,OBJ,OBJ,WHNP-1-<INANIM>,WHNP,MQ,MQ_OBJ,
5357,0,what does a lion do?,1.0,-NONE-ABAR-WH-,T,WH,NP,NP,OBJ,OBJ,WHNP-1-<INANIM>-<PATIENT-V1>,WHNP,MQ,MQ_OBJ,
5358,0,do you remember what the lion says?,1.0,-NONE-ABAR-WH-,T,WH,NP,NP,OBJ,OBJ,WHNP-1-<INANIM>-<THEME-V2>,WHNP,EQ,EQ_OBJ,remember
5360,0,what are those things *NULL* you found?,2.0,-NONE-ABAR-RC-,T,RC,NP,NP,OBJ,OBJ,WHNP-2-<INANIM>-<PATIENT-V1>,WHNP,RC,RC_OBJ,
5360,1,what are those things *NULL* you found?,1.0,-NONE-ABAR-WH-,T,WH,NP,NP,OBJ,OBJ,WHNP-1-<INANIM>,WHNP,MQ,MQ_OBJ,
5362,0,"why don't you put them up on the table, we'll see if we can figure",,,,POLAR,,,,POLAR,,,EQ,EQ_POLAR,see
5362,1,"why don't you put them up on the table, we'll see if we can figure",1.0,-NONE-ABAR-WH-,T,WH,ADVP,ADVP,ADJUNCT,ADJUNCT,WHADVP-1,WHADVP,MQ,MQ_ADJUNCT,
5364,0,"where, where's the lion?",1.0,-NONE-ABAR-WH-,T,WH,ADVP,ADVP,ADJUNCT,ADJUNCT,WHADVP-1,WHADVP,MQ,MQ_ADJUNCT,
5368,0,what's that one?,1.0,-NONE-ABAR-WH-,T,WH,NP,NP,OBJ,OBJ,WHNP-1-<INANIM>,WHNP,MQ,MQ_OBJ,
5376,0,and what's that bear doing?,1.0,-NONE-ABAR-WH-,T,WH,NP,NP,OBJ,OBJ,WHNP-1-<INANIM>-<PATIENT-V1>,WHNP,EQ,EQ_OBJ,
5388,0,"no, he's not standing up, what's he doing?",1.0,-NONE-ABAR-WH-,T,WH,NP,NP,OBJ,OBJ,WHNP-1-<INANIM>-<PATIENT-V1>,WHNP,MQ,MQ_OBJ,
5390,0,why don't you bring all the animals?,1.0,-NONE-ABAR-WH-,T,WH,ADVP,ADVP,ADJUNCT,ADJUNCT,WHADVP-1,WHADVP,MQ,MQ_ADJUNCT,
5394,0,what's that?,1.0,-NONE-ABAR-WH-,T,WH,NP,NP,OBJ,OBJ,WHNP-1-<INANIM>,WHNP,MQ,MQ_OBJ,
5403,0,what's he doing?,1.0,-NONE-ABAR-WH-,T,WH,NP,NP,OBJ,OBJ,WHNP-1-<INANIM>-<PATIENT-V1>,WHNP,MQ,MQ_OBJ,
5404,0,"ah, what is that?",1.0,-NONE-ABAR-WH-,T,WH,NP,NP,OBJ,OBJ,WHNP-1-<INANIM>,WHNP,MQ,MQ_OBJ,
5405,0,what does the monkey do?,1.0,-NONE-ABAR-WH-,T,WH,NP,NP,OBJ,OBJ,WHNP-1-<INANIM>-<PATIENT-V1>,WHNP,MQ,MQ_OBJ,
5408,0,what's the monkey do?,1.0,-NONE-ABAR-WH-,T,WH,NP,NP,OBJ,OBJ,WHNP-1-<INANIM>-<PATIENT-V1>,WHNP,MQ,MQ_OBJ,
5413,0,and what's that one?,1.0,-NONE-ABAR-WH-,T,WH,NP,NP,OBJ,OBJ,WHNP-1-<INANIM>,WHNP,EQ,EQ_OBJ,
5416,0,where are all the bears here?,1.0,-NONE-ABAR-WH-,T,WH,ADVP,ADVP,ADJUNCT,ADJUNCT,WHADVP-1,WHADVP,MQ,MQ_ADJUNCT,
5417,0,where are all the bears?,1.0,-NONE-ABAR-WH-,T,WH,ADVP,ADVP,ADJUNCT,ADJUNCT,WHADVP-1,WHADVP,MQ,MQ_ADJUNCT,
5419,0,"where are they, Child?",1.0,-NONE-ABAR-WH-,T,WH,ADVP,ADVP,ADJUNCT,ADJUNCT,WHADVP-1,WHADVP,MQ,MQ_ADJUNCT,
5429,0,what are these?,1.0,-NONE-ABAR-WH-,T,WH,NP,NP,OBJ,OBJ,WHNP-1-<INANIM>,WHNP,MQ,MQ_OBJ,
5430,0,what did I make for you?,1.0,-NONE-ABAR-WH-,T,WH,NP,NP,OBJ,OBJ,WHNP-1-<INANIM>-<PATIENT-V1>,WHNP,MQ,MQ_OBJ,
5455,0,I think what we need is a house.,1.0,-NONE-ABAR-RC-,T,RC,NP,NP,OBJ,OBJ,WHNP-1-<INANIM>-<SUBJMATT-V2>,WHNP,EQ,EQ_OBJ,think
5480,0,what's that bird doing?,1.0,-NONE-ABAR-WH-,T,WH,NP,NP,OBJ,OBJ,WHNP-1-<INANIM>-<PATIENT-V1>,WHNP,MQ,MQ_OBJ,
5481,0,what's that bird doing?,1.0,-NONE-ABAR-WH-,T,WH,NP,NP,OBJ,OBJ,WHNP-1-<INANIM>-<PATIENT-V1>,WHNP,MQ,MQ_OBJ,
5494,0,can you show Observer what that is?,1.0,-NONE-ABAR-RC-,T,RC,NP,NP,OBJ,OBJ,WHNP-1-<INANIM>,WHNP,EQ,EQ_OBJ,show
5496,0,"tell her what it is, Child.",1.0,-NONE-ABAR-RC-,T,RC,NP,NP,OBJ,OBJ,WHNP-1-<INANIM>,WHNP,EQ,EQ_OBJ,tell
5497,0,"what is this, Child?",1.0,-NONE-ABAR-WH-,T,WH,NP,NP,OBJ,OBJ,WHNP-1-<INANIM>,WHNP,MQ,MQ_OBJ,
5499,0,what are you doing?,1.0,-NONE-ABAR-WH-,T,WH,NP,NP,OBJ,OBJ,WHNP-1-<INANIM>-<PATIENT-V1>,WHNP,MQ,MQ_OBJ,
5500,0,now what are you doing?,1.0,-NONE-ABAR-WH-,T,WH,NP,NP,OBJ,OBJ,WHNP-1-<INANIM>-<PATIENT-V1>,WHNP,MQ,MQ_OBJ,
5508,0,who'd you find?,1.0,-NONE-ABAR-WH-,T,WH,NP,NP,OBJ,OBJ,WHNP-1-<INANIM>-<PATIENT-V1>,WHNP,MQ,MQ_OBJ,
5511,0,what's that?,1.0,-NONE-ABAR-WH-,T,WH,NP,NP,OBJ,OBJ,WHNP-1-<INANIM>,WHNP,MQ,MQ_OBJ,
5513,0,what is it?,1.0,-NONE-ABAR-WH-,T,WH,NP,NP,OBJ,OBJ,WHNP-1-<INANIM>,WHNP,MQ,MQ_OBJ,
5514,0,what did you find?,1.0,-NONE-ABAR-WH-,T,WH,NP,NP,OBJ,OBJ,WHNP-1-<INANIM>-<PATIENT-V1>,WHNP,MQ,MQ_OBJ,
5515,0,what are you doing with them?,1.0,-NONE-ABAR-WH-,T,WH,NP,NP,OBJ,OBJ,WHNP-1-<INANIM>-<THEME-V1>,WHNP,MQ,MQ_OBJ,
5518,0,tell her to throw it if you want it back.,,,,POLAR,,,,POLAR,,,EQ,EQ_POLAR,throw
5524,0,what should she do?,1.0,-NONE-ABAR-WH-,T,WH,NP,NP,OBJ,OBJ,WHNP-1-<INANIM>-<PATIENT-V1>,WHNP,MQ,MQ_OBJ,
5529,0,"remember how to do it backwards, sweetie.",1.0,-NONE-ABAR-RC-,T,RC,ADVP,ADVP,ADJUNCT,ADJUNCT,WHADVP-1,WHADVP,EQ,EQ_ADJUNCT,remember
5532,0,why don't you leave the doll here while you climb down.,1.0,-NONE-ABAR-WH-,T,WH,ADVP,ADVP,ADJUNCT,ADJUNCT,WHADVP-1,WHADVP,MQ,MQ_ADJUNCT,
5541,0,why don't you show them to the dolly?,1.0,-NONE-ABAR-WH-,T,WH,ADVP,ADVP,ADJUNCT,ADJUNCT,WHADVP-1,WHADVP,MQ,MQ_ADJUNCT,
5558,0,"yeah, look what happens when you lie her down.",1.0,-NONE-ABAR-RC-,T,RC,NP,NP,SUBJ,SUBJ,WHNP-1-<INANIM>-<THEME-V2>,WHNP,EQ,EQ_SUBJ,look
5558,1,"yeah, look what happens when you lie her down.",2.0,-NONE-ABAR-RC-,T,RC,ADVP,ADVP,ADJUNCT,ADJUNCT,WHADVP-2,WHADVP,EQ,EQ_ADJUNCT,happens
5560,0,now what are you doing with the animals?,1.0,-NONE-ABAR-WH-,T,WH,NP,NP,OBJ,OBJ,WHNP-1-<INANIM>-<THEME-V1>,WHNP,MQ,MQ_OBJ,
5561,0,that was the door *NULL* closing.,1.0,-NONE-ABAR-RC-,T,RC,NP,NP,OBJ,OBJ,WHNP-1-<INANIM>-<THEME-V1>,WHNP,RC,RC_OBJ,
5562,0,what he's doing.,1.0,-NONE-ABAR-RC-,T,RC,NP,NP,OBJ,OBJ,WHNP-1-<INANIM>-<PATIENT-V1>,WHNP,EQ,EQ_OBJ,
5575,0,let's see if we can.,,,,POLAR,,,,POLAR,,,EQ,EQ_POLAR,see
5577,0,let's see if we can make a chair.,,,,POLAR,,,,POLAR,,,EQ,EQ_POLAR,see
5581,0,who sits in the chair?,1.0,-NONE-ABAR-WH-,T,WH,NP,NP,SUBJ,SUBJ,WHNP-1-<INANIM>-<THEME-V1>,WHNP,MQ,MQ_SUBJ,
5586,0,"put the, where's that panda bear?",1.0,-NONE-ABAR-WH-,T,WH,ADVP,ADVP,ADJUNCT,ADJUNCT,WHADVP-1,WHADVP,MQ,MQ_ADJUNCT,
5594,0,what happened?,1.0,-NONE-ABAR-WH-,T,WH,NP,NP,SUBJ,SUBJ,WHNP-1-<INANIM>-<THEME-V1>,WHNP,MQ,MQ_SUBJ,
5595,0,what happened to that poor bear?,1.0,-NONE-ABAR-WH-,T,WH,NP,NP,SUBJ,SUBJ,WHNP-1-<INANIM>-<THEME-V1>,WHNP,MQ,MQ_SUBJ,
5597,0,"it's just when that birdie flew over he had some trouble, huh?",1.0,-NONE-ABAR-RC-,T,RC,ADVP,ADVP,ADJUNCT,ADJUNCT,WHADVP-1,WHADVP,EQ,EQ_ADJUNCT,flew
5598,0,that birdie fly over to see what was happening?,1.0,-NONE-ABAR-RC-,T,RC,NP,NP,SUBJ,SUBJ,WHNP-1-<INANIM>-<THEME-V3>,WHNP,EQ,EQ_SUBJ,see
5600,0,what happened?,1.0,-NONE-ABAR-WH-,T,WH,NP,NP,SUBJ,SUBJ,WHNP-1-<INANIM>-<THEME-V1>,WHNP,MQ,MQ_SUBJ,
5604,0,"well, why don't you leave the doll here, it's a little hard to climb",1.0,-NONE-ABAR-WH-,T,WH,ADVP,ADVP,ADJUNCT,ADJUNCT,WHADVP-1,WHADVP,MQ,MQ_ADJUNCT,
5619,0,now what are you going to do?,1.0,-NONE-ABAR-WH-,T,WH,NP,NP,OBJ,OBJ,WHNP-1-<INANIM>-<PATIENT-V1>,WHNP,MQ,MQ_OBJ,
5620,0,what is the bear?,1.0,-NONE-ABAR-WH-,T,WH,NP,NP,OBJ,OBJ,WHNP-1-<INANIM>,WHNP,MQ,MQ_OBJ,
5624,0,where's the bear?,1.0,-NONE-ABAR-WH-,T,WH,ADVP,ADVP,ADJUNCT,ADJUNCT,WHADVP-1,WHADVP,MQ,MQ_ADJUNCT,
5643,0,how's that?,1.0,-NONE-ABAR-WH-,T,WH,ADVP,ADVP,ADJUNCT,ADJUNCT,WHADVP-1,WHADVP,MQ,MQ_ADJUNCT,
5648,0,what is this?,1.0,-NONE-ABAR-WH-,T,WH,NP,NP,OBJ,OBJ,WHNP-1-<INANIM>,WHNP,MQ,MQ_OBJ,
5660,0,what kind of animals are those?,1.0,-NONE-ABAR-WH-,T,WH,NP,NP,ADJUNCT,ADJUNCT,WHNP-1-<INANIM>,WHNP,MQ,MQ_ADJUNCT,
5662,0,what are those things?,1.0,-NONE-ABAR-WH-,T,WH,NP,NP,OBJ,OBJ,WHNP-1-<INANIM>,WHNP,MQ,MQ_OBJ,
5663,0,you know what we do with this?,1.0,-NONE-ABAR-WH-,T,WH,NP,NP,OBJ,OBJ,WHNP-1-<INANIM>-<THEME-V2>,WHNP,EQ,EQ_OBJ,know
5667,0,this is what the doctor uses.,1.0,-NONE-ABAR-RC-,T,RC,NP,NP,OBJ,OBJ,WHNP-1-<INANIM>-<PATIENT-V1>,WHNP,EQ,EQ_OBJ,uses
5668,0,you know how they do it?,1.0,-NONE-ABAR-WH-,T,WH,ADVP,ADVP,ADJUNCT,ADJUNCT,WHADVP-1,WHADVP,EQ,EQ_ADJUNCT,know
5670,0,what is this?,1.0,-NONE-ABAR-WH-,T,WH,NP,NP,OBJ,OBJ,WHNP-1-<INANIM>,WHNP,MQ,MQ_OBJ,
5672,0,here's how it works.,1.0,-NONE-ABAR-RC-,T,RC,ADVP,ADVP,ADJUNCT,ADJUNCT,WHADVP-1,WHADVP,EQ,EQ_ADJUNCT,works
5695,0,"ok, where's her knee?",1.0,-NONE-ABAR-WH-,T,WH,ADVP,ADVP,ADJUNCT,ADJUNCT,WHADVP-1,WHADVP,MQ,MQ_ADJUNCT,
5715,0,let's see if your knee works.,,,,POLAR,,,,POLAR,,,EQ,EQ_POLAR,see
5721,0,now what are we going to do now?,1.0,-NONE-ABAR-WH-,T,WH,NP,NP,OBJ,OBJ,WHNP-1-<INANIM>-<PATIENT-V1>,WHNP,MQ,MQ_OBJ,
5724,0,"oh, poor dolly, that hurts the dolly when you hit her too hard.",1.0,-NONE-ABAR-RC-,T,RC,ADVP,ADVP,ADJUNCT,ADJUNCT,WHADVP-1,WHADVP,EQ,EQ_ADJUNCT,hurts
5731,0,"ok, now if you get that blue thing from Observer we can test her",,,,POLAR,,,,POLAR,,,EQ,EQ_POLAR,
5737,0,here's how we do it.,1.0,-NONE-ABAR-RC-,T,RC,ADVP,ADVP,ADJUNCT,ADJUNCT,WHADVP-1,WHADVP,EQ,EQ_ADJUNCT,do
5743,0,"here, I'll look in your eye to show you how to do it, ok?",1.0,-NONE-ABAR-RC-,T,RC,ADVP,ADVP,ADJUNCT,ADJUNCT,WHADVP-1,WHADVP,EQ,EQ_ADJUNCT,show
5754,0,"ok, let's see if she's ok.",,,,POLAR,,,,POLAR,,,EQ,EQ_POLAR,see
5768,0,"oh, there's one *NULL* you missed.",1.0,-NONE-ABAR-RC-,T,RC,NP,NP,OBJ,OBJ,WHNP-1-<INANIM>-<SUBJMATT-V1>,WHNP,RC,RC_OBJ,
5771,0,what are you going to do?,1.0,-NONE-ABAR-WH-,T,WH,NP,NP,OBJ,OBJ,WHNP-1-<ANIM>-<PATIENT-V1>,WHNP,MQ,MQ_OBJ,
5794,0,what do we do with that?,1.0,-NONE-ABAR-WH-,T,WH,NP,NP,OBJ,OBJ,WHNP-1-<INANIM>-<THEME-V1>,WHNP,MQ,MQ_OBJ,
5795,0,what do we listen to with that thing?,1.0,-NONE-ABAR-WH-,T,WH,NP,NP,OBJ,OBJ,WHNP-1-<INANIM>-<PATIENT-V1>,WHNP,MQ,MQ_OBJ,
5797,0,what's this up here?,1.0,-NONE-ABAR-WH-,T,WH,NP,NP,OBJ,OBJ,WHNP-1-<INANIM>,WHNP,MQ,MQ_OBJ,
5798,0,what's in there?,1.0,-NONE-ABAR-WH-,T,WH,NP,NP,OBJ,OBJ,WHNP-1-<INANIM>,WHNP,MQ,MQ_OBJ,
5806,0,what am I listening to?,1.0,-NONE-ABAR-WH-,T,WH,NP,NP,OBJ,OBJ,WHNP-1-<INANIM>-<PATIENT-V1>,WHNP,MQ,MQ_OBJ,
5812,0,what is that thing?,1.0,-NONE-ABAR-WH-,T,WH,NP,NP,OBJ,OBJ,WHNP-1-<INANIM>,WHNP,MQ,MQ_OBJ,
5813,0,"what does it do, Child?",1.0,-NONE-ABAR-WH-,T,WH,NP,NP,OBJ,OBJ,WHNP-1-<INANIM>-<PATIENT-V1>,WHNP,MQ,MQ_OBJ,
5814,0,"well, tell me what it does.",1.0,-NONE-ABAR-RC-,T,RC,NP,NP,OBJ,OBJ,WHNP-1-<INANIM>-<PATIENT-V2>,WHNP,EQ,EQ_OBJ,tell
5815,0,"you, what you do.",1.0,-NONE-ABAR-WH-,T,WH,NP,NP,OBJ,OBJ,WHNP-1-<INANIM>-<PATIENT-V1>,WHNP,EQ,EQ_OBJ,
5817,0,and then what happens?,1.0,-NONE-ABAR-WH-,T,WH,NP,NP,SUBJ,SUBJ,WHNP-1-<INANIM>-<THEME-V1>,WHNP,EQ,EQ_SUBJ,
5818,0,what happens?,1.0,-NONE-ABAR-WH-,T,WH,NP,NP,SUBJ,SUBJ,WHNP-1-<INANIM>-<THEME-V1>,WHNP,MQ,MQ_SUBJ,
5819,0,what happens when you squeeze?,1.0,-NONE-ABAR-WH-,T,WH,NP,NP,SUBJ,SUBJ,WHNP-1-<INANIM>-<THEME-V1>,WHNP,MQ,MQ_SUBJ,
5819,1,what happens when you squeeze?,2.0,-NONE-ABAR-RC-,T,RC,ADVP,ADVP,ADJUNCT,ADJUNCT,WHADVP-2,WHADVP,EQ,EQ_ADJUNCT,happens
5820,0,what do you think this is?,1.0,-NONE-ABAR-WH-,T,WH,NP,NP,OBJ,OBJ,WHNP-1-<INANIM>,WHNP,EQ,EQ_OBJ,think
5821,0,you know what that is?,1.0,-NONE-ABAR-WH-,T,WH,NP,NP,OBJ,OBJ,WHNP-1-<INANIM>,WHNP,EQ,EQ_OBJ,know
5824,0,where's your medicine?,1.0,-NONE-ABAR-WH-,T,WH,ADVP,ADVP,ADJUNCT,ADJUNCT,WHADVP-1,WHADVP,MQ,MQ_ADJUNCT,
5827,0,what do you do with this medicine?,1.0,-NONE-ABAR-WH-,T,WH,NP,NP,OBJ,OBJ,WHNP-1-<INANIM>-<THEME-V1>,WHNP,MQ,MQ_OBJ,
5829,0,remember how we did it this morning?,1.0,-NONE-ABAR-WH-,T,WH,ADVP,ADVP,ADJUNCT,ADJUNCT,WHADVP-1,WHADVP,EQ,EQ_ADJUNCT,remember
5836,0,you want to see if you can?,,,,POLAR,,,,POLAR,,,EQ,EQ_POLAR,see
5840,0,that's sort of like the medicine *NULL we have at home.,1.0,-NONE-ABAR-RC-,T,RC,NP,NP,OBJ,OBJ,WHNP-1-<INANIM>-<THEME-V1>,WHNP,RC,RC_OBJ,
5845,0,"ok, now what do you do?",1.0,-NONE-ABAR-WH-,T,WH,NP,NP,OBJ,OBJ,WHNP-1-<INANIM>-<PATIENT-V1>,WHNP,MQ,MQ_OBJ,
5846,0,after it's open what do you do?,1.0,-NONE-ABAR-WH-,T,WH,NP,NP,OBJ,OBJ,WHNP-1-<INANIM>-<PATIENT-V1>,WHNP,MQ,MQ_OBJ,
5847,0,that's right and then what do you do?,1.0,-NONE-ABAR-WH-,T,WH,NP,NP,OBJ,OBJ,WHNP-1-<INANIM>-<PATIENT-V1>,WHNP,MQ,MQ_OBJ,
5856,0,"here, why don't you let me hold your medicine.",1.0,-NONE-ABAR-WH-,T,WH,ADVP,ADVP,ADJUNCT,ADJUNCT,WHADVP-1,WHADVP,MQ,MQ_ADJUNCT,
5889,0,you know what that thing is *NULL you're climbing on?,1.0,-NONE-ABAR-WH-,T,WH,NP,NP,OBJ,OBJ,WHNP-1-<INANIM>,WHNP,EQ,EQ_OBJ,know
5889,1,you know what that thing is *NULL you're climbing on?,2.0,-NONE-ABAR-RC-,T,RC,NP,NP,OBJ,OBJ,WHNP-2-<INANIM>-<PATIENT-V2>,WHNP,EQ,EQ_OBJ,climbing
5890,0,what's that called that you're climbing on?,1.0,-NONE-ABAR-WH-,T,WH,NP,NP,OBJ,OBJ,WHNP-1-<INANIM>-<THEME-V1>,WHNP,MQ,MQ_OBJ,
5890,1,what's that called that you're climbing on?,2.0,-NONE-ABAR-RC-,T,RC,NP,NP,OBJ,OBJ,WHNP-2-<INANIM>-<PATIENT-V2>,WHNP,EQ,EQ_OBJ,called
5894,0,what are these?,1.0,-NONE-ABAR-WH-,T,WH,NP,NP,OBJ,OBJ,WHNP-1-<INANIM>,WHNP,MQ,MQ_OBJ,
5911,0,where's his eye?,1.0,-NONE-ABAR-WH-,T,WH,ADVP,ADVP,ADJUNCT,ADJUNCT,WHADVP-1,WHADVP,MQ,MQ_ADJUNCT,
5916,0,what's that?,1.0,-NONE-ABAR-WH-,T,WH,NP,NP,OBJ,OBJ,WHNP-1-<INANIM>,WHNP,MQ,MQ_OBJ,
5918,0,what else do we need?,1.0,-NONE-ABAR-WH-,T,WH,NP,NP,OBJ,OBJ,WHNP-1-<INANIM>-<SUBJMATT-V1>,WHNP,MQ,MQ_OBJ,
5920,0,how's that?,1.0,-NONE-ABAR-WH-,T,WH,ADVP,ADVP,ADJUNCT,ADJUNCT,WHADVP-1,WHADVP,MQ,MQ_ADJUNCT,
5922,0,how's that?,1.0,-NONE-ABAR-WH-,T,WH,ADVP,ADVP,ADJUNCT,ADJUNCT,WHADVP-1,WHADVP,MQ,MQ_ADJUNCT,
5925,0,you know what we forgot?,1.0,-NONE-ABAR-WH-,T,WH,NP,NP,OBJ,OBJ,WHNP-1-<INANIM>-<SUBJMATT-V2>,WHNP,EQ,EQ_OBJ,know
5947,0,if you want them back you say throw it.,,,,POLAR,,,,POLAR,,,EQ,EQ_POLAR,
5963,0,what did you hurt?,1.0,-NONE-ABAR-WH-,T,WH,NP,NP,OBJ,OBJ,WHNP-1-<INANIM>-<PATIENT-V1>,WHNP,MQ,MQ_OBJ,
5964,0,how about if you draw a picture of a lion?,,,,POLAR,,,,POLAR,,,EQ,EQ_POLAR,
5966,0,"what, what am I supposed to draw you a picture of this time?",1.0,-NONE-ABAR-WH-,T,WH,NP,NP,OBJ,OBJ,WHNP-1-<INANIM>,WHNP,MQ,MQ_OBJ,
5972,0,"it looks just like that, what do you mean?",1.0,-NONE-ABAR-WH-,T,WH,NP,NP,OBJ,OBJ,WHNP-1-<INANIM>-<PATIENT-V2>,WHNP,MQ,MQ_OBJ,
5979,0,what do you want to do?,1.0,-NONE-ABAR-WH-,T,WH,NP,NP,OBJ,OBJ,WHNP-1-<INANIM>-<PATIENT-V2>,WHNP,MQ,MQ_OBJ,
5982,0,want to see if you can make this bird fly over to the other table?,,,,POLAR,,,,POLAR,,,EQ,EQ_POLAR,see
5989,0,who's this?,1.0,-NONE-ABAR-WH-,T,WH,NP,NP,OBJ,OBJ,WHNP-1-<ANIM>,WHNP,MQ,MQ_OBJ,
5998,0,what are you doing now?,1.0,-NONE-ABAR-WH-,T,WH,NP,NP,OBJ,OBJ,WHNP-1-<INANIM>-<PATIENT-V1>,WHNP,MQ,MQ_OBJ,
6000,0,"I think you, why don't you come down here and do your jumping?",1.0,-NONE-ABAR-WH-,T,WH,ADVP,ADVP,ADJUNCT,ADJUNCT,WHADVP-1,WHADVP,MQ,MQ_ADJUNCT,
6024,0,what is that?,1.0,-NONE-ABAR-WH-,T,WH,NP,NP,OBJ,OBJ,WHNP-1-<INANIM>,WHNP,MQ,MQ_OBJ,
6028,0,what are you coloring?,1.0,-NONE-ABAR-WH-,T,WH,NP,NP,OBJ,OBJ,WHNP-1-<INANIM>-<PATIENT-V1>,WHNP,MQ,MQ_OBJ,
6042,0,where's red?,1.0,-NONE-ABAR-WH-,T,WH,ADVP,ADVP,ADJUNCT,ADJUNCT,WHADVP-1,WHADVP,MQ,MQ_ADJUNCT,
6044,0,which one is red?,1.0,-NONE-ABAR-WH-,T,WH,NP,NP,SUBJ,SUBJ,WHNP-1-<INANIM>,WHNP,MQ,MQ_SUBJ,
6049,0,what is that thing?,1.0,-NONE-ABAR-WH-,T,WH,NP,NP,OBJ,OBJ,WHNP-1-<INANIM>,WHNP,MQ,MQ_OBJ,
6050,0,"oh, you know what that is?",1.0,-NONE-ABAR-WH-,T,WH,NP,NP,OBJ,OBJ,WHNP-1-<INANIM>,WHNP,EQ,EQ_OBJ,know
6053,0,"see what happens when you're not feeling good, see that red line?",1.0,-NONE-ABAR-RC-,T,RC,NP,NP,SUBJ,SUBJ,WHNP-1-<INANIM>-<THEME-V2>,WHNP,EQ,EQ_SUBJ,see
6053,1,"see what happens when you're not feeling good, see that red line?",2.0,-NONE-ABAR-RC-,T,RC,ADVP,ADVP,ADJUNCT,ADJUNCT,WHADVP-2,WHADVP,EQ,EQ_ADJUNCT,happens
6056,0,see how that works.,1.0,-NONE-ABAR-RC-,T,RC,ADVP,ADVP,ADJUNCT,ADJUNCT,WHADVP-1,WHADVP,EQ,EQ_ADJUNCT,see
6057,0,"want to take the dolly's temperature, see if she's ok?",,,,POLAR,,,,POLAR,,,EQ,EQ_POLAR,see
6059,0,remember how we did it?,1.0,-NONE-ABAR-WH-,T,WH,ADVP,ADVP,ADJUNCT,ADJUNCT,WHADVP-1,WHADVP,EQ,EQ_ADJUNCT,remember
6070,0,who would do a thing like that?,1.0,-NONE-ABAR-WH-,T,WH,NP,NP,SUBJ,SUBJ,WHNP-1-<ANIM>-<AGENT-V1>,WHNP,MQ,MQ_SUBJ,
6075,0,"what's that a picture of, sweetie?",1.0,-NONE-ABAR-WH-,T,WH,NP,NP,OBJ,OBJ,WHNP-1-<INANIM>,WHNP,MQ,MQ_OBJ,
6080,0,where's the red?,1.0,-NONE-ABAR-WH-,T,WH,ADVP,ADVP,ADJUNCT,ADJUNCT,WHADVP-1,WHADVP,MQ,MQ_ADJUNCT,
6082,0,where is it?,1.0,-NONE-ABAR-WH-,T,WH,ADVP,ADVP,ADJUNCT,ADJUNCT,WHADVP-1,WHADVP,MQ,MQ_ADJUNCT,
6084,0,what's that one?,1.0,-NONE-ABAR-WH-,T,WH,NP,NP,OBJ,OBJ,WHNP-1-<INANIM>,WHNP,MQ,MQ_OBJ,
6096,0,who's that over there?,1.0,-NONE-ABAR-WH-,T,WH,NP,NP,OBJ,OBJ,WHNP-1-<ANIM>,WHNP,MQ,MQ_OBJ,
6097,0,who's that in the mirror?,1.0,-NONE-ABAR-WH-,T,WH,NP,NP,OBJ,OBJ,WHNP-1-<ANIM>,WHNP,MQ,MQ_OBJ,
6100,0,it's the same thing that happened before.,1.0,-NONE-ABAR-RC-,T,RC,NP,NP,SUBJ,SUBJ,WHNP-1-<INANIM>-<THEME-V1>,WHNP,RC,RC_SUBJ,
6102,0,is that what eggs go in?,1.0,-NONE-ABAR-RC-,T,RC,NP,NP,OBJ,OBJ,WHNP-1-<INANIM>-<GOAL-V1>,WHNP,EQ,EQ_OBJ,go
6105,0,what else could we put in there?,1.0,-NONE-ABAR-WH-,T,WH,NP,NP,OBJ,OBJ,WHNP-1-<INANIM>-<PATIENT-V1>,WHNP,MQ,MQ_OBJ,
6132,0,what color's that?,1.0,-NONE-ABAR-WH-,T,WH,NP,NP,OBJ,OBJ,WHNP-1-<INANIM>,WHNP,MQ,MQ_OBJ,
6137,0,see if you can.,,,,POLAR,,,,POLAR,,,EQ,EQ_POLAR,see
6146,0,you can do your cheers when you get to the top.,1.0,-NONE-ABAR-RC-,T,RC,ADVP,ADVP,ADJUNCT,ADJUNCT,WHADVP-1,WHADVP,EQ,EQ_ADJUNCT,do
6149,0,want to see some of the toys that I brought?,1.0,-NONE-ABAR-RC-,T,RC,NP,NP,OBJ,OBJ,WHNP-1-<INANIM>-<PATIENT-V3>,WHNP,RC,RC_OBJ,
6153,0,"I have a book that's sort of like your book, only smaller with lots",1.0,-NONE-ABAR-RC-,T,RC,NP,NP,SUBJ,SUBJ,WHNP-1-<INANIM>,WHNP,RC,RC_SUBJ,
6154,0,what is that?,1.0,-NONE-ABAR-WH-,T,WH,NP,NP,OBJ,OBJ,WHNP-1-<INANIM>,WHNP,MQ,MQ_OBJ,
6155,0,what is that?,1.0,-NONE-ABAR-WH-,T,WH,NP,NP,OBJ,OBJ,WHNP-1-<INANIM>,WHNP,MQ,MQ_OBJ,
6156,0,"what is that, Child?",1.0,-NONE-ABAR-WH-,T,WH,NP,NP,OBJ,OBJ,WHNP-1-<INANIM>,WHNP,MQ,MQ_OBJ,
6159,0,what's that?,1.0,-NONE-ABAR-WH-,T,WH,NP,NP,OBJ,OBJ,WHNP-1-<INANIM>,WHNP,MQ,MQ_OBJ,
6165,0,what is that?,1.0,-NONE-ABAR-WH-,T,WH,NP,NP,OBJ,OBJ,WHNP-1-<INANIM>,WHNP,MQ,MQ_OBJ,
6167,0,what else do I have?,1.0,-NONE-ABAR-WH-,T,WH,NP,NP,OBJ,OBJ,WHNP-1-<INANIM>-<THEME-V1>,WHNP,MQ,MQ_OBJ,
6168,0,I bet you willn't know what this is.,1.0,-NONE-ABAR-WH-,T,WH,NP,NP,OBJ,OBJ,WHNP-1-<INANIM>,WHNP,EQ,EQ_OBJ,know
6173,0,I think there's a lot of artistic license *NULL* taken with porcupines.,1.0,-NONE-ABAR-RC-,T,RC,NP-2,NP,SUBJ,SUBJ,WHNP-1-<INANIM>-<THEME-V2>,WHNP,RC,RC_SUBJ,
6174,0,what's that?,1.0,-NONE-ABAR-WH-,T,WH,NP,NP,OBJ,OBJ,WHNP-1-<INANIM>,WHNP,MQ,MQ_OBJ,
6178,0,"oh, what's that?",1.0,-NONE-ABAR-WH-,T,WH,NP,NP,OBJ,OBJ,WHNP-1-<INANIM>,WHNP,MQ,MQ_OBJ,
6182,0,what is that?,1.0,-NONE-ABAR-WH-,T,WH,NP,NP,OBJ,OBJ,WHNP-1-<INANIM>,WHNP,MQ,MQ_OBJ,
6183,0,what do you think that is?,1.0,-NONE-ABAR-WH-,T,WH,NP,NP,OBJ,OBJ,WHNP-1-<INANIM>,WHNP,EQ,EQ_OBJ,think
6190,0,tell her who this is?,1.0,-NONE-ABAR-RC-,T,RC,NP,NP,OBJ,OBJ,WHNP-1-<INANIM>,WHNP,EQ,EQ_OBJ,tell
6191,0,who's that?,1.0,-NONE-ABAR-WH-,T,WH,NP,NP,OBJ,OBJ,WHNP-1-<INANIM>,WHNP,MQ,MQ_OBJ,
6194,0,"hi, Edna, how are you?",1.0,-NONE-ABAR-WH-,T,WH,ADVP,ADVP,ADJUNCT,ADJUNCT,WHADVP-1,WHADVP,MQ,MQ_ADJUNCT,
6196,0,who does Edna belong to?,1.0,-NONE-ABAR-WH-,T,WH,NP,NP,OBJ,OBJ,WHNP-1-<ANIM>-<POSSESS-V1>,WHNP,MQ,MQ_OBJ,
6200,0,"no, who's typing?",1.0,-NONE-ABAR-WH-,T,WH,NP,NP,SUBJ,SUBJ,WHNP-1-<INANIM>-<THEME-V1>,WHNP,MQ,MQ_SUBJ,
6203,0,"yeah, cause, where's Tracy?",1.0,-NONE-ABAR-WH-,T,WH,ADVP,ADVP,ADJUNCT,ADJUNCT,WHADVP-1,WHADVP,MQ,MQ_ADJUNCT,
6217,0,did you figure what this animal is yet?,1.0,-NONE-ABAR-WH-,T,WH,NP,NP,OBJ,OBJ,WHNP-1-<INANIM>,WHNP,EQ,EQ_OBJ,figure
6220,0,let's see if we can find an animal like that in this book.,,,,POLAR,,,,POLAR,,,EQ,EQ_POLAR,see
6222,0,anything *NULL she thinks of we can find.,1.0,-NONE-ABAR-RC-,T,RC,NP,NP,OBJ,OBJ,WHNP-1-<INANIM>-<SUBJMATT-V1>,WHNP,RC,RC_OBJ,
6226,0,remember what that is?,1.0,-NONE-ABAR-WH-,T,WH,NP,NP,OBJ,OBJ,WHNP-1-<INANIM>,WHNP,EQ,EQ_OBJ,remember
6233,0,what's that?,1.0,-NONE-ABAR-WH-,T,WH,NP,NP,OBJ,OBJ,WHNP-1-<INANIM>,WHNP,MQ,MQ_OBJ,
6234,0,"and a horse and oh, what's this guy?",1.0,-NONE-ABAR-WH-,T,WH,NP,NP,OBJ,OBJ,WHNP-1-<INANIM>,WHNP,MQ,MQ_OBJ,
6239,0,and this is a dog that looks kind a like a horse but it's a dog.,1.0,-NONE-ABAR-RC-,T,RC,NP,NP,SUBJ,SUBJ,WHNP-1-<INANIM>-<SUBJMATT-V1>,WHNP,RC,RC_SUBJ,
6240,0,now that Lassie's gone they don't know what collies are.,1.0,-NONE-ABAR-WH-,T,WH,NP,NP,OBJ,OBJ,WHNP-1-<ANIM>,WHNP,EQ,EQ_OBJ,know
6245,0,maybe you can tell her who all these people are.,1.0,-NONE-ABAR-RC-,T,RC,NP,NP,OBJ,OBJ,WHNP-1-<ANIM>,WHNP,EQ,EQ_OBJ,tell
6247,0,"ok well, why don't you just tell her about some of these pictures.",1.0,-NONE-ABAR-WH-,T,WH,ADVP,ADVP,ADJUNCT,ADJUNCT,WHADVP-1,WHADVP,MQ,MQ_ADJUNCT,
6248,0,who's this?,1.0,-NONE-ABAR-WH-,T,WH,NP,NP,OBJ,OBJ,WHNP-1-<ANIM>,WHNP,MQ,MQ_OBJ,
6249,0,do you remember who that is?,1.0,-NONE-ABAR-WH-,T,WH,NP,NP,OBJ,OBJ,WHNP-1-<ANIM>,WHNP,EQ,EQ_OBJ,remember
6250,0,who is that?,1.0,-NONE-ABAR-WH-,T,WH,NP,NP,OBJ,OBJ,WHNP-1-<ANIM>,WHNP,MQ,MQ_OBJ,
6254,0,remember who that is?,1.0,-NONE-ABAR-WH-,T,WH,NP,NP,OBJ,OBJ,WHNP-1-<ANIM>,WHNP,EQ,EQ_OBJ,remember
6262,0,I know who that is.,1.0,-NONE-ABAR-WH-,T,WH,NP,NP,OBJ,OBJ,WHNP-1-<ANIM>,WHNP,EQ,EQ_OBJ,know
6263,0,who's that.,1.0,-NONE-ABAR-WH-,T,WH,NP,NP,OBJ,OBJ,WHNP-1-<ANIM>,WHNP,MQ,MQ_OBJ,
6265,0,that was the rug *NULL we used to have upstairs.,1.0,-NONE-ABAR-RC-,T,RC,NP,NP,OBJ,OBJ,WHNP-1-<INANIM>-<THEME-V1>,WHNP,RC,RC_OBJ,
6267,0,what else is in there?,1.0,-NONE-ABAR-WH-,T,WH,NP,NP,SUBJ,SUBJ,WHNP-1-<INANIM>,WHNP,MQ,MQ_SUBJ,
6269,0,who's this?,1.0,-NONE-ABAR-WH-,T,WH,NP,NP,OBJ,OBJ,WHNP-1-<ANIM>,WHNP,MQ,MQ_OBJ,
6270,0,who's this?,1.0,-NONE-ABAR-WH-,T,WH,NP,NP,OBJ,OBJ,WHNP-1-<ANIM>,WHNP,MQ,MQ_OBJ,
6280,0,what's out there?,1.0,-NONE-ABAR-WH-,T,WH,NP,NP,SUBJ,SUBJ,WHNP-1-<INANIM>,WHNP,MQ,MQ_SUBJ,
6284,0,I don't even know if there is a clock.,,,,POLAR,,,,POLAR,,,EQ,EQ_POLAR,know
6285,0,why don't you tell her about these people?,1.0,-NONE-ABAR-WH-,T,WH,ADVP,ADVP,ADJUNCT,ADJUNCT,WHADVP-1,WHADVP,MQ,MQ_ADJUNCT,
6286,0,who's that?,1.0,-NONE-ABAR-WH-,T,WH,NP,NP,OBJ,OBJ,WHNP-1-<ANIM>,WHNP,MQ,MQ_OBJ,
6288,0,what is he to you?,1.0,-NONE-ABAR-WH-,T,WH,NP,NP,OBJ,OBJ,WHNP-1-<ANIM>,WHNP,MQ,MQ_OBJ,
6293,0,what is he?,1.0,-NONE-ABAR-WH-,T,WH,NP,NP,OBJ,OBJ,WHNP-1-<ANIM>,WHNP,MQ,MQ_OBJ,
6296,0,what else is he?,1.0,-NONE-ABAR-WH-,T,WH,NP,NP,OBJ,OBJ,WHNP-1-<ANIM>,WHNP,MQ,MQ_OBJ,
6298,0,when you were little babies.,1.0,-NONE-ABAR-RC-,T,RC,ADVP,ADVP,ADJUNCT,ADJUNCT,WHADVP-1,WHADVP,EQ,EQ_ADJUNCT,
6305,0,who's that?,1.0,-NONE-ABAR-WH-,T,WH,NP,NP,OBJ,OBJ,WHNP-1-<ANIM>,WHNP,MQ,MQ_OBJ,
6307,0,that's Sarah when she was a tiny baby.,1.0,-NONE-ABAR-RC-,T,RC,ADVP,ADVP,ADJUNCT,ADJUNCT,WHADVP-1,WHADVP,EQ,EQ_ADJUNCT,
6310,0,that's you when you were just a little squirt.,1.0,-NONE-ABAR-RC-,T,RC,ADVP,ADVP,ADJUNCT,ADJUNCT,WHADVP-1,WHADVP,EQ,EQ_ADJUNCT,
6316,0,what's this big thing?,1.0,-NONE-ABAR-WH-,T,WH,NP,NP,OBJ,OBJ,WHNP-1-<INANIM>,WHNP,MQ,MQ_OBJ,
6317,0,can you tell her what that is?,1.0,-NONE-ABAR-RC-,T,RC,NP,NP,OBJ,OBJ,WHNP-1-<INANIM>,WHNP,EQ,EQ_OBJ,tell
6320,0,"and when we go to the mall Saturday, where you're going to ride on the",1.0,-NONE-ABAR-RC-,T,RC,ADVP,ADVP,ADJUNCT,ADJUNCT,WHADVP-1,WHADVP,EQ,EQ_ADJUNCT,
6320,1,"and when we go to the mall Saturday, where you're going to ride on the",2.0,-NONE-ABAR-WH-,T,WH,ADVP,ADVP,ADJUNCT,ADJUNCT,WHADVP-2,WHADVP,EQ,EQ_ADJUNCT,
6321,0,"yeah, who's Paul?",1.0,-NONE-ABAR-WH-,T,WH,NP,NP,OBJ,OBJ,WHNP-1-<ANIM>,WHNP,MQ,MQ_OBJ,
6324,0,"oh, who's upstairs?",1.0,-NONE-ABAR-WH-,T,WH,NP,NP,SUBJ,SUBJ,WHNP-1-<ANIM>,WHNP,MQ,MQ_SUBJ,
6327,0,what's that funny face.,1.0,-NONE-ABAR-WH-,T,WH,NP,NP,OBJ,OBJ,WHNP-1-<INANIM>,WHNP,MQ,MQ_OBJ,
6330,0,"that's Erli when he was smaller, when he was just about Jacob's",1.0,-NONE-ABAR-RC-,T,RC,ADVP,ADVP,ADJUNCT,ADJUNCT,WHADVP-1,WHADVP,EQ,EQ_ADJUNCT,
6330,1,"that's Erli when he was smaller, when he was just about Jacob's",2.0,-NONE-ABAR-WH-,T,WH,ADVP,ADVP,ADJUNCT,ADJUNCT,WHADVP-2,WHADVP,EQ,EQ_ADJUNCT,
6332,0,"that's Sarah and Child when you were little babies, before you could.",1.0,-NONE-ABAR-RC-,T,RC,ADVP,ADVP,ADJUNCT,ADJUNCT,WHADVP-1,WHADVP,EQ,EQ_ADJUNCT,
6335,0,what have you got there?,1.0,-NONE-ABAR-WH-,T,WH,NP,NP,OBJ,OBJ,WHNP-1-<INANIM>-<THEME-V1>,WHNP,MQ,MQ_OBJ,
6344,0,who's that?,1.0,-NONE-ABAR-WH-,T,WH,NP,NP,OBJ,OBJ,WHNP-1-<ANIM>,WHNP,MQ,MQ_OBJ,
6347,0,what does Grandma like to make for you?,1.0,-NONE-ABAR-WH-,T,WH,NP,NP,OBJ,OBJ,WHNP-1-<INANIM>-<PATIENT-V2>,WHNP,MQ,MQ_OBJ,
6353,0,what've we got here?,1.0,-NONE-ABAR-WH-,T,WH,NP,NP,OBJ,OBJ,WHNP-1-<INANIM>-<THEME-V1>,WHNP,MQ,MQ_OBJ,
6354,0,who's that?,1.0,-NONE-ABAR-WH-,T,WH,NP,NP,OBJ,OBJ,WHNP-1-<ANIM>,WHNP,MQ,MQ_OBJ,
6355,0,"no, who's that?",1.0,-NONE-ABAR-WH-,T,WH,NP,NP,OBJ,OBJ,WHNP-1-<ANIM>,WHNP,MQ,MQ_OBJ,
6356,0,where are you playing?,1.0,-NONE-ABAR-WH-,T,WH,ADVP,ADVP,ADJUNCT,ADJUNCT,WHADVP-1,WHADVP,MQ,MQ_ADJUNCT,
6358,0,what are you climbing there?,1.0,-NONE-ABAR-WH-,T,WH,NP,NP,OBJ,OBJ,WHNP-1-<INANIM>-<PATIENT-V1>,WHNP,MQ,MQ_OBJ,
6359,0,whose house is that?,1.0,-NONE-ABAR-WH-,T,WH,NP,NP,OBJ,OBJ,WHNP-1-<INANIM>,WHNP,MQ,MQ_OBJ,
6360,0,whose slide is that?,1.0,-NONE-ABAR-WH-,T,WH,NP,NP,OBJ,OBJ,WHNP-1-<INANIM>,WHNP,MQ,MQ_OBJ,
6362,0,that's when you and Jacob first met.,1.0,-NONE-ABAR-RC-,T,RC,ADVP,ADVP,ADJUNCT,ADJUNCT,WHADVP-1,WHADVP,EQ,EQ_ADJUNCT,met
6371,0,what kind of money did you give Investigator?,1.0,-NONE-ABAR-WH-,T,WH,NP,NP,OBJ,OBJ,WHNP-1-<INANIM>-<PATIENT-V1>,WHNP,MQ,MQ_OBJ,
6372,0,yeah and what've you got there?,1.0,-NONE-ABAR-WH-,T,WH,NP,NP,OBJ,OBJ,WHNP-1-<INANIM>-<THEME-V1>,WHNP,EQ,EQ_OBJ,
6373,0,where are the pennies?,1.0,-NONE-ABAR-WH-,T,WH,ADVP,ADVP,ADJUNCT,ADJUNCT,WHADVP-1,WHADVP,MQ,MQ_ADJUNCT,
6376,0,where are you putting that money?,1.0,-NONE-ABAR-WH-,T,WH,ADVP,ADVP,ADJUNCT,ADJUNCT,WHADVP-1,WHADVP,MQ,MQ_ADJUNCT,
6378,0,what is that?,1.0,-NONE-ABAR-WH-,T,WH,NP,NP,OBJ,OBJ,WHNP-1-<INANIM>,WHNP,MQ,MQ_OBJ,
6380,0,what did you drop?,1.0,-NONE-ABAR-WH-,T,WH,NP,NP,OBJ,OBJ,WHNP-1-<INANIM>-<PATIENT-V1>,WHNP,MQ,MQ_OBJ,
6381,0,what is this?,1.0,-NONE-ABAR-WH-,T,WH,NP,NP,OBJ,OBJ,WHNP-1-<INANIM>,WHNP,MQ,MQ_OBJ,
6382,0,what is that?,1.0,-NONE-ABAR-WH-,T,WH,NP,NP,OBJ,OBJ,WHNP-1-<INANIM>,WHNP,MQ,MQ_OBJ,
6383,0,what kind of money is that?,1.0,-NONE-ABAR-WH-,T,WH,NP,NP,OBJ,OBJ,WHNP-1-<INANIM>,WHNP,MQ,MQ_OBJ,
6395,0,where is your money?,1.0,-NONE-ABAR-WH-,T,WH,ADVP,ADVP,ADJUNCT,ADJUNCT,WHADVP-1,WHADVP,MQ,MQ_ADJUNCT,
6397,0,what is this.,1.0,-NONE-ABAR-WH-,T,WH,NP,NP,OBJ,OBJ,WHNP-1-<INANIM>,WHNP,MQ,MQ_OBJ,
6407,0,you can see the light go when you drop it.,1.0,-NONE-ABAR-RC-,T,RC,NP,NP,OBJ,OBJ,WHADVP-1,WHADVP,EQ,EQ_OBJ,go
6408,0,"yeah, that's my tape recorder and when you make loud noises the",1.0,-NONE-ABAR-RC-,T,RC,ADVP,ADVP,ADJUNCT,ADJUNCT,WHADVP-1,WHADVP,EQ,EQ_ADJUNCT,
6412,0,what's on your sneakers?,1.0,-NONE-ABAR-WH-,T,WH,NP,NP,SUBJ,SUBJ,WHNP-1-<INANIM>,WHNP,MQ,MQ_SUBJ,
6413,0,yeah but what's on em?,1.0,-NONE-ABAR-WH-,T,WH,NP,NP,SUBJ,SUBJ,WHNP-1-<INANIM>,WHNP,EQ,EQ_SUBJ,
6430,0,we're never sure how clear she is.,1.0,-NONE-ABAR-WH-,T,WH,ADJP,ADJP,ADJUNCT,ADJUNCT,WHADJP-1,WHADJP,EQ,EQ_ADJUNCT,
6436,0,what do you say?,1.0,-NONE-ABAR-WH-,T,WH,NP,NP,OBJ,OBJ,WHNP-1-<INANIM>-<THEME-V1>,WHNP,MQ,MQ_OBJ,
6450,0,where are you going?,1.0,-NONE-ABAR-WH-,T,WH,ADVP,ADVP,ADJUNCT,ADJUNCT,WHADVP-1,WHADVP,MQ,MQ_ADJUNCT,
6460,0,where are you going?,1.0,-NONE-ABAR-WH-,T,WH,ADVP,ADVP,ADJUNCT,ADJUNCT,WHADVP-1,WHADVP,MQ,MQ_ADJUNCT,
6463,0,where are you going?,1.0,-NONE-ABAR-WH-,T,WH,ADVP,ADVP,ADJUNCT,ADJUNCT,WHADVP-1,WHADVP,MQ,MQ_ADJUNCT,
6464,0,where are you going?,1.0,-NONE-ABAR-WH-,T,WH,ADVP,ADVP,ADJUNCT,ADJUNCT,WHADVP-1,WHADVP,MQ,MQ_ADJUNCT,
6465,0,"oh, where'd she go?",1.0,-NONE-ABAR-WH-,T,WH,ADVP,ADVP,ADJUNCT,ADJUNCT,WHADVP-1,WHADVP,MQ,MQ_ADJUNCT,
6470,0,where are you?,1.0,-NONE-ABAR-WH-,T,WH,ADVP,ADVP,ADJUNCT,ADJUNCT,WHADVP-1,WHADVP,MQ,MQ_ADJUNCT,
6475,0,what have you got?,1.0,-NONE-ABAR-WH-,T,WH,NP,NP,OBJ,OBJ,WHNP-1-<INANIM>-<THEME-V1>,WHNP,MQ,MQ_OBJ,
6481,0,what should you do for that?,1.0,-NONE-ABAR-WH-,T,WH,NP,NP,OBJ,OBJ,WHNP-1-<INANIM>-<PATIENT-V1>,WHNP,MQ,MQ_OBJ,
6483,0,do you remember what happened to that little boy in the book when he,1.0,-NONE-ABAR-WH-,T,WH,NP,NP,SUBJ,SUBJ,WHNP-1-<INANIM>-<THEME-V2>,WHNP,EQ,EQ_SUBJ,remember
6483,1,do you remember what happened to that little boy in the book when he,2.0,-NONE-ABAR-WH-,T,WH,ADVP,ADVP,ADJUNCT,ADJUNCT,WHADVP-2,WHADVP,EQ,EQ_ADJUNCT,happened
6484,0,yeah but what happened to the little boy?,1.0,-NONE-ABAR-WH-,T,WH,NP,NP,SUBJ,SUBJ,WHNP-1-<INANIM>-<THEME-V1>,WHNP,EQ,EQ_SUBJ,
6499,0,if you want it tell me.,,,,POLAR,,,,POLAR,,,EQ,EQ_POLAR,
6501,0,what's she studying?,1.0,-NONE-ABAR-WH-,T,WH,NP,NP,OBJ,OBJ,WHNP-1-<INANIM>-<THEME-V1>,WHNP,MQ,MQ_OBJ,
6506,0,why do you think he's crying?,1.0,-NONE-ABAR-WH-,T,WH,ADVP,ADVP,ADJUNCT,ADJUNCT,WHADVP-1,WHADVP,EQ,EQ_ADJUNCT,think
6507,0,why is he crying?,1.0,-NONE-ABAR-WH-,T,WH,ADVP,ADVP,ADJUNCT,ADJUNCT,WHADVP-1,WHADVP,MQ,MQ_ADJUNCT,
6508,0,why is he crying?,1.0,-NONE-ABAR-WH-,T,WH,ADVP,ADVP,ADJUNCT,ADJUNCT,WHADVP-1,WHADVP,MQ,MQ_ADJUNCT,
6523,0,what do you like there?,1.0,-NONE-ABAR-WH-,T,WH,NP,NP,OBJ,OBJ,WHNP-1-<INANIM>-<SUBJMATT-V1>,WHNP,MQ,MQ_OBJ,
6537,0,how about if I put it right here so you can reach it?,,,,POLAR,,,,POLAR,,,EQ,EQ_POLAR,
6541,0,"well, you know the better thing *NULL* to do is to say.",1.0,-NONE-ABAR-RC-,T,RC,NP,NP,OBJ,OBJ,WHNP-1-<INANIM>-<PATIENT-V2>,WHNP,RC,RC_OBJ,
6564,0,what are you going to do with that mess?,1.0,-NONE-ABAR-WH-,T,WH,NP,NP,OBJ,OBJ,WHNP-1-<INANIM>-<THEME-V1>,WHNP,MQ,MQ_OBJ,
6575,0,what do you remember?,1.0,-NONE-ABAR-WH-,T,WH,NP,NP,OBJ,OBJ,WHNP-1-<INANIM>-<SUBJMATT-V1>,WHNP,MQ,MQ_OBJ,
6585,0,I didn't know how strong you like it.,1.0,-NONE-ABAR-RC-,T,RC,ADJP,ADJP,ADJUNCT,ADJUNCT,WHADJP-1,WHADJP,EQ,EQ_ADJUNCT,know
6592,0,"what's that, a rubber ducky?",1.0,-NONE-ABAR-WH-,T,WH,NP,NP,OBJ,OBJ,WHNP-1-<INANIM>,WHNP,MQ,MQ_OBJ,
6595,0,do you remember what this is?,1.0,-NONE-ABAR-WH-,T,WH,NP,NP,OBJ,OBJ,WHNP-1-<INANIM>,WHNP,EQ,EQ_OBJ,remember
6600,0,and what's this guy?,1.0,-NONE-ABAR-WH-,T,WH,NP,NP,OBJ,OBJ,WHNP-1-<ANIM>,WHNP,EQ,EQ_OBJ,
6602,0,what's that?,1.0,-NONE-ABAR-WH-,T,WH,NP,NP,OBJ,OBJ,WHNP-1-<ANIM>,WHNP,MQ,MQ_OBJ,
6604,0,what's this?,1.0,-NONE-ABAR-WH-,T,WH,NP,NP,OBJ,OBJ,WHNP-1-<ANIM>,WHNP,MQ,MQ_OBJ,
6605,0,you told me before when we took them out of the bag.,1.0,-NONE-ABAR-RC-,T,RC,ADVP,ADVP,ADJUNCT,ADJUNCT,WHADVP-1,WHADVP,EQ,EQ_ADJUNCT,told
6606,0,what is that?,1.0,-NONE-ABAR-WH-,T,WH,NP,NP,OBJ,OBJ,WHNP-1-<INANIM>,WHNP,MQ,MQ_OBJ,
6608,0,what is it?,1.0,-NONE-ABAR-WH-,T,WH,NP,NP,OBJ,OBJ,WHNP-1-<INANIM>,WHNP,MQ,MQ_OBJ,
6616,0,where'd you see an elephant?,1.0,-NONE-ABAR-WH-,T,WH,ADVP,ADVP,ADJUNCT,ADJUNCT,WHADVP-1,WHADVP,MQ,MQ_ADJUNCT,
6622,0,how many eyes does he have?,1.0,-NONE-ABAR-WH-,T,WH,NP,NP,OBJ,OBJ,WHNP-1-<INANIM>-<THEME-V1>,WHNP,MQ,MQ_OBJ,
6625,0,where's three?,1.0,-NONE-ABAR-WH-,T,WH,ADVP,ADVP,ADJUNCT,ADJUNCT,WHADVP-1,WHADVP,MQ,MQ_ADJUNCT,
6628,0,where's three?,1.0,-NONE-ABAR-WH-,T,WH,ADVP,ADVP,ADJUNCT,ADJUNCT,WHADVP-1,WHADVP,MQ,MQ_ADJUNCT,
6629,0,how many eyes do you have?,1.0,-NONE-ABAR-WH-,T,WH,NP,NP,OBJ,OBJ,WHNP-1-<INANIM>-<THEME-V1>,WHNP,MQ,MQ_OBJ,
6638,0,"and I was thinking the last time, I don't know if you've ever used",,,,POLAR,,,,POLAR,,,EQ,EQ_POLAR,thinking
6638,1,"and I was thinking the last time, I don't know if you've ever used",,,,POLAR,,,,POLAR,,,EQ,EQ_POLAR,know
6639,0,one of the things *NULL* Dennis did with Child was he just put the camera,1.0,-NONE-ABAR-RC-,T,RC,NP,NP,OBJ,OBJ,WHNP-1-<PATIENT-V1>,WHNP,RC,RC_OBJ,
6640,0,and you know when you close the door and it's quiet for an hour and,1.0,-NONE-ABAR-WH-,T,WH,ADVP,ADVP,ADJUNCT,ADJUNCT,WHADVP-1,WHADVP,EQ,EQ_ADJUNCT,know
6642,0,it's a good way *NULL* to see them on their own.,1.0,-NONE-ABAR-RC-,T,RC,ADVP,ADVP,ADJUNCT,ADJUNCT,WHADVP-1,WHADVP,RC,RC_ADJUNCT,
6648,0,where is he?,1.0,-NONE-ABAR-WH-,T,WH,ADVP,ADVP,ADJUNCT,ADJUNCT,WHADVP-1,WHADVP,MQ,MQ_ADJUNCT,
6649,0,where's the horsie?,1.0,-NONE-ABAR-WH-,T,WH,ADVP,ADVP,ADJUNCT,ADJUNCT,WHADVP-1,WHADVP,MQ,MQ_ADJUNCT,
6653,0,do you remember when we went to the park and there was that big horsie?,1.0,-NONE-ABAR-WH-,T,WH,ADVP,ADVP,ADJUNCT,ADJUNCT,WHADVP-1,WHADVP,EQ,EQ_ADJUNCT,remember
6665,0,what is it?,1.0,-NONE-ABAR-WH-,T,WH,NP,NP,OBJ,OBJ,WHNP-1-<INANIM>,WHNP,MQ,MQ_OBJ,
6672,0,what's that?,1.0,-NONE-ABAR-WH-,T,WH,NP,NP,OBJ,OBJ,WHNP-1-<INANIM>,WHNP,MQ,MQ_OBJ,
6674,0,what's that?,1.0,-NONE-ABAR-WH-,T,WH,NP,NP,OBJ,OBJ,WHNP-1-<INANIM>,WHNP,MQ,MQ_OBJ,
6675,0,what are you?,1.0,-NONE-ABAR-WH-,T,WH,NP,NP,OBJ,OBJ,WHNP-1-<ANIM>,WHNP,MQ,MQ_OBJ,
6686,0,what's Investigator?,1.0,-NONE-ABAR-WH-,T,WH,NP,NP,OBJ,OBJ,WHNP-1-<ANIM>,WHNP,MQ,MQ_OBJ,
6692,0,why don't you show Investigator your books?,1.0,-NONE-ABAR-WH-,T,WH,ADVP,ADVP,ADJUNCT,ADJUNCT,WHADVP-1,WHADVP,MQ,MQ_ADJUNCT,
6694,0,what would you like to read?,1.0,-NONE-ABAR-WH-,T,WH,NP,NP,OBJ,OBJ,WHNP-1-<INANIM>-<PATIENT-V2>,WHNP,MQ,MQ_OBJ,
6701,0,"a cot, that's what you call it.",1.0,-NONE-ABAR-RC-,T,RC,NP,NP,OBJ,OBJ,WHNP-1-<INANIM>-<PATIENT-V1>,WHNP,EQ,EQ_OBJ,call
6704,0,who's putting him to bed?,1.0,-NONE-ABAR-WH-,T,WH,NP,NP,SUBJ,SUBJ,WHNP-1-<INANIM>-<AGENT-V1>,WHNP,MQ,MQ_SUBJ,
6706,0,what's there?,1.0,-NONE-ABAR-WH-,T,WH,NP,NP,SUBJ,SUBJ,WHNP-1-<INANIM>,WHNP,MQ,MQ_SUBJ,
6708,0,which one did you drop?,1.0,-NONE-ABAR-WH-,T,WH,NP,NP,OBJ,OBJ,WHNP-1-<INANIM>-<PATIENT-V1>,WHNP,MQ,MQ_OBJ,
6711,0,which one is that?,1.0,-NONE-ABAR-WH-,T,WH,NP,NP,OBJ,OBJ,WHNP-1-<INANIM>,WHNP,MQ,MQ_OBJ,
6712,0,what else have you got there?,1.0,-NONE-ABAR-WH-,T,WH,NP,NP,OBJ,OBJ,WHNP-1-<INANIM>-<THEME-V1>,WHNP,MQ,MQ_OBJ,
6714,0,what's that one?,1.0,-NONE-ABAR-WH-,T,WH,NP,NP,OBJ,OBJ,WHNP-1-<INANIM>,WHNP,MQ,MQ_OBJ,
6716,0,do you know which letter goes first for your name?,1.0,-NONE-ABAR-WH-,T,WH,NP,NP,SUBJ,SUBJ,WHNP-1-<INANIM>-<THEME-V2>,WHNP,EQ,EQ_SUBJ,know
6717,0,remember which one goes first?,1.0,-NONE-ABAR-WH-,T,WH,NP,NP,SUBJ,SUBJ,WHNP-1-<INANIM>-<THEME-V2>,WHNP,EQ,EQ_SUBJ,remember
6719,0,can you remember how those go.,1.0,-NONE-ABAR-WH-,T,WH,ADVP,ADVP,ADJUNCT,ADJUNCT,WHADVP-1,WHADVP,EQ,EQ_ADJUNCT,remember
6727,0,why don't you give him a nice pat.,1.0,-NONE-ABAR-WH-,T,WH,ADVP,ADVP,ADJUNCT,ADJUNCT,WHADVP-1,WHADVP,MQ,MQ_ADJUNCT,
6740,0,"yes, that's what it sounds like.",1.0,-NONE-ABAR-RC-,T,RC,NP,NP,OBJ,OBJ,WHNP-1-<INANIM>,WHNP,EQ,EQ_OBJ,sounds
6741,0,she has a cousin *NULL* named Erli and we decided that it sounds just like,1.0,-NONE-ABAR-RC-,T,RC,NP-2,NP,SUBJ,SUBJ,WHNP-1-<ANIM>-<PATIENT-V2>,WHNP,RC,RC_SUBJ,
6753,0,what's the name of that book?,1.0,-NONE-ABAR-WH-,T,WH,NP,NP,SUBJ,SUBJ,WHNP-1-<INANIM>,WHNP,MQ,MQ_SUBJ,
6762,0,I don't think what that book was about yet.,1.0,-NONE-ABAR-WH-,T,WH,NP,NP,OBJ,OBJ,WHNP-1-<INANIM>,WHNP,EQ,EQ_OBJ,think
6777,0,what's the matter?,1.0,-NONE-ABAR-WH-,T,WH,NP,NP,OBJ,OBJ,WHNP-1-<INANIM>,WHNP,MQ,MQ_OBJ,
6784,0,"yeah, where is that caterpillar?",1.0,-NONE-ABAR-WH-,T,WH,ADVP,ADVP,ADJUNCT,ADJUNCT,WHADVP-1,WHADVP,MQ,MQ_ADJUNCT,
6786,0,what's this?,1.0,-NONE-ABAR-WH-,T,WH,NP,NP,OBJ,OBJ,WHNP-1-<INANIM>,WHNP,MQ,MQ_OBJ,
6791,0,remember what these are?,1.0,-NONE-ABAR-WH-,T,WH,NP,NP,OBJ,OBJ,WHNP-1-<INANIM>,WHNP,EQ,EQ_OBJ,remember
6794,0,"he ate through, what are these.",1.0,-NONE-ABAR-WH-,T,WH,NP,NP,OBJ,OBJ,WHNP-1-<INANIM>,WHNP,MQ,MQ_OBJ,
6795,0,remember what these are?,1.0,-NONE-ABAR-WH-,T,WH,NP,NP,OBJ,OBJ,WHNP-1-<INANIM>,WHNP,EQ,EQ_OBJ,remember
6796,0,what are these?,1.0,-NONE-ABAR-WH-,T,WH,NP,NP,OBJ,OBJ,WHNP-1-<INANIM>,WHNP,MQ,MQ_OBJ,
6798,0,what are these things?,1.0,-NONE-ABAR-WH-,T,WH,NP,NP,OBJ,OBJ,WHNP-1-<INANIM>,WHNP,MQ,MQ_OBJ,
6800,0,how many of them are there?,1.0,-NONE-ABAR-WH-,T,WH,NP,NP,OBJ,OBJ,WHNP-1-<INANIM>,WHNP,MQ,MQ_OBJ,
6803,0,look at everything that he ate!,1.0,-NONE-ABAR-RC-,T,RC,NP,NP,OBJ,OBJ,WHNP-1-<INANIM>-<PATIENT-V2>,WHNP,RC,RC_OBJ,
6804,0,"tell me, what's this?",1.0,-NONE-ABAR-WH-,T,WH,NP,NP,OBJ,OBJ,WHNP-1-<INANIM>,WHNP,MQ,MQ_OBJ,
6805,0,can you tell me what all those things are?,1.0,-NONE-ABAR-RC-,T,RC,NP,NP,OBJ,OBJ,WHNP-1-<INANIM>,WHNP,EQ,EQ_OBJ,tell
6807,0,what is that?,1.0,-NONE-ABAR-WH-,T,WH,NP,NP,OBJ,OBJ,WHNP-1-<INANIM>,WHNP,MQ,MQ_OBJ,
6812,0,"J_P, go back under the bed if you want To stay here.",,,,POLAR,,,,POLAR,,,EQ,EQ_POLAR,go
6820,0,remember what kind of truck that is?,1.0,-NONE-ABAR-WH-,T,WH,NP,NP,OBJ,OBJ,WHNP-1-<INANIM>,WHNP,EQ,EQ_OBJ,remember
6821,0,what do you call that?,1.0,-NONE-ABAR-WH-,T,WH,NP,NP,OBJ,OBJ,WHNP-1-<INANIM>-<PATIENT-V1>,WHNP,MQ,MQ_OBJ,
6831,0,let's see if she can find it.,,,,POLAR,,,,POLAR,,,EQ,EQ_POLAR,see
6835,0,now what should I do with you?,1.0,-NONE-ABAR-WH-,T,WH,NP,NP,OBJ,OBJ,WHNP-1-<INANIM>-<THEME-V1>,WHNP,MQ,MQ_OBJ,
6836,0,what should I do with you?,1.0,-NONE-ABAR-WH-,T,WH,NP,NP,OBJ,OBJ,WHNP-1-<INANIM>-<THEME-V1>,WHNP,MQ,MQ_OBJ,
6859,0,where'd he go?,1.0,-NONE-ABAR-WH-,T,WH,ADVP,ADVP,ADJUNCT,ADJUNCT,WHADVP-1,WHADVP,MQ,MQ_ADJUNCT,
6871,0,how are you going to get down?,1.0,-NONE-ABAR-WH-,T,WH,ADVP,ADVP,ADJUNCT,ADJUNCT,WHADVP-1,WHADVP,MQ,MQ_ADJUNCT,
6872,0,what's a matter?,1.0,-NONE-ABAR-WH-,T,WH,NP,NP,SUBJ,SUBJ,WHNP-1-<INANIM>,WHNP,MQ,MQ_SUBJ,
6876,0,"what you want to do, balance?",1.0,-NONE-ABAR-WH-,T,WH,NP,NP,OBJ,OBJ,WHNP-1-<INANIM>-<PATIENT-V2>,WHNP,EQ,EQ_OBJ,
6880,0,cause when you go over that way you get kind a wobbly.,1.0,-NONE-ABAR-WH-,T,WH,ADVP,ADVP,ADJUNCT,ADJUNCT,WHADVP-1,WHADVP,EQ,EQ_ADJUNCT,
6891,0,what do you think?,1.0,-NONE-ABAR-WH-,T,WH,NP,NP,OBJ,OBJ,WHNP-1-<INANIM>-<SUBJMATT-V1>,WHNP,MQ,MQ_OBJ,
6892,0,it's hard to do those things when you cann't see.,1.0,-NONE-ABAR-RC-,T,RC,ADVP,ADVP,ADJUNCT,ADJUNCT,WHADVP-1,WHADVP,EQ,EQ_ADJUNCT,do
6894,0,what should I do?,1.0,-NONE-ABAR-WH-,T,WH,NP,NP,OBJ,OBJ,WHNP-1-<INANIM>-<PATIENT-V1>,WHNP,MQ,MQ_OBJ,
6897,0,do you have a thing *NULL* to do it with?,1.0,-NONE-ABAR-RC-,T,RC,NP,NP,OBJ,OBJ,WHNP-1-<INANIM>,WHNP,RC,RC_OBJ,
6898,0,"well, where is it?",1.0,-NONE-ABAR-WH-,T,WH,ADVP,ADVP,ADJUNCT,ADJUNCT,WHADVP-1,WHADVP,MQ,MQ_ADJUNCT,
6916,0,what else do you like to drink?,1.0,-NONE-ABAR-WH-,T,WH,NP,NP,OBJ,OBJ,WHNP-1-<INANIM>-<PATIENT-V2>,WHNP,MQ,MQ_OBJ,
6917,0,is there anything else *NULL you like to drink besides apple juice?,1.0,-NONE-ABAR-RC-,T,RC,NP,NP,OBJ,OBJ,WHNP-1-<INANIM>-<PATIENT-V2>,WHNP,RC,RC_OBJ,
6924,0,you know last time *NULL* I came you know what you had in your pocket?,1.0,-NONE-ABAR-RC-,T,RC,ADVP,ADVP,ADJUNCT,ADJUNCT,WHADVP-1,WHADVP,EQ,EQ_ADJUNCT,know
6924,1,you know last time *NULL* I came you know what you had in your pocket?,2.0,-NONE-ABAR-RC-,T,RC,NP,NP,OBJ,OBJ,WHNP-2-<INANIM>-<THEME-V4>,WHNP,EQ,EQ_OBJ,know
6930,0,what's that baby's name?,1.0,-NONE-ABAR-WH-,T,WH,NP,NP,OBJ,OBJ,WHNP-1-<INANIM>,WHNP,MQ,MQ_OBJ,
6932,0,who gave her to you?,1.0,-NONE-ABAR-WH-,T,WH,NP,NP,SUBJ,SUBJ,WHNP-1-<ANIM>-<AGENT-V1>,WHNP,MQ,MQ_SUBJ,
6934,0,who gave her to you?,1.0,-NONE-ABAR-WH-,T,WH,NP,NP,SUBJ,SUBJ,WHNP-1-<ANIM>-<AGENT-V1>,WHNP,MQ,MQ_SUBJ,
6936,0,"that's why her name is baby Laura, cause Grandma's name is Laura.",1.0,-NONE-ABAR-RC-,T,RC,ADVP,ADVP,ADJUNCT,ADJUNCT,WHADVP-1,WHADVP,EQ,EQ_ADJUNCT,
6937,0,"like, what's my name?",1.0,-NONE-ABAR-WH-,T,WH,NP,NP,OBJ,OBJ,WHNP-1-<INANIM>,WHNP,MQ,MQ_OBJ,
6938,0,what's my other name?,1.0,-NONE-ABAR-WH-,T,WH,NP,NP,OBJ,OBJ,WHNP-1-<INANIM>,WHNP,MQ,MQ_OBJ,
6939,0,that's what you call me.,1.0,-NONE-ABAR-RC-,T,RC,NP,NP,OBJ,OBJ,WHNP-1-<INANIM>-<PATIENT-V1>,WHNP,EQ,EQ_OBJ,call
6940,0,what's my other name?,1.0,-NONE-ABAR-WH-,T,WH,NP,NP,OBJ,OBJ,WHNP-1-<INANIM>,WHNP,MQ,MQ_OBJ,
6941,0,what's that name *NULL* you call me a lot and I have to say to,2.0,-NONE-ABAR-RC-,T,RC,NP,NP,OBJ,OBJ,WHNP-2-<INANIM>-<PATIENT-V1>,WHNP,RC,RC_OBJ,
6941,1,what's that name *NULL* you call me a lot and I have to say to,1.0,-NONE-ABAR-WH-,T,WH,NP,NP,OBJ,OBJ,WHNP-1-<INANIM>,WHNP,MQ,MQ_OBJ,
6942,0,yeah but what's the other name *NULL* you call me?,2.0,-NONE-ABAR-WH-,T,WH,NP,NP,OBJ,OBJ,WHNP-2-<INANIM>-<PATIENT-V1>,WHNP,RC,RC_OBJ,
6942,1,yeah but what's the other name *NULL* you call me?,1.0,-NONE-ABAR-WH-,T,WH,NP,NP,OBJ,OBJ,WHNP-1-<INANIM>,WHNP,EQ,EQ_OBJ,
6945,0,"and that's why we named her baby Laura, cause Grandma gave her to",1.0,-NONE-ABAR-RC-,T,RC,ADVP,ADVP,ADJUNCT,ADJUNCT,WHADVP-1,WHADVP,EQ,EQ_ADJUNCT,named
6948,0,what's this bear's name?,1.0,-NONE-ABAR-WH-,T,WH,NP,NP,OBJ,OBJ,WHNP-1-<INANIM>,WHNP,MQ,MQ_OBJ,
6952,0,"Genie bear, what are you going to do?",1.0,-NONE-ABAR-WH-,T,WH,NP,NP,OBJ,OBJ,WHNP-1-<INANIM>-<PATIENT-V1>,WHNP,MQ,MQ_OBJ,
6954,0,what's this bear's name?,1.0,-NONE-ABAR-WH-,T,WH,NP,NP,OBJ,OBJ,WHNP-1-<INANIM>,WHNP,MQ,MQ_OBJ,
6956,0,do you know who gave you that bear when you were born?,1.0,-NONE-ABAR-WH-,T,WH,NP,NP,SUBJ,SUBJ,WHNP-1-<ANIM>-<AGENT-V2>,WHNP,EQ,EQ_SUBJ,know
6956,1,do you know who gave you that bear when you were born?,2.0,-NONE-ABAR-RC-,T,RC,ADVP,ADVP,ADJUNCT,ADJUNCT,WHADVP-2,WHADVP,EQ,EQ_ADJUNCT,gave
6961,0,what's this bear's name?,1.0,-NONE-ABAR-WH-,T,WH,NP,NP,OBJ,OBJ,WHNP-1-<INANIM>,WHNP,MQ,MQ_OBJ,
6966,0,this is a way *NULL* to keep track.,1.0,-NONE-ABAR-RC-,T,RC,ADVP,ADVP,ADJUNCT,ADJUNCT,WHADVP-1,WHADVP,RC,RC_ADJUNCT,
6969,0,whose hat is she wearing?,1.0,-NONE-ABAR-WH-,T,WH,NP,NP,OBJ,OBJ,WHNP-1-<INANIM>-<PATIENT-V1>,WHNP,MQ,MQ_OBJ,
6971,0,whose hat is that?,1.0,-NONE-ABAR-WH-,T,WH,NP,NP,OBJ,OBJ,WHNP-1-<INANIM>,WHNP,MQ,MQ_OBJ,
6974,0,I bet she'd like it if you sang her a lullabye.,,,,POLAR,,,,POLAR,,,EQ,EQ_POLAR,bet
6974,1,I bet she'd like it if you sang her a lullabye.,,,,POLAR,,,,POLAR,,,EQ,EQ_POLAR,like
6976,0,what should I sing her?,1.0,-NONE-ABAR-WH-,T,WH,NP,NP,OBJ,OBJ,WHNP-1-<INANIM>-<PATIENT-V1>,WHNP,MQ,MQ_OBJ,
6982,0,"that's the one *NULL* you want, lalalusi?",1.0,-NONE-ABAR-RC-,T,RC,NP,NP,OBJ,OBJ,WHNP-1-<INANIM>-<SUBJMATT-V1>,WHNP,RC,RC_OBJ,
6986,0,what color are her eyes?,1.0,-NONE-ABAR-WH-,T,WH,NP,NP,OBJ,OBJ,WHNP-1-<INANIM>,WHNP,MQ,MQ_OBJ,
6989,0,she has the same color eyes *NULL* as you have.,1.0,-NONE-ABAR-RC-,T,RC,NP,NP,OBJ,OBJ,WHNP-1-<THEME-V2>,WHNP,RC,RC_OBJ,
6990,0,what color are your eyes?,1.0,-NONE-ABAR-WH-,T,WH,NP,NP,OBJ,OBJ,WHNP-1-<INANIM>,WHNP,MQ,MQ_OBJ,
6995,0,this is a game *NULL* we play in the car.,1.0,-NONE-ABAR-RC-,T,RC,NP,NP,OBJ,OBJ,WHNP-1-<INANIM>-<PATIENT-V1>,WHNP,RC,RC_OBJ,
7001,0,what is it?,1.0,-NONE-ABAR-WH-,T,WH,NP,NP,OBJ,OBJ,WHNP-1-<ANIM>,WHNP,MQ,MQ_OBJ,
7003,0,"ok, what do you think it is, Baby Laura?",1.0,-NONE-ABAR-WH-,T,WH,NP,NP,OBJ,OBJ,WHNP-1-<INANIM>,WHNP,EQ,EQ_OBJ,think
7007,0,what is it?,1.0,-NONE-ABAR-WH-,T,WH,NP,NP,OBJ,OBJ,WHNP-1-<ANIM>,WHNP,MQ,MQ_OBJ,
7010,0,what animal is it?,1.0,-NONE-ABAR-WH-,T,WH,NP,NP,OBJ,OBJ,WHNP-1-<ANIM>,WHNP,MQ,MQ_OBJ,
7011,0,"ok, Laura, now just close your eyes and see if you can see that.",,,,POLAR,,,,POLAR,,,EQ,EQ_POLAR,see
7013,0,"what animal is it, baby Laura?",1.0,-NONE-ABAR-WH-,T,WH,NP,NP,OBJ,OBJ,WHNP-1-<ANIM>,WHNP,MQ,MQ_OBJ,
7015,0,what'd she say?,1.0,-NONE-ABAR-WH-,T,WH,NP,NP,OBJ,OBJ,WHNP-1-<INANIM>-<THEME-V1>,WHNP,MQ,MQ_OBJ,
7016,0,what animal did she think it is that says.,1.0,-NONE-ABAR-WH-,T,WH,NP,NP,ADJUNCT,ADJUNCT,WHNP-1-<ANIM>,WHNP,EQ,EQ_ADJUNCT,think
7016,1,what animal did she think it is that says.,2.0,-NONE-ABAR-RC-,T,RC,NP-<ANIM>-<THEME-V2>,NP,SUBJ,SUBJ,WHNP-2-<ANIM>,WHNP,RC,RC_SUBJ,
7020,0,"what is it, Baby Laura?",1.0,-NONE-ABAR-WH-,T,WH,NP,NP,OBJ,OBJ,WHNP-1-<ANIM>,WHNP,MQ,MQ_OBJ,
7021,0,what do you think it is?,1.0,-NONE-ABAR-WH-,T,WH,NP,NP,OBJ,OBJ,WHNP-1-<ANIM>,WHNP,EQ,EQ_OBJ,think
7022,0,does she know what it is?,1.0,-NONE-ABAR-WH-,T,WH,NP,NP,OBJ,OBJ,WHNP-1-<ANIM>,WHNP,EQ,EQ_OBJ,know
7024,0,what does she say?,1.0,-NONE-ABAR-WH-,T,WH,NP,NP,OBJ,OBJ,WHNP-1-<INANIM>-<THEME-V1>,WHNP,MQ,MQ_OBJ,
7025,0,what are you going to get?,1.0,-NONE-ABAR-WH-,T,WH,NP,NP,OBJ,OBJ,WHNP-1-<INANIM>-<PATIENT-V1>,WHNP,MQ,MQ_OBJ,
7036,0,you always know when she's singing.,1.0,-NONE-ABAR-RC-,T,RC,ADVP,ADVP,ADJUNCT,ADJUNCT,WHADVP-1,WHADVP,EQ,EQ_ADJUNCT,know
7046,0,that's what she said.,1.0,-NONE-ABAR-RC-,T,RC,NP,NP,OBJ,OBJ,WHNP-1-<INANIM>-<THEME-V1>,WHNP,EQ,EQ_OBJ,said
7058,0,why don't you do ring around the rosey with Baby Laura?,1.0,-NONE-ABAR-WH-,T,WH,ADVP,ADVP,ADJUNCT,ADJUNCT,WHADVP-1,WHADVP,MQ,MQ_ADJUNCT,
7062,0,"ok, what would you like to sing?",1.0,-NONE-ABAR-WH-,T,WH,NP,NP,OBJ,OBJ,WHNP-1-<INANIM>-<PATIENT-V2>,WHNP,MQ,MQ_OBJ,
7063,0,"ok, I don't know if Investigator knows that one.",,,,POLAR,,,,POLAR,,,EQ,EQ_POLAR,know
7065,0,let's see if I can remember it when you tell it to me.,,,,POLAR,,,,POLAR,,,EQ,EQ_POLAR,see
7065,1,let's see if I can remember it when you tell it to me.,1.0,-NONE-ABAR-RC-,T,RC,ADVP,ADVP,ADJUNCT,ADJUNCT,WHADVP-1,WHADVP,EQ,EQ_ADJUNCT,remember
7069,0,what are we going to do?,1.0,-NONE-ABAR-WH-,T,WH,NP,NP,OBJ,OBJ,WHNP-1-<INANIM>-<PATIENT-V1>,WHNP,MQ,MQ_OBJ,
7080,0,look what J_P's got.,1.0,-NONE-ABAR-RC-,T,RC,NP,NP,OBJ,OBJ,WHNP-1-<INANIM>-<THEME-V2>,WHNP,EQ,EQ_OBJ,look
7083,0,show Investigator how strong you are.,1.0,-NONE-ABAR-WH-,T,WH,ADJP,ADJP,ADJUNCT,ADJUNCT,WHADJP-1,WHADJP,EQ,EQ_ADJUNCT,show
7097,0,why don't you let him get a hold of it for a minute?,1.0,-NONE-ABAR-WH-,T,WH,ADVP,ADVP,ADJUNCT,ADJUNCT,WHADVP-1,WHADVP,MQ,MQ_ADJUNCT,
7111,0,"well, if she's going to come back in I willn't move but.",,,,POLAR,,,,POLAR,,,EQ,EQ_POLAR,
7113,0,"ok, why don't I bring along the tape.",1.0,-NONE-ABAR-WH-,T,WH,ADVP,ADVP,ADJUNCT,ADJUNCT,WHADVP-1,WHADVP,MQ,MQ_ADJUNCT,
7116,0,why don't you throw it to J_P.,1.0,-NONE-ABAR-WH-,T,WH,ADVP,ADVP,ADJUNCT,ADJUNCT,WHADVP-1,WHADVP,MQ,MQ_ADJUNCT,
7118,0,look at what's missing from your foot.,1.0,-NONE-ABAR-RC-,T,RC,NP,NP,SUBJ,SUBJ,WHNP-1-<INANIM>-<THEME-V2>,WHNP,EQ,EQ_SUBJ,look
7120,0,what'd you lose there?,1.0,-NONE-ABAR-WH-,T,WH,NP,NP,OBJ,OBJ,WHNP-1-<INANIM>-<PATIENT-V1>,WHNP,MQ,MQ_OBJ,
7121,0,where'd your shoe go?,1.0,-NONE-ABAR-WH-,T,WH,ADVP,ADVP,ADJUNCT,ADJUNCT,WHADVP-1,WHADVP,MQ,MQ_ADJUNCT,
7123,0,what do you say?,1.0,-NONE-ABAR-WH-,T,WH,NP,NP,OBJ,OBJ,WHNP-1-<INANIM>-<THEME-V1>,WHNP,MQ,MQ_OBJ,
7134,0,what are you doing?,1.0,-NONE-ABAR-WH-,T,WH,NP,NP,OBJ,OBJ,WHNP-1-<INANIM>-<PATIENT-V1>,WHNP,MQ,MQ_OBJ,
7136,0,where's your shoe?,1.0,-NONE-ABAR-WH-,T,WH,ADVP,ADVP,ADJUNCT,ADJUNCT,WHADVP-1,WHADVP,MQ,MQ_ADJUNCT,
7148,0,where is it?,1.0,-NONE-ABAR-WH-,T,WH,ADVP,ADVP,ADJUNCT,ADJUNCT,WHADVP-1,WHADVP,MQ,MQ_ADJUNCT,
7154,0,what's in there?,1.0,-NONE-ABAR-WH-,T,WH,NP,NP,SUBJ,SUBJ,WHNP-1-<INANIM>,WHNP,MQ,MQ_SUBJ,
7160,0,what have you got there?,1.0,-NONE-ABAR-WH-,T,WH,NP,NP,OBJ,OBJ,WHNP-1-<INANIM>-<THEME-V1>,WHNP,MQ,MQ_OBJ,
7161,0,you want to show Investigator how you put that table up?,1.0,-NONE-ABAR-RC-,T,RC,ADVP,ADVP,ADJUNCT,ADJUNCT,WHADVP-1,WHADVP,EQ,EQ_ADJUNCT,show
7162,0,how's that table go?,1.0,-NONE-ABAR-WH-,T,WH,ADVP,ADVP,ADJUNCT,ADJUNCT,WHADVP-1,WHADVP,MQ,MQ_ADJUNCT,
7167,0,how do you get it to stay up though?,1.0,-NONE-ABAR-WH-,T,WH,ADVP,ADVP,ADJUNCT,ADJUNCT,WHADVP-1,WHADVP,MQ,MQ_ADJUNCT,
7168,0,how do you hold it up?,1.0,-NONE-ABAR-WH-,T,WH,ADVP,ADVP,ADJUNCT,ADJUNCT,WHADVP-1,WHADVP,MQ,MQ_ADJUNCT,
7169,0,what do you have to do to keep it up?,1.0,-NONE-ABAR-WH-,T,WH,NP,NP,OBJ,OBJ,WHNP-1-<INANIM>-<PATIENT-V1>,WHNP,MQ,MQ_OBJ,
7171,0,how do you keep it up there?,1.0,-NONE-ABAR-WH-,T,WH,ADVP,ADVP,ADJUNCT,ADJUNCT,WHADVP-1,WHADVP,MQ,MQ_ADJUNCT,
7172,0,what do you have to do?,2.0,-NONE-ABAR-WH-,T,WH,NP,NP,OBJ,OBJ,WHNP-2-<INANIM>-<PATIENT-V1>,WHNP,MQ,MQ_OBJ,
7177,0,you have to be careful when you do that or else this could fall.,2.0,-NONE-ABAR-RC-,T,RC,ADVP,ADVP,ADJUNCT,ADJUNCT,WHADVP-2,WHADVP,EQ,EQ_ADJUNCT,do
7180,0,"yeah, see, that's why you have to be careful.",1.0,-NONE-ABAR-RC-,T,RC,ADVP,ADVP,ADJUNCT,ADJUNCT,WHADVP-1,WHADVP,EQ,EQ_ADJUNCT,
7183,0,want to see if there's any new toys in there?,,,,POLAR,,,,POLAR,,,EQ,EQ_POLAR,see
7186,0,look and see if there's any new toys.,,,,POLAR,,,,POLAR,,,EQ,EQ_POLAR,see
7193,0,see who else is in there.,1.0,-NONE-ABAR-WH-,T,WH,NP,NP,SUBJ,SUBJ,WHNP-1-<ANIM>,WHNP,EQ,EQ_SUBJ,see
7194,0,who's that?,1.0,-NONE-ABAR-WH-,T,WH,NP,NP,OBJ,OBJ,WHNP-1-<ANIM>,WHNP,MQ,MQ_OBJ,
7196,0,who's this?,1.0,-NONE-ABAR-WH-,T,WH,NP,NP,OBJ,OBJ,WHNP-1-<ANIM>,WHNP,MQ,MQ_OBJ,
7197,0,what's this?,1.0,-NONE-ABAR-WH-,T,WH,NP,NP,OBJ,OBJ,WHNP-1-<INANIM>,WHNP,MQ,MQ_OBJ,
7199,0,what is it?,1.0,-NONE-ABAR-WH-,T,WH,NP,NP,OBJ,OBJ,WHNP-1-<ANIM>,WHNP,MQ,MQ_OBJ,
7200,0,you know what that is.,1.0,-NONE-ABAR-WH-,T,WH,NP,NP,OBJ,OBJ,WHNP-1-<ANIM>,WHNP,EQ,EQ_OBJ,know
7201,0,what is it?,1.0,-NONE-ABAR-WH-,T,WH,NP,NP,OBJ,OBJ,WHNP-1-<ANIM>,WHNP,MQ,MQ_OBJ,
7202,0,who's that?,1.0,-NONE-ABAR-WH-,T,WH,NP,NP,OBJ,OBJ,WHNP-1-<ANIM>,WHNP,MQ,MQ_OBJ,
7203,0,who's that?,1.0,-NONE-ABAR-WH-,T,WH,NP,NP,OBJ,OBJ,WHNP-1-<ANIM>,WHNP,MQ,MQ_OBJ,
7207,0,who's this?,1.0,-NONE-ABAR-WH-,T,WH,NP,NP,OBJ,OBJ,WHNP-1-<ANIM>,WHNP,MQ,MQ_OBJ,
7210,0,who's this?,1.0,-NONE-ABAR-WH-,T,WH,NP,NP,OBJ,OBJ,WHNP-1-<ANIM>,WHNP,MQ,MQ_OBJ,
7213,0,who's this?,1.0,-NONE-ABAR-WH-,T,WH,NP,NP,OBJ,OBJ,WHNP-1-<ANIM>,WHNP,MQ,MQ_OBJ,
7214,0,who's that?,1.0,-NONE-ABAR-WH-,T,WH,NP,NP,OBJ,OBJ,WHNP-1-<ANIM>,WHNP,MQ,MQ_OBJ,
7215,0,who's this?,1.0,-NONE-ABAR-WH-,T,WH,NP,NP,OBJ,OBJ,WHNP-1-<ANIM>,WHNP,MQ,MQ_OBJ,
7223,0,who's this?,1.0,-NONE-ABAR-WH-,T,WH,NP,NP,OBJ,OBJ,WHNP-1-<ANIM>,WHNP,MQ,MQ_OBJ,
7227,0,you know what this is.,1.0,-NONE-ABAR-WH-,T,WH,NP,NP,OBJ,OBJ,WHNP-1-<ANIM>,WHNP,EQ,EQ_OBJ,know
7237,0,what's this?,1.0,-NONE-ABAR-WH-,T,WH,NP,NP,OBJ,OBJ,WHNP-1-<ANIM>,WHNP,MQ,MQ_OBJ,
7241,0,who's this?,1.0,-NONE-ABAR-WH-,T,WH,NP,NP,OBJ,OBJ,WHNP-1-<ANIM>,WHNP,MQ,MQ_OBJ,
7250,0,what's this on your leg?,1.0,-NONE-ABAR-WH-,T,WH,NP,NP,OBJ,OBJ,WHNP-1-<INANIM>,WHNP,MQ,MQ_OBJ,
7251,0,"yeah, what's that?",1.0,-NONE-ABAR-WH-,T,WH,NP,NP,OBJ,OBJ,WHNP-1-<INANIM>,WHNP,MQ,MQ_OBJ,
7252,0,what is it?,1.0,-NONE-ABAR-WH-,T,WH,NP,NP,OBJ,OBJ,WHNP-1-<INANIM>,WHNP,MQ,MQ_OBJ,
7258,0,what does the truck say?,1.0,-NONE-ABAR-WH-,T,WH,NP,NP,OBJ,OBJ,WHNP-1-<INANIM>-<THEME-V1>,WHNP,MQ,MQ_OBJ,
7261,0,where's your balloon?,1.0,-NONE-ABAR-WH-,T,WH,ADVP,ADVP,ADJUNCT,ADJUNCT,WHADVP-1,WHADVP,MQ,MQ_ADJUNCT,
7267,0,but where's your balloon?,1.0,-NONE-ABAR-WH-,T,WH,ADVP,ADVP,ADJUNCT,ADJUNCT,WHADVP-1,WHADVP,EQ,EQ_ADJUNCT,
7269,0,can you tell me who's on your balloon?,1.0,-NONE-ABAR-WH-,T,WH,NP,NP,SUBJ,SUBJ,WHNP-1-<ANIM>,WHNP,EQ,EQ_SUBJ,tell
7271,0,who's this?,1.0,-NONE-ABAR-WH-,T,WH,NP,NP,OBJ,OBJ,WHNP-1-<ANIM>,WHNP,MQ,MQ_OBJ,
7272,0,who's this?,1.0,-NONE-ABAR-WH-,T,WH,NP,NP,OBJ,OBJ,WHNP-1-<ANIM>,WHNP,MQ,MQ_OBJ,
7273,0,who's this?,1.0,-NONE-ABAR-WH-,T,WH,NP,NP,OBJ,OBJ,WHNP-1-<ANIM>,WHNP,MQ,MQ_OBJ,
7277,0,"oh, who's this?",1.0,-NONE-ABAR-WH-,T,WH,NP,NP,OBJ,OBJ,WHNP-1-<ANIM>,WHNP,MQ,MQ_OBJ,
7279,0,what was his name?,1.0,-NONE-ABAR-WH-,T,WH,NP,NP,OBJ,OBJ,WHNP-1-<INANIM>,WHNP,MQ,MQ_OBJ,
7280,0,what color is this?,1.0,-NONE-ABAR-WH-,T,WH,NP,NP,OBJ,OBJ,WHNP-1-<INANIM>,WHNP,MQ,MQ_OBJ,
7281,0,what color's that?,1.0,-NONE-ABAR-WH-,T,WH,NP,NP,OBJ,OBJ,WHNP-1-<INANIM>,WHNP,MQ,MQ_OBJ,
7285,0,but what color is this?,1.0,-NONE-ABAR-WH-,T,WH,NP,NP,OBJ,OBJ,WHNP-1-<INANIM>,WHNP,EQ,EQ_OBJ,
7287,0,how many are these?,1.0,-NONE-ABAR-WH-,T,WH,NP,NP,OBJ,OBJ,WHNP-1-<INANIM>,WHNP,MQ,MQ_OBJ,
7300,0,there's a truck *NULL running me over.,1.0,-NONE-ABAR-RC-,T,RC,NP-<INANIM>-<AGENT-V1>,NP,SUBJ,SUBJ,WHNP-1-<INANIM>,WHNP,RC,RC_SUBJ,
7301,0,how come you didn't kiss this one?,1.0,-NONE-ABAR-WH-,T,WH,ADVP,ADVP,ADJUNCT,ADJUNCT,WHADVP-1,WHADVP,MQ,MQ_ADJUNCT,
7307,0,how did you get your hurt?,1.0,-NONE-ABAR-WH-,T,WH,ADVP,ADVP,ADJUNCT,ADJUNCT,WHADVP-1,WHADVP,MQ,MQ_ADJUNCT,
7308,0,how did you get your hurt?,1.0,-NONE-ABAR-WH-,T,WH,ADVP,ADVP,ADJUNCT,ADJUNCT,WHADVP-1,WHADVP,MQ,MQ_ADJUNCT,
7314,0,what's this one?,1.0,-NONE-ABAR-WH-,T,WH,NP,NP,OBJ,OBJ,WHNP-1-<INANIM>,WHNP,MQ,MQ_OBJ,
7315,0,what's this?,1.0,-NONE-ABAR-WH-,T,WH,NP,NP,OBJ,OBJ,WHNP-1-<INANIM>,WHNP,MQ,MQ_OBJ,
7316,0,what's that?,1.0,-NONE-ABAR-WH-,T,WH,NP,NP,OBJ,OBJ,WHNP-1-<INANIM>,WHNP,MQ,MQ_OBJ,
7318,0,what's he say?,1.0,-NONE-ABAR-WH-,T,WH,NP,NP,OBJ,OBJ,WHNP-1-<INANIM>-<THEME-V1>,WHNP,MQ,MQ_OBJ,
7319,0,what's the doggy say?,1.0,-NONE-ABAR-WH-,T,WH,NP,NP,OBJ,OBJ,WHNP-1-<INANIM>-<THEME-V1>,WHNP,MQ,MQ_OBJ,
7320,0,what's the owl say?,1.0,-NONE-ABAR-WH-,T,WH,NP,NP,OBJ,OBJ,WHNP-1-<INANIM>-<THEME-V1>,WHNP,MQ,MQ_OBJ,
7321,0,what's the owl say?,1.0,-NONE-ABAR-WH-,T,WH,NP,NP,OBJ,OBJ,WHNP-1-<INANIM>-<THEME-V1>,WHNP,MQ,MQ_OBJ,
7324,0,"no, what's this, do you remember?",1.0,-NONE-ABAR-WH-,T,WH,NP,NP,OBJ,OBJ,WHNP-1-<INANIM>,WHNP,MQ,MQ_OBJ,
7325,0,what's this?,1.0,-NONE-ABAR-WH-,T,WH,NP,NP,OBJ,OBJ,WHNP-1-<INANIM>,WHNP,MQ,MQ_OBJ,
7327,0,"yeah, she cooks a lot but what's this called?",1.0,-NONE-ABAR-WH-,T,WH,NP,NP,OBJ,OBJ,WHNP-1-<INANIM>-<THEME-V2>,WHNP,EQ,EQ_OBJ,
7330,0,"what is it, Child?",1.0,-NONE-ABAR-WH-,T,WH,NP,NP,OBJ,OBJ,WHNP-1-<INANIM>,WHNP,MQ,MQ_OBJ,
7335,0,what does she call it?,1.0,-NONE-ABAR-WH-,T,WH,NP,NP,OBJ,OBJ,WHNP-1-<INANIM>-<PATIENT-V1>,WHNP,MQ,MQ_OBJ,
7342,0,"we finally figured out, one day, what she was talking about.",1.0,-NONE-ABAR-RC-,T,RC,NP,NP,OBJ,OBJ,WHNP-1-<INANIM>-<THEME-V2>,WHNP,EQ,EQ_OBJ,figured
7346,0,"hey, what happened to him?",1.0,-NONE-ABAR-WH-,T,WH,NP,NP,SUBJ,SUBJ,WHNP-1-<INANIM>-<THEME-V1>,WHNP,MQ,MQ_SUBJ,
7349,0,what's this?,1.0,-NONE-ABAR-WH-,T,WH,NP,NP,OBJ,OBJ,WHNP-1-<INANIM>,WHNP,MQ,MQ_OBJ,
7351,0,what is it?,1.0,-NONE-ABAR-WH-,T,WH,NP,NP,OBJ,OBJ,WHNP-1-<INANIM>,WHNP,MQ,MQ_OBJ,
7355,0,what's this?,1.0,-NONE-ABAR-WH-,T,WH,NP,NP,OBJ,OBJ,WHNP-1-<INANIM>,WHNP,MQ,MQ_OBJ,
7359,0,"that's all *NULL* you know, I think.",1.0,-NONE-ABAR-RC-,T,RC,NP,NP,OBJ,OBJ,WHNP-1-<INANIM>-<SUBJMATT-V1>,WHNP,RC,RC_OBJ,
7360,0,what's this?,1.0,-NONE-ABAR-WH-,T,WH,NP,NP,OBJ,OBJ,WHNP-1-<INANIM>,WHNP,MQ,MQ_OBJ,
7361,0,you know what this is.,1.0,-NONE-ABAR-WH-,T,WH,NP,NP,OBJ,OBJ,WHNP-1-<INANIM>,WHNP,EQ,EQ_OBJ,know
7364,0,what's this?,1.0,-NONE-ABAR-WH-,T,WH,NP,NP,OBJ,OBJ,WHNP-1-<INANIM>,WHNP,MQ,MQ_OBJ,
7366,0,what is it?,1.0,-NONE-ABAR-WH-,T,WH,NP,NP,OBJ,OBJ,WHNP-1-<INANIM>,WHNP,MQ,MQ_OBJ,
7369,0,is that where Santa puts your presents?,1.0,-NONE-ABAR-RC-,T,RC,ADVP,ADVP,ADJUNCT,ADJUNCT,WHADVP-1,WHADVP,EQ,EQ_ADJUNCT,puts
7370,0,who's this?,1.0,-NONE-ABAR-WH-,T,WH,NP,NP,OBJ,OBJ,WHNP-1-<ANIM>,WHNP,MQ,MQ_OBJ,
7375,0,who's this?,1.0,-NONE-ABAR-WH-,T,WH,NP,NP,OBJ,OBJ,WHNP-1-<ANIM>,WHNP,MQ,MQ_OBJ,
7378,0,who's this?,1.0,-NONE-ABAR-WH-,T,WH,NP,NP,OBJ,OBJ,WHNP-1-<ANIM>,WHNP,MQ,MQ_OBJ,
7382,0,what is that?,1.0,-NONE-ABAR-WH-,T,WH,NP,NP,OBJ,OBJ,WHNP-1-<ANIM>,WHNP,MQ,MQ_OBJ,
7387,0,what's badger?,1.0,-NONE-ABAR-WH-,T,WH,NP,NP,OBJ,OBJ,WHNP-1-<ANIM>,WHNP,MQ,MQ_OBJ,
7388,0,now where're you going with that?,1.0,-NONE-ABAR-WH-,T,WH,ADVP,ADVP,ADJUNCT,ADJUNCT,WHADVP-1,WHADVP,MQ,MQ_ADJUNCT,
7389,0,where're you putting it?,1.0,-NONE-ABAR-WH-,T,WH,ADVP,ADVP,ADJUNCT,ADJUNCT,WHADVP-1,WHADVP,MQ,MQ_ADJUNCT,
7390,0,is that where it goes?,1.0,-NONE-ABAR-RC-,T,RC,ADVP,ADVP,ADJUNCT,ADJUNCT,WHADVP-1,WHADVP,EQ,EQ_ADJUNCT,goes
7399,0,who's that?,1.0,-NONE-ABAR-WH-,T,WH,NP,NP,OBJ,OBJ,WHNP-1-<ANIM>,WHNP,MQ,MQ_OBJ,
7414,0,"oh, who's this?",1.0,-NONE-ABAR-WH-,T,WH,NP,NP,OBJ,OBJ,WHNP-1-<ANIM>,WHNP,MQ,MQ_OBJ,
7417,0,what is he?,1.0,-NONE-ABAR-WH-,T,WH,NP,NP,OBJ,OBJ,WHNP-1-<ANIM>,WHNP,MQ,MQ_OBJ,
7421,0,who's this little guy?,1.0,-NONE-ABAR-WH-,T,WH,NP,NP,OBJ,OBJ,WHNP-1-<ANIM>,WHNP,MQ,MQ_OBJ,
7423,0,what's his name?,1.0,-NONE-ABAR-WH-,T,WH,NP,NP,OBJ,OBJ,WHNP-1-<INANIM>,WHNP,MQ,MQ_OBJ,
7431,0,who's that?,1.0,-NONE-ABAR-WH-,T,WH,NP,NP,OBJ,OBJ,WHNP-1-<ANIM>,WHNP,MQ,MQ_OBJ,
7449,0,who taught you?,1.0,-NONE-ABAR-WH-,T,WH,NP,NP,SUBJ,SUBJ,WHNP-1-<ANIM>-<AGENT-V1>,WHNP,MQ,MQ_SUBJ,
7457,0,what's Grammy's name?,1.0,-NONE-ABAR-WH-,T,WH,NP,NP,OBJ,OBJ,WHNP-1-<INANIM>,WHNP,MQ,MQ_OBJ,
7459,0,what is it?,1.0,-NONE-ABAR-WH-,T,WH,NP,NP,OBJ,OBJ,WHNP-1-<INANIM>,WHNP,MQ,MQ_OBJ,
7462,0,what's Mommy's name?,1.0,-NONE-ABAR-WH-,T,WH,NP,NP,OBJ,OBJ,WHNP-1-<INANIM>,WHNP,MQ,MQ_OBJ,
7464,0,I like the way *NULL* you say that.,1.0,-NONE-ABAR-RC-,T,RC,ADVP,ADVP,ADJUNCT,ADJUNCT,WHADVP-1,WHADVP,RC,RC_ADJUNCT,
7466,0,and what's Daddy's name?,1.0,-NONE-ABAR-WH-,T,WH,NP,NP,OBJ,OBJ,WHNP-1-<INANIM>,WHNP,EQ,EQ_OBJ,
7469,0,what's Daddy's name?,1.0,-NONE-ABAR-WH-,T,WH,NP,NP,OBJ,OBJ,WHNP-1-<INANIM>,WHNP,MQ,MQ_OBJ,
7471,0,what's Daddy's name?,1.0,-NONE-ABAR-WH-,T,WH,NP,NP,OBJ,OBJ,WHNP-1-<INANIM>,WHNP,MQ,MQ_OBJ,
7474,0,what's Yayee's name?,1.0,-NONE-ABAR-WH-,T,WH,NP,NP,OBJ,OBJ,WHNP-1-<INANIM>,WHNP,MQ,MQ_OBJ,
7477,0,and what's Grampa's name?,1.0,-NONE-ABAR-WH-,T,WH,NP,NP,OBJ,OBJ,WHNP-1-<INANIM>,WHNP,EQ,EQ_OBJ,
7480,0,what's your name?,1.0,-NONE-ABAR-WH-,T,WH,NP,NP,OBJ,OBJ,WHNP-1-<INANIM>,WHNP,MQ,MQ_OBJ,
7481,0,and what's your last name?,1.0,-NONE-ABAR-WH-,T,WH,NP,NP,OBJ,OBJ,WHNP-1-<INANIM>,WHNP,EQ,EQ_OBJ,
7483,0,what's the word for it?,1.0,-NONE-ABAR-WH-,T,WH,NP,NP,OBJ,OBJ,WHNP-1-<INANIM>,WHNP,MQ,MQ_OBJ,
7484,0,what's your other name?,1.0,-NONE-ABAR-WH-,T,WH,NP,NP,OBJ,OBJ,WHNP-1-<INANIM>,WHNP,MQ,MQ_OBJ,
7485,0,what's your other name?,1.0,-NONE-ABAR-WH-,T,WH,NP,NP,OBJ,OBJ,WHNP-1-<INANIM>,WHNP,MQ,MQ_OBJ,
7504,0,who's sleepy?,1.0,-NONE-ABAR-WH-,T,WH,NP,NP,SUBJ,SUBJ,WHNP-1-<ANIM>,WHNP,MQ,MQ_SUBJ,
7509,0,whose car is this?,1.0,-NONE-ABAR-WH-,T,WH,NP,NP,OBJ,OBJ,WHNP-1-<INANIM>,WHNP,MQ,MQ_OBJ,
7523,0,"uh, what's this?",1.0,-NONE-ABAR-WH-,T,WH,NP,NP,OBJ,OBJ,WHNP-1-<INANIM>,WHNP,MQ,MQ_OBJ,
7524,0,"no, what kind of a truck is it?",1.0,-NONE-ABAR-WH-,T,WH,NP,NP,OBJ,OBJ,WHNP-1-<INANIM>,WHNP,MQ,MQ_OBJ,
7529,0,nobody *NULL* we know has one of these.,1.0,-NONE-ABAR-RC-,T,RC,NP,NP,OBJ,OBJ,WHNP-1-<ANIM>-<SUBJMATT-V1>,WHNP,RC,RC_OBJ,
7540,0,how did you get your hurt?,1.0,-NONE-ABAR-WH-,T,WH,ADVP,ADVP,ADJUNCT,ADJUNCT,WHADVP-1,WHADVP,MQ,MQ_ADJUNCT,
7541,0,how did you do this?,1.0,-NONE-ABAR-WH-,T,WH,ADVP,ADVP,ADJUNCT,ADJUNCT,WHADVP-1,WHADVP,MQ,MQ_ADJUNCT,
7552,0,who's your friend?,1.0,-NONE-ABAR-WH-,T,WH,NP,NP,SUBJ,SUBJ,WHNP-1-<ANIM>,WHNP,MQ,MQ_SUBJ,
7556,0,who's your friend?,1.0,-NONE-ABAR-WH-,T,WH,NP,NP,SUBJ,SUBJ,WHNP-1-<ANIM>,WHNP,MQ,MQ_SUBJ,
7563,0,how old is Suzanne?,1.0,-NONE-ABAR-WH-,T,WH,NP,NP,OBJ,OBJ,WHNP-1-<INANIM>,WHNP,MQ,MQ_OBJ,
7567,0,why don't you keep them out here?,1.0,-NONE-ABAR-WH-,T,WH,ADVP,ADVP,ADJUNCT,ADJUNCT,WHADVP-1,WHADVP,MQ,MQ_ADJUNCT,
7570,0,sometimes when they go in there they never come back.,1.0,-NONE-ABAR-WH-,T,WH,ADVP,ADVP,ADJUNCT,ADJUNCT,WHADVP-1,WHADVP,EQ,EQ_ADJUNCT,
7576,0,is that why they have to sleep in there?,1.0,-NONE-ABAR-RC-,T,RC,ADVP,ADVP,ADJUNCT,ADJUNCT,WHADVP-1,WHADVP,EQ,EQ_ADJUNCT,sleep
7584,0,that's a silly way for *NULL* them to go to sleep!,2.0,-NONE-ABAR-RC-,T,RC,ADVP,ADVP,ADJUNCT,ADJUNCT,WHADVP-2,WHADVP,RC,RC_ADJUNCT,
7589,0,what do we do?,1.0,-NONE-ABAR-WH-,T,WH,NP,NP,OBJ,OBJ,WHNP-1-<INANIM>-<PATIENT-V1>,WHNP,MQ,MQ_OBJ,
7598,0,"well, why you putting them in there if you don't want them to go to",,,,POLAR,,,,POLAR,,,EQ,EQ_POLAR,putting
7601,0,"uh, it's time *NULL* to wake up.",1.0,-NONE-ABAR-WH-,T,WH,ADVP,ADVP,ADJUNCT,ADJUNCT,WHADVP-1,WHADVP,RC,RC_ADJUNCT,
7606,0,you can bring him out if you want.,,,,POLAR,,,,POLAR,,,EQ,EQ_POLAR,bring
7612,0,"when we blew it up, it went.",1.0,-NONE-ABAR-RC-,T,RC,ADVP,ADVP,ADJUNCT,ADJUNCT,WHADVP-1,WHADVP,EQ,EQ_ADJUNCT,
7616,0,where'd all the air go in him?,1.0,-NONE-ABAR-WH-,T,WH,ADVP,ADVP,ADJUNCT,ADJUNCT,WHADVP-1,WHADVP,MQ,MQ_ADJUNCT,
7626,0,how did it get the hole in him?,1.0,-NONE-ABAR-WH-,T,WH,ADVP,ADVP,ADJUNCT,ADJUNCT,WHADVP-1,WHADVP,MQ,MQ_ADJUNCT,
7630,0,who broke it?,1.0,-NONE-ABAR-WH-,T,WH,NP,NP,SUBJ,SUBJ,WHNP-1-<ANIM>-<AGENT-V1>,WHNP,MQ,MQ_SUBJ,
7632,0,why don't you keep the toys out here?,1.0,-NONE-ABAR-WH-,T,WH,ADVP,ADVP,ADJUNCT,ADJUNCT,WHADVP-1,WHADVP,MQ,MQ_ADJUNCT,
7640,0,whose car is it?,1.0,-NONE-ABAR-WH-,T,WH,NP,NP,OBJ,OBJ,WHNP-1-<ANIM>,WHNP,MQ,MQ_OBJ,
7648,0,what did you buy?,1.0,-NONE-ABAR-WH-,T,WH,NP,NP,OBJ,OBJ,WHNP-1-<INANIM>-<PATIENT-V1>,WHNP,MQ,MQ_OBJ,
7650,0,what did you buy?,1.0,-NONE-ABAR-WH-,T,WH,NP,NP,OBJ,OBJ,WHNP-1-<INANIM>-<PATIENT-V1>,WHNP,MQ,MQ_OBJ,
7653,0,where is it?,1.0,-NONE-ABAR-WH-,T,WH,ADVP,ADVP,ADJUNCT,ADJUNCT,WHADVP-1,WHADVP,MQ,MQ_ADJUNCT,
7665,0,"where's all the, where's the rest of the money?",2.0,-NONE-ABAR-WH-,T,WH,ADVP,ADVP,ADJUNCT,ADJUNCT,WHADVP-2,WHADVP,MQ,MQ_ADJUNCT,
7666,0,"yeah, where is it?",1.0,-NONE-ABAR-WH-,T,WH,ADVP,ADVP,ADJUNCT,ADJUNCT,WHADVP-1,WHADVP,MQ,MQ_ADJUNCT,
7669,0,where is it?,1.0,-NONE-ABAR-WH-,T,WH,ADVP,ADVP,ADJUNCT,ADJUNCT,WHADVP-1,WHADVP,MQ,MQ_ADJUNCT,
7680,0,where's he going to sleep?,1.0,-NONE-ABAR-WH-,T,WH,ADVP,ADVP,ADJUNCT,ADJUNCT,WHADVP-1,WHADVP,MQ,MQ_ADJUNCT,
7684,0,if it will fit.,,,,POLAR,,,,POLAR,,,EQ,EQ_POLAR,
7685,0,what do you know.,1.0,-NONE-ABAR-WH-,T,WH,NP,NP,OBJ,OBJ,WHNP-1-<INANIM>-<SUBJMATT-V1>,WHNP,MQ,MQ_OBJ,
7691,0,where's she going?,1.0,-NONE-ABAR-WH-,T,WH,ADVP,ADVP,ADJUNCT,ADJUNCT,WHADVP-1,WHADVP,MQ,MQ_ADJUNCT,
7693,0,what's she going to buy?,1.0,-NONE-ABAR-WH-,T,WH,NP,NP,OBJ,OBJ,WHNP-1-<INANIM>-<PATIENT-V1>,WHNP,MQ,MQ_OBJ,
7696,0,what's she having for lunch?,1.0,-NONE-ABAR-WH-,T,WH,NP,NP,OBJ,OBJ,WHNP-1-<INANIM>-<PATIENT-V1>,WHNP,MQ,MQ_OBJ,
7698,0,"oh, where's Grammy and the car?",1.0,-NONE-ABAR-WH-,T,WH,ADVP,ADVP,ADJUNCT,ADJUNCT,WHADVP-1,WHADVP,MQ,MQ_ADJUNCT,
7701,0,"oh, boy, where's Daddy?",1.0,-NONE-ABAR-WH-,T,WH,ADVP,ADVP,ADJUNCT,ADJUNCT,WHADVP-1,WHADVP,MQ,MQ_ADJUNCT,
7703,0,who's he working with?,1.0,-NONE-ABAR-WH-,T,WH,NP,NP,OBJ,OBJ,WHNP-1-<ANIM>,WHNP,MQ,MQ_OBJ,
7721,0,remember what this is?,1.0,-NONE-ABAR-WH-,T,WH,NP,NP,OBJ,OBJ,WHNP-1-<INANIM>,WHNP,EQ,EQ_OBJ,remember
7726,0,whose toys are these?,1.0,-NONE-ABAR-WH-,T,WH,NP,NP,OBJ,OBJ,WHNP-1-<ANIM>,WHNP,MQ,MQ_OBJ,
7728,0,whose truck is this?,1.0,-NONE-ABAR-WH-,T,WH,NP,NP,OBJ,OBJ,WHNP-1-<ANIM>,WHNP,MQ,MQ_OBJ,
7731,0,whose book is this?,1.0,-NONE-ABAR-WH-,T,WH,NP,NP,OBJ,OBJ,WHNP-1-<ANIM>,WHNP,MQ,MQ_OBJ,
7733,0,whose puppet is this?,1.0,-NONE-ABAR-WH-,T,WH,NP,NP,OBJ,OBJ,WHNP-1-<ANIM>,WHNP,MQ,MQ_OBJ,
7734,0,whose puppet is this?,1.0,-NONE-ABAR-WH-,T,WH,NP,NP,OBJ,OBJ,WHNP-1-<ANIM>,WHNP,MQ,MQ_OBJ,
7740,0,"hey, what's he doing here?",1.0,-NONE-ABAR-WH-,T,WH,NP,NP,OBJ,OBJ,WHNP-1-<INANIM>-<PATIENT-V1>,WHNP,MQ,MQ_OBJ,
7741,0,"who's that, Child?",1.0,-NONE-ABAR-WH-,T,WH,NP,NP,OBJ,OBJ,WHNP-1-<INANIM>,WHNP,MQ,MQ_OBJ,
7745,0,what are you going to do?,1.0,-NONE-ABAR-WH-,T,WH,NP,NP,OBJ,OBJ,WHNP-1-<INANIM>-<PATIENT-V1>,WHNP,MQ,MQ_OBJ,
7758,0,Daddy's probably got some stuff *NULL to do.,1.0,-NONE-ABAR-RC-,T,RC,NP,NP,OBJ,OBJ,WHNP-1-<INANIM>-<PATIENT-V2>,WHNP,RC,RC_OBJ,
7773,0,"well, what are you going to show me?",1.0,-NONE-ABAR-WH-,T,WH,NP,NP,OBJ,OBJ,WHNP-1-<INANIM>-<PATIENT-V1>,WHNP,MQ,MQ_OBJ,
7774,0,what's that?,1.0,-NONE-ABAR-WH-,T,WH,NP,NP,OBJ,OBJ,WHNP-1-<INANIM>,WHNP,MQ,MQ_OBJ,
7780,0,where's the gorilla?,1.0,-NONE-ABAR-WH-,T,WH,ADVP,ADVP,ADJUNCT,ADJUNCT,WHADVP-1,WHADVP,MQ,MQ_ADJUNCT,
7781,0,where's the gorilla?,1.0,-NONE-ABAR-WH-,T,WH,ADVP,ADVP,ADJUNCT,ADJUNCT,WHADVP-1,WHADVP,MQ,MQ_ADJUNCT,
7786,0,what's that?,1.0,-NONE-ABAR-WH-,T,WH,NP,NP,OBJ,OBJ,WHNP-1-<INANIM>,WHNP,MQ,MQ_OBJ,
7788,0,"oh, the lion has to go back when you pick up the gorilla?",2.0,-NONE-ABAR-WH-,T,WH,ADVP,ADVP,ADJUNCT,ADJUNCT,WHADVP-2,WHADVP,EQ,EQ_ADJUNCT,go
7791,0,how come you willn't let me look at the book?,1.0,-NONE-ABAR-WH-,T,WH,ADVP,ADVP,ADJUNCT,ADJUNCT,WHADVP-1,WHADVP,MQ,MQ_ADJUNCT,
7796,0,"who's this, Child?",1.0,-NONE-ABAR-WH-,T,WH,NP,NP,OBJ,OBJ,WHNP-1-<INANIM>,WHNP,MQ,MQ_OBJ,
7798,0,who's this?,1.0,-NONE-ABAR-WH-,T,WH,NP,NP,OBJ,OBJ,WHNP-1-<INANIM>,WHNP,MQ,MQ_OBJ,
7799,0,who's that?,1.0,-NONE-ABAR-WH-,T,WH,NP,NP,OBJ,OBJ,WHNP-1-<INANIM>,WHNP,MQ,MQ_OBJ,
7802,0,who's this?,1.0,-NONE-ABAR-WH-,T,WH,NP,NP,OBJ,OBJ,WHNP-1-<INANIM>,WHNP,MQ,MQ_OBJ,
7813,0,"show Daddy how you love him, love the dog.",1.0,-NONE-ABAR-RC-,T,RC,ADVP,ADVP,ADJUNCT,ADJUNCT,WHADVP-1,WHADVP,EQ,EQ_ADJUNCT,show
7817,0,what did you drop?,1.0,-NONE-ABAR-WH-,T,WH,NP,NP,OBJ,OBJ,WHNP-1-<INANIM>-<PATIENT-V1>,WHNP,MQ,MQ_OBJ,
7818,0,"oh, that's what you dropped.",1.0,-NONE-ABAR-RC-,T,RC,NP,NP,OBJ,OBJ,WHNP-1-<INANIM>-<PATIENT-V1>,WHNP,EQ,EQ_OBJ,dropped
7824,0,what's that?,1.0,-NONE-ABAR-WH-,T,WH,NP,NP,OBJ,OBJ,WHNP-1-<INANIM>,WHNP,MQ,MQ_OBJ,
7825,0,what's that?,1.0,-NONE-ABAR-WH-,T,WH,NP,NP,OBJ,OBJ,WHNP-1-<INANIM>,WHNP,MQ,MQ_OBJ,
7827,0,what is that?,1.0,-NONE-ABAR-WH-,T,WH,NP,NP,OBJ,OBJ,WHNP-1-<INANIM>,WHNP,MQ,MQ_OBJ,
7828,0,what you put milk in.,1.0,-NONE-ABAR-RC-,T,RC,NP,NP,OBJ,OBJ,WHNP-1-<INANIM>-<GOAL-V1>,WHNP,EQ,EQ_OBJ,
7829,0,what do you put your milk in?,1.0,-NONE-ABAR-WH-,T,WH,NP,NP,OBJ,OBJ,WHNP-1-<INANIM>-<GOAL-V1>,WHNP,MQ,MQ_OBJ,
7831,0,what's that?,1.0,-NONE-ABAR-WH-,T,WH,NP,NP,OBJ,OBJ,WHNP-1-<INANIM>,WHNP,MQ,MQ_OBJ,
7835,0,what kind of a truck is it?,1.0,-NONE-ABAR-WH-,T,WH,NP,NP,OBJ,OBJ,WHNP-1-<INANIM>,WHNP,MQ,MQ_OBJ,
7842,0,wonder how long that's been like that.,1.0,-NONE-ABAR-WH-,T,WH,ADVP,ADVP,ADJUNCT,ADJUNCT,WHADVP-1,WHADVP,EQ,EQ_ADJUNCT,wonder
7848,0,who's this?,1.0,-NONE-ABAR-WH-,T,WH,NP,NP,OBJ,OBJ,WHNP-1-<INANIM>,WHNP,MQ,MQ_OBJ,
7852,0,"well, which one is it?",1.0,-NONE-ABAR-WH-,T,WH,NP,NP,OBJ,OBJ,WHNP-1-<INANIM>,WHNP,MQ,MQ_OBJ,
7854,0,who's this?,1.0,-NONE-ABAR-WH-,T,WH,NP,NP,OBJ,OBJ,WHNP-1-<INANIM>,WHNP,MQ,MQ_OBJ,
7856,0,"yeah, what's the ducky say?",1.0,-NONE-ABAR-WH-,T,WH,NP,NP,OBJ,OBJ,WHNP-1-<INANIM>-<THEME-V1>,WHNP,MQ,MQ_OBJ,
7869,0,the horse *NULL* you broke is pretty.,1.0,-NONE-ABAR-RC-,T,RC,NP,NP,OBJ,OBJ,WHNP-1-<INANIM>-<PATIENT-V1>,WHNP,RC,RC_OBJ,
7881,0,why aren't there any toys in there?,1.0,-NONE-ABAR-WH-,T,WH,ADVP,ADVP,ADJUNCT,ADJUNCT,WHADVP-1,WHADVP,MQ,MQ_ADJUNCT,
7889,0,"how's your hurt today, Child?",1.0,-NONE-ABAR-WH-,T,WH,ADVP,ADVP,ADJUNCT,ADJUNCT,WHADVP-1,WHADVP,MQ,MQ_ADJUNCT,
7897,0,what's that?,1.0,-NONE-ABAR-WH-,T,WH,NP,NP,OBJ,OBJ,WHNP-1-<INANIM>,WHNP,MQ,MQ_OBJ,
7902,0,is that where they go?,1.0,-NONE-ABAR-RC-,T,RC,ADVP,ADVP,ADJUNCT,ADJUNCT,WHADVP-1,WHADVP,EQ,EQ_ADJUNCT,go
7966,0,why don't you brush your own hair?,1.0,-NONE-ABAR-WH-,T,WH,ADVP,ADVP,ADJUNCT,ADJUNCT,WHADVP-1,WHADVP,MQ,MQ_ADJUNCT,
8029,0,what's that mean?,1.0,-NONE-ABAR-WH-,T,WH,NP,NP,OBJ,OBJ,WHNP-1-<ANIM>-<SUBJMATT-V1>,WHNP,MQ,MQ_OBJ,
8030,0,what's that mean?,1.0,-NONE-ABAR-WH-,T,WH,NP,NP,OBJ,OBJ,WHNP-1-<INANIM>-<SUBJMATT-V1>,WHNP,MQ,MQ_OBJ,
8061,0,see how it goes around?,1.0,-NONE-ABAR-RC-,T,RC,ADVP,ADVP,ADJUNCT,ADJUNCT,WHADVP-1,WHADVP,EQ,EQ_ADJUNCT,see
8064,0,why don't you talks.,1.0,-NONE-ABAR-WH-,T,WH,ADVP,ADVP,ADJUNCT,ADJUNCT,WHADVP-1,WHADVP,MQ,MQ_ADJUNCT,
8068,0,that shows that it's listening to what you say.,1.0,-NONE-ABAR-RC-,T,RC,NP,NP,OBJ,OBJ,WHNP-1-<INANIM>-<THEME-V3>,WHNP,EQ,EQ_OBJ,listening
8069,0,where's the light?,1.0,-NONE-ABAR-WH-,T,WH,ADVP,ADVP,ADJUNCT,ADJUNCT,WHADVP-1,WHADVP,MQ,MQ_ADJUNCT,
8072,0,where's the light?,1.0,-NONE-ABAR-WH-,T,WH,ADVP,ADVP,ADJUNCT,ADJUNCT,WHADVP-1,WHADVP,MQ,MQ_ADJUNCT,
8073,0,what color is it?,1.0,-NONE-ABAR-WH-,T,WH,NP,NP,OBJ,OBJ,WHNP-1-<INANIM>,WHNP,MQ,MQ_OBJ,
8076,0,what animal is that *NULL* you've got?,1.0,-NONE-ABAR-RC-,T,RC,NP,NP,OBJ,OBJ,WHNP-1-<INANIM>-<THEME-V1>,WHNP,RC,RC_OBJ,
8076,1,what animal is that *NULL* you've got?,2.0,-NONE-ABAR-WH-,T,WH,NP,NP,OBJ,OBJ,WHNP-2-<INANIM>,WHNP,MQ,MQ_OBJ,
8077,0,what kind of animal is it?,1.0,-NONE-ABAR-WH-,T,WH,NP,NP,OBJ,OBJ,WHNP-1-<INANIM>,WHNP,MQ,MQ_OBJ,
8081,0,that's not what I said.,1.0,-NONE-ABAR-RC-,T,RC,NP,NP,OBJ,OBJ,WHNP-1-<INANIM>-<THEME-V1>,WHNP,EQ,EQ_OBJ,said
8085,0,what's this one?,1.0,-NONE-ABAR-WH-,T,WH,NP,NP,OBJ,OBJ,WHNP-1-<INANIM>,WHNP,MQ,MQ_OBJ,
8092,0,where's it jumping?,1.0,-NONE-ABAR-WH-,T,WH,ADVP,ADVP,ADJUNCT,ADJUNCT,WHADVP-1,WHADVP,MQ,MQ_ADJUNCT,
8093,0,you know what tigers do?,1.0,-NONE-ABAR-WH-,T,WH,NP,NP,OBJ,OBJ,WHNP-1-<INANIM>-<PATIENT-V2>,WHNP,EQ,EQ_OBJ,know
8097,0,who's this?,1.0,-NONE-ABAR-WH-,T,WH,NP,NP,OBJ,OBJ,WHNP-1-<ANIM>,WHNP,MQ,MQ_OBJ,
8103,0,so what is it?,1.0,-NONE-ABAR-WH-,T,WH,NP,NP,OBJ,OBJ,WHNP-1-<INANIM>,WHNP,MQ,MQ_OBJ,
8104,0,"what're we making now, Child?",1.0,-NONE-ABAR-WH-,T,WH,NP,NP,OBJ,OBJ,WHNP-1-<INANIM>-<PATIENT-V1>,WHNP,MQ,MQ_OBJ,
8106,0,what're ya going to make?,1.0,-NONE-ABAR-WH-,T,WH,NP,NP,OBJ,OBJ,WHNP-1-<INANIM>-<PATIENT-V1>,WHNP,MQ,MQ_OBJ,
8111,0,who's this?,1.0,-NONE-ABAR-WH-,T,WH,NP,NP,OBJ,OBJ,WHNP-1-<ANIM>,WHNP,MQ,MQ_OBJ,
8118,0,"Child, you know who has chicken pox now?",1.0,-NONE-ABAR-WH-,T,WH,NP,NP,SUBJ,SUBJ,WHNP-1-<ANIM>-<EXPER-V2>,WHNP,EQ,EQ_SUBJ,know
8123,0,what do you want to put on top here?,1.0,-NONE-ABAR-WH-,T,WH,NP,NP,OBJ,OBJ,WHNP-1-<INANIM>-<PATIENT-V2>,WHNP,MQ,MQ_OBJ,
8131,0,where's it going?,1.0,-NONE-ABAR-WH-,T,WH,ADVP,ADVP,ADJUNCT,ADJUNCT,WHADVP-1,WHADVP,MQ,MQ_ADJUNCT,
8132,0,where's it going?,1.0,-NONE-ABAR-WH-,T,WH,ADVP,ADVP,ADJUNCT,ADJUNCT,WHADVP-1,WHADVP,MQ,MQ_ADJUNCT,
8134,0,where's the train going?,1.0,-NONE-ABAR-WH-,T,WH,ADVP,ADVP,ADJUNCT,ADJUNCT,WHADVP-1,WHADVP,MQ,MQ_ADJUNCT,
8137,0,but where is it going?,1.0,-NONE-ABAR-WH-,T,WH,ADVP,ADVP,ADJUNCT,ADJUNCT,WHADVP-1,WHADVP,EQ,EQ_ADJUNCT,
8141,0,what's a water boat?,1.0,-NONE-ABAR-WH-,T,WH,NP,NP,OBJ,OBJ,WHNP-1-<INANIM>,WHNP,MQ,MQ_OBJ,
8143,0,"show me, how does, how does it go?",1.0,-NONE-ABAR-WH-,T,WH,ADVP,ADVP,ADJUNCT,ADJUNCT,WHADVP-1,WHADVP,MQ,MQ_ADJUNCT,
8145,0,is that why you're making a water boat?,1.0,-NONE-ABAR-RC-,T,RC,ADVP,ADVP,ADJUNCT,ADJUNCT,WHADVP-1,WHADVP,EQ,EQ_ADJUNCT,making
8147,0,how come you call it a water boat?,1.0,-NONE-ABAR-WH-,T,WH,ADVP,ADVP,ADJUNCT,ADJUNCT,WHADVP-1,WHADVP,MQ,MQ_ADJUNCT,
8150,0,"how come you call it a water boat, Child?",1.0,-NONE-ABAR-WH-,T,WH,ADVP,ADVP,ADJUNCT,ADJUNCT,WHADVP-1,WHADVP,MQ,MQ_ADJUNCT,
8151,0,what kind of a boat is it?,1.0,-NONE-ABAR-WH-,T,WH,NP,NP,OBJ,OBJ,WHNP-1-<INANIM>,WHNP,MQ,MQ_OBJ,
8153,0,what kind of a boat is it?,1.0,-NONE-ABAR-WH-,T,WH,NP,NP,OBJ,OBJ,WHNP-1-<INANIM>,WHNP,MQ,MQ_OBJ,
8159,0,what is it?,1.0,-NONE-ABAR-WH-,T,WH,NP,NP,OBJ,OBJ,WHNP-1-<INANIM>,WHNP,MQ,MQ_OBJ,
8163,0,what color is the Circle Line usually?,1.0,-NONE-ABAR-WH-,T,WH,NP,NP,OBJ,OBJ,WHNP-1-<INANIM>,WHNP,MQ,MQ_OBJ,
8171,0,where is it?,1.0,-NONE-ABAR-WH-,T,WH,ADVP,ADVP,ADJUNCT,ADJUNCT,WHADVP-1,WHADVP,MQ,MQ_ADJUNCT,
8177,0,what is that?,1.0,-NONE-ABAR-WH-,T,WH,NP,NP,OBJ,OBJ,WHNP-1-<INANIM>,WHNP,MQ,MQ_OBJ,
8178,0,what are you holding?,1.0,-NONE-ABAR-WH-,T,WH,NP,NP,OBJ,OBJ,WHNP-1-<INANIM>-<PATIENT-V1>,WHNP,MQ,MQ_OBJ,
8180,0,what're you holding while you're driving?,1.0,-NONE-ABAR-WH-,T,WH,NP,NP,OBJ,OBJ,WHNP-1-<INANIM>-<PATIENT-V1>,WHNP,MQ,MQ_OBJ,
8182,0,what is that one?,1.0,-NONE-ABAR-WH-,T,WH,NP,NP,OBJ,OBJ,WHNP-1-<INANIM>,WHNP,MQ,MQ_OBJ,
8189,0,where's it going?,1.0,-NONE-ABAR-WH-,T,WH,ADVP,ADVP,ADJUNCT,ADJUNCT,WHADVP-1,WHADVP,MQ,MQ_ADJUNCT,
8193,0,where in the water is it going?,1.0,-NONE-ABAR-WH-,T,WH,ADVP,ADVP,ADJUNCT,ADJUNCT,WHADVP-1,WHADVP,MQ,MQ_ADJUNCT,
8195,0,who's it going to visit?,1.0,-NONE-ABAR-WH-,T,WH,NP,NP,OBJ,OBJ,WHNP-1-<ANIM>-<PATIENT-V1>,WHNP,MQ,MQ_OBJ,
8200,0,where's the water?,1.0,-NONE-ABAR-WH-,T,WH,ADVP,ADVP,ADJUNCT,ADJUNCT,WHADVP-1,WHADVP,MQ,MQ_ADJUNCT,
8205,0,where's the sail?,1.0,-NONE-ABAR-WH-,T,WH,ADVP,ADVP,ADJUNCT,ADJUNCT,WHADVP-1,WHADVP,MQ,MQ_ADJUNCT,
8206,0,where's the sail?,1.0,-NONE-ABAR-WH-,T,WH,ADVP,ADVP,ADJUNCT,ADJUNCT,WHADVP-1,WHADVP,MQ,MQ_ADJUNCT,
8214,0,where're the wheels?,1.0,-NONE-ABAR-WH-,T,WH,ADVP,ADVP,ADJUNCT,ADJUNCT,WHADVP-1,WHADVP,MQ,MQ_ADJUNCT,
8244,0,where're you taking the train?,1.0,-NONE-ABAR-WH-,T,WH,ADVP,ADVP,ADJUNCT,ADJUNCT,WHADVP-1,WHADVP,MQ,MQ_ADJUNCT,
8245,0,where're you taking it?,1.0,-NONE-ABAR-WH-,T,WH,ADVP,ADVP,ADJUNCT,ADJUNCT,WHADVP-1,WHADVP,MQ,MQ_ADJUNCT,
8246,0,"I know it's a choochoo train, but where is it going?",1.0,-NONE-ABAR-WH-,T,WH,ADVP,ADVP,ADJUNCT,ADJUNCT,WHADVP-1,WHADVP,MQ,MQ_ADJUNCT,
8249,0,who's he visiting?,1.0,-NONE-ABAR-WH-,T,WH,NP,NP,OBJ,OBJ,WHNP-1-<ANIM>-<PATIENT-V1>,WHNP,MQ,MQ_OBJ,
8254,0,what is that?,1.0,-NONE-ABAR-WH-,T,WH,NP,NP,OBJ,OBJ,WHNP-1-<INANIM>,WHNP,MQ,MQ_OBJ,
8255,0,what do you stick the keys in?,1.0,-NONE-ABAR-WH-,T,WH,NP,NP,OBJ,OBJ,WHNP-1-<INANIM>-<GOAL-V1>,WHNP,MQ,MQ_OBJ,
8257,0,what's Abba put the keys in?,1.0,-NONE-ABAR-WH-,T,WH,NP,NP,OBJ,OBJ,WHNP-1-<INANIM>-<GOAL-V1>,WHNP,MQ,MQ_OBJ,
8259,0,what's that?,1.0,-NONE-ABAR-WH-,T,WH,NP,NP,OBJ,OBJ,WHNP-1-<INANIM>,WHNP,MQ,MQ_OBJ,
8269,0,where's Child's puzzle?,1.0,-NONE-ABAR-WH-,T,WH,ADVP,ADVP,ADJUNCT,ADJUNCT,WHADVP-1,WHADVP,MQ,MQ_ADJUNCT,
8274,0,where're all the pieces?,1.0,-NONE-ABAR-WH-,T,WH,ADVP,ADVP,ADJUNCT,ADJUNCT,WHADVP-1,WHADVP,MQ,MQ_ADJUNCT,
8278,0,what kind of things are in this puzzle?,1.0,-NONE-ABAR-WH-,T,WH,NP,NP,SUBJ,SUBJ,WHNP-1-<INANIM>,WHNP,MQ,MQ_SUBJ,
8279,0,what're those?,1.0,-NONE-ABAR-WH-,T,WH,NP,NP,OBJ,OBJ,WHNP-1-<INANIM>,WHNP,MQ,MQ_OBJ,
8295,0,why don't you get the Sesame Street one over there?,1.0,-NONE-ABAR-WH-,T,WH,ADVP,ADVP,ADJUNCT,ADJUNCT,WHADVP-1,WHADVP,MQ,MQ_ADJUNCT,
8301,0,do you know where it is?,1.0,-NONE-ABAR-WH-,T,WH,ADVP,ADVP,ADJUNCT,ADJUNCT,WHADVP-1,WHADVP,EQ,EQ_ADJUNCT,know
8302,0,where is it?,1.0,-NONE-ABAR-WH-,T,WH,ADVP,ADVP,ADJUNCT,ADJUNCT,WHADVP-1,WHADVP,MQ,MQ_ADJUNCT,
8308,0,how about if I read a page and you read a page?,,,,POLAR,,,,POLAR,,,EQ,EQ_POLAR,
8317,0,you want to tell me what's in that picture?,1.0,-NONE-ABAR-RC-,T,RC,NP,NP,SUBJ,SUBJ,WHNP-1-<INANIM>,WHNP,EQ,EQ_SUBJ,tell
8321,0,"Child, what else is in the picture?",1.0,-NONE-ABAR-WH-,T,WH,NP,NP,SUBJ,SUBJ,WHNP-1-<INANIM>,WHNP,MQ,MQ_SUBJ,
8322,0,what's that?,1.0,-NONE-ABAR-WH-,T,WH,NP,NP,OBJ,OBJ,WHNP-1-<INANIM>,WHNP,MQ,MQ_OBJ,
8325,0,and what's this?,1.0,-NONE-ABAR-WH-,T,WH,NP,NP,OBJ,OBJ,WHNP-1-<INANIM>,WHNP,EQ,EQ_OBJ,
8326,0,what's this?,1.0,-NONE-ABAR-WH-,T,WH,NP,NP,OBJ,OBJ,WHNP-1-<INANIM>,WHNP,MQ,MQ_OBJ,
8330,0,you know what this is?,1.0,-NONE-ABAR-WH-,T,WH,NP,NP,OBJ,OBJ,WHNP-1-<INANIM>,WHNP,EQ,EQ_OBJ,know
8331,0,"what's this, Child?",1.0,-NONE-ABAR-WH-,T,WH,NP,NP,OBJ,OBJ,WHNP-1-<INANIM>,WHNP,MQ,MQ_OBJ,
8333,0,what's this?,1.0,-NONE-ABAR-WH-,T,WH,NP,NP,OBJ,OBJ,WHNP-1-<INANIM>,WHNP,MQ,MQ_OBJ,
8338,0,now who's this?,1.0,-NONE-ABAR-WH-,T,WH,NP,NP,OBJ,OBJ,WHNP-1-<ANIM>,WHNP,MQ,MQ_OBJ,
8339,0,what kind of animal is that?,1.0,-NONE-ABAR-WH-,T,WH,NP,NP,OBJ,OBJ,WHNP-1-<INANIM>,WHNP,MQ,MQ_OBJ,
8343,0,"who's here, Child?",1.0,-NONE-ABAR-WH-,T,WH,NP,NP,SUBJ,SUBJ,WHNP-1-<ANIM>,WHNP,MQ,MQ_SUBJ,
8344,0,who's there?,1.0,-NONE-ABAR-WH-,T,WH,NP,NP,SUBJ,SUBJ,WHNP-1-<ANIM>,WHNP,MQ,MQ_SUBJ,
8352,0,look where the can for the bristle blocks is.,1.0,-NONE-ABAR-RC-,T,RC,ADVP,ADVP,ADJUNCT,ADJUNCT,WHADVP-1,WHADVP,EQ,EQ_ADJUNCT,look
8356,0,what kind of blocks are those?,1.0,-NONE-ABAR-WH-,T,WH,NP,NP,OBJ,OBJ,WHNP-1-<INANIM>,WHNP,MQ,MQ_OBJ,
8360,0,what's the other kind?,1.0,-NONE-ABAR-WH-,T,WH,NP,NP,OBJ,OBJ,WHNP-1-<INANIM>,WHNP,MQ,MQ_OBJ,
8361,0,what do you have in your hand?,1.0,-NONE-ABAR-WH-,T,WH,NP,NP,OBJ,OBJ,WHNP-1-<INANIM>-<THEME-V1>,WHNP,MQ,MQ_OBJ,
8362,0,what kind a toy is that one?,1.0,-NONE-ABAR-WH-,T,WH,NP,NP,OBJ,OBJ,WHNP-1-<INANIM>,WHNP,MQ,MQ_OBJ,
8364,0,what is that?,1.0,-NONE-ABAR-WH-,T,WH,NP,NP,OBJ,OBJ,WHNP-1-<INANIM>,WHNP,MQ,MQ_OBJ,
8365,0,do you know what that is?,1.0,-NONE-ABAR-WH-,T,WH,NP,NP,OBJ,OBJ,WHNP-1-<INANIM>,WHNP,EQ,EQ_OBJ,know
8366,0,what's in your hand?,1.0,-NONE-ABAR-WH-,T,WH,NP,NP,SUBJ,SUBJ,WHNP-1-<INANIM>,WHNP,MQ,MQ_SUBJ,
8367,0,what is that?,1.0,-NONE-ABAR-WH-,T,WH,NP,NP,OBJ,OBJ,WHNP-1-<INANIM>,WHNP,MQ,MQ_OBJ,
8368,0,what kind of block is that?,1.0,-NONE-ABAR-WH-,T,WH,NP,NP,OBJ,OBJ,WHNP-1-<INANIM>,WHNP,MQ,MQ_OBJ,
8371,0,what is it?,1.0,-NONE-ABAR-WH-,T,WH,NP,NP,OBJ,OBJ,WHNP-1-<INANIM>,WHNP,MQ,MQ_OBJ,
8374,0,but you know what we call those blocks.,1.0,-NONE-ABAR-WH-,T,WH,NP,NP,OBJ,OBJ,WHNP-1-<INANIM>-<PATIENT-V2>,WHNP,EQ,EQ_OBJ,know
8375,0,what do you call those blocks?,1.0,-NONE-ABAR-WH-,T,WH,NP,NP,OBJ,OBJ,WHNP-1-<INANIM>-<PATIENT-V1>,WHNP,MQ,MQ_OBJ,
8386,0,"what's, what's in this picture there?",1.0,-NONE-ABAR-WH-,T,WH,NP,NP,SUBJ,SUBJ,WHNP-1-<INANIM>,WHNP,MQ,MQ_SUBJ,
8389,0,what are they wearing?,1.0,-NONE-ABAR-WH-,T,WH,NP,NP,OBJ,OBJ,WHNP-1-<INANIM>-<PATIENT-V1>,WHNP,MQ,MQ_OBJ,
8394,0,what color's their hair?,1.0,-NONE-ABAR-WH-,T,WH,NP,NP,OBJ,OBJ,WHNP-1-<INANIM>,WHNP,MQ,MQ_OBJ,
8395,0,what color is the clowns ' hair?,1.0,-NONE-ABAR-WH-,T,WH,NP,NP,OBJ,OBJ,WHNP-1-<INANIM>,WHNP,MQ,MQ_OBJ,
8397,0,I don't know if you know which part is the hair.,,,,POLAR,,,,POLAR,,,EQ,EQ_POLAR,know
8397,1,I don't know if you know which part is the hair.,1.0,-NONE-ABAR-WH-,T,WH,NP,NP,OBJ,OBJ,WHNP-1-<INANIM>,WHNP,EQ,EQ_OBJ,know
8399,0,what color is it?,1.0,-NONE-ABAR-WH-,T,WH,NP,NP,OBJ,OBJ,WHNP-1-<INANIM>,WHNP,MQ,MQ_OBJ,
8401,0,what's he wearing here?,1.0,-NONE-ABAR-WH-,T,WH,NP,NP,OBJ,OBJ,WHNP-1-<INANIM>-<PATIENT-V1>,WHNP,MQ,MQ_OBJ,
8402,0,and what's on top of his head here?,1.0,-NONE-ABAR-WH-,T,WH,NP,NP,SUBJ,SUBJ,WHNP-1-<INANIM>,WHNP,EQ,EQ_SUBJ,
8403,0,what is this?,1.0,-NONE-ABAR-WH-,T,WH,NP,NP,OBJ,OBJ,WHNP-1-<INANIM>,WHNP,MQ,MQ_OBJ,
8405,0,know what he has in his hand?,1.0,-NONE-ABAR-WH-,T,WH,NP,NP,OBJ,OBJ,WHNP-1-<INANIM>-<THEME-V2>,WHNP,EQ,EQ_OBJ,know
8406,0,you know what this thing is?,1.0,-NONE-ABAR-WH-,T,WH,NP,NP,OBJ,OBJ,WHNP-1-<INANIM>,WHNP,EQ,EQ_OBJ,know
8407,0,what is that?,1.0,-NONE-ABAR-WH-,T,WH,NP,NP,OBJ,OBJ,WHNP-1-<INANIM>,WHNP,MQ,MQ_OBJ,
8420,0,what's this thing?,1.0,-NONE-ABAR-WH-,T,WH,NP,NP,OBJ,OBJ,WHNP-1-<INANIM>,WHNP,MQ,MQ_OBJ,
8421,0,do you know what this is?,1.0,-NONE-ABAR-WH-,T,WH,NP,NP,OBJ,OBJ,WHNP-1-<INANIM>,WHNP,EQ,EQ_OBJ,know
8422,0,what is that?,1.0,-NONE-ABAR-WH-,T,WH,NP,NP,OBJ,OBJ,WHNP-1-<INANIM>,WHNP,MQ,MQ_OBJ,
8423,0,what's it look like?,1.0,-NONE-ABAR-WH-,T,WH,NP,NP,OBJ,OBJ,WHNP-1-<INANIM>,WHNP,MQ,MQ_OBJ,
8437,0,what do you want to drink?,1.0,-NONE-ABAR-WH-,T,WH,NP,NP,OBJ,OBJ,WHNP-1-<INANIM>-<PATIENT-V2>,WHNP,MQ,MQ_OBJ,
8438,0,"what're you doing, Child?",1.0,-NONE-ABAR-WH-,T,WH,NP,NP,OBJ,OBJ,WHNP-1-<INANIM>-<PATIENT-V1>,WHNP,MQ,MQ_OBJ,
8453,0,"Child, where did we go in the car?",1.0,-NONE-ABAR-WH-,T,WH,ADVP,ADVP,ADJUNCT,ADJUNCT,WHADVP-1,WHADVP,MQ,MQ_ADJUNCT,
8454,0,"where did we go in the car, Child?",1.0,-NONE-ABAR-WH-,T,WH,ADVP,ADVP,ADJUNCT,ADJUNCT,WHADVP-1,WHADVP,MQ,MQ_ADJUNCT,
8455,0,where did we go in the car?,1.0,-NONE-ABAR-WH-,T,WH,ADVP,ADVP,ADJUNCT,ADJUNCT,WHADVP-1,WHADVP,MQ,MQ_ADJUNCT,
8458,0,whose house did we go to?,1.0,-NONE-ABAR-WH-,T,WH,NP,NP,OBJ,OBJ,WHNP-1-<INANIM>-<LOC-V1>,WHNP,MQ,MQ_OBJ,
8459,0,whose house did we go to?,1.0,-NONE-ABAR-WH-,T,WH,NP,NP,OBJ,OBJ,WHNP-1-<INANIM>-<LOC-V1>,WHNP,MQ,MQ_OBJ,
8464,0,"Child, what did we do at Yoni's house?",1.0,-NONE-ABAR-WH-,T,WH,NP,NP,OBJ,OBJ,WHNP-1-<INANIM>-<PATIENT-V1>,WHNP,MQ,MQ_OBJ,
8466,0,and what else did we do there?,1.0,-NONE-ABAR-WH-,T,WH,NP,NP,OBJ,OBJ,WHNP-1-<INANIM>-<PATIENT-V1>,WHNP,EQ,EQ_OBJ,
8467,0,"yeah, what do we, what did we eat?",1.0,-NONE-ABAR-WH-,T,WH,NP,NP,OBJ,OBJ,WHNP-1-<INANIM>-<PATIENT-V1>,WHNP,MQ,MQ_OBJ,
8468,0,what did we eat?,1.0,-NONE-ABAR-WH-,T,WH,NP,NP,OBJ,OBJ,WHNP-1-<INANIM>-<PATIENT-V1>,WHNP,MQ,MQ_OBJ,
8472,0,what did we eat?,1.0,-NONE-ABAR-WH-,T,WH,NP,NP,OBJ,OBJ,WHNP-1-<INANIM>-<PATIENT-V1>,WHNP,MQ,MQ_OBJ,
8473,0,what did you eat for supper?,1.0,-NONE-ABAR-WH-,T,WH,NP,NP,OBJ,OBJ,WHNP-1-<INANIM>-<PATIENT-V1>,WHNP,MQ,MQ_OBJ,
8481,0,"Child, what did you eat for supper?",1.0,-NONE-ABAR-WH-,T,WH,NP,NP,OBJ,OBJ,WHNP-1-<INANIM>-<PATIENT-V1>,WHNP,MQ,MQ_OBJ,
8489,0,remember what I told you in the car on the way there?,1.0,-NONE-ABAR-WH-,T,WH,NP,NP,OBJ,OBJ,WHNP-1-<INANIM>-<THEME-V2>,WHNP,EQ,EQ_OBJ,remember
8492,0,a barbecue is when you put the hot dogs and the hamburgers on the,1.0,-NONE-ABAR-RC-,T,RC,ADVP,ADVP,ADJUNCT,ADJUNCT,WHADVP-1,WHADVP,EQ,EQ_ADJUNCT,put
8497,0,what did you eat your hamburger with?,1.0,-NONE-ABAR-WH-,T,WH,NP,NP,OBJ,OBJ,WHNP-1-<INANIM>,WHNP,MQ,MQ_OBJ,
8498,0,what else did you eat with the hamburger?,1.0,-NONE-ABAR-WH-,T,WH,NP,NP,OBJ,OBJ,WHNP-1-<INANIM>-<PATIENT-V1>,WHNP,MQ,MQ_OBJ,
8505,0,why I cann't talk?,1.0,-NONE-ABAR-WH-,T,WH,ADVP,ADVP,ADJUNCT,ADJUNCT,WHADVP-1,WHADVP,EQ,EQ_ADJUNCT,
8507,0,what's that?,1.0,-NONE-ABAR-WH-,T,WH,NP,NP,OBJ,OBJ,WHNP-1-<INANIM>,WHNP,MQ,MQ_OBJ,
8509,0,what're you doing with the fire engine?,1.0,-NONE-ABAR-WH-,T,WH,NP,NP,OBJ,OBJ,WHNP-1-<INANIM>-<THEME-V1>,WHNP,MQ,MQ_OBJ,
8513,0,who's supposed to go in the fire engine?,1.0,-NONE-ABAR-WH-,T,WH,NP-2,NP,SUBJ,SUBJ,WHNP-1-<ANIM>-<THEME-V2>,WHNP,MQ,MQ_SUBJ,
8529,0,want to show Observer how it works?,1.0,-NONE-ABAR-RC-,T,RC,ADVP,ADVP,ADJUNCT,ADJUNCT,WHADVP-1,WHADVP,EQ,EQ_ADJUNCT,show
8530,0,how does it work?,1.0,-NONE-ABAR-WH-,T,WH,ADVP,ADVP,ADJUNCT,ADJUNCT,WHADVP-1,WHADVP,MQ,MQ_ADJUNCT,
8531,0,can you explain to me how it works?,1.0,-NONE-ABAR-RC-,T,RC,ADVP,ADVP,ADJUNCT,ADJUNCT,WHADVP-1,WHADVP,EQ,EQ_ADJUNCT,explain
8533,0,what else can you do?,1.0,-NONE-ABAR-WH-,T,WH,NP,NP,OBJ,OBJ,WHNP-1-<INANIM>-<PATIENT-V1>,WHNP,MQ,MQ_OBJ,
8534,0,"what do you see on the screen when you push the buttons, Child?",1.0,-NONE-ABAR-WH-,T,WH,NP,NP,OBJ,OBJ,WHNP-1-<INANIM>-<SUBJMATT-V1>,WHNP,MQ,MQ_OBJ,
8534,1,"what do you see on the screen when you push the buttons, Child?",2.0,-NONE-ABAR-RC-,T,RC,NP,NP,OBJ,OBJ,WHADVP-2,WHADVP,EQ,EQ_OBJ,see
8535,0,what do you see?,1.0,-NONE-ABAR-WH-,T,WH,NP,NP,OBJ,OBJ,WHNP-1-<INANIM>-<SUBJMATT-V1>,WHNP,MQ,MQ_OBJ,
8548,0,"Child, what makes the whole picture move up?",1.0,-NONE-ABAR-WH-,T,WH,NP,NP,SUBJ,SUBJ,WHNP-1-<INANIM>-<CAUSER-V1>,WHNP,MQ,MQ_SUBJ,
8550,0,you know how to do it.,1.0,-NONE-ABAR-WH-,T,WH,ADVP,ADVP,ADJUNCT,ADJUNCT,WHADVP-1,WHADVP,EQ,EQ_ADJUNCT,know
8558,0,what do you see there now?,1.0,-NONE-ABAR-WH-,T,WH,NP,NP,OBJ,OBJ,WHNP-1-<INANIM>-<SUBJMATT-V1>,WHNP,MQ,MQ_OBJ,
8559,0,"what, what's in the picture now?",1.0,-NONE-ABAR-WH-,T,WH,NP,NP,SUBJ,SUBJ,WHNP-1,WHNP,MQ,MQ_SUBJ,
8561,0,"okay, what do you see there now?",1.0,-NONE-ABAR-WH-,T,WH,NP,NP,OBJ,OBJ,WHNP-1-<INANIM>-<SUBJMATT-V1>,WHNP,MQ,MQ_OBJ,
8562,0,"Child, what's this?",1.0,-NONE-ABAR-WH-,T,WH,NP,NP,OBJ,OBJ,WHNP-1,WHNP,MQ,MQ_OBJ,
8564,0,"for who, whose name starts with an al?",1.0,-NONE-ABAR-WH-,T,WH,NP,NP,SUBJ,SUBJ,WHNP-1-<INANIM>-<THEME-V1>,WHNP,MQ,MQ_SUBJ,
8567,0,what's this?,1.0,-NONE-ABAR-WH-,T,WH,NP,NP,OBJ,OBJ,WHNP-1-<INANIM>,WHNP,MQ,MQ_OBJ,
8572,0,what number is that?,1.0,-NONE-ABAR-WH-,T,WH,NP,NP,OBJ,OBJ,WHNP-1-<INANIM>,WHNP,MQ,MQ_OBJ,
8574,0,what number is that?,1.0,-NONE-ABAR-WH-,T,WH,NP,NP,OBJ,OBJ,WHNP-1-<INANIM>,WHNP,MQ,MQ_OBJ,
8582,0,what're those?,1.0,-NONE-ABAR-WH-,T,WH,NP,NP,OBJ,OBJ,WHNP-1-<INANIM>,WHNP,MQ,MQ_OBJ,
8584,0,what colors are those?,1.0,-NONE-ABAR-WH-,T,WH,NP,NP,OBJ,OBJ,WHNP-1-<INANIM>,WHNP,MQ,MQ_OBJ,
8588,0,"oh, what's this, Child?",1.0,-NONE-ABAR-WH-,T,WH,NP,NP,OBJ,OBJ,WHNP-1-<INANIM>,WHNP,MQ,MQ_OBJ,
8589,0,what do I see here?,1.0,-NONE-ABAR-WH-,T,WH,NP,NP,OBJ,OBJ,WHNP-1-<INANIM>-<SUBJMATT-V1>,WHNP,MQ,MQ_OBJ,
8592,0,what's next to the teddy bear?,1.0,-NONE-ABAR-WH-,T,WH,NP,NP,SUBJ,SUBJ,WHNP-1-<INANIM>,WHNP,MQ,MQ_SUBJ,
8593,0,what's this?,1.0,-NONE-ABAR-WH-,T,WH,NP,NP,OBJ,OBJ,WHNP-1-<INANIM>,WHNP,MQ,MQ_OBJ,
8594,0,where's the teddy bear sitting?,1.0,-NONE-ABAR-WH-,T,WH,ADVP,ADVP,ADJUNCT,ADJUNCT,WHADVP-1,WHADVP,MQ,MQ_ADJUNCT,
8595,0,just like the one *NULL you made.,1.0,-NONE-ABAR-RC-,T,RC,NP,NP,OBJ,OBJ,WHNP-1-<INANIM>-<PATIENT-V1>,WHNP,RC,RC_OBJ,
8596,0,"oh, what does it have on here?",1.0,-NONE-ABAR-WH-,T,WH,NP,NP,OBJ,OBJ,WHNP-1-<INANIM>-<THEME-V1>,WHNP,MQ,MQ_OBJ,
8598,0,"and what's coming out of the chimney, out of the smoke stack?",1.0,-NONE-ABAR-WH-,T,WH,NP,NP,SUBJ,SUBJ,WHNP-1-<INANIM>-<THEME-V1>,WHNP,EQ,EQ_SUBJ,
8599,0,what's this?,1.0,-NONE-ABAR-WH-,T,WH,NP,NP,OBJ,OBJ,WHNP-1-<INANIM>,WHNP,MQ,MQ_OBJ,
8600,0,what's coming out of here?,1.0,-NONE-ABAR-WH-,T,WH,NP,NP,SUBJ,SUBJ,WHNP-1-<INANIM>-<THEME-V1>,WHNP,MQ,MQ_SUBJ,
8601,0,"Child, what's coming out of here?",1.0,-NONE-ABAR-WH-,T,WH,NP,NP,SUBJ,SUBJ,WHNP-1-<INANIM>-<THEME-V1>,WHNP,MQ,MQ_SUBJ,
8602,0,"Child, Child, what's this?",1.0,-NONE-ABAR-WH-,T,WH,NP,NP,OBJ,OBJ,WHNP-1-<INANIM>,WHNP,MQ,MQ_OBJ,
8603,0,the fish *NULL* we have to look for?,1.0,-NONE-ABAR-RC-,T,RC,NP,NP,OBJ,OBJ,WHNP-1-<INANIM>-<PATIENT-V1>,WHNP,RC,RC_OBJ,
8607,0,"how, what're these?",1.0,-NONE-ABAR-WH-,T,WH,NP,NP,OBJ,OBJ,WHNP-1-<INANIM>,WHNP,MQ,MQ_OBJ,
8609,0,what're those?,1.0,-NONE-ABAR-WH-,T,WH,NP,NP,OBJ,OBJ,WHNP-1-<INANIM>,WHNP,MQ,MQ_OBJ,
8611,0,how many bananas are there?,1.0,-NONE-ABAR-WH-,T,WH,NP,NP,OBJ,OBJ,WHNP-1-<INANIM>,WHNP,MQ,MQ_OBJ,
8614,0,what's there now?,1.0,-NONE-ABAR-WH-,T,WH,NP,NP,SUBJ,SUBJ,WHNP-1-<INANIM>,WHNP,MQ,MQ_SUBJ,
8618,0,what's the clown doing?,1.0,-NONE-ABAR-WH-,T,WH,NP,NP,OBJ,OBJ,WHNP-1-<INANIM>-<PATIENT-V1>,WHNP,MQ,MQ_OBJ,
8620,0,what's he juggling?,1.0,-NONE-ABAR-WH-,T,WH,NP,NP,OBJ,OBJ,WHNP-1-<INANIM>-<PATIENT-V1>,WHNP,MQ,MQ_OBJ,
8621,0,what's he juggling?,1.0,-NONE-ABAR-WH-,T,WH,NP,NP,OBJ,OBJ,WHNP-1-<INANIM>-<PATIENT-V1>,WHNP,MQ,MQ_OBJ,
8624,0,what's he juggling?,1.0,-NONE-ABAR-WH-,T,WH,NP,NP,OBJ,OBJ,WHNP-1-<INANIM>-<PATIENT-V1>,WHNP,MQ,MQ_OBJ,
8625,0,what's he juggling?,1.0,-NONE-ABAR-WH-,T,WH,NP,NP,OBJ,OBJ,WHNP-1-<INANIM>-<PATIENT-V1>,WHNP,MQ,MQ_OBJ,
8626,0,what's he juggling?,1.0,-NONE-ABAR-WH-,T,WH,NP,NP,OBJ,OBJ,WHNP-1-<INANIM>-<PATIENT-V1>,WHNP,MQ,MQ_OBJ,
8632,0,what color balls is he juggling?,1.0,-NONE-ABAR-WH-,T,WH,NP,NP,OBJ,OBJ,WHNP-1-<INANIM>-<PATIENT-V1>,WHNP,MQ,MQ_OBJ,
8650,0,do you want to see some of the toys that I brought with me?,1.0,-NONE-ABAR-RC-,T,RC,NP,NP,OBJ,OBJ,WHNP-1-<INANIM>-<PATIENT-V3>,WHNP,RC,RC_OBJ,
8651,0,show Observer what we brought too.,1.0,-NONE-ABAR-RC-,T,RC,NP,NP,OBJ,OBJ,WHNP-1-<INANIM>-<PATIENT-V2>,WHNP,EQ,EQ_OBJ,show
8652,0,we'll show her your favorite toy that we brought with us.,1.0,-NONE-ABAR-RC-,T,RC,NP,NP,OBJ,OBJ,WHNP-1-<INANIM>-<PATIENT-V2>,WHNP,RC,RC_OBJ,
8656,0,what kind of a truck is that?,1.0,-NONE-ABAR-WH-,T,WH,NP,NP,OBJ,OBJ,WHNP-1-<INANIM>,WHNP,MQ,MQ_OBJ,
8660,0,do you want to look in the bag and see what's in the bag?,1.0,-NONE-ABAR-RC-,T,RC,NP,NP,SUBJ,SUBJ,WHNP-1-<INANIM>,WHNP,EQ,EQ_SUBJ,see
8666,0,"oh, why don't you peek and see what Observer's got?",2.0,-NONE-ABAR-RC-,T,RC,NP,NP,OBJ,OBJ,WHNP-2-<INANIM>-<THEME-V3>,WHNP,EQ,EQ_OBJ,see
8666,1,"oh, why don't you peek and see what Observer's got?",1.0,-NONE-ABAR-WH-,T,WH,ADVP,ADVP,ADJUNCT,ADJUNCT,WHADVP-1,WHADVP,MQ,MQ_ADJUNCT,
8672,0,"mmm, what'd she bring?",1.0,-NONE-ABAR-WH-,T,WH,NP,NP,OBJ,OBJ,WHNP-1-<INANIM>-<PATIENT-V1>,WHNP,MQ,MQ_OBJ,
8673,0,something *NULL* you love.,1.0,-NONE-ABAR-RC-,T,RC,NP,NP,OBJ,OBJ,WHNP-1-<INANIM>-<SUBJMATT-V1>,WHNP,RC,RC_OBJ,
8675,0,and let's see what else is in here.,1.0,-NONE-ABAR-RC-,T,RC,NP,NP,SUBJ,SUBJ,WHNP-1-<INANIM>,WHNP,EQ,EQ_SUBJ,see
8678,0,now what was that?,1.0,-NONE-ABAR-WH-,T,WH,NP,NP,OBJ,OBJ,WHNP-1-<INANIM>,WHNP,MQ,MQ_OBJ,
8683,0,they're for *NULL* you to play with here.,1.0,-NONE-ABAR-RC-,T,RC,NP,NP,OBJ,OBJ,WHNP-1-<INANIM>-<PATIENT-V1>,WHNP,EQ,EQ_OBJ,play
8684,0,see what else we've got.,1.0,-NONE-ABAR-RC-,T,RC,NP,NP,OBJ,OBJ,WHNP-1-<INANIM>-<THEME-V2.,WHNP,EQ,EQ_OBJ,see
8687,0,if her hooks aren't broken.,,,,POLAR,,,,POLAR,,,EQ,EQ_POLAR,
8690,0,"Child, I bet you don't know what that's called.",1.0,-NONE-ABAR-RC-,T,RC,NP,NP,OBJ,OBJ,WHNP-1-<INANIM>-<THEME-V3>,WHNP,EQ,EQ_OBJ,know
8693,0,what is that?,1.0,-NONE-ABAR-WH-,T,WH,NP,NP,OBJ,OBJ,WHNP-1-<INANIM>,WHNP,MQ,MQ_OBJ,
8698,0,"uh, let's see if this'll hook on.",,,,POLAR,,,,POLAR,,,EQ,EQ_POLAR,see
8700,0,also here's one thing that I think is neat about this.,1.0,-NONE-ABAR-RC-,T,RC,NP,NP,SUBJ,SUBJ,WHNP-1-<INANIM>,WHNP,EQ,EQ_SUBJ,think
8714,0,who lights the matches?,1.0,-NONE-ABAR-WH-,T,WH,NP,NP,SUBJ,SUBJ,WHNP-1-<ANIM>-<AGENT-V1>,WHNP,MQ,MQ_SUBJ,
8724,0,the ones that you sat on?,1.0,-NONE-ABAR-RC-,T,RC,NP,NP,OBJ,OBJ,WHNP-1-<INANIM>,WHNP,RC,RC_OBJ,
8750,0,"Child, what's this?",1.0,-NONE-ABAR-WH-,T,WH,NP,NP,OBJ,OBJ,WHNP-1-<INANIM>,WHNP,MQ,MQ_OBJ,
8755,0,what I'd like to do is wait until the end to.,1.0,-NONE-ABAR-WH-,T,WH,NP,NP,OBJ,OBJ,WHNP-1-<INANIM>-<PATIENT-V2>,WHNP,EQ,EQ_OBJ,
8780,0,you know what that is?,1.0,-NONE-ABAR-WH-,T,WH,NP,NP,OBJ,OBJ,WHNP-1-<INANIM>,WHNP,EQ,EQ_OBJ,know
8782,0,you tell Observer what that is.,1.0,-NONE-ABAR-RC-,T,RC,NP,NP,OBJ,OBJ,WHNP-1-<INANIM>,WHNP,EQ,EQ_OBJ,tell
8783,0,you know exactly what that is.,1.0,-NONE-ABAR-WH-,T,WH,NP,NP,OBJ,OBJ,WHNP-1-<INANIM>,WHNP,EQ,EQ_OBJ,know
8784,0,what is that?,1.0,-NONE-ABAR-WH-,T,WH,NP,NP,OBJ,OBJ,WHNP-1-<INANIM>,WHNP,MQ,MQ_OBJ,
8805,0,is there anybody *NULL* driving the tractor?,1.0,-NONE-ABAR-RC-,T,RC,NP,NP,SUBJ,SUBJ,WHNP-1-<ANIM>-<AGENT-V1>,WHNP,RC,RC_SUBJ,
8812,0,who's Chuck?,1.0,-NONE-ABAR-WH-,T,WH,NP,NP,OBJ,OBJ,WHNP-1-<INANIM>,WHNP,MQ,MQ_OBJ,
8819,0,why don't you stop picking your nose and Momma get you a Kleenex?,1.0,-NONE-ABAR-WH-,T,WH,ADVP,ADVP,ADJUNCT,ADJUNCT,WHADVP-1,WHADVP,MQ,MQ_ADJUNCT,
8823,0,"I'll let you take him out, cause I 'm afraid that I'll hurt him if",,,,POLAR,,,,POLAR,,,EQ,EQ_POLAR,
8823,1,"I'll let you take him out, cause I 'm afraid that I'll hurt him if",,,,POLAR,,,,POLAR,,,EQ,EQ_POLAR,hurt
8823,2,"I'll let you take him out, cause I 'm afraid that I'll hurt him if",,,,POLAR,,,,POLAR,,,EQ,EQ_POLAR,hurt
8835,0,"see, Chuck comes out when we drop the digger.",1.0,-NONE-ABAR-RC-,T,RC,ADVP,ADVP,ADJUNCT,ADJUNCT,WHADVP-1,WHADVP,EQ,EQ_ADJUNCT,comes
8841,0,how did Chuck get his name?,1.0,-NONE-ABAR-WH-,T,WH,ADVP,ADVP,ADJUNCT,ADJUNCT,WHADVP-1,WHADVP,MQ,MQ_ADJUNCT,
8843,0,I don't know if he knows.,,,,POLAR,,,,POLAR,,,EQ,EQ_POLAR,know
8847,0,"Child, can you tell Observer what that's called?",1.0,-NONE-ABAR-RC-,T,RC,NP,NP,OBJ,OBJ,WHNP-1-<INANIM>-<THEME-V2>,WHNP,EQ,EQ_OBJ,tell
8849,0,what is this?,1.0,-NONE-ABAR-WH-,T,WH,NP,NP,OBJ,OBJ,WHNP-1-<INANIM>,WHNP,MQ,MQ_OBJ,
8861,0,I bet she doesn't know what it's called.,1.0,-NONE-ABAR-WH-,T,WH,NP,NP,OBJ,OBJ,WHNP-1-<INANIM>-<THEME-V3>,WHNP,EQ,EQ_OBJ,know
8864,0,tell her what it is.,1.0,-NONE-ABAR-RC-,T,RC,NP,NP,OBJ,OBJ,WHNP-1-<INANIM>,WHNP,EQ,EQ_OBJ,tell
8869,0,"what, what kinds of things does it dump?",1.0,-NONE-ABAR-WH-,T,WH,NP,NP,OBJ,OBJ,WHNP-1-<INANIM>-<PATIENT-V1>,WHNP,MQ,MQ_OBJ,
8872,0,what were we dumping before we came in today?,1.0,-NONE-ABAR-WH-,T,WH,NP,NP,OBJ,OBJ,WHNP-1-<INANIM>-<PATIENT-V1>,WHNP,MQ,MQ_OBJ,
8874,0,"right outside your school, what we were dumping out there?",1.0,-NONE-ABAR-RC-,T,RC,NP,NP,OBJ,OBJ,WHNP-1-<INANIM>-<PATIENT-V1>,WHNP,EQ,EQ_OBJ,
8886,0,"I'll make it and you see if you remember what it was called, okay?",,,,POLAR,,,,POLAR,,,EQ,EQ_POLAR,see
8886,1,"I'll make it and you see if you remember what it was called, okay?",1.0,-NONE-ABAR-RC-,T,RC,NP,NP,OBJ,OBJ,WHNP-1-<INANIM>-<THEME-V4>,WHNP,EQ,EQ_OBJ,remember
8890,0,"you remember what this was called, Child?",1.0,-NONE-ABAR-WH-,T,WH,NP,NP,OBJ,OBJ,WHNP-1-<INANIM>-<THEME-V2>,WHNP,EQ,EQ_OBJ,remember
8891,0,when we were pulling logs?,1.0,-NONE-ABAR-RC-,T,RC,ADVP,ADVP,ADJUNCT,ADJUNCT,WHADVP-1,WHADVP,EQ,EQ_ADJUNCT,
8893,0,why don't you take your fingers out of your nose and do something?,1.0,-NONE-ABAR-WH-,T,WH,ADVP,ADVP,ADJUNCT,ADJUNCT,WHADVP-1,WHADVP,MQ,MQ_ADJUNCT,
8894,0,remember what this is called in your book?,1.0,-NONE-ABAR-WH-,T,WH,NP,NP,OBJ,OBJ,WHNP-1-<INANIM>-<THEME-V2>,WHNP,EQ,EQ_OBJ,remember
8896,0,when it pulls the log.,1.0,-NONE-ABAR-RC-,T,RC,ADVP,ADVP,ADJUNCT,ADJUNCT,WHADVP-1,WHADVP,EQ,EQ_ADJUNCT,
8909,0,he gets to the point where we were allowed to stand in the ditch for,1.0,-NONE-ABAR-RC-,T,RC,ADVP,ADVP,ADJUNCT,ADJUNCT,WHADVP-1,WHADVP,RC,RC_ADJUNCT,
8916,0,"what's this one called, Child?",1.0,-NONE-ABAR-WH-,T,WH,NP,NP,OBJ,OBJ,WHNP-1-<INANIM>-<THEME-V1>,WHNP,MQ,MQ_OBJ,
8917,0,what's this truck called?,1.0,-NONE-ABAR-WH-,T,WH,NP,NP,OBJ,OBJ,WHNP-1-<INANIM>-<THEME-V1>,WHNP,MQ,MQ_OBJ,
8918,0,is it called anything *NULL* we know?,2.0,-NONE-ABAR-RC-,T,RC,NP,NP,OBJ,OBJ,WHNP-2-<INANIM>-<SUBJMATT-V2>,WHNP,RC,RC_OBJ,
8930,0,what's different about them?,1.0,-NONE-ABAR-WH-,T,WH,NP,NP,SUBJ,SUBJ,WHNP-1-<INANIM>,WHNP,MQ,MQ_SUBJ,
8933,0,what did we do?,1.0,-NONE-ABAR-WH-,T,WH,NP,NP,OBJ,OBJ,WHNP-1-<INANIM>-<PATIENT-V1>,WHNP,MQ,MQ_OBJ,
8941,0,"no, what is this fruit?",1.0,-NONE-ABAR-WH-,T,WH,NP,NP,OBJ,OBJ,WHNP-1-<INANIM>,WHNP,MQ,MQ_OBJ,
8950,0,which one would you like?,1.0,-NONE-ABAR-WH-,T,WH,NP,NP,OBJ,OBJ,WHNP-1-<INANIM>-<SUBJMATT-V1>,WHNP,MQ,MQ_OBJ,
8951,0,what would you like for your snack?,1.0,-NONE-ABAR-WH-,T,WH,NP,NP,OBJ,OBJ,WHNP-1-<INANIM>-<SUBJMATT-V1>,WHNP,MQ,MQ_OBJ,
8954,0,"okay, now let's see if.",,,,POLAR,,,,POLAR,,,EQ,EQ_POLAR,see
8955,0,"let's see what things we can put in the basket, okay?",1.0,-NONE-ABAR-RC-,T,RC,NP,NP,OBJ,OBJ,WHNP-1-<INANIM>-<PATIENT-V3>,WHNP,EQ,EQ_OBJ,see
8956,0,see if we know what they're called.,,,,POLAR,,,,POLAR,,,EQ,EQ_POLAR,see
8956,1,see if we know what they're called.,1.0,-NONE-ABAR-RC-,T,RC,NP,NP,OBJ,OBJ,WHNP-1-<INANIM>-<THEME-V3>,WHNP,EQ,EQ_OBJ,know
8964,0,what's this one?,1.0,-NONE-ABAR-WH-,T,WH,NP,NP,OBJ,OBJ,WHNP-1-<INANIM>,WHNP,MQ,MQ_OBJ,
8976,0,let's see what else Observer's got.,1.0,-NONE-ABAR-RC-,T,RC,NP,NP,OBJ,OBJ,WHNP-1-<INANIM>-<THEME-V3>,WHNP,EQ,EQ_OBJ,see
8987,0,see if you can find a lemon on the floor.,,,,POLAR,,,,POLAR,,,EQ,EQ_POLAR,see
8990,0,see if you could find a lemon over by Observer.,,,,POLAR,,,,POLAR,,,EQ,EQ_POLAR,see
8993,0,what did you find?,1.0,-NONE-ABAR-WH-,T,WH,NP,NP,OBJ,OBJ,WHNP-1-<INANIM>-<PATIENT-V1>,WHNP,MQ,MQ_OBJ,
8994,0,what is that?,1.0,-NONE-ABAR-WH-,T,WH,NP,NP,OBJ,OBJ,WHNP-1-<INANIM>,WHNP,MQ,MQ_OBJ,
9003,0,where's the banana?,1.0,-NONE-ABAR-WH-,T,WH,NP,NP,OBJ,OBJ,WHADVP-1,WHADVP,MQ,MQ_OBJ,
9014,0,what do you think the duck likes to eat?,1.0,-NONE-ABAR-WH-,T,WH,NP,NP,OBJ,OBJ,WHNP-1-<INANIM>-<PATIENT-V3>,WHNP,EQ,EQ_OBJ,think
9015,0,which of this fruit do you think the duck likes to eat?,1.0,-NONE-ABAR-WH-,T,WH,NP,NP,OBJ,OBJ,WHNP-1-<INANIM>-<PATIENT-V3>,WHNP,EQ,EQ_OBJ,think
9016,0,you tell Observer what ducks like to eat.,1.0,-NONE-ABAR-RC-,T,RC,NP,NP,OBJ,OBJ,WHNP-1-<INANIM>-<PATIENT-V3>,WHNP,EQ,EQ_OBJ,tell
9018,0,we know what ducks like to eat.,1.0,-NONE-ABAR-WH-,T,WH,NP,NP,OBJ,OBJ,WHNP-1-<INANIM>-<PATIENT-V3>,WHNP,EQ,EQ_OBJ,know
9019,0,what do they eat?,1.0,-NONE-ABAR-WH-,T,WH,NP,NP,OBJ,OBJ,WHNP-1-<INANIM>-<PATIENT-V1>,WHNP,MQ,MQ_OBJ,
9026,0,what do we take the ducks?,1.0,-NONE-ABAR-WH-,T,WH,NP,NP,OBJ,OBJ,WHNP-1-<INANIM>-<PATIENT-V1>,WHNP,MQ,MQ_OBJ,
9027,0,"what do we take *NULL* to feed the ducks, and you love to eat it, too?",1.0,-NONE-ABAR-WH-,T,WH,NP-1,NP,ADJUNCT,ADJUNCT,WHNP-1-<INANIM>,WHNP,MQ,MQ_ADJUNCT,
9027,1,"what do we take *NULL* to feed the ducks, and you love to eat it, too?",2.0,-NONE-ABAR-RC-,T,RC,NP,NP,OBJ,OBJ,WHNP-2-<INANIM>-<PATIENT-V2>,WHNP,RC,RC_OBJ,
9029,0,what do you feed them?,1.0,-NONE-ABAR-WH-,T,WH,NP,NP,OBJ,OBJ,WHNP-1-<INANIM>-<PATIENT-V1>,WHNP,MQ,MQ_OBJ,
9030,0,what is it that you eat?,1.0,-NONE-ABAR-WH-,T,WH,NP,NP,ADJUNCT,ADJUNCT,WHNP-1-<INANIM>,WHNP,MQ,MQ_ADJUNCT,
9030,1,what is it that you eat?,2.0,-NONE-ABAR-RC-,T,RC,NP,NP,OBJ,OBJ,WHNP-2-<INANIM>-<PATIENT-V1>,WHNP,RC,RC_OBJ,
9032,0,what is it?,1.0,-NONE-ABAR-WH-,T,WH,NP,NP,OBJ,OBJ,WHNP-1-<INANIM>,WHNP,MQ,MQ_OBJ,
9036,0,what's it called?,1.0,-NONE-ABAR-WH-,T,WH,NP,NP,OBJ,OBJ,WHNP-1-<INANIM>-<THEME-V1>,WHNP,MQ,MQ_OBJ,
9042,0,what is it?,1.0,-NONE-ABAR-WH-,T,WH,NP,NP,OBJ,OBJ,WHNP-1-<INANIM>,WHNP,MQ,MQ_OBJ,
9043,0,what do you like to feed the ducks?,1.0,-NONE-ABAR-WH-,T,WH,NP,NP,OBJ,OBJ,WHNP-1-<INANIM>-<PATIENT-V2>,WHNP,MQ,MQ_OBJ,
9044,0,"I know someplace else where we like it too, like the Ground",1.0,-NONE-ABAR-RC-,T,RC,NP,NP,OBJ,OBJ,WHADVP-1,WHADVP,RC,RC_OBJ,
9045,0,what do they give us at the Ground Round when we first get there?,1.0,-NONE-ABAR-WH-,T,WH,NP,NP,OBJ,OBJ,WHNP-1-<INANIM>-<PATIENT-V1>,WHNP,MQ,MQ_OBJ,
9045,1,what do they give us at the Ground Round when we first get there?,2.0,-NONE-ABAR-RC-,T,RC,ADVP,ADVP,ADJUNCT,ADJUNCT,WHADVP-2,WHADVP,EQ,EQ_ADJUNCT,give
9048,0,what is it?,1.0,-NONE-ABAR-WH-,T,WH,NP,NP,OBJ,OBJ,WHNP-1-<INANIM>,WHNP,MQ,MQ_OBJ,
9049,0,where is it?,1.0,-NONE-ABAR-WH-,T,WH,ADVP,ADVP,ADJUNCT,ADJUNCT,WHADVP-1,WHADVP,MQ,MQ_ADJUNCT,
9051,0,where is it.,1.0,-NONE-ABAR-WH-,T,WH,ADVP,ADVP,ADJUNCT,ADJUNCT,WHADVP-1,WHADVP,MQ,MQ_ADJUNCT,
9053,0,what is it?,1.0,-NONE-ABAR-WH-,T,WH,NP,NP,OBJ,OBJ,WHNP-1-<INANIM>,WHNP,MQ,MQ_OBJ,
9054,0,where is it?,1.0,-NONE-ABAR-WH-,T,WH,ADVP,ADVP,ADJUNCT,ADJUNCT,WHADVP-1,WHADVP,MQ,MQ_ADJUNCT,
9066,0,but do you want to see some more animals that I have?,1.0,-NONE-ABAR-RC-,T,RC,NP,NP,OBJ,OBJ,WHNP-1-<INANIM>-<THEME-V3>,WHNP,RC,RC_OBJ,
9069,0,what kind of animal is this?,1.0,-NONE-ABAR-WH-,T,WH,NP,NP,OBJ,OBJ,WHNP-1-<INANIM>,WHNP,MQ,MQ_OBJ,
9074,0,where did we go last Sunday and see elephants?,1.0,-NONE-ABAR-WH-,T,WH,ADVP,ADVP,ADJUNCT,ADJUNCT,WHADVP-1,WHADVP,MQ,MQ_ADJUNCT,
9074,1,where did we go last Sunday and see elephants?,1.0,-NONE-ABAR-WH-,T,WH,ADVP,ADVP,ADJUNCT,ADJUNCT,WHADVP-1,WHADVP,MQ,MQ_ADJUNCT,
9078,0,"Child, does that elephant look like the ones *NULL* we saw at the circus?",1.0,-NONE-ABAR-RC-,T,RC,NP,NP,OBJ,OBJ,WHNP-1-<ANIM>-<SUBJMATT-V2>,WHNP,RC,RC_OBJ,
9090,0,and were there ladies *NULL riding on their backs?,1.0,-NONE-ABAR-RC-,T,RC,NP,NP,SUBJ,SUBJ,WHNP-1-<ANIM>-<THEME-V1>,WHNP,RC,RC_SUBJ,
9115,0,"do you remember, Child do you remember over there when you were",1.0,-NONE-ABAR-RC-,T,RC,ADVP,ADVP,ADJUNCT,ADJUNCT,WHADVP-1,WHADVP,EQ,EQ_ADJUNCT,remember
9117,0,"what, what does this look like, Child?",1.0,-NONE-ABAR-WH-,T,WH,NP,NP,OBJ,OBJ,WHNP-1-<INANIM>,WHNP,MQ,MQ_OBJ,
9118,0,does this look like the spaghetti *NULL* you were making in the garlic?,1.0,-NONE-ABAR-RC-,T,RC,NP,NP,OBJ,OBJ,WHNP-1-<INANIM>-<PATIENT-V2>,WHNP,RC,RC_OBJ,
9119,0,"you want to come feel it, see if it feels the same?",,,,POLAR,,,,POLAR,,,EQ,EQ_POLAR,see
9126,0,let's see what Observer's got.,1.0,-NONE-ABAR-RC-,T,RC,NP,NP,OBJ,OBJ,WHNP-1-<INANIM>-<THEME-V3>,WHNP,EQ,EQ_OBJ,see
9132,0,they look like people who are going to fix the building.,1.0,-NONE-ABAR-RC-,T,RC,NP-2,NP,SUBJ,SUBJ,WHNP-1-<ANIM>-<AGENT-V2>,WHNP,RC,RC_SUBJ,
9133,0,"they look like people who don't know how to close a door, don't",1.0,-NONE-ABAR-RC-,T,RC,NP,NP,SUBJ,SUBJ,WHNP-1-<ANIM>-<EXPER-V2>,WHNP,RC,RC_SUBJ,
9133,1,"they look like people who don't know how to close a door, don't",2.0,-NONE-ABAR-RC-,T,RC,ADVP,ADVP,ADJUNCT,ADJUNCT,WHADVP-2,WHADVP,EQ,EQ_ADJUNCT,know
9141,0,did we decide what this was?,1.0,-NONE-ABAR-WH-,T,WH,NP,NP,OBJ,OBJ,WHNP-1-<INANIM>,WHNP,EQ,EQ_OBJ,decide
9142,0,"yeah, do you know what that is?",1.0,-NONE-ABAR-WH-,T,WH,NP,NP,OBJ,OBJ,WHNP-1-<INANIM>,WHNP,EQ,EQ_OBJ,know
9143,0,"that's something that eats dog food, Child.",1.0,-NONE-ABAR-RC-,T,RC,NP,NP,SUBJ,SUBJ,WHNP-1-<ANIM>-<AGENT-V1>,WHNP,RC,RC_SUBJ,
9146,0,"what do you, what is that?",1.0,-NONE-ABAR-WH-,T,WH,NP,NP,OBJ,OBJ,WHNP-1-<ANIM>,WHNP,MQ,MQ_OBJ,
9148,0,"well, what does that mean it is?",1.0,-NONE-ABAR-WH-,T,WH,NP,NP,OBJ,OBJ,WHNP-1-<ANIM>,WHNP,EQ,EQ_OBJ,mean
9156,0,why don't you ask Observer if she's got anything else *NULL there to show?,,,,POLAR,,,,POLAR,,,EQ,EQ_POLAR,ask
9156,1,why don't you ask Observer if she's got anything else *NULL there to show?,2.0,-NONE-ABAR-RC-,T,RC,NP,NP,OBJ,OBJ,WHNP-2-<INANIM>-<V3>,WHNP,RC,RC_OBJ,
9156,2,why don't you ask Observer if she's got anything else *NULL there to show?,1.0,-NONE-ABAR-WH-,T,WH,ADVP,ADVP,ADJUNCT,ADJUNCT,WHADVP-1,WHADVP,MQ,MQ_ADJUNCT,
9170,0,"why don't you try not hitting them, hon?",1.0,-NONE-ABAR-WH-,T,WH,NP,NP,OBJ,OBJ,WHADVP-1,WHADVP,MQ,MQ_OBJ,
9172,0,what do you think it is?,1.0,-NONE-ABAR-WH-,T,WH,NP,NP,OBJ,OBJ,WHNP-1-<INANIM>,WHNP,EQ,EQ_OBJ,think
9173,0,why don't you look at that *NULL* she's got?,2.0,-NONE-ABAR-RC-,T,RC,NP,NP,OBJ,OBJ,WHNP-2-<INANIM>-<THEME-V2>,WHNP,RC,RC_OBJ,
9173,1,why don't you look at that *NULL* she's got?,1.0,-NONE-ABAR-WH-,T,WH,ADVP,ADVP,ADJUNCT,ADJUNCT,WHADVP-1,WHADVP,MQ,MQ_ADJUNCT,
9175,0,why don't you see what Observer's got there?,2.0,-NONE-ABAR-RC-,T,RC,NP,NP,OBJ,OBJ,WHNP-2-<INANIM>-<THEME-V2>,WHNP,EQ,EQ_OBJ,see
9175,1,why don't you see what Observer's got there?,1.0,-NONE-ABAR-WH-,T,WH,ADVP,ADVP,ADJUNCT,ADJUNCT,WHADVP-1,WHADVP,MQ,MQ_ADJUNCT,
9176,0,what do you think that is?,1.0,-NONE-ABAR-WH-,T,WH,NP,NP,OBJ,OBJ,WHNP-1-<INANIM>,WHNP,EQ,EQ_OBJ,think
9195,0,what is that?,1.0,-NONE-ABAR-WH-,T,WH,NP,NP,OBJ,OBJ,WHNP-1-<INANIM>,WHNP,MQ,MQ_OBJ,
9205,0,"I'll tell you what noise this animal makes, okay?",1.0,-NONE-ABAR-RC-,T,RC,NP,NP,OBJ,OBJ,WHNP-1-<INANIM>-<PATIENT-V2>,WHNP,EQ,EQ_OBJ,tell
9208,0,"mm, we know what that is.",1.0,-NONE-ABAR-WH-,T,WH,NP,NP,OBJ,OBJ,WHNP-1-<INANIM>,WHNP,EQ,EQ_OBJ,know
9214,0,I have you know what the name of this this dog is?,1.0,-NONE-ABAR-WH-,T,WH,NP,NP,OBJ,OBJ,WHNP-1-<INANIM>,WHNP,EQ,EQ_OBJ,know
9220,0,"that's like Razzie, is something *NULL* called maybe like a sheepdog and",1.0,-NONE-ABAR-RC-,T,RC,NP-2,NP,SUBJ,SUBJ,WHNP-1-<INANIM>-<PATIENT-V1>,WHNP,RC,RC_SUBJ,
9227,0,see how they get shaved here?,1.0,-NONE-ABAR-WH-,T,WH,ADVP,ADVP,ADJUNCT,ADJUNCT,WHADVP-1,WHADVP,EQ,EQ_ADJUNCT,see
9230,0,who else gets shaved?,1.0,-NONE-ABAR-WH-,T,WH,NP-2,NP,SUBJ,SUBJ,WHNP-1-<ANIM>-<THEME-V1>,WHNP,MQ,MQ_SUBJ,
9231,0,who shaves every morning?,1.0,-NONE-ABAR-WH-,T,WH,NP,NP,SUBJ,SUBJ,WHNP-1-<ANIM>-<THEME-V1>,WHNP,MQ,MQ_SUBJ,
9233,0,why does he shave?,1.0,-NONE-ABAR-WH-,T,WH,ADVP,ADVP,ADJUNCT,ADJUNCT,WHADVP-1,WHADVP,MQ,MQ_ADJUNCT,
9234,0,"why does Daddy shave, Child?",1.0,-NONE-ABAR-WH-,T,WH,ADVP,ADVP,ADJUNCT,ADJUNCT,WHADVP-1,WHADVP,MQ,MQ_ADJUNCT,
9245,0,what shall we do with the hot water?,1.0,-NONE-ABAR-WH-,T,WH,NP,NP,OBJ,OBJ,WHNP-1-<INANIM>-<THEME-V1>,WHNP,MQ,MQ_OBJ,
9251,0,"hey, Child, you remember how the little bear made birthday soup?",1.0,-NONE-ABAR-WH-,T,WH,ADVP,ADVP,ADJUNCT,ADJUNCT,WHADVP-1,WHADVP,EQ,EQ_ADJUNCT,remember
9255,0,what do you think?,1.0,-NONE-ABAR-WH-,T,WH,NP,NP,OBJ,OBJ,WHNP-1-<INANIM>-SUBJMATT-V1>,WHNP,MQ,MQ_OBJ,
9265,0,what do you make in that pan?,1.0,-NONE-ABAR-WH-,T,WH,NP,NP,OBJ,OBJ,WHNP-1-<INANIM>-<PATIENT-V1>,WHNP,MQ,MQ_OBJ,
9267,0,can you tell Observer what you cook in a pan like that?,1.0,-NONE-ABAR-RC-,T,RC,NP,NP,OBJ,OBJ,WHNP-1-<INANIM>-<PATIENT-V2>,WHNP,EQ,EQ_OBJ,tell
9268,0,what do you cook in a pan like that?,1.0,-NONE-ABAR-WH-,T,WH,NP,NP,OBJ,OBJ,WHNP-1-<INANIM>-<PATIENT-V1>,WHNP,MQ,MQ_OBJ,
9270,0,what else do we make in a pan like that?,1.0,-NONE-ABAR-WH-,T,WH,NP,NP,OBJ,OBJ,WHNP-1-<INANIM>-<PATIENT-V1>,WHNP,MQ,MQ_OBJ,
9273,0,what kind of muffins are we making?,1.0,-NONE-ABAR-WH-,T,WH,NP,NP,OBJ,OBJ,WHNP-1-<INANIM>-<PATIENT-V1>,WHNP,MQ,MQ_OBJ,
9286,0,why don't you put the tea down and go get some cups for us.,1.0,-NONE-ABAR-WH-,T,WH,ADVP,ADVP,ADJUNCT,ADJUNCT,WHADVP-1,WHADVP,MQ,MQ_ADJUNCT,
9288,0,ask Observer what color she'd like.,1.0,-NONE-ABAR-WH-,T,WH,NP,NP,OBJ,OBJ,WHNP-1-<INANIM>-<SUBJMATT-V2>,WHNP,EQ,EQ_OBJ,ask
9290,0,"you're going to have a tough time *NULL* giving her purple, Child.",2.0,-NONE-ABAR-RC-,T,RC,ADVP,ADVP,ADJUNCT,ADJUNCT,WHADVP-2,WHADVP,RC,RC_ADJUNCT,
9310,0,"what kind of muffins did you make, Child?",1.0,-NONE-ABAR-WH-,T,WH,NP,NP,OBJ,OBJ,WHNP-1-<INANIM>-<PATIENT-V1>,WHNP,MQ,MQ_OBJ,
9318,0,"that, why don't you not stand on there, Child?",1.0,-NONE-ABAR-WH-,T,WH,ADVP,ADVP,ADJUNCT,ADJUNCT,WHADVP-1,WHADVP,MQ,MQ_ADJUNCT,
9328,0,how long will it take for the muffins to cook?,1.0,-NONE-ABAR-WH-,T,WH,ADVP,ADVP,ADJUNCT,ADJUNCT,WHADVP-1,WHADVP,MQ,MQ_ADJUNCT,
9333,0,what happened to the muffins?,1.0,-NONE-ABAR-WH-,T,WH,NP,NP,OBJ,OBJ,WHNP-1-<INANIM>-<THEME-V1>,WHNP,MQ,MQ_OBJ,
9380,0,"what color do you love, Child?",1.0,-NONE-ABAR-WH-,T,WH,NP,NP,OBJ,OBJ,WHNP-1-<INANIM>-<SUBJMATT-V1>,WHNP,MQ,MQ_OBJ,
9381,0,what color is this color?,1.0,-NONE-ABAR-WH-,T,WH,NP,NP,OBJ,OBJ,WHNP-1-<INANIM>,WHNP,MQ,MQ_OBJ,
9382,0,what color is this one over here?,1.0,-NONE-ABAR-WH-,T,WH,NP,NP,OBJ,OBJ,WHNP-1-<INANIM>,WHNP,MQ,MQ_OBJ,
9384,0,where's the rest of it?,1.0,-NONE-ABAR-WH-,T,WH,ADVP,ADVP,ADJUNCT,ADJUNCT,WHADVP-1,WHADVP,MQ,MQ_ADJUNCT,
9385,0,who had the rest of the blue?,1.0,-NONE-ABAR-WH-,T,WH,NP,NP,SUBJ,SUBJ,WHNP-1-<ANIM>-<POSSESS-V1>,WHNP,MQ,MQ_SUBJ,
9390,0,"oh, what's Observer supposed to use?",2.0,-NONE-ABAR-WH-,T,WH,NP,NP,OBJ,OBJ,WHNP-2-<INANIM>-<PATIENT-V2>,WHNP,MQ,MQ_OBJ,
9392,0,what color do I get?,1.0,-NONE-ABAR-WH-,T,WH,NP,NP,OBJ,OBJ,WHNP-1-<INANIM>-<PATIENT-V1>,WHNP,MQ,MQ_OBJ,
9394,0,what color is that?,1.0,-NONE-ABAR-WH-,T,WH,NP,NP,OBJ,OBJ,WHNP-1-<INANIM>,WHNP,MQ,MQ_OBJ,
9396,0,what color is this?,1.0,-NONE-ABAR-WH-,T,WH,NP,NP,OBJ,OBJ,WHNP-1-<INANIM>,WHNP,MQ,MQ_OBJ,
9398,0,what color do you have?,1.0,-NONE-ABAR-WH-,T,WH,NP,NP,OBJ,OBJ,WHNP-1-<INANIM>-<THEME-V1>,WHNP,MQ,MQ_OBJ,
9399,0,what color is your plate?,1.0,-NONE-ABAR-WH-,T,WH,NP,NP,OBJ,OBJ,WHNP-1-<INANIM>,WHNP,MQ,MQ_OBJ,
9416,0,I thought if we're having cake.,,,,POLAR,,,,POLAR,,,EQ,EQ_POLAR,thought
9420,0,what flavor do we have?,1.0,-NONE-ABAR-WH-,T,WH,NP,NP,OBJ,OBJ,WHNP-1-<INANIM>-<THEME-V1>,WHNP,MQ,MQ_OBJ,
9421,0,what kind of ice cream did you bring us?,1.0,-NONE-ABAR-WH-,T,WH,NP,NP,OBJ,OBJ,WHNP-1-<INANIM>-<PATIENT-V1>,WHNP,MQ,MQ_OBJ,
9424,0,what kind of ice cream do you like?,1.0,-NONE-ABAR-WH-,T,WH,NP,NP,OBJ,OBJ,WHNP-1-<INANIM>-<SUBJMATT-V1>,WHNP,MQ,MQ_OBJ,
9425,0,"hey, Child, what kind of ice cream do you have in there?",1.0,-NONE-ABAR-WH-,T,WH,NP,NP,OBJ,OBJ,WHNP-1-<INANIM>-<THEME-V1>,WHNP,MQ,MQ_OBJ,
9436,0,what are you bringing?,1.0,-NONE-ABAR-WH-,T,WH,NP,NP,OBJ,OBJ,WHNP-1-<INANIM>-<PATIENT-V1>,WHNP,MQ,MQ_OBJ,
9437,0,what are these?,1.0,-NONE-ABAR-WH-,T,WH,NP,NP,OBJ,OBJ,WHNP-1-<INANIM>,WHNP,MQ,MQ_OBJ,
9445,0,you know what those look like to me?,1.0,-NONE-ABAR-WH-,T,WH,NP,NP,OBJ,OBJ,WHNP-1-<INANIM>,WHNP,EQ,EQ_OBJ,know
9448,0,"Child, happened yesterday when Joan made those cookies?",1.0,-NONE-ABAR-RC-,T,RC,ADVP,ADVP,ADJUNCT,ADJUNCT,WHADVP-1,WHADVP,EQ,EQ_ADJUNCT,happened
9449,0,did you like those cookies *NULL* Joan made?,1.0,-NONE-ABAR-RC-,T,RC,NP,NP,OBJ,OBJ,WHNP-1-<INANIM>-<PATIENT-V2>,WHNP,RC,RC_OBJ,
9450,0,what was wrong with them?,1.0,-NONE-ABAR-WH-,T,WH,NP,NP,SUBJ,SUBJ,WHNP-1-<INANIM>,WHNP,MQ,MQ_SUBJ,
9452,0,"no, remember why you didn't eat the cookies?",1.0,-NONE-ABAR-RC-,T,RC,ADVP,ADVP,ADJUNCT,ADJUNCT,WHADVP-1,WHADVP,EQ,EQ_ADJUNCT,remember
9464,0,and we were visiting someone who had a new baby yesterday and she,1.0,-NONE-ABAR-WH-,T,WH,NP,NP,OBJ,OBJ,WHNP-1-<ANIM>-<POSSESS-V2>,WHNP,RC,RC_OBJ,
9468,0,what was he?,1.0,-NONE-ABAR-WH-,T,WH,NP,NP,OBJ,OBJ,WHNP-1-<ANIM>,WHNP,MQ,MQ_OBJ,
9470,0,how big is he?,1.0,-NONE-ABAR-WH-,T,WH,ADVP,ADVP,ADJUNCT,ADJUNCT,WHADVP-1,WHADVP,MQ,MQ_ADJUNCT,
9475,0,what are you making?,1.0,-NONE-ABAR-WH-,T,WH,NP,NP,OBJ,OBJ,WHNP-1-<INANIM>-<PATIENT-V1>,WHNP,MQ,MQ_OBJ,
9482,0,"that's just like when we cook at home, isn't it, Child?",1.0,-NONE-ABAR-RC-,T,RC,ADVP,ADVP,ADJUNCT,ADJUNCT,WHADVP-1,WHADVP,EQ,EQ_ADJUNCT,cook
9486,0,what things do you make at home?,1.0,-NONE-ABAR-WH-,T,WH,NP,NP,OBJ,OBJ,WHNP-1-<INANIM>-<PATIENT-V1>,WHNP,MQ,MQ_OBJ,
9488,0,what's your favorite thing *NULL* to make?,2.0,-NONE-ABAR-RC-,T,RC,NP,NP,OBJ,OBJ,WHNP-2-<INANIM>-<PATIENT-V1>,WHNP,RC,RC_OBJ,
9488,1,what's your favorite thing *NULL* to make?,1.0,-NONE-ABAR-WH-,T,WH,NP,NP,OBJ,OBJ,WHNP-1-<INANIM>,WHNP,MQ,MQ_OBJ,
9490,0,do you need someone *NULL* to pull you in?,1.0,-NONE-ABAR-RC-,T,RC,NP,NP,SUBJ,SUBJ,WHNP-1-<ANIM>-<AGENT-V2>,WHNP,RC,RC_SUBJ,
9494,0,what else do we cook at home?,1.0,-NONE-ABAR-WH-,T,WH,NP,NP,OBJ,OBJ,WHNP-1-<INANIM>-<PATIENT-V1>,WHNP,MQ,MQ_OBJ,
9497,0,what else do we cook at home?,1.0,-NONE-ABAR-WH-,T,WH,NP,NP,OBJ,OBJ,WHNP-1-<INANIM>-<PATIENT-V1>,WHNP,MQ,MQ_OBJ,
9498,0,what do you and Mommy make at home?,1.0,-NONE-ABAR-WH-,T,WH,NP,NP,OBJ,OBJ,WHNP-1-<INANIM>-<PATIENT-V1>,WHNP,MQ,MQ_OBJ,
9499,0,what do we make every morning?,1.0,-NONE-ABAR-WH-,T,WH,NP,NP,OBJ,OBJ,WHNP-1-<INANIM>-<PATIENT-V1>,WHNP,MQ,MQ_OBJ,
9504,0,"Child, what are you good at cooking in the morning?",1.0,-NONE-ABAR-WH-,T,WH,NP,NP,OBJ,OBJ,WHNP-1-<INANIM>-<PATIENT-V1>,WHNP,MQ,MQ_OBJ,
9505,0,what are the two things that you make really well in the morning?,2.0,-NONE-ABAR-RC-,T,RC,NP,NP,OBJ,OBJ,WHNP-2-<INANIM>-<PATIENT-V1>,WHNP,RC,RC_OBJ,
9505,1,what are the two things that you make really well in the morning?,1.0,-NONE-ABAR-WH-,T,WH,NP,NP,OBJ,OBJ,WHNP-1-<INANIM>,WHNP,MQ,MQ_OBJ,
9507,0,"what do, what do we make in the morning *NULL* we put maple syrup on?",1.0,-NONE-ABAR-WH-,T,WH,NP,NP,ADJUNCT,ADJUNCT,WHNP-1-<INANIM>-<PATIENT-V1>,WHNP,MQ,MQ_ADJUNCT,
9507,1,"what do, what do we make in the morning *NULL* we put maple syrup on?",2.0,-NONE-ABAR-RC-,T,RC,NP,NP,OBJ,OBJ,WHNP-2-<INANIM>-<GOAL-V2>,WHNP,RC,RC_OBJ,
9508,0,what do we put maple syrup on?,1.0,-NONE-ABAR-WH-,T,WH,NP,NP,OBJ,OBJ,WHNP-1-<INANIM>-<GOAL-V1>,WHNP,MQ,MQ_OBJ,
9509,0,"what do we make, Child, and cook it on the grill?",1.0,-NONE-ABAR-WH-,T,WH,NP,NP,OBJ,OBJ,WHNP-1-<INANIM>-<PATIENT-V1>,WHNP,MQ,MQ_OBJ,
9512,0,and what else do you make in the morning that you put syrup on?,1.0,-NONE-ABAR-WH-,T,WH,NP,NP,OBJ,OBJ,WHNP-1-<INANIM>-<PATIENT-V1>,WHNP,EQ,EQ_OBJ,
9512,1,and what else do you make in the morning that you put syrup on?,2.0,-NONE-ABAR-RC-,T,RC,NP,NP,OBJ,OBJ,WHNP-2-<INANIM>-<GOAL-V2>,WHNP,EQ,EQ_OBJ,make
9514,0,what do you put syrup and bananas in?,1.0,-NONE-ABAR-WH-,T,WH,NP,NP,OBJ,OBJ,WHNP-1-<INANIM>-<GOAL-V1>,WHNP,MQ,MQ_OBJ,
9517,0,who likes oatmeal?,1.0,-NONE-ABAR-WH-,T,WH,NP,NP,SUBJ,SUBJ,WHNP-1-<ANIM>-<EXPER-V1>,WHNP,MQ,MQ_SUBJ,
9518,0,anybody *NULL* we know?,1.0,-NONE-ABAR-RC-,T,RC,NP,NP,OBJ,OBJ,WHNP-1-<ANIM>-<SUBJMATT-V1>,WHNP,RC,RC_OBJ,
9524,0,see if she knows what any of those.,,,,POLAR,,,,POLAR,,,EQ,EQ_POLAR,see
9526,0,you take it over there and see if she knows what any of the,,,,POLAR,,,,POLAR,,,EQ,EQ_POLAR,see
9531,0,or you can put them on the floor if you like.,,,,POLAR,,,,POLAR,,,EQ,EQ_POLAR,put
9535,0,"Child, what's, what's this?",1.0,-NONE-ABAR-WH-,T,WH,NP,NP,OBJ,OBJ,WHNP-1-<INANIM>,WHNP,MQ,MQ_OBJ,
9536,0,"hey, Child, what's Mommy doing?",1.0,-NONE-ABAR-WH-,T,WH,NP,NP,OBJ,OBJ,WHNP-1-<INANIM>-<PATIENT-V1>,WHNP,MQ,MQ_OBJ,
9538,0,and what's on my head?,1.0,-NONE-ABAR-WH-,T,WH,NP,NP,SUBJ,SUBJ,WHNP-1-<INANIM>,WHNP,EQ,EQ_SUBJ,
9540,0,what's up there?,1.0,-NONE-ABAR-WH-,T,WH,NP,NP,SUBJ,SUBJ,WHNP-1-<INANIM>,WHNP,MQ,MQ_SUBJ,
9541,0,what's keeping me dry?,1.0,-NONE-ABAR-WH-,T,WH,NP,NP,SUBJ,SUBJ,WHNP-1-<INANIM>-<CAUSER-V1>,WHNP,MQ,MQ_SUBJ,
9542,0,what is it?,1.0,-NONE-ABAR-WH-,T,WH,NP,NP,OBJ,OBJ,WHNP-1-<INANIM>,WHNP,MQ,MQ_OBJ,
9546,0,now what's on my head?,1.0,-NONE-ABAR-WH-,T,WH,NP,NP,SUBJ,SUBJ,WHNP-1-<INANIM>,WHNP,MQ,MQ_SUBJ,
9547,0,what is it?,1.0,-NONE-ABAR-WH-,T,WH,NP,NP,OBJ,OBJ,WHNP-1-<INANIM>,WHNP,MQ,MQ_OBJ,
9554,0,what's not good?,1.0,-NONE-ABAR-WH-,T,WH,NP,NP,SUBJ,SUBJ,WHNP-1-<INANIM>,WHNP,MQ,MQ_SUBJ,
9555,0,what are you cooking now?,1.0,-NONE-ABAR-WH-,T,WH,NP,NP,OBJ,OBJ,WHNP-1-<INANIM>-<PATIENT-V1>,WHNP,MQ,MQ_OBJ,
9559,0,I want you to try to be a little bit more with what you're making.,1.0,-NONE-ABAR-RC-,T,RC,NP,NP,OBJ,OBJ,WHNP-1-<INANIM>-<PATIENT-V3>,WHNP,EQ,EQ_OBJ,making
9570,0,what day is today?,1.0,-NONE-ABAR-WH-,T,WH,NP,NP,OBJ,OBJ,WHNP-1-<INANIM>,WHNP,MQ,MQ_OBJ,
9581,0,how's that?,1.0,-NONE-ABAR-WH-,T,WH,ADVP,ADVP,ADJUNCT,ADJUNCT,WHADVP-1,WHADVP,MQ,MQ_ADJUNCT,
9588,0,do you need something *NULL* to scoop?,1.0,-NONE-ABAR-RC-,T,RC,NP,NP,OBJ,OBJ,WHNP-1-<INANIM>-<PATIENT-V2>,WHNP,RC,RC_OBJ,
9589,0,want Mommy to get you something that you can scoop up?,1.0,-NONE-ABAR-RC-,T,RC,NP,NP,OBJ,OBJ,WHNP-1-<INANIM>-<PATIENT-V3>,WHNP,RC,RC_OBJ,
9592,0,let's see if that will help you.,,,,POLAR,,,,POLAR,,,EQ,EQ_POLAR,see
9605,0,"what does it do, Child?",1.0,-NONE-ABAR-WH-,T,WH,NP,NP,OBJ,OBJ,WHNP-1-<INANIM>-<PATIENT-V1>,WHNP,MQ,MQ_OBJ,
9606,0,what do you do with that?,1.0,-NONE-ABAR-WH-,T,WH,NP,NP,OBJ,OBJ,WHNP-1-<INANIM>-<THEME-V1>,WHNP,MQ,MQ_OBJ,
9609,0,what are you doing?,1.0,-NONE-ABAR-WH-,T,WH,NP,NP,OBJ,OBJ,WHNP-1-<INANIM>-<PATIENT-V1>,WHNP,MQ,MQ_OBJ,
9612,0,you tell Observer you learned how to whisper and you really like,1.0,-NONE-ABAR-RC-,T,RC,ADVP,ADVP,ADJUNCT,ADJUNCT,WHADVP-1,WHADVP,EQ,EQ_ADJUNCT,learned
9618,0,"can you tell Observer what the front of that, de what the front of that digger is called?",1.0,-NONE-ABAR-WH-,T,WH,NP,NP,OBJ,OBJ,WHNP-1-<INANIM>-<THEME-V2>,WHNP,EQ,EQ_OBJ,
9622,0,I think you're the only one that knows.,1.0,-NONE-ABAR-RC-,T,RC,NP,NP,SUBJ,SUBJ,WHNP-1-<ANIM>-<EXPER-V2>,WHNP,RC,RC_SUBJ,
9623,0,what is the front of the digger?,1.0,-NONE-ABAR-WH-,T,WH,NP,NP,OBJ,OBJ,WHNP-1-<INANIM>,WHNP,MQ,MQ_OBJ,
9624,0,which end is the front?,1.0,-NONE-ABAR-WH-,T,WH,NP,NP,OBJ,OBJ,WHNP-1-<INANIM>,WHNP,MQ,MQ_OBJ,
9628,0,and what's that part?,1.0,-NONE-ABAR-WH-,T,WH,NP,NP,OBJ,OBJ,WHNP-1-<INANIM>,WHNP,EQ,EQ_OBJ,
9629,0,"what's that part called, Child?",1.0,-NONE-ABAR-WH-,T,WH,NP,NP,OBJ,OBJ,WHNP-1-<INANIM>-<THEME-V1>,WHNP,MQ,MQ_OBJ,
9630,0,remember what Mr Rogers told you about that?,1.0,-NONE-ABAR-RC-,T,RC,NP,NP,OBJ,OBJ,WHNP-1-<INANIM>-<THEME-V2>,WHNP,EQ,EQ_OBJ,remember
9631,0,about why it's called that?,1.0,-NONE-ABAR-RC-,T,RC,ADVP,ADVP,ADJUNCT,ADJUNCT,WHADVP-1,WHADVP,EQ,EQ_ADJUNCT,
9640,0,"that's very scary, when you're right inside of it it's very noisy.",1.0,-NONE-ABAR-WH-,T,WH,ADVP,ADVP,ADJUNCT,ADJUNCT,WHADVP-1,WHADVP,EQ,EQ_ADJUNCT,
9643,0,did somebody teach him how to do that?,1.0,-NONE-ABAR-WH-,T,WH,ADVP,ADVP,ADJUNCT,ADJUNCT,WHADVP-1,WHADVP,EQ,EQ_ADJUNCT,teach
9644,0,and then what did he do?,1.0,-NONE-ABAR-WH-,T,WH,NP,NP,OBJ,OBJ,WHNP-1-<INANIM>-<PATIENT-V1>,WHNP,EQ,EQ_OBJ,
9649,0,"did you remember what, why it's called a backhoe?",1.0,-NONE-A-PASS-,T,OTHER,NP,NP,OBJ,OBJ,WHADVP-1,WHADVP,EQ,EQ_OBJ,
9649,1,"did you remember what, why it's called a backhoe?",1.0,-NONE-ABAR-WH-,T,WH,ADVP,ADVP,ADJUNCT,ADJUNCT,WHADVP-1,WHADVP,EQ,EQ_ADJUNCT,
9650,0,do you remember what he told us?,1.0,-NONE-ABAR-WH-,T,WH,NP,NP,OBJ,OBJ,WHNP-1-<INANIM>-<THEME-V2>,WHNP,EQ,EQ_OBJ,remember
9677,0,"because I don't know if they're judging him, I mean I've watched",,,,POLAR,,,,POLAR,,,EQ,EQ_POLAR,
9677,1,"because I don't know if they're judging him, I mean I've watched",,,,POLAR,,,,POLAR,,,EQ,EQ_POLAR,know
9678,0,I don't know if they judge him because he's a little bit effeminate.,,,,POLAR,,,,POLAR,,,EQ,EQ_POLAR,know
9679,0,I 'm not sure if,,,,POLAR,,,,POLAR,,,EQ,EQ_POLAR,
9681,0,ya know and he talks about things that you wouldn't think of.,1.0,-NONE-ABAR-WH-,T,WH,NP,NP,OBJ,OBJ,WHNP-1-<INANIM>-<SUBJMATT-V3>,WHNP,RC,RC_OBJ,
9689,0,"he talks about, he's got a little girl on a lot that's handicapped.",1.0,-NONE-ABAR-RC-,T,RC,NP,NP,SUBJ,SUBJ,WHNP-1-<ANIM>,WHNP,EQ,EQ_SUBJ,got
9690,0,and he asks her about how she feels about it.,1.0,-NONE-ABAR-RC-,T,RC,ADVP,ADVP,ADJUNCT,ADJUNCT,WHADVP-1,WHADVP,EQ,EQ_ADJUNCT,asks
9701,0,"the part, the pretending part I don't know if you know.",,,,POLAR,,,,POLAR,,,EQ,EQ_POLAR,know
9704,0,but the part when he goes on tours I think is interesting.,1.0,-NONE-ABAR-RC-,T,RC,ADVP,ADVP,ADJUNCT,ADJUNCT,WHADVP-1,WHADVP,RC,RC_ADJUNCT,
9709,0,the one that's on at five o' clock at night is the same one that's on,1.0,-NONE-ABAR-RC-,T,RC,NP,NP,SUBJ,SUBJ,WHNP-1-<INANIM>,WHNP,RC,RC_SUBJ,
9709,1,the one that's on at five o' clock at night is the same one that's on,1.0,-NONE-ABAR-RC-,T,RC,NP,NP,SUBJ,SUBJ,WHNP-1-<INANIM>,WHNP,RC,RC_SUBJ,
9712,0,"Child, what are you building over there.",1.0,-NONE-ABAR-WH-,T,WH,NP,NP,OBJ,OBJ,WHNP-1-<INANIM>-<PATIENT-V1>,WHNP,MQ,MQ_OBJ,
9716,0,"why were they, what were they doing with the pipes?",1.0,-NONE-ABAR-WH-,T,WH,NP,NP,OBJ,OBJ,WHNP-1-<INANIM>-<THEME-V1>,WHNP,MQ,MQ_OBJ,
9717,0,what were the pipes,1.0,-NONE-ABAR-WH-,T,WH,NP,NP,OBJ,OBJ,WHNP-1-<INANIM>,WHNP,MQ,MQ_OBJ,
9720,0,"why were they putting new pipes in the ground, Child?",1.0,-NONE-ABAR-WH-,T,WH,ADVP,ADVP,ADJUNCT,ADJUNCT,WHADVP-1,WHADVP,MQ,MQ_ADJUNCT,
9721,0,what were the pipes for?,1.0,-NONE-ABAR-WH-,T,WH,NP,NP,OBJ,OBJ,WHNP-1-<INANIM>,WHNP,MQ,MQ_OBJ,
9723,0,what were they going to put in the pipes?,1.0,-NONE-ABAR-WH-,T,WH,NP,NP,OBJ,OBJ,WHNP-1-<INANIM>-<PATIENT-V1>,WHNP,MQ,MQ_OBJ,
9725,0,why were they doing sparks?,1.0,-NONE-ABAR-WH-,T,WH,ADVP,ADVP,ADJUNCT,ADJUNCT,WHADVP-1,WHADVP,MQ,MQ_ADJUNCT,
9727,0,"and they made, it made sparks when they cut it?",1.0,-NONE-ABAR-RC-,T,RC,ADVP,ADVP,ADJUNCT,ADJUNCT,WHADVP-1,WHADVP,EQ,EQ_ADJUNCT,made
9728,0,what was going to go through the pipes after they finished putting them?,2.0,-NONE-ABAR-WH-,T,WH,NP-1,NP,SUBJ,SUBJ,WHNP-2-<INANIM>-<THEME-V1>,WHNP,MQ,MQ_SUBJ,
9730,0,and what was going to go inside the pipes?,1.0,-NONE-ABAR-WH-,T,WH,NP-2,NP,SUBJ,SUBJ,WHNP-1-<INANIM>-<>THEME-V1,WHNP,EQ,EQ_SUBJ,
9731,0,"remember what was, what was coming through the pipes?",1.0,-NONE-ABAR-WH-,T,WH,NP,NP,SUBJ,SUBJ,WHNP-1-<INANIM>-<THEME-V2>,WHNP,MQ,MQ_SUBJ,
9732,0,what was that?,1.0,-NONE-ABAR-WH-,T,WH,NP,NP,OBJ,OBJ,WHNP-1-<INANIM>,WHNP,MQ,MQ_OBJ,
9738,0,and that's what you drink?,1.0,-NONE-ABAR-RC-,T,RC,NP,NP,OBJ,OBJ,WHNP-1-<INANIM>-<>PATIENT-V1,WHNP,EQ,EQ_OBJ,drink
9745,0,is it right by your house that *NULL* it happened?,1.0,-NONE-ABAR-RC-,T,RC,ADVP,ADVP,ADJUNCT,ADJUNCT,WHADVP-1,WHADVP,EQ,EQ_ADJUNCT,happened
9747,0,"oh, that's where you dump it, okay.",1.0,-NONE-ABAR-RC-,T,RC,ADVP,ADVP,ADJUNCT,ADJUNCT,WHADVP-1,WHADVP,EQ,EQ_ADJUNCT,dump
9748,0,and then when you come back again you get another load?,1.0,-NONE-ABAR-RC-,T,RC,ADVP,ADVP,ADJUNCT,ADJUNCT,WHADVP-1,WHADVP,EQ,EQ_ADJUNCT,
9755,0,all my friends that have kids *NULL* his age I cann't understand what they,1.0,-NONE-ABAR-RC-,T,RC,NP,NP,SUBJ,SUBJ,WHNP-1-<ANIM>-<POSSESS-V1>,WHNP,RC,RC_SUBJ,
9765,0,and the thing that's so funny about it is his mother was a speech,1.0,-NONE-ABAR-RC-,T,RC,NP,NP,SUBJ,SUBJ,WHNP-1-<INANIM>,WHNP,RC,RC_SUBJ,
9767,0,"Child, what's in these?",1.0,-NONE-ABAR-WH-,T,WH,NP,NP,SUBJ,SUBJ,WHNP-1-<INANIM>,WHNP,MQ,MQ_SUBJ,
9768,0,we what comes in these?,1.0,-NONE-ABAR-WH-,T,WH,NP,NP,SUBJ,SUBJ,WHNP-1-<INANIM>-<THEME-V1>,WHNP,MQ,MQ_SUBJ,
9772,0,what kind of baby food is in this?,1.0,-NONE-ABAR-WH-,T,WH,NP,NP,SUBJ,SUBJ,WHNP-1-<INANIM>,WHNP,MQ,MQ_SUBJ,
9773,0,"why don't you not push it any further, Child, you might.",1.0,-NONE-ABAR-WH-,T,WH,ADVP,ADVP,ADJUNCT,ADJUNCT,WHADVP-1,WHADVP,MQ,MQ_ADJUNCT,
9774,0,why don't you stop.,1.0,-NONE-ABAR-WH-,T,WH,ADVP,ADVP,ADJUNCT,ADJUNCT,WHADVP-1,WHADVP,MQ,MQ_ADJUNCT,
9778,0,what comes in it?,1.0,-NONE-ABAR-WH-,T,WH,NP,NP,SUBJ,SUBJ,WHNP-1-<INANIM>-<THEME-V1>,WHNP,MQ,MQ_SUBJ,
9785,0,"Child, you remember when we went to New Hampshire and we saw them making syrup?",1.0,-NONE-ABAR-WH-,T,WH,ADVP,ADVP,ADJUNCT,ADJUNCT,WHADVP-1,WHADVP,EQ,EQ_ADJUNCT,remember
9793,0,what do you put it on every day?,1.0,-NONE-ABAR-WH-,T,WH,NP,NP,OBJ,OBJ,WHNP-1-<INANIM>-<GOAL-V1>,WHNP,MQ,MQ_OBJ,
9794,0,what do you put it on top of?,1.0,-NONE-ABAR-WH-,T,WH,NP,NP,OBJ,OBJ,WHNP-1-<INANIM>-<GOAL-V1>,WHNP,MQ,MQ_OBJ,
9795,0,yeah but what do you put it on?,1.0,-NONE-ABAR-WH-,T,WH,NP,NP,OBJ,OBJ,WHNP-1-<INANIM>-<GOAL-V1>,WHNP,EQ,EQ_OBJ,
9797,0,"no, what do you put it on top of?",1.0,-NONE-ABAR-WH-,T,WH,NP,NP,OBJ,OBJ,WHNP-1-<INANIM>-<GOAL-V1>,WHNP,MQ,MQ_OBJ,
9802,0,if you want to play otherwise you're going to have to go home.,,,,POLAR,,,,POLAR,,,EQ,EQ_POLAR,
9803,0,"okay, why don't you go ask Observer if she if she brought any of",,,,POLAR,,,,POLAR,,,EQ,EQ_POLAR,ask
9803,1,"okay, why don't you go ask Observer if she if she brought any of",,,,POLAR,,,,POLAR,,,EQ,EQ_POLAR,
9804,0,why don't you go over and ask her?,1.0,-NONE-ABAR-WH-,T,WH,ADVP,ADVP,ADJUNCT,ADJUNCT,WHADVP-1,WHADVP,MQ,MQ_ADJUNCT,
9805,0,do you want to see some of the toys *NULL* I brought?,1.0,-NONE-ABAR-WH-,T,WH,NP,NP,OBJ,OBJ,WHNP-1-<INANIM>-<PATIENT-V3>,WHNP,RC,RC_OBJ,
9808,0,let's see what we've got.,1.0,-NONE-ABAR-RC-,T,RC,NP,NP,OBJ,OBJ,WHNP-1-<INANIM>-<THEME-V3>,WHNP,EQ,EQ_OBJ,see
9809,0,let's see if I remembered to bring the things that we liked.,,,,POLAR,,,,POLAR,,,EQ,EQ_POLAR,see
9809,1,let's see if I remembered to bring the things that we liked.,1.0,-NONE-ABAR-RC-,T,RC,NP,NP,OBJ,OBJ,WHNP-1-<INANIM>-<SUBJMATT-V5>,WHNP,RC,RC_OBJ,
9810,0,let's see what we've got in here.,1.0,-NONE-ABAR-RC-,T,RC,NP,NP,OBJ,OBJ,WHNP-1-<INANIM>-<THEME-V3>,WHNP,EQ,EQ_OBJ,see
9814,0,"Child, look, look, look what she's got.",1.0,-NONE-ABAR-RC-,T,RC,NP,NP,OBJ,OBJ,WHNP-1-<INANIM>-<THEME-V2>,WHNP,EQ,EQ_OBJ,look
9815,0,look what she's got.,1.0,-NONE-ABAR-RC-,T,RC,NP,NP,OBJ,OBJ,WHNP-1-<INANIM>-<THEME-V2>,WHNP,EQ,EQ_OBJ,look
9819,0,what is it?,1.0,-NONE-ABAR-WH-,T,WH,NP,NP,OBJ,OBJ,WHNP-1-<INANIM>,WHNP,MQ,MQ_OBJ,
9823,0,do you remember what ones I had in here that made that kind of,1.0,-NONE-ABAR-RC-,T,RC,NP,NP,ADJUNCT,ADJUNCT,WHNP-1-<INANIM>-<THEME-V2>,WHNP,EQ,EQ_ADJUNCT,remember
9823,1,do you remember what ones I had in here that made that kind of,2.0,-NONE-ABAR-RC-,T,RC,NP,NP,SUBJ,SUBJ,WHNP-2-<INANIM>-<CAUSER-V3>,WHNP,EQ,EQ_SUBJ,had
9839,0,"you can tell her about the one that you have if you want, but you can 't touch hers.",,,,POLAR,,,,POLAR,,,EQ,EQ_POLAR,have
9839,1,"you can tell her about the one that you have if you want, but you can 't touch hers.",1.0,-NONE-ABAR-RC-,T,RC,NP,NP,OBJ,OBJ,WHNP-1-<INANIM>-<THEME-V2>,WHNP,RC,RC_OBJ,
9843,0,remember I told you Observer likes to listen to how children talk?,1.0,-NONE-ABAR-RC-,T,RC,ADVP,ADVP,ADJUNCT,ADJUNCT,WHADVP-1,WHADVP,EQ,EQ_ADJUNCT,listen
9854,0,"okay, let's see if you remember this one.",,,,POLAR,,,,POLAR,,,EQ,EQ_POLAR,see
9855,0,what was that called?,1.0,-NONE-ABAR-WH-,T,WH,NP,NP,OBJ,OBJ,WHNP-1-<INANIM>-<THEME-V1>,WHNP,MQ,MQ_OBJ,
9869,0,I brought a book that I thought maybe you and Parent might like to,1.0,-NONE-ABAR-RC-,T,RC,NP,NP,OBJ,OBJ,WHNP-1-<INANIM>,WHNP,EQ,EQ_OBJ,thought
9870,0,would you like to see some of the things that are in the book?,1.0,-NONE-ABAR-RC-,T,RC,NP,NP,SUBJ,SUBJ,WHNP-1-<INANIM>,WHNP,RC,RC_SUBJ,
9871,0,there's one page here in particular that I thought might interest,1.0,-NONE-ABAR-RC-,T,RC,NP,NP,SUBJ,SUBJ,WHNP-1-<INANIM>,WHNP,EQ,EQ_SUBJ,thought
9880,0,"what about this, do you know what that is?",1.0,-NONE-ABAR-RC-,T,RC,NP,NP,OBJ,OBJ,WHNP-1-<INANIM>,WHNP,EQ,EQ_OBJ,know
9891,0,you can show Observer what we just made.,1.0,-NONE-ABAR-RC-,T,RC,NP,NP,OBJ,OBJ,WHNP-1-<INANIM>-<PATIENT-V2>,WHNP,EQ,EQ_OBJ,show
9893,0,show her the smoke *NULL* you made on your train?,1.0,-NONE-ABAR-RC-,T,RC,NP,NP,OBJ,OBJ,WHNP-1-<INANIM>-<PATIENT-V2>,WHNP,RC,RC_OBJ,
9897,0,and a bridge which isn't working very well.,1.0,-NONE-ABAR-RC-,T,RC,NP,NP,SUBJ,SUBJ,WHNP-1-<INANIM>-<THEME-V1>,WHNP,RC,RC_SUBJ,
9899,0,"and what don't we have on the engine, Child?",1.0,-NONE-ABAR-WH-,T,WH,NP,NP,OBJ,OBJ,WHNP-1-<INANIM>-<THEME-V1>,WHNP,EQ,EQ_OBJ,
9900,0,what are we missing on the front of the engine?,1.0,-NONE-ABAR-WH-,T,WH,NP,NP,OBJ,OBJ,WHNP-1-<INANIM>-<SUBJMATT-V1>,WHNP,MQ,MQ_OBJ,
9901,0,what's it called?,1.0,-NONE-ABAR-WH-,T,WH,NP,NP,OBJ,OBJ,WHNP-1-<INANIM>-<THEME-V1>,WHNP,MQ,MQ_OBJ,
9907,0,"you have some that, that I didn't see at the Child Study Center.",1.0,-NONE-ABAR-RC-,T,RC,NP,NP,OBJ,OBJ,WHNP-1-<INANIM>-<SUBJMATT-V2>,WHNP,EQ,EQ_OBJ,
9909,0,"show Observer your trucks, tell her what that's called?",1.0,-NONE-ABAR-RC-,T,RC,NP,NP,OBJ,OBJ,WHNP-1-<INANIM>-<THEME-V3>,WHNP,EQ,EQ_OBJ,tell
9910,0,what's that called?,1.0,-NONE-ABAR-WH-,T,WH,NP,NP,OBJ,OBJ,WHNP-1-<INANIM>-<THEME-V1>,WHNP,MQ,MQ_OBJ,
9911,0,what is it called?,1.0,-NONE-ABAR-WH-,T,WH,NP,NP,OBJ,OBJ,WHNP-1-<INANIM>-<THEME-V1>,WHNP,MQ,MQ_OBJ,
9914,0,"and what is that for, Child?",1.0,-NONE-ABAR-WH-,T,WH,NP,NP,OBJ,OBJ,WHNP-1-<INANIM>,WHNP,EQ,EQ_OBJ,
9915,0,what does the flatbed do?,1.0,-NONE-ABAR-WH-,T,WH,NP,NP,OBJ,OBJ,WHNP-1-<INANIM>-<PATIENT-V1>,WHNP,MQ,MQ_OBJ,
9935,0,"Child, what else do we have.",1.0,-NONE-ABAR-WH-,T,WH,NP,NP,OBJ,OBJ,WHNP-1-<INANIM>-<THEME-V1>,WHNP,MQ,MQ_OBJ,
9937,0,"you had a book *NULL* you wanted to show Observer, didn't you?",1.0,-NONE-ABAR-RC-,T,RC,NP,NP,OBJ,OBJ,WHNP-1-<INANIM>-<PATIENT-V3>,WHNP,RC,RC_OBJ,
9950,0,"Child, why don't you come over here, that way we can both look at it",1.0,-NONE-ABAR-WH-,T,WH,ADVP,ADVP,ADJUNCT,ADJUNCT,WHADVP-1,WHADVP,MQ,MQ_ADJUNCT,
9954,0,it was the first and last time *NULL* he's ever colored.,1.0,-NONE-ABAR-RC-,T,RC,ADVP,ADVP,ADJUNCT,ADJUNCT,WHADVP-1,WHADVP,RC,RC_ADJUNCT,
9960,0,what happened here?,1.0,-NONE-ABAR-WH-,T,WH,NP,NP,SUBJ,SUBJ,WHNP-1-<INANIM>-<THEME-V1>,WHNP,MQ,MQ_SUBJ,
9967,0,who is that?,1.0,-NONE-ABAR-WH-,T,WH,NP,NP,OBJ,OBJ,WHNP-1-<ANIM>,WHNP,MQ,MQ_OBJ,
9972,0,and who had to get Homer out?,1.0,-NONE-ABAR-WH-,T,WH,NP-2,NP,SUBJ,SUBJ,WHNP-1-<ANIM>-<AGENT-V1>,WHNP,EQ,EQ_SUBJ,
9978,0,"what's on this page, Child, what's this one called?",1.0,-NONE-ABAR-WH-,T,WH,NP,NP,SUBJ,SUBJ,WHNP-1-<INANIM>,WHNP,MQ,MQ_SUBJ,
9978,1,"what's on this page, Child, what's this one called?",3.0,-NONE-ABAR-WH-,T,WH,NP,NP,OBJ,OBJ,WHNP-3-<INANIM>-<THEME-V1>,WHNP,MQ,MQ_OBJ,
9979,0,you know what that's called.,1.0,-NONE-ABAR-WH-,T,WH,NP,NP,OBJ,OBJ,WHNP-1-<INANIM>-<THEME-V2>,WHNP,EQ,EQ_OBJ,know
9982,0,"you tell Observer what these are down here, these feet.",1.0,-NONE-ABAR-RC-,T,RC,NP,NP,OBJ,OBJ,WHNP-1-<INANIM>,WHNP,EQ,EQ_OBJ,tell
9984,0,what are those for?,1.0,-NONE-ABAR-WH-,T,WH,NP,NP,OBJ,OBJ,WHNP-1-<INANIM>,WHNP,MQ,MQ_OBJ,
9995,0,is that a bunny rabbit *NULL* driving that Child?,1.0,-NONE-ABAR-RC-,T,RC,NP,NP,SUBJ,SUBJ,WHNP-1-<INANIM>-<AGENT-V1>,WHNP,RC,RC_SUBJ,
10010,0,see if I can find Maryanne.,,,,POLAR,,,,POLAR,,,EQ,EQ_POLAR,see
10015,0,what does he have *NULL* coming out of here?,1.0,-NONE-ABAR-WH-,T,WH,NP,NP,ADJUNCT,ADJUNCT,WHNP-1-<INANIM>-<THEME-V1>,WHNP,MQ,MQ_ADJUNCT,
10015,1,what does he have *NULL* coming out of here?,2.0,-NONE-ABAR-RC-,T,RC,NP,NP,SUBJ,SUBJ,WHNP-2-<THEME-V2>,WHNP,RC,RC_SUBJ,
10017,0,what's he doing?,1.0,-NONE-ABAR-WH-,T,WH,NP,NP,OBJ,OBJ,WHNP-1-<INANIM>-<PATIENT-V1>,WHNP,MQ,MQ_OBJ,
10023,0,"do your lips get all, all hard and stiff when you don't have",1.0,-NONE-ABAR-WH-,T,WH,ADVP,ADVP,ADJUNCT,ADJUNCT,WHADVP-1,WHADVP,EQ,EQ_ADJUNCT,
10036,0,what does it smell of?,1.0,-NONE-ABAR-WH-,T,WH,NP,NP,OBJ,OBJ,WHNP-1-<INANIM>,WHNP,MQ,MQ_OBJ,
10038,0,do you know what it smells like?,1.0,-NONE-ABAR-WH-,T,WH,NP,NP,OBJ,OBJ,WHNP-1-<INANIM>,WHNP,EQ,EQ_OBJ,know
10042,0,what's your blanket's name?,1.0,-NONE-ABAR-WH-,T,WH,NP,NP,OBJ,OBJ,WHNP-1-<INANIM>,WHNP,MQ,MQ_OBJ,
10043,0,what's that blanket called?,1.0,-NONE-ABAR-WH-,T,WH,NP,NP,OBJ,OBJ,WHNP-1-<INANIM>-<THEME-V1>,WHNP,MQ,MQ_OBJ,
10048,0,someone gave him that when he was born for *NULL* him to crawl around on.,1.0,-NONE-ABAR-WH-,T,WH,ADVP,ADVP,ADJUNCT,ADJUNCT,WHADVP-1,WHADVP,EQ,EQ_ADJUNCT,gave
10048,1,someone gave him that when he was born for *NULL* him to crawl around on.,2.0,-NONE-ABAR-RC-,T,RC,NP,NP,OBJ,OBJ,WHNP-2,WHNP,EQ,EQ_OBJ,born
10054,0,where's your popper?,1.0,-NONE-ABAR-WH-,T,WH,ADVP,ADVP,ADJUNCT,ADJUNCT,WHADVP-1,WHADVP,MQ,MQ_ADJUNCT,
10062,0,how does it work?,1.0,-NONE-ABAR-WH-,T,WH,ADVP,ADVP,ADJUNCT,ADJUNCT,WHADVP-1,WHADVP,MQ,MQ_ADJUNCT,
10063,0,what makes it pop?,1.0,-NONE-ABAR-WH-,T,WH,NP,NP,SUBJ,SUBJ,WHNP-1-<INANIM>-<CAUSER-V1>,WHNP,MQ,MQ_SUBJ,
10073,0,"what do those balls look like, Child?",1.0,-NONE-ABAR-WH-,T,WH,NP,NP,OBJ,OBJ,WHNP-1-<INANIM>,WHNP,MQ,MQ_OBJ,
10075,0,who likes bubble gum?,1.0,-NONE-ABAR-WH-,T,WH,NP,NP,SUBJ,SUBJ,WHNP-1-<ANIM>-<EXPER-V1>,WHNP,MQ,MQ_SUBJ,
10080,0,you know why you cann't have any now?,1.0,-NONE-ABAR-WH-,T,WH,ADVP,ADVP,ADJUNCT,ADJUNCT,WHADVP-1,WHADVP,EQ,EQ_ADJUNCT,know
10081,0,because you know why you cann't have any now?,1.0,-NONE-ABAR-WH-,T,WH,ADVP,ADVP,ADJUNCT,ADJUNCT,WHADVP-1,WHADVP,EQ,EQ_ADJUNCT,know
10083,0,"when you're playing and talking there's no bubble gum, is there?",1.0,-NONE-ABAR-RC-,T,RC,ADVP,ADVP,ADJUNCT,ADJUNCT,WHADVP-1,WHADVP,EQ,EQ_ADJUNCT,
10084,0,"but when Observer goes home, then you can have a piece.",1.0,-NONE-ABAR-WH-,T,WH,ADVP,ADVP,ADJUNCT,ADJUNCT,WHADVP-1,WHADVP,EQ,EQ_ADJUNCT,
10089,0,I don't know if my book is actually as much fun as yours.,,,,POLAR,,,,POLAR,,,EQ,EQ_POLAR,know
10090,0,but theirs might be some things in here that you'd like to look at.,1.0,-NONE-ABAR-RC-,T,RC,NP,NP,OBJ,OBJ,WHNP-1-<INANIM>-<PATIENT-V2>,WHNP,RC,RC_OBJ,
10097,0,do you know what this is?,1.0,-NONE-ABAR-WH-,T,WH,NP,NP,OBJ,OBJ,WHNP-1-<INANIM>,WHNP,EQ,EQ_OBJ,know
10099,0,you know what it's called?,1.0,-NONE-ABAR-WH-,T,WH,NP,NP,OBJ,OBJ,WHNP-1-<INANIM>-<THEME-V2>,WHNP,EQ,EQ_OBJ,know
10109,0,know what this is?,1.0,-NONE-ABAR-WH-,T,WH,NP,NP,OBJ,OBJ,WHNP-1-<INANIM>,WHNP,EQ,EQ_OBJ,know
10110,0,what is that?,1.0,-NONE-ABAR-WH-,T,WH,NP,NP,OBJ,OBJ,WHNP-1-<INANIM>,WHNP,MQ,MQ_OBJ,
10116,0,what does it have if it doesn't have a propeller?,,,,POLAR,,,,POLAR,,,EQ,EQ_POLAR,have
10116,1,what does it have if it doesn't have a propeller?,1.0,-NONE-ABAR-WH-,T,WH,NP,NP,OBJ,OBJ,WHNP-1-<INANIM>-<THEME-V1>,WHNP,MQ,MQ_OBJ,
10117,0,what makes it go?,1.0,-NONE-ABAR-WH-,T,WH,NP,NP,SUBJ,SUBJ,WHNP-1-<INANIM>-<CAUSER-V1>,WHNP,MQ,MQ_SUBJ,
10127,0,what's this one called over here?,1.0,-NONE-ABAR-WH-,T,WH,NP,NP,OBJ,OBJ,WHNP-1-<INANIM>-<THEME-V1>,WHNP,MQ,MQ_OBJ,
10138,0,show Observer where the jets are.,1.0,-NONE-ABAR-WH-,T,WH,ADVP,ADVP,ADJUNCT,ADJUNCT,WHADVP-1,WHADVP,EQ,EQ_ADJUNCT,show
10140,0,"that's where the engines are, that's where the, the smoke comes out",1.0,-NONE-ABAR-WH-,T,WH,ADVP,ADVP,ADJUNCT,ADJUNCT,WHADVP-1,WHADVP,EQ,EQ_ADJUNCT,
10149,0,what are these?,1.0,-NONE-ABAR-WH-,T,WH,NP,NP,OBJ,OBJ,WHNP-1-<INANIM>,WHNP,MQ,MQ_OBJ,
10153,0,"who's going to go on an airplane next week, Child?",1.0,-NONE-ABAR-WH-,T,WH,NP-2,NP,SUBJ,SUBJ,WHNP-1-<ANIM>-<THEME-V1>,WHNP,MQ,MQ_SUBJ,
10155,0,where are you going?,1.0,-NONE-ABAR-WH-,T,WH,ADVP,ADVP,ADJUNCT,ADJUNCT,WHADVP-1,WHADVP,MQ,MQ_ADJUNCT,
10156,0,remember what it's called?,1.0,-NONE-ABAR-WH-,T,WH,NP,NP,OBJ,OBJ,WHNP-1-<INANIM>-<THEME-V2>,WHNP,EQ,EQ_OBJ,remember
10172,0,which goes faster?,1.0,-NONE-ABAR-WH-,T,WH,NP,NP,SUBJ,SUBJ,WHNP-1-<INANIM>-<THEME-V1>,WHNP,MQ,MQ_SUBJ,
10180,0,"let's see what else we can find in this picture, Child.",1.0,-NONE-ABAR-WH-,T,WH,NP,NP,OBJ,OBJ,WHNP-1-<INANIM>-<PATIENT-V3>,WHNP,EQ,EQ_OBJ,see
10182,0,I wonder whether you know what this is.,,,,POLAR,,,,POLAR,,,EQ,EQ_POLAR,wonder
10182,1,I wonder whether you know what this is.,1.0,-NONE-ABAR-WH-,T,WH,NP,NP,OBJ,OBJ,WHNP-1-<INANIM>,WHNP,EQ,EQ_OBJ,know
10183,0,do you know what that is?,1.0,-NONE-ABAR-WH-,T,WH,NP,NP,OBJ,OBJ,WHNP-1-<INANIM>,WHNP,EQ,EQ_OBJ,know
10190,0,do you know who used to work on submarines?,1.0,-NONE-ABAR-WH-,T,WH,NP-2,NP,SUBJ,SUBJ,WHNP-1-<ANIM>-<AGENT-V3>,WHNP,EQ,EQ_SUBJ,know
10199,0,"well, that's what it was.",1.0,-NONE-ABAR-WH-,T,WH,NP,NP,OBJ,OBJ,WHNP-1-<INANIM>,WHNP,EQ,EQ_OBJ,
10206,0,"oh, Child, what's this?",1.0,-NONE-ABAR-WH-,T,WH,NP,NP,OBJ,OBJ,WHNP-1-<INANIM>,WHNP,MQ,MQ_OBJ,
10207,0,"yeah, where's it going?",1.0,-NONE-ABAR-WH-,T,WH,ADVP,ADVP,ADJUNCT,ADJUNCT,WHADVP-1,WHADVP,MQ,MQ_ADJUNCT,
10208,0,where does the school bus go?,1.0,-NONE-ABAR-WH-,T,WH,ADVP,ADVP,ADJUNCT,ADJUNCT,WHADVP-1,WHADVP,MQ,MQ_ADJUNCT,
10211,0,where does the school bus go?,1.0,-NONE-ABAR-WH-,T,WH,ADVP,ADVP,ADJUNCT,ADJUNCT,WHADVP-1,WHADVP,MQ,MQ_ADJUNCT,
10229,0,what's this right here that the school bus is about to drive over?,1.0,-NONE-ABAR-RC-,T,RC,NP,NP,OBJ,OBJ,WHNP-1-<INANIM>,WHNP,RC,RC_OBJ,
10232,0,"well, you know what I think it is?",1.0,-NONE-ABAR-WH-,T,WH,NP,NP,OBJ,OBJ,WHNP-1-<INANIM>,WHNP,EQ,EQ_OBJ,think
10237,0,why cann't he drive over it?,1.0,-NONE-ABAR-WH-,T,WH,ADVP,ADVP,ADJUNCT,ADJUNCT,WHADVP-1,WHADVP,MQ,MQ_ADJUNCT,
10240,0,tell Observer when we see smoke coming out of cars?,1.0,-NONE-ABAR-WH-,T,WH,ADVP,ADVP,ADJUNCT,ADJUNCT,WHADVP-1,WHADVP,EQ,EQ_ADJUNCT,tell
10244,0,"but only when it's really cold, right?",1.0,-NONE-ABAR-RC-,T,RC,ADVP,ADVP,ADJUNCT,ADJUNCT,WHADVP-1,WHADVP,EQ,EQ_ADJUNCT,
10259,0,"which car do you like more, the Mercedes or the Subaru?",1.0,-NONE-ABAR-WH-,T,WH,NP,NP,OBJ,OBJ,WHNP-1-<INANIM>-<SUBJMATT-V1>,WHNP,MQ,MQ_OBJ,
10265,0,the big one that that makes a lot of noise?,1.0,-NONE-ABAR-RC-,T,RC,NP,NP,SUBJ,SUBJ,WHNP-1-<INANIM>-<AGENT-V1>,WHNP,RC,RC_SUBJ,
10281,0,"oh, what kind of money is that?",1.0,-NONE-ABAR-WH-,T,WH,NP,NP,OBJ,OBJ,WHNP-1-<INANIM>,WHNP,MQ,MQ_OBJ,
10293,0,"this is the neatest, this is the most cuddly tiger *NULL* I've ever seen.",1.0,-NONE-ABAR-RC-,T,RC,NP,NP,OBJ,OBJ,WHNP-1-<INANIM>-<SUBJMATT-V1>,WHNP,RC,RC_OBJ,
10307,0,"well, if, if you want to go see the.",,,,POLAR,,,,POLAR,,,EQ,EQ_POLAR,
10307,1,"well, if, if you want to go see the.",,,,POLAR,,,,POLAR,,,EQ,EQ_POLAR,
10312,0,why don't we look at this page.,1.0,-NONE-ABAR-WH-,T,WH,ADVP,ADVP,ADJUNCT,ADJUNCT,WHADVP-1,WHADVP,MQ,MQ_ADJUNCT,
10313,0,"Child, here's some more picture that I thought you might be interested in.",1.0,-NONE-ABAR-RC-,T,RC,NP,NP,OBJ,OBJ,WHNP-1-<INANIM>,WHNP,EQ,EQ_OBJ,thought
10314,0,"look, what do you see?",1.0,-NONE-ABAR-WH-,T,WH,NP,NP,OBJ,OBJ,WHNP-1-<INANIM>-<SUBJMATT-V1>,WHNP,MQ,MQ_OBJ,
10320,0,who else is it like?,1.0,-NONE-ABAR-WH-,T,WH,NP,NP,OBJ,OBJ,WHNP-1-<ANIM>,WHNP,MQ,MQ_OBJ,
10321,0,who who brings a lawnmower to our house?,1.0,-NONE-ABAR-WH-,T,WH,NP,NP,SUBJ,SUBJ,WHNP-1-<ANIM>-<AGENT-V1>,WHNP,MQ,MQ_SUBJ,
10322,0,who comes and mows the lawn?,1.0,-NONE-ABAR-WH-,T,WH,NP,NP,SUBJ,SUBJ,WHNP-1-<ANIM>-<THEME-V1>-<AGENT-V2>,WHNP,MQ,MQ_SUBJ,
10329,0,do you know what these other things are here?,1.0,-NONE-ABAR-RC-,T,RC,NP,NP,OBJ,OBJ,WHNP-1-<INANIM>,WHNP,EQ,EQ_OBJ,know
10331,0,what was it?,1.0,-NONE-ABAR-WH-,T,WH,NP,NP,OBJ,OBJ,WHNP-1-<INANIM>,WHNP,MQ,MQ_OBJ,
10333,0,and what did he do with the saw?,1.0,-NONE-ABAR-WH-,T,WH,NP,NP,OBJ,OBJ,WHNP-1-<INANIM>-<THEME-V1>,WHNP,EQ,EQ_OBJ,
10334,0,what did he saw?,1.0,-NONE-ABAR-WH-,T,WH,NP,NP,OBJ,OBJ,WHNP-1-<INANIM>-<SUBJMATT-V1>,WHNP,MQ,MQ_OBJ,
10337,0,what's this here?,1.0,-NONE-ABAR-WH-,T,WH,NP,NP,OBJ,OBJ,WHNP-1-<INANIM>,WHNP,MQ,MQ_OBJ,
10338,0,I don't know if you know what that's called.,,,,POLAR,,,,POLAR,,,EQ,EQ_POLAR,know
10338,1,I don't know if you know what that's called.,1.0,-NONE-ABAR-WH-,T,WH,NP,NP,OBJ,OBJ,WHNP-1-<INANIM>-<THEME-V3>,WHNP,EQ,EQ_OBJ,know
10340,0,"when there was a bad fire, and they could get into the house",1.0,-NONE-ABAR-RC-,T,RC,ADVP,ADVP,ADJUNCT,ADJUNCT,WHADVP-1,WHADVP,EQ,EQ_ADJUNCT,
10350,0,where's your fireplace?,1.0,-NONE-ABAR-WH-,T,WH,ADVP,ADVP,ADJUNCT,ADJUNCT,WHADVP-1,WHADVP,MQ,MQ_ADJUNCT,
10351,0,what do we do in that fireplace?,1.0,-NONE-ABAR-WH-,T,WH,NP,NP,OBJ,OBJ,WHNP-1-<INANIM>-<PATIENT-V1>,WHNP,MQ,MQ_OBJ,
10357,0,why are they good fires?,1.0,-NONE-ABAR-WH-,T,WH,ADVP,ADVP,ADJUNCT,ADJUNCT,WHADVP-1,WHADVP,MQ,MQ_ADJUNCT,
10360,0,what do you have up in your room in case there's a bad fire?,1.0,-NONE-ABAR-WH-,T,WH,NP,NP,OBJ,OBJ,WHNP-1-<INANIM>-<THEME-V1>,WHNP,MQ,MQ_OBJ,
10365,0,let's see what else is in the picture.,1.0,-NONE-ABAR-RC-,T,RC,NP,NP,SUBJ,SUBJ,WHNP-1-<INANIM>,WHNP,EQ,EQ_SUBJ,see
10366,0,"oh, Child, I see some other things that I bet you know.",1.0,-NONE-ABAR-RC-,T,RC,NP,NP,OBJ,OBJ,WHNP-1-<INANIM>-<SUBJMATT-V3>,WHNP,EQ,EQ_OBJ,bet
10367,0,I bet you know what this is called.,1.0,-NONE-ABAR-RC-,T,RC,NP,NP,OBJ,OBJ,WHNP-1-<INANIM>-<THEME-V3>,WHNP,EQ,EQ_OBJ,know
10369,0,what's that?,1.0,-NONE-ABAR-WH-,T,WH,NP,NP,OBJ,OBJ,WHNP-1-<INANIM>,WHNP,MQ,MQ_OBJ,
10370,0,what is that big thing?,1.0,-NONE-ABAR-WH-,T,WH,NP,NP,OBJ,OBJ,WHNP-1-<INANIM>,WHNP,MQ,MQ_OBJ,
10374,0,what's this called here?,1.0,-NONE-ABAR-WH-,T,WH,NP,NP,OBJ,OBJ,WHNP-1-<INANIM>-<THEME-V1>,WHNP,MQ,MQ_OBJ,
10382,0,what do you do with this?,1.0,-NONE-ABAR-WH-,T,WH,NP,NP,OBJ,OBJ,WHNP-1-<INANIM>-<THEME-V1>,WHNP,MQ,MQ_OBJ,
10384,0,that's because he has another one that's this long.,1.0,-NONE-ABAR-RC-,T,RC,NP,NP,SUBJ,SUBJ,WHNP-1-<INANIM>,WHNP,RC,RC_SUBJ,
10391,0,we show Observer what this is called?,1.0,-NONE-ABAR-RC-,T,RC,NP,NP,OBJ,OBJ,WHNP-1-<INANIM>-<THEME-V2>,WHNP,EQ,EQ_OBJ,show
10399,0,what are you missing though?,1.0,-NONE-ABAR-WH-,T,WH,NP,NP,OBJ,OBJ,WHNP-1-<INANIM>-<PATIENT-V1>,WHNP,MQ,MQ_OBJ,
10406,0,"why, why don't you put the brush back in and let's look at some more?",1.0,-NONE-ABAR-WH-,T,WH,ADVP,ADVP,ADJUNCT,ADJUNCT,WHADVP-1,WHADVP,EQ,EQ_ADJUNCT,
10417,0,"Child, why don't you show Observer your tape recorder?",1.0,-NONE-ABAR-WH-,T,WH,ADVP,ADVP,ADJUNCT,ADJUNCT,WHADVP-1,WHADVP,MQ,MQ_ADJUNCT,
10418,0,she's never seen the kind that you have.,1.0,-NONE-ABAR-RC-,T,RC,NP,NP,OBJ,OBJ,WHNP-1-<INANIM>-<THEME-V2>,WHNP,RC,RC_OBJ,
10426,0,that's what she's doing with her tape recorder.,1.0,-NONE-ABAR-RC-,T,RC,NP,NP,OBJ,OBJ,WHNP-1-<INANIM>-<THEME-V1>,WHNP,EQ,EQ_OBJ,doing
10427,0,she's taping what you sound like.,1.0,-NONE-ABAR-RC-,T,RC,NP,NP,OBJ,OBJ,WHNP-1-<INANIM>,WHNP,EQ,EQ_OBJ,taping
10430,0,you tell her what this button's for with the tape on it?,1.0,-NONE-ABAR-RC-,T,RC,NP,NP,OBJ,OBJ,WHNP-1-<INANIM>,WHNP,EQ,EQ_OBJ,tell
10431,0,what's that button do?,1.0,-NONE-ABAR-WH-,T,WH,NP,NP,OBJ,OBJ,WHNP-1-<INANIM>-<PATIENT-V1>,WHNP,MQ,MQ_OBJ,
10434,0,let me see if I can find the tape that has that part.,,,,POLAR,,,,POLAR,,,EQ,EQ_POLAR,see
10434,1,let me see if I can find the tape that has that part.,1.0,-NONE-ABAR-RC-,T,RC,NP,NP,SUBJ,SUBJ,WHNP-1-<INANIM>-<POSSESS-V4>,WHNP,RC,RC_SUBJ,
10435,0,this is the only one that you have *T*-1 that will redo recording.,2.0,-NONE-ABAR-RC-,T,RC,NP,NP,SUBJ,SUBJ,WHNP-2-<INANIM>-<AGENT-V2>,WHNP,RC,RC_SUBJ,
10443,0,can talk and see what happens.,1.0,-NONE-ABAR-RC-,T,RC,NP,NP,SUBJ,SUBJ,WHNP-1-<INANIM>-<THEME-V2>,WHNP,EQ,EQ_SUBJ,see
10450,0,"okay, let's stop it and see what happens.",1.0,-NONE-ABAR-RC-,T,RC,NP,NP,SUBJ,SUBJ,WHNP-1-<INANIM>-<THEME-V3>,WHNP,EQ,EQ_SUBJ,see
10452,0,see if we hear anything.,,,,POLAR,,,,POLAR,,,EQ,EQ_POLAR,see
10454,0,"who is that, Child?",1.0,-NONE-ABAR-WH-,T,WH,NP,NP,OBJ,OBJ,WHNP-1-<ANIM>,WHNP,MQ,MQ_OBJ,
10455,0,who is that on that tape?,1.0,-NONE-ABAR-WH-,T,WH,NP,NP,OBJ,OBJ,WHNP-1-<ANIM>,WHNP,MQ,MQ_OBJ,
10456,0,who's talking?,1.0,-NONE-ABAR-WH-,T,WH,NP,NP,SUBJ,SUBJ,WHNP-1-<ANIM>-<THEME-V1>,WHNP,MQ,MQ_SUBJ,
10474,0,"Child, I see a picture of something *NULL* we found in the wood pile.",1.0,-NONE-ABAR-RC-,T,RC,NP,NP,OBJ,OBJ,WHNP-1-<INANIM>-<PATIENT-V2>,WHNP,RC,RC_OBJ,
10475,0,what was that?,1.0,-NONE-ABAR-WH-,T,WH,NP,NP,OBJ,OBJ,WHNP-1-<INANIM>,WHNP,MQ,MQ_OBJ,
10478,0,what's that called?,1.0,-NONE-ABAR-WH-,T,WH,NP,NP,OBJ,OBJ,WHNP-1-<INANIM>-<THEME-V1>,WHNP,MQ,MQ_OBJ,
10488,0,what else did we find in the wood pile?,1.0,-NONE-ABAR-WH-,T,WH,NP,NP,OBJ,OBJ,WHNP-1-<INANIM>-<PATIENT-V1>,WHNP,MQ,MQ_OBJ,
10497,0,"I showed you the, where it was living?",1.0,-NONE-ABAR-RC-,T,RC,ADVP,ADVP,ADJUNCT,ADJUNCT,WHADVP-1,WHADVP,EQ,EQ_ADJUNCT,
10499,0,why I didn't mean to.,1.0,-NONE-ABAR-WH-,T,WH,ADVP,ADVP,ADJUNCT,ADJUNCT,WHADVP-1,WHADVP,EQ,EQ_ADJUNCT,
10506,0,what's this called?,1.0,-NONE-ABAR-WH-,T,WH,NP,NP,OBJ,OBJ,WHNP-1-<INANIM>-<THEME-V1>,WHNP,MQ,MQ_OBJ,
10507,0,what is that?,1.0,-NONE-ABAR-WH-,T,WH,NP,NP,OBJ,OBJ,WHNP-1-<INANIM>,WHNP,MQ,MQ_OBJ,
10509,0,what's this one here?,1.0,-NONE-ABAR-WH-,T,WH,NP,NP,OBJ,OBJ,WHNP-1-<INANIM>,WHNP,MQ,MQ_OBJ,
10512,0,I don't think it's had enough time *NULL* to listen to us.,1.0,-NONE-ABAR-WH-,T,WH,ADVP,ADVP,ADJUNCT,ADJUNCT,WHADVP-1,WHADVP,RC,RC_ADJUNCT,
10520,0,what are these guys down here?,1.0,-NONE-ABAR-WH-,T,WH,NP,NP,OBJ,OBJ,WHNP-1-<INANIM>,WHNP,MQ,MQ_OBJ,
10521,0,what are those guys?,1.0,-NONE-ABAR-WH-,T,WH,NP,NP,OBJ,OBJ,WHNP-1-<INANIM>,WHNP,MQ,MQ_OBJ,
10522,0,I see what they're doing.,1.0,-NONE-ABAR-RC-,T,RC,NP,NP,ADJUNCT,ADJUNCT,WHNP-1-<INANIM>-<PATIENT-V2>,WHNP,EQ,EQ_ADJUNCT,see
10524,0,what are they eating?,1.0,-NONE-ABAR-WH-,T,WH,NP,NP,OBJ,OBJ,WHNP-1-<INANIM>-<PATIENT-V1>,WHNP,MQ,MQ_OBJ,
10528,0,"Child, I bet you don't know what this is called over here.",1.0,-NONE-ABAR-WH-,T,WH,NP,NP,OBJ,OBJ,WHNP-1-<INANIM>-<THEME-V3>,WHNP,EQ,EQ_OBJ,know
10529,0,I bet you don't know what this is called.,2.0,-NONE-A-PASS-,T,OTHER,NP,NP,OBJ,OBJ,WHNP-1-<INANIM>-<THEME-V3>,WHNP,EQ,EQ_OBJ,know
10529,1,I bet you don't know what this is called.,1.0,-NONE-ABAR-WH-,T,WH,NP,NP,OBJ,OBJ,WHNP-1-<INANIM>-<THEME-V3>,WHNP,EQ,EQ_OBJ,know
10532,0,is that what dog food is like?,1.0,-NONE-ABAR-RC-,T,RC,NP,NP,OBJ,OBJ,WHNP-1-<INANIM>,WHNP,EQ,EQ_OBJ,
10534,0,"let's see what else we have in here, Child.",1.0,-NONE-ABAR-RC-,T,RC,NP,NP,OBJ,OBJ,WHNP-1-<INANIM>-<THEME-V3>,WHNP,EQ,EQ_OBJ,see
10537,0,what is this here?,1.0,-NONE-ABAR-WH-,T,WH,NP,NP,OBJ,OBJ,WHNP-1-<INANIM>,WHNP,MQ,MQ_OBJ,
10538,0,what's that?,1.0,-NONE-ABAR-WH-,T,WH,NP,NP,OBJ,OBJ,WHNP-1-<INANIM>,WHNP,MQ,MQ_OBJ,
10540,0,and what are these?,1.0,-NONE-ABAR-WH-,T,WH,NP,NP,OBJ,OBJ,WHNP-1-<INANIM>,WHNP,EQ,EQ_OBJ,
10541,0,what goes inside the flashlight?,1.0,-NONE-ABAR-WH-,T,WH,NP,NP,SUBJ,SUBJ,WHNP-1-<INANIM>-<THEME-V1>,WHNP,MQ,MQ_SUBJ,
10544,0,what do you have inside your tape recorder?,1.0,-NONE-ABAR-WH-,T,WH,NP,NP,OBJ,OBJ,WHNP-1-<INANIM>-<THEME-V1>,WHNP,MQ,MQ_OBJ,
10546,0,what happens when the batteries go dead?,1.0,-NONE-ABAR-WH-,T,WH,NP,NP,SUBJ,SUBJ,WHNP-1-<INANIM>-<THEME-V1>,WHNP,MQ,MQ_SUBJ,
10546,1,what happens when the batteries go dead?,2.0,-NONE-ABAR-RC-,T,RC,ADVP,ADVP,ADJUNCT,ADJUNCT,WHADVP-2,WHADVP,EQ,EQ_ADJUNCT,happens
10547,0,that's right and then what do we have to do?,1.0,-NONE-ABAR-WH-,T,WH,NP,NP,OBJ,OBJ,WHNP-1-<INANIM>-<PATIENT-V1>,WHNP,MQ,MQ_OBJ,
10551,0,why don't you get down.,1.0,-NONE-ABAR-WH-,T,WH,ADVP,ADVP,ADJUNCT,ADJUNCT,WHADVP-1,WHADVP,MQ,MQ_ADJUNCT,
10553,0,what's this here?,1.0,-NONE-ABAR-WH-,T,WH,NP,NP,OBJ,OBJ,WHNP-1-<INANIM>,WHNP,MQ,MQ_OBJ,
10555,0,and what is that?,1.0,-NONE-ABAR-WH-,T,WH,NP,NP,OBJ,OBJ,WHNP-1-<INANIM>,WHNP,EQ,EQ_OBJ,
10556,0,"what do they, what's it plugged into?",2.0,-NONE-ABAR-WH-,T,WH,NP,NP,OBJ,OBJ,WHNP-2-<INANIM>-<GOAL-V1>,WHNP,MQ,MQ_OBJ,
10557,0,what's it plugged into?,2.0,-NONE-ABAR-WH-,T,WH,NP,NP,OBJ,OBJ,WHNP-2-<INANIM>-<GOAL-V1>,WHNP,MQ,MQ_OBJ,
10564,0,why don't we look at the different pictures?,1.0,-NONE-ABAR-WH-,T,WH,ADVP,ADVP,ADJUNCT,ADJUNCT,WHADVP-1,WHADVP,MQ,MQ_ADJUNCT,
10565,0,I know what this is called.,1.0,-NONE-ABAR-WH-,T,WH,NP,NP,OBJ,OBJ,WHNP-1-<INANIM>-<THEME-V2>,WHNP,EQ,EQ_OBJ,know
10569,0,what's this called here?,1.0,-NONE-ABAR-WH-,T,WH,NP,NP,OBJ,OBJ,WHNP-1-<INANIM>-<THEME-V1>,WHNP,MQ,MQ_OBJ,
10574,0,why don't you go show Observer the big coloring book.,1.0,-NONE-ABAR-WH-,T,WH,ADVP,ADVP,ADJUNCT,ADJUNCT,WHADVP-1,WHADVP,MQ,MQ_ADJUNCT,
10592,0,now where are the crayons?,1.0,-NONE-ABAR-WH-,T,WH,ADVP,ADVP,ADJUNCT,ADJUNCT,WHADVP-1,WHADVP,MQ,MQ_ADJUNCT,
10600,0,show Observer what your daddy bought for you?,1.0,-NONE-ABAR-RC-,T,RC,NP,NP,OBJ,OBJ,WHNP-1-<INANIM>-<PATIENT-V2>,WHNP,EQ,EQ_OBJ,show
10601,0,"tell Daddy who bought, tell Observer who bought all those things for",1.0,-NONE-ABAR-RC-,T,RC,NP,NP,SUBJ,SUBJ,WHNP-1-<ANIM>-<AGENT-V2>,WHNP,EQ,EQ_SUBJ,tell
10601,1,"tell Daddy who bought, tell Observer who bought all those things for",2.0,-NONE-ABAR-RC-,T,RC,NP,NP,SUBJ,SUBJ,WHNP-2-<ANIM>-<AGENT-V4>,WHNP,EQ,EQ_SUBJ,tell
10611,0,what is it?,1.0,-NONE-ABAR-WH-,T,WH,NP,NP,OBJ,OBJ,WHNP-1-<INANIM>,WHNP,MQ,MQ_OBJ,
10612,0,what's in your cup?,1.0,-NONE-ABAR-WH-,T,WH,NP,NP,SUBJ,SUBJ,WHNP-1-<INANIM>,WHNP,MQ,MQ_SUBJ,
10616,0,see which color she'd like.,1.0,-NONE-ABAR-RC-,T,RC,NP,NP,OBJ,OBJ,WHNP-1-<INANIM>-<SUBJMATT-V2>,WHNP,EQ,EQ_OBJ,see
10617,0,what color is that?,1.0,-NONE-ABAR-WH-,T,WH,NP,NP,OBJ,OBJ,WHNP-1-<INANIM>,WHNP,MQ,MQ_OBJ,
10620,0,"okay, what other colors do you have?",1.0,-NONE-ABAR-WH-,T,WH,NP,NP,OBJ,OBJ,WHNP-1-<INANIM>-<THEME-V1>,WHNP,MQ,MQ_OBJ,
10625,0,what color is this?,1.0,-NONE-ABAR-WH-,T,WH,NP,NP,OBJ,OBJ,WHNP-1-<INANIM>,WHNP,MQ,MQ_OBJ,
10626,0,"yes, that's, that's the color *NULL* I have on today.",1.0,-NONE-ABAR-RC-,T,RC,NP,NP,OBJ,OBJ,WHNP-1-<INANIM>-<THEME-V1>,WHNP,RC,RC_OBJ,
10638,0,what's your shirt have on it?,1.0,-NONE-ABAR-WH-,T,WH,NP,NP,OBJ,OBJ,WHNP-1-<INANIM>-<THEME-V1>,WHNP,MQ,MQ_OBJ,
10642,0,what's on your shirt today?,1.0,-NONE-ABAR-WH-,T,WH,NP,NP,SUBJ,SUBJ,WHNP-1-<INANIM>,WHNP,MQ,MQ_SUBJ,
10652,0,"I don't know, I thought it would be a nice place *NULL* to put them.",1.0,-NONE-ABAR-RC-,T,RC,ADVP,ADVP,ADJUNCT,ADJUNCT,WHADVP-1,WHADVP,RC,RC_ADJUNCT,
10654,0,"why don't we not put them on the floor, Child, okay, you usually",1.0,-NONE-ABAR-WH-,T,WH,ADVP,ADVP,ADJUNCT,ADJUNCT,WHADVP-1,WHADVP,MQ,MQ_ADJUNCT,
10660,0,"if you cann't put them on the bucket, we'll have to put them away.",,,,POLAR,,,,POLAR,,,EQ,EQ_POLAR,
10668,0,"okay, which one do you want?",1.0,-NONE-ABAR-WH-,T,WH,NP,NP,OBJ,OBJ,WHNP-1-<INANIM>-<SUBJMATT-V1>,WHNP,MQ,MQ_OBJ,
10670,0,where'd it go?,1.0,-NONE-ABAR-WH-,T,WH,ADVP,ADVP,ADJUNCT,ADJUNCT,WHADVP-1,WHADVP,MQ,MQ_ADJUNCT,
10677,0,"we'll find something else *NULL* to do, because you know that's not good.",1.0,-NONE-ABAR-RC-,T,RC,NP,NP,OBJ,OBJ,WHNP-1-<INANIM>-<PATIENT-V2>,WHNP,RC,RC_OBJ,
10680,0,"look it, look what Observer's got in her book.",1.0,-NONE-ABAR-RC-,T,RC,NP,NP,OBJ,OBJ,WHNP-1-<INANIM>-<THEME-V2>,WHNP,EQ,EQ_OBJ,look
10681,0,I've got another thing here that might interest you.,1.0,-NONE-ABAR-RC-,T,RC,NP,NP,SUBJ,SUBJ,WHNP-1-<INANIM>-<SUBJMATT-V2>,WHNP,RC,RC_SUBJ,
10687,0,what else do you really like that's over here that we had?,1.0,-NONE-ABAR-WH-,T,WH,NP,NP,ADJUNCT,ADJUNCT,WHNP-1-<INANIM>,WHNP,MQ,MQ_ADJUNCT,
10687,1,what else do you really like that's over here that we had?,2.0,-NONE-ABAR-RC-,T,RC,NP,NP,SUBJ,SUBJ,WHNP-2-<INANIM>,WHNP,RC,RC_SUBJ,
10687,2,what else do you really like that's over here that we had?,3.0,-NONE-ABAR-RC-,T,RC,NP,NP,OBJ,OBJ,WHNP-3-<INANIM>-<THEME-V2>,WHNP,RC,RC_OBJ,
10690,0,where did we go for our hamburger?,1.0,-NONE-ABAR-WH-,T,WH,ADVP,ADVP,ADJUNCT,ADJUNCT,WHADVP-1,WHADVP,MQ,MQ_ADJUNCT,
10692,0,where'd you go with Matthew yesterday?,1.0,-NONE-ABAR-WH-,T,WH,ADVP,ADVP,ADJUNCT,ADJUNCT,WHADVP-1,WHADVP,MQ,MQ_ADJUNCT,
10693,0,why don't you not sit on your tape recorder.,1.0,-NONE-ABAR-WH-,T,WH,ADVP,ADVP,ADJUNCT,ADJUNCT,WHADVP-1,WHADVP,MQ,MQ_ADJUNCT,
10694,0,where'd you go with Matthew?,1.0,-NONE-ABAR-WH-,T,WH,ADVP,ADVP,ADJUNCT,ADJUNCT,WHADVP-1,WHADVP,MQ,MQ_ADJUNCT,
10697,0,where'd you go?,1.0,-NONE-ABAR-WH-,T,WH,ADVP,ADVP,ADJUNCT,ADJUNCT,WHADVP-1,WHADVP,MQ,MQ_ADJUNCT,
10700,0,sit on my knee if you want.,,,,POLAR,,,,POLAR,,,EQ,EQ_POLAR,sit
10704,0,let me see what else is in the picture.,1.0,-NONE-ABAR-RC-,T,RC,NP,NP,SUBJ,SUBJ,WHNP-1-<INANIM>,WHNP,EQ,EQ_SUBJ,see
10710,0,what were they?,1.0,-NONE-ABAR-WH-,T,WH,NP,NP,OBJ,OBJ,WHNP-1-<INANIM>,WHNP,MQ,MQ_OBJ,
10711,0,what are they?,1.0,-NONE-ABAR-WH-,T,WH,NP,NP,OBJ,OBJ,WHNP-1-<INANIM>,WHNP,MQ,MQ_OBJ,
10712,0,what did Mommy grow?,1.0,-NONE-ABAR-WH-,T,WH,NP,NP,OBJ,OBJ,WHNP-1-<INANIM>-<PATIENT-V1>,WHNP,MQ,MQ_OBJ,
10714,0,and what do we make out of tomatoes?,1.0,-NONE-ABAR-WH-,T,WH,NP,NP,OBJ,OBJ,WHNP-1-<INANIM>-<PATIENT-V1>,WHNP,EQ,EQ_OBJ,
10722,0,what's this?,1.0,-NONE-ABAR-WH-,T,WH,NP,NP,OBJ,OBJ,WHNP-1-<INANIM>,WHNP,MQ,MQ_OBJ,
10723,0,who likes corn?,1.0,-NONE-ABAR-WH-,T,WH,NP,NP,SUBJ,SUBJ,WHNP-1-<ANIM>-<EXPER-V1>,WHNP,MQ,MQ_SUBJ,
10726,0,let's see what else there is in here.,1.0,-NONE-ABAR-RC-,T,RC,NP,NP,OBJ,OBJ,WHNP-1-<INANIM>,WHNP,EQ,EQ_OBJ,see
10732,0,what do you see here?,1.0,-NONE-ABAR-WH-,T,WH,NP,NP,OBJ,OBJ,WHNP-1-<INANIM>-<SUBJMATT-V1>,WHNP,MQ,MQ_OBJ,
10733,0,what's that?,1.0,-NONE-ABAR-WH-,T,WH,NP,NP,OBJ,OBJ,WHNP-1-<INANIM>,WHNP,MQ,MQ_OBJ,
10745,0,a lot of the books that I looked at aren't so clear.,1.0,-NONE-ABAR-RC-,T,RC,NP,NP,OBJ,OBJ,WHNP-1-<INANIM>-<PATIENT-V1>,WHNP,RC,RC_OBJ,
10750,0,what's that.,1.0,-NONE-ABAR-WH-,T,WH,NP,NP,OBJ,OBJ,WHNP-1-<INANIM>,WHNP,MQ,MQ_OBJ,
10751,0,what is that?,1.0,-NONE-ABAR-WH-,T,WH,NP,NP,OBJ,OBJ,WHNP-1-<INANIM>,WHNP,MQ,MQ_OBJ,
10753,0,"there you go, you show Observer what was in the picture.",1.0,-NONE-ABAR-RC-,T,RC,NP,NP,SUBJ,SUBJ,WHNP-1-<INANIM>,WHNP,EQ,EQ_SUBJ,show
10755,0,"oh, which one is that on here?",1.0,-NONE-ABAR-WH-,T,WH,NP,NP,OBJ,OBJ,WHNP-1-<INANIM>,WHNP,MQ,MQ_OBJ,
10756,0,which one's big?,1.0,-NONE-ABAR-WH-,T,WH,NP,NP,SUBJ,SUBJ,WHNP-1-<INANIM>,WHNP,MQ,MQ_SUBJ,
10757,0,and which one's small?,1.0,-NONE-ABAR-WH-,T,WH,NP,NP,SUBJ,SUBJ,WHNP-1-<INANIM>,WHNP,EQ,EQ_SUBJ,
10762,0,see if we can do it with this rolling pin.,,,,POLAR,,,,POLAR,,,EQ,EQ_POLAR,see
10767,0,"you'll learn about that when you get to about fifth grade, Child.",1.0,-NONE-ABAR-RC-,T,RC,ADVP,ADVP,ADJUNCT,ADJUNCT,WHADVP-1,WHADVP,EQ,EQ_ADJUNCT,learn
10768,0,isn't it weird how they notice things like that?,1.0,-NONE-ABAR-RC-,T,RC,ADVP,ADVP,ADJUNCT,ADJUNCT,WHADVP-1,WHADVP,EQ,EQ_ADJUNCT,notice
10771,0,what do we make with that?,1.0,-NONE-ABAR-WH-,T,WH,NP,NP,OBJ,OBJ,WHNP-1-<INANIM>-<PATIENT-V1>,WHNP,MQ,MQ_OBJ,
10775,0,when we get back from Hawaii that's when we're just going to start.,1.0,-NONE-ABAR-RC-,T,RC,ADVP,ADVP,ADJUNCT,ADJUNCT,WHADVP-1,WHADVP,EQ,EQ_ADJUNCT,
10775,1,when we get back from Hawaii that's when we're just going to start.,3.0,-NONE-ABAR-RC-,T,RC,ADVP,ADVP,ADJUNCT,ADJUNCT,WHADVP-3,WHADVP,EQ,EQ_ADJUNCT,going
10787,0,where does the rolling pin always stay?,1.0,-NONE-ABAR-WH-,T,WH,ADVP,ADVP,ADJUNCT,ADJUNCT,WHADVP-1,WHADVP,MQ,MQ_ADJUNCT,
10791,0,what is that for?,1.0,-NONE-ABAR-WH-,T,WH,NP,NP,OBJ,OBJ,WHNP-1-<INANIM>,WHNP,MQ,MQ_OBJ,
10797,0,back on the table if you want to finish it.,,,,POLAR,,,,POLAR,,,EQ,EQ_POLAR,
10799,0,these nice girls that came to visit.,1.0,-NONE-ABAR-RC-,T,RC,NP,NP,SUBJ,SUBJ,WHNP-1-<ANIM>,WHNP,RC,RC_SUBJ,
10806,0,show Parent what's in the bag.,1.0,-NONE-ABAR-RC-,T,RC,NP,NP,SUBJ,SUBJ,WHNP-1-<INANIM>,WHNP,EQ,EQ_SUBJ,show
10808,0,what is it?,1.0,-NONE-ABAR-WH-,T,WH,NP,NP,OBJ,OBJ,WHNP-1-<INANIM>,WHNP,MQ,MQ_OBJ,
10809,0,what's in here?,1.0,-NONE-ABAR-WH-,T,WH,NP,NP,SUBJ,SUBJ,WHNP-1-<INANIM>,WHNP,MQ,MQ_SUBJ,
10811,0,I wonder what's in here.,1.0,-NONE-ABAR-WH-,T,WH,NP,NP,SUBJ,SUBJ,WHNP-1-<INANIM>,WHNP,EQ,EQ_SUBJ,wonder
10821,0,why don't you look at it?,1.0,-NONE-ABAR-WH-,T,WH,ADVP,ADVP,ADJUNCT,ADJUNCT,WHADVP-1,WHADVP,MQ,MQ_ADJUNCT,
10827,0,I see something that you know.,1.0,-NONE-ABAR-RC-,T,RC,NP,NP,OBJ,OBJ,WHNP-1-<INANIM>-<SUBJMATT-V2>,WHNP,RC,RC_OBJ,
10828,0,what's that?,1.0,-NONE-ABAR-WH-,T,WH,NP,NP,OBJ,OBJ,WHNP-1-<INANIM>,WHNP,MQ,MQ_OBJ,
10829,0,what is that?,1.0,-NONE-ABAR-WH-,T,WH,NP,NP,OBJ,OBJ,WHNP-1-<INANIM>,WHNP,MQ,MQ_OBJ,
10830,0,you know what this is.,1.0,-NONE-ABAR-WH-,T,WH,NP,NP,OBJ,OBJ,WHNP-1-<INANIM>,WHNP,EQ,EQ_OBJ,know
10833,0,show Mommy what's in the book.,1.0,-NONE-ABAR-RC-,T,RC,NP,NP,SUBJ,SUBJ,WHNP-1-<INANIM>,WHNP,EQ,EQ_SUBJ,show
10836,0,I know what that is.,1.0,-NONE-ABAR-WH-,T,WH,NP,NP,OBJ,OBJ,WHNP-1-<INANIM>,WHNP,EQ,EQ_OBJ,know
10837,0,what is that?,1.0,-NONE-ABAR-WH-,T,WH,NP,NP,OBJ,OBJ,WHNP-1-<INANIM>,WHNP,MQ,MQ_OBJ,
10838,0,what is that?,1.0,-NONE-ABAR-WH-,T,WH,NP,NP,OBJ,OBJ,WHNP-1-<INANIM>,WHNP,MQ,MQ_OBJ,
10847,0,there's some chalk *NULL* Shannon writes on the board for you with.,1.0,-NONE-ABAR-RC-,T,RC,NP,NP,OBJ,OBJ,WHNP-1-<INANIM>-<INSTR-V1>,WHNP,RC,RC_OBJ,
10849,0,"that's what she calls it, aheec.",1.0,-NONE-ABAR-RC-,T,RC,NP,NP,OBJ,OBJ,WHNP-1-<INANIM>-<PATIENT-V1>,WHNP,EQ,EQ_OBJ,calls
10850,0,I don't know where in the world she picked that up aheec for writing.,1.0,-NONE-ABAR-RC-,T,RC,ADVP,ADVP,ADJUNCT,ADJUNCT,WHADVP-1,WHADVP,EQ,EQ_ADJUNCT,know
10851,0,"so when I go by Shannon's school, if Shannon's in school, aheec aheec",,,,POLAR,,,,POLAR,,,EQ,EQ_POLAR,
10851,1,"so when I go by Shannon's school, if Shannon's in school, aheec aheec",,,,POLAR,,,,POLAR,,,EQ,EQ_POLAR,go
10851,2,"so when I go by Shannon's school, if Shannon's in school, aheec aheec",1.0,-NONE-ABAR-RC-,T,RC,ADVP,ADVP,ADJUNCT,ADJUNCT,WHADVP-1,WHADVP,EQ,EQ_ADJUNCT,
10869,0,everything that we see all the time.,1.0,-NONE-ABAR-RC-,T,RC,NP,NP,OBJ,OBJ,WHNP-1-<INANIM>-<SUBJMATT-V1>,WHNP,RC,RC_OBJ,
10870,0,what's this?,1.0,-NONE-ABAR-WH-,T,WH,NP,NP,OBJ,OBJ,WHNP-1-<INANIM>,WHNP,MQ,MQ_OBJ,
10872,0,what are those?,1.0,-NONE-ABAR-WH-,T,WH,NP,NP,OBJ,OBJ,WHNP-1-<INANIM>,WHNP,MQ,MQ_OBJ,
10874,0,what's this?,1.0,-NONE-ABAR-WH-,T,WH,NP,NP,OBJ,OBJ,WHNP-1-<INANIM>,WHNP,MQ,MQ_OBJ,
10875,0,what is that?,1.0,-NONE-ABAR-WH-,T,WH,NP,NP,OBJ,OBJ,WHNP-1-<INANIM>,WHNP,MQ,MQ_OBJ,
10877,0,what is that?,1.0,-NONE-ABAR-WH-,T,WH,NP,NP,OBJ,OBJ,WHNP-1-<INANIM>,WHNP,MQ,MQ_OBJ,
10878,0,you know what all those things are.,1.0,-NONE-ABAR-WH-,T,WH,NP,NP,OBJ,OBJ,WHNP-1-<INANIM>,WHNP,EQ,EQ_OBJ,know
10893,0,"and lookit, what's this?",1.0,-NONE-ABAR-WH-,T,WH,NP,NP,OBJ,OBJ,WHNP-1-<INANIM>,WHNP,MQ,MQ_OBJ,
10896,0,where is it?,1.0,-NONE-ABAR-WH-,T,WH,ADVP,ADVP,ADJUNCT,ADJUNCT,WHADVP-1,WHADVP,MQ,MQ_ADJUNCT,
10899,0,"oh, look what I see.",1.0,-NONE-ABAR-RC-,T,RC,NP,NP,OBJ,OBJ,WHNP-1-<INANIM>-<SUBJMATT-V2>,WHNP,EQ,EQ_OBJ,look
10902,0,and who's that?,1.0,-NONE-ABAR-WH-,T,WH,NP,NP,OBJ,OBJ,WHNP-1-<INANIM>,WHNP,EQ,EQ_OBJ,
10906,0,"and here, oh, here, what's this?",1.0,-NONE-ABAR-WH-,T,WH,NP,NP,OBJ,OBJ,WHNP-1-<INANIM>,WHNP,MQ,MQ_OBJ,
10910,0,what else is on this page?,1.0,-NONE-ABAR-WH-,T,WH,NP,NP,SUBJ,SUBJ,WHNP-1-<INANIM>,WHNP,MQ,MQ_SUBJ,
10911,0,"mommy, see what else is here?",1.0,-NONE-ABAR-RC-,T,RC,NP,NP,SUBJ,SUBJ,WHNP-1-<INANIM>,WHNP,EQ,EQ_SUBJ,see
10912,0,what are these?,1.0,-NONE-ABAR-WH-,T,WH,NP,NP,OBJ,OBJ,WHNP-1-<INANIM>,WHNP,MQ,MQ_OBJ,
10914,0,what do you call them?,1.0,-NONE-ABAR-WH-,T,WH,NP,NP,OBJ,OBJ,WHNP-1-<INANIM>-<PATIENT-V1>,WHNP,MQ,MQ_OBJ,
10917,0,the batteries that are in your toys?,1.0,-NONE-ABAR-RC-,T,RC,NP,NP,SUBJ,SUBJ,WHNP-1-<INANIM>,WHNP,RC,RC_SUBJ,
10920,0,what's this here?,1.0,-NONE-ABAR-WH-,T,WH,NP,NP,OBJ,OBJ,WHNP-1-<INANIM>,WHNP,MQ,MQ_OBJ,
10930,0,what is that?,1.0,-NONE-ABAR-WH-,T,WH,NP,NP,OBJ,OBJ,WHNP-1-<INANIM>,WHNP,MQ,MQ_OBJ,
10945,0,want to see what else is in the bag?,1.0,-NONE-ABAR-RC-,T,RC,NP,NP,SUBJ,SUBJ,WHNP-1-<INANIM>,WHNP,EQ,EQ_SUBJ,see
10947,0,what's this?,1.0,-NONE-ABAR-WH-,T,WH,NP,NP,OBJ,OBJ,WHNP-1-<INANIM>,WHNP,MQ,MQ_OBJ,
10949,0,and what's this right here?,1.0,-NONE-ABAR-WH-,T,WH,NP,NP,OBJ,OBJ,WHNP-1-<INANIM>,WHNP,EQ,EQ_OBJ,
10951,0,what's that?,1.0,-NONE-ABAR-WH-,T,WH,NP,NP,OBJ,OBJ,WHNP-1-<INANIM>,WHNP,MQ,MQ_OBJ,
10953,0,and who's that?,1.0,-NONE-ABAR-WH-,T,WH,NP,NP,OBJ,OBJ,WHNP-1-<ANIM>,WHNP,EQ,EQ_OBJ,
10954,0,who's that lady?,1.0,-NONE-ABAR-WH-,T,WH,NP,NP,OBJ,OBJ,WHNP-1-<ANIM>,WHNP,MQ,MQ_OBJ,
10955,0,what is that?,1.0,-NONE-ABAR-WH-,T,WH,NP,NP,OBJ,OBJ,WHNP-1-<INANIM>,WHNP,MQ,MQ_OBJ,
10959,0,you want to see what else is in the bag?,1.0,-NONE-ABAR-RC-,T,RC,NP,NP,SUBJ,SUBJ,WHNP-1-<INANIM>,WHNP,EQ,EQ_SUBJ,see
10960,0,let's see what's in the bag.,1.0,-NONE-ABAR-RC-,T,RC,NP,NP,SUBJ,SUBJ,WHNP-1-<INANIM>,WHNP,EQ,EQ_SUBJ,see
10962,0,"let's look in the bag and see what else might be in there, ok?",1.0,-NONE-ABAR-RC-,T,RC,NP,NP,SUBJ,SUBJ,WHNP-1-<INANIM>,WHNP,EQ,EQ_SUBJ,see
10970,0,what is that?,1.0,-NONE-ABAR-WH-,T,WH,NP,NP,OBJ,OBJ,WHNP-1-<INANIM>,WHNP,MQ,MQ_OBJ,
10972,0,what's that?,1.0,-NONE-ABAR-WH-,T,WH,NP,NP,OBJ,OBJ,WHNP-1-<INANIM>,WHNP,MQ,MQ_OBJ,
10979,0,what that is.,1.0,-NONE-ABAR-WH-,T,WH,NP,NP,OBJ,OBJ,WHNP-1-<INANIM>,WHNP,EQ,EQ_OBJ,
10987,0,what is that?,1.0,-NONE-ABAR-WH-,T,WH,NP,NP,OBJ,OBJ,WHNP-1-<INANIM>,WHNP,MQ,MQ_OBJ,
10988,0,what is that?,1.0,-NONE-ABAR-WH-,T,WH,NP,NP,OBJ,OBJ,WHNP-1-<INANIM>,WHNP,MQ,MQ_OBJ,
10991,0,what's that?,1.0,-NONE-ABAR-WH-,T,WH,NP,NP,OBJ,OBJ,WHNP-1-<INANIM>,WHNP,MQ,MQ_OBJ,
10993,0,what's that?,1.0,-NONE-ABAR-WH-,T,WH,NP,NP,OBJ,OBJ,WHNP-1-<INANIM>,WHNP,MQ,MQ_OBJ,
10996,0,what's that?,1.0,-NONE-ABAR-WH-,T,WH,NP,NP,OBJ,OBJ,WHNP-1-<INANIM>,WHNP,MQ,MQ_OBJ,
10998,0,what is it?,1.0,-NONE-ABAR-WH-,T,WH,NP,NP,OBJ,OBJ,WHNP-1-<INANIM>,WHNP,MQ,MQ_OBJ,
10999,0,what is it?,1.0,-NONE-ABAR-WH-,T,WH,NP,NP,OBJ,OBJ,WHNP-1-<INANIM>,WHNP,MQ,MQ_OBJ,
11000,0,can you tell Mommy what this is?,1.0,-NONE-ABAR-RC-,T,RC,NP,NP,OBJ,OBJ,WHNP-1-<INANIM>,WHNP,EQ,EQ_OBJ,tell
11013,0,did you see an elephant when we went to the zoo?,1.0,-NONE-ABAR-WH-,T,WH,ADVP,ADVP,ADJUNCT,ADJUNCT,WHADVP-1,WHADVP,EQ,EQ_ADJUNCT,see
11022,0,where's another book?,1.0,-NONE-ABAR-WH-,T,WH,ADVP,ADVP,ADJUNCT,ADJUNCT,WHADVP-1,WHADVP,MQ,MQ_ADJUNCT,
11053,0,how's that?,1.0,-NONE-ABAR-WH-,T,WH,ADVP,ADVP,ADJUNCT,ADJUNCT,WHADVP-1,WHADVP,MQ,MQ_ADJUNCT,
11056,0,how's that?,1.0,-NONE-ABAR-WH-,T,WH,ADVP,ADVP,ADJUNCT,ADJUNCT,WHADVP-1,WHADVP,MQ,MQ_ADJUNCT,
11067,0,what's he looking at?,1.0,-NONE-ABAR-WH-,T,WH,NP,NP,OBJ,OBJ,WHNP-1-<INANIM>-<PATIENT-V1>,WHNP,MQ,MQ_OBJ,
11079,0,why don't you let Amy have one.,1.0,-NONE-ABAR-WH-,T,WH,ADVP,ADVP,ADJUNCT,ADJUNCT,WHADVP-1,WHADVP,MQ,MQ_ADJUNCT,
11089,0,who put the porcupine on the floor?,1.0,-NONE-ABAR-WH-,T,WH,NP,NP,SUBJ,SUBJ,WHNP-1-<ANIM>-<AGENT-V1>,WHNP,MQ,MQ_SUBJ,
11090,0,who did that?,1.0,-NONE-ABAR-WH-,T,WH,NP,NP,SUBJ,SUBJ,WHNP-1-<ANIM>-<AGENT-V1>,WHNP,MQ,MQ_SUBJ,
11096,0,who put it on the floor?,1.0,-NONE-ABAR-WH-,T,WH,NP,NP,SUBJ,SUBJ,WHNP-1-<ANIM>-<AGENT-V1>,WHNP,MQ,MQ_SUBJ,
11099,0,no matter what happens Amy did it.,1.0,-NONE-ABAR-RC-,T,RC,NP,NP,SUBJ,SUBJ,WHNP-1-<INANIM>-<THEME-V1>,WHNP,EQ,EQ_SUBJ,
11121,0,"why don't you get it for mommy, ok?",1.0,-NONE-ABAR-WH-,T,WH,ADVP,ADVP,ADJUNCT,ADJUNCT,WHADVP-1,WHADVP,MQ,MQ_ADJUNCT,
11146,0,who's there?,1.0,-NONE-ABAR-WH-,T,WH,NP,NP,SUBJ,SUBJ,WHNP-1-<INANIM>,WHNP,MQ,MQ_SUBJ,
11163,0,I don't know what you're looking at.,1.0,-NONE-ABAR-WH-,T,WH,NP,NP,OBJ,OBJ,WHNP-1-<INANIM>-<PATIENT-V2>,WHNP,EQ,EQ_OBJ,know
11171,0,where's the elephant's tail?,1.0,-NONE-ABAR-WH-,T,WH,ADVP,ADVP,ADJUNCT,ADJUNCT,WHADVP-1,WHADVP,MQ,MQ_ADJUNCT,
11181,0,where's the dog?,1.0,-NONE-ABAR-WH-,T,WH,ADVP,ADVP,ADJUNCT,ADJUNCT,WHADVP-1,WHADVP,MQ,MQ_ADJUNCT,
11183,0,where's the doggy?,1.0,-NONE-ABAR-WH-,T,WH,ADVP,ADVP,ADJUNCT,ADJUNCT,WHADVP-1,WHADVP,MQ,MQ_ADJUNCT,
11192,0,where are they?,1.0,-NONE-ABAR-WH-,T,WH,ADVP,ADVP,ADJUNCT,ADJUNCT,WHADVP-1,WHADVP,MQ,MQ_ADJUNCT,
11200,0,"oh, Amy, what'd you do?",1.0,-NONE-ABAR-WH-,T,WH,NP,NP,OBJ,OBJ,WHNP-1-<INANIM>-<PATIENT-V1>,WHNP,MQ,MQ_OBJ,
11207,0,what do you want?,1.0,-NONE-ABAR-WH-,T,WH,NP,NP,OBJ,OBJ,WHNP-1-<INANIM>-<SUBJMATT-V1>,WHNP,MQ,MQ_OBJ,
11208,0,what are they?,1.0,-NONE-ABAR-WH-,T,WH,NP,NP,OBJ,OBJ,WHNP-1-<INANIM>,WHNP,MQ,MQ_OBJ,
11209,0,or where are they?,1.0,-NONE-ABAR-WH-,T,WH,ADVP,ADVP,ADJUNCT,ADJUNCT,WHADVP-1,WHADVP,EQ,EQ_ADJUNCT,
11211,0,let's see if we can get them out.,,,,POLAR,,,,POLAR,,,EQ,EQ_POLAR,see
11217,0,you know what happens?,1.0,-NONE-ABAR-WH-,T,WH,NP,NP,SUBJ,SUBJ,WHNP-1-<INANIM>-<THEME-V2>,WHNP,EQ,EQ_SUBJ,know
11219,0,what else do I have?,1.0,-NONE-ABAR-WH-,T,WH,NP,NP,OBJ,OBJ,WHNP-1-<INANIM>-<THEME-V1>,WHNP,MQ,MQ_OBJ,
11232,0,what in the world do they really need?,1.0,-NONE-ABAR-WH-,T,WH,NP,NP,OBJ,OBJ,WHNP-1-<INANIM>-<SUBJMATT-V1>,WHNP,MQ,MQ_OBJ,
11255,0,tell me what's in there.,1.0,-NONE-ABAR-RC-,T,RC,NP,NP,SUBJ,SUBJ,WHNP-1-<INANIM>,WHNP,EQ,EQ_SUBJ,tell
11259,0,this is how we started.,1.0,-NONE-ABAR-RC-,T,RC,ADVP,ADVP,ADJUNCT,ADJUNCT,WHADVP-1,WHADVP,EQ,EQ_ADJUNCT,started
11261,0,"what's this, Jamie?",1.0,-NONE-ABAR-WH-,T,WH,NP,NP,OBJ,OBJ,WHNP-1-<INANIM>,WHNP,MQ,MQ_OBJ,
11262,0,what is it?,1.0,-NONE-ABAR-WH-,T,WH,NP,NP,OBJ,OBJ,WHNP-1-<INANIM>,WHNP,MQ,MQ_OBJ,
11283,0,where's the snake?,1.0,-NONE-ABAR-WH-,T,WH,ADVP,ADVP,ADJUNCT,ADJUNCT,WHADVP-1,WHADVP,MQ,MQ_ADJUNCT,
11286,0,where's the horse?,1.0,-NONE-ABAR-WH-,T,WH,ADVP,ADVP,ADJUNCT,ADJUNCT,WHADVP-1,WHADVP,MQ,MQ_ADJUNCT,
11288,0,and what's this?,1.0,-NONE-ABAR-WH-,T,WH,NP,NP,OBJ,OBJ,WHNP-1-<INANIM>,WHNP,EQ,EQ_OBJ,
11299,0,is there a man *NULL* putting gas in the car?,1.0,-NONE-ABAR-RC-,T,RC,NP,NP,SUBJ,SUBJ,WHNP-1-<ANIM>-<AGENT-V1>,WHNP,RC,RC_SUBJ,
11301,0,where's the car?,1.0,-NONE-ABAR-WH-,T,WH,ADVP,ADVP,ADJUNCT,ADJUNCT,WHADVP-1,WHADVP,MQ,MQ_ADJUNCT,
11304,0,"Jamie, where did the car go?",1.0,-NONE-ABAR-WH-,T,WH,ADVP,ADVP,ADJUNCT,ADJUNCT,WHADVP-1,WHADVP,MQ,MQ_ADJUNCT,
11307,0,where's the car?,1.0,-NONE-ABAR-WH-,T,WH,ADVP,ADVP,ADJUNCT,ADJUNCT,WHADVP-1,WHADVP,MQ,MQ_ADJUNCT,
11310,0,where's Shannon?,1.0,-NONE-ABAR-WH-,T,WH,ADVP,ADVP,ADJUNCT,ADJUNCT,WHADVP-1,WHADVP,MQ,MQ_ADJUNCT,
11313,0,where's your sister Shannon?,1.0,-NONE-ABAR-WH-,T,WH,ADVP,ADVP,ADJUNCT,ADJUNCT,WHADVP-1,WHADVP,MQ,MQ_ADJUNCT,
11315,0,what's she doing at school?,1.0,-NONE-ABAR-WH-,T,WH,NP,NP,OBJ,OBJ,WHNP-1-<INANIM>-<PATIENT-V1>,WHNP,MQ,MQ_OBJ,
11316,0,I don't know why when she says aic that's writing.,2.0,-NONE-ABAR-RC-,T,RC,ADVP,ADVP,ADJUNCT,ADJUNCT,WHADVP-2,WHADVP,EQ,EQ_ADJUNCT,know
11316,1,I don't know why when she says aic that's writing.,1.0,-NONE-ABAR-WH-,T,WH,ADVP,ADVP,ADJUNCT,ADJUNCT,WHADVP-1,WHADVP,EQ,EQ_ADJUNCT,know
11317,0,if she wants a pen or a paper it's aic.,,,,POLAR,,,,POLAR,,,EQ,EQ_POLAR,
11320,0,what happened to mommy's sewing machine?,1.0,-NONE-ABAR-WH-,T,WH,NP,NP,SUBJ,SUBJ,WHNP-1-<INANIM>-<THEME-V1>,WHNP,MQ,MQ_SUBJ,
11321,0,where's mommy's sewing machine?,1.0,-NONE-ABAR-WH-,T,WH,ADVP,ADVP,ADJUNCT,ADJUNCT,WHADVP-1,WHADVP,MQ,MQ_ADJUNCT,
11322,0,where is it?,1.0,-NONE-ABAR-WH-,T,WH,ADVP,ADVP,ADJUNCT,ADJUNCT,WHADVP-1,WHADVP,MQ,MQ_ADJUNCT,
11323,0,do you remember what happened to it?,1.0,-NONE-ABAR-WH-,T,WH,NP,NP,SUBJ,SUBJ,WHNP-1-<INANIM>-<THEME-V2>,WHNP,EQ,EQ_SUBJ,remember
11348,0,what's this?,1.0,-NONE-ABAR-WH-,T,WH,NP,NP,OBJ,OBJ,WHNP-1-<INANIM>,WHNP,MQ,MQ_OBJ,
11349,0,and what's this?,1.0,-NONE-ABAR-WH-,T,WH,NP,NP,OBJ,OBJ,WHNP-1-<INANIM>,WHNP,EQ,EQ_OBJ,
11354,0,where's the pretzels?,1.0,-NONE-ABAR-WH-,T,WH,ADVP,ADVP,ADJUNCT,ADJUNCT,WHADVP-1,WHADVP,MQ,MQ_ADJUNCT,
11357,0,what's this?,1.0,-NONE-ABAR-WH-,T,WH,NP,NP,OBJ,OBJ,WHNP-1-<INANIM>,WHNP,MQ,MQ_OBJ,
11359,0,at the play ground what is that?,1.0,-NONE-ABAR-WH-,T,WH,NP,NP,OBJ,OBJ,WHNP-1-<INANIM>,WHNP,MQ,MQ_OBJ,
11367,0,"let's see, what is it?",1.0,-NONE-ABAR-WH-,T,WH,NP,NP,OBJ,OBJ,WHNP-1-<INANIM>,WHNP,MQ,MQ_OBJ,
11374,0,what's the sense.,1.0,-NONE-ABAR-WH-,T,WH,NP,NP,OBJ,OBJ,WHNP-1-<INANIM>,WHNP,MQ,MQ_OBJ,
11383,0,you know what she will do lately that I thought was kind a cute?,1.0,-NONE-ABAR-WH-,T,WH,NP,NP,OBJ,OBJ,WHNP-1-<INANIM>-<PATIENT-V2>,WHNP,EQ,EQ_OBJ,know
11383,1,you know what she will do lately that I thought was kind a cute?,1.0,-NONE-ABAR-RC-,T,RC,NP,NP,SUBJ,SUBJ,WHNP-1-<INANIM>-<PATIENT-V2>,WHNP,EQ,EQ_SUBJ,thought
11384,0,if Parent cries or gets hurt she'll offer her her blanket.,,,,POLAR,,,,POLAR,,,EQ,EQ_POLAR,
11388,0,"and I thought, well, how sweet to think, well, that'll comfort her.",1.0,-NONE-ABAR-WH-,T,WH,ADJP,ADJP,ADJUNCT,ADJUNCT,WHADJP-1,WHADJP,EQ,EQ_ADJUNCT,
11389,0,when she gets hurt she gets her blanket.,1.0,-NONE-ABAR-RC-,T,RC,ADVP,ADVP,ADJUNCT,ADJUNCT,WHADVP-1,WHADVP,EQ,EQ_ADJUNCT,
11397,0,what are you doing?,1.0,-NONE-ABAR-WH-,T,WH,NP,NP,OBJ,OBJ,WHNP-1-<INANIM>-<PATIENT-V1>,WHNP,MQ,MQ_OBJ,
11398,0,tells me which way to go in the car.,1.0,-NONE-ABAR-RC-,T,RC,NP,NP,OBJ,OBJ,WHNP-1-<INANIM>,WHNP,EQ,EQ_OBJ,tells
11399,0,what are you doing?,1.0,-NONE-ABAR-WH-,T,WH,NP,NP,OBJ,OBJ,WHNP-1-<INANIM>-<PATIENT-V1>,WHNP,MQ,MQ_OBJ,
11404,0,"don't pull that thing out, cause you know what'll happen?",1.0,-NONE-ABAR-WH-,T,WH,NP,NP,SUBJ,SUBJ,WHNP-1-<INANIM>-<THEME-V3>,WHNP,EQ,EQ_SUBJ,know
11407,0,what's that?,1.0,-NONE-ABAR-WH-,T,WH,NP,NP,OBJ,OBJ,WHNP-1-<INANIM>,WHNP,MQ,MQ_OBJ,
11411,0,what is it?,1.0,-NONE-ABAR-WH-,T,WH,NP,NP,OBJ,OBJ,WHNP-1-<INANIM>,WHNP,MQ,MQ_OBJ,
11421,0,where's the porcupine?,1.0,-NONE-ABAR-WH-,T,WH,ADVP,ADVP,ADJUNCT,ADJUNCT,WHADVP-1-<INANIM>,WHADVP,MQ,MQ_ADJUNCT,
11424,0,what's that thing?,1.0,-NONE-ABAR-WH-,T,WH,NP,NP,OBJ,OBJ,WHNP-1-<INANIM>,WHNP,MQ,MQ_OBJ,
11448,0,where's the other truck?,1.0,-NONE-ABAR-WH-,T,WH,ADVP,ADVP,ADJUNCT,ADJUNCT,WHADVP-1,WHADVP,MQ,MQ_ADJUNCT,
11460,0,where's the other horse?,1.0,-NONE-ABAR-WH-,T,WH,ADVP,ADVP,ADJUNCT,ADJUNCT,WHADVP-1,WHADVP,MQ,MQ_ADJUNCT,
11463,0,you know where the other horse is?,1.0,-NONE-ABAR-WH-,T,WH,ADVP,ADVP,ADJUNCT,ADJUNCT,WHADVP-1,WHADVP,EQ,EQ_ADJUNCT,know
11472,0,do you study their speech or just the way *NULL* they behave?,1.0,-NONE-ABAR-RC-,T,RC,ADVP,ADVP,ADJUNCT,ADJUNCT,WHADVP-1,WHADVP,RC,RC_ADJUNCT,
11474,0,"I think it'd be really interesting to study how they behave, but I",1.0,-NONE-ABAR-RC-,T,RC,ADVP,ADVP,ADJUNCT,ADJUNCT,WHADVP-1,WHADVP,EQ,EQ_ADJUNCT,study
11479,0,why don't you show me some of your toys?,1.0,-NONE-ABAR-WH-,T,WH,ADVP,ADVP,ADJUNCT,ADJUNCT,WHADVP-1,WHADVP,MQ,MQ_ADJUNCT,
11480,0,you want to show her Investigator_one what some of your toys are?,1.0,-NONE-ABAR-RC-,T,RC,NP,NP,OBJ,OBJ,WHNP-1-<INANIM>,WHNP,EQ,EQ_OBJ,show
11481,0,what's Jamie's toys?,1.0,-NONE-ABAR-WH-,T,WH,NP,NP,OBJ,OBJ,WHNP-1-<INANIM>,WHNP,MQ,MQ_OBJ,
11486,0,I know other people who have two year olds.,1.0,-NONE-ABAR-RC-,T,RC,NP,NP,SUBJ,SUBJ,WHNP-1-<ANIM>-<POSSESS-V2>,WHNP,RC,RC_SUBJ,
11490,0,if you tell her something she'll remember it.,,,,POLAR,,,,POLAR,,,EQ,EQ_POLAR,
11499,0,"where are some of your toys, Jamie?",1.0,-NONE-ABAR-WH-,T,WH,ADVP,ADVP,ADJUNCT,ADJUNCT,WHADVP-1,WHADVP,MQ,MQ_ADJUNCT,
11505,0,they'd hurt your fingers if he was real.,,,,POLAR,,,,POLAR,,,EQ,EQ_POLAR,hurt
11525,0,"give Parent one *NULL* to play with, ok?",1.0,-NONE-ABAR-RC-,T,RC,NP,NP,OBJ,OBJ,WHNP-1-<INANIM>-<PATIENT-V2>,WHNP,RC,RC_OBJ,
11543,0,where's your baby doll?,1.0,-NONE-ABAR-WH-,T,WH,ADVP,ADVP,ADJUNCT,ADJUNCT,WHADVP-1,WHADVP,MQ,MQ_ADJUNCT,
11544,0,where is the baby doll?,1.0,-NONE-ABAR-WH-,T,WH,ADVP,ADVP,ADJUNCT,ADJUNCT,WHADVP-1,WHADVP,MQ,MQ_ADJUNCT,
11556,0,when you're not doing something Parent can do it.,1.0,-NONE-ABAR-RC-,T,RC,ADVP,ADVP,ADJUNCT,ADJUNCT,WHADVP-1,WHADVP,EQ,EQ_ADJUNCT,
11573,0,what are you going to eat on Thanksgiving?,1.0,-NONE-ABAR-WH-,T,WH,NP,NP,OBJ,OBJ,WHNP-1-<INANIM>-<PATIENT-V1>,WHNP,MQ,MQ_OBJ,
11579,0,how old is Parent?,1.0,-NONE-ABAR-WH-,T,WH,NP,NP,OBJ,OBJ,WHNP-1,WHNP,MQ,MQ_OBJ,
11588,0,they're fascinated by things that you wouldn't think.,2.0,-NONE-ABAR-RC-,T,RC,NP,NP,OBJ,OBJ,WHNP-2-<INANIM>-<SUBJMATT-V2>,WHNP,RC,RC_OBJ,
11590,0,do you know what that is?,1.0,-NONE-ABAR-WH-,T,WH,NP,NP,OBJ,OBJ,WHNP-1-<INANIM>,WHNP,EQ,EQ_OBJ,know
11591,0,where's the turkey?,1.0,-NONE-ABAR-WH-,T,WH,ADVP,ADVP,ADJUNCT,ADJUNCT,WHADVP-1,WHADVP,MQ,MQ_ADJUNCT,
11612,0,what's that?,1.0,-NONE-ABAR-WH-,T,WH,NP,NP,OBJ,OBJ,WHNP-1-<INANIM>,WHNP,MQ,MQ_OBJ,
11623,0,"Jamie, why don't you get one of your books?",1.0,-NONE-ABAR-WH-,T,WH,ADVP,ADVP,ADJUNCT,ADJUNCT,WHADVP-1,WHADVP,MQ,MQ_ADJUNCT,
11635,0,where's the book?,1.0,-NONE-ABAR-WH-,T,WH,ADVP,ADVP,ADJUNCT,ADJUNCT,WHADVP-1,WHADVP,MQ,MQ_ADJUNCT,
11639,0,what do you want to find?,1.0,-NONE-ABAR-WH-,T,WH,NP,NP,OBJ,OBJ,WHNP-1-<INANIM>-<PATIENT-V2>,WHNP,MQ,MQ_OBJ,
11644,0,where's the church?,1.0,-NONE-ABAR-WH-,T,WH,ADVP,ADVP,ADJUNCT,ADJUNCT,WHADVP-1,WHADVP,MQ,MQ_ADJUNCT,
11658,0,the second time in a week *NULL that she's touched it.,1.0,-NONE-ABAR-RC-,T,RC,NP,NP,OBJ,OBJ,WHNP-1-<INANIM>,WHNP,EQ,EQ_OBJ,
11666,0,but it's still hot when it's off.,1.0,-NONE-ABAR-RC-,T,RC,ADVP,ADVP,ADJUNCT,ADJUNCT,WHADVP-1,WHADVP,EQ,EQ_ADJUNCT,
11671,0,which ones are the owie ones?,1.0,-NONE-ABAR-WH-,T,WH,NP,NP,OBJ,OBJ,WHNP-1-<INANIM>,WHNP,MQ,MQ_OBJ,
11674,0,show mommy where you touched Shannon's curling iron.,1.0,-NONE-ABAR-RC-,T,RC,ADVP,ADVP,ADJUNCT,ADJUNCT,WHADVP-1,WHADVP,EQ,EQ_ADJUNCT,show
11689,0,"see, that's how you are.",1.0,-NONE-ABAR-RC-,T,RC,ADVP,ADVP,ADJUNCT,ADJUNCT,WHADVP-1,WHADVP,EQ,EQ_ADJUNCT,
11697,0,why don't you get the toys together?,1.0,-NONE-ABAR-WH-,T,WH,ADVP,ADVP,ADJUNCT,ADJUNCT,WHADVP-1,WHADVP,MQ,MQ_ADJUNCT,
11700,0,so when Investigator_one goes she willn't forget em.,1.0,-NONE-ABAR-RC-,T,RC,ADVP,ADVP,ADJUNCT,ADJUNCT,WHADVP-1,WHADVP,EQ,EQ_ADJUNCT,
11704,0,where's the what?,1.0,-NONE-ABAR-WH-,T,WH,ADVP,ADVP,ADJUNCT,ADJUNCT,WHADVP-1,WHADVP,MQ,MQ_ADJUNCT,
11707,0,where's the other truck?,1.0,-NONE-ABAR-WH-,T,WH,ADVP,ADVP,ADJUNCT,ADJUNCT,WHADVP-1,WHADVP,MQ,MQ_ADJUNCT,
11719,0,at least we both know how to whine.,1.0,-NONE-ABAR-WH-,T,WH,ADVP,ADVP,ADJUNCT,ADJUNCT,WHADVP-1,WHADVP,EQ,EQ_ADJUNCT,know
11724,0,where is the other dog?,1.0,-NONE-ABAR-WH-,T,WH,ADVP,ADVP,ADJUNCT,ADJUNCT,WHADVP-1,WHADVP,MQ,MQ_ADJUNCT,
11730,0,"where's the other, where's the elephant's tail?",2.0,-NONE-ABAR-WH-,T,WH,ADVP,ADVP,ADJUNCT,ADJUNCT,WHADVP-2,WHADVP,MQ,MQ_ADJUNCT,
11750,0,where's Parent's pacifier?,1.0,-NONE-ABAR-WH-,T,WH,ADVP,ADVP,ADJUNCT,ADJUNCT,WHADVP-1,WHADVP,MQ,MQ_ADJUNCT,
11751,0,"she's knows what Parent's pacifier is, but for some reason she",1.0,-NONE-ABAR-WH-,T,WH,NP,NP,OBJ,OBJ,WHNP-1-<INANIM>,WHNP,EQ,EQ_OBJ,knows
11758,0,"I don't know how many balls they went through this summer, because",1.0,-NONE-ABAR-WH-,T,WH,NP,NP,OBJ,OBJ,WHNP-1-<INANIM>-<PATIENT-V2>,WHNP,EQ,EQ_OBJ,know
11760,0,I see something *NULL* I better take from Parent before Parent.,1.0,-NONE-ABAR-RC-,T,RC,NP,NP,OBJ,OBJ,WHNP-1-<INANIM>-<PATIENT-V2>,WHNP,RC,RC_OBJ,
11762,0,why don't you give the duck a ride on your boat?,1.0,-NONE-ABAR-WH-,T,WH,ADVP,ADVP,ADJUNCT,ADJUNCT,WHADVP-1,WHADVP,MQ,MQ_ADJUNCT,
11765,0,where's the duck?,1.0,-NONE-ABAR-WH-,T,WH,ADVP,ADVP,ADJUNCT,ADJUNCT,WHADVP-1,WHADVP,MQ,MQ_ADJUNCT,
11773,0,where's your boat?,1.0,-NONE-ABAR-WH-,T,WH,ADVP,ADVP,ADJUNCT,ADJUNCT,WHADVP-1,WHADVP,MQ,MQ_ADJUNCT,
11775,0,"you think if you put him there that he can stay here, right?",,,,POLAR,,,,POLAR,,,EQ,EQ_POLAR,think
11783,0,"why don't you put him on the rug, on the floor, on the bear?",1.0,-NONE-ABAR-WH-,T,WH,ADVP,ADVP,ADJUNCT,ADJUNCT,WHADVP-1,WHADVP,MQ,MQ_ADJUNCT,
11788,0,you know when you're around your children all the time you get used,1.0,-NONE-ABAR-WH-,T,WH,ADVP,ADVP,ADJUNCT,ADJUNCT,WHADVP-1,WHADVP,EQ,EQ_ADJUNCT,know
11790,0,"every time *NULL* you go somewhere, or if you're going to leave em with",,,,POLAR,,,,POLAR,,,EQ,EQ_POLAR,
11790,1,"every time *NULL* you go somewhere, or if you're going to leave em with",1.0,-NONE-ABAR-RC-,T,RC,ADVP,ADVP,ADJUNCT,ADJUNCT,WHADVP-1,WHADVP,RC,RC_ADJUNCT,
11794,0,what if it's broken?,,,,POLAR,,,,POLAR,,,EQ,EQ_POLAR,
11798,0,"look, now she's doing what she saw Jamie do.",1.0,-NONE-ABAR-RC-,T,RC,NP,NP,OBJ,OBJ,WHNP-1-<INANIM>-<PATIENT-V3>,WHNP,EQ,EQ_OBJ,doing
11804,0,we don't have anything that squeaks and of all things that,1.0,-NONE-ABAR-RC-,T,RC,NP,NP,SUBJ,SUBJ,WHNP-1-<INANIM>-<THEME-V2>,WHNP,RC,RC_SUBJ,
11820,0,"when we were on the train, I said.",1.0,-NONE-ABAR-RC-,T,RC,ADVP,ADVP,ADJUNCT,ADJUNCT,WHADVP-1,WHADVP,EQ,EQ_ADJUNCT,
11823,0,when we got off the train it was finished.,1.0,-NONE-ABAR-RC-,T,RC,ADVP,ADVP,ADJUNCT,ADJUNCT,WHADVP-1,WHADVP,EQ,EQ_ADJUNCT,
11833,0,we don't have very many places for *NULL* kids just to ride ponies and,1.0,-NONE-ABAR-RC-,T,RC,ADVP,ADVP,ADJUNCT,ADJUNCT,WHADVP-1,WHADVP,RC,RC_ADJUNCT,
11836,0,"yeah, I don't know if they have it any more.",,,,POLAR,,,,POLAR,,,EQ,EQ_POLAR,know
11837,0,what's that?,1.0,-NONE-ABAR-WH-,T,WH,NP,NP,OBJ,OBJ,WHNP-1-<INANIM>,WHNP,MQ,MQ_OBJ,
11838,0,what's that?,1.0,-NONE-ABAR-WH-,T,WH,NP,NP,OBJ,OBJ,WHNP-1-<INANIM>,WHNP,MQ,MQ_OBJ,
11840,0,what do you do with this blue thing?,1.0,-NONE-ABAR-WH-,T,WH,NP,NP,OBJ,OBJ,WHNP-1-<INANIM>-<THEME-V1>,WHNP,MQ,MQ_OBJ,
11845,0,we always have the person who came to see the kids do the,1.0,-NONE-ABAR-RC-,T,RC,NP,NP,SUBJ,SUBJ,WHNP-1-<ANIM>-<AGENT-V2>,WHNP,RC,RC_SUBJ,
11847,0,are most children shy when you pop in like this?,1.0,-NONE-ABAR-RC-,T,RC,ADVP,ADVP,ADJUNCT,ADJUNCT,WHADVP-1,WHADVP,EQ,EQ_ADJUNCT,pop
11856,0,where is em?,1.0,-NONE-ABAR-WH-,T,WH,ADVP,ADVP,ADJUNCT,ADJUNCT,WHADVP-1,WHADVP,MQ,MQ_ADJUNCT,
11861,0,isn't it funny how books will bring them out?,1.0,-NONE-ABAR-RC-,T,RC,ADVP,ADVP,ADJUNCT,ADJUNCT,WHADVP-1,WHADVP,EQ,EQ_ADJUNCT,bring
11876,0,what'd you say?,1.0,-NONE-ABAR-WH-,T,WH,NP,NP,OBJ,OBJ,WHNP-1-<INANIM>-<THEME-V1>,WHNP,MQ,MQ_OBJ,
11881,0,where's the Christmas catalog?,1.0,-NONE-ABAR-WH-,T,WH,ADVP,ADVP,ADJUNCT,ADJUNCT,WHADVP-1,WHADVP,MQ,MQ_ADJUNCT,
11885,0,I just saw something that she really liked.,1.0,-NONE-ABAR-RC-,T,RC,NP,NP,OBJ,OBJ,WHNP-1-<INANIM>-<SUBJMATT-V2>,WHNP,RC,RC_OBJ,
11886,0,where is it?,1.0,-NONE-ABAR-WH-,T,WH,ADVP,ADVP,ADJUNCT,ADJUNCT,WHADVP-1,WHADVP,MQ,MQ_ADJUNCT,
11889,0,who's that?,1.0,-NONE-ABAR-WH-,T,WH,NP,NP,OBJ,OBJ,WHNP-1-<ANIM>,WHNP,MQ,MQ_OBJ,
11907,0,what's this world coming to?,1.0,-NONE-ABAR-WH-,T,WH,NP,NP,OBJ,OBJ,WHNP-1-<INANIM>-<THEME-V1>,WHNP,MQ,MQ_OBJ,
11911,0,I could see if they had pretty faces with makeup but they're just,,,,POLAR,,,,POLAR,,,EQ,EQ_POLAR,see
11915,0,what are these?,1.0,-NONE-ABAR-WH-,T,WH,NP,NP,OBJ,OBJ,WHNP-1-<INANIM>,WHNP,MQ,MQ_OBJ,
11919,0,"when we go to the store, ok?",1.0,-NONE-ABAR-RC-,T,RC,ADVP,ADVP,ADJUNCT,ADJUNCT,WHADVP-1,WHADVP,EQ,EQ_ADJUNCT,
11920,0,"when we go to the store, you can get some.",1.0,-NONE-ABAR-RC-,T,RC,ADVP,ADVP,ADJUNCT,ADJUNCT,WHADVP-1,WHADVP,EQ,EQ_ADJUNCT,
11924,0,what is it?,1.0,-NONE-ABAR-WH-,T,WH,NP,NP,OBJ,OBJ,WHNP-1-<INANIM>,WHNP,MQ,MQ_OBJ,
11925,0,what is it?,1.0,-NONE-ABAR-WH-,T,WH,NP,NP,OBJ,OBJ,WHNP-1-<INANIM>,WHNP,MQ,MQ_OBJ,
11928,0,I don't know what I did with it.,1.0,-NONE-ABAR-WH-,T,WH,NP,NP,OBJ,OBJ,WHNP-1-<INANIM>-<THEME-V2>,WHNP,EQ,EQ_OBJ,know
11944,0,"yes, my mother says if you really believe that there is",,,,POLAR,,,,POLAR,,,EQ,EQ_POLAR,says
11944,1,"yes, my mother says if you really believe that there is",,,,POLAR,,,,POLAR,,,EQ,EQ_POLAR,says
11949,0,when she gets older.,1.0,-NONE-ABAR-RC-,T,RC,ADVP,ADVP,ADJUNCT,ADJUNCT,WHADVP-1,WHADVP,EQ,EQ_ADJUNCT,
11960,0,"where's all the animals, Jamie?",1.0,-NONE-ABAR-WH-,T,WH,ADVP,ADVP,ADJUNCT,ADJUNCT,WHADVP-1,WHADVP,MQ,MQ_ADJUNCT,
11961,0,what's that.,1.0,-NONE-ABAR-WH-,T,WH,NP,NP,OBJ,OBJ,WHNP-1-<INANIM>,WHNP,MQ,MQ_OBJ,
11962,0,what goes in there?,1.0,-NONE-ABAR-WH-,T,WH,NP,NP,SUBJ,SUBJ,WHNP-1-<INANIM>-<THEME-V1>,WHNP,MQ,MQ_SUBJ,
11977,0,I finally decided what's the difference if I go shopping to buy toys,,,,POLAR,,,,POLAR,,,EQ,EQ_POLAR,go
11977,1,I finally decided what's the difference if I go shopping to buy toys,1.0,-NONE-ABAR-WH-,T,WH,NP,NP,SUBJ,SUBJ,WHNP-1,WHNP,EQ,EQ_SUBJ,decided
11983,0,what are you studying?,1.0,-NONE-ABAR-WH-,T,WH,NP,NP,OBJ,OBJ,WHNP-1-<INANIM>-<PATIENT-V1>,WHNP,MQ,MQ_OBJ,
11986,0,what do you think I have?,1.0,-NONE-ABAR-WH-,T,WH,NP,NP,OBJ,OBJ,WHNP-1-<INANIM>-<THEME-V2>,WHNP,EQ,EQ_OBJ,think
11990,0,what's that?,1.0,-NONE-ABAR-WH-,T,WH,NP,NP,OBJ,OBJ,WHNP-1-<INANIM>,WHNP,MQ,MQ_OBJ,
11993,0,what was it?,1.0,-NONE-ABAR-WH-,T,WH,NP,NP,OBJ,OBJ,WHNP-1-<INANIM>,WHNP,MQ,MQ_OBJ,
11998,0,what are those?,1.0,-NONE-ABAR-WH-,T,WH,NP,NP,OBJ,OBJ,WHNP-1-<INANIM>,WHNP,MQ,MQ_OBJ,
12001,0,what's that?,1.0,-NONE-ABAR-WH-,T,WH,NP,NP,OBJ,OBJ,WHNP-1-<INANIM>,WHNP,MQ,MQ_OBJ,
12008,0,what's that on the door up there that Mommy forgot to take down?,2.0,-NONE-ABAR-RC-,T,RC,NP,NP,OBJ,OBJ,WHNP-2-<INANIM>-<PATIENT-V2>,WHNP,RC,RC_OBJ,
12008,1,what's that on the door up there that Mommy forgot to take down?,1.0,-NONE-ABAR-WH-,T,WH,NP,NP,OBJ,OBJ,WHNP-1-<INANIM>,WHNP,MQ,MQ_OBJ,
12009,0,what is that?,1.0,-NONE-ABAR-WH-,T,WH,NP,NP,OBJ,OBJ,WHNP-1-<INANIM>,WHNP,MQ,MQ_OBJ,
12015,0,"what's that, a guitar?",1.0,-NONE-ABAR-WH-,T,WH,NP,NP,OBJ,OBJ,WHNP-1-<INANIM>,WHNP,MQ,MQ_OBJ,
12019,0,let's see if we can,,,,POLAR,,,,POLAR,,,EQ,EQ_POLAR,see
12028,0,Mommy's got another book *NULL* you can see.,1.0,-NONE-ABAR-RC-,T,RC,NP,NP,OBJ,OBJ,WHNP-1-<INANIM>-<SUBJMATT-V2>,WHNP,RC,RC_OBJ,
12036,0,I don't know if she hit it on him or she hit the stool on the way,,,,POLAR,,,,POLAR,,,EQ,EQ_POLAR,know
12046,0,what kind are they?,1.0,-NONE-ABAR-WH-,T,WH,NP,NP,OBJ,OBJ,WHNP-1-<INANIM>,WHNP,MQ,MQ_OBJ,
12049,0,where's the fish?,1.0,-NONE-ABAR-WH-,T,WH,ADVP,ADVP,ADJUNCT,ADJUNCT,WHADVP-1,WHADVP,MQ,MQ_ADJUNCT,
12056,0,"here, you want to put it on the table like you when you put your food",1.0,-NONE-ABAR-RC-,T,RC,ADVP,ADVP,ADJUNCT,ADJUNCT,WHADVP-1,WHADVP,EQ,EQ_ADJUNCT,
12060,0,what's this?,1.0,-NONE-ABAR-WH-,T,WH,NP,NP,OBJ,OBJ,WHNP-1-<INANIM>,WHNP,MQ,MQ_OBJ,
12061,0,mhm and what's this?,1.0,-NONE-ABAR-WH-,T,WH,NP,NP,OBJ,OBJ,WHNP-1-<INANIM>,WHNP,EQ,EQ_OBJ,
12062,0,I wonder where she gets that from hammac.,1.0,-NONE-ABAR-WH-,T,WH,ADVP,ADVP,ADJUNCT,ADJUNCT,WHADVP-1,WHADVP,EQ,EQ_ADJUNCT,wonder
12064,0,why do you say that?,1.0,-NONE-ABAR-WH-,T,WH,ADVP,ADVP,ADJUNCT,ADJUNCT,WHADVP-1,WHADVP,MQ,MQ_ADJUNCT,
12066,0,where's em?,1.0,-NONE-ABAR-WH-,T,WH,ADVP,ADVP,ADJUNCT,ADJUNCT,WHADVP-1,WHADVP,MQ,MQ_ADJUNCT,
12077,0,"there's the snake, now what's this?",1.0,-NONE-ABAR-WH-,T,WH,NP,NP,OBJ,OBJ,WHNP-1-<INANIM>,WHNP,MQ,MQ_OBJ,
12079,0,what's this?,1.0,-NONE-ABAR-WH-,T,WH,NP,NP,OBJ,OBJ,WHNP-1-<INANIM>,WHNP,MQ,MQ_OBJ,
12080,0,"well, what's this.",1.0,-NONE-ABAR-WH-,T,WH,NP,NP,OBJ,OBJ,WHNP-1-<INANIM>,WHNP,MQ,MQ_OBJ,
12085,0,that's what I thought she said.,1.0,-NONE-ABAR-RC-,T,RC,NP,NP,OBJ,OBJ,WHNP-1-<INANIM>-<THEME-V2>,WHNP,EQ,EQ_OBJ,thought
12087,0,what's this here?,1.0,-NONE-ABAR-WH-,T,WH,NP,NP,OBJ,OBJ,WHNP-1-<INANIM>,WHNP,MQ,MQ_OBJ,
12089,0,what is it.,1.0,-NONE-ABAR-WH-,T,WH,NP,NP,OBJ,OBJ,WHNP-1-<INANIM>,WHNP,MQ,MQ_OBJ,
12090,0,who did you see at Fay's?,1.0,-NONE-ABAR-WH-,T,WH,NP,NP,OBJ,OBJ,WHNP-1-<ANIM>-<SUBJMATT-V1>,WHNP,MQ,MQ_OBJ,
12091,0,remember when we went to Fay's?,1.0,-NONE-ABAR-RC-,T,RC,ADVP,ADVP,ADJUNCT,ADJUNCT,WHADVP-1,WHADVP,EQ,EQ_ADJUNCT,remember
12092,0,who was there?,1.0,-NONE-ABAR-WH-,T,WH,NP,NP,SUBJ,SUBJ,WHNP-1-<ANIM>,WHNP,MQ,MQ_SUBJ,
12093,0,"well, what did he give you?",1.0,-NONE-ABAR-WH-,T,WH,NP,NP,OBJ,OBJ,WHNP-1-<INANIM>-<PATIENT-V1>,WHNP,MQ,MQ_OBJ,
12095,0,where's Shannon?,1.0,-NONE-ABAR-WH-,T,WH,ADVP,ADVP,ADJUNCT,ADJUNCT,WHADVP-1,WHADVP,MQ,MQ_ADJUNCT,
12096,0,what's she doing?,1.0,-NONE-ABAR-WH-,T,WH,NP,NP,OBJ,OBJ,WHNP-1-<INANIM>-<PATIENT-V1>,WHNP,MQ,MQ_OBJ,
12098,0,she'll be home pretty soon if she can get a ride.,,,,POLAR,,,,POLAR,,,EQ,EQ_POLAR,get
12099,0,"well, where is she?",1.0,-NONE-ABAR-WH-,T,WH,ADVP,ADVP,ADJUNCT,ADJUNCT,WHADVP-1,WHADVP,MQ,MQ_ADJUNCT,
12100,0,where is she?,1.0,-NONE-ABAR-WH-,T,WH,ADVP,ADVP,ADJUNCT,ADJUNCT,WHADVP-1,WHADVP,MQ,MQ_ADJUNCT,
12104,0,I bet there's pictures that we haven't even seen in this book.,1.0,-NONE-ABAR-RC-,T,RC,NP,NP,OBJ,OBJ,WHNP-1-<INANIM>-<SUBJMATT-V2>,WHNP,RC,RC_OBJ,
12107,0,where did they go?,1.0,-NONE-ABAR-WH-,T,WH,ADVP,ADVP,ADJUNCT,ADJUNCT,WHADVP-1,WHADVP,MQ,MQ_ADJUNCT,
12111,0,what's here?,1.0,-NONE-ABAR-WH-,T,WH,NP,NP,SUBJ,SUBJ,WHNP-1-<INANIM>,WHNP,MQ,MQ_SUBJ,
12115,0,what's this?,1.0,-NONE-ABAR-WH-,T,WH,NP,NP,OBJ,OBJ,WHNP-1-<INANIM>,WHNP,MQ,MQ_OBJ,
12116,0,what do they do here?,1.0,-NONE-ABAR-WH-,T,WH,NP,NP,OBJ,OBJ,WHNP-1-<INANIM>-<PATIENT-V1>,WHNP,MQ,MQ_OBJ,
12118,0,is that where you go with the car to get gas?,1.0,-NONE-ABAR-WH-,T,WH,ADVP,ADVP,ADJUNCT,ADJUNCT,WHADVP-1,WHADVP,EQ,EQ_ADJUNCT,go
12120,0,and what's this?,1.0,-NONE-ABAR-WH-,T,WH,NP,NP,OBJ,OBJ,WHNP-1-<INANIM>,WHNP,EQ,EQ_OBJ,
12127,0,see if we can find one.,,,,POLAR,,,,POLAR,,,EQ,EQ_POLAR,see
12131,0,what's this?,1.0,-NONE-ABAR-WH-,T,WH,NP,NP,OBJ,OBJ,WHNP-1-<INANIM>,WHNP,MQ,MQ_OBJ,
12134,0,how do you know that's a man?,1.0,-NONE-ABAR-WH-,T,WH,ADVP,ADVP,ADJUNCT,ADJUNCT,WHADVP-1,WHADVP,MQ,MQ_ADJUNCT,
12135,0,what is that?,1.0,-NONE-ABAR-WH-,T,WH,NP,NP,OBJ,OBJ,WHNP-1-<INANIM>,WHNP,MQ,MQ_OBJ,
12143,0,"I had a tape recorder once that, uh, started to sizzle when I was",1.0,-NONE-ABAR-WH-,T,WH,NP-2,NP,SUBJ,SUBJ,WHNP-1-<INANIM>-<THEME-V2>,WHNP,RC,RC_SUBJ,
12143,1,"I had a tape recorder once that, uh, started to sizzle when I was",3.0,-NONE-ABAR-RC-,T,RC,ADVP,ADVP,ADJUNCT,ADJUNCT,WHADVP-3,WHADVP,EQ,EQ_ADJUNCT,sizzle
12145,0,where did Daddy go?,1.0,-NONE-ABAR-WH-,T,WH,ADVP,ADVP,ADJUNCT,ADJUNCT,WHADVP-1,WHADVP,MQ,MQ_ADJUNCT,
12148,0,where did he go?,1.0,-NONE-ABAR-WH-,T,WH,ADVP,ADVP,ADJUNCT,ADJUNCT,WHADVP-1,WHADVP,MQ,MQ_ADJUNCT,
12149,0,what is it?,1.0,-NONE-ABAR-WH-,T,WH,NP,NP,OBJ,OBJ,WHNP-1-<INANIM>,WHNP,MQ,MQ_OBJ,
12152,0,that's a nest where birds lay eggs.,1.0,-NONE-ABAR-RC-,T,RC,ADVP,ADVP,ADJUNCT,ADJUNCT,WHADVP-1,WHADVP,RC,RC_ADJUNCT,
12160,0,where are they?,1.0,-NONE-ABAR-WH-,T,WH,ADVP,ADVP,ADJUNCT,ADJUNCT,WHADVP-1,WHADVP,MQ,MQ_ADJUNCT,
12175,0,what do I put on your wrist to make it better?,1.0,-NONE-ABAR-WH-,T,WH,NP,NP,OBJ,OBJ,WHNP-1-<INANIM>-<PATIENT-V1>,WHNP,MQ,MQ_OBJ,
12177,0,what are you doing?,1.0,-NONE-ABAR-WH-,T,WH,NP,NP,OBJ,OBJ,WHNP-1-<INANIM>-<PATIENT-V1>,WHNP,MQ,MQ_OBJ,
12183,0,I don't know if it will stand up.,,,,POLAR,,,,POLAR,,,EQ,EQ_POLAR,know
12184,0,"why don't you get the book there and stand it on the book, because",1.0,-NONE-ABAR-WH-,T,WH,ADVP,ADVP,ADJUNCT,ADJUNCT,WHADVP-1,WHADVP,MQ,MQ_ADJUNCT,
12186,0,"well, where's the zebra, where'd he go?",1.0,-NONE-ABAR-WH-,T,WH,ADVP,ADVP,ADJUNCT,ADJUNCT,WHADVP-1,WHADVP,MQ,MQ_ADJUNCT,
12186,1,"well, where's the zebra, where'd he go?",2.0,-NONE-ABAR-WH-,T,WH,ADVP,ADVP,ADJUNCT,ADJUNCT,WHADVP-2,WHADVP,MQ,MQ_ADJUNCT,
12192,0,when you work on your next project.,1.0,-NONE-ABAR-RC-,T,RC,ADVP,ADVP,ADJUNCT,ADJUNCT,WHADVP-1,WHADVP,EQ,EQ_ADJUNCT,
12195,0,if she wants something she has to replace it with something else.,,,,POLAR,,,,POLAR,,,EQ,EQ_POLAR,
12196,0,what are you doing?,1.0,-NONE-ABAR-WH-,T,WH,NP,NP,OBJ,OBJ,WHNP-1-<INANIM>-<PATIENT-V1>,WHNP,MQ,MQ_OBJ,
12197,0,you look like somebody who's got all the money in the world there.,1.0,-NONE-ABAR-RC-,T,RC,NP,NP,SUBJ,SUBJ,WHNP-1-<ANIM>-<POSSESS-V2>,WHNP,RC,RC_SUBJ,
12198,0,that's when the baby fell on the boat.,1.0,-NONE-ABAR-RC-,T,RC,ADVP,ADVP,ADJUNCT,ADJUNCT,WHADVP-1,WHADVP,EQ,EQ_ADJUNCT,fell
12199,0,where's the other truck?,1.0,-NONE-ABAR-WH-,T,WH,ADVP,ADVP,ADJUNCT,ADJUNCT,WHADVP-1,WHADVP,MQ,MQ_ADJUNCT,
12203,0,what is that?,1.0,-NONE-ABAR-WH-,T,WH,NP,NP,OBJ,OBJ,WHNP-1-<INANIM>,WHNP,MQ,MQ_OBJ,
12205,0,what is that?,1.0,-NONE-ABAR-WH-,T,WH,NP,NP,OBJ,OBJ,WHNP-1-<INANIM>,WHNP,MQ,MQ_OBJ,
12207,0,where's that big truck?,1.0,-NONE-ABAR-WH-,T,WH,ADVP,ADVP,ADJUNCT,ADJUNCT,WHADVP-1,WHADVP,MQ,MQ_ADJUNCT,
12210,0,what do you want to do?,1.0,-NONE-ABAR-WH-,T,WH,NP,NP,OBJ,OBJ,WHNP-1-<INANIM>-<PATIENT-V2>,WHNP,MQ,MQ_OBJ,
12222,0,"what's in Sister's bottle, do you know?",1.0,-NONE-ABAR-WH-,T,WH,NP,NP,SUBJ,SUBJ,WHNP-1-<INANIM>,WHNP,MQ,MQ_SUBJ,
12223,0,what's in there?,1.0,-NONE-ABAR-WH-,T,WH,NP,NP,SUBJ,SUBJ,WHNP-1-<INANIM>,WHNP,MQ,MQ_SUBJ,
12224,0,what's Sister drinking?,1.0,-NONE-ABAR-WH-,T,WH,NP,NP,OBJ,OBJ,WHNP-1-<INANIM>-<PATIENT-V1>,WHNP,MQ,MQ_OBJ,
12226,0,what's it look like?,1.0,-NONE-ABAR-WH-,T,WH,NP,NP,OBJ,OBJ,WHNP-1-<INANIM>,WHNP,MQ,MQ_OBJ,
12227,0,what do you think Sister has in there?,1.0,-NONE-ABAR-WH-,T,WH,NP,NP,OBJ,OBJ,WHNP-1-<INANIM>-<THEME-V2>,WHNP,EQ,EQ_OBJ,think
12244,0,who's that?,1.0,-NONE-ABAR-WH-,T,WH,NP,NP,OBJ,OBJ,WHNP-1-<ANIM>,WHNP,MQ,MQ_OBJ,
12245,0,who is that?,1.0,-NONE-ABAR-WH-,T,WH,NP,NP,OBJ,OBJ,WHNP-1-<ANIM>,WHNP,MQ,MQ_OBJ,
12250,0,"who is that, Child.",1.0,-NONE-ABAR-WH-,T,WH,NP,NP,OBJ,OBJ,WHNP-1-<ANIM>,WHNP,MQ,MQ_OBJ,
12253,0,"what is that, Child?",1.0,-NONE-ABAR-WH-,T,WH,NP,NP,OBJ,OBJ,WHNP-1-<INANIM>,WHNP,MQ,MQ_OBJ,
12270,0,whether you have socks on or not.,,,,POLAR,,,,POLAR,,,EQ,EQ_POLAR,
12272,0,where are your socks?,1.0,-NONE-ABAR-WH-,T,WH,ADVP,ADVP,ADJUNCT,ADJUNCT,WHADVP-1,WHADVP,MQ,MQ_ADJUNCT,
12274,0,that's what I thought.,1.0,-NONE-ABAR-RC-,T,RC,NP,NP,OBJ,OBJ,WHNP-1-<INANIM>-<SUBJMATT-V1>,WHNP,EQ,EQ_OBJ,thought
12283,0,what's cooking?,1.0,-NONE-ABAR-WH-,T,WH,NP,NP,SUBJ,SUBJ,WHNP-1-<INANIM>-<THEME-V1>,WHNP,MQ,MQ_SUBJ,
12284,0,what else is in the book?,1.0,-NONE-ABAR-WH-,T,WH,NP,NP,SUBJ,SUBJ,WHNP-1-<INANIM>,WHNP,MQ,MQ_SUBJ,
12289,0,what does Sister get?,1.0,-NONE-ABAR-WH-,T,WH,NP,NP,OBJ,OBJ,WHNP-1-<INANIM>-<PATIENT-V1>,WHNP,MQ,MQ_OBJ,
12292,0,where did Daddy go?,1.0,-NONE-ABAR-WH-,T,WH,ADVP,ADVP,ADJUNCT,ADJUNCT,WHADVP-1,WHADVP,MQ,MQ_ADJUNCT,
12293,0,where's Daddy?,1.0,-NONE-ABAR-WH-,T,WH,ADVP,ADVP,ADJUNCT,ADJUNCT,WHADVP-1,WHADVP,MQ,MQ_ADJUNCT,
12295,0,where'd he go?,1.0,-NONE-ABAR-WH-,T,WH,ADVP,ADVP,ADJUNCT,ADJUNCT,WHADVP-1,WHADVP,MQ,MQ_ADJUNCT,
12297,0,and what's he doing at work?,1.0,-NONE-ABAR-WH-,T,WH,NP,NP,OBJ,OBJ,WHNP-1-<INANIM>-<PATIENT-V1>,WHNP,EQ,EQ_OBJ,
12299,0,where is him?,1.0,-NONE-ABAR-WH-,T,WH,ADVP,ADVP,ADJUNCT,ADJUNCT,WHADVP-1,WHADVP,MQ,MQ_ADJUNCT,
12320,0,what are these?,1.0,-NONE-ABAR-WH-,T,WH,NP,NP,OBJ,OBJ,WHNP-1-<INANIM>,WHNP,MQ,MQ_OBJ,
12321,0,"what is, what are these?",1.0,-NONE-ABAR-WH-,T,WH,NP,NP,OBJ,OBJ,WHNP-1-<INANIM>,WHNP,MQ,MQ_OBJ,
12323,0,what are they?,1.0,-NONE-ABAR-WH-,T,WH,NP,NP,OBJ,OBJ,WHNP-1-<INANIM>,WHNP,MQ,MQ_OBJ,
12333,0,where's the dog's tail?,1.0,-NONE-ABAR-WH-,T,WH,ADVP,ADVP,ADJUNCT,ADJUNCT,WHADVP-1,WHADVP,MQ,MQ_ADJUNCT,
12339,0,how do you know they're dirty?,1.0,-NONE-ABAR-WH-,T,WH,ADVP,ADVP,ADJUNCT,ADJUNCT,WHADVP-1,WHADVP,MQ,MQ_ADJUNCT,
12342,0,what's this right here?,1.0,-NONE-ABAR-WH-,T,WH,NP,NP,OBJ,OBJ,WHNP-1-<INANIM>,WHNP,MQ,MQ_OBJ,
12344,0,what is that there that you take out in the rain?,1.0,-NONE-ABAR-WH-,T,WH,NP,NP,ADJUNCT,ADJUNCT,WHNP-1-<INANIM>,WHNP,MQ,MQ_ADJUNCT,
12344,1,what is that there that you take out in the rain?,2.0,-NONE-ABAR-RC-,T,RC,NP,NP,OBJ,OBJ,WHNP-2-<INANIM>-<PATIENT-V1>,WHNP,RC,RC_OBJ,
12351,0,what's this?,1.0,-NONE-ABAR-WH-,T,WH,NP,NP,OBJ,OBJ,WHNP-1-<INANIM>,WHNP,MQ,MQ_OBJ,
12361,0,what kind of shoes do you want?,1.0,-NONE-ABAR-WH-,T,WH,NP,NP,OBJ,OBJ,WHNP-1-<INANIM>-<SUBJMATT-V1>,WHNP,MQ,MQ_OBJ,
12363,0,where's em.,1.0,-NONE-ABAR-WH-,T,WH,ADVP,ADVP,ADJUNCT,ADJUNCT,WHADVP-1,WHADVP,MQ,MQ_ADJUNCT,
12367,0,I know what you want.,1.0,-NONE-ABAR-WH-,T,WH,NP,NP,OBJ,OBJ,WHNP-1-<INANIM>-<SUBJMATT-V2>,WHNP,EQ,EQ_OBJ,know
12369,0,you know what you want?,1.0,-NONE-ABAR-WH-,T,WH,NP,NP,OBJ,OBJ,WHNP-1-<INANIM>-<SUBJMATT-V2>,WHNP,EQ,EQ_OBJ,know
12386,0,what is it?,1.0,-NONE-ABAR-WH-,T,WH,NP,NP,OBJ,OBJ,WHNP-1-<INANIM>,WHNP,MQ,MQ_OBJ,
12387,0,what is it?,1.0,-NONE-ABAR-WH-,T,WH,NP,NP,OBJ,OBJ,WHNP-1-<INANIM>,WHNP,MQ,MQ_OBJ,
12395,0,I don't know if there are any in there.,,,,POLAR,,,,POLAR,,,EQ,EQ_POLAR,know
12404,0,who's what?,1.0,-NONE-ABAR-WH-,T,WH,NP,NP,SUBJ,SUBJ,WHNP-1-<ANIM>,WHNP,MQ,MQ_SUBJ,
12414,0,where is it?,1.0,-NONE-ABAR-WH-,T,WH,ADVP,ADVP,ADJUNCT,ADJUNCT,WHADVP-1,WHADVP,MQ,MQ_ADJUNCT,
12424,0,what is it?,1.0,-NONE-ABAR-WH-,T,WH,NP,NP,OBJ,OBJ,WHNP-1-<INANIM>,WHNP,MQ,MQ_OBJ,
12433,0,"what's all those, what are all those?",1.0,-NONE-ABAR-WH-,T,WH,NP,NP,OBJ,OBJ,WHNP-1-<INANIM>,WHNP,MQ,MQ_OBJ,
12433,1,"what's all those, what are all those?",2.0,-NONE-ABAR-WH-,T,WH,NP,NP,OBJ,OBJ,WHNP-2-<INANIM>,WHNP,MQ,MQ_OBJ,
12440,0,what are these?,1.0,-NONE-ABAR-WH-,T,WH,NP,NP,OBJ,OBJ,WHNP-1-<INANIM>,WHNP,MQ,MQ_OBJ,
12442,0,what are those?,1.0,-NONE-ABAR-WH-,T,WH,NP,NP,OBJ,OBJ,WHNP-1-<INANIM>,WHNP,MQ,MQ_OBJ,
12443,0,"no, I, what are those?",1.0,-NONE-ABAR-WH-,T,WH,NP,NP,OBJ,OBJ,WHNP-1-<INANIM>,WHNP,MQ,MQ_OBJ,
12444,0,"we went to buy some of these, what are they?",1.0,-NONE-ABAR-WH-,T,WH,NP,NP,OBJ,OBJ,WHNP-1-<INANIM>,WHNP,MQ,MQ_OBJ,
12451,0,what's this baby doing?,1.0,-NONE-ABAR-WH-,T,WH,NP,NP,OBJ,OBJ,WHNP-1-<INANIM>-<PATIENT-V1>,WHNP,MQ,MQ_OBJ,
12453,0,what are you going to turn out like?,1.0,-NONE-ABAR-WH-,T,WH,NP,NP,OBJ,OBJ,WHNP-1-<INANIM>,WHNP,MQ,MQ_OBJ,
12460,0,what's on your shirt?,1.0,-NONE-ABAR-WH-,T,WH,NP,NP,SUBJ,SUBJ,WHNP-1-<INANIM>,WHNP,MQ,MQ_SUBJ,
12461,0,who's on your shirt?,1.0,-NONE-ABAR-WH-,T,WH,NP,NP,SUBJ,SUBJ,WHNP-1-<ANIM>,WHNP,MQ,MQ_SUBJ,
12473,0,"poor Sister, now what do you do?",1.0,-NONE-ABAR-WH-,T,WH,NP,NP,OBJ,OBJ,WHNP-1-<INANIM>-<PATIENT-V1>,WHNP,MQ,MQ_OBJ,
12489,0,where's your bottle?,1.0,-NONE-ABAR-WH-,T,WH,ADVP,ADVP,ADJUNCT,ADJUNCT,WHADVP-1,WHADVP,MQ,MQ_ADJUNCT,
12497,0,where did they go?,1.0,-NONE-ABAR-WH-,T,WH,ADVP,ADVP,ADJUNCT,ADJUNCT,WHADVP-1,WHADVP,MQ,MQ_ADJUNCT,
12509,0,she found out what a porcupine was from them.,1.0,-NONE-ABAR-RC-,T,RC,NP,NP,OBJ,OBJ,WHNP-1-<INANIM>,WHNP,EQ,EQ_OBJ,found
12511,0,where's the other truck?,1.0,-NONE-ABAR-WH-,T,WH,NP,NP,OBJ,OBJ,WHADVP-1,WHADVP,MQ,MQ_OBJ,
12512,0,you know where the other truck is?,1.0,-NONE-ABAR-WH-,T,WH,ADVP,ADVP,ADJUNCT,ADJUNCT,WHADVP-1,WHADVP,EQ,EQ_ADJUNCT,know
12517,0,when you go back you can stop and get something *NULL* to eat.,3.0,-NONE-ABAR-RC-,T,RC,ADVP,ADVP,ADJUNCT,ADJUNCT,WHADVP-3,WHADVP,EQ,EQ_ADJUNCT,
12517,1,when you go back you can stop and get something *NULL* to eat.,1.0,-NONE-ABAR-RC-,T,RC,NP,NP,OBJ,OBJ,WHNP-1-<INANIM>-<PATIENT-V4>,WHNP,RC,RC_OBJ,
12527,0,where is the boogyman?,1.0,-NONE-ABAR-WH-,T,WH,ADVP,ADVP,ADJUNCT,ADJUNCT,WHADVP-1,WHADVP,MQ,MQ_ADJUNCT,
12529,0,where is he?,1.0,-NONE-ABAR-WH-,T,WH,ADVP,ADVP,ADJUNCT,ADJUNCT,WHADVP-1,WHADVP,MQ,MQ_ADJUNCT,
12531,0,how I say it.,1.0,-NONE-ABAR-WH-,T,WH,ADVP,ADVP,ADJUNCT,ADJUNCT,WHADVP-1,WHADVP,EQ,EQ_ADJUNCT,
12569,0,when you're normally so nice.,1.0,-NONE-ABAR-RC-,T,RC,ADVP,ADVP,ADJUNCT,ADJUNCT,WHADVP-1,WHADVP,EQ,EQ_ADJUNCT,
12577,0,"do you know where the plastic bag, where the animals go is?",1.0,-NONE-ABAR-RC-,T,RC,ADVP,ADVP,ADJUNCT,ADJUNCT,WHADVP-1,WHADVP,EQ,EQ_ADJUNCT,
12578,0,where's the plastic bag that belongs to the girls?,2.0,-NONE-ABAR-RC-,T,RC,NP,NP,SUBJ,SUBJ,WHNP-2-<INANIM>-<THEME-V1>,WHNP,RC,RC_SUBJ,
12578,1,where's the plastic bag that belongs to the girls?,1.0,-NONE-ABAR-WH-,T,WH,ADVP,ADVP,ADJUNCT,ADJUNCT,WHADVP-1,WHADVP,MQ,MQ_ADJUNCT,
12579,0,do you know where it is?,1.0,-NONE-ABAR-WH-,T,WH,ADVP,ADVP,ADJUNCT,ADJUNCT,WHADVP-1,WHADVP,EQ,EQ_ADJUNCT,know
12582,0,where is it?,1.0,-NONE-ABAR-WH-,T,WH,ADVP,ADVP,ADJUNCT,ADJUNCT,WHADVP-1,WHADVP,MQ,MQ_ADJUNCT,
12584,0,cause when they go they have to put take the animals in the bag.,1.0,-NONE-ABAR-RC-,T,RC,ADVP,ADVP,ADJUNCT,ADJUNCT,WHADVP-1,WHADVP,EQ,EQ_ADJUNCT,
12585,0,"well, where are they?",1.0,-NONE-ABAR-WH-,T,WH,ADVP,ADVP,ADJUNCT,ADJUNCT,WHADVP-1,WHADVP,MQ,MQ_ADJUNCT,
12589,0,what's that?,1.0,-NONE-ABAR-WH-,T,WH,NP,NP,OBJ,OBJ,WHNP-1-<INANIM>,WHNP,MQ,MQ_OBJ,
12590,0,"what's that, Child?",1.0,-NONE-ABAR-WH-,T,WH,NP,NP,OBJ,OBJ,WHNP-1-<INANIM>,WHNP,MQ,MQ_OBJ,
12591,0,what's that *NULL* you're putting in?,2.0,-NONE-ABAR-RC-,T,RC,NP,NP,OBJ,OBJ,WHNP-2-<INANIM>-<PATIENT-V1>,WHNP,RC,RC_OBJ,
12591,1,what's that *NULL* you're putting in?,1.0,-NONE-ABAR-WH-,T,WH,NP,NP,OBJ,OBJ,WHNP-1-<INANIM>,WHNP,MQ,MQ_OBJ,
12600,0,"what's Sister doing, is Sister getting in trouble?",1.0,-NONE-ABAR-WH-,T,WH,NP,NP,OBJ,OBJ,WHNP-1-<INANIM>-<PATIENT-V1>,WHNP,MQ,MQ_OBJ,
12602,0,isn't it funny though how they're so fascinated with electronic,1.0,-NONE-ABAR-RC-,T,RC,ADVP,ADVP,ADJUNCT,ADJUNCT,WHADVP-1,WHADVP,EQ,EQ_ADJUNCT,
12603,0,if I cann't keep my radio on over there.,,,,POLAR,,,,POLAR,,,EQ,EQ_POLAR,
12608,0,what else goes in the bag?,1.0,-NONE-ABAR-WH-,T,WH,NP,NP,SUBJ,SUBJ,WHNP-1-<INANIM>-<THEME-V1>,WHNP,MQ,MQ_SUBJ,
12609,0,"it's table over here, what is it?",1.0,-NONE-ABAR-WH-,T,WH,NP,NP,OBJ,OBJ,WHNP-1-<INANIM>,WHNP,MQ,MQ_OBJ,
12610,0,what'd you forget?,1.0,-NONE-ABAR-WH-,T,WH,NP,NP,OBJ,OBJ,WHNP-1-<INANIM>-<SUBJMATT-V1>,WHNP,MQ,MQ_OBJ,
12622,0,why don't you look in that bag and make sure everything's in there?,1.0,-NONE-ABAR-WH-,T,WH,ADVP,ADVP,ADJUNCT,ADJUNCT,WHADVP-1,WHADVP,MQ,MQ_ADJUNCT,
12649,0,what is that?,1.0,-NONE-ABAR-WH-,T,WH,NP,NP,OBJ,OBJ,WHNP-1-<INANIM>,WHNP,MQ,MQ_OBJ,
12650,0,what does it what?,1.0,-NONE-ABAR-WH-,T,WH,NP,NP,OBJ,OBJ,WHNP-1-<INANIM>,WHNP,MQ,MQ_OBJ,
12660,0,I bet you you don't know what that is.,1.0,-NONE-ABAR-RC-,T,RC,NP,NP,OBJ,OBJ,WHNP-1-<INANIM>,WHNP,EQ,EQ_OBJ,know
12667,0,who has shoes on?,1.0,-NONE-ABAR-WH-,T,WH,NP,NP,SUBJ,SUBJ,WHNP-1-<ANIM>-<AGENT-V1>,WHNP,MQ,MQ_SUBJ,
12672,0,"what's that, Child?",1.0,-NONE-ABAR-WH-,T,WH,NP,NP,OBJ,OBJ,WHNP-1-<INANIM>,WHNP,MQ,MQ_OBJ,
12673,0,do you know what this guy is?,1.0,-NONE-ABAR-WH-,T,WH,NP,NP,OBJ,OBJ,WHNP-1-<INANIM>,WHNP,EQ,EQ_OBJ,know
12675,0,what's that elephant's name?,1.0,-NONE-ABAR-WH-,T,WH,NP,NP,OBJ,OBJ,WHNP-1-<INANIM>,WHNP,MQ,MQ_OBJ,
12684,0,probably doesn't help to have her eating cookies when you're here.,1.0,-NONE-ABAR-RC-,T,RC,ADVP,ADVP,ADJUNCT,ADJUNCT,WHADVP-1,WHADVP,EQ,EQ_ADJUNCT,eating
12687,0,what do you think it is?,1.0,-NONE-ABAR-WH-,T,WH,NP,NP,OBJ,OBJ,WHNP-1-<INANIM>,WHNP,EQ,EQ_OBJ,think
12693,0,what's that?,1.0,-NONE-ABAR-WH-,T,WH,NP,NP,OBJ,OBJ,WHNP-1-<INANIM>,WHNP,MQ,MQ_OBJ,
12705,0,what do you think that is?,1.0,-NONE-ABAR-WH-,T,WH,NP,NP,OBJ,OBJ,WHNP-1-<INANIM>,WHNP,EQ,EQ_OBJ,think
12706,0,what is that?,1.0,-NONE-ABAR-WH-,T,WH,NP,NP,OBJ,OBJ,WHNP-1-<INANIM>,WHNP,MQ,MQ_OBJ,
12707,0,you know what that is.,1.0,-NONE-ABAR-WH-,T,WH,NP,NP,OBJ,OBJ,WHNP-1-<INANIM>,WHNP,EQ,EQ_OBJ,know
12713,0,what's that?,1.0,-NONE-ABAR-WH-,T,WH,NP,NP,OBJ,OBJ,WHNP-1-<INANIM>,WHNP,MQ,MQ_OBJ,
12715,0,what's that?,1.0,-NONE-ABAR-WH-,T,WH,NP,NP,OBJ,OBJ,WHNP-1-<INANIM>,WHNP,MQ,MQ_OBJ,
12717,0,what's that?,1.0,-NONE-ABAR-WH-,T,WH,NP,NP,OBJ,OBJ,WHNP-1-<INANIM>,WHNP,MQ,MQ_OBJ,
12722,0,what's that?,1.0,-NONE-ABAR-WH-,T,WH,NP,NP,OBJ,OBJ,WHNP-1-<INANIM>,WHNP,MQ,MQ_OBJ,
12724,0,what did she say?,1.0,-NONE-ABAR-WH-,T,WH,NP,NP,OBJ,OBJ,WHNP-1-<INANIM>-<THEME-V1>,WHNP,MQ,MQ_OBJ,
12736,0,what's that?,1.0,-NONE-ABAR-WH-,T,WH,NP,NP,OBJ,OBJ,WHNP-1-<INANIM>,WHNP,MQ,MQ_OBJ,
12737,0,what's that?,1.0,-NONE-ABAR-WH-,T,WH,NP,NP,OBJ,OBJ,WHNP-1-<INANIM>,WHNP,MQ,MQ_OBJ,
12739,0,which one's purple?,1.0,-NONE-ABAR-WH-,T,WH,NP,NP,OBJ,OBJ,WHNP-1-<INANIM>,WHNP,MQ,MQ_OBJ,
12747,0,whose favorite is wl?,1.0,-NONE-ABAR-WH-,T,WH,NP,NP,OBJ,OBJ,WHNP-1-<INANIM>,WHNP,MQ,MQ_OBJ,
12748,0,whose favorite is that?,1.0,-NONE-ABAR-WH-,T,WH,NP,NP,OBJ,OBJ,WHNP-1-<INANIM>,WHNP,MQ,MQ_OBJ,
12761,0,"what's your favorite number, Bert?",1.0,-NONE-ABAR-WH-,T,WH,NP,NP,OBJ,OBJ,WHNP-1-<INANIM>,WHNP,MQ,MQ_OBJ,
12771,0,what's what?,1.0,-NONE-ABAR-WH-,T,WH,NP,NP,OBJ,OBJ,WHNP-1-<INANIM>,WHNP,MQ,MQ_OBJ,
12772,0,what kind of truck is that?,1.0,-NONE-ABAR-WH-,T,WH,NP,NP,OBJ,OBJ,WHNP-1-<INANIM>,WHNP,MQ,MQ_OBJ,
12780,0,how many mixers are there?,1.0,-NONE-ABAR-WH-,T,WH,NP,NP,OBJ,OBJ,WHNP-1-<INANIM>,WHNP,MQ,MQ_OBJ,
12788,0,do I know what that is?,1.0,-NONE-ABAR-WH-,T,WH,NP,NP,OBJ,OBJ,WHNP-1-<INANIM>,WHNP,EQ,EQ_OBJ,know
12790,0,what is it?,1.0,-NONE-ABAR-WH-,T,WH,NP,NP,OBJ,OBJ,WHNP-1-<INANIM>,WHNP,MQ,MQ_OBJ,
12792,0,what is it?,1.0,-NONE-ABAR-WH-,T,WH,NP,NP,OBJ,OBJ,WHNP-1-<INANIM>,WHNP,MQ,MQ_OBJ,
12797,0,those are special kinds of hairs that are sharp and pointy and,1.0,-NONE-ABAR-RC-,T,RC,NP,NP,SUBJ,SUBJ,WHNP-1-<INANIM>,WHNP,RC,RC_SUBJ,
12800,0,what is it?,1.0,-NONE-ABAR-WH-,T,WH,NP,NP,OBJ,OBJ,WHNP-1-<INANIM>,WHNP,MQ,MQ_OBJ,
12805,0,what kind of truck climbs?,1.0,-NONE-ABAR-WH-,T,WH,NP,NP,SUBJ,SUBJ,WHNP-1-<INANIM>-<THEME-V1>,WHNP,MQ,MQ_SUBJ,
12809,0,what kind of truck came and got Mr Rabbit?,1.0,-NONE-ABAR-WH-,T,WH,NP,NP,SUBJ,SUBJ,WHNP-1-<INANIM>-<THEME-V1>-<AGENT-V2>,WHNP,MQ,MQ_SUBJ,
12814,0,where is it?,1.0,-NONE-ABAR-WH-,T,WH,ADVP,ADVP,ADJUNCT,ADJUNCT,WHADVP-1,WHADVP,MQ,MQ_ADJUNCT,
12830,0,it's just another thing *NULL* to talk about.,1.0,-NONE-ABAR-RC-,T,RC,NP,NP,OBJ,OBJ,WHNP-1-<INANIM>-<THEME-V1>,WHNP,RC,RC_OBJ,
12845,0,what else happened?,1.0,-NONE-ABAR-WH-,T,WH,NP,NP,SUBJ,SUBJ,WHNP-1-<INANIM>-<THEME-V1>,WHNP,MQ,MQ_SUBJ,
12846,0,what was in there?,1.0,-NONE-ABAR-WH-,T,WH,NP,NP,SUBJ,SUBJ,WHNP-1-<INANIM>,WHNP,MQ,MQ_SUBJ,
12852,0,why was he standing there?,1.0,-NONE-ABAR-WH-,T,WH,ADVP,ADVP,ADJUNCT,ADJUNCT,WHADVP-1,WHADVP,MQ,MQ_ADJUNCT,
12855,0,what was he stuck in?,1.0,-NONE-ABAR-WH-,T,WH,NP,NP,OBJ,OBJ,WHNP-1-<INANIM>-<GOAL-V1>,WHNP,MQ,MQ_OBJ,
12862,0,what was he afraid of?,1.0,-NONE-ABAR-WH-,T,WH,NP,NP,OBJ,OBJ,WHNP-1-<INANIM>,WHNP,MQ,MQ_OBJ,
12869,0,"where does the zebra live, Child?",1.0,-NONE-ABAR-WH-,T,WH,ADVP,ADVP,ADJUNCT,ADJUNCT,WHADVP-1,WHADVP,MQ,MQ_ADJUNCT,
12872,0,what lives on the zebra?,1.0,-NONE-ABAR-WH-,T,WH,NP,NP,SUBJ,SUBJ,WHNP-1-<INANIM>-<THEME-V1>,WHNP,MQ,MQ_SUBJ,
12874,0,what gets on the elephant?,1.0,-NONE-ABAR-WH-,T,WH,NP,NP,SUBJ,SUBJ,WHNP-1-<INANIM>-<THEME-V1>,WHNP,MQ,MQ_SUBJ,
12876,0,what rides on the elephant?,1.0,-NONE-ABAR-WH-,T,WH,NP,NP,SUBJ,SUBJ,WHNP-1-<INANIM>-<THEME-V1>,WHNP,MQ,MQ_SUBJ,
12877,0,"what did you do with your friends today, Child?",1.0,-NONE-ABAR-WH-,T,WH,NP,NP,OBJ,OBJ,WHNP-1-<INANIM>-<THEME-V1>,WHNP,MQ,MQ_OBJ,
12883,0,where's the zebra going?,1.0,-NONE-ABAR-WH-,T,WH,ADVP,ADVP,ADJUNCT,ADJUNCT,WHADVP-1,WHADVP,MQ,MQ_ADJUNCT,
12884,0,where's he going?,1.0,-NONE-ABAR-WH-,T,WH,ADVP,ADVP,ADJUNCT,ADJUNCT,WHADVP-1,WHADVP,MQ,MQ_ADJUNCT,
12885,0,"oh, where's he going?",1.0,-NONE-ABAR-WH-,T,WH,ADVP,ADVP,ADJUNCT,ADJUNCT,WHADVP-1,WHADVP,MQ,MQ_ADJUNCT,
12889,0,what did Flip do?,1.0,-NONE-ABAR-WH-,T,WH,NP,NP,OBJ,OBJ,WHNP-1-<INANIM>-<PATIENT-V1>,WHNP,MQ,MQ_OBJ,
12892,0,"why did Flip, why did Flip jump over the brook?",1.0,-NONE-ABAR-WH-,T,WH,ADVP,ADVP,ADJUNCT,ADJUNCT,WHADVP-1,WHADVP,MQ,MQ_ADJUNCT,
12894,0,"why did Flip, why did Flip jump over?",1.0,-NONE-ABAR-WH-,T,WH,ADVP,ADVP,ADJUNCT,ADJUNCT,WHADVP-1,WHADVP,MQ,MQ_ADJUNCT,
12895,0,why did Flip want to jump over the brook?,1.0,-NONE-ABAR-WH-,T,WH,ADVP,ADVP,ADJUNCT,ADJUNCT,WHADVP-1,WHADVP,MQ,MQ_ADJUNCT,
12899,0,so what did Flip do?,1.0,-NONE-ABAR-WH-,T,WH,NP,NP,OBJ,OBJ,WHNP-1-<INANIM>-<PATIENT-V1>,WHNP,MQ,MQ_OBJ,
12901,0,how did he get over the brook?,1.0,-NONE-ABAR-WH-,T,WH,ADVP,ADVP,ADJUNCT,ADJUNCT,WHADVP-1,WHADVP,MQ,MQ_ADJUNCT,
12903,0,but what did he have to do first?,1.0,-NONE-ABAR-WH-,T,WH,NP,NP,OBJ,OBJ,WHNP-1-<INANIM>-<PATIENT-V1>,WHNP,EQ,EQ_OBJ,
12904,0,what did he dream about when he was sleeping?,1.0,-NONE-ABAR-WH-,T,WH,NP,NP,OBJ,OBJ,WHNP-1-<INANIM>-<SUBJMATT-V1>,WHNP,MQ,MQ_OBJ,
12904,1,what did he dream about when he was sleeping?,2.0,-NONE-ABAR-RC-,T,RC,ADVP,ADVP,ADJUNCT,ADJUNCT,WHADVP-2,WHADVP,EQ,EQ_ADJUNCT,dream
12905,0,what did Flip have?,1.0,-NONE-ABAR-WH-,T,WH,NP,NP,OBJ,OBJ,WHNP-1-<INANIM>-<THEME-V1>,WHNP,MQ,MQ_OBJ,
12908,0,what were they?,1.0,-NONE-ABAR-WH-,T,WH,NP,NP,OBJ,OBJ,WHNP-1-<INANIM>,WHNP,MQ,MQ_OBJ,
12913,0,who else can fly?,1.0,-NONE-ABAR-WH-,T,WH,NP,NP,SUBJ,SUBJ,WHNP-1-<INANIM>-<THEME-V1>,WHNP,MQ,MQ_SUBJ,
12919,0,what kind of horse can fly?,1.0,-NONE-ABAR-WH-,T,WH,NP,NP,SUBJ,SUBJ,WHNP-1-<INANIM>-<THEME-V1>,WHNP,MQ,MQ_SUBJ,
12920,0,only when he dreams.,1.0,-NONE-ABAR-WH-,T,WH,ADVP,ADVP,ADJUNCT,ADJUNCT,WHADVP-1,WHADVP,EQ,EQ_ADJUNCT,
12923,0,"usually she'll, when you start talking about flying, she goes",1.0,-NONE-ABAR-RC-,T,RC,ADVP,ADVP,ADJUNCT,ADJUNCT,WHADVP-1,WHADVP,EQ,EQ_ADJUNCT,
12926,0,"oh, Child, what's that?",1.0,-NONE-ABAR-WH-,T,WH,NP,NP,OBJ,OBJ,WHNP-1-<INANIM>,WHNP,MQ,MQ_OBJ,
12927,0,where is it?,1.0,-NONE-ABAR-WH-,T,WH,ADVP,ADVP,ADJUNCT,ADJUNCT,WHADVP-1,WHADVP,MQ,MQ_ADJUNCT,
12933,0,why don't you go get some toys to bring em and show your new friend,1.0,-NONE-ABAR-WH-,T,WH,ADVP,ADVP,ADJUNCT,ADJUNCT,WHADVP-1,WHADVP,MQ,MQ_ADJUNCT,
12953,0,what's in here?,1.0,-NONE-ABAR-WH-,T,WH,NP,NP,SUBJ,SUBJ,WHNP-1-<INANIM>,WHNP,MQ,MQ_SUBJ,
12954,0,what is that?,1.0,-NONE-ABAR-WH-,T,WH,NP,NP,OBJ,OBJ,WHNP-1-<INANIM>,WHNP,MQ,MQ_OBJ,
12963,0,"what's his friend name, friend's name, Child?",1.0,-NONE-ABAR-WH-,T,WH,NP,NP,OBJ,OBJ,WHNP-1-<INANIM>,WHNP,MQ,MQ_OBJ,
12966,0,what's Flip's mommy doing?,1.0,-NONE-ABAR-WH-,T,WH,NP,NP,OBJ,OBJ,WHNP-1-<INANIM>-<PATIENT-V1>,WHNP,MQ,MQ_OBJ,
12975,0,do you know what part of the barn that is?,1.0,-NONE-ABAR-WH-,T,WH,NP,NP,OBJ,OBJ,WHNP-1-<INANIM>,WHNP,EQ,EQ_OBJ,know
12976,0,what do they put in there?,1.0,-NONE-ABAR-WH-,T,WH,NP,NP,OBJ,OBJ,WHNP-1-<INANIM>-<PATIENT-V1>,WHNP,MQ,MQ_OBJ,
12992,0,what does the dinosaur say?,1.0,-NONE-ABAR-WH-,T,WH,NP,NP,OBJ,OBJ,WHNP-1-<INANIM>-<THEME-V1>,WHNP,MQ,MQ_OBJ,
12995,0,that's one of her favorite things *NULL* is her dinosaurs.,1.0,-NONE-ABAR-RC-,T,RC,NP,NP,SUBJ,SUBJ,WHNP-1-<INANIM>,WHNP,RC,RC_SUBJ,
12998,0,"ok, tell me what they are.",1.0,-NONE-ABAR-RC-,T,RC,NP,NP,OBJ,OBJ,WHNP-1-<INANIM>,WHNP,EQ,EQ_OBJ,tell
13001,0,what's this one?,1.0,-NONE-ABAR-WH-,T,WH,NP,NP,OBJ,OBJ,WHNP-1-<INANIM>,WHNP,MQ,MQ_OBJ,
13006,0,"yeah, what kind is he?",1.0,-NONE-ABAR-WH-,T,WH,NP,NP,OBJ,OBJ,WHNP-1-<INANIM>,WHNP,MQ,MQ_OBJ,
13012,0,"oh, remember what I have that's like yours?",1.0,-NONE-ABAR-RC-,T,RC,NP,NP,ADJUNCT,ADJUNCT,WHNP-1-<INANIM>,WHNP,EQ,EQ_ADJUNCT,remember
13012,1,"oh, remember what I have that's like yours?",2.0,-NONE-ABAR-RC-,T,RC,NP,NP,SUBJ,SUBJ,WHNP-2-<INANIM>,WHNP,RC,RC_SUBJ,
13017,0,where is it?,1.0,-NONE-ABAR-WH-,T,WH,ADVP,ADVP,ADJUNCT,ADJUNCT,WHADVP-1,WHADVP,MQ,MQ_ADJUNCT,
13025,0,what's that?,1.0,-NONE-ABAR-WH-,T,WH,NP,NP,OBJ,OBJ,WHNP-1-<INANIM>,WHNP,MQ,MQ_OBJ,
13036,0,who's that?,1.0,-NONE-ABAR-WH-,T,WH,NP,NP,OBJ,OBJ,WHNP-1-<INANIM>,WHNP,MQ,MQ_OBJ,
13045,0,you showed me your dinosaurs when I came last time.,1.0,-NONE-ABAR-RC-,T,RC,ADVP,ADVP,ADJUNCT,ADJUNCT,WHADVP-1,WHADVP,EQ,EQ_ADJUNCT,showed
13046,0,that's all *NULL* I have.,1.0,-NONE-ABAR-RC-,T,RC,NP,NP,OBJ,OBJ,WHNP-1-<INANIM>-<THEME-V1>,WHNP,RC,RC_OBJ,
13051,0,"what's this, Child?",1.0,-NONE-ABAR-WH-,T,WH,NP,NP,OBJ,OBJ,WHNP-1-<INANIM>,WHNP,MQ,MQ_OBJ,
13053,0,what is that?,1.0,-NONE-ABAR-WH-,T,WH,NP,NP,OBJ,OBJ,WHNP-1-<INANIM>,WHNP,MQ,MQ_OBJ,
13056,0,I don't know what she's saying.,1.0,-NONE-ABAR-WH-,T,WH,NP,NP,OBJ,OBJ,WHNP-1-<INANIM>-<THEME-V2>,WHNP,EQ,EQ_OBJ,know
13058,0,what is that?,1.0,-NONE-ABAR-WH-,T,WH,NP,NP,OBJ,OBJ,WHNP-1-<INANIM>,WHNP,MQ,MQ_OBJ,
13060,0,what did you think it was?,1.0,-NONE-ABAR-WH-,T,WH,NP,NP,OBJ,OBJ,WHNP-1-<INANIM>,WHNP,EQ,EQ_OBJ,think
13065,0,"she's consistent, whatever it was.",1.0,-NONE-ABAR-RC-,T,RC,NP,NP,OBJ,OBJ,WHNP-1-<INANIM>,WHNP,EQ,EQ_OBJ,
13066,0,what's this one?,1.0,-NONE-ABAR-WH-,T,WH,NP,NP,OBJ,OBJ,WHNP-1-<INANIM>,WHNP,MQ,MQ_OBJ,
13080,0,what's this?,1.0,-NONE-ABAR-WH-,T,WH,NP,NP,OBJ,OBJ,WHNP-1-<INANIM>,WHNP,MQ,MQ_OBJ,
13086,0,what did you have for lunch?,1.0,-NONE-ABAR-WH-,T,WH,NP,NP,OBJ,OBJ,WHNP-1-<INANIM>-<PATIENT-V1>,WHNP,MQ,MQ_OBJ,
13090,0,"look, Child, what's this?",1.0,-NONE-ABAR-WH-,T,WH,NP,NP,OBJ,OBJ,WHNP-1-<INANIM>,WHNP,MQ,MQ_OBJ,
13091,0,what is it?,1.0,-NONE-ABAR-WH-,T,WH,NP,NP,OBJ,OBJ,WHNP-1-<INANIM>,WHNP,MQ,MQ_OBJ,
13095,0,what do you think that is?,1.0,-NONE-ABAR-WH-,T,WH,NP,NP,OBJ,OBJ,WHNP-1-<INANIM>,WHNP,EQ,EQ_OBJ,think
13097,0,what does it say?,1.0,-NONE-ABAR-WH-,T,WH,NP,NP,OBJ,OBJ,WHNP-1-<INANIM>-<THEME-V1>,WHNP,MQ,MQ_OBJ,
13102,0,what's that?,1.0,-NONE-ABAR-WH-,T,WH,NP,NP,OBJ,OBJ,WHNP-1-<INANIM>,WHNP,MQ,MQ_OBJ,
13105,0,what's that?,1.0,-NONE-ABAR-WH-,T,WH,NP,NP,OBJ,OBJ,WHNP-1-<INANIM>,WHNP,MQ,MQ_OBJ,
13109,0,you know what green light means.,1.0,-NONE-ABAR-WH-,T,WH,NP,NP,OBJ,OBJ,WHNP-1-<INANIM>-<SUBJMATT-V2>,WHNP,EQ,EQ_OBJ,know
13110,0,what does green light mean?,1.0,-NONE-ABAR-WH-,T,WH,NP,NP,OBJ,OBJ,WHNP-1-<INANIM>-<SUBJMATT-V1>,WHNP,MQ,MQ_OBJ,
13118,0,"where did we go today, Child?",1.0,-NONE-ABAR-WH-,T,WH,ADVP,ADVP,ADJUNCT,ADJUNCT,WHADVP-1,WHADVP,MQ,MQ_ADJUNCT,
13119,0,where'd you go?,1.0,-NONE-ABAR-WH-,T,WH,ADVP,ADVP,ADJUNCT,ADJUNCT,WHADVP-1,WHADVP,MQ,MQ_ADJUNCT,
13123,0,where did we go?,1.0,-NONE-ABAR-WH-,T,WH,ADVP,ADVP,ADJUNCT,ADJUNCT,WHADVP-1,WHADVP,MQ,MQ_ADJUNCT,
13134,0,"that, that red light comes on when we talk.",1.0,-NONE-ABAR-RC-,T,RC,ADVP,ADVP,ADJUNCT,ADJUNCT,WHADVP-1,WHADVP,EQ,EQ_ADJUNCT,comes
13135,0,"look, when we go we can make the light come on.",1.0,-NONE-ABAR-RC-,T,RC,ADVP,ADVP,ADJUNCT,ADJUNCT,WHADVP-1,WHADVP,EQ,EQ_ADJUNCT,
13149,0,what are those?,1.0,-NONE-ABAR-WH-,T,WH,NP,NP,OBJ,OBJ,WHNP-1-<INANIM>,WHNP,MQ,MQ_OBJ,
13153,0,what's this?,1.0,-NONE-ABAR-WH-,T,WH,NP,NP,OBJ,OBJ,WHNP-1-<INANIM>,WHNP,MQ,MQ_OBJ,
13155,0,what's that?,1.0,-NONE-ABAR-WH-,T,WH,NP,NP,OBJ,OBJ,WHNP-1-<INANIM>,WHNP,MQ,MQ_OBJ,
13156,0,what is it?,1.0,-NONE-ABAR-WH-,T,WH,NP,NP,OBJ,OBJ,WHNP-1-<INANIM>,WHNP,MQ,MQ_OBJ,
13178,0,where is he?,1.0,-NONE-ABAR-WH-,T,WH,ADVP,ADVP,ADJUNCT,ADJUNCT,WHADVP-1,WHADVP,MQ,MQ_ADJUNCT,
13185,0,where is it?,1.0,-NONE-ABAR-WH-,T,WH,ADVP,ADVP,ADJUNCT,ADJUNCT,WHADVP-1,WHADVP,MQ,MQ_ADJUNCT,
13197,0,what do you have on your sweater?,1.0,-NONE-ABAR-WH-,T,WH,NP,NP,OBJ,OBJ,WHNP-1-<INANIM>-<THEME-V1>,WHNP,MQ,MQ_OBJ,
13204,0,what did that bear used to say?,1.0,-NONE-ABAR-WH-,T,WH,NP,NP,OBJ,OBJ,WHNP-1-<INANIM>-<THEME-V1>,WHNP,MQ,MQ_OBJ,
13208,0,that's what makes him squeak.,1.0,-NONE-ABAR-RC-,T,RC,NP,NP,SUBJ,SUBJ,WHNP-1-<INANIM>-<CAUSER-V1>,WHNP,EQ,EQ_SUBJ,makes
13215,0,what do you think?,1.0,-NONE-ABAR-WH-,T,WH,NP,NP,OBJ,OBJ,WHNP-1-<INANIM>-<SUBJMATT-V1>,WHNP,MQ,MQ_OBJ,
13225,0,what is it?,1.0,-NONE-ABAR-WH-,T,WH,NP,NP,OBJ,OBJ,WHNP-1-<INANIM>,WHNP,MQ,MQ_OBJ,
13234,0,do you remember what he has on?,1.0,-NONE-ABAR-RC-,T,RC,NP,NP,OBJ,OBJ,WHNP-1-<INANIM>-<PATIENT-V2>,WHNP,EQ,EQ_OBJ,remember
13235,0,do you remember what these are?,1.0,-NONE-ABAR-RC-,T,RC,NP,NP,OBJ,OBJ,WHNP-1-<INANIM>,WHNP,EQ,EQ_OBJ,remember
13243,0,what did you go on today?,1.0,-NONE-ABAR-WH-,T,WH,NP,NP,OBJ,OBJ,WHNP-1-<INANIM>-<GOAL-V1>,WHNP,MQ,MQ_OBJ,
13246,0,what else did you do?,1.0,-NONE-ABAR-WH-,T,WH,NP,NP,OBJ,OBJ,WHNP-1-<INANIM>-<PATIENT-V1>,WHNP,MQ,MQ_OBJ,
13253,0,what kind of car do we have?,1.0,-NONE-ABAR-WH-,T,WH,NP,NP,OBJ,OBJ,WHNP-1-<INANIM>-<THEME-V1>,WHNP,MQ,MQ_OBJ,
13254,0,what kind of car is it?,1.0,-NONE-ABAR-WH-,T,WH,NP,NP,OBJ,OBJ,WHNP-1-<INANIM>,WHNP,MQ,MQ_OBJ,
13262,0,what color is it inside?,1.0,-NONE-ABAR-WH-,T,WH,NP,NP,OBJ,OBJ,WHNP-1-<INANIM>,WHNP,MQ,MQ_OBJ,
13267,0,"what's your favorite letter, Bert?",1.0,-NONE-ABAR-WH-,T,WH,NP,NP,OBJ,OBJ,WHNP-1-<INANIM>,WHNP,MQ,MQ_OBJ,
13284,0,who are you?,1.0,-NONE-ABAR-WH-,T,WH,NP,NP,OBJ,OBJ,WHNP-1-<ANIM>,WHNP,MQ,MQ_OBJ,
13285,0,"what's your favorite letter, Bert?",1.0,-NONE-ABAR-WH-,T,WH,NP,NP,OBJ,OBJ,WHNP-1-<INANIM>,WHNP,MQ,MQ_OBJ,
13286,0,"what's your favorite letter, Bert?",1.0,-NONE-ABAR-WH-,T,WH,NP,NP,OBJ,OBJ,WHNP-1-<INANIM>,WHNP,MQ,MQ_OBJ,
13289,0,what's your favorite letter?,1.0,-NONE-ABAR-WH-,T,WH,NP,NP,OBJ,OBJ,WHNP-1-<INANIM>,WHNP,MQ,MQ_OBJ,
13295,0,why don't you come back?,1.0,-NONE-ABAR-WH-,T,WH,ADVP,ADVP,ADJUNCT,ADJUNCT,WHADVP-1,WHADVP,MQ,MQ_ADJUNCT,
13305,0,where's Ernie?,1.0,-NONE-ABAR-WH-,T,WH,ADVP,ADVP,ADJUNCT,ADJUNCT,WHADVP-1,WHADVP,MQ,MQ_ADJUNCT,
13307,0,why is Ernie hiding?,1.0,-NONE-ABAR-WH-,T,WH,ADVP,ADVP,ADJUNCT,ADJUNCT,WHADVP-1,WHADVP,MQ,MQ_ADJUNCT,
13321,0,who's over here?,1.0,-NONE-ABAR-WH-,T,WH,NP,NP,SUBJ,SUBJ,WHNP-1-<INANIM>,WHNP,MQ,MQ_SUBJ,
13324,0,where was Big Bird?,1.0,-NONE-ABAR-WH-,T,WH,ADVP,ADVP,ADJUNCT,ADJUNCT,WHADVP-1,WHADVP,MQ,MQ_ADJUNCT,
13328,0,where was Big Bird hiding?,1.0,-NONE-ABAR-WH-,T,WH,ADVP,ADVP,ADJUNCT,ADJUNCT,WHADVP-1,WHADVP,MQ,MQ_ADJUNCT,
13335,0,why were they hiding?,1.0,-NONE-ABAR-WH-,T,WH,ADVP,ADVP,ADJUNCT,ADJUNCT,WHADVP-1,WHADVP,MQ,MQ_ADJUNCT,
13341,0,what would the monster say to em?,1.0,-NONE-ABAR-WH-,T,WH,NP,NP,OBJ,OBJ,WHNP-1-<INANIM>-<THEME-V1>,WHNP,MQ,MQ_OBJ,
13343,0,what's Bert doing?,1.0,-NONE-ABAR-WH-,T,WH,NP,NP,OBJ,OBJ,WHNP-1-<INANIM>-<PATIENT-V1>,WHNP,MQ,MQ_OBJ,
13346,0,they were on tv when I was a kid.,1.0,-NONE-ABAR-RC-,T,RC,ADVP,ADVP,ADJUNCT,ADJUNCT,WHADVP-1,WHADVP,EQ,EQ_ADJUNCT,
13353,0,and she has a big one that she sleeps with.,1.0,-NONE-ABAR-RC-,T,RC,NP,NP,OBJ,OBJ,WHNP-1-<INANIM>,WHNP,RC,RC_OBJ,
13359,0,why do you like Gumby so much?,1.0,-NONE-ABAR-WH-,T,WH,ADVP,ADVP,ADJUNCT,ADJUNCT,WHADVP-1,WHADVP,MQ,MQ_ADJUNCT,
13360,0,which one is your favorite?,1.0,-NONE-ABAR-WH-,T,WH,NP,NP,OBJ,OBJ,WHNP-1-<INANIM>,WHNP,MQ,MQ_OBJ,
13361,0,who's that?,1.0,-NONE-ABAR-WH-,T,WH,NP,NP,OBJ,OBJ,WHNP-1-<INANIM>,WHNP,MQ,MQ_OBJ,
13366,0,what is that?,1.0,-NONE-ABAR-WH-,T,WH,NP,NP,OBJ,OBJ,WHNP-1-<INANIM>,WHNP,MQ,MQ_OBJ,
13367,0,what's in his hand?,1.0,-NONE-ABAR-WH-,T,WH,NP,NP,SUBJ,SUBJ,WHNP-1-<INANIM>,WHNP,MQ,MQ_SUBJ,
13384,0,what's that blue thing?,1.0,-NONE-ABAR-WH-,T,WH,NP,NP,OBJ,OBJ,WHNP-1-<INANIM>,WHNP,MQ,MQ_OBJ,
13385,0,what's this thing?,1.0,-NONE-ABAR-WH-,T,WH,NP,NP,OBJ,OBJ,WHNP-1-<INANIM>,WHNP,MQ,MQ_OBJ,
13387,0,so if Gumby wants to go on a trip he can use that suitcase.,,,,POLAR,,,,POLAR,,,EQ,EQ_POLAR,
13388,0,what's Gumby doing?,1.0,-NONE-ABAR-WH-,T,WH,NP,NP,OBJ,OBJ,WHNP-1-<INANIM>-<PATIENT-V1>,WHNP,MQ,MQ_OBJ,
13393,0,"oh, who's that?",1.0,-NONE-ABAR-WH-,T,WH,NP,NP,OBJ,OBJ,WHNP-1-<INANIM>,WHNP,MQ,MQ_OBJ,
13394,0,who's that?,1.0,-NONE-ABAR-WH-,T,WH,NP,NP,OBJ,OBJ,WHNP-1-<INANIM>,WHNP,MQ,MQ_OBJ,
13399,0,who's little?,1.0,-NONE-ABAR-WH-,T,WH,NP,NP,SUBJ,SUBJ,WHNP-1-<INANIM>,WHNP,MQ,MQ_SUBJ,
13400,0,who's biggest?,1.0,-NONE-ABAR-WH-,T,WH,NP,NP,SUBJ,SUBJ,WHNP-1-<INANIM>,WHNP,MQ,MQ_SUBJ,
13417,0,where did you get your blue eyes?,1.0,-NONE-ABAR-WH-,T,WH,ADVP,ADVP,ADJUNCT,ADJUNCT,WHADVP-1,WHADVP,MQ,MQ_ADJUNCT,
13426,0,what color are mommy's eyes?,1.0,-NONE-ABAR-WH-,T,WH,NP,NP,OBJ,OBJ,WHNP-1-<INANIM>,WHNP,MQ,MQ_OBJ,
13428,0,who's this?,1.0,-NONE-ABAR-WH-,T,WH,NP,NP,OBJ,OBJ,WHNP-1-<INANIM>,WHNP,MQ,MQ_OBJ,
13430,0,what's the color?,1.0,-NONE-ABAR-WH-,T,WH,NP,NP,OBJ,OBJ,WHNP-1-<INANIM>,WHNP,MQ,MQ_OBJ,
13431,0,what color is this?,1.0,-NONE-ABAR-WH-,T,WH,NP,NP,OBJ,OBJ,WHNP-1-<INANIM>,WHNP,MQ,MQ_OBJ,
13441,0,where is it?,1.0,-NONE-ABAR-WH-,T,WH,ADVP,ADVP,ADJUNCT,ADJUNCT,WHADVP-1,WHADVP,MQ,MQ_ADJUNCT,
13444,0,why don't bring the baby's suitcase out and we'll put some clothes,1.0,-NONE-ABAR-WH-,T,WH,ADVP,ADVP,ADJUNCT,ADJUNCT,WHADVP-1,WHADVP,MQ,MQ_ADJUNCT,
13456,0,"where's Big Baby, Child?",1.0,-NONE-ABAR-WH-,T,WH,ADVP,ADVP,ADJUNCT,ADJUNCT,WHADVP-1,WHADVP,MQ,MQ_ADJUNCT,
13459,0,can you say what their names are?,1.0,-NONE-ABAR-RC-,T,RC,NP,NP,OBJ,OBJ,WHNP-1-<INANIM>,WHNP,EQ,EQ_OBJ,say
13463,0,what should her name be?,1.0,-NONE-ABAR-WH-,T,WH,NP,NP,OBJ,OBJ,WHNP-1-<INANIM>,WHNP,MQ,MQ_OBJ,
13467,0,who's this?,1.0,-NONE-ABAR-WH-,T,WH,NP,NP,OBJ,OBJ,WHNP-1-<INANIM>,WHNP,MQ,MQ_OBJ,
13477,0,what is this?,1.0,-NONE-ABAR-WH-,T,WH,NP,NP,OBJ,OBJ,WHNP-1-<INANIM>,WHNP,MQ,MQ_OBJ,
13482,0,who can wear that?,1.0,-NONE-ABAR-WH-,T,WH,NP,NP,SUBJ,SUBJ,WHNP-1-<INANIM>-<AGENT-V1>,WHNP,MQ,MQ_SUBJ,
13486,0,"no, who is that?",1.0,-NONE-ABAR-WH-,T,WH,NP,NP,OBJ,OBJ,WHNP-1-<INANIM>,WHNP,MQ,MQ_OBJ,
13487,0,who's that baby in your hand?,1.0,-NONE-ABAR-WH-,T,WH,NP,NP,OBJ,OBJ,WHNP-1-<INANIM>,WHNP,MQ,MQ_OBJ,
13493,0,this is the ugliest thing *NULL* I've ever seen.,1.0,-NONE-ABAR-RC-,T,RC,NP,NP,OBJ,OBJ,WHNP-1-<INANIM>-<SUBJMATT-V1>,WHNP,RC,RC_OBJ,
13512,0,what are these other babies?,1.0,-NONE-ABAR-WH-,T,WH,NP,NP,OBJ,OBJ,WHNP-1-<INANIM>,WHNP,MQ,MQ_OBJ,
13513,0,what are their names?,1.0,-NONE-ABAR-WH-,T,WH,NP,NP,OBJ,OBJ,WHNP-1-<INANIM>,WHNP,MQ,MQ_OBJ,
13516,0,who's this?,1.0,-NONE-ABAR-WH-,T,WH,NP,NP,OBJ,OBJ,WHNP-1-<INANIM>,WHNP,MQ,MQ_OBJ,
13518,0,and who's this?,1.0,-NONE-ABAR-WH-,T,WH,NP,NP,OBJ,OBJ,WHNP-1-<INANIM>,WHNP,EQ,EQ_OBJ,
13520,0,who's that?,1.0,-NONE-ABAR-WH-,T,WH,NP,NP,OBJ,OBJ,WHNP-1-<INANIM>,WHNP,MQ,MQ_OBJ,
13522,0,and who's this?,1.0,-NONE-ABAR-WH-,T,WH,NP,NP,OBJ,OBJ,WHNP-1-<INANIM>,WHNP,EQ,EQ_OBJ,
13524,0,what's Cindy's last name?,1.0,-NONE-ABAR-WH-,T,WH,NP,NP,OBJ,OBJ,WHNP-1-<INANIM>,WHNP,MQ,MQ_OBJ,
13530,0,that's the only one that mommy named.,1.0,-NONE-ABAR-RC-,T,RC,NP,NP,OBJ,OBJ,WHNP-1-<INANIM>-<PATIENT-V1>,WHNP,RC,RC_OBJ,
13532,0,"yeah, I don't think we have a baby here that fits in that.",1.0,-NONE-ABAR-RC-,T,RC,NP,NP,SUBJ,SUBJ,WHNP-1-<INANIM>-<THEME-V3>,WHNP,RC,RC_SUBJ,
13544,0,where are they?,1.0,-NONE-ABAR-WH-,T,WH,ADVP,ADVP,ADJUNCT,ADJUNCT,WHADVP-1,WHADVP,MQ,MQ_ADJUNCT,
13548,0,what should Cindy Lauper wear?,1.0,-NONE-ABAR-WH-,T,WH,NP,NP,OBJ,OBJ,WHNP-1-<INANIM>-<PATIENT-V1>,WHNP,MQ,MQ_OBJ,
13549,0,"oh, what Mommy had?",1.0,-NONE-ABAR-RC-,T,RC,NP,NP,OBJ,OBJ,WHNP-1-<INANIM>-<THEME-V1>,WHNP,EQ,EQ_OBJ,
13558,0,which baby is that?,1.0,-NONE-ABAR-WH-,T,WH,NP,NP,OBJ,OBJ,WHNP-1-<INANIM>,WHNP,MQ,MQ_OBJ,
13569,0,"I don't know if I can, Child.",,,,POLAR,,,,POLAR,,,EQ,EQ_POLAR,know
13574,0,when you were a baby.,1.0,-NONE-ABAR-RC-,T,RC,ADVP,ADVP,ADJUNCT,ADJUNCT,WHADVP-1,WHADVP,EQ,EQ_ADJUNCT,
13588,0,what's her name?,1.0,-NONE-ABAR-WH-,T,WH,NP,NP,OBJ,OBJ,WHNP-1-<INANIM>,WHNP,MQ,MQ_OBJ,
13595,0,that's a big shirt *NULL* she's going to wear there.,1.0,-NONE-ABAR-RC-,T,RC,NP,NP,OBJ,OBJ,WHNP-1-<INANIM>-<PATIENT-V1>,WHNP,RC,RC_OBJ,
13600,0,where is it?,1.0,-NONE-ABAR-WH-,T,WH,ADVP,ADVP,ADJUNCT,ADJUNCT,WHADVP-1,WHADVP,MQ,MQ_ADJUNCT,
13601,0,where is it?,1.0,-NONE-ABAR-WH-,T,WH,ADVP,ADVP,ADJUNCT,ADJUNCT,WHADVP-1,WHADVP,MQ,MQ_ADJUNCT,
13604,0,whose jacket is that?,1.0,-NONE-ABAR-WH-,T,WH,NP,NP,OBJ,OBJ,WHNP-1-<INANIM>,WHNP,MQ,MQ_OBJ,
13605,0,whose is it?,1.0,-NONE-ABAR-WH-,T,WH,NP,NP,OBJ,OBJ,WHNP-1-<INANIM>,WHNP,MQ,MQ_OBJ,
13606,0,where's Peter Rabbit?,1.0,-NONE-ABAR-WH-,T,WH,ADVP,ADVP,ADJUNCT,ADJUNCT,WHADVP-1,WHADVP,MQ,MQ_ADJUNCT,
13611,0,that's what I thought she said.,1.0,-NONE-ABAR-RC-,T,RC,NP,NP,OBJ,OBJ,WHNP-1-<INANIM>-<THEME-V2>,WHNP,EQ,EQ_OBJ,thought
13625,0,what was he eating?,1.0,-NONE-ABAR-WH-,T,WH,NP,NP,OBJ,OBJ,WHNP-1-<INANIM>-<PATIENT-V1>,WHNP,MQ,MQ_OBJ,
13633,0,what should Debbie wear?,1.0,-NONE-ABAR-WH-,T,WH,NP,NP,OBJ,OBJ,WHNP-1-<INANIM>-<PATIENT-V1>,WHNP,MQ,MQ_OBJ,
13639,0,what could Debbie wear?,1.0,-NONE-ABAR-WH-,T,WH,NP,NP,OBJ,OBJ,WHNP-1-<INANIM>-<PATIENT-V1>,WHNP,MQ,MQ_OBJ,
13645,0,where's she going?,1.0,-NONE-ABAR-WH-,T,WH,ADVP,ADVP,ADJUNCT,ADJUNCT,WHADVP-1,WHADVP,MQ,MQ_ADJUNCT,
13647,0,where's she going?,1.0,-NONE-ABAR-WH-,T,WH,ADVP,ADVP,ADJUNCT,ADJUNCT,WHADVP-1,WHADVP,MQ,MQ_ADJUNCT,
13649,0,"well, where's she going to go instead, Child?",1.0,-NONE-ABAR-WH-,T,WH,ADVP,ADVP,ADJUNCT,ADJUNCT,WHADVP-1,WHADVP,MQ,MQ_ADJUNCT,
13666,0,"what do you do at Chuck_E_Cheese, Child?",1.0,-NONE-ABAR-WH-,T,WH,NP,NP,OBJ,OBJ,WHNP-1-<INANIM>-<PATIENT-V1>,WHNP,MQ,MQ_OBJ,
13668,0,where's she going?,1.0,-NONE-ABAR-WH-,T,WH,ADVP,ADVP,ADJUNCT,ADJUNCT,WHADVP-1,WHADVP,MQ,MQ_ADJUNCT,
13669,0,what's she going to do at Burger King?,1.0,-NONE-ABAR-WH-,T,WH,NP,NP,OBJ,OBJ,WHNP-1-<INANIM>-<PATIENT-V1>,WHNP,MQ,MQ_OBJ,
13673,0,where are you going?,1.0,-NONE-ABAR-WH-,T,WH,ADVP,ADVP,ADJUNCT,ADJUNCT,WHADVP-1,WHADVP,MQ,MQ_ADJUNCT,
13674,0,how long ago was this Chuck_E_Cheese misadventure?,1.0,-NONE-ABAR-WH-,T,WH,ADVP,ADVP,ADJUNCT,ADJUNCT,WHADVP-1,WHADVP,MQ,MQ_ADJUNCT,
13682,0,what did you do there?,1.0,-NONE-ABAR-WH-,T,WH,NP,NP,OBJ,OBJ,WHNP-1-<INANIM>-<PATIENT-V1>,WHNP,MQ,MQ_OBJ,
13683,0,what did you have for lunch?,1.0,-NONE-ABAR-WH-,T,WH,NP,NP,OBJ,OBJ,WHNP-1-<INANIM>-<PATIENT-V1>,WHNP,MQ,MQ_OBJ,
13685,0,where were you?,1.0,-NONE-ABAR-WH-,T,WH,ADVP,ADVP,ADJUNCT,ADJUNCT,WHADVP-1,WHADVP,MQ,MQ_ADJUNCT,
13691,0,and who else was there?,1.0,-NONE-ABAR-WH-,T,WH,NP,NP,SUBJ,SUBJ,WHNP-1-<INANIM>,WHNP,EQ,EQ_SUBJ,
13699,0,who else is at Chuck_E_Cheese?,1.0,-NONE-ABAR-WH-,T,WH,NP,NP,SUBJ,SUBJ,WHNP-1-<INANIM>,WHNP,MQ,MQ_SUBJ,
13700,0,who else did you see?,1.0,-NONE-ABAR-WH-,T,WH,NP,NP,OBJ,OBJ,WHNP-1-<INANIM>-<SUBJMATT-V1>,WHNP,MQ,MQ_OBJ,
13701,0,"what, who was there?",1.0,-NONE-ABAR-WH-,T,WH,NP,NP,SUBJ,SUBJ,WHNP-1-<INANIM>,WHNP,MQ,MQ_SUBJ,
13705,0,what did he do?,1.0,-NONE-ABAR-WH-,T,WH,NP,NP,OBJ,OBJ,WHNP-1-<INANIM>-<PATIENT-V1>,WHNP,MQ,MQ_OBJ,
13707,0,what did he try to do?,1.0,-NONE-ABAR-WH-,T,WH,NP,NP,OBJ,OBJ,WHNP-1-<INANIM>-<PATIENT-V2>,WHNP,MQ,MQ_OBJ,
13712,0,who went with us to Chuck_E_Cheese?,1.0,-NONE-ABAR-WH-,T,WH,NP,NP,SUBJ,SUBJ,WHNP-1-<ANIM>-<THEME-V1>,WHNP,MQ,MQ_SUBJ,
13715,0,who else went with us?,1.0,-NONE-ABAR-WH-,T,WH,NP,NP,SUBJ,SUBJ,WHNP-1-<ANIM>-<THEME-V1>,WHNP,MQ,MQ_SUBJ,
13719,0,and who else went?,1.0,-NONE-ABAR-WH-,T,WH,NP,NP,SUBJ,SUBJ,WHNP-1-<ANIM>-<THEME-V1>,WHNP,EQ,EQ_SUBJ,
13726,0,where's your other baby?,1.0,-NONE-ABAR-WH-,T,WH,ADVP,ADVP,ADJUNCT,ADJUNCT,WHADVP-1,WHADVP,MQ,MQ_ADJUNCT,
13727,0,where's your baby that you got for Christmas?,2.0,-NONE-ABAR-RC-,T,RC,NP,NP,OBJ,OBJ,WHNP-2-<INANIM>-<PATIENT-V1>,WHNP,RC,RC_OBJ,
13727,1,where's your baby that you got for Christmas?,1.0,-NONE-ABAR-WH-,T,WH,ADVP,ADVP,ADJUNCT,ADJUNCT,WHADVP-1,WHADVP,MQ,MQ_ADJUNCT,
13729,0,where is she?,1.0,-NONE-ABAR-WH-,T,WH,ADVP,ADVP,ADJUNCT,ADJUNCT,WHADVP-1,WHADVP,MQ,MQ_ADJUNCT,
13736,0,who else do you have?,1.0,-NONE-ABAR-WH-,T,WH,NP,NP,OBJ,OBJ,WHNP-1-<INANIM>-<THEME-V1>,WHNP,MQ,MQ_OBJ,
13737,0,who's with you?,1.0,-NONE-ABAR-WH-,T,WH,NP,NP,SUBJ,SUBJ,WHNP-1-<INANIM>,WHNP,MQ,MQ_SUBJ,
13738,0,look what you've got.,1.0,-NONE-ABAR-RC-,T,RC,NP,NP,OBJ,OBJ,WHNP-1-<INANIM>-<THEME-V2>,WHNP,EQ,EQ_OBJ,look
13739,0,where did Mickey Mouse come from?,1.0,-NONE-ABAR-WH-,T,WH,ADVP,ADVP,ADJUNCT,ADJUNCT,WHADVP-1,WHADVP,MQ,MQ_ADJUNCT,
13754,0,do you remember what kind of doggy he was?,1.0,-NONE-ABAR-RC-,T,RC,NP,NP,OBJ,OBJ,WHNP-1-<INANIM>,WHNP,EQ,EQ_OBJ,remember
13760,0,"what's this, Child?",1.0,-NONE-ABAR-WH-,T,WH,NP,NP,OBJ,OBJ,WHNP-1-<INANIM>,WHNP,MQ,MQ_OBJ,
13761,0,what's stuck on here?,1.0,-NONE-ABAR-WH-,T,WH,NP-2,NP,SUBJ,SUBJ,WHNP-1-<INANIM>-<THEME-V1>,WHNP,MQ,MQ_SUBJ,
13763,0,what is that?,1.0,-NONE-ABAR-WH-,T,WH,NP,NP,OBJ,OBJ,WHNP-1-<INANIM>,WHNP,MQ,MQ_OBJ,
13764,0,where did you get it?,1.0,-NONE-ABAR-WH-,T,WH,ADVP,ADVP,ADJUNCT,ADJUNCT,WHADVP-1,WHADVP,MQ,MQ_ADJUNCT,
13771,0,what's that?,1.0,-NONE-ABAR-WH-,T,WH,NP,NP,OBJ,OBJ,WHNP-1-<INANIM>,WHNP,MQ,MQ_OBJ,
13772,0,and what was he doing in your cycle?,1.0,-NONE-ABAR-WH-,T,WH,NP,NP,OBJ,OBJ,WHNP-1-<INANIM>-<PATIENT-V1>,WHNP,EQ,EQ_OBJ,
13773,0,what was he doing in there?,1.0,-NONE-ABAR-WH-,T,WH,NP,NP,OBJ,OBJ,WHNP-1-<INANIM>-<PATIENT-V1>,WHNP,MQ,MQ_OBJ,
13774,0,what was he doing?,1.0,-NONE-ABAR-WH-,T,WH,NP,NP,OBJ,OBJ,WHNP-1-<INANIM>-<PATIENT-V2>,WHNP,MQ,MQ_OBJ,
13780,0,and what happened when the sun came up?,1.0,-NONE-ABAR-WH-,T,WH,NP,NP,SUBJ,SUBJ,WHNP-1-<INANIM>-<THEME-V1>,WHNP,EQ,EQ_SUBJ,
13780,1,and what happened when the sun came up?,2.0,-NONE-ABAR-RC-,T,RC,ADVP,ADVP,ADJUNCT,ADJUNCT,WHADVP-2,WHADVP,EQ,EQ_ADJUNCT,happened
13792,0,"you used to wear that when you were a baby, Child.",2.0,-NONE-ABAR-RC-,T,RC,ADVP,ADVP,ADJUNCT,ADJUNCT,WHADVP-2,WHADVP,EQ,EQ_ADJUNCT,wear
13793,0,what are you doing?,1.0,-NONE-ABAR-WH-,T,WH,NP,NP,OBJ,OBJ,WHNP-1-<INANIM>-<PATIENT-V1>,WHNP,MQ,MQ_OBJ,
13804,0,where did you get it?,1.0,-NONE-ABAR-WH-,T,WH,ADVP,ADVP,ADJUNCT,ADJUNCT,WHADVP-1,WHADVP,MQ,MQ_ADJUNCT,
13808,0,and then where did you get the orange one?,1.0,-NONE-ABAR-WH-,T,WH,ADVP,ADVP,ADJUNCT,ADJUNCT,WHADVP-1,WHADVP,EQ,EQ_ADJUNCT,
13809,0,who gave you that?,1.0,-NONE-ABAR-WH-,T,WH,NP,NP,SUBJ,SUBJ,WHNP-1-<ANIM>-<AGENT-V1>,WHNP,MQ,MQ_SUBJ,
13824,0,where's Child?,1.0,-NONE-ABAR-WH-,T,WH,ADVP,ADVP,ADJUNCT,ADJUNCT,WHADVP-1,WHADVP,MQ,MQ_ADJUNCT,
13825,0,who are you?,1.0,-NONE-ABAR-WH-,T,WH,NP,NP,OBJ,OBJ,WHNP-1-<ANIM>,WHNP,MQ,MQ_OBJ,
13836,0,how are you?,1.0,-NONE-ABAR-WH-,T,WH,ADVP,ADVP,ADJUNCT,ADJUNCT,WHADVP-1,WHADVP,MQ,MQ_ADJUNCT,
13839,0,want to see what I brought?,1.0,-NONE-ABAR-RC-,T,RC,NP,NP,OBJ,OBJ,WHNP-1-<INANIM>-<PATIENT-V3>,WHNP,EQ,EQ_OBJ,see
13841,0,you know what that is?,1.0,-NONE-ABAR-WH-,T,WH,NP,NP,OBJ,OBJ,WHNP-1-<INANIM>,WHNP,EQ,EQ_OBJ,know
13842,0,what is it?,1.0,-NONE-ABAR-WH-,T,WH,NP,NP,OBJ,OBJ,WHNP-1-<INANIM>,WHNP,MQ,MQ_OBJ,
13844,0,what color's the toy?,1.0,-NONE-ABAR-WH-,T,WH,NP,NP,OBJ,OBJ,WHNP-1-<INANIM>,WHNP,MQ,MQ_OBJ,
13857,0,you know what that is?,1.0,-NONE-ABAR-WH-,T,WH,NP,NP,OBJ,OBJ,WHNP-1-<INANIM>,WHNP,EQ,EQ_OBJ,know
13860,0,you know what that is?,1.0,-NONE-ABAR-WH-,T,WH,NP,NP,OBJ,OBJ,WHNP-1-<INANIM>,WHNP,EQ,EQ_OBJ,know
13870,0,what do you see?,1.0,-NONE-ABAR-WH-,T,WH,NP,NP,OBJ,OBJ,WHNP-1-<INANIM>-<SUBJMATT-V1>,WHNP,MQ,MQ_OBJ,
13875,0,why don't we turn the page?,1.0,-NONE-ABAR-WH-,T,WH,ADVP,ADVP,ADJUNCT,ADJUNCT,WHADVP-1,WHADVP,MQ,MQ_ADJUNCT,
13882,0,what's that?,1.0,-NONE-ABAR-WH-,T,WH,NP,NP,OBJ,OBJ,WHNP-1-<INANIM>,WHNP,MQ,MQ_OBJ,
13885,0,what do you see?,1.0,-NONE-ABAR-WH-,T,WH,NP,NP,OBJ,OBJ,WHNP-1-<INANIM>-<SUBJMATT-V1>,WHNP,MQ,MQ_OBJ,
13888,0,what kind of clothes do you see?,1.0,-NONE-ABAR-WH-,T,WH,NP,NP,OBJ,OBJ,WHNP-1-<INANIM>-<SUBJMATT-V1>,WHNP,MQ,MQ_OBJ,
13889,0,what is that one?,1.0,-NONE-ABAR-WH-,T,WH,NP,NP,OBJ,OBJ,WHNP-1-<INANIM>,WHNP,MQ,MQ_OBJ,
13890,0,what do you call it?,1.0,-NONE-ABAR-WH-,T,WH,NP,NP,OBJ,OBJ,WHNP-1-<INANIM>-<THEME-V1>,WHNP,MQ,MQ_OBJ,
13897,0,what's that right there?,1.0,-NONE-ABAR-WH-,T,WH,NP,NP,OBJ,OBJ,WHNP-1-<INANIM>,WHNP,MQ,MQ_OBJ,
13900,0,what does this one look like?,1.0,-NONE-ABAR-WH-,T,WH,NP,NP,OBJ,OBJ,WHNP-1-<INANIM>,WHNP,MQ,MQ_OBJ,
13901,0,but what does the puppet look like?,1.0,-NONE-ABAR-WH-,T,WH,NP,NP,OBJ,OBJ,WHNP-1-<INANIM>,WHNP,EQ,EQ_OBJ,
13905,0,what do you see?,1.0,-NONE-ABAR-WH-,T,WH,NP,NP,OBJ,OBJ,WHNP-1-<INANIM>-<SUBJMATT-V1>,WHNP,MQ,MQ_OBJ,
13906,0,do you know what that is?,1.0,-NONE-ABAR-WH-,T,WH,NP,NP,OBJ,OBJ,WHNP-1-<INANIM>,WHNP,EQ,EQ_OBJ,know
13907,0,what is that?,1.0,-NONE-ABAR-WH-,T,WH,NP,NP,OBJ,OBJ,WHNP-1-<INANIM>,WHNP,MQ,MQ_OBJ,
13910,0,what else do you see?,1.0,-NONE-ABAR-WH-,T,WH,NP,NP,OBJ,OBJ,WHNP-1-<INANIM>-<SUBJMATT-V1>,WHNP,MQ,MQ_OBJ,
13911,0,do you see anything else *NULL* you know what it is?,1.0,-NONE-ABAR-RC-,T,RC,NP,NP,OBJ,OBJ,WHNP-1-<INANIM>,WHNP,EQ,EQ_OBJ,know
13912,0,I know you don't know what everything is.,1.0,-NONE-ABAR-WH-,T,WH,NP,NP,OBJ,OBJ,WHNP-1-<INANIM>,WHNP,EQ,EQ_OBJ,know
13913,0,do you know what this is?,1.0,-NONE-ABAR-WH-,T,WH,NP,NP,OBJ,OBJ,WHNP-1-<INANIM>,WHNP,EQ,EQ_OBJ,know
13914,0,what is that?,1.0,-NONE-ABAR-WH-,T,WH,NP,NP,OBJ,OBJ,WHNP-1-<INANIM>,WHNP,MQ,MQ_OBJ,
13919,0,"well, what that is is a seesaw.",1.0,-NONE-ABAR-WH-,T,WH,NP,NP,SUBJ,SUBJ,WHNP-1-<INANIM>,WHNP,EQ,EQ_SUBJ,
13923,0,I brought it with me so I can remember what you said when I go home.,1.0,-NONE-ABAR-RC-,T,RC,NP,NP,OBJ,OBJ,WHNP-1-<INANIM>-<THEME-V3>,WHNP,EQ,EQ_OBJ,remember
13923,1,I brought it with me so I can remember what you said when I go home.,2.0,-NONE-ABAR-RC-,T,RC,ADVP,ADVP,ADJUNCT,ADJUNCT,WHADVP-2,WHADVP,EQ,EQ_ADJUNCT,said
13926,0,what could they see.,1.0,-NONE-ABAR-WH-,T,WH,NP,NP,OBJ,OBJ,WHNP-1-<INANIM>-<SUBJMATT-V1>,WHNP,MQ,MQ_OBJ,
13929,0,do you remember what the name of that one was?,1.0,-NONE-ABAR-RC-,T,RC,NP,NP,OBJ,OBJ,WHNP-1-<INANIM>,WHNP,EQ,EQ_OBJ,remember
13930,0,what was the name?,1.0,-NONE-ABAR-WH-,T,WH,NP,NP,OBJ,OBJ,WHNP-1-<INANIM>,WHNP,MQ,MQ_OBJ,
13945,0,do you remember what you call him?,1.0,-NONE-ABAR-RC-,T,RC,NP,NP,OBJ,OBJ,WHNP-1-<INANIM>-<THEME-V2>,WHNP,EQ,EQ_OBJ,remember
13947,0,when's her birthday?,1.0,-NONE-ABAR-WH-,T,WH,ADVP,ADVP,ADJUNCT,ADJUNCT,WHADVP-1,WHADVP,MQ,MQ_ADJUNCT,
13953,0,what's he doing to the duck?,1.0,-NONE-ABAR-WH-,T,WH,NP,NP,OBJ,OBJ,WHNP-1-<INANIM>-<THEME-V1>,WHNP,MQ,MQ_OBJ,
13957,0,what is that in your hand?,1.0,-NONE-ABAR-WH-,T,WH,NP,NP,OBJ,OBJ,WHNP-1-<INANIM>,WHNP,MQ,MQ_OBJ,
13980,0,what are you doing over there by yourself?,1.0,-NONE-ABAR-WH-,T,WH,NP,NP,OBJ,OBJ,WHNP-1-<INANIM>-<PATIENT-V1>,WHNP,MQ,MQ_OBJ,
13986,0,this is the book *NULL* you like most.,1.0,-NONE-ABAR-RC-,T,RC,NP,NP,OBJ,OBJ,WHNP-1-<INANIM>-<SUBJMATT-V1>,WHNP,RC,RC_OBJ,
13988,0,what color is this?,1.0,-NONE-ABAR-WH-,T,WH,NP,NP,OBJ,OBJ,WHNP-1-<INANIM>,WHNP,MQ,MQ_OBJ,
13989,0,can you tell us about what you see?,1.0,-NONE-ABAR-RC-,T,RC,NP,NP,OBJ,OBJ,WHNP-1-<INANIM>,WHNP,EQ,EQ_OBJ,tell
13990,0,where's a bird?,1.0,-NONE-ABAR-WH-,T,WH,ADVP,ADVP,ADJUNCT,ADJUNCT,WHADVP-1,WHADVP,MQ,MQ_ADJUNCT,
13992,0,where's the frog?,1.0,-NONE-ABAR-WH-,T,WH,ADVP,ADVP,ADJUNCT,ADJUNCT,WHADVP-1,WHADVP,MQ,MQ_ADJUNCT,
13994,0,what's he sitting on?,1.0,-NONE-ABAR-WH-,T,WH,NP,NP,OBJ,OBJ,WHNP-1-<INANIM>-<GOAL-V1>,WHNP,MQ,MQ_OBJ,
13995,0,"that's a rock *NULL* he's sitting on, isn't it?",1.0,-NONE-ABAR-RC-,T,RC,NP,NP,OBJ,OBJ,WHNP-1-<INANIM>-<GOAL-V1>,WHNP,RC,RC_OBJ,
13997,0,what's this bird sitting on.,1.0,-NONE-ABAR-WH-,T,WH,NP,NP,OBJ,OBJ,WHNP-1-<INANIM>-<GOAL-V1>,WHNP,MQ,MQ_OBJ,
13998,0,can you tell me what that is?,1.0,-NONE-ABAR-RC-,T,RC,NP,NP,OBJ,OBJ,WHNP-1-<INANIM>,WHNP,EQ,EQ_OBJ,tell
14000,0,I wasn't sure if you'd remember that one.,,,,POLAR,,,,POLAR,,,EQ,EQ_POLAR,remember
14002,0,what is it?,1.0,-NONE-ABAR-WH-,T,WH,NP,NP,OBJ,OBJ,WHNP-1-<INANIM>,WHNP,MQ,MQ_OBJ,
14004,0,what color's that bear?,1.0,-NONE-ABAR-WH-,T,WH,NP,NP,OBJ,OBJ,WHNP-1-<INANIM>,WHNP,MQ,MQ_OBJ,
14008,0,what is it *NULL* she's playing with?,1.0,-NONE-ABAR-WH-,T,WH,NP,NP,ADJUNCT,ADJUNCT,WHNP-1-<INANIM>,WHNP,MQ,MQ_ADJUNCT,
14008,1,what is it *NULL* she's playing with?,2.0,-NONE-ABAR-RC-,T,RC,NP,NP,OBJ,OBJ,WHNP-2-<INANIM>-<PATIENT-V1>,WHNP,RC,RC_OBJ,
14009,0,do you know what that is?,1.0,-NONE-ABAR-WH-,T,WH,NP,NP,OBJ,OBJ,WHNP-1-<INANIM>,WHNP,EQ,EQ_OBJ,know
14010,0,"yeah, what's the kitty playing with?",1.0,-NONE-ABAR-WH-,T,WH,NP,NP,OBJ,OBJ,WHNP-1-<INANIM>-<PATIENT-V1>,WHNP,MQ,MQ_OBJ,
14011,0,what is that?,1.0,-NONE-ABAR-WH-,T,WH,NP,NP,OBJ,OBJ,WHNP-1-<INANIM>,WHNP,MQ,MQ_OBJ,
14013,0,what is it?,1.0,-NONE-ABAR-WH-,T,WH,NP,NP,OBJ,OBJ,WHNP-1-<INANIM>,WHNP,MQ,MQ_OBJ,
14018,0,where is she now?,1.0,-NONE-ABAR-WH-,T,WH,ADVP,ADVP,ADJUNCT,ADJUNCT,WHADVP-1,WHADVP,MQ,MQ_ADJUNCT,
14031,0,I thought that was what you said.,1.0,-NONE-ABAR-rc-,T,OTHER,NP,NP,OBJ,OBJ,WHNP-1-<INANIM>-<THEME-V2>,WHNP,EQ,EQ_OBJ,said
14036,0,do you remember what that's called?,1.0,-NONE-ABAR-RC-,T,RC,NP,NP,OBJ,OBJ,WHNP-1-<INANIM>-<THEME-V2>,WHNP,EQ,EQ_OBJ,remember
14041,0,what is it?,1.0,-NONE-ABAR-WH-,T,WH,NP,NP,OBJ,OBJ,WHNP-1-<INANIM>,WHNP,MQ,MQ_OBJ,
14047,0,"excuse me, what did you say?",1.0,-NONE-ABAR-WH-,T,WH,NP,NP,OBJ,OBJ,WHNP-1-<INANIM>-<THEME-V1>,WHNP,MQ,MQ_OBJ,
14048,0,I didn't hear what you said.,1.0,-NONE-ABAR-RC-,T,RC,NP,NP,OBJ,OBJ,WHNP-1-<INANIM>-<THEME-V2>,WHNP,EQ,EQ_OBJ,hear
14052,0,"yeah, you had the music on when I came in, right?",1.0,-NONE-ABAR-RC-,T,RC,ADVP,ADVP,ADJUNCT,ADJUNCT,WHADVP-1,WHADVP,EQ,EQ_ADJUNCT,had
14053,0,"well, the reason *NULL* it's off is so that I can hear you, what you say.",1.0,-NONE-ABAR-RC-,T,RC,ADVP,ADVP,ADJUNCT,ADJUNCT,WHADVP-1,WHADVP,RC,RC_ADJUNCT,
14053,1,"well, the reason *NULL* it's off is so that I can hear you, what you say.",2.0,-NONE-ABAR-RC-,T,RC,NP,NP,OBJ,OBJ,WHNP-2-<INANIM>-<THEME-V2>,WHNP,EQ,EQ_OBJ,
14056,0,but when I go you can turn it back on again.,1.0,-NONE-ABAR-RC-,T,RC,ADVP,ADVP,ADJUNCT,ADJUNCT,WHADVP-1,WHADVP,EQ,EQ_ADJUNCT,
14057,0,what is she doing?,1.0,-NONE-ABAR-WH-,T,WH,NP,NP,OBJ,OBJ,WHNP-1-<INANIM>-<PATIENT-V1>,WHNP,MQ,MQ_OBJ,
14060,0,what are you thinking?,1.0,-NONE-ABAR-WH-,T,WH,NP,NP,OBJ,OBJ,WHNP-1-<INANIM>-<SUBJMATT-V1>,WHNP,MQ,MQ_OBJ,
14062,0,what are some of your toys?,1.0,-NONE-ABAR-WH-,T,WH,NP,NP,OBJ,OBJ,WHNP-1-<INANIM>,WHNP,MQ,MQ_OBJ,
14072,0,"can you tell her about this one, about how special this one is?",1.0,-NONE-ABAR-WH-,T,WH,ADJP,ADJP,ADJUNCT,ADJUNCT,WHADJP-1,WHADJP,EQ,EQ_ADJUNCT,
14073,0,can you tell her who that is?,1.0,-NONE-ABAR-RC-,T,RC,NP,NP,OBJ,OBJ,WHNP-1-<ANIM>,WHNP,EQ,EQ_OBJ,tell
14074,0,but what's the bear's name?,1.0,-NONE-ABAR-WH-,T,WH,NP,NP,OBJ,OBJ,WHNP-1-<INANIM>,WHNP,EQ,EQ_OBJ,
14076,0,what's her name?,1.0,-NONE-ABAR-WH-,T,WH,NP,NP,OBJ,OBJ,WHNP-1-<INANIM>,WHNP,MQ,MQ_OBJ,
14082,0,"yes, we take your shoes off when you take your nap, don't we?",1.0,-NONE-ABAR-RC-,T,RC,ADVP,ADVP,ADJUNCT,ADJUNCT,WHADVP-1,WHADVP,EQ,EQ_ADJUNCT,take
14092,0,why don't you settle her into the baby buggy with the baby doll?,1.0,-NONE-ABAR-WH-,T,WH,ADVP,ADVP,ADJUNCT,ADJUNCT,WHADVP-1,WHADVP,MQ,MQ_ADJUNCT,
14104,0,"there isn't much *NULL* to read here, because it's just, it's just",1.0,-NONE-ABAR-RC-,T,RC,NP,NP,OBJ,OBJ,WHNP-1-<INANIM>-<PATIENT-V1>,WHNP,RC,RC_OBJ,
14106,0,what's a good thing?,1.0,-NONE-ABAR-WH-,T,WH,NP,NP,OBJ,OBJ,WHNP-1-<INANIM>,WHNP,MQ,MQ_OBJ,
14111,0,you know what that is?,1.0,-NONE-ABAR-WH-,T,WH,NP,NP,OBJ,OBJ,WHNP-1-<INANIM>,WHNP,EQ,EQ_OBJ,know
14114,0,and you know what you do with it?,1.0,-NONE-ABAR-WH-,T,WH,NP,NP,OBJ,OBJ,WHNP-1-<INANIM>-<THEME-V2>,WHNP,EQ,EQ_OBJ,know
14118,0,what else is there?,1.0,-NONE-ABAR-WH-,T,WH,NP,NP,OBJ,OBJ,WHNP-1-<INANIM>,WHNP,MQ,MQ_OBJ,
14119,0,you know what that is?,1.0,-NONE-ABAR-WH-,T,WH,NP,NP,OBJ,OBJ,WHNP-1,WHNP,EQ,EQ_OBJ,know
14120,0,what is it?,1.0,-NONE-ABAR-WH-,T,WH,NP,NP,OBJ,OBJ,WHNP-1-<INANIM>,WHNP,MQ,MQ_OBJ,
14122,0,and you know what you do with it?,1.0,-NONE-ABAR-WH-,T,WH,NP,NP,OBJ,OBJ,WHNP-1-<INANIM>-<THEME-V2>,WHNP,EQ,EQ_OBJ,know
14131,0,what do you think you do with that?,1.0,-NONE-ABAR-WH-,T,WH,NP,NP,OBJ,OBJ,WHNP-1-<INANIM>-<THEME-V2>,WHNP,EQ,EQ_OBJ,think
14136,0,what do you see here that you know what it is?,1.0,-NONE-ABAR-WH-,T,WH,NP,NP,ADJUNCT,ADJUNCT,WHNP-1-<INANIM>,WHNP,MQ,MQ_ADJUNCT,
14136,1,what do you see here that you know what it is?,2.0,-NONE-ABAR-RC-,T,RC,NP,NP,OBJ,OBJ,WHNP-2-<INANIM>,WHNP,EQ,EQ_OBJ,know
14149,0,who's that?,1.0,-NONE-ABAR-WH-,T,WH,NP,NP,OBJ,OBJ,WHNP-1-<ANIM>,WHNP,MQ,MQ_OBJ,
14153,0,can you talk about what you see in the pictures?,1.0,-NONE-ABAR-RC-,T,RC,NP,NP,OBJ,OBJ,WHNP-1-<INANIM>-<SUBJMATT-V2>,WHNP,EQ,EQ_OBJ,talk
14154,0,what's he doing?,1.0,-NONE-ABAR-WH-,T,WH,NP,NP,OBJ,OBJ,WHNP-1-<INANIM>-<PATIENT-V1>,WHNP,MQ,MQ_OBJ,
14156,0,"and look, what are they doing?",1.0,-NONE-ABAR-WH-,T,WH,NP,NP,OBJ,OBJ,WHNP-1-<INANIM>-<PATIENT-V1>,WHNP,MQ,MQ_OBJ,
14161,0,what's this?,1.0,-NONE-ABAR-WH-,T,WH,NP,NP,OBJ,OBJ,WHNP-1-<INANIM>,WHNP,MQ,MQ_OBJ,
14165,0,why don't you do that?,1.0,-NONE-ABAR-WH-,T,WH,ADVP,ADVP,ADJUNCT,ADJUNCT,WHADVP-1,WHADVP,MQ,MQ_ADJUNCT,
14178,0,what are those?,1.0,-NONE-ABAR-WH-,T,WH,NP,NP,OBJ,OBJ,WHNP-1-<ANIM>,WHNP,MQ,MQ_OBJ,
14179,0,I cann't tell if they're kitty cats or if they're mice.,,,,POLAR,,,,POLAR,,,EQ,EQ_POLAR,tell
14179,1,I cann't tell if they're kitty cats or if they're mice.,,,,POLAR,,,,POLAR,,,EQ,EQ_POLAR,tell
14179,2,I cann't tell if they're kitty cats or if they're mice.,,,,POLAR,,,,POLAR,,,EQ,EQ_POLAR,tell
14182,0,what happened to your hair last night?,1.0,-NONE-ABAR-WH-,T,WH,NP,NP,SUBJ,SUBJ,WHNP-1-<INANIM>-<THEME-V1>,WHNP,MQ,MQ_SUBJ,
14186,0,can you tell her who cut your hair?,1.0,-NONE-ABAR-WH-,T,WH,NP,NP,SUBJ,SUBJ,WHNP-1-<ANIM>-<AGENT-V2>,WHNP,EQ,EQ_SUBJ,tell
14187,0,who cut your hair?,1.0,-NONE-ABAR-WH-,T,WH,NP,NP,SUBJ,SUBJ,WHNP-1-<ANIM>-<AGENT-V1>,WHNP,MQ,MQ_SUBJ,
14189,0,you know what these are called?,1.0,-NONE-ABAR-RC-,T,RC,NP,NP,OBJ,OBJ,WHNP-1-<INANIM>-<THEME-V2>,WHNP,EQ,EQ_OBJ,know
14190,0,these like hairs that are on the porcupine?,1.0,-NONE-ABAR-RC-,T,RC,NP,NP,SUBJ,SUBJ,WHNP-1-<INANIM>,WHNP,RC,RC_SUBJ,
14199,0,"and if I don't have the toys, what will I do?",,,,POLAR,,,,POLAR,,,EQ,EQ_POLAR,
14199,1,"and if I don't have the toys, what will I do?",1.0,-NONE-ABAR-WH-,T,WH,NP,NP,OBJ,OBJ,WHNP-1-<INANIM>-<PATIENT-V2>,WHNP,EQ,EQ_OBJ,
14202,0,I don't think I have anything that you'd like to look at.,1.0,-NONE-ABAR-RC-,T,RC,NP,NP,OBJ,OBJ,WHNP-1-<INANIM>-<PATIENT-V4>,WHNP,RC,RC_OBJ,
14203,0,"oh, I know what I have.",1.0,-NONE-ABAR-WH-,T,WH,NP,NP,OBJ,OBJ,WHNP-1-<INANIM>-<THEME-V2>,WHNP,EQ,EQ_OBJ,know
14207,0,"that's a picture of me when I was just about your age, maybe a",1.0,-NONE-ABAR-RC-,T,RC,ADVP,ADVP,ADJUNCT,ADJUNCT,WHADVP-1,WHADVP,RC,RC_ADJUNCT,
14213,0,that's the only one *NULL* I have.,1.0,-NONE-ABAR-RC-,T,RC,NP,NP,OBJ,OBJ,WHNP-1-<INANIM>-<THEME-V1>,WHNP,RC,RC_OBJ,
14215,0,I don't have anything else that I think you'd be interested in.,1.0,-NONE-ABAR-RC-,T,RC,NP,NP,OBJ,OBJ,WHNP-1-<INANIM>,WHNP,EQ,EQ_OBJ,think
14220,0,where's the snakes?,1.0,-NONE-ABAR-WH-,T,WH,ADVP,ADVP,ADJUNCT,ADJUNCT,WHADVP-1,WHADVP,MQ,MQ_ADJUNCT,
14227,0,are these pictures that you drew?,1.0,-NONE-ABAR-RC-,T,RC,NP,NP,OBJ,OBJ,WHNP-1-<INANIM>-<PATIENT-V1>,WHNP,RC,RC_OBJ,
14242,0,who's that?,1.0,-NONE-ABAR-WH-,T,WH,NP,NP,OBJ,OBJ,WHNP-1-<ANIM>,WHNP,MQ,MQ_OBJ,
14244,0,what's that?,1.0,-NONE-ABAR-WH-,T,WH,NP,NP,OBJ,OBJ,WHNP-1-<INANIM>,WHNP,MQ,MQ_OBJ,
14248,0,what is it?,1.0,-NONE-ABAR-WH-,T,WH,NP,NP,OBJ,OBJ,WHNP-1-<INANIM>,WHNP,MQ,MQ_OBJ,
14249,0,what's his name?,1.0,-NONE-ABAR-WH-,T,WH,NP,NP,OBJ,OBJ,WHNP-1-<INANIM>,WHNP,MQ,MQ_OBJ,
14251,0,I wanted to see if she'd remember.,,,,POLAR,,,,POLAR,,,EQ,EQ_POLAR,see
14252,0,do you know what it is?,1.0,-NONE-ABAR-WH-,T,WH,NP,NP,OBJ,OBJ,WHNP-1,WHNP,EQ,EQ_OBJ,know
14257,0,what is it?,1.0,-NONE-ABAR-WH-,T,WH,NP,NP,OBJ,OBJ,WHNP-1-<INANIM>,WHNP,MQ,MQ_OBJ,
14264,0,what's that?,1.0,-NONE-ABAR-WH-,T,WH,NP,NP,OBJ,OBJ,WHNP-1-<INANIM>,WHNP,MQ,MQ_OBJ,
14268,0,how many trucks are there?,1.0,-NONE-ABAR-WH-,T,WH,NP,NP,OBJ,OBJ,WHNP-1-<INANIM>,WHNP,MQ,MQ_OBJ,
14270,0,what are you doing with it?,1.0,-NONE-ABAR-WH-,T,WH,NP,NP,OBJ,OBJ,WHNP-1-<INANIM>-<THEME-V1>,WHNP,MQ,MQ_OBJ,
14271,0,what is that *NULL* you're doing?,2.0,-NONE-ABAR-WH-,T,WH,NP,NP,OBJ,OBJ,WHNP-2-<INANIM>-<PATIENT-V1>,WHNP,RC,RC_OBJ,
14271,1,what is that *NULL* you're doing?,1.0,-NONE-ABAR-WH-,T,WH,NP,NP,OBJ,OBJ,WHNP-1-<INANIM>,WHNP,MQ,MQ_OBJ,
14274,0,what's this guy?,1.0,-NONE-ABAR-WH-,T,WH,NP,NP,OBJ,OBJ,WHNP-1-<INANIM>,WHNP,MQ,MQ_OBJ,
14276,0,do you remember what that's called?,1.0,-NONE-ABAR-RC-,T,RC,NP,NP,OBJ,OBJ,WHNP-1-<INANIM>-<THEME-V2>,WHNP,EQ,EQ_OBJ,remember
14278,0,what is it?,1.0,-NONE-ABAR-WH-,T,WH,NP,NP,OBJ,OBJ,WHNP-1-<INANIM>,WHNP,MQ,MQ_OBJ,
14281,0,what's that?,1.0,-NONE-ABAR-WH-,T,WH,NP,NP,OBJ,OBJ,WHNP-1-<INANIM>,WHNP,MQ,MQ_OBJ,
14290,0,what do you see?,1.0,-NONE-ABAR-WH-,T,WH,NP,NP,OBJ,OBJ,WHNP-1-<INANIM>-<SUBJMATT-V1>,WHNP,MQ,MQ_OBJ,
14291,0,what's that over there?,1.0,-NONE-ABAR-WH-,T,WH,NP,NP,OBJ,OBJ,WHNP-1-<INANIM>,WHNP,MQ,MQ_OBJ,
14296,0,can you think of some of the songs *NULL* he sings?,1.0,-NONE-ABAR-RC-,T,RC,NP,NP,OBJ,OBJ,WHNP-1-<INANIM>-<THEME-V2>,WHNP,RC,RC_OBJ,
14297,0,can you tell us some of the songs *NULL* he sings?,1.0,-NONE-ABAR-RC-,T,RC,NP,NP,OBJ,OBJ,WHNP-1-<INANIM>-<THEME-V2>,WHNP,RC,RC_OBJ,
14299,0,what do you see there?,1.0,-NONE-ABAR-WH-,T,WH,NP,NP,OBJ,OBJ,WHNP-1-<INANIM>-<SUBJMATT-V1>,WHNP,MQ,MQ_OBJ,
14301,0,do I look the same as *NULL* I looked last time?,1.0,-NONE-ABAR-RC-,T,RC,ADVP,ADVP,ADJUNCT,ADJUNCT,WHADVP-1,WHADVP,RC,RC_ADJUNCT,
14303,0,"oh, what do you see?",1.0,-NONE-ABAR-WH-,T,WH,NP,NP,OBJ,OBJ,WHNP-1-<INANIM>-<SUBJMATT-V1>,WHNP,MQ,MQ_OBJ,
14306,0,what's this on her head?,1.0,-NONE-ABAR-WH-,T,WH,NP,NP,OBJ,OBJ,WHNP-1-<INANIM>,WHNP,MQ,MQ_OBJ,
14308,0,when I was here last time you had two barrettes.,1.0,-NONE-ABAR-RC-,T,RC,ADVP,ADVP,ADJUNCT,ADJUNCT,WHADVP-1,WHADVP,EQ,EQ_ADJUNCT,
14312,0,what's this?,1.0,-NONE-ABAR-WH-,T,WH,NP,NP,OBJ,OBJ,WHNP-1-<INANIM>,WHNP,MQ,MQ_OBJ,
14313,0,"on you, what's this?",1.0,-NONE-ABAR-WH-,T,WH,NP,NP,OBJ,OBJ,WHNP-1-<INANIM>,WHNP,MQ,MQ_OBJ,
14315,0,what's this?,1.0,-NONE-ABAR-WH-,T,WH,NP,NP,OBJ,OBJ,WHNP-1-<INANIM>,WHNP,MQ,MQ_OBJ,
14320,0,what's this on your face?,1.0,-NONE-ABAR-WH-,T,WH,NP,NP,OBJ,OBJ,WHNP-1-<INANIM>,WHNP,MQ,MQ_OBJ,
14323,0,and what's this up here?,1.0,-NONE-ABAR-WH-,T,WH,NP,NP,OBJ,OBJ,WHNP-1-<INANIM>,WHNP,EQ,EQ_OBJ,
14325,0,what's this?,1.0,-NONE-ABAR-WH-,T,WH,NP,NP,OBJ,OBJ,WHNP-1-<INANIM>,WHNP,MQ,MQ_OBJ,
14326,0,what do you see with?,1.0,-NONE-ABAR-WH-,T,WH,NP,NP,OBJ,OBJ,WHNP-1-<INANIM>-<INSTR-V1>,WHNP,MQ,MQ_OBJ,
14327,0,how many do you have?,1.0,-NONE-ABAR-WH-,T,WH,NP,NP,OBJ,OBJ,WHNP-1-<INANIM>-<THEME-V1>,WHNP,MQ,MQ_OBJ,
14328,0,what's that *NULL* you got your finger in?,2.0,-NONE-ABAR-RC-,T,RC,NP,NP,OBJ,OBJ,WHNP-2-<INANIM>-<LOC-V1>,WHNP,RC,RC_OBJ,
14328,1,what's that *NULL* you got your finger in?,1.0,-NONE-ABAR-WH-,T,WH,NP,NP,OBJ,OBJ,WHNP-1-<INANIM>,WHNP,MQ,MQ_OBJ,
14330,0,what's that?,1.0,-NONE-ABAR-WH-,T,WH,NP,NP,OBJ,OBJ,WHNP-1-<INANIM>,WHNP,MQ,MQ_OBJ,
14332,0,can you tell me what that is?,1.0,-NONE-ABAR-RC-,T,RC,NP,NP,OBJ,OBJ,WHNP-1-<INANIM>,WHNP,EQ,EQ_OBJ,tell
14334,0,what's inside your mouth?,1.0,-NONE-ABAR-WH-,T,WH,NP,NP,SUBJ,SUBJ,WHNP-1-<INANIM>,WHNP,MQ,MQ_SUBJ,
14336,0,what are you thinking about?,1.0,-NONE-ABAR-WH-,T,WH,NP,NP,OBJ,OBJ,WHNP-1-<INANIM>-<SUBJMATT-V1>,WHNP,MQ,MQ_OBJ,
14337,0,what's that *NULL* you're waving all around there?,2.0,-NONE-ABAR-RC-,T,RC,NP,NP,OBJ,OBJ,WHNP-2-<INANIM>-<PATIENT-V1>,WHNP,RC,RC_OBJ,
14337,1,what's that *NULL* you're waving all around there?,1.0,-NONE-ABAR-WH-,T,WH,NP,NP,OBJ,OBJ,WHNP-1-<INANIM>,WHNP,MQ,MQ_OBJ,
14338,0,what's that right there?,1.0,-NONE-ABAR-WH-,T,WH,NP,NP,OBJ,OBJ,WHNP-1-<INANIM>,WHNP,MQ,MQ_OBJ,
14343,0,what do you see there?,1.0,-NONE-ABAR-WH-,T,WH,NP,NP,OBJ,OBJ,WHNP-1-<INANIM>-<SUBJMATT-V1>,WHNP,MQ,MQ_OBJ,
14344,0,what's that?,1.0,-NONE-ABAR-WH-,T,WH,NP,NP,OBJ,OBJ,WHNP-1-<INANIM>,WHNP,MQ,MQ_OBJ,
14345,0,what are those red things?,1.0,-NONE-ABAR-WH-,T,WH,NP,NP,OBJ,OBJ,WHNP-1-<INANIM>,WHNP,MQ,MQ_OBJ,
14349,0,when you go outside you wear your boots?,1.0,-NONE-ABAR-RC-,T,RC,ADVP,ADVP,ADJUNCT,ADJUNCT,WHADVP-1,WHADVP,EQ,EQ_ADJUNCT,
14351,0,when it's wet.,1.0,-NONE-ABAR-RC-,T,RC,ADVP,ADVP,ADJUNCT,ADJUNCT,WHADVP-1,WHADVP,EQ,EQ_ADJUNCT,
14354,0,what do you see there?,1.0,-NONE-ABAR-WH-,T,WH,NP,NP,OBJ,OBJ,WHNP-1-<INANIM>-<SUBJMATT-V1>,WHNP,MQ,MQ_OBJ,
14357,0,do you remember what this is?,1.0,-NONE-ABAR-RC-,T,RC,NP,NP,OBJ,OBJ,WHNP-1-<INANIM>,WHNP,EQ,EQ_OBJ,remember
14359,0,do you remember what that is right there?,1.0,-NONE-ABAR-WH-,T,WH,NP,NP,OBJ,OBJ,WHNP-1-<INANIM>,WHNP,EQ,EQ_OBJ,remember
14360,0,what is that?,1.0,-NONE-ABAR-WH-,T,WH,NP,NP,OBJ,OBJ,WHNP-1-<INANIM>,WHNP,MQ,MQ_OBJ,
14362,0,what do you do the painting with?,1.0,-NONE-ABAR-WH-,T,WH,NP,NP,OBJ,OBJ,WHNP-1-<INANIM>-<INSTR-V1>,WHNP,MQ,MQ_OBJ,
14363,0,do you remember what that's called?,1.0,-NONE-ABAR-RC-,T,RC,NP,NP,OBJ,OBJ,WHNP-1-<INANIM>-<THEME-V2>,WHNP,EQ,EQ_OBJ,remember
14364,0,what is that called?,1.0,-NONE-ABAR-WH-,T,WH,NP,NP,OBJ,OBJ,WHNP-1-<INANIM>-<THEME-V1>,WHNP,MQ,MQ_OBJ,
14372,0,what do you see there?,1.0,-NONE-ABAR-WH-,T,WH,NP,NP,OBJ,OBJ,WHNP-1-<INANIM>-<SUBJMATT-V1>,WHNP,MQ,MQ_OBJ,
14377,0,what do you see that you like?,1.0,-NONE-ABAR-WH-,T,WH,NP,NP,ADJUNCT,ADJUNCT,WHNP-1-<INANIM>,WHNP,MQ,MQ_ADJUNCT,
14377,1,what do you see that you like?,2.0,-NONE-ABAR-RC-,T,RC,NP,NP,OBJ,OBJ,WHNP-2-<INANIM>-<SUBJMATT-V2>,WHNP,RC,RC_OBJ,
14378,0,do you see things that you like?,1.0,-NONE-ABAR-RC-,T,RC,NP,NP,OBJ,OBJ,WHNP-1-<INANIM>-<SUBJMATT-V2>,WHNP,RC,RC_OBJ,
14381,0,what did you eat?,1.0,-NONE-ABAR-WH-,T,WH,NP,NP,OBJ,OBJ,WHNP-1-<INANIM>-<PATIENT-V1>,WHNP,MQ,MQ_OBJ,
14385,0,what do you see?,1.0,-NONE-ABAR-WH-,T,WH,NP,NP,OBJ,OBJ,WHNP-1-<INANIM>-<SUBJMATT-V1>,WHNP,MQ,MQ_OBJ,
14407,0,do you know what it is now?,1.0,-NONE-ABAR-WH-,T,WH,NP,NP,OBJ,OBJ,WHNP-1-<INANIM>,WHNP,EQ,EQ_OBJ,know
14416,0,what do you see there?,1.0,-NONE-ABAR-WH-,T,WH,NP,NP,OBJ,OBJ,WHNP-1-<INANIM>-<SUBJMATT-V1>,WHNP,MQ,MQ_OBJ,
14420,0,you know what I do with it?,1.0,-NONE-ABAR-WH-,T,WH,NP,NP,OBJ,OBJ,WHNP-1-<INANIM>-<THEME-V2>,WHNP,EQ,EQ_OBJ,know
14423,0,"no, what do you do?",1.0,-NONE-ABAR-WH-,T,WH,NP,NP,OBJ,OBJ,WHNP-1-<INANIM>-<PATIENT-V1>,WHNP,MQ,MQ_OBJ,
14424,0,"can you say, can you ask what she does?",1.0,-NONE-ABAR-WH-,T,WH,NP,NP,OBJ,OBJ,WHNP-1-<INANIM>-<PATIENT-V3>,WHNP,EQ,EQ_OBJ,ask
14425,0,"well, what I do with it is, it listens to your voice.",1.0,-NONE-ABAR-RC-,T,RC,NP,NP,OBJ,OBJ,WHNP-1-<INANIM>-<THEME-V1>,WHNP,EQ,EQ_OBJ,
14426,0,and so when I go home it helps me remember what you said.,1.0,-NONE-ABAR-RC-,T,RC,ADVP,ADVP,ADJUNCT,ADJUNCT,WHADVP-1,WHADVP,EQ,EQ_ADJUNCT,
14426,1,and so when I go home it helps me remember what you said.,2.0,-NONE-ABAR-WH-,T,WH,NP,NP,OBJ,OBJ,WHNP-2-<INANIM>-<THEME-V4>,WHNP,EQ,EQ_OBJ,remember
14428,0,what are you thinking?,1.0,-NONE-ABAR-WH-,T,WH,NP,NP,OBJ,OBJ,WHNP-1-<INANIM>-<SUBJMATT-V1>,WHNP,MQ,MQ_OBJ,
14429,0,what would you like to do?,1.0,-NONE-ABAR-WH-,T,WH,NP,NP,OBJ,OBJ,WHNP-1-<INANIM>-<PATIENT-V2>,WHNP,MQ,MQ_OBJ,
14441,0,is there anything *NULL* you can tell her about the Christmas bear?,1.0,-NONE-ABAR-RC-,T,RC,NP,NP,OBJ,OBJ,WHNP-1-<INANIM>-<THEME-V1>,WHNP,RC,RC_OBJ,
14443,0,"can you tell her what he doesn't do, because he doesn't have",1.0,-NONE-ABAR-RC-,T,RC,NP,NP,OBJ,OBJ,WHNP-1-<INANIM>-<PATIENT-V2>,WHNP,EQ,EQ_OBJ,tell
14444,0,so what doesn't he do?,1.0,-NONE-ABAR-WH-,T,WH,NP,NP,OBJ,OBJ,WHNP-1-<INANIM>-<PATIENT-V1>,WHNP,MQ,MQ_OBJ,
14446,0,so what doesn't he do?,1.0,-NONE-ABAR-WH-,T,WH,NP,NP,OBJ,OBJ,WHNP-1-<INANIM>-<PATIENT-V1>,WHNP,MQ,MQ_OBJ,
14457,0,you know what he had on his feet last time *NULL* I was here?,1.0,-NONE-ABAR-WH-,T,WH,NP,NP,OBJ,OBJ,WHNP-1-<INANIM>-<PATIENT-V2>,WHNP,EQ,EQ_OBJ,know
14457,1,you know what he had on his feet last time *NULL* I was here?,1.0,-NONE-ABAR-RC-,T,RC,ADVP,ADVP,ADJUNCT,ADJUNCT,WHNP-1-<INANIM>-<PATIENT-V2>,WHNP,EQ,EQ_ADJUNCT,had
14468,0,I put the book on your shelf if you want your book.,,,,POLAR,,,,POLAR,,,EQ,EQ_POLAR,put
14476,0,is that only book *NULL* you'd like?,1.0,-NONE-ABAR-RC-,T,RC,NP,NP,OBJ,OBJ,WHNP-1-<INANIM>-<SUBJMATT-V1>,WHNP,RC,RC_OBJ,
14477,0,that's the same book *NULL* we looked at last time.,1.0,-NONE-ABAR-RC-,T,RC,NP,NP,OBJ,OBJ,WHNP-1-<INANIM>-<PATIENT-V1>,WHNP,RC,RC_OBJ,
14486,0,once a very long time ago there lived a man *NULL* called Noah.,1.0,-NONE-ABAR-RC-,T,RC,NP-2,NP,SUBJ,SUBJ,WHNP-1-<INANIM>-<PATIENT-V2>,WHNP,RC,RC_SUBJ,
14487,0,and what's he doing?,1.0,-NONE-ABAR-WH-,T,WH,NP,NP,OBJ,OBJ,WHNP-1-<INANIM>-<PATIENT-V1>,WHNP,EQ,EQ_OBJ,
14496,0,and what are they doing?,1.0,-NONE-ABAR-WH-,T,WH,NP,NP,OBJ,OBJ,WHNP-1-<INANIM>-<PATIENT-V1>,WHNP,EQ,EQ_OBJ,
14497,0,do you know what they're doing?,1.0,-NONE-ABAR-WH-,T,WH,NP,NP,OBJ,OBJ,WHNP-1-<INANIM>-<PATIENT-V2>,WHNP,EQ,EQ_OBJ,know
14498,0,what is this thing?,1.0,-NONE-ABAR-WH-,T,WH,NP,NP,OBJ,OBJ,WHNP-1-<INANIM>,WHNP,MQ,MQ_OBJ,
14503,0,and look what they did.,1.0,-NONE-ABAR-RC-,T,RC,NP,NP,OBJ,OBJ,WHNP-1-<INANIM>-<PATIENT-V2>,WHNP,EQ,EQ_OBJ,look
14504,0,when they cut it all in pieces it looks like that.,1.0,-NONE-ABAR-RC-,T,RC,ADVP,ADVP,ADJUNCT,ADJUNCT,WHADVP-1,WHADVP,EQ,EQ_ADJUNCT,
14508,0,what are they doing there?,1.0,-NONE-ABAR-WH-,T,WH,NP,NP,OBJ,OBJ,WHNP-1-<INANIM>-<PATIENT-V1>,WHNP,MQ,MQ_OBJ,
14509,0,"what are those, what are those women doing?",1.0,-NONE-ABAR-WH-,T,WH,NP,NP,OBJ,OBJ,WHNP-1,WHNP,MQ,MQ_OBJ,
14509,1,"what are those, what are those women doing?",2.0,-NONE-ABAR-WH-,T,WH,NP,NP,OBJ,OBJ,WHNP-2-<INANIM>-<PATIENT-V1>,WHNP,MQ,MQ_OBJ,
14516,0,and what goes in that boat?,1.0,-NONE-ABAR-WH-,T,WH,NP,NP,SUBJ,SUBJ,WHNP-1-<INANIM>-<THEME-V1>,WHNP,EQ,EQ_SUBJ,
14518,0,"who, who goes in it?",1.0,-NONE-ABAR-WH-,T,WH,NP,NP,SUBJ,SUBJ,WHNP-1-<INANIM>-<THEME-V1>,WHNP,MQ,MQ_SUBJ,
14522,0,"look what they're doing, they're filling the boat up with food too.",1.0,-NONE-ABAR-RC-,T,RC,NP,NP,OBJ,OBJ,WHNP-1-<INANIM>-<PATIENT-V2>,WHNP,EQ,EQ_OBJ,look
14526,0,what kinds of animals are there?,1.0,-NONE-ABAR-WH-,T,WH,NP,NP,OBJ,OBJ,WHNP-1-<INANIM>,WHNP,MQ,MQ_OBJ,
14528,0,what are these?,1.0,-NONE-ABAR-WH-,T,WH,NP,NP,OBJ,OBJ,WHNP-1-<INANIM>,WHNP,MQ,MQ_OBJ,
14532,0,and what are those?,1.0,-NONE-ABAR-WH-,T,WH,NP,NP,OBJ,OBJ,WHNP-1-<INANIM>,WHNP,EQ,EQ_OBJ,
14533,0,do you know what those are?,1.0,-NONE-ABAR-WH-,T,WH,NP,NP,OBJ,OBJ,WHNP-1-<INANIM>,WHNP,EQ,EQ_OBJ,know
14536,0,do you know what those are?,1.0,-NONE-ABAR-WH-,T,WH,NP,NP,OBJ,OBJ,WHNP-1-<INANIM>,WHNP,EQ,EQ_OBJ,know
14537,0,that's a hard kind of animal *NULL* to know.,1.0,-NONE-ABAR-RC-,T,RC,NP,NP,OBJ,OBJ,WHNP-1-<INANIM>-<SUBJMATT-V1>,WHNP,RC,RC_OBJ,
14538,0,what is that?,1.0,-NONE-ABAR-WH-,T,WH,NP,NP,OBJ,OBJ,WHNP-1-<INANIM>,WHNP,MQ,MQ_OBJ,
14541,0,I bet you don't know what those are.,1.0,-NONE-ABAR-RC-,T,RC,NP,NP,OBJ,OBJ,WHNP-1-<INANIM>,WHNP,EQ,EQ_OBJ,know
14542,0,what are those?,1.0,-NONE-ABAR-WH-,T,WH,NP,NP,OBJ,OBJ,WHNP-1-<INANIM>,WHNP,MQ,MQ_OBJ,
14547,0,I don't know what the birds are.,1.0,-NONE-ABAR-WH-,T,WH,NP,NP,OBJ,OBJ,WHNP-1-<INANIM>,WHNP,EQ,EQ_OBJ,know
14551,0,"when all had been done as God had ordered, Noah closed the door.",1.0,-NONE-ABAR-RC-,T,RC,ADVP,ADVP,ADJUNCT,ADJUNCT,WHADVP-1,WHADVP,EQ,EQ_ADJUNCT,
14567,0,what do you think they eat?,1.0,-NONE-ABAR-WH-,T,WH,NP,NP,OBJ,OBJ,WHNP-1-<INANIM>-<PATIENT-V2>,WHNP,EQ,EQ_OBJ,think
14572,0,what do you think the bears ate?,1.0,-NONE-ABAR-WH-,T,WH,NP,NP,OBJ,OBJ,WHNP-1-<INANIM>-<PATIENT-V2>,WHNP,EQ,EQ_OBJ,think
14582,0,can I get you something warm *NULL* to drink?,1.0,-NONE-ABAR-RC-,T,RC,NP,NP,OBJ,OBJ,WHNP-1-<INANIM>-<PATIENT-V2>,WHNP,RC,RC_OBJ,
14590,0,you know what that looks like?,1.0,-NONE-ABAR-WH-,T,WH,NP,NP,OBJ,OBJ,WHNP-1-<INANIM>,WHNP,EQ,EQ_OBJ,know
14613,0,that's where they live now.,1.0,-NONE-ABAR-RC-,T,RC,ADVP,ADVP,ADJUNCT,ADJUNCT,WHADVP-1,WHADVP,EQ,EQ_ADJUNCT,live
14614,0,what are these two?,1.0,-NONE-ABAR-WH-,T,WH,NP,NP,OBJ,OBJ,WHNP-1-<INANIM>,WHNP,MQ,MQ_OBJ,
14621,0,he will never send another flood *NULL* to wash the world away.,1.0,-NONE-ABAR-RC-,T,RC,NP,NP,SUBJ,SUBJ,WHNP-1-<INANIM>-<CAUSER-V3>,WHNP,RC,RC_SUBJ,
14622,0,from now on whenever we see a rainbow in the sky we will remember.,1.0,-NONE-ABAR-RC-,T,RC,ADVP,ADVP,ADJUNCT,ADJUNCT,WHADVP-1,WHADVP,EQ,EQ_ADJUNCT,
14633,0,is that what you said?,1.0,-NONE-ABAR-RC-,T,RC,NP,NP,OBJ,OBJ,WHNP-1-<INANIM>-<THEME-V1>,WHNP,EQ,EQ_OBJ,said
14634,0,that's what I heard.,1.0,-NONE-ABAR-RC-,T,RC,NP,NP,OBJ,OBJ,WHNP-1-<INANIM>-<SUBJMATT-V1>,WHNP,EQ,EQ_OBJ,heard
14635,0,what do you see?,1.0,-NONE-ABAR-WH-,T,WH,NP,NP,OBJ,OBJ,WHNP-1-<INANIM>-<SUBJMATT-V1>,WHNP,MQ,MQ_OBJ,
14647,0,what did you have on your Christmas tree when it was up?,1.0,-NONE-ABAR-WH-,T,WH,NP,NP,OBJ,OBJ,WHNP-1-<INANIM>-<THEME-V1>,WHNP,MQ,MQ_OBJ,
14647,1,what did you have on your Christmas tree when it was up?,2.0,-NONE-ABAR-RC-,T,RC,ADVP,ADVP,ADJUNCT,ADJUNCT,WHADVP-2,WHADVP,EQ,EQ_ADJUNCT,have
14652,0,do you remember what we hung on the Christmas tree?,1.0,-NONE-ABAR-WH-,T,WH,NP,NP,OBJ,OBJ,WHNP-1-<INANIM>-<PATIENT-V2>,WHNP,EQ,EQ_OBJ,remember
14655,0,can you show her where it was?,1.0,-NONE-ABAR-RC-,T,RC,ADVP,ADVP,ADJUNCT,ADJUNCT,WHADVP-1,WHADVP,EQ,EQ_ADJUNCT,show
14657,0,show me where it was.,1.0,-NONE-ABAR-RC-,T,RC,ADVP,ADVP,ADJUNCT,ADJUNCT,WHADVP-1,WHADVP,EQ,EQ_ADJUNCT,show
14658,0,can you show her where the Christmas tree was?,1.0,-NONE-ABAR-RC-,T,RC,ADVP,ADVP,ADJUNCT,ADJUNCT,WHADVP-1,WHADVP,EQ,EQ_ADJUNCT,show
14666,0,once there was a little bunny who wanted to run away.,1.0,-NONE-ABAR-RC-,T,RC,NP,NP,SUBJ,SUBJ,WHNP-1-<INANIM>-<EXPER-V1>,WHNP,RC,RC_SUBJ,
14679,0,where are you going?,1.0,-NONE-ABAR-WH-,T,WH,ADVP,ADVP,ADJUNCT,ADJUNCT,WHADVP-1,WHADVP,MQ,MQ_ADJUNCT,
14685,0,what's this one?,1.0,-NONE-ABAR-WH-,T,WH,NP,NP,OBJ,OBJ,WHNP-1-<INANIM>,WHNP,MQ,MQ_OBJ,
14692,0,why don't you have Mommy read to you for a little while?,1.0,-NONE-ABAR-WH-,T,WH,ADVP,ADVP,ADJUNCT,ADJUNCT,WHADVP-1,WHADVP,MQ,MQ_ADJUNCT,
14695,0,so what did Edith do?,1.0,-NONE-ABAR-WH-,T,WH,NP,NP,OBJ,OBJ,WHNP-1-<INANIM>-<PATIENT-V1>,WHNP,MQ,MQ_OBJ,
14697,0,that's what he said.,1.0,-NONE-ABAR-WH-,T,WH,NP,NP,OBJ,OBJ,WHNP-1-<INANIM>-<THEME-V1>,WHNP,EQ,EQ_OBJ,said
14702,0,what was your idea?,1.0,-NONE-ABAR-WH-,T,WH,NP,NP,OBJ,OBJ,WHNP-1-<INANIM>,WHNP,MQ,MQ_OBJ,
14703,0,"oh, that's a phrase *NULL* you like to say a lot, isn't it?",1.0,-NONE-ABAR-RC-,T,RC,NP,NP,OBJ,OBJ,WHNP-1-<INANIM>-<THEME-V2>,WHNP,RC,RC_OBJ,
14706,0,we'll think of you every time *NULL* we wear them.,1.0,-NONE-ABAR-RC-,T,RC,ADVP,ADVP,ADJUNCT,ADJUNCT,WHADVP-1,WHADVP,RC,RC_ADJUNCT,
14728,0,where's your coat?,1.0,-NONE-ABAR-WH-,T,WH,ADVP,ADVP,ADJUNCT,ADJUNCT,WHADVP-1,WHADVP,MQ,MQ_ADJUNCT,
14730,0,"here, why don't you come back up?",1.0,-NONE-ABAR-WH-,T,WH,ADVP,ADVP,ADJUNCT,ADJUNCT,WHADVP-1,WHADVP,MQ,MQ_ADJUNCT,
14736,0,how about if we talk?,,,,POLAR,,,,POLAR,,,EQ,EQ_POLAR,
14739,0,"oh, remember what you made last time when I was here?",1.0,-NONE-ABAR-WH-,T,WH,NP,NP,OBJ,OBJ,WHNP-1-<INANIM>-<PATIENT-V2>,WHNP,EQ,EQ_OBJ,remember
14739,1,"oh, remember what you made last time when I was here?",2.0,-NONE-ABAR-RC-,T,RC,ADVP,ADVP,ADJUNCT,ADJUNCT,WHADVP-2,WHADVP,EQ,EQ_ADJUNCT,made
14742,0,I wasn't sure if we did this last time or not.,,,,POLAR,,,,POLAR,,,EQ,EQ_POLAR,did
14743,0,I think you just got it out when I was leaving.,1.0,-NONE-ABAR-RC-,T,RC,ADVP,ADVP,ADJUNCT,ADJUNCT,WHADVP-1,WHADVP,EQ,EQ_ADJUNCT,got
14755,0,how can I read that?,1.0,-NONE-ABAR-WH-,T,WH,ADVP,ADVP,ADJUNCT,ADJUNCT,WHADVP-1,WHADVP,MQ,MQ_ADJUNCT,
14758,0,why don't you draw me something?,1.0,-NONE-ABAR-WH-,T,WH,ADVP,ADVP,ADJUNCT,ADJUNCT,WHADVP-1,WHADVP,MQ,MQ_ADJUNCT,
14769,0,can you tell her what your name is?,1.0,-NONE-ABAR-RC-,T,RC,NP,NP,OBJ,OBJ,WHNP-1-<INANIM>,WHNP,EQ,EQ_OBJ,tell
14779,0,"here, I don't think you should draw on top of this book, cause if",,,,POLAR,,,,POLAR,,,EQ,EQ_POLAR,draw
14781,0,what are you making now?,1.0,-NONE-ABAR-WH-,T,WH,NP,NP,OBJ,OBJ,WHNP-1-<INANIM>-<PATIENT-V1>,WHNP,MQ,MQ_OBJ,
14783,0,what are you making now?,1.0,-NONE-ABAR-WH-,T,WH,NP,NP,OBJ,OBJ,WHNP-1-<INANIM>-<PATIENT-V1>,WHNP,MQ,MQ_OBJ,
14787,0,"well, how about if I break it in half and you have half and I have",,,,POLAR,,,,POLAR,,,EQ,EQ_POLAR,
14794,0,let's make something else *NULL* to eat.,1.0,-NONE-ABAR-RC-,T,RC,NP,NP,OBJ,OBJ,WHNP-1-<INANIM>-<PATIENT-V3>,WHNP,RC,RC_OBJ,
14802,0,what do you say?,1.0,-NONE-ABAR-WH-,T,WH,NP,NP,OBJ,OBJ,WHNP-1-<INANIM>-<THEME-V1>,WHNP,MQ,MQ_OBJ,
14816,0,what other kinds of food are red?,1.0,-NONE-ABAR-WH-,T,WH,NP,NP,SUBJ,SUBJ,WHNP-1-<INANIM>,WHNP,MQ,MQ_SUBJ,
14820,0,can you think of something else *NULL* you like to eat?,1.0,-NONE-ABAR-RC-,T,RC,NP,NP,OBJ,OBJ,WHNP-1-<INANIM>-<PATIENT-V3>,WHNP,RC,RC_OBJ,
14821,0,what are you making there?,1.0,-NONE-ABAR-WH-,T,WH,NP,NP,OBJ,OBJ,WHNP-1-<INANIM>-<PATIENT-V1>,WHNP,MQ,MQ_OBJ,
14824,0,what's she saying?,1.0,-NONE-ABAR-WH-,T,WH,NP,NP,OBJ,OBJ,WHNP-1-<INANIM>-<THEME-V1>,WHNP,MQ,MQ_OBJ,
14831,0,where's my what?,1.0,-NONE-ABAR-WH-,T,WH,ADVP,ADVP,ADJUNCT,ADJUNCT,WHADVP-1,WHADVP,MQ,MQ_ADJUNCT,
14840,0,that's why it's.,1.0,-NONE-ABAR-WH-,T,WH,ADVP,ADVP,ADJUNCT,ADJUNCT,WHADVP-1,WHADVP,EQ,EQ_ADJUNCT,
14842,0,"and usually unsupervised is when it really happens, so",1.0,-NONE-ABAR-WH-,T,WH,ADVP,ADVP,ADJUNCT,ADJUNCT,WHADVP-1,WHADVP,EQ,EQ_ADJUNCT,happens
14843,0,"sometimes it's Child *NULL* being mean, and sometimes it's Shalom *NULL* being",1.0,-NONE-ABAR-RC-,T,RC,NP,NP,SUBJ,SUBJ,WHNP-1,WHNP,RC,RC_SUBJ,
14843,1,"sometimes it's Child *NULL* being mean, and sometimes it's Shalom *NULL* being",2.0,-NONE-ABAR-RC-,T,RC,NP,NP,SUBJ,SUBJ,WHNP-2-<ANIM>,WHNP,RC,RC_SUBJ,
14844,0,what are you looking for in there?,1.0,-NONE-ABAR-WH-,T,WH,NP,NP,OBJ,OBJ,WHNP-1-<INANIM>-<PATIENT-V1>,WHNP,MQ,MQ_OBJ,
14849,0,"oh, I know what's in there.",1.0,-NONE-ABAR-RC-,T,RC,NP,NP,SUBJ,SUBJ,WHNP-1-<INANIM>,WHNP,EQ,EQ_SUBJ,know
14851,0,do you know what this is?,1.0,-NONE-ABAR-WH-,T,WH,NP,NP,OBJ,OBJ,WHNP-1-<INANIM>,WHNP,EQ,EQ_OBJ,know
14852,0,"this is, I can put it on my tape recorder when my tape recorder runs",1.0,-NONE-ABAR-RC-,T,RC,ADVP,ADVP,ADJUNCT,ADJUNCT,WHADVP-1,WHADVP,EQ,EQ_ADJUNCT,put
14862,0,can you tell her what some of their names are?,1.0,-NONE-ABAR-RC-,T,RC,NP,NP,OBJ,OBJ,WHNP-1-<INANIM>,WHNP,EQ,EQ_OBJ,tell
14864,0,what are your friends ' names?,1.0,-NONE-ABAR-WH-,T,WH,NP,NP,OBJ,OBJ,WHNP-1-<INANIM>,WHNP,MQ,MQ_OBJ,
14866,0,who comes to play with you?,1.0,-NONE-ABAR-WH-,T,WH,NP,NP,SUBJ,SUBJ,WHNP-1-<ANIM>-<AGENT-V1>,WHNP,MQ,MQ_SUBJ,
14870,0,what should I draw?,1.0,-NONE-ABAR-WH-,T,WH,NP,NP,OBJ,OBJ,WHNP-1-<INANIM>-<PATIENT-V1>,WHNP,MQ,MQ_OBJ,
14877,0,another red one and what's the other color?,1.0,-NONE-ABAR-WH-,T,WH,NP,NP,OBJ,OBJ,WHNP-1-<INANIM>,WHNP,MQ,MQ_OBJ,
14882,0,what are you going to make?,1.0,-NONE-ABAR-WH-,T,WH,NP,NP,OBJ,OBJ,WHNP-1-<INANIM>-<PATIENT-V1>,WHNP,MQ,MQ_OBJ,
14884,0,what does a duck do?,1.0,-NONE-ABAR-WH-,T,WH,NP,NP,OBJ,OBJ,WHNP-1-<INANIM>-<PATIENT-V1>,WHNP,MQ,MQ_OBJ,
14885,0,what's he say?,1.0,-NONE-ABAR-WH-,T,WH,NP,NP,OBJ,OBJ,WHNP-1-<INANIM>-<THEME-V1>,WHNP,MQ,MQ_OBJ,
14886,0,what's a duck say?,1.0,-NONE-ABAR-WH-,T,WH,NP,NP,OBJ,OBJ,WHNP-1-<INANIM>-<THEME-V1>,WHNP,MQ,MQ_OBJ,
14892,0,where's the duck?,1.0,-NONE-ABAR-WH-,T,WH,ADVP,ADVP,ADJUNCT,ADJUNCT,WHADVP-1,WHADVP,MQ,MQ_ADJUNCT,
14893,0,"how, how, where's his head?",1.0,-NONE-ABAR-WH-,T,WH,ADVP,ADVP,ADJUNCT,ADJUNCT,WHADVP-1,WHADVP,MQ,MQ_ADJUNCT,
14894,0,"show me where his head is, so I can make the water on his",1.0,-NONE-ABAR-WH-,T,WH,ADVP,ADVP,ADJUNCT,ADJUNCT,WHADVP-1,WHADVP,EQ,EQ_ADJUNCT,show
14896,0,so if I make the water down here that would be good?,,,,POLAR,,,,POLAR,,,EQ,EQ_POLAR,
14901,0,do you know what else lives in the water?,1.0,-NONE-ABAR-WH-,T,WH,NP,NP,SUBJ,SUBJ,WHNP-1-<ANIM>-<THEME-V2>,WHNP,EQ,EQ_SUBJ,know
14903,0,what else lives in the water?,1.0,-NONE-ABAR-WH-,T,WH,NP,NP,SUBJ,SUBJ,WHNP-1-<ANIM>-<THEME-V1>,WHNP,MQ,MQ_SUBJ,
14914,0,that's what happens when,1.0,-NONE-ABAR-RC-,T,RC,NP,NP,SUBJ,SUBJ,WHNP-1-<INANIM>-<THEME-V1>,WHNP,EQ,EQ_SUBJ,happens
14918,0,"you know what, you know what Investigator's doing?",1.0,-NONE-ABAR-WH-,T,WH,NP,NP,OBJ,OBJ,WHNP-1-<INANIM>-<PATIENT-V3>,WHNP,EQ,EQ_OBJ,know
14920,0,do you know what that means?,1.0,-NONE-ABAR-WH-,T,WH,NP,NP,OBJ,OBJ,WHNP-1-<INANIM>-<SUBJMATT-V2>,WHNP,EQ,EQ_OBJ,know
14921,0,what does it mean?,1.0,-NONE-ABAR-WH-,T,WH,NP,NP,OBJ,OBJ,WHNP-1-<INANIM>-<SUBJMATT-V1>,WHNP,MQ,MQ_OBJ,
14922,0,"what did we, what did you tell Jill when we left her house?",1.0,-NONE-ABAR-WH-,T,WH,NP,NP,OBJ,OBJ,WHNP-1-<INANIM>-<THEME-V1>,WHNP,MQ,MQ_OBJ,
14922,1,"what did we, what did you tell Jill when we left her house?",2.0,-NONE-ABAR-RC-,T,RC,ADVP,ADVP,ADJUNCT,ADJUNCT,WHADVP-2,WHADVP,EQ,EQ_ADJUNCT,tell
14931,0,where are you going?,1.0,-NONE-ABAR-WH-,T,WH,ADVP,ADVP,ADJUNCT,ADJUNCT,WHADVP-1,WHADVP,MQ,MQ_ADJUNCT,
14935,0,"because, do you know where Daddy and Oma went?",1.0,-NONE-ABAR-WH-,T,WH,ADVP,ADVP,ADJUNCT,ADJUNCT,WHADVP-1,WHADVP,EQ,EQ_ADJUNCT,know
14940,0,what do you want to do?,1.0,-NONE-ABAR-WH-,T,WH,NP,NP,OBJ,OBJ,WHNP-1-<INANIM>-<PATIENT-V2>,WHNP,MQ,MQ_OBJ,
14944,0,"where's the train going, Child?",1.0,-NONE-ABAR-WH-,T,WH,ADVP,ADVP,ADJUNCT,ADJUNCT,WHADVP-1,WHADVP,MQ,MQ_ADJUNCT,
14971,0,"what are these, Child?",1.0,-NONE-ABAR-WH-,T,WH,NP,NP,OBJ,OBJ,WHNP-1-<INANIM>,WHNP,MQ,MQ_OBJ,
14980,0,where did it go?,1.0,-NONE-ABAR-WH-,T,WH,ADVP,ADVP,ADJUNCT,ADJUNCT,WHADVP-1,WHADVP,MQ,MQ_ADJUNCT,
14983,0,what's there?,1.0,-NONE-ABAR-WH-,T,WH,NP,NP,SUBJ,SUBJ,WHNP-1-<INANIM>,WHNP,MQ,MQ_SUBJ,
14984,0,what's it underneath?,1.0,-NONE-ABAR-WH-,T,WH,NP,NP,OBJ,OBJ,WHNP-1-<INANIM>,WHNP,MQ,MQ_OBJ,
14995,0,"you know what's wrong, Child?",1.0,-NONE-ABAR-WH-,T,WH,NP,NP,SUBJ,SUBJ,WHNP-1-<INANIM>,WHNP,EQ,EQ_SUBJ,know
15008,0,must be a little nail *NULL* sticking up.,1.0,-NONE-ABAR-RC-,T,RC,NP,NP,SUBJ,SUBJ,WHNP-1-<INANIM>-<THEME-V1>,WHNP,RC,RC_SUBJ,
15044,0,how's it doing?,1.0,-NONE-ABAR-WH-,T,WH,ADVP,ADVP,ADJUNCT,ADJUNCT,WHADVP-1,WHADVP,MQ,MQ_ADJUNCT,
15045,0,"okay, come here in the light where I can see it.",1.0,-NONE-ABAR-RC-,T,RC,ADVP,ADVP,ADJUNCT,ADJUNCT,WHADVP-1,WHADVP,EQ,EQ_ADJUNCT,come
15058,0,who says oopsala all the time?,1.0,-NONE-ABAR-WH-,T,WH,NP,NP,SUBJ,SUBJ,WHNP-1-<ANIM>-<AGENT-V1>,WHNP,MQ,MQ_SUBJ,
15062,0,where are all the cars?,1.0,-NONE-ABAR-WH-,T,WH,ADVP,ADVP,ADJUNCT,ADJUNCT,WHADVP-1,WHADVP,MQ,MQ_ADJUNCT,
15065,0,"well, what do you think that is?",1.0,-NONE-ABAR-WH-,T,WH,NP,NP,OBJ,OBJ,WHNP-1-<INANIM>,WHNP,EQ,EQ_OBJ,think
15069,0,what is it?,1.0,-NONE-ABAR-WH-,T,WH,NP,NP,OBJ,OBJ,WHNP-1-<INANIM>,WHNP,MQ,MQ_OBJ,
15070,0,who gave you your locomotive?,1.0,-NONE-ABAR-WH-,T,WH,NP,NP,SUBJ,SUBJ,WHNP-1-<ANIM>-<AGENT-V1>,WHNP,MQ,MQ_SUBJ,
15072,0,and where did she buy it?,1.0,-NONE-ABAR-WH-,T,WH,ADVP,ADVP,ADJUNCT,ADJUNCT,WHADVP-1,WHADVP,EQ,EQ_ADJUNCT,
15073,0,where did she buy the locomotive?,1.0,-NONE-ABAR-WH-,T,WH,ADVP,ADVP,ADJUNCT,ADJUNCT,WHADVP-1,WHADVP,MQ,MQ_ADJUNCT,
15077,0,where did she buy the locomotive?,1.0,-NONE-ABAR-WH-,T,WH,ADVP,ADVP,ADJUNCT,ADJUNCT,WHADVP-1,WHADVP,MQ,MQ_ADJUNCT,
15083,0,where's it going?,1.0,-NONE-ABAR-WH-,T,WH,ADVP,ADVP,ADJUNCT,ADJUNCT,WHADVP-1,WHADVP,MQ,MQ_ADJUNCT,
15084,0,where's it going?,1.0,-NONE-ABAR-WH-,T,WH,ADVP,ADVP,ADJUNCT,ADJUNCT,WHADVP-1,WHADVP,MQ,MQ_ADJUNCT,
15085,0,you be careful when you get it.,1.0,-NONE-ABAR-RC-,T,RC,ADVP,ADVP,ADJUNCT,ADJUNCT,WHADVP-1,WHADVP,EQ,EQ_ADJUNCT,get
15093,0,where were you?,1.0,-NONE-ABAR-WH-,T,WH,ADVP,ADVP,ADJUNCT,ADJUNCT,WHADVP-1,WHADVP,MQ,MQ_ADJUNCT,
15094,0,"where were you, Child?",1.0,-NONE-ABAR-WH-,T,WH,ADVP,ADVP,ADJUNCT,ADJUNCT,WHADVP-1,WHADVP,MQ,MQ_ADJUNCT,
15095,0,where are you?,1.0,-NONE-ABAR-WH-,T,WH,ADVP,ADVP,ADJUNCT,ADJUNCT,WHADVP-1,WHADVP,MQ,MQ_ADJUNCT,
15100,0,what are you doing to mommy?,1.0,-NONE-ABAR-WH-,T,WH,NP,NP,OBJ,OBJ,WHNP-1-<INANIM>-<THEME-V1>,WHNP,MQ,MQ_OBJ,
15110,0,what's in your pumpkin?,1.0,-NONE-ABAR-WH-,T,WH,NP,NP,SUBJ,SUBJ,WHNP-1-<INANIM>,WHNP,MQ,MQ_SUBJ,
15114,0,that's what he usually does.,1.0,-NONE-ABAR-RC-,T,RC,NP,NP,OBJ,OBJ,WHNP-1-<INANIM>-<PATIENT-V1>,WHNP,EQ,EQ_OBJ,does
15122,0,what color is that dump truck?,1.0,-NONE-ABAR-WH-,T,WH,NP,NP,OBJ,OBJ,WHNP-1-<INANIM>,WHNP,MQ,MQ_OBJ,
15131,0,"if you come here and sit down and talk to Investigator, I'll go turn",,,,POLAR,,,,POLAR,,,EQ,EQ_POLAR,
15165,0,what is this anyway?,1.0,-NONE-ABAR-WH-,T,WH,NP,NP,OBJ,OBJ,WHNP-1-<INANIM>,WHNP,MQ,MQ_OBJ,
15166,0,who gave you this?,1.0,-NONE-ABAR-WH-,T,WH,NP,NP,SUBJ,SUBJ,WHNP-1-<ANIM>-<AGENT-V1>,WHNP,MQ,MQ_SUBJ,
15167,0,"who gave you this, Child?",1.0,-NONE-ABAR-WH-,T,WH,NP,NP,SUBJ,SUBJ,WHNP-1-<ANIM>-<AGENT-V1>,WHNP,MQ,MQ_SUBJ,
15170,0,those are the ones that you play with in your bath.,1.0,-NONE-ABAR-RC-,T,RC,NP,NP,OBJ,OBJ,WHNP-1-<INANIM>-<PATIENT-V1>,WHNP,RC,RC_OBJ,
15179,0,you tell her what you're building.,1.0,-NONE-ABAR-RC-,T,RC,NP,NP,OBJ,OBJ,WHNP-1-<INANIM>-<PATIENT-V2>,WHNP,EQ,EQ_OBJ,tell
15180,0,what are you building?,1.0,-NONE-ABAR-WH-,T,WH,NP,NP,OBJ,OBJ,WHNP-1-<INANIM>-<PATIENT-V1>,WHNP,MQ,MQ_OBJ,
15183,0,and who's Bruce?,1.0,-NONE-ABAR-WH-,T,WH,NP,NP,OBJ,OBJ,WHNP-1-<ANIM>,WHNP,EQ,EQ_OBJ,
15184,0,"Investigator doesn't know who Bruce is, you have to tell her.",1.0,-NONE-ABAR-WH-,T,WH,NP,NP,OBJ,OBJ,WHNP-1-<ANIM>,WHNP,EQ,EQ_OBJ,know
15186,0,and what kind of machinery does he have?,1.0,-NONE-ABAR-WH-,T,WH,NP,NP,OBJ,OBJ,WHNP-1-<INANIM>-<THEME-V1>,WHNP,EQ,EQ_OBJ,
15189,0,why don't you tell Investigator what Bruce does when he gets the,2.0,-NONE-ABAR-RC-,T,RC,NP,NP,OBJ,OBJ,WHNP-2-<INANIM>-<PATIENT-V2>,WHNP,EQ,EQ_OBJ,tell
15189,1,why don't you tell Investigator what Bruce does when he gets the,3.0,-NONE-ABAR-RC-,T,RC,ADVP,ADVP,ADJUNCT,ADJUNCT,WHADVP-3,WHADVP,EQ,EQ_ADJUNCT,does
15190,0,what does he do?,1.0,-NONE-ABAR-WH-,T,WH,NP,NP,OBJ,OBJ,WHNP-1-<INANIM>-<PATIENT-V1>,WHNP,MQ,MQ_OBJ,
15192,0,I 'm not sure what that means.,1.0,-NONE-ABAR-WH-,T,WH,NP,NP,OBJ,OBJ,WHNP-1-<INANIM>-<SUBJMATT-V1>,WHNP,EQ,EQ_OBJ,means
15193,0,how does Bruce cut the hay?,1.0,-NONE-ABAR-WH-,T,WH,ADVP,ADVP,ADJUNCT,ADJUNCT,WHADVP-1,WHADVP,MQ,MQ_ADJUNCT,
15194,0,what does he have to do?,2.0,-NONE-ABAR-WH-,T,WH,NP,NP,OBJ,OBJ,WHNP-2-<INANIM>-<PATIENT-V1>,WHNP,MQ,MQ_OBJ,
15197,0,but how does he cut the hay?,1.0,-NONE-ABAR-WH-,T,WH,ADVP,ADVP,ADJUNCT,ADJUNCT,WHADVP-1,WHADVP,EQ,EQ_ADJUNCT,
15198,0,what does he have to do?,2.0,-NONE-ABAR-WH-,T,WH,NP,NP,OBJ,OBJ,WHNP-2-<INANIM>-<PATIENT-V1>,WHNP,MQ,MQ_OBJ,
15202,0,and what does he have to put on the tractor?,2.0,-NONE-ABAR-WH-,T,WH,NP,NP,OBJ,OBJ,WHNP-2-<INANIM>-<PATIENT-V1>,WHNP,EQ,EQ_OBJ,
15209,0,what does he do first?,1.0,-NONE-ABAR-WH-,T,WH,NP,NP,OBJ,OBJ,WHNP-1-<INANIM>-<PATIENT-V1>,WHNP,MQ,MQ_OBJ,
15213,0,where did it go?,1.0,-NONE-ABAR-WH-,T,WH,ADVP,ADVP,ADJUNCT,ADJUNCT,WHADVP-1,WHADVP,MQ,MQ_ADJUNCT,
15214,0,where did it go?,1.0,-NONE-ABAR-WH-,T,WH,ADVP,ADVP,ADJUNCT,ADJUNCT,WHADVP-1,WHADVP,MQ,MQ_ADJUNCT,
15215,0,what is this machinery going to do?,2.0,-NONE-ABAR-WH-,T,WH,NP,NP,OBJ,OBJ,WHNP-2-<INANIM>-<PATIENT-V1>,WHNP,MQ,MQ_OBJ,
15217,0,who gave you the bristle blocks?,1.0,-NONE-ABAR-WH-,T,WH,NP,NP,SUBJ,SUBJ,WHNP-1-<ANIM>-<AGENT-V1>,WHNP,MQ,MQ_SUBJ,
15220,0,do you remember on your birthday who came over to visit on your?,1.0,-NONE-ABAR-WH-,T,WH,NP,NP,SUBJ,SUBJ,WHNP-1-<ANIM>-<THEME-V2>,WHNP,EQ,EQ_SUBJ,remember
15226,0,what did you and Michael do?,1.0,-NONE-ABAR-WH-,T,WH,NP,NP,OBJ,OBJ,WHNP-1-<INANIM>-<PATIENT-V1>,WHNP,MQ,MQ_OBJ,
15227,0,yes and what did he give you as a present?,1.0,-NONE-ABAR-WH-,T,WH,NP,NP,OBJ,OBJ,WHNP-1-<INANIM>-<PATIENT-V1>,WHNP,EQ,EQ_OBJ,
15243,0,there was a balloon that looked like a hotdog and you threw it to,1.0,-NONE-ABAR-RC-,T,RC,NP,NP,SUBJ,SUBJ,WHNP-1-<INANIM>-<SUBJMATT-V1>,WHNP,RC,RC_SUBJ,
15246,0,what did you do with the skinny ones?,1.0,-NONE-ABAR-WH-,T,WH,NP,NP,OBJ,OBJ,WHNP-1-<INANIM>-<THEME-V1>,WHNP,MQ,MQ_OBJ,
15251,0,who blew up the balloons?,1.0,-NONE-ABAR-WH-,T,WH,NP,NP,SUBJ,SUBJ,WHNP-1-<ANIM>-<AGENT-V1>,WHNP,MQ,MQ_SUBJ,
15252,0,who blew up all the balloons?,1.0,-NONE-ABAR-WH-,T,WH,NP,NP,SUBJ,SUBJ,WHNP-1-<ANIM>-<AGENT-V1>,WHNP,MQ,MQ_SUBJ,
15255,0,who brought up the balloons in the basket?,1.0,-NONE-ABAR-WH-,T,WH,NP,NP,SUBJ,SUBJ,WHNP-1-<ANIM>-<AGENT-V1>,WHNP,MQ,MQ_SUBJ,
15256,0,and who are Karl and Karin?,1.0,-NONE-ABAR-WH-,T,WH,NP,NP,OBJ,OBJ,WHNP-1-<ANIM>,WHNP,EQ,EQ_OBJ,
15266,0,what color is that Datsun?,1.0,-NONE-ABAR-WH-,T,WH,NP,NP,OBJ,OBJ,WHNP-1-<INANIM>,WHNP,MQ,MQ_OBJ,
15268,0,where is your big sister?,1.0,-NONE-ABAR-WH-,T,WH,ADVP,ADVP,ADJUNCT,ADJUNCT,WHADVP-1,WHADVP,MQ,MQ_ADJUNCT,
15269,0,what's her name?,1.0,-NONE-ABAR-WH-,T,WH,NP,NP,OBJ,OBJ,WHNP-1-<INANIM>,WHNP,MQ,MQ_OBJ,
15270,0,and where is she now?,1.0,-NONE-ABAR-WH-,T,WH,ADVP,ADVP,ADJUNCT,ADJUNCT,WHADVP-1,WHADVP,EQ,EQ_ADJUNCT,
15271,0,and what does she do at Place?,1.0,-NONE-ABAR-WH-,T,WH,NP,NP,OBJ,OBJ,WHNP-1-<INANIM>-<PATIENT-V1>,WHNP,EQ,EQ_OBJ,
15272,0,"no, no, no, you know what she is.",1.0,-NONE-ABAR-WH-,T,WH,NP,NP,OBJ,OBJ,WHNP-1-<INANIM>,WHNP,EQ,EQ_OBJ,know
15275,0,"and what, what's your brother's name?",1.0,-NONE-ABAR-WH-,T,WH,NP,NP,OBJ,OBJ,WHNP-1-<INANIM>,WHNP,MQ,MQ_OBJ,
15279,0,and what does Karl do?,1.0,-NONE-ABAR-WH-,T,WH,NP,NP,OBJ,OBJ,WHNP-1-<INANIM>-<PATIENT-V1>,WHNP,EQ,EQ_OBJ,
15287,0,what are you going to be when you grow up?,2.0,-NONE-ABAR-WH-,T,WH,NP,NP,OBJ,OBJ,WHNP-2-<INANIM>,WHNP,MQ,MQ_OBJ,
15287,1,what are you going to be when you grow up?,3.0,-NONE-ABAR-RC-,T,RC,ADVP,ADVP,ADJUNCT,ADJUNCT,WHADVP-3,WHADVP,EQ,EQ_ADJUNCT,grow
15297,0,"he has a car *NULL* to drive, yes.",1.0,-NONE-ABAR-RC-,T,RC,NP,NP,OBJ,OBJ,WHNP-1-<INANIM>-<PATIENT-V2>,WHNP,RC,RC_OBJ,
15298,0,and when can you drive?,1.0,-NONE-ABAR-WH-,T,WH,ADVP,ADVP,ADJUNCT,ADJUNCT,WHADVP-1,WHADVP,EQ,EQ_ADJUNCT,
15309,0,"in the morning when we go to Jill's house, and we go outside to the",1.0,-NONE-ABAR-RC-,T,RC,ADVP,ADVP,ADJUNCT,ADJUNCT,WHADVP-1,WHADVP,EQ,EQ_ADJUNCT,
15310,0,what do you do for mommy when we get to the car?,1.0,-NONE-ABAR-WH-,T,WH,NP,NP,OBJ,OBJ,WHNP-1-<INANIM>-<PATIENT-V1>,WHNP,MQ,MQ_OBJ,
15310,1,what do you do for mommy when we get to the car?,2.0,-NONE-ABAR-RC-,T,RC,ADVP,ADVP,ADJUNCT,ADJUNCT,WHADVP-2,WHADVP,EQ,EQ_ADJUNCT,do
15348,0,go over there and Investigator will tell you what to put away.,1.0,-NONE-ABAR-RC-,T,RC,NP,NP,OBJ,OBJ,WHNP-1-<INANIM>-<PATIENT-V2>,WHNP,EQ,EQ_OBJ,tell
15360,0,what's that?,1.0,-NONE-ABAR-WH-,T,WH,NP,NP,OBJ,OBJ,WHNP-1-<INANIM>,WHNP,MQ,MQ_OBJ,
15361,0,what's that called?,2.0,-NONE-ABAR-WH-,T,WH,NP,NP,OBJ,OBJ,WHNP-2-<INANIM>-<THEME-V1>,WHNP,MQ,MQ_OBJ,
15362,0,"oh, is there one more squeaky thing *NULL* to go in the bag?",1.0,-NONE-ABAR-RC-,T,RC,NP,NP,SUBJ,SUBJ,WHNP-1-<INANIM>-<THEME-V1>,WHNP,RC,RC_SUBJ,
15399,0,what is it?,1.0,-NONE-ABAR-WH-,T,WH,NP,NP,OBJ,OBJ,WHNP-1-<INANIM>,WHNP,MQ,MQ_OBJ,
15402,0,what is he looking for?,1.0,-NONE-ABAR-WH-,T,WH,NP,NP,OBJ,OBJ,WHNP-1-<INANIM>-<PATIENT-V1>,WHNP,MQ,MQ_OBJ,
15405,0,what's that?,1.0,-NONE-ABAR-WH-,T,WH,NP,NP,OBJ,OBJ,WHNP-1-<INANIM>,WHNP,MQ,MQ_OBJ,
15414,0,"what's today, the twenty first?",1.0,-NONE-ABAR-WH-,T,WH,NP,NP,OBJ,OBJ,WHNP-1-<INANIM>,WHNP,MQ,MQ_OBJ,
15419,0,"what do you have there, young man?",1.0,-NONE-ABAR-WH-,T,WH,NP,NP,OBJ,OBJ,WHNP-1-<INANIM>-<THEME-V1>,WHNP,MQ,MQ_OBJ,
15422,0,what's in the bag?,1.0,-NONE-ABAR-WH-,T,WH,NP,NP,SUBJ,SUBJ,WHNP-1-<INANIM>,WHNP,MQ,MQ_SUBJ,
15423,0,what is that doing?,1.0,-NONE-ABAR-WH-,T,WH,NP,NP,OBJ,OBJ,WHNP-1-<INANIM>-<PATIENT-V1>,WHNP,MQ,MQ_OBJ,
15429,0,what do you have there?,1.0,-NONE-ABAR-WH-,T,WH,NP,NP,OBJ,OBJ,WHNP-1-<INANIM>-<THEME-V1>,WHNP,MQ,MQ_OBJ,
15430,0,what's there?,1.0,-NONE-ABAR-WH-,T,WH,NP,NP,SUBJ,SUBJ,WHNP-1-<INANIM>,WHNP,MQ,MQ_SUBJ,
15431,0,what do we have here?,1.0,-NONE-ABAR-WH-,T,WH,NP,NP,OBJ,OBJ,WHNP-1-<INANIM>-<THEME-V1>,WHNP,MQ,MQ_OBJ,
15433,0,"well, I cann't see if you keep turning the page.",,,,POLAR,,,,POLAR,,,EQ,EQ_POLAR,see
15434,0,what are those?,1.0,-NONE-ABAR-WH-,T,WH,NP,NP,OBJ,OBJ,WHNP-1-<INANIM>,WHNP,MQ,MQ_OBJ,
15444,0,you know what that's for?,1.0,-NONE-ABAR-WH-,T,WH,NP,NP,OBJ,OBJ,WHNP-1-<INANIM>,WHNP,EQ,EQ_OBJ,know
15446,0,and what's that on the fire engine?,1.0,-NONE-ABAR-WH-,T,WH,NP,NP,OBJ,OBJ,WHNP-1-<INANIM>,WHNP,EQ,EQ_OBJ,
15447,0,what's this called?,2.0,-NONE-ABAR-WH-,T,WH,NP,NP,OBJ,OBJ,WHNP-2-<INANIM>-<THEME-V1>,WHNP,MQ,MQ_OBJ,
15450,0,who climbs up on the ladder?,1.0,-NONE-ABAR-WH-,T,WH,NP,NP,SUBJ,SUBJ,WHNP-1-<ANIM>-<AGENT-V1>,WHNP,MQ,MQ_SUBJ,
15451,0,and where do they go?,1.0,-NONE-ABAR-WH-,T,WH,ADVP,ADVP,ADJUNCT,ADJUNCT,WHADVP-1,WHADVP,EQ,EQ_ADJUNCT,
15457,0,"oh, what's that?",1.0,-NONE-ABAR-WH-,T,WH,NP,NP,OBJ,OBJ,WHNP-1-<INANIM>,WHNP,MQ,MQ_OBJ,
15458,0,what is it?,1.0,-NONE-ABAR-WH-,T,WH,NP,NP,OBJ,OBJ,WHNP-1-<INANIM>,WHNP,MQ,MQ_OBJ,
15460,0,what kind of animal is this?,1.0,-NONE-ABAR-WH-,T,WH,NP,NP,OBJ,OBJ,WHNP-1-<INANIM>,WHNP,MQ,MQ_OBJ,
15467,0,what does Poopsky have?,1.0,-NONE-ABAR-WH-,T,WH,NP,NP,OBJ,OBJ,WHNP-1-<INANIM>-<THEME-V1>,WHNP,MQ,MQ_OBJ,
15487,0,ask Investigator if she would like a puppy.,,,,POLAR,,,,POLAR,,,EQ,EQ_POLAR,ask
15491,0,what's that?,1.0,-NONE-ABAR-WH-,T,WH,NP,NP,OBJ,OBJ,WHNP-1-<INANIM>,WHNP,MQ,MQ_OBJ,
15492,0,"what is that, Child?",1.0,-NONE-ABAR-WH-,T,WH,NP,NP,OBJ,OBJ,WHNP-1-<INANIM>,WHNP,MQ,MQ_OBJ,
15494,0,it's a little toy but what is it?,1.0,-NONE-ABAR-WH-,T,WH,NP,NP,OBJ,OBJ,WHNP-1-<INANIM>,WHNP,MQ,MQ_OBJ,
15495,0,"well, if it starts beating me up, I 'm not going to let it, no.",,,,POLAR,,,,POLAR,,,EQ,EQ_POLAR,
15503,0,who gave that to you?,1.0,-NONE-ABAR-WH-,T,WH,NP,NP,SUBJ,SUBJ,WHNP-1-<ANIM>-<AGENT-V1>,WHNP,MQ,MQ_SUBJ,
15505,0,who put the rubber band on there?,1.0,-NONE-ABAR-WH-,T,WH,NP,NP,SUBJ,SUBJ,WHNP-1-<ANIM>-<AGENT-V1>,WHNP,MQ,MQ_SUBJ,
15513,0,why did you say excuse me?,1.0,-NONE-ABAR-WH-,T,WH,ADVP,ADVP,ADJUNCT,ADJUNCT,WHADVP-1,WHADVP,MQ,MQ_ADJUNCT,
15515,0,that's the right thing *NULL* to do.,1.0,-NONE-ABAR-RC-,T,RC,NP,NP,OBJ,OBJ,WHNP-1-<INANIM>-<PATIENT-V1>,WHNP,RC,RC_OBJ,
15523,0,you'll let me know if you have to go to the bathroom?,,,,POLAR,,,,POLAR,,,EQ,EQ_POLAR,know
15525,0,"Child, listen, you'll let me know if you have to go?",,,,POLAR,,,,POLAR,,,EQ,EQ_POLAR,know
15534,0,why don't you do one and then the other?,1.0,-NONE-ABAR-WH-,T,WH,ADVP,ADVP,ADJUNCT,ADJUNCT,WHADVP-1,WHADVP,MQ,MQ_ADJUNCT,
15540,0,"now, Child, there's one thing *NULL* we have to be careful about.",2.0,-NONE-ABAR-RC-,T,RC,NP,NP,OBJ,OBJ,WHNP-2-<INANIM>,WHNP,RC,RC_OBJ,
15548,0,time *NULL* to get the nose again.,1.0,-NONE-ABAR-RC-,T,RC,ADVP,ADVP,ADJUNCT,ADJUNCT,WHADVP-1,WHADVP,RC,RC_ADJUNCT,
15572,0,where did we see a rollercoaster last time?,1.0,-NONE-ABAR-WH-,T,WH,ADVP,ADVP,ADJUNCT,ADJUNCT,WHADVP-1,WHADVP,MQ,MQ_ADJUNCT,
15580,0,what rides were you on when we were at the fair?,1.0,-NONE-ABAR-WH-,T,WH,NP,NP,OBJ,OBJ,WHNP-1-<INANIM>,WHNP,MQ,MQ_OBJ,
15580,1,what rides were you on when we were at the fair?,2.0,-NONE-ABAR-RC-,T,RC,ADVP,ADVP,ADJUNCT,ADJUNCT,WHADVP-2,WHADVP,EQ,EQ_ADJUNCT,
15588,0,you remember the rides *NULL* you went on?,1.0,-NONE-ABAR-RC-,T,RC,NP,NP,OBJ,OBJ,WHNP-1-<INANIM>-<GOAL-V2>,WHNP,RC,RC_OBJ,
15589,0,which rides were you on?,1.0,-NONE-ABAR-WH-,T,WH,NP,NP,OBJ,OBJ,WHNP-1-<INANIM>,WHNP,MQ,MQ_OBJ,
15590,0,what was that?,1.0,-NONE-ABAR-WH-,T,WH,NP,NP,OBJ,OBJ,WHNP-1-<INANIM>,WHNP,MQ,MQ_OBJ,
15594,0,"what are you thinking about, Child?",1.0,-NONE-ABAR-WH-,T,WH,NP,NP,OBJ,OBJ,WHNP-1-<INANIM>-<SUBJMATT-V1>,WHNP,MQ,MQ_OBJ,
15603,0,where were you?,1.0,-NONE-ABAR-WH-,T,WH,ADVP,ADVP,ADJUNCT,ADJUNCT,WHADVP-1,WHADVP,MQ,MQ_ADJUNCT,
15608,0,only if she invites you.,,,,POLAR,,,,POLAR,,,EQ,EQ_POLAR,
15617,0,"Child, do you remember what this is called?",2.0,-NONE-ABAR-WH-,T,WH,NP,NP,OBJ,OBJ,WHNP-2-<INANIM>-<THEME-V2>,WHNP,EQ,EQ_OBJ,remember
15618,0,what is it called?,2.0,-NONE-ABAR-WH-,T,WH,NP,NP,OBJ,OBJ,WHNP-2-<INANIM>-<THEME-V1>,WHNP,MQ,MQ_OBJ,
15623,0,what is it called?,2.0,-NONE-ABAR-WH-,T,WH,NP,NP,OBJ,OBJ,WHNP-2-<INANIM>-<THEME-V1>,WHNP,MQ,MQ_OBJ,
15628,0,where do you see a wind vane?,1.0,-NONE-ABAR-WH-,T,WH,ADVP,ADVP,ADJUNCT,ADJUNCT,WHADVP-1,WHADVP,MQ,MQ_ADJUNCT,
15630,0,where do you see the steeple?,1.0,-NONE-ABAR-WH-,T,WH,ADVP,ADVP,ADJUNCT,ADJUNCT,WHADVP-1,WHADVP,MQ,MQ_ADJUNCT,
15638,0,how should I do that?,1.0,-NONE-ABAR-WH-,T,WH,ADVP,ADVP,ADJUNCT,ADJUNCT,WHADVP-1,WHADVP,MQ,MQ_ADJUNCT,
15639,0,what should I do to help?,1.0,-NONE-ABAR-WH-,T,WH,NP,NP,OBJ,OBJ,WHNP-1-<INANIM>-<PATIENT-V1>,WHNP,MQ,MQ_OBJ,
15640,0,how should I do that?,1.0,-NONE-ABAR-WH-,T,WH,ADVP,ADVP,ADJUNCT,ADJUNCT,WHADVP-1,WHADVP,MQ,MQ_ADJUNCT,
15642,0,you show me how to do it.,1.0,-NONE-ABAR-RC-,T,RC,ADVP,ADVP,ADJUNCT,ADJUNCT,WHADVP-1,WHADVP,EQ,EQ_ADJUNCT,show
15652,0,now what are you doing?,1.0,-NONE-ABAR-WH-,T,WH,NP,NP,OBJ,OBJ,WHNP-1-<INANIM>-<PATIENT-V1>,WHNP,MQ,MQ_OBJ,
15654,0,and now what do we do?,1.0,-NONE-ABAR-WH-,T,WH,NP,NP,OBJ,OBJ,WHNP-1-<INANIM>-<PATIENT-V1>,WHNP,EQ,EQ_OBJ,
15660,0,what do you see up there?,1.0,-NONE-ABAR-WH-,T,WH,NP,NP,OBJ,OBJ,WHNP-1-<INANIM>-<SUBJMATT-V1>,WHNP,MQ,MQ_OBJ,
15664,0,you're pretty tall when you sit up there.,1.0,-NONE-ABAR-RC-,T,RC,ADVP,ADVP,ADJUNCT,ADJUNCT,WHADVP-1,WHADVP,EQ,EQ_ADJUNCT,sit
15670,0,"remember, when Investigator comes you sit right here.",2.0,-NONE-ABAR-RC-,T,RC,ADVP,ADVP,ADJUNCT,ADJUNCT,WHADVP-2,WHADVP,EQ,EQ_ADJUNCT,
15679,0,let's see how fast you can come back.,1.0,-NONE-ABAR-RC-,T,RC,ADVP,ADVP,ADJUNCT,ADJUNCT,WHADVP-1,WHADVP,EQ,EQ_ADJUNCT,see
15687,0,"oh, what did he want?",1.0,-NONE-ABAR-WH-,T,WH,NP,NP,OBJ,OBJ,WHNP-1-<INANIM>-<SUBJMATT-V1>,WHNP,MQ,MQ_OBJ,
15692,0,"oh, look what Investigator brought.",1.0,-NONE-ABAR-RC-,T,RC,NP,NP,OBJ,OBJ,WHNP-1-<INANIM>-<PATIENT-V1>,WHNP,EQ,EQ_OBJ,look
15707,0,what's wrong?,1.0,-NONE-ABAR-WH-,T,WH,NP,NP,SUBJ,SUBJ,WHNP-1-<INANIM>,WHNP,MQ,MQ_SUBJ,
15719,0,"maybe, you know what we can do?",1.0,-NONE-ABAR-WH-,T,WH,NP,NP,OBJ,OBJ,WHNP-1-<INANIM>-<PATIENT-V2>,WHNP,EQ,EQ_OBJ,know
15720,0,if you sit here and talk to Investigator mommy will get you a,,,,POLAR,,,,POLAR,,,EQ,EQ_POLAR,
15735,0,you know what all of these toys are.,1.0,-NONE-ABAR-WH-,T,WH,NP,NP,OBJ,OBJ,WHNP-1-<INANIM>,WHNP,EQ,EQ_OBJ,know
15739,0,do you remember what the other one was?,1.0,-NONE-ABAR-WH-,T,WH,NP,NP,OBJ,OBJ,WHNP-1-<INANIM>,WHNP,EQ,EQ_OBJ,remember
15740,0,what was it?,1.0,-NONE-ABAR-WH-,T,WH,NP,NP,OBJ,OBJ,WHNP-1-<INANIM>,WHNP,MQ,MQ_OBJ,
15744,0,what's that?,1.0,-NONE-ABAR-WH-,T,WH,NP,NP,OBJ,OBJ,WHNP-1-<INANIM>,WHNP,MQ,MQ_OBJ,
15746,0,is that what that's called?,2.0,-NONE-ABAR-RC-,T,RC,NP,NP,OBJ,OBJ,WHNP-2-<INANIM>-<THEME-V1>,WHNP,EQ,EQ_OBJ,called
15766,0,what are they telling me?,1.0,-NONE-ABAR-WH-,T,WH,NP,NP,OBJ,OBJ,WHNP-1-<INANIM>-<THEME-V1>,WHNP,MQ,MQ_OBJ,
15769,0,what animal is this?,1.0,-NONE-ABAR-WH-,T,WH,NP,NP,OBJ,OBJ,WHNP-1-<INANIM>,WHNP,MQ,MQ_OBJ,
15779,0,when Investigator's here you can have a drink here.,2.0,-NONE-ABAR-RC-,T,RC,ADVP,ADVP,ADJUNCT,ADJUNCT,WHADVP-2,WHADVP,EQ,EQ_ADJUNCT,
15816,0,you tell me who pops through.,1.0,-NONE-ABAR-RC-,T,RC,NP,NP,SUBJ,SUBJ,WHNP-1-<ANIM>-<THEME-V2>,WHNP,EQ,EQ_SUBJ,tell
15817,0,who's that?,1.0,-NONE-ABAR-WH-,T,WH,NP,NP,OBJ,OBJ,WHNP-1-<ANIM>,WHNP,MQ,MQ_OBJ,
15823,0,who's in there?,1.0,-NONE-ABAR-WH-,T,WH,NP,NP,SUBJ,SUBJ,WHNP-1-<ANIM>,WHNP,MQ,MQ_SUBJ,
15824,0,who is that?,1.0,-NONE-ABAR-WH-,T,WH,NP,NP,OBJ,OBJ,WHNP-1-<ANIM>,WHNP,MQ,MQ_OBJ,
15825,0,"well, who's this?",1.0,-NONE-ABAR-WH-,T,WH,NP,NP,OBJ,OBJ,WHNP-1-<ANIM>,WHNP,MQ,MQ_OBJ,
15826,0,Investigator wants to know who this is.,1.0,-NONE-ABAR-WH-,T,WH,NP,NP,OBJ,OBJ,WHNP-1-<ANIM>,WHNP,EQ,EQ_OBJ,know
15830,0,that was my favorite show on television when I was small.,1.0,-NONE-ABAR-RC-,T,RC,ADVP,ADVP,ADJUNCT,ADJUNCT,WHADVP-1,WHADVP,EQ,EQ_ADJUNCT,
15833,0,who are these characters?,1.0,-NONE-ABAR-WH-,T,WH,NP,NP,OBJ,OBJ,WHNP-1-<ANIM>,WHNP,MQ,MQ_OBJ,
15838,0,do you think I know who they are already?,1.0,-NONE-ABAR-WH-,T,WH,NP,NP,OBJ,OBJ,WHNP-1-<ANIM>,WHNP,EQ,EQ_OBJ,know
15839,0,you don't think I know who they are?,1.0,-NONE-ABAR-WH-,T,WH,NP,NP,OBJ,OBJ,WHNP-1-<ANIM>,WHNP,EQ,EQ_OBJ,know
15841,0,which ones are Ernie and Bert?,1.0,-NONE-ABAR-WH-,T,WH,NP,NP,SUBJ,SUBJ,WHNP-1-<INANIM>,WHNP,MQ,MQ_SUBJ,
15880,0,what happened to the names on the football?,1.0,-NONE-ABAR-WH-,T,WH,NP,NP,SUBJ,SUBJ,WHNP-1-<INANIM>-<THEME-V1>,WHNP,MQ,MQ_SUBJ,
15883,0,what names were on there?,1.0,-NONE-ABAR-WH-,T,WH,NP,NP,SUBJ,SUBJ,WHNP-1-<INANIM>,WHNP,MQ,MQ_SUBJ,
15885,0,what names were on there?,1.0,-NONE-ABAR-WH-,T,WH,NP,NP,SUBJ,SUBJ,WHNP-1-<INANIM>,WHNP,MQ,MQ_SUBJ,
15892,0,what do you want to do?,1.0,-NONE-ABAR-WH-,T,WH,NP,NP,OBJ,OBJ,WHNP-1-<INANIM>-<PATIENT-V2>,WHNP,MQ,MQ_OBJ,
15895,0,"well, tell me what you plan to do.",1.0,-NONE-ABAR-WH-,T,WH,NP,NP,OBJ,OBJ,WHNP-1-<INANIM>-<PATIENT-V3>,WHNP,EQ,EQ_OBJ,tell
15901,0,you know what we can do in.,1.0,-NONE-ABAR-WH-,T,WH,NP,NP,OBJ,OBJ,WHNP-1-<INANIM>-<PATIENT-V2>,WHNP,EQ,EQ_OBJ,know
15910,0,you know what we'll do?,1.0,-NONE-ABAR-WH-,T,WH,NP,NP,OBJ,OBJ,WHNP-1-<INANIM>-<PATIENT-V2>,WHNP,EQ,EQ_OBJ,know
15911,0,if you want mommy will read a little story to you and you can help.,,,,POLAR,,,,POLAR,,,EQ,EQ_POLAR,
15919,0,what's the first letter?,1.0,-NONE-ABAR-WH-,T,WH,NP,NP,SUBJ,SUBJ,WHNP-1-<INANIM>,WHNP,MQ,MQ_SUBJ,
15940,0,"what, what do we have here?",1.0,-NONE-ABAR-WH-,T,WH,NP,NP,OBJ,OBJ,WHNP-1-<INANIM>-<THEME-V1>,WHNP,MQ,MQ_OBJ,
15968,0,what else begins with kl?,1.0,-NONE-ABAR-WH-,T,WH,NP,NP,SUBJ,SUBJ,WHNP-1-<INANIM>-<THEME-V1>,WHNP,MQ,MQ_SUBJ,
15976,0,who's this?,1.0,-NONE-ABAR-WH-,T,WH,NP,NP,OBJ,OBJ,WHNP-1-<ANIM>,WHNP,MQ,MQ_OBJ,
15989,0,you use it when you say Oscar's only ostrich oiled an orange.,1.0,-NONE-ABAR-RC-,T,RC,ADVP,ADVP,ADJUNCT,ADJUNCT,WHADVP-1,WHADVP,EQ,EQ_ADJUNCT,use
15994,0,what do we have here?,1.0,-NONE-ABAR-WH-,T,WH,NP,NP,OBJ,OBJ,WHNP-1-<INANIM>-<THEME-V1>,WHNP,MQ,MQ_OBJ,
16025,0,look what's going on here.,1.0,-NONE-ABAR-RC-,T,RC,NP,NP,SUBJ,SUBJ,WHNP-1-<INANIM>-<THEME-V2>,WHNP,EQ,EQ_SUBJ,look
16026,0,what's that squeaky animal?,1.0,-NONE-ABAR-WH-,T,WH,NP,NP,OBJ,OBJ,WHNP-1-<INANIM>,WHNP,MQ,MQ_OBJ,
16027,0,what are you doing?,1.0,-NONE-ABAR-WH-,T,WH,NP,NP,OBJ,OBJ,WHNP-1-<INANIM>-<PATIENT-V1>,WHNP,MQ,MQ_OBJ,
16029,0,how are you doing that?,1.0,-NONE-ABAR-WH-,T,WH,ADVP,ADVP,ADJUNCT,ADJUNCT,WHADVP-1,WHADVP,MQ,MQ_ADJUNCT,
16032,0,if Willy Waterloo washes Wally Wiggins who washes Waldo.,,,,POLAR,,,,POLAR,,,EQ,EQ_POLAR,
16032,1,if Willy Waterloo washes Wally Wiggins who washes Waldo.,1.0,-NONE-ABAR-WH-,T,WH,NP,NP,SUBJ,SUBJ,WHNP-1-<INANIM>-<AGENT-V2>,WHNP,MQ,MQ_SUBJ,
16034,0,that's the one *NULL* I could never put to a rhyme.,1.0,-NONE-ABAR-RC-,T,RC,NP,NP,OBJ,OBJ,WHNP-1-<INANIM>-<PATIENT-V1>,WHNP,RC,RC_OBJ,
16036,0,xl is very useful if your name is.,,,,POLAR,,,,POLAR,,,EQ,EQ_POLAR,
16054,0,you know what we can do?,1.0,-NONE-ABAR-WH-,T,WH,NP,NP,OBJ,OBJ,WHNP-1-<INANIM>-<PATIENT-V2>,WHNP,EQ,EQ_OBJ,know
16055,0,we can show Investigator how you do a somersault.,1.0,-NONE-ABAR-RC-,T,RC,ADVP,ADVP,ADJUNCT,ADJUNCT,WHADVP-1,WHADVP,EQ,EQ_ADJUNCT,show
16064,0,what do I have?,1.0,-NONE-ABAR-WH-,T,WH,NP,NP,OBJ,OBJ,WHNP-1-<INANIM>-<THEME-V1>,WHNP,MQ,MQ_OBJ,
16074,0,and when it's ready she's going to call us.,3.0,-NONE-ABAR-WH-,T,WH,ADVP,ADVP,ADJUNCT,ADJUNCT,WHADVP-3,WHADVP,EQ,EQ_ADJUNCT,
16076,0,so when we hear her we'll know to go have dinner.,2.0,-NONE-ABAR-WH-,T,WH,ADVP,ADVP,ADJUNCT,ADJUNCT,WHADVP-2,WHADVP,EQ,EQ_ADJUNCT,
16082,0,be careful how you throw it in the house.,1.0,-NONE-ABAR-WH-,T,WH,ADVP,ADVP,ADJUNCT,ADJUNCT,WHADVP-1,WHADVP,EQ,EQ_ADJUNCT,throw
16090,0,"what's the football doing, huh?",1.0,-NONE-ABAR-WH-,T,WH,NP,NP,OBJ,OBJ,WHNP-1-<INANIM>-<PATIENT-V1>,WHNP,MQ,MQ_OBJ,
16091,0,you don't want to tell Investigator what names were on the football?,1.0,-NONE-ABAR-RC-,T,RC,NP,NP,SUBJ,SUBJ,WHNP-1-<INANIM>,WHNP,EQ,EQ_SUBJ,tell
16101,0,"oh, what are they doing?",1.0,-NONE-ABAR-WH-,T,WH,NP,NP,OBJ,OBJ,WHNP-1-<INANIM>-<PATIENT-V1>,WHNP,MQ,MQ_OBJ,
16105,0,see if they're okay.,,,,POLAR,,,,POLAR,,,EQ,EQ_POLAR,see
16110,0,and who's this?,1.0,-NONE-ABAR-WH-,T,WH,NP,NP,OBJ,OBJ,WHNP-1-<ANIM>,WHNP,EQ,EQ_OBJ,
16113,0,and who is this?,1.0,-NONE-ABAR-WH-,T,WH,NP,NP,OBJ,OBJ,WHNP-1-<ANIM>,WHNP,EQ,EQ_OBJ,
16115,0,and who's left?,1.0,-NONE-ABAR-WH-,T,WH,NP-2,NP,SUBJ,SUBJ,WHNP-1-<ANIM>-<THEME-V1>,WHNP,EQ,EQ_SUBJ,
16123,0,who is missing?,1.0,-NONE-ABAR-WH-,T,WH,NP,NP,SUBJ,SUBJ,WHNP-1-<ANIM>-<THEME-V1>,WHNP,MQ,MQ_SUBJ,
16141,0,"well, I thought that there was one toy that you really liked, and",1.0,-NONE-ABAR-RC-,T,RC,NP,NP,OBJ,OBJ,WHNP-1-<INANIM>-<SUBJMATT-V2>,WHNP,RC,RC_OBJ,
16142,0,which toy did you really like?,1.0,-NONE-ABAR-WH-,T,WH,NP,NP,OBJ,OBJ,WHNP-1-<INANIM>-<SUBJMATT-V1>,WHNP,MQ,MQ_OBJ,
16154,0,what do you say?,1.0,-NONE-ABAR-WH-,T,WH,NP,NP,OBJ,OBJ,WHNP-1-<INANIM>-<THEME-V1>,WHNP,MQ,MQ_OBJ,
16193,0,so why don't you put that on the table?,1.0,-NONE-ABAR-WH-,T,WH,ADVP,ADVP,ADJUNCT,ADJUNCT,WHADVP-1,WHADVP,MQ,MQ_ADJUNCT,
16199,0,"how about if I watch, and you do it?",,,,POLAR,,,,POLAR,,,EQ,EQ_POLAR,
16201,0,where's the crane?,1.0,-NONE-ABAR-WH-,T,WH,ADVP,ADVP,ADJUNCT,ADJUNCT,WHADVP-1,WHADVP,MQ,MQ_ADJUNCT,
16202,0,where's the crane?,1.0,-NONE-ABAR-WH-,T,WH,ADVP,ADVP,ADJUNCT,ADJUNCT,WHADVP-1,WHADVP,MQ,MQ_ADJUNCT,
16211,0,how about if you just put the book in.,,,,POLAR,,,,POLAR,,,EQ,EQ_POLAR,
16225,0,what song do you like to sing?,1.0,-NONE-ABAR-WH-,T,WH,NP,NP,OBJ,OBJ,WHNP-1-<INANIM>-<PATIENT-V2>,WHNP,MQ,MQ_OBJ,
16226,0,what do we sing in the car in the morning?,1.0,-NONE-ABAR-WH-,T,WH,NP,NP,OBJ,OBJ,WHNP-1-<INANIM>-<PATIENT-V1>,WHNP,MQ,MQ_OBJ,
16228,0,what song do we sing in the morning?,1.0,-NONE-ABAR-WH-,T,WH,NP,NP,OBJ,OBJ,WHNP-1-<INANIM>-<PATIENT-V1>,WHNP,MQ,MQ_OBJ,
16235,0,"no, the dinosaurs are at, at, where Investigator works, and they're",1.0,-NONE-ABAR-RC-,T,RC,NP,NP,OBJ,OBJ,WHADVP-1,WHADVP,EQ,EQ_OBJ,
16237,0,"yes, that's where daddy works too, you know.",2.0,-NONE-ABAR-RC-,T,RC,ADVP,ADVP,ADJUNCT,ADJUNCT,WHADVP-2,WHADVP,EQ,EQ_ADJUNCT,works
16243,0,that's why we have to entertain her for a few more minutes.,2.0,-NONE-ABAR-RC-,T,RC,ADVP,ADVP,ADJUNCT,ADJUNCT,WHADVP-2,WHADVP,EQ,EQ_ADJUNCT,entertain
16250,0,what happened?,1.0,-NONE-ABAR-WH-,T,WH,NP,NP,SUBJ,SUBJ,WHNP-1-<INANIM>-<THEME-V1>,WHNP,MQ,MQ_SUBJ,
16257,0,so whose helicopter is it?,1.0,-NONE-ABAR-WH-,T,WH,NP,NP,OBJ,OBJ,WHNP-1-<INANIM>,WHNP,MQ,MQ_OBJ,
16258,0,whose helicopter is this now?,1.0,-NONE-ABAR-WH-,T,WH,NP,NP,OBJ,OBJ,WHNP-1-<INANIM>,WHNP,MQ,MQ_OBJ,
16272,0,what do you fight about.,1.0,-NONE-ABAR-WH-,T,WH,NP,NP,OBJ,OBJ,WHNP-1-<INANIM>-<THEME-V1>,WHNP,MQ,MQ_OBJ,
16279,0,do you want to see what I have in my bag?,1.0,-NONE-ABAR-RC-,T,RC,NP,NP,OBJ,OBJ,WHNP-1-<INANIM>-<THEME-V3>,WHNP,EQ,EQ_OBJ,see
16282,0,"oh, do you know what that is?",1.0,-NONE-ABAR-WH-,T,WH,NP,NP,OBJ,OBJ,WHNP-1-<INANIM>,WHNP,EQ,EQ_OBJ,know
16289,0,I 'm going to go up and get something *NULL* to put on him.,2.0,-NONE-ABAR-RC-,T,RC,NP,NP,OBJ,OBJ,WHNP-2-<INANIM>-<PATIENT-V3>,WHNP,RC,RC_OBJ,
16294,0,what's that?,1.0,-NONE-ABAR-WH-,T,WH,NP,NP,OBJ,OBJ,WHNP-1-<INANIM>,WHNP,MQ,MQ_OBJ,
16299,0,what's that?,1.0,-NONE-ABAR-WH-,T,WH,NP,NP,OBJ,OBJ,WHNP-1-<INANIM>,WHNP,MQ,MQ_OBJ,
16300,0,what is that guy?,1.0,-NONE-ABAR-WH-,T,WH,NP,NP,OBJ,OBJ,WHNP-1-<INANIM>,WHNP,MQ,MQ_OBJ,
16310,0,what's that?,1.0,-NONE-ABAR-WH-,T,WH,NP,NP,OBJ,OBJ,WHNP-1-<INANIM>,WHNP,MQ,MQ_OBJ,
16312,0,"oh, boy, what's on the cover?",1.0,-NONE-ABAR-WH-,T,WH,NP,NP,SUBJ,SUBJ,WHNP-1-<INANIM>,WHNP,MQ,MQ_SUBJ,
16315,0,what kind of trucks are those over there?,1.0,-NONE-ABAR-WH-,T,WH,NP,NP,OBJ,OBJ,WHNP-1-<INANIM>,WHNP,MQ,MQ_OBJ,
16317,0,do you know what those are?,1.0,-NONE-ABAR-WH-,T,WH,NP,NP,OBJ,OBJ,WHNP-1-<INANIM>,WHNP,EQ,EQ_OBJ,know
16319,0,what is that?,1.0,-NONE-ABAR-WH-,T,WH,NP,NP,OBJ,OBJ,WHNP-1-<INANIM>,WHNP,MQ,MQ_OBJ,
16324,0,is that what it is?,1.0,-NONE-ABAR-RC-,T,RC,NP,NP,ADJUNCT,ADJUNCT,WHNP-1-<INANIM>,WHNP,EQ,EQ_ADJUNCT,
16327,0,"well, there's lots of pictures that you can look at.",1.0,-NONE-ABAR-RC-,T,RC,NP,NP,OBJ,OBJ,WHNP-1-<INANIM>-<PATIENT-V1>,WHNP,RC,RC_OBJ,
16328,0,and there's some things that you know and some things that you,1.0,-NONE-ABAR-RC-,T,RC,NP,NP,OBJ,OBJ,WHNP-1-<INANIM>-<SUBJMATT-V1>,WHNP,RC,RC_OBJ,
16329,0,what's that?,1.0,-NONE-ABAR-WH-,T,WH,NP,NP,OBJ,OBJ,WHNP-1-<INANIM>,WHNP,MQ,MQ_OBJ,
16331,0,what's that?,1.0,-NONE-ABAR-WH-,T,WH,NP,NP,OBJ,OBJ,WHNP-1-<INANIM>,WHNP,MQ,MQ_OBJ,
16334,0,"oh, what is it called?",2.0,-NONE-ABAR-WH-,T,WH,NP,NP,OBJ,OBJ,WHNP-2-<INANIM>-<THEME-V1>,WHNP,MQ,MQ_OBJ,
16335,0,you know what it's called.,2.0,-NONE-ABAR-WH-,T,WH,NP,NP,OBJ,OBJ,WHNP-2-<INANIM>-<THEME-V2>,WHNP,EQ,EQ_OBJ,know
16348,0,how old is this little guy?,1.0,-NONE-ABAR-WH-,T,WH,NP,NP,OBJ,OBJ,WHNP-1,WHNP,MQ,MQ_OBJ,
16353,0,you know what those long hairs are called?,2.0,-NONE-ABAR-WH-,T,WH,NP,NP,OBJ,OBJ,WHNP-2-<INANIM>-<THEME-V2>,WHNP,EQ,EQ_OBJ,know
16357,0,do you mind if I feed him?,,,,POLAR,,,,POLAR,,,EQ,EQ_POLAR,mind
16361,0,where's that book?,1.0,-NONE-ABAR-WH-,T,WH,ADVP,ADVP,ADJUNCT,ADJUNCT,WHADVP-1,WHADVP,MQ,MQ_ADJUNCT,
16367,0,and do you know what that is?,1.0,-NONE-ABAR-WH-,T,WH,NP,NP,OBJ,OBJ,WHNP-1-<INANIM>,WHNP,EQ,EQ_OBJ,know
16372,0,what color is that?,1.0,-NONE-ABAR-WH-,T,WH,NP,NP,OBJ,OBJ,WHNP-1-<INANIM>,WHNP,MQ,MQ_OBJ,
16379,0,which one's purple?,1.0,-NONE-ABAR-WH-,T,WH,NP,NP,SUBJ,SUBJ,WHNP-1-<INANIM>,WHNP,MQ,MQ_SUBJ,
16387,0,and you know what you do?,1.0,-NONE-ABAR-WH-,T,WH,NP,NP,OBJ,OBJ,WHNP-1-<INANIM>-<PATIENT-V2>,WHNP,EQ,EQ_OBJ,know
16391,0,I bet cha you know what that is.,1.0,-NONE-ABAR-WH-,T,WH,NP,NP,OBJ,OBJ,WHNP-1-<INANIM>,WHNP,EQ,EQ_OBJ,know
16393,0,"ok, let's see what's here?",1.0,-NONE-ABAR-RC-,T,RC,NP,NP,SUBJ,SUBJ,WHNP-1-<INANIM>,WHNP,EQ,EQ_SUBJ,see
16394,0,do you know what that is?,1.0,-NONE-ABAR-WH-,T,WH,NP,NP,OBJ,OBJ,WHNP-1-<INANIM>,WHNP,EQ,EQ_OBJ,know
16398,0,"oh, what's that?",1.0,-NONE-ABAR-WH-,T,WH,NP,NP,OBJ,OBJ,WHNP-1-<INANIM>,WHNP,MQ,MQ_OBJ,
16404,0,"yeah, you know what those are.",1.0,-NONE-ABAR-WH-,T,WH,NP,NP,OBJ,OBJ,WHNP-1-<INANIM>,WHNP,EQ,EQ_OBJ,know
16405,0,what's that?,1.0,-NONE-ABAR-WH-,T,WH,NP,NP,OBJ,OBJ,WHNP-1-<INANIM>,WHNP,MQ,MQ_OBJ,
16409,0,we have a friend who has a bird named Wolfie.,1.0,-NONE-ABAR-RC-,T,RC,NP,NP,SUBJ,SUBJ,WHNP-1-<ANIM>-<POSSESS-V2>,WHNP,RC,RC_SUBJ,
16415,0,whenever he sees a bird he always refers to that.,2.0,-NONE-ABAR-RC-,T,RC,ADVP,ADVP,ADJUNCT,ADJUNCT,WHADVP-2,WHADVP,EQ,EQ_ADJUNCT,
16422,0,what's this?,1.0,-NONE-ABAR-WH-,T,WH,NP,NP,OBJ,OBJ,WHNP-1-<INANIM>,WHNP,MQ,MQ_OBJ,
16423,0,do you know what that is?,1.0,-NONE-ABAR-WH-,T,WH,NP,NP,OBJ,OBJ,WHNP-1-<INANIM>,WHNP,EQ,EQ_OBJ,know
16425,0,let's see what's on the next page.,1.0,-NONE-ABAR-RC-,T,RC,NP,NP,SUBJ,SUBJ,WHNP-1-<INANIM>,WHNP,EQ,EQ_SUBJ,see
16427,0,what's that?,1.0,-NONE-ABAR-WH-,T,WH,NP,NP,OBJ,OBJ,WHNP-1-<INANIM>,WHNP,MQ,MQ_OBJ,
16429,0,"those are the stairs *NULL* going up, and that's the stair railing.",1.0,-NONE-ABAR-RC-,T,RC,NP,NP,SUBJ,SUBJ,WHNP-1-<INANIM>-<THEME-V1>,WHNP,RC,RC_SUBJ,
16430,0,and what's that?,1.0,-NONE-ABAR-WH-,T,WH,NP,NP,OBJ,OBJ,WHNP-1-<INANIM>,WHNP,EQ,EQ_OBJ,
16432,0,a special kind of lamp *NULL* to put on your desk.,1.0,-NONE-ABAR-RC-,T,RC,NP,NP,OBJ,OBJ,WHNP-1-<INANIM>-<PATIENT-V1>,WHNP,RC,RC_OBJ,
16435,0,what's that?,1.0,-NONE-ABAR-WH-,T,WH,NP,NP,OBJ,OBJ,WHNP-1-<INANIM>,WHNP,MQ,MQ_OBJ,
16441,0,what do you do with em?,1.0,-NONE-ABAR-WH-,T,WH,NP,NP,OBJ,OBJ,WHNP-1-<INANIM>-<THEME-V1>,WHNP,MQ,MQ_OBJ,
16442,0,"oh, what do you cut like paper?",1.0,-NONE-ABAR-WH-,T,WH,NP,NP,OBJ,OBJ,WHNP-1-<INANIM>-<PATIENT-V1>,WHNP,MQ,MQ_OBJ,
16451,0,what's that?,1.0,-NONE-ABAR-WH-,T,WH,NP,NP,OBJ,OBJ,WHNP-1-<INANIM>,WHNP,MQ,MQ_OBJ,
16453,0,do you know what that is?,1.0,-NONE-ABAR-WH-,T,WH,NP,NP,OBJ,OBJ,WHNP-1-<INANIM>,WHNP,EQ,EQ_OBJ,know
16455,0,you know what that is?,1.0,-NONE-ABAR-WH-,T,WH,NP,NP,OBJ,OBJ,WHNP-1-<INANIM>,WHNP,EQ,EQ_OBJ,know
16470,0,do you have any toys *NULL* you want to show me?,1.0,-NONE-ABAR-RC-,T,RC,NP,NP,OBJ,OBJ,WHNP-1-<INANIM>-<PATIENT-V3>,WHNP,RC,RC_OBJ,
16476,0,what are your favorite toys?,1.0,-NONE-ABAR-WH-,T,WH,NP,NP,OBJ,OBJ,WHNP-1-<INANIM>,WHNP,MQ,MQ_OBJ,
16484,0,what's your favorite color of playdough?,1.0,-NONE-ABAR-WH-,T,WH,NP,NP,OBJ,OBJ,WHNP-1-<INANIM>,WHNP,MQ,MQ_OBJ,
16492,0,and what does Mommy say?,1.0,-NONE-ABAR-WH-,T,WH,NP,NP,OBJ,OBJ,WHNP-1-<INANIM>-<THEME-V1>,WHNP,EQ,EQ_OBJ,
16500,0,do you know what some of these things are?,1.0,-NONE-ABAR-WH-,T,WH,NP,NP,OBJ,OBJ,WHNP-1-<INANIM>,WHNP,EQ,EQ_OBJ,know
16506,0,what do we do with the hose in the summer?,1.0,-NONE-ABAR-WH-,T,WH,NP,NP,OBJ,OBJ,WHNP-1-<INANIM>-<THEME-V1>,WHNP,MQ,MQ_OBJ,
16514,0,what's that?,1.0,-NONE-ABAR-WH-,T,WH,NP,NP,OBJ,OBJ,WHNP-1-<INANIM>,WHNP,MQ,MQ_OBJ,
16518,0,do you know what that thing is?,1.0,-NONE-ABAR-WH-,T,WH,NP,NP,OBJ,OBJ,WHNP-1-<INANIM>,WHNP,EQ,EQ_OBJ,know
16525,0,what do you do with it?,1.0,-NONE-ABAR-WH-,T,WH,NP,NP,OBJ,OBJ,WHNP-1-<INANIM>-<THEME-V1>,WHNP,MQ,MQ_OBJ,
16527,0,where's the hammer?,1.0,-NONE-ABAR-WH-,T,WH,ADVP,ADVP,ADJUNCT,ADJUNCT,WHADVP-1,WHADVP,MQ,MQ_ADJUNCT,
16531,0,do you know what that is?,1.0,-NONE-ABAR-WH-,T,WH,NP,NP,OBJ,OBJ,WHNP-1-<INANIM>,WHNP,EQ,EQ_OBJ,know
16534,0,"well, sometimes you can paint the wall if the walls need to be",,,,POLAR,,,,POLAR,,,EQ,EQ_POLAR,paint
16538,0,"oh, what's that?",1.0,-NONE-ABAR-WH-,T,WH,NP,NP,OBJ,OBJ,WHNP-1-<INANIM>,WHNP,MQ,MQ_OBJ,
16539,0,I bet you know what that is.,1.0,-NONE-ABAR-WH-,T,WH,NP,NP,OBJ,OBJ,WHNP-1-<INANIM>,WHNP,EQ,EQ_OBJ,know
16541,0,let's see what's on the next page.,1.0,-NONE-ABAR-RC-,T,RC,NP,NP,SUBJ,SUBJ,WHNP-1-<INANIM>,WHNP,EQ,EQ_SUBJ,see
16542,0,what's that?,1.0,-NONE-ABAR-WH-,T,WH,NP,NP,OBJ,OBJ,WHNP-1-<INANIM>,WHNP,MQ,MQ_OBJ,
16547,0,and what do you do with it?,1.0,-NONE-ABAR-WH-,T,WH,NP,NP,OBJ,OBJ,WHNP-1-<INANIM>-<THEME-V1>,WHNP,EQ,EQ_OBJ,
16555,0,what did you do?,1.0,-NONE-ABAR-WH-,T,WH,NP,NP,OBJ,OBJ,WHNP-1-<INANIM>-<PATIENT-V1>,WHNP,MQ,MQ_OBJ,
16558,0,what did you put in the water?,1.0,-NONE-ABAR-WH-,T,WH,NP,NP,OBJ,OBJ,WHNP-1-<INANIM>-<PATIENT-V1>,WHNP,MQ,MQ_OBJ,
16563,0,what did you put in the water?,1.0,-NONE-ABAR-WH-,T,WH,NP,NP,OBJ,OBJ,WHNP-1-<INANIM>-<PATIENT-V1>,WHNP,MQ,MQ_OBJ,
16564,0,what's it look like?,1.0,-NONE-ABAR-WH-,T,WH,NP,NP,OBJ,OBJ,WHNP-1-<INANIM>,WHNP,MQ,MQ_OBJ,
16576,0,what are these?,1.0,-NONE-ABAR-WH-,T,WH,NP,NP,OBJ,OBJ,WHNP-1-<INANIM>,WHNP,MQ,MQ_OBJ,
16583,0,what are these?,1.0,-NONE-ABAR-WH-,T,WH,NP,NP,OBJ,OBJ,WHNP-1-<INANIM>,WHNP,MQ,MQ_OBJ,
16598,0,go on upstairs and get one of your toys *NULL* to show Investigator.,1.0,-NONE-ABAR-RC-,T,RC,NP,NP,OBJ,OBJ,WHNP-1-<INANIM>-<PATIENT-V2>,WHNP,RC,RC_OBJ,
16601,0,I don't know where it is.,1.0,-NONE-ABAR-WH-,T,WH,ADVP,ADVP,ADJUNCT,ADJUNCT,WHADVP-1,WHADVP,EQ,EQ_ADJUNCT,know
16603,0,can you show her where your toys are?,1.0,-NONE-ABAR-RC-,T,RC,ADVP,ADVP,ADJUNCT,ADJUNCT,WHADVP-1,WHADVP,EQ,EQ_ADJUNCT,show
16614,0,"what happened to the batteries, Child?",1.0,-NONE-ABAR-WH-,T,WH,NP,NP,SUBJ,SUBJ,WHNP-1-<INANIM>-<THEME-V1>,WHNP,MQ,MQ_SUBJ,
16617,0,is he checking out underneath there to see how to fix it?,1.0,-NONE-ABAR-RC-,T,RC,ADVP,ADVP,ADJUNCT,ADJUNCT,WHADVP-1,WHADVP,EQ,EQ_ADJUNCT,see
16622,0,who do we know who has a rubber ducky like that?,1.0,-NONE-ABAR-WH-,T,WH,NP,NP,SUBJ,SUBJ,WHNP-1-<ANIM>-<SUBJMATT-V1>,WHNP,EQ,EQ_SUBJ,know
16633,0,and what does she do with her duck?,1.0,-NONE-ABAR-WH-,T,WH,NP,NP,OBJ,OBJ,WHNP-1-<INANIM>-<THEME-V1>,WHNP,EQ,EQ_OBJ,
16634,0,where does she take him?,1.0,-NONE-ABAR-WH-,T,WH,ADVP,ADVP,ADJUNCT,ADJUNCT,WHADVP-1,WHADVP,MQ,MQ_ADJUNCT,
16649,0,what's he see?,1.0,-NONE-ABAR-WH-,T,WH,NP,NP,OBJ,OBJ,WHNP-1-<INANIM>-<SUBJMATT-V1>,WHNP,MQ,MQ_OBJ,
16652,0,"what doesn't work, the lights?",1.0,-NONE-ABAR-WH-,T,WH,NP,NP,SUBJ,SUBJ,WHNP-1-<INANIM>-<THEME-V1>,WHNP,MQ,MQ_SUBJ,
16654,0,"can you tell Investigator what other toys you have, Child, that you",1.0,-NONE-ABAR-RC-,T,RC,NP,NP,OBJ,OBJ,WHNP-1-<INANIM>-<THEME-V2>,WHNP,EQ,EQ_OBJ,tell
16658,0,"did you show her that, what this is?",1.0,-NONE-ABAR-RC-,T,RC,NP,NP,OBJ,OBJ,WHNP-1-<INANIM>,WHNP,EQ,EQ_OBJ,
16659,0,what's that?,1.0,-NONE-ABAR-WH-,T,WH,NP,NP,OBJ,OBJ,WHNP-1-<INANIM>,WHNP,MQ,MQ_OBJ,
16662,0,why is it special?,1.0,-NONE-ABAR-WH-,T,WH,ADVP,ADVP,ADJUNCT,ADJUNCT,WHADVP-1,WHADVP,MQ,MQ_ADJUNCT,
16667,0,I don't know if I can but I'll try.,,,,POLAR,,,,POLAR,,,EQ,EQ_POLAR,know
16679,0,how come it's not closing then?,1.0,-NONE-ABAR-WH-,T,WH,ADVP,ADVP,ADJUNCT,ADJUNCT,WHADVP-1,WHADVP,MQ,MQ_ADJUNCT,
16681,0,what if I try turning,,,,POLAR,,,,POLAR,,,EQ,EQ_POLAR,
16694,0,how many wheels are there?,1.0,-NONE-ABAR-WH-,T,WH,NP,NP,OBJ,OBJ,WHNP-1-<INANIM>,WHNP,MQ,MQ_OBJ,
16695,0,where's five?,1.0,-NONE-ABAR-WH-,T,WH,ADVP,ADVP,ADJUNCT,ADJUNCT,WHADVP-1,WHADVP,MQ,MQ_ADJUNCT,
16719,0,why did he cry?,1.0,-NONE-ABAR-WH-,T,WH,ADVP,ADVP,ADJUNCT,ADJUNCT,WHADVP-1,WHADVP,MQ,MQ_ADJUNCT,
16728,0,what's his name?,1.0,-NONE-ABAR-WH-,T,WH,NP,NP,OBJ,OBJ,WHNP-1-<INANIM>,WHNP,MQ,MQ_OBJ,
16758,0,what's that?,1.0,-NONE-ABAR-WH-,T,WH,NP,NP,OBJ,OBJ,WHNP-1-<INANIM>,WHNP,MQ,MQ_OBJ,
16761,0,that's what I thought.,1.0,-NONE-ABAR-RC-,T,RC,NP,NP,OBJ,OBJ,WHNP-1-<INANIM>-<SUBJMATT-V1>,WHNP,EQ,EQ_OBJ,thought
16762,0,what's that?,1.0,-NONE-ABAR-WH-,T,WH,NP,NP,OBJ,OBJ,WHNP-1-<INANIM>,WHNP,MQ,MQ_OBJ,
16764,0,and what do you do with that?,1.0,-NONE-ABAR-WH-,T,WH,NP,NP,OBJ,OBJ,WHNP-1-<INANIM>-<THEME-V1>,WHNP,EQ,EQ_OBJ,
16771,0,what's that?,1.0,-NONE-ABAR-WH-,T,WH,NP,NP,OBJ,OBJ,WHNP-1-<INANIM>,WHNP,MQ,MQ_OBJ,
16773,0,what kind of dinosaur is that?,1.0,-NONE-ABAR-WH-,T,WH,NP,NP,OBJ,OBJ,WHNP-1-<INANIM>,WHNP,MQ,MQ_OBJ,
16777,0,what color's that?,1.0,-NONE-ABAR-WH-,T,WH,NP,NP,OBJ,OBJ,WHNP-1-<INANIM>,WHNP,MQ,MQ_OBJ,
16781,0,what's that?,1.0,-NONE-ABAR-WH-,T,WH,NP,NP,OBJ,OBJ,WHNP-1-<INANIM>,WHNP,MQ,MQ_OBJ,
16783,0,what else is orange besides carrots?,1.0,-NONE-ABAR-WH-,T,WH,NP,NP,SUBJ,SUBJ,WHNP-1-<INANIM>,WHNP,MQ,MQ_SUBJ,
16784,0,what else that we like to eat or drink is orange?,2.0,-NONE-ABAR-RC-,T,RC,NP,NP,OBJ,OBJ,WHNP-2-<INANIM>-<PATIENT-V2>-<PATIENT-V3>,WHNP,EQ,EQ_OBJ,
16784,1,what else that we like to eat or drink is orange?,2.0,-NONE-ABAR-RC-,T,RC,NP,NP,OBJ,OBJ,WHNP-2-<INANIM>-<PATIENT-V2>-<PATIENT-V3>,WHNP,EQ,EQ_OBJ,
16784,2,what else that we like to eat or drink is orange?,1.0,-NONE-ABAR-WH-,T,WH,NP,NP,SUBJ,SUBJ,WHNP-1-<INANIM>,WHNP,MQ,MQ_SUBJ,
16787,0,"oh, what's that little thing?",1.0,-NONE-ABAR-WH-,T,WH,NP,NP,OBJ,OBJ,WHNP-1-<INANIM>,WHNP,MQ,MQ_OBJ,
16788,0,who does that look like?,1.0,-NONE-ABAR-WH-,T,WH,NP,NP,OBJ,OBJ,WHNP-1-<ANIM>,WHNP,MQ,MQ_OBJ,
16791,0,do you know what all these things are?,1.0,-NONE-ABAR-WH-,T,WH,NP,NP,OBJ,OBJ,WHNP-1-<INANIM>,WHNP,EQ,EQ_OBJ,know
16793,0,what are these?,1.0,-NONE-ABAR-WH-,T,WH,NP,NP,OBJ,OBJ,WHNP-1-<INANIM>,WHNP,MQ,MQ_OBJ,
16798,0,you put them over your ears when it's cold outside and then it keeps,1.0,-NONE-ABAR-WH-,T,WH,ADVP,ADVP,ADJUNCT,ADJUNCT,WHADVP-1,WHADVP,EQ,EQ_ADJUNCT,put
16799,0,"oh, what's that?",1.0,-NONE-ABAR-WH-,T,WH,NP,NP,OBJ,OBJ,WHNP-1-<INANIM>,WHNP,MQ,MQ_OBJ,
16801,0,what do you put in that little slit?,1.0,-NONE-ABAR-WH-,T,WH,NP,NP,OBJ,OBJ,WHNP-1-<INANIM>-<PATIENT-V1>,WHNP,MQ,MQ_OBJ,
16802,0,what goes in there?,1.0,-NONE-ABAR-WH-,T,WH,NP,NP,SUBJ,SUBJ,WHNP-1-<INANIM>-<THEME-V1>,WHNP,MQ,MQ_SUBJ,
16804,0,what is that?,1.0,-NONE-ABAR-WH-,T,WH,NP,NP,OBJ,OBJ,WHNP-1-<INANIM>,WHNP,MQ,MQ_OBJ,
16809,0,what's this?,1.0,-NONE-ABAR-WH-,T,WH,NP,NP,OBJ,OBJ,WHNP-1-<INANIM>,WHNP,MQ,MQ_OBJ,
16810,0,that looks like something *NULL* you have in the back yard.,1.0,-NONE-ABAR-RC-,T,RC,NP,NP,OBJ,OBJ,WHNP-1-<INANIM>-<THEME-V2>,WHNP,RC,RC_OBJ,
16814,0,tell Investigator what you made in your sand box yesterday?,1.0,-NONE-ABAR-RC-,T,RC,NP,NP,OBJ,OBJ,WHNP-1-<INANIM>-<PATIENT-V2>,WHNP,EQ,EQ_OBJ,tell
16815,0,what'd you make?,1.0,-NONE-ABAR-WH-,T,WH,NP,NP,OBJ,OBJ,WHNP-1-<INANIM>-<PATIENT-V1>,WHNP,MQ,MQ_OBJ,
16816,0,what did you make and Mommy helped you?,1.0,-NONE-ABAR-WH-,T,WH,NP,NP,OBJ,OBJ,WHNP-1-<INANIM>-<PATIENT-V1>,WHNP,MQ,MQ_OBJ,
16817,0,what'd you make?,1.0,-NONE-ABAR-WH-,T,WH,NP,NP,OBJ,OBJ,WHNP-1-<INANIM>-<PATIENT-V1>,WHNP,MQ,MQ_OBJ,
16824,0,what's this?,1.0,-NONE-ABAR-WH-,T,WH,NP,NP,OBJ,OBJ,WHNP-1-<INANIM>,WHNP,MQ,MQ_OBJ,
16828,0,what's that?,1.0,-NONE-ABAR-WH-,T,WH,NP,NP,OBJ,OBJ,WHNP-1-<INANIM>,WHNP,MQ,MQ_OBJ,
16830,0,"um, what do you like to play with on this page?",1.0,-NONE-ABAR-WH-,T,WH,NP,NP,OBJ,OBJ,WHNP-1-<INANIM>-<PATIENT-V2>,WHNP,MQ,MQ_OBJ,
16831,0,which of these toys do you like?,1.0,-NONE-ABAR-WH-,T,WH,NP,NP,OBJ,OBJ,WHNP-1-<INANIM>-<SUBJMATT-V1>,WHNP,MQ,MQ_OBJ,
16844,0,"no, I remember going to people's house that had em and I thought",1.0,-NONE-ABAR-RC-,T,RC,NP,NP,SUBJ,SUBJ,WHNP-1-<INANIM>-<POSSESS-V3>,WHNP,RC,RC_SUBJ,
16862,0,tell Investigator what else you saw at the circus.,1.0,-NONE-ABAR-RC-,T,RC,NP,NP,OBJ,OBJ,WHNP-1-<INANIM>-<SUBJMATT-V2>,WHNP,EQ,EQ_OBJ,tell
16863,0,what did we see?,1.0,-NONE-ABAR-WH-,T,WH,NP,NP,OBJ,OBJ,WHNP-1-<INANIM>-<SUBJMATT-V1>,WHNP,MQ,MQ_OBJ,
16871,0,what do you like on this page?,1.0,-NONE-ABAR-WH-,T,WH,NP,NP,OBJ,OBJ,WHNP-1-<INANIM>-<SUBJMATT-V1>,WHNP,MQ,MQ_OBJ,
16877,0,what is that?,1.0,-NONE-ABAR-WH-,T,WH,NP,NP,OBJ,OBJ,WHNP-1-<INANIM>,WHNP,MQ,MQ_OBJ,
16879,0,what are those?,1.0,-NONE-ABAR-WH-,T,WH,NP,NP,OBJ,OBJ,WHNP-1-<INANIM>,WHNP,MQ,MQ_OBJ,
16881,0,and what's that?,1.0,-NONE-ABAR-WH-,T,WH,NP,NP,OBJ,OBJ,WHNP-1-<INANIM>,WHNP,EQ,EQ_OBJ,
16885,0,what is that?,1.0,-NONE-ABAR-WH-,T,WH,NP,NP,OBJ,OBJ,WHNP-1-<INANIM>,WHNP,MQ,MQ_OBJ,
16890,0,and what are these that the train goes on?,2.0,-NONE-ABAR-RC-,T,RC,NP,NP,OBJ,OBJ,WHNP-2-<INANIM>-<LOC-V1>,WHNP,RC,RC_OBJ,
16890,1,and what are these that the train goes on?,1.0,-NONE-ABAR-WH-,T,WH,NP,NP,OBJ,OBJ,WHNP-1-<INANIM>,WHNP,EQ,EQ_OBJ,
16891,0,what's that called?,2.0,-NONE-ABAR-WH-,T,WH,NP,NP,OBJ,OBJ,WHNP-2-<INANIM>-<THEME-V1>,WHNP,MQ,MQ_OBJ,
16893,0,what are those?,1.0,-NONE-ABAR-WH-,T,WH,NP,NP,OBJ,OBJ,WHNP-1-<INANIM>,WHNP,MQ,MQ_OBJ,
16897,0,what is it?,1.0,-NONE-ABAR-WH-,T,WH,NP,NP,OBJ,OBJ,WHNP-1-<INANIM>,WHNP,MQ,MQ_OBJ,
16900,0,what's this?,1.0,-NONE-ABAR-WH-,T,WH,NP,NP,OBJ,OBJ,WHNP-1-<INANIM>,WHNP,MQ,MQ_OBJ,
16909,0,what are all of these things?,1.0,-NONE-ABAR-WH-,T,WH,NP,NP,OBJ,OBJ,WHNP-1-<INANIM>,WHNP,MQ,MQ_OBJ,
16910,0,what's that?,1.0,-NONE-ABAR-WH-,T,WH,NP,NP,OBJ,OBJ,WHNP-1-<INANIM>,WHNP,MQ,MQ_OBJ,
16914,0,"oh, those are all things that we have in the house.",1.0,-NONE-ABAR-RC-,T,RC,NP,NP,OBJ,OBJ,WHNP-1-<INANIM>-<THEME-V1>,WHNP,RC,RC_OBJ,
16915,0,do you know what all these things are?,1.0,-NONE-ABAR-WH-,T,WH,NP,NP,OBJ,OBJ,WHNP-1-<INANIM>,WHNP,EQ,EQ_OBJ,know
16917,0,what's that?,1.0,-NONE-ABAR-WH-,T,WH,NP,NP,OBJ,OBJ,WHNP-1-<INANIM>,WHNP,MQ,MQ_OBJ,
16919,0,what's this?,1.0,-NONE-ABAR-WH-,T,WH,NP,NP,OBJ,OBJ,WHNP-1-<INANIM>,WHNP,MQ,MQ_OBJ,
16924,0,what's what?,1.0,-NONE-ABAR-WH-,T,WH,NP,NP,OBJ,OBJ,WHNP-1-<INANIM>,WHNP,MQ,MQ_OBJ,
16941,0,"like the minute *NULL* I remove his dirty socks, I have to put on clean",1.0,-NONE-ABAR-RC-,T,RC,ADVP,ADVP,ADJUNCT,ADJUNCT,WHADVP-1,WHADVP,RC,RC_ADJUNCT,
16951,0,where are these shoes from?,1.0,-NONE-ABAR-WH-,T,WH,ADVP,ADVP,ADJUNCT,ADJUNCT,WHADVP-1,WHADVP,MQ,MQ_ADJUNCT,
16954,0,"what are those called, Child?",2.0,-NONE-ABAR-WH-,T,WH,NP,NP,OBJ,OBJ,WHNP-2-<INANIM>-<THEME-V1>,WHNP,MQ,MQ_OBJ,
16955,0,what did Mommy tell you shoes like that are called?,2.0,-NONE-ABAR-WH-,T,WH,NP,NP,OBJ,OBJ,WHNP-2-<INANIM>-<THEME-V2>,WHNP,EQ,EQ_OBJ,tell
16962,0,he like cried the whole time *NULL* he had them on.,1.0,-NONE-ABAR-RC-,T,RC,ADVP,ADVP,ADJUNCT,ADJUNCT,WHADVP-1,WHADVP,RC,RC_ADJUNCT,
16967,0,what were you going to say about yesterday?,2.0,-NONE-ABAR-WH-,T,WH,NP,NP,OBJ,OBJ,WHNP-2-<INANIM>-<THEME-V1>,WHNP,MQ,MQ_OBJ,
16984,0,who's out there?,1.0,-NONE-ABAR-WH-,T,WH,NP,NP,SUBJ,SUBJ,WHNP-1-<ANIM>,WHNP,MQ,MQ_SUBJ,
16985,0,where are those children from?,1.0,-NONE-ABAR-WH-,T,WH,ADVP,ADVP,ADJUNCT,ADJUNCT,WHADVP-1,WHADVP,MQ,MQ_ADJUNCT,
16993,0,I cann't remember what they're called.,2.0,-NONE-ABAR-WH-,T,WH,NP,NP,OBJ,OBJ,WHNP-2-<INANIM>-<THEME-V2>,WHNP,EQ,EQ_OBJ,remember
16997,0,I 'm going to remember what those things are called.,3.0,-NONE-ABAR-WH-,T,WH,NP,NP,OBJ,OBJ,WHNP-3-<INANIM>-<THEME-V2>,WHNP,EQ,EQ_OBJ,remember
16998,0,it's the kind of thing *NULL* they'd ask on a game show.,1.0,-NONE-ABAR-RC-,T,RC,NP,NP,OBJ,OBJ,WHNP-1-<INANIM>-<THEME-V2>,WHNP,RC,RC_OBJ,
17013,0,what's that?,1.0,-NONE-ABAR-WH-,T,WH,NP,NP,OBJ,OBJ,WHNP-1-<INANIM>,WHNP,MQ,MQ_OBJ,
17016,0,who's that?,1.0,-NONE-ABAR-WH-,T,WH,NP,NP,OBJ,OBJ,WHNP-1-<ANIM>,WHNP,MQ,MQ_OBJ,
17019,0,what is it?,1.0,-NONE-ABAR-WH-,T,WH,NP,NP,OBJ,OBJ,WHNP-1-<INANIM>,WHNP,MQ,MQ_OBJ,
17020,0,what's he called?,2.0,-NONE-ABAR-WH-,T,WH,NP,NP,OBJ,OBJ,WHNP-2-<INANIM>-<THEME-V1>,WHNP,MQ,MQ_OBJ,
17021,0,what is he called with these pricky things on em?,2.0,-NONE-ABAR-WH-,T,WH,NP,NP,OBJ,OBJ,WHNP-2-<INANIM>-<THEME-V1>,WHNP,MQ,MQ_OBJ,
17023,0,"oh, look what Investigator has.",1.0,-NONE-ABAR-RC-,T,RC,NP,NP,OBJ,OBJ,WHNP-1-<INANIM>-<THEME-V2>,WHNP,EQ,EQ_OBJ,look
17024,0,remember what this is?,1.0,-NONE-ABAR-WH-,T,WH,NP,NP,OBJ,OBJ,WHNP-1-<INANIM>,WHNP,EQ,EQ_OBJ,remember
17026,0,what is that?,1.0,-NONE-ABAR-WH-,T,WH,NP,NP,OBJ,OBJ,WHNP-1-<INANIM>,WHNP,MQ,MQ_OBJ,
17066,0,do you play on it sometimes when those kids aren't there?,1.0,-NONE-ABAR-RC-,T,RC,ADVP,ADVP,ADJUNCT,ADJUNCT,WHADVP-1,WHADVP,EQ,EQ_ADJUNCT,play
17070,0,can you tell Investigator which what rides you go on at the play?,1.0,-NONE-ABAR-RC-,T,RC,NP,NP,OBJ,OBJ,WHNP-1-<INANIM>,WHNP,EQ,EQ_OBJ,tell
17071,0,what do you ride on?,1.0,-NONE-ABAR-WH-,T,WH,NP,NP,OBJ,OBJ,WHNP-1-<INANIM>-<LOC-V1>,WHNP,MQ,MQ_OBJ,
17081,0,what is this study studying?,1.0,-NONE-ABAR-WH-,T,WH,NP,NP,OBJ,OBJ,WHNP-1-<INANIM>-<THEME-V1>,WHNP,MQ,MQ_OBJ,
17082,0,"oh, I 'm interested in how parents and children talk.",1.0,-NONE-ABAR-RC-,T,RC,ADVP,ADVP,ADJUNCT,ADJUNCT,WHADVP-1,WHADVP,EQ,EQ_ADJUNCT,talk
17099,0,where's the motor?,1.0,-NONE-ABAR-WH-,T,WH,ADVP,ADVP,ADJUNCT,ADJUNCT,WHADVP-1,WHADVP,MQ,MQ_ADJUNCT,
17107,0,where's Child?,1.0,-NONE-ABAR-WH-,T,WH,ADVP,ADVP,ADJUNCT,ADJUNCT,WHADVP-1,WHADVP,MQ,MQ_ADJUNCT,
17122,0,what do those trucks make?,1.0,-NONE-ABAR-WH-,T,WH,NP,NP,OBJ,OBJ,WHNP-1-<INANIM>-<PATIENT-V1>,WHNP,MQ,MQ_OBJ,
17124,0,what do they mix up in there?,1.0,-NONE-ABAR-WH-,T,WH,NP,NP,OBJ,OBJ,WHNP-1-<INANIM>-<PATIENT-V1>,WHNP,MQ,MQ_OBJ,
17127,0,what are they called?,2.0,-NONE-ABAR-WH-,T,WH,NP,NP,OBJ,OBJ,WHNP-2-<INANIM>-<THEME-V1>,WHNP,MQ,MQ_OBJ,
17130,0,that's where they mix the cement in that back part.,1.0,-NONE-ABAR-RC-,T,RC,ADVP,ADVP,ADJUNCT,ADJUNCT,WHADVP-1,WHADVP,EQ,EQ_ADJUNCT,mix
17143,0,what is that?,1.0,-NONE-ABAR-WH-,T,WH,NP,NP,OBJ,OBJ,WHNP-1-<INANIM>,WHNP,MQ,MQ_OBJ,
17152,0,what was Wolfie?,1.0,-NONE-ABAR-WH-,T,WH,NP,NP,OBJ,OBJ,WHNP-1-<INANIM>,WHNP,MQ,MQ_OBJ,
17153,0,maybe that's why he wants to keep his toes covered.,1.0,-NONE-ABAR-RC-,T,RC,ADVP,ADVP,ADJUNCT,ADJUNCT,WHADVP-1,WHADVP,EQ,EQ_ADJUNCT,wants
17158,0,"um, what kind of an animal was Wolfie?",1.0,-NONE-ABAR-WH-,T,WH,NP,NP,OBJ,OBJ,WHNP-1-<INANIM>,WHNP,MQ,MQ_OBJ,
17161,0,what was he?,1.0,-NONE-ABAR-WH-,T,WH,NP,NP,OBJ,OBJ,WHNP-1-<INANIM>,WHNP,MQ,MQ_OBJ,
17162,0,what was Wolfie?,1.0,-NONE-ABAR-WH-,T,WH,NP,NP,OBJ,OBJ,WHNP-1-<INANIM>,WHNP,MQ,MQ_OBJ,
17165,0,what color was he?,1.0,-NONE-ABAR-WH-,T,WH,NP,NP,OBJ,OBJ,WHNP-1-<INANIM>,WHNP,MQ,MQ_OBJ,
17166,0,tell Investigator what he looked like.,1.0,-NONE-ABAR-RC-,T,RC,NP,NP,OBJ,OBJ,WHNP-1,WHNP,EQ,EQ_OBJ,tell
17170,0,I think there's stuff *NULL* you don't want to touch in there.,1.0,-NONE-ABAR-RC-,T,RC,NP,NP,OBJ,OBJ,WHNP-1-<INANIM>-<PATIENT-V3>,WHNP,RC,RC_OBJ,
17172,0,what is that?,1.0,-NONE-ABAR-WH-,T,WH,NP,NP,OBJ,OBJ,WHNP-1-<INANIM>,WHNP,MQ,MQ_OBJ,
17175,0,these are all things *NULL* you know you're not allowed to touch.,2.0,-NONE-ABAR-RC-,T,RC,NP,NP,OBJ,OBJ,WHNP-2-<INANIM>-<PATIENT-V3>,WHNP,EQ,EQ_OBJ,know
17178,0,"well, let me see which one you're pointing to.",1.0,-NONE-ABAR-RC-,T,RC,NP,NP,OBJ,OBJ,WHNP-1-<INANIM>-<PATIENT-V3>,WHNP,EQ,EQ_OBJ,see
17180,0,then why do you ask me?,1.0,-NONE-ABAR-WH-,T,WH,ADVP,ADVP,ADJUNCT,ADJUNCT,WHADVP-1,WHADVP,MQ,MQ_ADJUNCT,
17198,0,you know what it is.,1.0,-NONE-ABAR-WH-,T,WH,NP,NP,OBJ,OBJ,WHNP-1-<INANIM>,WHNP,EQ,EQ_OBJ,know
17199,0,why don't you come over and say hello to Simon.,1.0,-NONE-ABAR-WH-,T,WH,ADVP,ADVP,ADJUNCT,ADJUNCT,WHADVP-1,WHADVP,MQ,MQ_ADJUNCT,
17202,0,you know what that is.,1.0,-NONE-ABAR-WH-,T,WH,NP,NP,OBJ,OBJ,WHNP-1-<INANIM>,WHNP,EQ,EQ_OBJ,know
17206,0,I don't think that's a good thing *NULL* to bang on.,1.0,-NONE-ABAR-RC-,T,RC,NP,NP,OBJ,OBJ,WHNP-1-<INANIM>-<LOC-V2>,WHNP,RC,RC_OBJ,
17209,0,Investigator doesn't like it when you do things like that.,1.0,-NONE-ABAR-RC-,T,RC,ADVP,ADVP,ADJUNCT,ADJUNCT,WHADVP-1,WHADVP,EQ,EQ_ADJUNCT,like
17213,0,what are those?,1.0,-NONE-ABAR-WH-,T,WH,NP,NP,OBJ,OBJ,WHNP-1-<INANIM>,WHNP,MQ,MQ_OBJ,
17240,0,why don't you let Investigator do it?,1.0,-NONE-ABAR-WH-,T,WH,ADVP,ADVP,ADJUNCT,ADJUNCT,WHADVP-1,WHADVP,MQ,MQ_ADJUNCT,
17241,0,let me see if I can do it.,,,,POLAR,,,,POLAR,,,EQ,EQ_POLAR,see
17242,0,sometimes I have a hard time and I want to see if I know how.,,,,POLAR,,,,POLAR,,,EQ,EQ_POLAR,see
17262,0,what would you see if you went to the zoo?,,,,POLAR,,,,POLAR,,,EQ,EQ_POLAR,see
17262,1,what would you see if you went to the zoo?,1.0,-NONE-ABAR-WH-,T,WH,NP,NP,OBJ,OBJ,WHNP-1-<INANIM>-<SUBJMATT-V1>,WHNP,MQ,MQ_OBJ,
17263,0,what would you go and look at?,1.0,-NONE-ABAR-WH-,T,WH,NP,NP,OBJ,OBJ,WHNP-1-<INANIM>-<PATIENT-V2>,WHNP,MQ,MQ_OBJ,
17271,0,"oh, you mean where the elephant was?",1.0,-NONE-ABAR-RC-,T,RC,ADVP,ADVP,ADJUNCT,ADJUNCT,WHADVP-1,WHADVP,RC,RC_ADJUNCT,
17277,0,you know what that book's about.,1.0,-NONE-ABAR-WH-,T,WH,NP,NP,OBJ,OBJ,WHNP-1-<INANIM>,WHNP,EQ,EQ_OBJ,know
17279,0,"oh, what's that?",1.0,-NONE-ABAR-WH-,T,WH,NP,NP,OBJ,OBJ,WHNP-1-<INANIM>,WHNP,MQ,MQ_OBJ,
17280,0,"wait, I just saw something that we just talked about last night.",1.0,-NONE-ABAR-RC-,T,RC,NP,NP,OBJ,OBJ,WHNP-1-<INANIM>-<THEME-V2>,WHNP,RC,RC_OBJ,
17281,0,what's that?,1.0,-NONE-ABAR-WH-,T,WH,NP,NP,OBJ,OBJ,WHNP-1-<INANIM>,WHNP,MQ,MQ_OBJ,
17283,0,who lives in the castle?,1.0,-NONE-ABAR-WH-,T,WH,NP,NP,SUBJ,SUBJ,WHNP-1-<ANIM>-<THEME-V1>,WHNP,MQ,MQ_SUBJ,
17284,0,who did Mommy tell you?,1.0,-NONE-ABAR-WH-,T,WH,NP,NP,OBJ,OBJ,WHNP-1-<ANIM>-<THEME-V1>,WHNP,MQ,MQ_OBJ,
17288,0,in that other book that we have it showed the picture of the king.,2.0,-NONE-ABAR-RC-,T,RC,NP,NP,OBJ,OBJ,WHNP-2-<INANIM>-<THEME-V1>,WHNP,RC,RC_OBJ,
17289,0,and what do they wear on their heads?,1.0,-NONE-ABAR-WH-,T,WH,NP,NP,OBJ,OBJ,WHNP-1-<INANIM>-<PATIENT-V1>,WHNP,EQ,EQ_OBJ,
17291,0,what were those called?,2.0,-NONE-ABAR-WH-,T,WH,NP,NP,OBJ,OBJ,WHNP-2-<INANIM>-<THEME-V1>,WHNP,MQ,MQ_OBJ,
17299,0,what did Mom tell you about books?,1.0,-NONE-ABAR-WH-,T,WH,NP,NP,OBJ,OBJ,WHNP-1-<INANIM>-<THEME-V1>,WHNP,MQ,MQ_OBJ,
17304,0,do you have any books *NULL you want to show me?,1.0,-NONE-ABAR-RC-,T,RC,NP,NP,OBJ,OBJ,WHNP-1-<INANIM>-<PATIENT-V3>,WHNP,RC,RC_OBJ,
17318,0,what did the ginger bread man say to the cow?,1.0,-NONE-ABAR-WH-,T,WH,NP,NP,OBJ,OBJ,WHNP-1-<INANIM>-<THEME-V1>,WHNP,MQ,MQ_OBJ,
17333,0,"there are several books that he has that he's really afraid of, so",1.0,-NONE-ABAR-RC-,T,RC,NP,NP,OBJ,OBJ,WHNP-1-<INANIM>-<THEME-V1>,WHNP,RC,RC_OBJ,
17333,1,"there are several books that he has that he's really afraid of, so",2.0,-NONE-ABAR-RC-,T,RC,NP,NP,OBJ,OBJ,WHNP-2-<INANIM>,WHNP,RC,RC_OBJ,
17334,0,what other books do you have?,1.0,-NONE-ABAR-WH-,T,WH,NP,NP,OBJ,OBJ,WHNP-1-<INANIM>-<THEME-V1>,WHNP,MQ,MQ_OBJ,
17338,0,"what, tell Investigator what books you like though.",1.0,-NONE-ABAR-RC-,T,RC,NP,NP,OBJ,OBJ,WHNP-1-<INANIM>-<SUBJMATT-V2>,WHNP,EQ,EQ_OBJ,tell
17339,0,what books do you have that you like?,1.0,-NONE-ABAR-WH-,T,WH,NP,NP,ADJUNCT,ADJUNCT,WHNP-1-<INANIM>,WHNP,MQ,MQ_ADJUNCT,
17339,1,what books do you have that you like?,2.0,-NONE-ABAR-RC-,T,RC,NP,NP,OBJ,OBJ,WHNP-2-<INANIM>-<SUBJMATT-V2>,WHNP,RC,RC_OBJ,
17341,0,"who's, tell her about the book that we have that's about a little",1.0,-NONE-ABAR-RC-,T,RC,NP,NP,OBJ,OBJ,WHNP-1-<INANIM>-<THEME-V2>,WHNP,RC,RC_OBJ,
17341,1,"who's, tell her about the book that we have that's about a little",2.0,-NONE-ABAR-RC-,T,RC,NP,NP,SUBJ,SUBJ,WHNP-2-<INANIM>,WHNP,RC,RC_SUBJ,
17342,0,what's his name?,1.0,-NONE-ABAR-WH-,T,WH,NP,NP,OBJ,OBJ,WHNP-1-<INANIM>,WHNP,MQ,MQ_OBJ,
17350,0,what's that monkey's name?,1.0,-NONE-ABAR-WH-,T,WH,NP,NP,OBJ,OBJ,WHNP-1-<INANIM>,WHNP,MQ,MQ_OBJ,
17354,0,which Curious George book do you have?,1.0,-NONE-ABAR-WH-,T,WH,NP,NP,OBJ,OBJ,WHNP-1-<INANIM>-<THEME-V1>,WHNP,MQ,MQ_OBJ,
17361,0,"oh, look and when you do that you can make the things fall off.",2.0,-NONE-ABAR-RC-,T,RC,ADVP,ADVP,ADJUNCT,ADJUNCT,WHADVP-2,WHADVP,EQ,EQ_ADJUNCT,
17368,0,last time *NULL* I was here you know what you did?,3.0,-NONE-ABAR-RC-,T,RC,ADVP,ADVP,ADJUNCT,ADJUNCT,WHADVP-3,WHADVP,RC,RC_ADJUNCT,
17368,1,last time *NULL* I was here you know what you did?,1.0,-NONE-ABAR-WH-,T,WH,NP,NP,OBJ,OBJ,WHNP-1-<INANIM>-<PATIENT-V2>,WHNP,EQ,EQ_OBJ,know
17369,0,you got your fire engine *NULL* to show me.,1.0,-NONE-ABAR-RC-,T,RC,NP,NP,OBJ,OBJ,WHNP-1-<INANIM>-<PATIENT-V2>,WHNP,RC,RC_OBJ,
17372,0,what are you looking at out there?,1.0,-NONE-ABAR-WH-,T,WH,NP,NP,OBJ,OBJ,WHNP-1-<INANIM>-<PATIENT-V1>,WHNP,MQ,MQ_OBJ,
17375,0,do you want to show Investigator some of your toys that you like?,1.0,-NONE-ABAR-RC-,T,RC,NP,NP,OBJ,OBJ,WHNP-1-<INANIM>-<SUBJMATT-V3>,WHNP,RC,RC_OBJ,
17385,0,"I know, that's what I was thinking.",1.0,-NONE-ABAR-RC-,T,RC,NP,NP,OBJ,OBJ,WHNP-1-<INANIM>-<SUBJMATT-V2>,WHNP,EQ,EQ_OBJ,thinking
17393,0,and you know what else I like?,1.0,-NONE-ABAR-WH-,T,WH,NP,NP,OBJ,OBJ,WHNP-1-<INANIM>-<SUBJMATT-V2>,WHNP,EQ,EQ_OBJ,know
17398,0,what else is at the zoo?,1.0,-NONE-ABAR-WH-,T,WH,NP,NP,SUBJ,SUBJ,WHNP-1-<ANIM>,WHNP,MQ,MQ_SUBJ,
17403,0,I like it when they put their trunk in water and then they spray it.,1.0,-NONE-ABAR-RC-,T,RC,ADVP,ADVP,ADJUNCT,ADJUNCT,WHADVP-1,WHADVP,EQ,EQ_ADJUNCT,like
17409,0,"Babar, is that how you say it?",1.0,-NONE-ABAR-RC-,T,RC,ADVP,ADVP,ADJUNCT,ADJUNCT,WHADVP-1,WHADVP,EQ,EQ_ADJUNCT,say
17412,0,and what's Babar's son's name?,1.0,-NONE-ABAR-WH-,T,WH,NP,NP,OBJ,OBJ,WHNP-1-<INANIM>,WHNP,EQ,EQ_OBJ,
17414,0,what's his name?,1.0,-NONE-ABAR-WH-,T,WH,NP,NP,OBJ,OBJ,WHNP-1-<INANIM>,WHNP,MQ,MQ_OBJ,
17415,0,what's your name?,1.0,-NONE-ABAR-WH-,T,WH,NP,NP,OBJ,OBJ,WHNP-1-<INANIM>,WHNP,MQ,MQ_OBJ,
17440,0,where are they?,1.0,-NONE-ABAR-WH-,T,WH,ADVP,ADVP,ADJUNCT,ADJUNCT,WHADVP-1,WHADVP,MQ,MQ_ADJUNCT,
17446,0,what did Mom tell you about that?,1.0,-NONE-ABAR-WH-,T,WH,NP,NP,OBJ,OBJ,WHNP-1-<INANIM>-<THEME-V1>,WHNP,MQ,MQ_OBJ,
17452,0,why don't you go and get a truck now and show Investigator.,2.0,-NONE-ABAR-WH-,T,WH,ADVP,ADVP,ADJUNCT,ADJUNCT,WHADVP-2,WHADVP,MQ,MQ_ADJUNCT,
17486,0,what's the story here?,1.0,-NONE-ABAR-WH-,T,WH,NP,NP,OBJ,OBJ,WHNP-1-<INANIM>,WHNP,MQ,MQ_OBJ,
17491,0,what's this thing?,1.0,-NONE-ABAR-WH-,T,WH,NP,NP,OBJ,OBJ,WHNP-1-<INANIM>,WHNP,MQ,MQ_OBJ,
17507,0,"what are you doing, drying the raisins in the sun?",1.0,-NONE-ABAR-WH-,T,WH,NP,NP,OBJ,OBJ,WHNP-1-<INANIM>-<PATIENT-V1>,WHNP,MQ,MQ_OBJ,
17511,0,when is Child's birthday?,1.0,-NONE-ABAR-WH-,T,WH,ADVP,ADVP,ADJUNCT,ADJUNCT,WHADVP-1,WHADVP,MQ,MQ_ADJUNCT,
17519,0,I just wrote down when your birthday is.,1.0,-NONE-ABAR-RC-,T,RC,ADVP,ADVP,ADJUNCT,ADJUNCT,WHADVP-1,WHADVP,EQ,EQ_ADJUNCT,wrote
17520,0,do you know when it is?,1.0,-NONE-ABAR-WH-,T,WH,ADVP,ADVP,ADJUNCT,ADJUNCT,WHADVP-1,WHADVP,EQ,EQ_ADJUNCT,know
17521,0,when is it?,1.0,-NONE-ABAR-WH-,T,WH,ADVP,ADVP,ADJUNCT,ADJUNCT,WHADVP-1,WHADVP,MQ,MQ_ADJUNCT,
17527,0,do you know how old you are?,1.0,-NONE-ABAR-WH-,T,WH,NP,NP,OBJ,OBJ,WHNP-1-<INANIM>,WHNP,EQ,EQ_OBJ,know
17529,0,tell Investigator how old you are.,1.0,-NONE-ABAR-RC-,T,RC,NP,NP,OBJ,OBJ,WHNP-1-<INANIM>,WHNP,EQ,EQ_OBJ,tell
17538,0,that says five hundred words *NULL* to grow on.,1.0,-NONE-ABAR-RC-,T,RC,NP,NP,OBJ,OBJ,WHNP-1-<INANIM>,WHNP,RC,RC_OBJ,
17543,0,"oh, you know, I don't know if that's a half hour tape.",,,,POLAR,,,,POLAR,,,EQ,EQ_POLAR,know
17548,0,what's happened there?,1.0,-NONE-ABAR-WH-,T,WH,NP-2,NP,SUBJ,SUBJ,WHNP-1-<INANIM>-<THEME-V1>,WHNP,MQ,MQ_SUBJ,
17549,0,who did that?,1.0,-NONE-ABAR-WH-,T,WH,NP,NP,SUBJ,SUBJ,WHNP-1-<ANIM>-<AGENT-V1>,WHNP,MQ,MQ_SUBJ,
17550,0,who bent the book like that?,1.0,-NONE-ABAR-WH-,T,WH,NP,NP,SUBJ,SUBJ,WHNP-1-<ANIM>-<AGENT-V1>,WHNP,MQ,MQ_SUBJ,
17551,0,what was that boy's name?,1.0,-NONE-ABAR-WH-,T,WH,NP,NP,OBJ,OBJ,WHNP-1-<INANIM>,WHNP,MQ,MQ_OBJ,
17553,0,I don't know who did it.,1.0,-NONE-ABAR-WH-,T,WH,NP,NP,SUBJ,SUBJ,WHNP-1-<ANIM>-<AGENT-V2>,WHNP,EQ,EQ_SUBJ,know
17558,0,I think he was coming when I was pulling in the driveway.,1.0,-NONE-ABAR-RC-,T,RC,ADVP,ADVP,ADJUNCT,ADJUNCT,WHADVP-1,WHADVP,EQ,EQ_ADJUNCT,coming
17564,0,every time *NULL* I touch em I get hair all over me.,2.0,-NONE-ABAR-RC-,T,RC,ADVP,ADVP,ADJUNCT,ADJUNCT,WHADVP-2,WHADVP,RC,RC_ADJUNCT,
17567,0,"well, why don't you give those animals a ride?",1.0,-NONE-ABAR-WH-,T,WH,ADVP,ADVP,ADJUNCT,ADJUNCT,WHADVP-1,WHADVP,MQ,MQ_ADJUNCT,
17570,0,what is that horse's name?,1.0,-NONE-ABAR-WH-,T,WH,NP,NP,OBJ,OBJ,WHNP-1-<INANIM>,WHNP,MQ,MQ_OBJ,
17571,0,what's his name?,1.0,-NONE-ABAR-WH-,T,WH,NP,NP,OBJ,OBJ,WHNP-1-<INANIM>,WHNP,MQ,MQ_OBJ,
17573,0,and what's the dog's name?,1.0,-NONE-ABAR-WH-,T,WH,NP,NP,OBJ,OBJ,WHNP-1-<INANIM>,WHNP,EQ,EQ_OBJ,
17579,0,what happened in that story?,1.0,-NONE-ABAR-WH-,T,WH,NP,NP,SUBJ,SUBJ,WHNP-1-<INANIM>-<THEME-V1>,WHNP,MQ,MQ_SUBJ,
17582,0,and who went in the dump truck?,1.0,-NONE-ABAR-WH-,T,WH,NP,NP,SUBJ,SUBJ,WHNP-1-<INANIM>-<THEME-V1>,WHNP,EQ,EQ_SUBJ,
17584,0,and then what did he do?,1.0,-NONE-ABAR-WH-,T,WH,NP,NP,OBJ,OBJ,WHNP-1-<INANIM>-<PATIENT-V1>,WHNP,EQ,EQ_OBJ,
17587,0,and what happened when he tipped up the dumper?,1.0,-NONE-ABAR-WH-,T,WH,NP,NP,SUBJ,SUBJ,WHNP-1-<INANIM>-<THEME-V1>,WHNP,EQ,EQ_SUBJ,
17587,1,and what happened when he tipped up the dumper?,2.0,-NONE-ABAR-RC-,T,RC,ADVP,ADVP,ADJUNCT,ADJUNCT,WHADVP-2,WHADVP,EQ,EQ_ADJUNCT,happened
17588,0,what did the animals say?,1.0,-NONE-ABAR-WH-,T,WH,NP,NP,OBJ,OBJ,WHNP-1-<INANIM>-<THEME-V1>,WHNP,MQ,MQ_OBJ,
17600,0,where're you going to go?,2.0,-NONE-ABAR-WH-,T,WH,ADVP,ADVP,ADJUNCT,ADJUNCT,WHADVP-2,WHADVP,MQ,MQ_ADJUNCT,
17603,0,where is he?,1.0,-NONE-ABAR-WH-,T,WH,ADVP,ADVP,ADJUNCT,ADJUNCT,WHADVP-1,WHADVP,MQ,MQ_ADJUNCT,
17612,0,can you tell Investigator what things we saw at the nursery school?,1.0,-NONE-ABAR-RC-,T,RC,NP,NP,OBJ,OBJ,WHNP-1-<INANIM>-<SUBJMATT-V2>,WHNP,EQ,EQ_OBJ,tell
17613,0,what'd you see?,1.0,-NONE-ABAR-WH-,T,WH,NP,NP,OBJ,OBJ,WHNP-1-<INANIM>-<SUBJMATT-V1>,WHNP,MQ,MQ_OBJ,
17614,0,what did they have there?,1.0,-NONE-ABAR-WH-,T,WH,NP,NP,OBJ,OBJ,WHNP-1-<INANIM>-<THEME-V1>,WHNP,MQ,MQ_OBJ,
17626,0,is that what you said?,1.0,-NONE-ABAR-RC-,T,RC,NP,NP,OBJ,OBJ,WHNP-1-<INANIM>-<THEME-V1>,WHNP,EQ,EQ_OBJ,said
17628,0,what do you want?,1.0,-NONE-ABAR-WH-,T,WH,NP,NP,OBJ,OBJ,WHNP-1-<INANIM>-<SUBJMATT-V1>,WHNP,MQ,MQ_OBJ,
17630,0,where's the green thing?,1.0,-NONE-ABAR-WH-,T,WH,ADVP,ADVP,ADJUNCT,ADJUNCT,WHADVP-1,WHADVP,MQ,MQ_ADJUNCT,
17632,0,the green hole is where I put my headphones in but I don't have the,1.0,-NONE-ABAR-RC-,T,RC,ADVP,ADVP,ADJUNCT,ADJUNCT,WHADVP-1,WHADVP,EQ,EQ_ADJUNCT,put
17649,0,look what Investigator did with the barrels.,1.0,-NONE-ABAR-RC-,T,RC,NP,NP,OBJ,OBJ,WHNP-1-<INANIM>-<THEME-V2>,WHNP,EQ,EQ_OBJ,look
17678,0,"look, we can see if we can knock em down with the other one.",,,,POLAR,,,,POLAR,,,EQ,EQ_POLAR,see
17687,0,"so what's, Child, what's Simon?",1.0,-NONE-ABAR-WH-,T,WH,NP,NP,OBJ,OBJ,WHNP-1-<ANIM>,WHNP,MQ,MQ_OBJ,
17691,0,what's Simon?,1.0,-NONE-ABAR-WH-,T,WH,NP,NP,OBJ,OBJ,WHNP-1-<ANIM>,WHNP,MQ,MQ_OBJ,
17693,0,what is he?,1.0,-NONE-ABAR-WH-,T,WH,NP,NP,OBJ,OBJ,WHNP-1-<ANIM>,WHNP,MQ,MQ_OBJ,
17695,0,what is he?,1.0,-NONE-ABAR-WH-,T,WH,NP,NP,OBJ,OBJ,WHNP-1-<ANIM>,WHNP,MQ,MQ_OBJ,
17696,0,what is he though?,1.0,-NONE-ABAR-WH-,T,WH,NP,NP,OBJ,OBJ,WHNP-1-<ANIM>,WHNP,MQ,MQ_OBJ,
17698,0,but what is he?,1.0,-NONE-ABAR-WH-,T,WH,NP,NP,OBJ,OBJ,WHNP-1-<ANIM>,WHNP,EQ,EQ_OBJ,
17702,0,no but what is he?,1.0,-NONE-ABAR-WH-,T,WH,NP,NP,OBJ,OBJ,WHNP-1-<ANIM>,WHNP,EQ,EQ_OBJ,
17709,0,if you do it again Mom's going to take it.,,,,POLAR,,,,POLAR,,,EQ,EQ_POLAR,
17710,0,"yeah, I think that's not a good thing *NULL* to do.",1.0,-NONE-ABAR-RC-,T,RC,NP,NP,OBJ,OBJ,WHNP-1-<INANIM>-<PATIENT-V2>,WHNP,RC,RC_OBJ,
17711,0,cause it's stretchy and when you let go it springs back and it,2.0,-NONE-ABAR-RC-,T,RC,ADVP,ADVP,ADJUNCT,ADJUNCT,WHADVP-2,WHADVP,EQ,EQ_ADJUNCT,
17714,0,so it's not a good thing *NULL* to do.,1.0,-NONE-ABAR-RC-,T,RC,NP,NP,OBJ,OBJ,WHNP-1-<INANIM>-<PATIENT-V1>,WHNP,RC,RC_OBJ,
17715,0,yeah and if you hit me I'd really cry.,,,,POLAR,,,,POLAR,,,EQ,EQ_POLAR,
17720,0,"yeah, why don't you put it on?",1.0,-NONE-ABAR-WH-,T,WH,ADVP,ADVP,ADJUNCT,ADJUNCT,WHADVP-1,WHADVP,MQ,MQ_ADJUNCT,
17724,0,what did I say about swinging that?,1.0,-NONE-ABAR-WH-,T,WH,NP,NP,OBJ,OBJ,WHNP-1-<INANIM>-<THEME-V1>,WHNP,MQ,MQ_OBJ,
17747,0,see what happens?,1.0,-NONE-ABAR-RC-,T,RC,NP,NP,SUBJ,SUBJ,WHNP-1-<INANIM>-<THEME-V2>,WHNP,EQ,EQ_SUBJ,see
17755,0,where are they all?,1.0,-NONE-ABAR-WH-,T,WH,ADVP,ADVP,ADJUNCT,ADJUNCT,WHADVP-1,WHADVP,MQ,MQ_ADJUNCT,
17767,0,where are those?,1.0,-NONE-ABAR-WH-,T,WH,ADVP,ADVP,ADJUNCT,ADJUNCT,WHADVP-1,WHADVP,MQ,MQ_ADJUNCT,
17781,0,"that's going to help me remember when I go home, so I can remember",2.0,-NONE-ABAR-RC-,T,RC,ADVP,ADVP,ADJUNCT,ADJUNCT,WHADVP-2,WHADVP,EQ,EQ_ADJUNCT,remember
17804,0,want to see what I brought?,1.0,-NONE-ABAR-RC-,T,RC,NP,NP,OBJ,OBJ,WHNP-1-<INANIM>-<PATIENT-V3>,WHNP,EQ,EQ_OBJ,see
17805,0,"ok, let's see what I've got.",1.0,-NONE-ABAR-RC-,T,RC,NP,NP,OBJ,OBJ,WHNP-1-<INANIM>-<THEME-V3>,WHNP,EQ,EQ_OBJ,see
17806,0,what's interesting?,1.0,-NONE-ABAR-WH-,T,WH,NP,NP,SUBJ,SUBJ,WHNP-1-<INANIM>,WHNP,MQ,MQ_SUBJ,
17808,0,you know what that is?,1.0,-NONE-ABAR-WH-,T,WH,NP,NP,OBJ,OBJ,WHNP-1-<INANIM>,WHNP,EQ,EQ_OBJ,know
17809,0,what do you think that is?,1.0,-NONE-ABAR-WH-,T,WH,NP,NP,OBJ,OBJ,WHNP-1-<INANIM>,WHNP,EQ,EQ_OBJ,think
17816,0,what is it?,1.0,-NONE-ABAR-WH-,T,WH,NP,NP,OBJ,OBJ,WHNP-1-<INANIM>,WHNP,MQ,MQ_OBJ,
17817,0,what is that?,1.0,-NONE-ABAR-WH-,T,WH,NP,NP,OBJ,OBJ,WHNP-1-<INANIM>,WHNP,MQ,MQ_OBJ,
17832,0,know what these are?,1.0,-NONE-ABAR-WH-,T,WH,NP,NP,OBJ,OBJ,WHNP-1-<INANIM>,WHNP,EQ,EQ_OBJ,know
17851,0,what is his face called?,2.0,-NONE-ABAR-WH-,T,WH,NP,NP,OBJ,OBJ,WHNP-2-<INANIM>-<THEME-V1>,WHNP,MQ,MQ_OBJ,
17854,0,what are these?,1.0,-NONE-ABAR-WH-,T,WH,NP,NP,OBJ,OBJ,WHNP-1-<INANIM>,WHNP,MQ,MQ_OBJ,
17876,0,what's that?,1.0,-NONE-ABAR-WH-,T,WH,NP,NP,OBJ,OBJ,WHNP-1-<INANIM>,WHNP,MQ,MQ_OBJ,
17885,0,"ok, you can put em where you want.",1.0,-NONE-ABAR-RC-,T,RC,ADVP,ADVP,ADJUNCT,ADJUNCT,WHADVP-1,WHADVP,EQ,EQ_ADJUNCT,put
17886,0,"oh, you have a special place *NULL* to put blocks.",1.0,-NONE-ABAR-RC-,T,RC,ADVP,ADVP,ADJUNCT,ADJUNCT,WHADVP-1,WHADVP,RC,RC_ADJUNCT,
17902,0,"yeah, you just come where I dropped em.",1.0,-NONE-ABAR-RC-,T,RC,ADVP,ADVP,ADJUNCT,ADJUNCT,WHADVP-1,WHADVP,EQ,EQ_ADJUNCT,come
17932,0,now these little ones only fit on the ones that have open spaces.,1.0,-NONE-ABAR-RC-,T,RC,NP,NP,SUBJ,SUBJ,WHNP-1-<INANIM>-<POSSESS-V2>,WHNP,RC,RC_SUBJ,
17945,0,where'd she go?,1.0,-NONE-ABAR-WH-,T,WH,ADVP,ADVP,ADJUNCT,ADJUNCT,WHADVP-1,WHADVP,MQ,MQ_ADJUNCT,
17953,0,what's his name?,1.0,-NONE-ABAR-WH-,T,WH,NP,NP,OBJ,OBJ,WHNP-1-<INANIM>,WHNP,MQ,MQ_OBJ,
17955,0,what's his name?,1.0,-NONE-ABAR-WH-,T,WH,NP,NP,OBJ,OBJ,WHNP-1-<INANIM>,WHNP,MQ,MQ_OBJ,
17959,0,where shall we put em?,1.0,-NONE-ABAR-WH-,T,WH,ADVP,ADVP,ADJUNCT,ADJUNCT,WHADVP-1,WHADVP,MQ,MQ_ADJUNCT,
17967,0,what's the matter?,1.0,-NONE-ABAR-WH-,T,WH,NP,NP,OBJ,OBJ,WHNP-1-<INANIM>,WHNP,MQ,MQ_OBJ,
17984,0,where was the owl?,1.0,-NONE-ABAR-WH-,T,WH,ADVP,ADVP,ADJUNCT,ADJUNCT,WHADVP-1,WHADVP,MQ,MQ_ADJUNCT,
17991,0,"oh, I know what we could do.",1.0,-NONE-ABAR-WH-,T,WH,NP,NP,OBJ,OBJ,WHNP-1-<INANIM>-<PATIENT-V2>,WHNP,EQ,EQ_OBJ,know
17994,0,"ok, let's see if we can do that.",,,,POLAR,,,,POLAR,,,EQ,EQ_POLAR,see
18001,0,I don't know how to do this.,1.0,-NONE-ABAR-WH-,T,WH,ADVP,ADVP,ADJUNCT,ADJUNCT,WHADVP-1,WHADVP,EQ,EQ_ADJUNCT,know
18005,0,maybe if she stands on the ground.,,,,POLAR,,,,POLAR,,,EQ,EQ_POLAR,
18022,0,what's on your shoe?,1.0,-NONE-ABAR-WH-,T,WH,NP,NP,SUBJ,SUBJ,WHNP-1-<INANIM>,WHNP,MQ,MQ_SUBJ,
18023,0,what is that?,1.0,-NONE-ABAR-WH-,T,WH,NP,NP,OBJ,OBJ,WHNP-1-<INANIM>,WHNP,MQ,MQ_OBJ,
18043,0,did you show her what we have at our house?,1.0,-NONE-ABAR-RC-,T,RC,NP,NP,OBJ,OBJ,WHNP-1-<INANIM>-<THEME-V2>,WHNP,EQ,EQ_OBJ,show
18044,0,what do we have in the kitchen that's alive that's in a bowl?,1.0,-NONE-ABAR-WH-,T,WH,NP,NP,ADJUNCT,ADJUNCT,WHNP-1-<ANIM>,WHNP,MQ,MQ_ADJUNCT,
18044,1,what do we have in the kitchen that's alive that's in a bowl?,2.0,-NONE-ABAR-RC-,T,RC,NP,NP,SUBJ,SUBJ,WHNP-2-<ANIM>,WHNP,RC,RC_SUBJ,
18044,2,what do we have in the kitchen that's alive that's in a bowl?,3.0,-NONE-ABAR-RC-,T,RC,NP,NP,SUBJ,SUBJ,WHNP-3-<ANIM>,WHNP,RC,RC_SUBJ,
18045,0,that we feed and take care of?,1.0,-NONE-ABAR-RC-,T,RC,NP,NP,OBJ,OBJ,WHNP-1-<ANIM>-<PATIENT-V1>-<PATIENT-V2>,WHNP,EQ,EQ_OBJ,
18045,1,that we feed and take care of?,1.0,-NONE-ABAR-RC-,T,RC,NP,NP,OBJ,OBJ,WHNP-1-<ANIM>-<PATIENT-V1>-<PATIENT-V2>,WHNP,EQ,EQ_OBJ,
18047,0,what do we have in there?,1.0,-NONE-ABAR-WH-,T,WH,NP,NP,OBJ,OBJ,WHNP-1-<ANIM>-<THEME-V1>,WHNP,MQ,MQ_OBJ,
18058,0,this is something *NULL* she doesn't know what to do.,2.0,-NONE-ABAR-WH-,T,WH,NP,NP,OBJ,OBJ,WHNP-2-<INANIM>-<PATIENT-V2>,WHNP,EQ,EQ_OBJ,know
18058,1,this is something *NULL* she doesn't know what to do.,1.0,-NONE-ABAR-RC-,T,RC,ADVP,ADVP,ADJUNCT,ADJUNCT,WHADVP-1,WHADVP,RC,RC_ADJUNCT,
18059,0,"why, what's in there?",1.0,-NONE-ABAR-WH-,T,WH,NP,NP,SUBJ,SUBJ,WHNP-1-<INANIM>,WHNP,MQ,MQ_SUBJ,
18063,0,how's that?,1.0,-NONE-ABAR-WH-,T,WH,ADVP,ADVP,ADJUNCT,ADJUNCT,WHADVP-1,WHADVP,MQ,MQ_ADJUNCT,
18067,0,is that what you said?,1.0,-NONE-ABAR-RC-,T,RC,NP,NP,OBJ,OBJ,WHNP-1-<INANIM>-<THEME-V1>,WHNP,EQ,EQ_OBJ,said
18083,0,why don't we leave it right there?,1.0,-NONE-ABAR-WH-,T,WH,ADVP,ADVP,ADJUNCT,ADJUNCT,WHADVP-1,WHADVP,MQ,MQ_ADJUNCT,
18090,0,you can bring those in the other room if you want.,,,,POLAR,,,,POLAR,,,EQ,EQ_POLAR,bring
18095,0,who's Andrew?,1.0,-NONE-ABAR-WH-,T,WH,NP,NP,OBJ,OBJ,WHNP-1-<ANIM>,WHNP,MQ,MQ_OBJ,
18097,0,who's Andrew?,1.0,-NONE-ABAR-WH-,T,WH,NP,NP,OBJ,OBJ,WHNP-1-<ANIM>,WHNP,MQ,MQ_OBJ,
18102,0,what do you like to play?,1.0,-NONE-ABAR-WH-,T,WH,NP,NP,OBJ,OBJ,WHNP-1-<INANIM>-<PATIENT-V2>,WHNP,MQ,MQ_OBJ,
18105,0,what's bears?,1.0,-NONE-ABAR-WH-,T,WH,NP,NP,OBJ,OBJ,WHNP-1-<INANIM>,WHNP,MQ,MQ_OBJ,
18106,0,what happened when the three bears came home and saw Goldilocks?,1.0,-NONE-ABAR-WH-,T,WH,NP,NP,SUBJ,SUBJ,WHNP-1-<INANIM>-<THEME-V1>,WHNP,MQ,MQ_SUBJ,
18106,1,what happened when the three bears came home and saw Goldilocks?,2.0,-NONE-ABAR-RC-,T,RC,ADVP,ADVP,ADJUNCT,ADJUNCT,WHADVP-2,WHADVP,EQ,EQ_ADJUNCT,happened
18107,0,what did she do,1.0,-NONE-ABAR-WH-,T,WH,NP,NP,OBJ,OBJ,WHNP-1-<INANIM>-<PATIENT-V1>,WHNP,MQ,MQ_OBJ,
18109,0,"ok, let's see what you sound like.",1.0,-NONE-ABAR-RC-,T,RC,NP,NP,OBJ,OBJ,WHNP-1-<INANIM>,WHNP,EQ,EQ_OBJ,see
18124,0,"well, nothing much happens when you open it.",1.0,-NONE-ABAR-RC-,T,RC,ADVP,ADVP,ADJUNCT,ADJUNCT,WHADVP-1,WHADVP,EQ,EQ_ADJUNCT,happens
18145,0,you know what that is?,1.0,-NONE-ABAR-WH-,T,WH,NP,NP,OBJ,OBJ,WHNP-1-<INANIM>,WHNP,EQ,EQ_OBJ,know
18148,0,do you know what those are?,1.0,-NONE-ABAR-WH-,T,WH,NP,NP,OBJ,OBJ,WHNP-1-<INANIM>,WHNP,EQ,EQ_OBJ,know
18149,0,I bet you don't know what those are.,1.0,-NONE-ABAR-WH-,T,WH,NP,NP,OBJ,OBJ,WHNP-1-<INANIM>,WHNP,EQ,EQ_OBJ,know
18152,0,what else do you know?,1.0,-NONE-ABAR-WH-,T,WH,NP,NP,OBJ,OBJ,WHNP-1-<INANIM>-<SUBJMATT-V1>,WHNP,MQ,MQ_OBJ,
18153,0,do you know what those are?,1.0,-NONE-ABAR-WH-,T,WH,NP,NP,OBJ,OBJ,WHNP-1-<INANIM>,WHNP,EQ,EQ_OBJ,know
18156,0,do you know what that is?,1.0,-NONE-ABAR-WH-,T,WH,NP,NP,OBJ,OBJ,WHNP-1-<INANIM>,WHNP,EQ,EQ_OBJ,know
18159,0,"oh, you know what that is, right?",1.0,-NONE-ABAR-WH-,T,WH,NP,NP,OBJ,OBJ,WHNP-1-<INANIM>,WHNP,EQ,EQ_OBJ,know
18162,0,do you know what those are?,1.0,-NONE-ABAR-WH-,T,WH,NP,NP,OBJ,OBJ,WHNP-1-<INANIM>,WHNP,EQ,EQ_OBJ,know
18179,0,where did I put it?,1.0,-NONE-ABAR-WH-,T,WH,ADVP,ADVP,ADJUNCT,ADJUNCT,WHADVP-1,WHADVP,MQ,MQ_ADJUNCT,
18180,0,you know what that is?,1.0,-NONE-ABAR-WH-,T,WH,NP,NP,OBJ,OBJ,WHNP-1-<INANIM>,WHNP,EQ,EQ_OBJ,know
18181,0,what is it?,1.0,-NONE-ABAR-WH-,T,WH,NP,NP,OBJ,OBJ,WHNP-1-<INANIM>,WHNP,MQ,MQ_OBJ,
18185,0,do you know what that is?,1.0,-NONE-ABAR-WH-,T,WH,NP,NP,OBJ,OBJ,WHNP-1-<INANIM>,WHNP,EQ,EQ_OBJ,know
18187,0,what is that?,1.0,-NONE-ABAR-WH-,T,WH,NP,NP,OBJ,OBJ,WHNP-1-<INANIM>,WHNP,MQ,MQ_OBJ,
18189,0,and what's that?,1.0,-NONE-ABAR-WH-,T,WH,NP,NP,OBJ,OBJ,WHNP-1-<INANIM>,WHNP,EQ,EQ_OBJ,
18190,0,you know what that is?,1.0,-NONE-ABAR-WH-,T,WH,NP,NP,OBJ,OBJ,WHNP-1-<INANIM>,WHNP,EQ,EQ_OBJ,know
18192,0,what's that?,1.0,-NONE-ABAR-WH-,T,WH,NP,NP,OBJ,OBJ,WHNP-1-<INANIM>,WHNP,MQ,MQ_OBJ,
18198,0,and when you go to the beach you can find these.,2.0,-NONE-ABAR-RC-,T,RC,ADVP,ADVP,ADJUNCT,ADJUNCT,WHADVP-2,WHADVP,EQ,EQ_ADJUNCT,
18204,0,do you know what some of these things are?,1.0,-NONE-ABAR-WH-,T,WH,NP,NP,OBJ,OBJ,WHNP-1-<INANIM>,WHNP,EQ,EQ_OBJ,know
18205,0,do you know what that is?,1.0,-NONE-ABAR-WH-,T,WH,NP,NP,OBJ,OBJ,WHNP-1-<INANIM>,WHNP,EQ,EQ_OBJ,know
18207,0,and what's that?,1.0,-NONE-ABAR-WH-,T,WH,NP,NP,OBJ,OBJ,WHNP-1-<INANIM>,WHNP,EQ,EQ_OBJ,
18208,0,do you know what that is?,1.0,-NONE-ABAR-WH-,T,WH,NP,NP,OBJ,OBJ,WHNP-1-<INANIM>,WHNP,EQ,EQ_OBJ,know
18218,0,"and *NULL* we went grocery shopping, I left the groceries.",2.0,-NONE-ABAR-RC-,T,RC,ADVP,ADVP,ADJUNCT,ADJUNCT,WHADVP-2,WHADVP,EQ,EQ_ADJUNCT,
18223,0,anything *NULL* you say.,1.0,-NONE-ABAR-RC-,T,RC,NP,NP,OBJ,OBJ,WHNP-1-<INANIM>-<THEME-V1>,WHNP,RC,RC_OBJ,
18224,0,do you remember the book that Aunt Ann gave you at the,1.0,-NONE-ABAR-RC-,T,RC,NP,NP,OBJ,OBJ,WHNP-1-<INANIM>-<PATIENT-V2>,WHNP,RC,RC_OBJ,
18225,0,remember that book *NULL* she gave you?,1.0,-NONE-ABAR-RC-,T,RC,NP,NP,OBJ,OBJ,WHNP-1-<INANIM>-<PATIENT-V2>,WHNP,RC,RC_OBJ,
18227,0,which one's yours?,1.0,-NONE-ABAR-WH-,T,WH,NP,NP,OBJ,OBJ,WHNP-1-<INANIM>,WHNP,MQ,MQ_OBJ,
18229,0,"which one's yours, which one's Andrew's.",1.0,-NONE-ABAR-WH-,T,WH,NP,NP,OBJ,OBJ,WHNP-1-<INANIM>,WHNP,EQ,EQ_OBJ,
18229,1,"which one's yours, which one's Andrew's.",2.0,-NONE-ABAR-WH-,T,WH,NP,NP,OBJ,OBJ,WHNP-2-<INANIM>,WHNP,EQ,EQ_OBJ,
18239,0,now which one's yours?,1.0,-NONE-ABAR-WH-,T,WH,NP,NP,OBJ,OBJ,WHNP-1-<INANIM>,WHNP,MQ,MQ_OBJ,
18247,0,and where's her chicks?,1.0,-NONE-ABAR-WH-,T,WH,ADVP,ADVP,ADJUNCT,ADJUNCT,WHADVP-1,WHADVP,EQ,EQ_ADJUNCT,
18260,0,why isn't number five opening?,1.0,-NONE-ABAR-WH-,T,WH,ADVP,ADVP,ADJUNCT,ADJUNCT,WHADVP-1,WHADVP,MQ,MQ_ADJUNCT,
18264,0,when she got back the barnyard was buzzing.,2.0,-NONE-ABAR-RC-,T,RC,ADVP,ADVP,ADJUNCT,ADJUNCT,WHADVP-2,WHADVP,EQ,EQ_ADJUNCT,
18270,0,she doesn't know which egg is hers.,1.0,-NONE-ABAR-WH-,T,WH,NP,NP,OBJ,OBJ,WHNP-1-<INANIM>,WHNP,EQ,EQ_OBJ,know
18272,0,which is her egg?,1.0,-NONE-ABAR-WH-,T,WH,NP,NP,OBJ,OBJ,WHNP-1-<INANIM>,WHNP,MQ,MQ_OBJ,
18279,0,"oh, she's talking to the people who colored the egg.",1.0,-NONE-ABAR-RC-,T,RC,NP,NP,SUBJ,SUBJ,WHNP-1-<INANIM>-<AGENT-V2>,WHNP,RC,RC_SUBJ,
18281,0,which one do you think is going to open up?,1.0,-NONE-ABAR-WH-,T,WH,NP-2,NP,SUBJ,SUBJ,WHNP-1-<INANIM>-<THEME-V2>,WHNP,EQ,EQ_SUBJ,think
18283,0,"oh, what happened?",1.0,-NONE-ABAR-WH-,T,WH,NP,NP,SUBJ,SUBJ,WHNP-1-<INANIM>-<THEME-V1>,WHNP,MQ,MQ_SUBJ,
18291,0,show me which page you like.,1.0,-NONE-ABAR-RC-,T,RC,NP,NP,OBJ,OBJ,WHNP-1-<INANIM>-<SUBJMATT-V2>,WHNP,EQ,EQ_OBJ,show
18294,0,which one do you like?,1.0,-NONE-ABAR-WH-,T,WH,NP,NP,OBJ,OBJ,WHNP-1-<INANIM>-<SUBJMATT-V1>,WHNP,MQ,MQ_OBJ,
18300,0,what are you going to see there?,2.0,-NONE-ABAR-WH-,T,WH,NP,NP,OBJ,OBJ,WHNP-2-<INANIM>-<SUBJMATT-V1>,WHNP,MQ,MQ_OBJ,
18301,0,what are those?,1.0,-NONE-ABAR-WH-,T,WH,NP,NP,OBJ,OBJ,WHNP-1-<INANIM>,WHNP,MQ,MQ_OBJ,
18319,0,you want to see what he's doing?,1.0,-NONE-ABAR-RC-,T,RC,NP,NP,OBJ,OBJ,WHNP-1-<INANIM>-<PATIENT-V3>,WHNP,EQ,EQ_OBJ,see
18329,0,why don't we take them out first and then we can put em back.,1.0,-NONE-ABAR-WH-,T,WH,ADVP,ADVP,ADJUNCT,ADJUNCT,WHADVP-1,WHADVP,MQ,MQ_ADJUNCT,
18336,0,what do we have here?,1.0,-NONE-ABAR-WH-,T,WH,NP,NP,OBJ,OBJ,WHNP-1-<INANIM>-<THEME-V1>,WHNP,MQ,MQ_OBJ,
18340,0,what do you have?,1.0,-NONE-ABAR-WH-,T,WH,NP,NP,OBJ,OBJ,WHNP-1-<INANIM>-<THEME-V1>,WHNP,MQ,MQ_OBJ,
18343,0,want me to see if I can find em?,,,,POLAR,,,,POLAR,,,EQ,EQ_POLAR,see
18345,0,there's some others that kind a go together.,1.0,-NONE-ABAR-RC-,T,RC,NP,NP,SUBJ,SUBJ,WHNP-1-<INANIM>-<THEME-V1>,WHNP,RC,RC_SUBJ,
18347,0,"what do you think, Child?",1.0,-NONE-ABAR-WH-,T,WH,NP,NP,OBJ,OBJ,WHNP-1-<INANIM>-<SUBJMATT-V1>,WHNP,MQ,MQ_OBJ,
18351,0,what do ya want?,1.0,-NONE-ABAR-WH-,T,WH,NP,NP,OBJ,OBJ,WHNP-1-<INANIM>-<SUBJMATT-V1>,WHNP,MQ,MQ_OBJ,
18357,0,where did you get that duck?,1.0,-NONE-ABAR-WH-,T,WH,ADVP,ADVP,ADJUNCT,ADJUNCT,WHADVP-1,WHADVP,MQ,MQ_ADJUNCT,
18363,0,"if I find the name of that shop I'll, uh, I'll ask my",,,,POLAR,,,,POLAR,,,EQ,EQ_POLAR,
18376,0,I bet cha you know where he is and you're playing a trick.,1.0,-NONE-ABAR-WH-,T,WH,ADVP,ADVP,ADJUNCT,ADJUNCT,WHADVP-1,WHADVP,EQ,EQ_ADJUNCT,know
18387,0,that's what you did to him last time.,1.0,-NONE-ABAR-RC-,T,RC,NP,NP,OBJ,OBJ,WHNP-1-<INANIM>-<THEME-V1>,WHNP,EQ,EQ_OBJ,did
18392,0,what does a duck really say?,1.0,-NONE-ABAR-WH-,T,WH,NP,NP,OBJ,OBJ,WHNP-1-<INANIM>-<THEME-V1>,WHNP,MQ,MQ_OBJ,
18394,0,what does a real duck say?,1.0,-NONE-ABAR-WH-,T,WH,NP,NP,OBJ,OBJ,WHNP-1-<INANIM>-<THEME-V1>,WHNP,MQ,MQ_OBJ,
18395,0,look what I've got.,1.0,-NONE-ABAR-RC-,T,RC,NP,NP,OBJ,OBJ,WHNP-1-<INANIM>-<THEME-V2>,WHNP,EQ,EQ_OBJ,look
18399,0,where's the baby?,1.0,-NONE-ABAR-WH-,T,WH,ADVP,ADVP,ADJUNCT,ADJUNCT,WHADVP-1,WHADVP,MQ,MQ_ADJUNCT,
18401,0,what's this thing?,1.0,-NONE-ABAR-WH-,T,WH,NP,NP,OBJ,OBJ,WHNP-1-<INANIM>,WHNP,MQ,MQ_OBJ,
18402,0,where's the baby one?,1.0,-NONE-ABAR-WH-,T,WH,ADVP,ADVP,ADJUNCT,ADJUNCT,WHADVP-1,WHADVP,MQ,MQ_ADJUNCT,
18406,0,where's the mama crocodile with the big teeth?,1.0,-NONE-ABAR-WH-,T,WH,ADVP,ADVP,ADJUNCT,ADJUNCT,WHADVP-1,WHADVP,MQ,MQ_ADJUNCT,
18408,0,"ok, where's the cow?",1.0,-NONE-ABAR-WH-,T,WH,ADVP,ADVP,ADJUNCT,ADJUNCT,WHADVP-1,WHADVP,MQ,MQ_ADJUNCT,
18409,0,where's the mama cow?,1.0,-NONE-ABAR-WH-,T,WH,ADVP,ADVP,ADJUNCT,ADJUNCT,WHADVP-1,WHADVP,MQ,MQ_ADJUNCT,
18411,0,what's left?,1.0,-NONE-ABAR-WH-,T,WH,NP,NP,OBJ,OBJ,WHNP-1-<INANIM>-<PATIENT-V1>,WHNP,MQ,MQ_OBJ,
18412,0,what's that thing?,1.0,-NONE-ABAR-WH-,T,WH,NP,NP,OBJ,OBJ,WHNP-1-<INANIM>,WHNP,MQ,MQ_OBJ,
18414,0,what did she call it?,1.0,-NONE-ABAR-WH-,T,WH,NP,NP,OBJ,OBJ,WHNP-1-<INANIM>-<THEME-V1>,WHNP,MQ,MQ_OBJ,
18421,0,you know what that's called?,2.0,-NONE-ABAR-WH-,T,WH,NP,NP,OBJ,OBJ,WHNP-2-<INANIM>-<THEME-V2>,WHNP,EQ,EQ_OBJ,know
18427,0,where's the duck?,1.0,-NONE-ABAR-WH-,T,WH,ADVP,ADVP,ADJUNCT,ADJUNCT,WHADVP-1,WHADVP,MQ,MQ_ADJUNCT,
18432,0,which one is the one that's standing up?,2.0,-NONE-ABAR-RC-,T,RC,NP,NP,SUBJ,SUBJ,WHNP-2-<INANIM>-<THEME-V1>,WHNP,RC,RC_SUBJ,
18432,1,which one is the one that's standing up?,1.0,-NONE-ABAR-WH-,T,WH,NP,NP,OBJ,OBJ,WHNP-1-<INANIM>,WHNP,MQ,MQ_OBJ,
18452,0,why isn't it going?,1.0,-NONE-ABAR-WH-,T,WH,ADVP,ADVP,ADJUNCT,ADJUNCT,WHADVP-1,WHADVP,MQ,MQ_ADJUNCT,
18454,0,see if you can turn that over.,,,,POLAR,,,,POLAR,,,EQ,EQ_POLAR,see
18462,0,"yes, what's your rock and roll song?",1.0,-NONE-ABAR-WH-,T,WH,NP,NP,OBJ,OBJ,WHNP-1-<INANIM>,WHNP,MQ,MQ_OBJ,
18468,0,who taught you that?,1.0,-NONE-ABAR-WH-,T,WH,NP,NP,SUBJ,SUBJ,WHNP-1-<AGENT-V1>,WHNP,MQ,MQ_SUBJ,
18472,0,Beth taught you how to break_dance?,1.0,-NONE-ABAR-RC-,T,RC,ADVP,ADVP,ADJUNCT,ADJUNCT,WHADVP-1,WHADVP,EQ,EQ_ADJUNCT,taught
18475,0,you have Beth *NULL* to thank for this.,1.0,-NONE-ABAR-RC-,T,RC,NP,NP,OBJ,OBJ,WHNP-1-<ANIM>-<PATIENT-V2>,WHNP,RC,RC_OBJ,
18484,0,I hate it when I miss things.,1.0,-NONE-ABAR-RC-,T,RC,ADVP,ADVP,ADJUNCT,ADJUNCT,WHADVP-1,WHADVP,EQ,EQ_ADJUNCT,hate
18488,0,"it was, I, when I played it back on a different tape recorder there",1.0,-NONE-ABAR-RC-,T,RC,ADVP,ADVP,ADJUNCT,ADJUNCT,WHADVP-1,WHADVP,EQ,EQ_ADJUNCT,
18496,0,where should I put this?,1.0,-NONE-ABAR-WH-,T,WH,ADVP,ADVP,ADJUNCT,ADJUNCT,WHADVP-1,WHADVP,MQ,MQ_ADJUNCT,
18501,0,"well, why don't you bring it right here?",1.0,-NONE-ABAR-WH-,T,WH,ADVP,ADVP,ADJUNCT,ADJUNCT,WHADVP-1,WHADVP,MQ,MQ_ADJUNCT,
18506,0,now what were you saying?,1.0,-NONE-ABAR-WH-,T,WH,NP,NP,OBJ,OBJ,WHNP-1-<INANIM>-<THEME-V1>,WHNP,MQ,MQ_OBJ,
18539,0,"I 'm sure the children will find something *NULL* to do with this, as long",1.0,-NONE-ABAR-RC-,T,RC,NP,NP,OBJ,OBJ,WHNP-1-<INANIM>-<THEME-V2>,WHNP,RC,RC_OBJ,
18559,0,what's for the tea?,1.0,-NONE-ABAR-WH-,T,WH,NP,NP,SUBJ,SUBJ,WHNP-1-<INANIM>,WHNP,MQ,MQ_SUBJ,
18561,0,what's for my tea?,1.0,-NONE-ABAR-WH-,T,WH,NP,NP,SUBJ,SUBJ,WHNP-1-<INANIM>,WHNP,MQ,MQ_SUBJ,
18583,0,"oh, he looks like he thinks he's going to get something *NULL* to eat.",2.0,-NONE-ABAR-RC-,T,RC,NP,NP,OBJ,OBJ,WHNP-2-<INANIM>-<PATIENT-V4>,WHNP,RC,RC_OBJ,
18627,0,how is it?,1.0,-NONE-ABAR-WH-,T,WH,ADVP,ADVP,ADJUNCT,ADJUNCT,WHADVP-1,WHADVP,MQ,MQ_ADJUNCT,
18640,0,what's Skittles?,1.0,-NONE-ABAR-WH-,T,WH,NP,NP,OBJ,OBJ,WHNP-1-<INANIM>,WHNP,MQ,MQ_OBJ,
18641,0,what is it?,1.0,-NONE-ABAR-WH-,T,WH,NP,NP,OBJ,OBJ,WHNP-1-<INANIM>,WHNP,MQ,MQ_OBJ,
18649,0,so what did she do when she took your pajamas off?,1.0,-NONE-ABAR-WH-,T,WH,NP,NP,OBJ,OBJ,WHNP-1-<INANIM>-<PATIENT-V1>,WHNP,MQ,MQ_OBJ,
18649,1,so what did she do when she took your pajamas off?,2.0,-NONE-ABAR-RC-,T,RC,ADVP,ADVP,ADJUNCT,ADJUNCT,WHADVP-2,WHADVP,EQ,EQ_ADJUNCT,do
18662,0,who always does that?,1.0,-NONE-ABAR-WH-,T,WH,NP,NP,SUBJ,SUBJ,WHNP-1-<ANIM>-<AGENT-V1>,WHNP,MQ,MQ_SUBJ,
18669,0,what kind of chicken soup do you eat?,1.0,-NONE-ABAR-WH-,T,WH,NP,NP,OBJ,OBJ,WHNP-1-<INANIM>-<PATIENT-V1>,WHNP,MQ,MQ_OBJ,
18674,0,what cha got in there?,1.0,-NONE-ABAR-WH-,T,WH,NP,NP,OBJ,OBJ,WHNP-1-<INANIM>-<THEME-V1>,WHNP,MQ,MQ_OBJ,
18689,0,I'll wait for you if you have to go.,,,,POLAR,,,,POLAR,,,EQ,EQ_POLAR,wait
18720,0,if you want me to.,,,,POLAR,,,,POLAR,,,EQ,EQ_POLAR,
18733,0,I want to see what happens.,1.0,-NONE-ABAR-RC-,T,RC,NP,NP,SUBJ,SUBJ,WHNP-1-<INANIM>-<THEME-V3>,WHNP,EQ,EQ_SUBJ,see
18779,0,where'd it go?,1.0,-NONE-ABAR-WH-,T,WH,ADVP,ADVP,ADJUNCT,ADJUNCT,WHADVP-1,WHADVP,MQ,MQ_ADJUNCT,
18795,0,it's a stick that makes his eyes move.,1.0,-NONE-ABAR-RC-,T,RC,NP,NP,SUBJ,SUBJ,WHNP-1-<INANIM>-<CAUSER-V1>,WHNP,RC,RC_SUBJ,
18805,0,let's see if I can find some.,,,,POLAR,,,,POLAR,,,EQ,EQ_POLAR,see
18832,0,I have to see what they look like.,2.0,-NONE-ABAR-RC-,T,RC,NP,NP,OBJ,OBJ,WHNP-2-<INANIM>,WHNP,EQ,EQ_OBJ,see
18834,0,how do I make a dinosaur?,1.0,-NONE-ABAR-WH-,T,WH,ADVP,ADVP,ADJUNCT,ADJUNCT,WHADVP-1,WHADVP,MQ,MQ_ADJUNCT,
18839,0,there once was a girl who had one little curl right in the middle.,1.0,-NONE-ABAR-RC-,T,RC,NP,NP,SUBJ,SUBJ,WHNP-1-<ANIM>-<POSSESS-V1>,WHNP,RC,RC_SUBJ,
18861,0,who's this going To be?,2.0,-NONE-ABAR-WH-,T,WH,NP,NP,OBJ,OBJ,WHNP-2-<ANIM>,WHNP,MQ,MQ_OBJ,
18867,0,where's his legs?,1.0,-NONE-ABAR-WH-,T,WH,ADVP,ADVP,ADJUNCT,ADJUNCT,WHADVP-1,WHADVP,MQ,MQ_ADJUNCT,
18916,0,who's working?,1.0,-NONE-ABAR-WH-,T,WH,NP,NP,SUBJ,SUBJ,WHNP-1-<ANIM>-<THEME-V1>,WHNP,MQ,MQ_SUBJ,
18917,0,who's working right now?,1.0,-NONE-ABAR-WH-,T,WH,NP,NP,SUBJ,SUBJ,WHNP-1-<ANIM>-<THEME-V1>,WHNP,MQ,MQ_SUBJ,
18920,0,the man who was here a few minutes ago?,1.0,-NONE-ABAR-RC-,T,RC,NP,NP,SUBJ,SUBJ,WHNP-1-<ANIM>,WHNP,RC,RC_SUBJ,
18938,0,that's how it works.,1.0,-NONE-ABAR-RC-,T,RC,ADVP,ADVP,ADJUNCT,ADJUNCT,WHADVP-1,WHADVP,EQ,EQ_ADJUNCT,works
18945,0,why is that?,1.0,-NONE-ABAR-WH-,T,WH,ADVP,ADVP,ADJUNCT,ADJUNCT,WHADVP-1,WHADVP,MQ,MQ_ADJUNCT,
18952,0,how is that?,1.0,-NONE-ABAR-WH-,T,WH,ADVP,ADVP,ADJUNCT,ADJUNCT,WHADVP-1,WHADVP,MQ,MQ_ADJUNCT,
18954,0,why don't we move this stuff over?,1.0,-NONE-ABAR-WH-,T,WH,ADVP,ADVP,ADJUNCT,ADJUNCT,WHADVP-1,WHADVP,MQ,MQ_ADJUNCT,
18959,0,where's my man?,1.0,-NONE-ABAR-WH-,T,WH,ADVP,ADVP,ADJUNCT,ADJUNCT,WHADVP-1,WHADVP,MQ,MQ_ADJUNCT,
18965,0,I only know how to make one face.,1.0,-NONE-ABAR-WH-,T,WH,ADVP,ADVP,ADJUNCT,ADJUNCT,WHADVP-1,WHADVP,EQ,EQ_ADJUNCT,know
18967,0,I'll have to see when she's all done.,2.0,-NONE-ABAR-RC-,T,RC,ADVP,ADVP,ADJUNCT,ADJUNCT,WHADVP-2,WHADVP,EQ,EQ_ADJUNCT,see
18970,0,let's see what she's going to do here.,2.0,-NONE-ABAR-RC-,T,RC,NP,NP,OBJ,OBJ,WHNP-2-<INANIM>-<PATIENT-V2>,WHNP,EQ,EQ_OBJ,see
18975,0,"ok, what kind of hair does she have?",1.0,-NONE-ABAR-WH-,T,WH,NP,NP,OBJ,OBJ,WHNP-1-<INANIM>-<THEME-V1>,WHNP,MQ,MQ_OBJ,
18984,0,"here, what kind of hair does she have?",1.0,-NONE-ABAR-WH-,T,WH,NP,NP,OBJ,OBJ,WHNP-1-<INANIM>-<THEME-V1>,WHNP,MQ,MQ_OBJ,
18993,0,now what is she missing on her face?,1.0,-NONE-ABAR-WH-,T,WH,NP,NP,OBJ,OBJ,WHNP-1-<INANIM>-<THEME-V1>,WHNP,MQ,MQ_OBJ,
18994,0,what am I missing?,1.0,-NONE-ABAR-WH-,T,WH,NP,NP,OBJ,OBJ,WHNP-1-<INANIM>-<THEME-V1>,WHNP,MQ,MQ_OBJ,
19010,0,what kind of hair do you have?,1.0,-NONE-ABAR-WH-,T,WH,NP,NP,OBJ,OBJ,WHNP-1-<INANIM>-<THEME-V1>,WHNP,MQ,MQ_OBJ,
19021,0,what else do you need?,1.0,-NONE-ABAR-WH-,T,WH,NP,NP,OBJ,OBJ,WHNP-1-<INANIM>-<SUBJMATT-V1>,WHNP,MQ,MQ_OBJ,
19038,0,where's Observer?,1.0,-NONE-ABAR-WH-,T,WH,ADVP,ADVP,ADJUNCT,ADJUNCT,WHADVP-1,WHADVP,MQ,MQ_ADJUNCT,
19055,0,what is that?,1.0,-NONE-ABAR-WH-,T,WH,NP,NP,OBJ,OBJ,WHNP-1-<INANIM>,WHNP,MQ,MQ_OBJ,
19114,0,"well, that's what happens in the winter time.",1.0,-NONE-ABAR-RC-,T,RC,NP,NP,SUBJ,SUBJ,WHNP-1-<INANIM>-<THEME-V1>,WHNP,EQ,EQ_SUBJ,happens
19120,0,and the family will have water *NULL to drink.,1.0,-NONE-ABAR-RC-,T,RC,NP,NP,OBJ,OBJ,WHNP-1-<INANIM>-<PATIENT-V2>,WHNP,RC,RC_OBJ,
19123,0,"we know what a handy man Daddy is, don't we?",1.0,-NONE-ABAR-WH-,T,WH,NP,NP,OBJ,OBJ,WHNP-1-<ANIM>,WHNP,EQ,EQ_OBJ,know
19130,0,"oh, what's that?",1.0,-NONE-ABAR-WH-,T,WH,NP,NP,OBJ,OBJ,WHNP-1-<INANIM>,WHNP,MQ,MQ_OBJ,
19132,0,what does he do?,1.0,-NONE-ABAR-WH-,T,WH,NP,NP,OBJ,OBJ,WHNP-1-<INANIM>-<PATIENT-V1>,WHNP,MQ,MQ_OBJ,
19135,0,who's that?,1.0,-NONE-ABAR-WH-,T,WH,NP,NP,OBJ,OBJ,WHNP-1-<ANIM>,WHNP,MQ,MQ_OBJ,
19136,0,"who's this person, this guy?",1.0,-NONE-ABAR-WH-,T,WH,NP,NP,OBJ,OBJ,WHNP-1-<ANIM>,WHNP,MQ,MQ_OBJ,
19137,0,what's that?,1.0,-NONE-ABAR-WH-,T,WH,NP,NP,OBJ,OBJ,WHNP-1-<INANIM>,WHNP,MQ,MQ_OBJ,
19142,0,it's not a very good book *NULL* to read.,1.0,-NONE-ABAR-RC-,T,RC,NP,NP,OBJ,OBJ,WHNP-1-<INANIM>-<PATIENT-V1>,WHNP,RC,RC_OBJ,
19147,0,you know what that is?,1.0,-NONE-ABAR-WH-,T,WH,NP,NP,OBJ,OBJ,WHNP-1-<INANIM>,WHNP,EQ,EQ_OBJ,know
19150,0,I bet you don't know what's in my hands.,1.0,-NONE-ABAR-WH-,T,WH,NP,NP,SUBJ,SUBJ,WHNP-1-<INANIM>,WHNP,EQ,EQ_SUBJ,know
19152,0,what's that?,1.0,-NONE-ABAR-WH-,T,WH,NP,NP,OBJ,OBJ,WHNP-1-<INANIM>,WHNP,MQ,MQ_OBJ,
19156,0,what is it?,1.0,-NONE-ABAR-WH-,T,WH,NP,NP,OBJ,OBJ,WHNP-1-<INANIM>,WHNP,MQ,MQ_OBJ,
19170,0,and that's my tape recorder so I can remember what we said.,1.0,-NONE-ABAR-RC-,T,RC,NP,NP,OBJ,OBJ,WHNP-1-<INANIM>-<THEME-V2>,WHNP,EQ,EQ_OBJ,remember
19172,0,what's he doing?,1.0,-NONE-ABAR-WH-,T,WH,NP,NP,OBJ,OBJ,WHNP-1-<INANIM>-<PATIENT-V1>,WHNP,MQ,MQ_OBJ,
19173,0,what's that elephant doing?,1.0,-NONE-ABAR-WH-,T,WH,NP,NP,OBJ,OBJ,WHNP-1-<INANIM>-<PATIENT-V1>,WHNP,MQ,MQ_OBJ,
19176,0,what's he doing with his trunk?,1.0,-NONE-ABAR-WH-,T,WH,NP,NP,OBJ,OBJ,WHNP-1-<INANIM>-<PATIENT-V1>,WHNP,MQ,MQ_OBJ,
19179,0,I don't know if he should do that.,,,,POLAR,,,,POLAR,,,EQ,EQ_POLAR,know
19183,0,what's that?,1.0,-NONE-ABAR-WH-,T,WH,NP,NP,OBJ,OBJ,WHNP-1-<INANIM>,WHNP,MQ,MQ_OBJ,
19194,0,what does he say?,1.0,-NONE-ABAR-WH-,T,WH,NP,NP,OBJ,OBJ,WHNP-1-<INANIM>-<THEME-V1>,WHNP,MQ,MQ_OBJ,
19201,0,what else have we got here?,1.0,-NONE-ABAR-WH-,T,WH,NP,NP,OBJ,OBJ,WHNP-1-<INANIM>-<THEME-V1>,WHNP,MQ,MQ_OBJ,
19203,0,why did they all fall down?,1.0,-NONE-ABAR-WH-,T,WH,ADVP,ADVP,ADJUNCT,ADJUNCT,WHADVP-1,WHADVP,MQ,MQ_ADJUNCT,
19217,0,where'd he go?,1.0,-NONE-ABAR-WH-,T,WH,ADVP,ADVP,ADJUNCT,ADJUNCT,WHADVP-1,WHADVP,MQ,MQ_ADJUNCT,
19236,0,I think you're the only one here that can do it.,1.0,-NONE-ABAR-RC-,T,RC,NP,NP,SUBJ,SUBJ,WHNP-1-<ANIM>-<AGENT-V2>,WHNP,RC,RC_SUBJ,
19239,0,how are we going to get it?,2.0,-NONE-ABAR-WH-,T,WH,ADVP,ADVP,ADJUNCT,ADJUNCT,WHADVP-2,WHADVP,MQ,MQ_ADJUNCT,
19244,0,what's he doing?,1.0,-NONE-ABAR-WH-,T,WH,NP,NP,OBJ,OBJ,WHNP-1-<INANIM>-<PATIENT-V1>,WHNP,MQ,MQ_OBJ,
19264,0,you could probably sing better if you'd stop jumping for just a,,,,POLAR,,,,POLAR,,,EQ,EQ_POLAR,sing
19271,0,it looks like there's lots of people *NULL* to play with outside.,1.0,-NONE-ABAR-RC-,T,RC,NP,NP,OBJ,OBJ,WHNP-1-<ANIM>-<PATIENT-V2>,WHNP,RC,RC_OBJ,
19273,0,"yeah, there's always people *NULL* to play with.",1.0,-NONE-ABAR-RC-,T,RC,NP,NP,OBJ,OBJ,WHNP-1-<ANIM>-<PATIENT-V1>,WHNP,RC,RC_OBJ,
19289,0,who are we going to sing to?,2.0,-NONE-ABAR-WH-,T,WH,NP,NP,OBJ,OBJ,WHNP-2-<ANIM>-<GOAL-V1>,WHNP,MQ,MQ_OBJ,
19305,0,what are you doing now?,1.0,-NONE-ABAR-WH-,T,WH,NP,NP,OBJ,OBJ,WHNP-1-<INANIM>-<PATIENT-V1>,WHNP,MQ,MQ_OBJ,
19306,0,what are you doing?,1.0,-NONE-ABAR-WH-,T,WH,NP,NP,OBJ,OBJ,WHNP-1-<INANIM>-<PATIENT-V1>,WHNP,MQ,MQ_OBJ,
19313,0,what are you going to do?,2.0,-NONE-ABAR-WH-,T,WH,NP,NP,OBJ,OBJ,WHNP-2-<INANIM>-<PATIENT-V1>,WHNP,MQ,MQ_OBJ,
19315,0,how about if you do that to me and we'll see,,,,POLAR,,,,POLAR,,,EQ,EQ_POLAR,
19316,0,what are you going to do?,2.0,-NONE-ABAR-WH-,T,WH,NP,NP,OBJ,OBJ,WHNP-2-<INANIM>-<PATIENT-V1>,WHNP,MQ,MQ_OBJ,
19317,0,show us what you're going to do.,2.0,-NONE-ABAR-RC-,T,RC,NP,NP,OBJ,OBJ,WHNP-2-<INANIM>-<PATIENT-V2>,WHNP,EQ,EQ_OBJ,show
19329,0,where did you get this idea?,1.0,-NONE-ABAR-WH-,T,WH,ADVP,ADVP,ADJUNCT,ADJUNCT,WHADVP-1,WHADVP,MQ,MQ_ADJUNCT,
19330,0,that's what I want to know.,1.0,-NONE-ABAR-RC-,T,RC,NP,NP,OBJ,OBJ,WHNP-1-<INANIM>-<SUBJMATT-V2>,WHNP,EQ,EQ_OBJ,want
19343,0,do you know what her name is?,1.0,-NONE-ABAR-WH-,T,WH,NP,NP,OBJ,OBJ,WHNP-1-<INANIM>,WHNP,EQ,EQ_OBJ,know
19344,0,do you remember what her name is?,1.0,-NONE-ABAR-WH-,T,WH,NP,NP,OBJ,OBJ,WHNP-1-<INANIM>,WHNP,EQ,EQ_OBJ,remember
19383,0,why don't you bring Pooh bear out here?,1.0,-NONE-ABAR-WH-,T,WH,ADVP,ADVP,ADJUNCT,ADJUNCT,WHADVP-1,WHADVP,MQ,MQ_ADJUNCT,
19387,0,where should I go?,1.0,-NONE-ABAR-WH-,T,WH,ADVP,ADVP,ADJUNCT,ADJUNCT,WHADVP-1,WHADVP,MQ,MQ_ADJUNCT,
19412,0,who's that?,1.0,-NONE-ABAR-WH-,T,WH,NP,NP,OBJ,OBJ,WHNP-1-<INANIM>,WHNP,MQ,MQ_OBJ,
19413,0,what's his name?,1.0,-NONE-ABAR-WH-,T,WH,NP,NP,OBJ,OBJ,WHNP-1-<INANIM>,WHNP,MQ,MQ_OBJ,
19417,0,where are you going to carry him to?,2.0,-NONE-ABAR-WH-,T,WH,ADVP,ADVP,ADJUNCT,ADJUNCT,WHADVP-2,WHADVP,MQ,MQ_ADJUNCT,
19422,0,where are we pushing them to?,1.0,-NONE-ABAR-WH-,T,WH,ADVP,ADVP,ADJUNCT,ADJUNCT,WHADVP-1,WHADVP,MQ,MQ_ADJUNCT,
19430,0,where shall we pretend that Mimi and Papa live?,1.0,-NONE-ABAR-WH-,T,WH,ADVP,ADVP,ADJUNCT,ADJUNCT,WHADVP-1,WHADVP,EQ,EQ_ADJUNCT,pretend
19449,0,what is this one?,1.0,-NONE-ABAR-WH-,T,WH,NP,NP,OBJ,OBJ,WHNP-1-<INANIM>,WHNP,MQ,MQ_OBJ,
19450,0,"Child, tell Observer who that is.",1.0,-NONE-ABAR-RC-,T,RC,NP,NP,OBJ,OBJ,WHNP-1-<INANIM>,WHNP,EQ,EQ_OBJ,tell
19451,0,who's this?,1.0,-NONE-ABAR-WH-,T,WH,NP,NP,OBJ,OBJ,WHNP-1-<INANIM>,WHNP,MQ,MQ_OBJ,
19453,0,I never recognize Popples when I see em.,1.0,-NONE-ABAR-RC-,T,RC,ADVP,ADVP,ADJUNCT,ADJUNCT,WHADVP-1,WHADVP,EQ,EQ_ADJUNCT,recognize
19462,0,now what are we going to do with em?,2.0,-NONE-ABAR-WH-,T,WH,NP,NP,OBJ,OBJ,WHNP-2-<INANIM>-<THEME-V1>,WHNP,MQ,MQ_OBJ,
19468,0,who's that?,1.0,-NONE-ABAR-WH-,T,WH,NP,NP,OBJ,OBJ,WHNP-1-<INANIM>,WHNP,MQ,MQ_OBJ,
19477,0,what is that in there?,1.0,-NONE-ABAR-WH-,T,WH,NP,NP,OBJ,OBJ,WHNP-1-<INANIM>,WHNP,MQ,MQ_OBJ,
19478,0,"what is that in there, Child?",1.0,-NONE-ABAR-WH-,T,WH,NP,NP,OBJ,OBJ,WHNP-1-<INANIM>,WHNP,MQ,MQ_OBJ,
19479,0,what's going round and round?,1.0,-NONE-ABAR-WH-,T,WH,NP,NP,SUBJ,SUBJ,WHNP-1-<INANIM>,WHNP,MQ,MQ_SUBJ,
19481,0,you know what that is.,1.0,-NONE-ABAR-WH-,T,WH,NP,NP,OBJ,OBJ,WHNP-1-<INANIM>,WHNP,EQ,EQ_OBJ,know
19486,0,maybe when we're all done we can make it make some noise.,2.0,-NONE-ABAR-RC-,T,RC,ADVP,ADVP,ADJUNCT,ADJUNCT,WHADVP-2,WHADVP,EQ,EQ_ADJUNCT,
19487,0,we can hear what we said.,1.0,-NONE-ABAR-RC-,T,RC,NP,NP,OBJ,OBJ,WHNP-1-<INANIM>-<THEME-V1>,WHNP,EQ,EQ_OBJ,hear
19488,0,who's this?,1.0,-NONE-ABAR-WH-,T,WH,NP,NP,OBJ,OBJ,WHNP-1-<INANIM>,WHNP,MQ,MQ_OBJ,
19489,0,who are these guys?,1.0,-NONE-ABAR-WH-,T,WH,NP,NP,OBJ,OBJ,WHNP-1-<INANIM>,WHNP,MQ,MQ_OBJ,
19491,0,what are they talking about?,1.0,-NONE-ABAR-WH-,T,WH,NP,NP,OBJ,OBJ,WHNP-1-<INANIM>-<THEME-V1>,WHNP,MQ,MQ_OBJ,
19495,0,what are they talking about?,1.0,-NONE-ABAR-WH-,T,WH,NP,NP,OBJ,OBJ,WHNP-1-<INANIM>-<THEME-V1>,WHNP,MQ,MQ_OBJ,
19498,0,what kind of cookies are they talking about?,1.0,-NONE-ABAR-WH-,T,WH,NP,NP,OBJ,OBJ,WHNP-1-<INANIM>-<THEME-V1>,WHNP,MQ,MQ_OBJ,
19500,0,where did you see green cookies?,1.0,-NONE-ABAR-WH-,T,WH,ADVP,ADVP,ADJUNCT,ADJUNCT,WHADVP-1,WHADVP,MQ,MQ_ADJUNCT,
19505,0,"Child, what's with the nose?",1.0,-NONE-ABAR-WH-,T,WH,NP,NP,SUBJ,SUBJ,WHNP-1-<INANIM>,WHNP,MQ,MQ_SUBJ,
19509,0,who's this?,1.0,-NONE-ABAR-WH-,T,WH,NP,NP,OBJ,OBJ,WHNP-1-<INANIM>,WHNP,MQ,MQ_OBJ,
19510,0,"yeah, what's he got on his belly?",1.0,-NONE-ABAR-WH-,T,WH,NP,NP,OBJ,OBJ,WHNP-1-<INANIM>-<THEME-V1>,WHNP,MQ,MQ_OBJ,
19513,0,let's look what's in here.,1.0,-NONE-ABAR-RC-,T,RC,NP,NP,SUBJ,SUBJ,WHNP-1-<INANIM>,WHNP,EQ,EQ_SUBJ,look
19516,0,what's that?,1.0,-NONE-ABAR-WH-,T,WH,NP,NP,OBJ,OBJ,WHNP-1-<INANIM>,WHNP,MQ,MQ_OBJ,
19518,0,what else do you see?,1.0,-NONE-ABAR-WH-,T,WH,NP,NP,OBJ,OBJ,WHNP-1-<INANIM>-<SUBJMATT-V1>,WHNP,MQ,MQ_OBJ,
19522,0,what's this?,1.0,-NONE-ABAR-WH-,T,WH,NP,NP,OBJ,OBJ,WHNP-1-<INANIM>,WHNP,MQ,MQ_OBJ,
19527,0,what colors are there?,1.0,-NONE-ABAR-WH-,T,WH,NP,NP,OBJ,OBJ,WHNP-1-<INANIM>,WHNP,MQ,MQ_OBJ,
19531,0,"oh, what else do you see?",1.0,-NONE-ABAR-WH-,T,WH,NP,NP,OBJ,OBJ,WHNP-1-<INANIM>-<SUBJMATT-V1>,WHNP,MQ,MQ_OBJ,
19532,0,"oh, what are those?",1.0,-NONE-ABAR-WH-,T,WH,NP,NP,OBJ,OBJ,WHNP-1-<INANIM>,WHNP,MQ,MQ_OBJ,
19538,0,you know what that is.,1.0,-NONE-ABAR-WH-,T,WH,NP,NP,OBJ,OBJ,WHNP-1-<INANIM>,WHNP,EQ,EQ_OBJ,know
19539,0,what's this?,1.0,-NONE-ABAR-WH-,T,WH,NP,NP,OBJ,OBJ,WHNP-1-<INANIM>,WHNP,MQ,MQ_OBJ,
19543,0,it just looks a little different than the seesaw *NULL* you ride on.,1.0,-NONE-ABAR-RC-,T,RC,NP,NP,OBJ,OBJ,WHNP-1-<INANIM>-<GOAL-V2>,WHNP,RC,RC_OBJ,
19546,0,what's that person doing?,1.0,-NONE-ABAR-WH-,T,WH,NP,NP,OBJ,OBJ,WHNP-1-<INANIM>-<PATIENT-V1>,WHNP,MQ,MQ_OBJ,
19549,0,what else is in here?,1.0,-NONE-ABAR-WH-,T,WH,NP,NP,SUBJ,SUBJ,WHNP-1-<INANIM>,WHNP,MQ,MQ_SUBJ,
19554,0,what does mommy make with those?,1.0,-NONE-ABAR-WH-,T,WH,NP,NP,OBJ,OBJ,WHNP-1-<INANIM>-<PATIENT-V1>,WHNP,MQ,MQ_OBJ,
19562,0,what else is on there?,1.0,-NONE-ABAR-WH-,T,WH,NP,NP,SUBJ,SUBJ,WHNP-1-<INANIM>,WHNP,MQ,MQ_SUBJ,
19568,0,what do you see on there?,1.0,-NONE-ABAR-WH-,T,WH,NP,NP,OBJ,OBJ,WHNP-1-<INANIM>-<SUBJMATT-V1>,WHNP,MQ,MQ_OBJ,
19570,0,what color's that one?,1.0,-NONE-ABAR-WH-,T,WH,NP,NP,OBJ,OBJ,WHNP-1-<INANIM>,WHNP,MQ,MQ_OBJ,
19573,0,what color's the schoolbus?,1.0,-NONE-ABAR-WH-,T,WH,NP,NP,OBJ,OBJ,WHNP-1-<INANIM>,WHNP,MQ,MQ_OBJ,
19580,0,what else is in this book?,1.0,-NONE-ABAR-WH-,T,WH,NP,NP,SUBJ,SUBJ,WHNP-1-<INANIM>,WHNP,MQ,MQ_SUBJ,
19582,0,"oh, what's that?",1.0,-NONE-ABAR-WH-,T,WH,NP,NP,OBJ,OBJ,WHNP-1-<INANIM>,WHNP,MQ,MQ_OBJ,
19586,0,and what's in it?,1.0,-NONE-ABAR-WH-,T,WH,NP,NP,SUBJ,SUBJ,WHNP-1-<INANIM>,WHNP,EQ,EQ_SUBJ,
19588,0,what's this *NULL* sticking out here?,2.0,-NONE-ABAR-RC-,T,RC,NP,NP,SUBJ,SUBJ,WHNP-2-<INANIM>-<THEME-V1>,WHNP,RC,RC_SUBJ,
19588,1,what's this *NULL* sticking out here?,1.0,-NONE-ABAR-WH-,T,WH,NP,NP,OBJ,OBJ,WHNP-1-<INANIM>,WHNP,MQ,MQ_OBJ,
19589,0,"what do you think is in the bag today, Child?",1.0,-NONE-ABAR-WH-,T,WH,NP,NP,SUBJ,SUBJ,WHNP-1-<INANIM>,WHNP,EQ,EQ_SUBJ,think
19592,0,"oh dear, what's in here?",1.0,-NONE-ABAR-WH-,T,WH,NP,NP,SUBJ,SUBJ,WHNP-1-<INANIM>,WHNP,MQ,MQ_SUBJ,
19599,0,what's that?,1.0,-NONE-ABAR-WH-,T,WH,NP,NP,OBJ,OBJ,WHNP-1-<INANIM>,WHNP,MQ,MQ_OBJ,
19600,0,what's this?,1.0,-NONE-ABAR-WH-,T,WH,NP,NP,OBJ,OBJ,WHNP-1-<INANIM>,WHNP,MQ,MQ_OBJ,
19620,0,what are all these guys?,1.0,-NONE-ABAR-WH-,T,WH,NP,NP,OBJ,OBJ,WHNP-1-<INANIM>,WHNP,MQ,MQ_OBJ,
19622,0,what do ya do with em?,1.0,-NONE-ABAR-WH-,T,WH,NP,NP,OBJ,OBJ,WHNP-1-<INANIM>-<THEME-V1>,WHNP,MQ,MQ_OBJ,
19627,0,"the red one is from when you were smaller, right?",1.0,-NONE-ABAR-RC-,T,RC,ADVP,ADVP,ADJUNCT,ADJUNCT,WHADVP-1,WHADVP,EQ,EQ_ADJUNCT,
19629,0,what are you doing?,1.0,-NONE-ABAR-WH-,T,WH,NP,NP,OBJ,OBJ,WHNP-1-<INANIM>-<PATIENT-V1>,WHNP,MQ,MQ_OBJ,
19636,0,what's that?,1.0,-NONE-ABAR-WH-,T,WH,NP,NP,OBJ,OBJ,WHNP-1-<INANIM>,WHNP,MQ,MQ_OBJ,
19642,0,but if I look the other way I can see your eyes.,,,,POLAR,,,,POLAR,,,EQ,EQ_POLAR,
19660,0,what did you bump?,1.0,-NONE-ABAR-WH-,T,WH,NP,NP,OBJ,OBJ,WHNP-1-<INANIM>-<PATIENT-V1>,WHNP,MQ,MQ_OBJ,
19670,0,who ate something?,1.0,-NONE-ABAR-WH-,T,WH,NP,NP,SUBJ,SUBJ,WHNP-1-<ANIM>-<AGENT-V1>,WHNP,MQ,MQ_SUBJ,
19671,0,who ate?,1.0,-NONE-ABAR-WH-,T,WH,NP,NP,SUBJ,SUBJ,WHNP-1-<ANIM>-<THEME-V1>,WHNP,MQ,MQ_SUBJ,
19672,0,I 'm playing with my tape recorder to see if it works.,,,,POLAR,,,,POLAR,,,EQ,EQ_POLAR,see
19682,0,"oh dear, I think I'll put it back where it was.",1.0,-NONE-ABAR-RC-,T,RC,ADVP,ADVP,ADJUNCT,ADJUNCT,WHADVP-1,WHADVP,EQ,EQ_ADJUNCT,put
19688,0,how come I get big hugs today?,1.0,-NONE-ABAR-WH-,T,WH,ADVP,ADVP,ADJUNCT,ADJUNCT,WHADVP-1,WHADVP,MQ,MQ_ADJUNCT,
19689,0,what kind of hugs should we have?,1.0,-NONE-ABAR-WH-,T,WH,NP,NP,OBJ,OBJ,WHNP-1-<INANIM>-<THEME-V1>,WHNP,MQ,MQ_OBJ,
19699,0,"oh, what did you make with them?",1.0,-NONE-ABAR-WH-,T,WH,NP,NP,OBJ,OBJ,WHNP-1-<INANIM>-<PATIENT-V1>,WHNP,MQ,MQ_OBJ,
19715,0,"well, why don't you come help me?",1.0,-NONE-ABAR-WH-,T,WH,ADVP,ADVP,ADJUNCT,ADJUNCT,WHADVP-1,WHADVP,MQ,MQ_ADJUNCT,
19723,0,what about your picnic that you were going to have this morning?,2.0,-NONE-ABAR-RC-,T,RC,NP,NP,OBJ,OBJ,WHNP-2-<INANIM>-<PATIENT-V1>,WHNP,RC,RC_OBJ,
19727,0,what do ya have on the picnic?,1.0,-NONE-ABAR-WH-,T,WH,NP,NP,OBJ,OBJ,WHNP-1-<INANIM>-<THEME-V1>,WHNP,MQ,MQ_OBJ,
19741,0,that's what she was feeding me.,1.0,-NONE-ABAR-RC-,T,RC,NP,NP,OBJ,OBJ,WHNP-1-<INANIM>-<PATIENT-V1>,WHNP,EQ,EQ_OBJ,feeding
19743,0,"where're you going, Child?",1.0,-NONE-ABAR-WH-,T,WH,ADVP,ADVP,ADJUNCT,ADJUNCT,WHADVP-1,WHADVP,MQ,MQ_ADJUNCT,
19747,0,where'd she go?,1.0,-NONE-ABAR-WH-,T,WH,ADVP,ADVP,ADJUNCT,ADJUNCT,WHADVP-1,WHADVP,MQ,MQ_ADJUNCT,
19777,0,that's a hard one *NULL* to roll.,1.0,-NONE-ABAR-RC-,T,RC,NP,NP,OBJ,OBJ,WHNP-1-<INANIM>-<PATIENT-V1>,WHNP,RC,RC_OBJ,
19779,0,now what do we do?,1.0,-NONE-ABAR-WH-,T,WH,NP,NP,OBJ,OBJ,WHNP-1-<INANIM>-<PATIENT-V1>,WHNP,MQ,MQ_OBJ,
19780,0,what do the football players do?,1.0,-NONE-ABAR-WH-,T,WH,NP,NP,OBJ,OBJ,WHNP-1-<INANIM>-<PATIENT-V1>,WHNP,MQ,MQ_OBJ,
19791,0,"last time *NULL* I came you did hopping jumping, hopping jumping.",2.0,-NONE-ABAR-RC-,T,RC,ADVP,ADVP,ADJUNCT,ADJUNCT,WHADVP-2,WHADVP,RC,RC_ADJUNCT,
19799,0,where's Child?,1.0,-NONE-ABAR-WH-,T,WH,ADVP,ADVP,ADJUNCT,ADJUNCT,WHADVP-1,WHADVP,MQ,MQ_ADJUNCT,
19800,0,where's Child?,1.0,-NONE-ABAR-WH-,T,WH,ADVP,ADVP,ADJUNCT,ADJUNCT,WHADVP-1,WHADVP,MQ,MQ_ADJUNCT,
19801,0,where'd she go?,1.0,-NONE-ABAR-WH-,T,WH,ADVP,ADVP,ADJUNCT,ADJUNCT,WHADVP-1,WHADVP,MQ,MQ_ADJUNCT,
19808,0,what color was that bunny?,1.0,-NONE-ABAR-WH-,T,WH,NP,NP,OBJ,OBJ,WHNP-1-<INANIM>,WHNP,MQ,MQ_OBJ,
19814,0,"what do you want to eat, little bun?",1.0,-NONE-ABAR-WH-,T,WH,NP,NP,OBJ,OBJ,WHNP-1-<INANIM>-<PATIENT-V2>,WHNP,MQ,MQ_OBJ,
19815,0,what kind of bunny food do you want to eat?,1.0,-NONE-ABAR-WH-,T,WH,NP,NP,OBJ,OBJ,WHNP-1-<INANIM>-<PATIENT-V1>,WHNP,MQ,MQ_OBJ,
19817,0,is that what you fed the bunny this weekend?,1.0,-NONE-ABAR-RC-,T,RC,NP,NP,OBJ,OBJ,WHNP-1-<INANIM>-<THEME-V1>,WHNP,EQ,EQ_OBJ,fed
19820,0,"I had a rabbit when I was a kid and we had green shag carpet, and",1.0,-NONE-ABAR-RC-,T,RC,ADVP,ADVP,ADJUNCT,ADJUNCT,WHADVP-1,WHADVP,EQ,EQ_ADJUNCT,had
19822,0,there's a grass hopper *NULL* coming through the grass.,1.0,-NONE-ABAR-RC-,T,RC,NP,NP,SUBJ,SUBJ,WHNP-1-<ANIM>-<THEME-V1>,WHNP,RC,RC_SUBJ,
19830,0,what was it?,1.0,-NONE-ABAR-WH-,T,WH,NP,NP,OBJ,OBJ,WHNP-1-<INANIM>,WHNP,MQ,MQ_OBJ,
19839,0,who else eats grass?,1.0,-NONE-ABAR-WH-,T,WH,NP,NP,SUBJ,SUBJ,WHNP-1-<ANIM>-<AGENT-V1>,WHNP,MQ,MQ_SUBJ,
19851,0,how come I get the horsie?,1.0,-NONE-ABAR-WH-,T,WH,ADVP,ADVP,ADJUNCT,ADJUNCT,WHADVP-1,WHADVP,MQ,MQ_ADJUNCT,
19856,0,I don't know what he says.,1.0,-NONE-ABAR-WH-,T,WH,NP,NP,OBJ,OBJ,WHNP-1-<INANIM>-<THEME-V2>,WHNP,EQ,EQ_OBJ,know
19859,0,I'll put em down there where he's safe.,1.0,-NONE-ABAR-RC-,T,RC,ADVP,ADVP,ADJUNCT,ADJUNCT,WHADVP-1,WHADVP,EQ,EQ_ADJUNCT,put
19869,0,the bunny that ate Rochester.,1.0,-NONE-ABAR-RC-,T,RC,NP,NP,SUBJ,SUBJ,WHNP-1-<ANIM>-<AGENT-V1>,WHNP,RC,RC_SUBJ,
19875,0,and what do you put in it?,1.0,-NONE-ABAR-WH-,T,WH,NP,NP,OBJ,OBJ,WHNP-1-<INANIM>-<PATIENT-V1>,WHNP,EQ,EQ_OBJ,
19881,0,what color do you want?,1.0,-NONE-ABAR-WH-,T,WH,NP,NP,OBJ,OBJ,WHNP-1-<INANIM>-<SUBJMATT-V1>,WHNP,MQ,MQ_OBJ,
19888,0,which one is the ketchup one?,1.0,-NONE-ABAR-WH-,T,WH,NP,NP,OBJ,OBJ,WHNP-1-<INANIM>,WHNP,MQ,MQ_OBJ,
19890,0,which one is the ketchup one?,1.0,-NONE-ABAR-WH-,T,WH,NP,NP,OBJ,OBJ,WHNP-1-<INANIM>,WHNP,MQ,MQ_OBJ,
19895,0,what else can you draw?,1.0,-NONE-ABAR-WH-,T,WH,NP,NP,OBJ,OBJ,WHNP-1-<INANIM>-<PATIENT-V1>,WHNP,MQ,MQ_OBJ,
19898,0,what do you want?,1.0,-NONE-ABAR-WH-,T,WH,NP,NP,OBJ,OBJ,WHNP-1-<INANIM>-<SUBJMATT-V1>,WHNP,MQ,MQ_OBJ,
19902,0,and what are you going to do with it?,2.0,-NONE-ABAR-WH-,T,WH,NP,NP,OBJ,OBJ,WHNP-2-<INANIM>-<THEME-V1>,WHNP,EQ,EQ_OBJ,
19904,0,how do you ask for it?,1.0,-NONE-ABAR-WH-,T,WH,ADVP,ADVP,ADJUNCT,ADJUNCT,WHADVP-1,WHADVP,MQ,MQ_ADJUNCT,
19914,0,and what do you say?,1.0,-NONE-ABAR-WH-,T,WH,NP,NP,OBJ,OBJ,WHNP-1-<INANIM>-<THEME-V1>,WHNP,EQ,EQ_OBJ,
19919,0,let's see how it works.,1.0,-NONE-ABAR-RC-,T,RC,ADVP,ADVP,ADJUNCT,ADJUNCT,WHADVP-1,WHADVP,EQ,EQ_ADJUNCT,see
19920,0,where's what?,1.0,-NONE-ABAR-WH-,T,WH,ADVP,ADVP,ADJUNCT,ADJUNCT,WHADVP-1,WHADVP,MQ,MQ_ADJUNCT,
19923,0,the other thing that Grandfather gave you.,1.0,-NONE-ABAR-RC-,T,RC,NP,NP,OBJ,OBJ,WHNP-1-<INANIM>-<PATIENT-V1>,WHNP,RC,RC_OBJ,
19925,0,what does this thing do?,1.0,-NONE-ABAR-WH-,T,WH,NP,NP,OBJ,OBJ,WHNP-1-<INANIM>-<PATIENT-V1>,WHNP,MQ,MQ_OBJ,
19928,0,"yes, that's the thing that wipes it up, the eraser.",1.0,-NONE-ABAR-RC-,T,RC,NP,NP,SUBJ,SUBJ,WHNP-1-<INANIM>-<AGENT-V1>,WHNP,RC,RC_SUBJ,
19930,0,now what are you going to draw?,2.0,-NONE-ABAR-WH-,T,WH,NP,NP,OBJ,OBJ,WHNP-2-<INANIM>-<PATIENT-V1>,WHNP,MQ,MQ_OBJ,
19935,0,what else do you do with your spaghettis?,1.0,-NONE-ABAR-WH-,T,WH,NP,NP,OBJ,OBJ,WHNP-1-<INANIM>-<PATIENT-V1>,WHNP,MQ,MQ_OBJ,
19964,0,what are you doing with it?,1.0,-NONE-ABAR-WH-,T,WH,NP,NP,OBJ,OBJ,WHNP-1-<INANIM>-<THEME-V1>,WHNP,MQ,MQ_OBJ,
19976,0,"oh, what happened?",1.0,-NONE-ABAR-WH-,T,WH,NP,NP,SUBJ,SUBJ,WHNP-1-<INANIM>-<THEME-V1>,WHNP,MQ,MQ_SUBJ,
19989,0,let's see how far it bounces.,1.0,-NONE-ABAR-RC-,T,RC,ADVP,ADVP,ADJUNCT,ADJUNCT,WHADVP-1,WHADVP,EQ,EQ_ADJUNCT,see
19990,0,"what are you doing, Child?",1.0,-NONE-ABAR-WH-,T,WH,NP,NP,OBJ,OBJ,WHNP-1-<INANIM>-<PATIENT-V1>,WHNP,MQ,MQ_OBJ,
19992,0,what are you doing with that spaghetti?,1.0,-NONE-ABAR-WH-,T,WH,NP,NP,OBJ,OBJ,WHNP-1-<INANIM>-<THEME-V1>,WHNP,MQ,MQ_OBJ,
19995,0,see what is in my hand?,1.0,-NONE-ABAR-RC-,T,RC,NP,NP,SUBJ,SUBJ,WHNP-1-<INANIM>,WHNP,EQ,EQ_SUBJ,see
20000,0,what is that in there?,1.0,-NONE-ABAR-WH-,T,WH,NP,NP,OBJ,OBJ,WHNP-1-<INANIM>,WHNP,MQ,MQ_OBJ,
20002,0,"boy, what do you have in that belly?",1.0,-NONE-ABAR-WH-,T,WH,NP,NP,OBJ,OBJ,WHNP-1-<INANIM>-<THEME-V1>,WHNP,MQ,MQ_OBJ,
20008,0,now I think it time *NULL* to turn the tape over.,1.0,-NONE-ABAR-RC-,T,RC,ADVP,ADVP,ADJUNCT,ADJUNCT,WHADVP-1,WHADVP,RC,RC_ADJUNCT,
20025,0,what's with this leg up in the air?,1.0,-NONE-ABAR-WH-,T,WH,NP,NP,SUBJ,SUBJ,WHNP-1-<INANIM>,WHNP,MQ,MQ_SUBJ,
20028,0,"yeah, what's with the leg up in the air?",1.0,-NONE-ABAR-WH-,T,WH,NP,NP,SUBJ,SUBJ,WHNP-1-<INANIM>,WHNP,MQ,MQ_SUBJ,
20030,0,you know what you did the last time *NULL* I was here?,1.0,-NONE-ABAR-WH-,T,WH,NP,NP,OBJ,OBJ,WHNP-1-<INANIM>-<PATIENT-V1>,WHNP,EQ,EQ_OBJ,know
20030,1,you know what you did the last time *NULL* I was here?,2.0,-NONE-ABAR-RC-,T,RC,ADVP,ADVP,ADJUNCT,ADJUNCT,WHADVP-2,WHADVP,RC,RC_ADJUNCT,
20038,0,"oh, since when are you so interested in picking up?",1.0,-NONE-ABAR-WH-,T,WH,PP,PP,ADJUNCT,ADJUNCT,WHPP-1,WHPP,MQ,MQ_ADJUNCT,
20042,0,why are we putting them away?,1.0,-NONE-ABAR-WH-,T,WH,ADVP,ADVP,ADJUNCT,ADJUNCT,WHADVP-1,WHADVP,MQ,MQ_ADJUNCT,
20044,0,what's her name?,1.0,-NONE-ABAR-WH-,T,WH,NP,NP,OBJ,OBJ,WHNP-1-<INANIM>,WHNP,MQ,MQ_OBJ,
20052,0,go show her that fishing pole and how you catch fish.,1.0,-NONE-ABAR-RC-,T,RC,ADVP,ADVP,ADJUNCT,ADJUNCT,WHADVP-1,WHADVP,EQ,EQ_ADJUNCT,show
20059,0,let's see if this fish will go on.,,,,POLAR,,,,POLAR,,,EQ,EQ_POLAR,see
20078,0,what color is he?,1.0,-NONE-ABAR-WH-,T,WH,NP,NP,OBJ,OBJ,WHNP-1-<INANIM>,WHNP,MQ,MQ_OBJ,
20081,0,how big is he?,1.0,-NONE-ABAR-WH-,T,WH,ADJP,ADJP,ADJUNCT,ADJUNCT,WHADJP-1,WHADJP,MQ,MQ_ADJUNCT,
20090,0,what do I do with em?,1.0,-NONE-ABAR-WH-,T,WH,NP,NP,OBJ,OBJ,WHNP-1-<INANIM>-<THEME-V1>,WHNP,MQ,MQ_OBJ,
20109,0,what's this out here?,1.0,-NONE-ABAR-WH-,T,WH,NP,NP,OBJ,OBJ,WHNP-1-<INANIM>,WHNP,MQ,MQ_OBJ,
20112,0,how did that get out here?,1.0,-NONE-ABAR-WH-,T,WH,ADVP,ADVP,ADJUNCT,ADJUNCT,WHADVP-1,WHADVP,MQ,MQ_ADJUNCT,
20125,0,where's the bunny?,1.0,-NONE-ABAR-WH-,T,WH,ADVP,ADVP,ADJUNCT,ADJUNCT,WHADVP-1,WHADVP,MQ,MQ_ADJUNCT,
20136,0,where are you going with your red chair?,1.0,-NONE-ABAR-WH-,T,WH,ADVP,ADVP,ADJUNCT,ADJUNCT,WHADVP-1,WHADVP,MQ,MQ_ADJUNCT,
20141,0,which baby do you want?,1.0,-NONE-ABAR-WH-,T,WH,NP,NP,OBJ,OBJ,WHNP-1-<INANIM>-<SUBJMATT-V1>,WHNP,MQ,MQ_OBJ,
20142,0,show me which baby you want.,1.0,-NONE-ABAR-RC-,T,RC,NP,NP,OBJ,OBJ,WHNP-1-<INANIM>-<SUBJMATT-V2>,WHNP,EQ,EQ_OBJ,show
20162,0,what kind of babies have you got?,1.0,-NONE-ABAR-WH-,T,WH,NP,NP,OBJ,OBJ,WHNP-1-<INANIM>-<THEME-V1>,WHNP,MQ,MQ_OBJ,
20164,0,what kind of babies have you got?,1.0,-NONE-ABAR-WH-,T,WH,NP,NP,OBJ,OBJ,WHNP-1-<INANIM>-<THEME-V1>,WHNP,MQ,MQ_OBJ,
20169,0,where should I put my head?,1.0,-NONE-ABAR-WH-,T,WH,ADVP,ADVP,ADJUNCT,ADJUNCT,WHADVP-1,WHADVP,MQ,MQ_ADJUNCT,
20181,0,who else have we got here?,1.0,-NONE-ABAR-WH-,T,WH,NP,NP,OBJ,OBJ,WHNP-1-<INANIM>-<THEME-V1>,WHNP,MQ,MQ_OBJ,
20187,0,what have you got?,1.0,-NONE-ABAR-WH-,T,WH,NP,NP,OBJ,OBJ,WHNP-1-<INANIM>-<THEME-V1>,WHNP,MQ,MQ_OBJ,
20194,0,what are you doing behind me?,1.0,-NONE-ABAR-WH-,T,WH,NP,NP,OBJ,OBJ,WHNP-1-<INANIM>-<PATIENT-V1>,WHNP,MQ,MQ_OBJ,
20196,0,what're you doing?,1.0,-NONE-ABAR-WH-,T,WH,NP,NP,OBJ,OBJ,WHNP-1-<INANIM>-<PATIENT-V1>,WHNP,MQ,MQ_OBJ,
20200,0,how about if the teddy bear comes and hugs you?,,,,POLAR,,,,POLAR,,,EQ,EQ_POLAR,
20246,0,what's this baby?,1.0,-NONE-ABAR-WH-,T,WH,NP,NP,OBJ,OBJ,WHNP-1-<INANIM>,WHNP,MQ,MQ_OBJ,
20250,0,I cann't tell if it's a monkey or a dog.,,,,POLAR,,,,POLAR,,,EQ,EQ_POLAR,tell
20272,0,what are these guys on here?,1.0,-NONE-ABAR-WH-,T,WH,ADVP,ADVP,ADJUNCT,ADJUNCT,WHNP-1-<INANIM>,WHNP,MQ,MQ_ADJUNCT,
20287,0,where'd it go?,1.0,-NONE-ABAR-WH-,T,WH,ADVP,ADVP,ADJUNCT,ADJUNCT,WHADVP-1,WHADVP,MQ,MQ_ADJUNCT,
20289,0,"oh, who do you hear, Child?",1.0,-NONE-ABAR-WH-,T,WH,NP,NP,OBJ,OBJ,WHNP-1-<ANIM>-<SUBJMATT-V1>,WHNP,MQ,MQ_OBJ,
20291,0,he's excited to see you when he sees you.,1.0,-NONE-ABAR-RC-,T,RC,ADVP,ADVP,ADJUNCT,ADJUNCT,WHADVP-1,WHADVP,EQ,EQ_ADJUNCT,see
20294,0,"ah, he's a nice duck, chickie, whatever he is.",1.0,-NONE-ABAR-RC-,T,RC,NP,NP,OBJ,OBJ,WHNP-1-<INANIM>,WHNP,EQ,EQ_OBJ,
20315,0,"oh, where'd that bunny go?",1.0,-NONE-ABAR-WH-,T,WH,ADVP,ADVP,ADJUNCT,ADJUNCT,WHADVP-1,WHADVP,MQ,MQ_ADJUNCT,
20323,0,what's he doing in there?,1.0,-NONE-ABAR-WH-,T,WH,NP,NP,OBJ,OBJ,WHNP-1-<INANIM>-<PATIENT-V1>,WHNP,MQ,MQ_OBJ,
20335,0,is it time *NULL* to wake him up?,1.0,-NONE-ABAR-RC-,T,RC,ADVP,ADVP,ADJUNCT,ADJUNCT,WHADVP-1,WHADVP,RC,RC_ADJUNCT,
20345,0,what are you doing?,1.0,-NONE-ABAR-WH-,T,WH,NP,NP,OBJ,OBJ,WHNP-1-<INANIM>-<PATIENT-V1>,WHNP,MQ,MQ_OBJ,
20347,0,"why don't you sit down, please.",1.0,-NONE-ABAR-WH-,T,WH,ADVP,ADVP,ADJUNCT,ADJUNCT,WHADVP-1,WHADVP,MQ,MQ_ADJUNCT,
20349,0,I don't know if that box is going to hold you.,,,,POLAR,,,,POLAR,,,EQ,EQ_POLAR,know
20358,0,what are you building?,1.0,-NONE-ABAR-WH-,T,WH,NP,NP,OBJ,OBJ,WHNP-1-<INANIM>-<PATIENT-V1>,WHNP,MQ,MQ_OBJ,
20362,0,now what are you going to hammer?,2.0,-NONE-ABAR-WH-,T,WH,NP,NP,OBJ,OBJ,WHNP-2-<INANIM>-<PATIENT-V1>,WHNP,MQ,MQ_OBJ,
20370,0,what color am I going to be?,2.0,-NONE-ABAR-WH-,T,WH,NP,NP,OBJ,OBJ,WHNP-2-<INANIM>,WHNP,MQ,MQ_OBJ,
20380,0,what did you hurt?,1.0,-NONE-ABAR-WH-,T,WH,NP,NP,OBJ,OBJ,WHNP-1-<INANIM>-<PATIENT-V1>,WHNP,MQ,MQ_OBJ,
20396,0,he's a heavy bunny *NULL* to throw.,1.0,-NONE-ABAR-RC-,T,RC,NP,NP,OBJ,OBJ,WHNP-1-<INANIM>-<PATIENT-V1>,WHNP,RC,RC_OBJ,
20407,0,what'll we play?,1.0,-NONE-ABAR-WH-,T,WH,NP,NP,OBJ,OBJ,WHNP-1-<INANIM>-<PATIENT-V1>,WHNP,MQ,MQ_OBJ,
20419,0,why don't you tell me the story?,1.0,-NONE-ABAR-WH-,T,WH,ADVP,ADVP,ADJUNCT,ADJUNCT,WHADVP-1,WHADVP,MQ,MQ_ADJUNCT,
20421,0,what are they doing?,1.0,-NONE-ABAR-WH-,T,WH,NP,NP,OBJ,OBJ,WHNP-1-<INANIM>-<PATIENT-V1>,WHNP,MQ,MQ_OBJ,
20423,0,what are they bouncing?,1.0,-NONE-ABAR-WH-,T,WH,NP,NP,OBJ,OBJ,WHNP-1-<INANIM>-<PATIENT-V1>,WHNP,MQ,MQ_OBJ,
20424,0,what are those?,1.0,-NONE-ABAR-WH-,T,WH,NP,NP,OBJ,OBJ,WHNP-1-<INANIM>,WHNP,MQ,MQ_OBJ,
20428,0,what's this Popple got?,1.0,-NONE-ABAR-WH-,T,WH,NP,NP,OBJ,OBJ,WHNP-1-<INANIM>-<THEME-V1>,WHNP,MQ,MQ_OBJ,
20430,0,and what's this Popple got?,1.0,-NONE-ABAR-WH-,T,WH,NP,NP,OBJ,OBJ,WHNP-1-<INANIM>-<THEME-V1>,WHNP,EQ,EQ_OBJ,
20436,0,what's in there?,1.0,-NONE-ABAR-WH-,T,WH,NP,NP,SUBJ,SUBJ,WHNP-1-<INANIM>,WHNP,MQ,MQ_SUBJ,
20458,0,"well, you know what it does?",1.0,-NONE-ABAR-WH-,T,WH,NP,NP,OBJ,OBJ,WHNP-1-<INANIM>-<PATIENT-V2>,WHNP,EQ,EQ_OBJ,know
20459,0,it listens to what we say and then I take it home and that's how I,1.0,-NONE-ABAR-RC-,T,RC,NP,NP,OBJ,OBJ,WHNP-1,WHNP,EQ,EQ_OBJ,listens
20460,0,"well, sometimes if I put the right kind of tape in it sings.",,,,POLAR,,,,POLAR,,,EQ,EQ_POLAR,
20465,0,what's that one?,1.0,-NONE-ABAR-WH-,T,WH,NP,NP,OBJ,OBJ,WHNP-1-<INANIM>,WHNP,MQ,MQ_OBJ,
20467,0,you know what kind of toy it is?,1.0,-NONE-ABAR-WH-,T,WH,NP,NP,OBJ,OBJ,WHNP-1-<INANIM>,WHNP,EQ,EQ_OBJ,know
20475,0,what's that one?,1.0,-NONE-ABAR-WH-,T,WH,NP,NP,OBJ,OBJ,WHNP-1-<INANIM>,WHNP,MQ,MQ_OBJ,
20486,0,you know what that is?,1.0,-NONE-ABAR-WH-,T,WH,NP,NP,OBJ,OBJ,WHNP-1-<INANIM>,WHNP,EQ,EQ_OBJ,know
20492,0,what's he got on?,1.0,-NONE-ABAR-WH-,T,WH,NP,NP,OBJ,OBJ,WHNP-1,WHNP,MQ,MQ_OBJ,
20499,0,why don't you show your mommy?,1.0,-NONE-ABAR-WH-,T,WH,ADVP,ADVP,ADJUNCT,ADJUNCT,WHADVP-1,WHADVP,MQ,MQ_ADJUNCT,
20500,0,show her the book and see if she knows what the pictures are.,,,,POLAR,,,,POLAR,,,EQ,EQ_POLAR,see
20500,1,show her the book and see if she knows what the pictures are.,1.0,-NONE-ABAR-WH-,T,WH,NP,NP,OBJ,OBJ,WHNP-1-<INANIM>,WHNP,EQ,EQ_OBJ,knows
20503,0,"ok, what've we got?",1.0,-NONE-ABAR-WH-,T,WH,NP,NP,OBJ,OBJ,WHNP-1-<INANIM>-<THEME-V1>,WHNP,MQ,MQ_OBJ,
20506,0,look what we got.,1.0,-NONE-ABAR-WH-,T,WH,NP,NP,OBJ,OBJ,WHNP-1-<INANIM>-<THEME-V2>,WHNP,EQ,EQ_OBJ,look
20508,0,you want to tell me what these things are?,1.0,-NONE-ABAR-RC-,T,RC,NP,NP,OBJ,OBJ,WHNP-1-<INANIM>,WHNP,EQ,EQ_OBJ,tell
20509,0,you know what this is.,1.0,-NONE-ABAR-WH-,T,WH,NP,NP,OBJ,OBJ,WHNP-1-<INANIM>,WHNP,EQ,EQ_OBJ,know
20510,0,what's that?,1.0,-NONE-ABAR-WH-,T,WH,NP,NP,OBJ,OBJ,WHNP-1-<INANIM>,WHNP,MQ,MQ_OBJ,
20512,0,what's that?,1.0,-NONE-ABAR-WH-,T,WH,NP,NP,OBJ,OBJ,WHNP-1-<INANIM>,WHNP,MQ,MQ_OBJ,
20513,0,what's it got on it?,1.0,-NONE-ABAR-WH-,T,WH,NP,NP,OBJ,OBJ,WHNP-1-<INANIM>-<PATIENT-V1>,WHNP,MQ,MQ_OBJ,
20514,0,what's that for?,1.0,-NONE-ABAR-WH-,T,WH,NP,NP,OBJ,OBJ,WHNP-1-<INANIM>,WHNP,MQ,MQ_OBJ,
20516,0,but you know what that is?,1.0,-NONE-ABAR-WH-,T,WH,NP,NP,OBJ,OBJ,WHNP-1-<INANIM>,WHNP,EQ,EQ_OBJ,know
20519,0,let's see what else is in this book.,1.0,-NONE-ABAR-RC-,T,RC,NP,NP,SUBJ,SUBJ,WHNP-1-<INANIM>,WHNP,EQ,EQ_SUBJ,see
20520,0,"alright, who's that?",1.0,-NONE-ABAR-WH-,T,WH,NP,NP,OBJ,OBJ,WHNP-1-<INANIM>,WHNP,MQ,MQ_OBJ,
20525,0,"see, it's hard to read when there are so many toys.",1.0,-NONE-ABAR-RC-,T,RC,ADVP,ADVP,ADJUNCT,ADJUNCT,WHADVP-1,WHADVP,EQ,EQ_ADJUNCT,read
20527,0,what do they do?,1.0,-NONE-ABAR-WH-,T,WH,NP,NP,OBJ,OBJ,WHNP-1-<INANIM>-<PATIENT-V1>,WHNP,MQ,MQ_OBJ,
20529,0,I don't know if this'll work.,,,,POLAR,,,,POLAR,,,EQ,EQ_POLAR,know
20549,0,what's this?,1.0,-NONE-ABAR-WH-,T,WH,NP,NP,OBJ,OBJ,WHNP-1-<INANIM>,WHNP,MQ,MQ_OBJ,
20551,0,what is that with a string on it and a circle at the bottom?,1.0,-NONE-ABAR-WH-,T,WH,NP,NP,OBJ,OBJ,WHNP-1-<INANIM>,WHNP,MQ,MQ_OBJ,
20552,0,you know what that is.,1.0,-NONE-ABAR-WH-,T,WH,NP,NP,OBJ,OBJ,WHNP-1-<INANIM>,WHNP,EQ,EQ_OBJ,know
20555,0,what's this lady doing over here?,1.0,-NONE-ABAR-WH-,T,WH,NP,NP,OBJ,OBJ,WHNP-1-<INANIM>-<PATIENT-V1>,WHNP,MQ,MQ_OBJ,
20557,0,what's she doing?,1.0,-NONE-ABAR-WH-,T,WH,NP,NP,OBJ,OBJ,WHNP-1-<INANIM>-<PATIENT-V1>,WHNP,MQ,MQ_OBJ,
20558,0,what's she doing with her hand?,1.0,-NONE-ABAR-WH-,T,WH,NP,NP,OBJ,OBJ,WHNP-1-<INANIM>-<THEME-V1>,WHNP,MQ,MQ_OBJ,
20560,0,how can you tell?,1.0,-NONE-ABAR-WH-,T,WH,ADVP,ADVP,ADJUNCT,ADJUNCT,WHADVP-1,WHADVP,MQ,MQ_ADJUNCT,
20562,0,what's that?,1.0,-NONE-ABAR-WH-,T,WH,NP,NP,OBJ,OBJ,WHNP-1-<INANIM>,WHNP,MQ,MQ_OBJ,
20566,0,where's the other one?,1.0,-NONE-ABAR-WH-,T,WH,ADVP,ADVP,ADJUNCT,ADJUNCT,WHADVP-1,WHADVP,MQ,MQ_ADJUNCT,
20568,0,what's this?,1.0,-NONE-ABAR-WH-,T,WH,NP,NP,OBJ,OBJ,WHNP-1-<INANIM>,WHNP,MQ,MQ_OBJ,
20571,0,"you know what, you know what that's",1.0,-NONE-ABAR-WH-,T,WH,NP,NP,OBJ,OBJ,WHNP-1-<INANIM>,WHNP,EQ,EQ_OBJ,know
20572,0,you know what that's called?,1.0,-NONE-ABAR-WH-,T,WH,NP,NP,OBJ,OBJ,WHNP-1-<INANIM>-<THEME-V2>,WHNP,EQ,EQ_OBJ,know
20580,0,what should we name him?,1.0,-NONE-ABAR-WH-,T,WH,NP,NP,OBJ,OBJ,WHNP-1-<INANIM>-<THEME-V1>,WHNP,MQ,MQ_OBJ,
20588,0,what should we name him?,1.0,-NONE-ABAR-WH-,T,WH,NP,NP,OBJ,OBJ,WHNP-1-<INANIM>-<THEME-V1>,WHNP,MQ,MQ_OBJ,
20596,0,how did that happen to you?,1.0,-NONE-ABAR-WH-,T,WH,ADVP,ADVP,ADJUNCT,ADJUNCT,WHADVP-1,WHADVP,MQ,MQ_ADJUNCT,
20598,0,"what are you going to name your porcupine, bud?",1.0,-NONE-ABAR-WH-,T,WH,NP,NP,OBJ,OBJ,WHNP-1-<INANIM>-<THEME-V1>,WHNP,MQ,MQ_OBJ,
20602,0,what should we name him?,1.0,-NONE-ABAR-WH-,T,WH,NP,NP,OBJ,OBJ,WHNP-1-<INANIM>-<THEME-V1>,WHNP,MQ,MQ_OBJ,
20608,0,what'd she do?,1.0,-NONE-ABAR-WH-,T,WH,NP,NP,OBJ,OBJ,WHNP-1-<INANIM>-<PATIENT-V1>,WHNP,MQ,MQ_OBJ,
20620,0,what is that?,1.0,-NONE-ABAR-WH-,T,WH,NP,NP,OBJ,OBJ,WHNP-1-<INANIM>,WHNP,MQ,MQ_OBJ,
20633,0,what are those?,1.0,-NONE-ABAR-WH-,T,WH,NP,NP,OBJ,OBJ,WHNP-1-<INANIM>,WHNP,MQ,MQ_OBJ,
20636,0,what do you want to read in the book?,1.0,-NONE-ABAR-WH-,T,WH,NP,NP,OBJ,OBJ,WHNP-1-<INANIM>-<PATIENT-V2>,WHNP,MQ,MQ_OBJ,
20640,0,let's see what's on this page.,1.0,-NONE-ABAR-RC-,T,RC,NP,NP,SUBJ,SUBJ,WHNP-1-<INANIM>,WHNP,EQ,EQ_SUBJ,see
20644,0,what is that?,1.0,-NONE-ABAR-WH-,T,WH,NP,NP,OBJ,OBJ,WHNP-1-<INANIM>,WHNP,MQ,MQ_OBJ,
20645,0,what's that.,1.0,-NONE-ABAR-WH-,T,WH,NP,NP,OBJ,OBJ,WHNP-1-<INANIM>,WHNP,MQ,MQ_OBJ,
20647,0,where's yours?,1.0,-NONE-ABAR-WH-,T,WH,ADVP,ADVP,ADJUNCT,ADJUNCT,WHADVP-1,WHADVP,MQ,MQ_ADJUNCT,
20659,0,what if you shine it in the bag?,,,,POLAR,,,,POLAR,,,EQ,EQ_POLAR,
20662,0,can you show Investigator what color it turns to?,1.0,-NONE-ABAR-RC-,T,RC,NP,NP,OBJ,OBJ,WHNP-1-<INANIM>,WHNP,EQ,EQ_OBJ,show
20664,0,"oh, what's this?",1.0,-NONE-ABAR-WH-,T,WH,NP,NP,OBJ,OBJ,WHNP-1-<INANIM>,WHNP,MQ,MQ_OBJ,
20666,0,"we cann't watch tv when we have company, right?",1.0,-NONE-ABAR-RC-,T,RC,ADVP,ADVP,ADJUNCT,ADJUNCT,WHADVP-1,WHADVP,RC,RC_ADJUNCT,
20683,0,"Child, you have to ask first if somebody wants to play that.",,,,POLAR,,,,POLAR,,,EQ,EQ_POLAR,ask
20694,0,what kind of fur is it?,1.0,-NONE-ABAR-WH-,T,WH,NP,NP,OBJ,OBJ,WHNP-1-<INANIM>,WHNP,MQ,MQ_OBJ,
20698,0,"that's great but we don't know what it is, do we?",1.0,-NONE-ABAR-WH-,T,WH,NP,NP,OBJ,OBJ,WHNP-1-<INANIM>,WHNP,EQ,EQ_OBJ,know
20712,0,what's it mixing?,1.0,-NONE-ABAR-WH-,T,WH,NP,NP,OBJ,OBJ,WHNP-1-<INANIM>-<PATIENT-V1>,WHNP,MQ,MQ_OBJ,
20717,0,and then what do we get?,1.0,-NONE-ABAR-WH-,T,WH,NP,NP,OBJ,OBJ,WHNP-1-<INANIM>-<PATIENT-V1>,WHNP,EQ,EQ_OBJ,
20718,0,what's it make?,1.0,-NONE-ABAR-WH-,T,WH,NP,NP,OBJ,OBJ,WHNP-1-<INANIM>-<SUBJMATT-V1>,WHNP,MQ,MQ_OBJ,
20725,0,"what's what, honey?",1.0,-NONE-ABAR-WH-,T,WH,NP,NP,OBJ,OBJ,WHNP-1-<INANIM>,WHNP,MQ,MQ_OBJ,
20726,0,I cann't tell what you're looking at.,1.0,-NONE-ABAR-RC-,T,RC,NP,NP,OBJ,OBJ,WHNP-1-<INANIM>-<PATIENT-V2>,WHNP,EQ,EQ_OBJ,tell
20732,0,what is that?,1.0,-NONE-ABAR-WH-,T,WH,NP,NP,OBJ,OBJ,WHNP-1-<INANIM>,WHNP,MQ,MQ_OBJ,
20740,0,that's what we do for Howard.,1.0,-NONE-ABAR-RC-,T,RC,NP,NP,OBJ,OBJ,WHNP-1-<INANIM>-<PATIENT-V1>,WHNP,EQ,EQ_OBJ,do
20752,0,how important is it that he looks at your book?,1.0,-NONE-ABAR-WH-,T,WH,ADJP,ADJP,ADJUNCT,ADJUNCT,WHADJP-1,WHADJP,MQ,MQ_ADJUNCT,
20755,0,"it's just that it's, it's one more thing *NULL* to talk about.",1.0,-NONE-ABAR-RC-,T,RC,NP,NP,OBJ,OBJ,WHNP-1-<INANIM>-<THEME-V1>,WHNP,RC,RC_OBJ,
20757,0,"oh yes, there are lots of things *NULL* to talk about.",1.0,-NONE-ABAR-RC-,T,RC,NP,NP,OBJ,OBJ,WHNP-1-<INANIM>-<THEME-V1>,WHNP,RC,RC_OBJ,
20758,0,what are ya doing?,1.0,-NONE-ABAR-WH-,T,WH,NP,NP,OBJ,OBJ,WHNP-1-<INANIM>-<PATIENT-V1>,WHNP,MQ,MQ_OBJ,
20775,0,where were you?,1.0,-NONE-ABAR-WH-,T,WH,ADVP,ADVP,ADJUNCT,ADJUNCT,WHADVP-1,WHADVP,MQ,MQ_ADJUNCT,
20777,0,where were you?,1.0,-NONE-ABAR-WH-,T,WH,ADVP,ADVP,ADJUNCT,ADJUNCT,WHADVP-1,WHADVP,MQ,MQ_ADJUNCT,
20780,0,where was me?,1.0,-NONE-ABAR-WH-,T,WH,ADVP,ADVP,ADJUNCT,ADJUNCT,WHADVP-1,WHADVP,MQ,MQ_ADJUNCT,
20781,0,what's me?,1.0,-NONE-ABAR-WH-,T,WH,NP,NP,OBJ,OBJ,WHNP-1-<INANIM>,WHNP,MQ,MQ_OBJ,
20788,0,"hey, Child, Child, why don't you show Biddy?",1.0,-NONE-ABAR-WH-,T,WH,ADVP,ADVP,ADJUNCT,ADJUNCT,WHADVP-1,WHADVP,MQ,MQ_ADJUNCT,
20789,0,who's this over here?,1.0,-NONE-ABAR-WH-,T,WH,NP,NP,OBJ,OBJ,WHNP-1-<INANIM>,WHNP,MQ,MQ_OBJ,
20790,0,who is that?,1.0,-NONE-ABAR-WH-,T,WH,NP,NP,OBJ,OBJ,WHNP-1-<INANIM>,WHNP,MQ,MQ_OBJ,
20791,0,who is that?,1.0,-NONE-ABAR-WH-,T,WH,NP,NP,OBJ,OBJ,WHNP-1-<INANIM>,WHNP,MQ,MQ_OBJ,
20800,0,what's your company's name?,1.0,-NONE-ABAR-WH-,T,WH,NP,NP,OBJ,OBJ,WHNP-1-<INANIM>,WHNP,MQ,MQ_OBJ,
20802,0,what's her name?,1.0,-NONE-ABAR-WH-,T,WH,NP,NP,OBJ,OBJ,WHNP-1-<INANIM>,WHNP,MQ,MQ_OBJ,
20811,0,where are they?,1.0,-NONE-ABAR-WH-,T,WH,ADVP,ADVP,ADJUNCT,ADJUNCT,WHADVP-1,WHADVP,MQ,MQ_ADJUNCT,
20835,0,"ok, well, you got ta go get some guys, cause if we're going to make",,,,POLAR,,,,POLAR,,,EQ,EQ_POLAR,get
20844,0,what is it?,1.0,-NONE-ABAR-WH-,T,WH,NP,NP,OBJ,OBJ,WHNP-1-<INANIM>,WHNP,MQ,MQ_OBJ,
20859,0,I turned it off for a minute when nobody was here talking.,1.0,-NONE-ABAR-RC-,T,RC,ADVP,ADVP,ADJUNCT,ADJUNCT,WHADVP-1,WHADVP,EQ,EQ_ADJUNCT,turned
20865,0,what's his name?,1.0,-NONE-ABAR-WH-,T,WH,NP,NP,OBJ,OBJ,WHNP-1-<INANIM>,WHNP,MQ,MQ_OBJ,
20869,0,where is it?,1.0,-NONE-ABAR-WH-,T,WH,ADVP,ADVP,ADJUNCT,ADJUNCT,WHADVP-1,WHADVP,MQ,MQ_ADJUNCT,
20872,0,"I 'm sorry, I love when he does that.",1.0,-NONE-ABAR-RC-,T,RC,ADVP,ADVP,ADJUNCT,ADJUNCT,WHADVP-1,WHADVP,EQ,EQ_ADJUNCT,love
20875,0,"it's on the shelf, Child, where the toys are.",1.0,-NONE-ABAR-RC-,T,RC,ADVP,ADVP,ADJUNCT,ADJUNCT,WHADVP-1,WHADVP,EQ,EQ_ADJUNCT,
20892,0,"no no, now is that how you open it?",1.0,-NONE-ABAR-RC-,T,RC,ADVP,ADVP,ADJUNCT,ADJUNCT,WHADVP-1,WHADVP,EQ,EQ_ADJUNCT,open
20899,0,where's your little guys?,1.0,-NONE-ABAR-WH-,T,WH,ADVP,ADVP,ADJUNCT,ADJUNCT,WHADVP-1,WHADVP,MQ,MQ_ADJUNCT,
20920,0,what color is yours?,1.0,-NONE-ABAR-WH-,T,WH,NP,NP,OBJ,OBJ,WHNP-1-<INANIM>,WHNP,MQ,MQ_OBJ,
20922,0,"what happened to your tape, Child?",1.0,-NONE-ABAR-WH-,T,WH,NP,NP,SUBJ,SUBJ,WHNP-1-<INANIM>-<THEME-V1>,WHNP,MQ,MQ_SUBJ,
20925,0,"hey, that's not the way *NULL* you open it.",1.0,-NONE-ABAR-WH-,T,WH,ADVP,ADVP,ADJUNCT,ADJUNCT,WHADVP-1,WHADVP,RC,RC_ADJUNCT,
20943,0,who cut it down?,1.0,-NONE-ABAR-WH-,T,WH,NP,NP,SUBJ,SUBJ,WHNP-1-<ANIM>-<AGENT-V1>,WHNP,MQ,MQ_SUBJ,
20948,0,who cut down your Christmas tree?,1.0,-NONE-ABAR-WH-,T,WH,NP,NP,SUBJ,SUBJ,WHNP-1-<ANIM>-<AGENT-V1>,WHNP,MQ,MQ_SUBJ,
20950,0,who does?,1.0,-NONE-ABAR-WH-,T,WH,NP,NP,SUBJ,SUBJ,WHNP-1-<ANIM>,WHNP,MQ,MQ_SUBJ,
20960,0,where's Mommy's purse?,1.0,-NONE-ABAR-WH-,T,WH,ADVP,ADVP,ADJUNCT,ADJUNCT,WHADVP-1,WHADVP,MQ,MQ_ADJUNCT,
20972,0,"yes, he's got his dad and his brother *NULL* to wrestle with, so.",1.0,-NONE-ABAR-RC-,T,RC,NP,NP,OBJ,OBJ,WHNP-1-<ANIM>-<PATIENT-V2>,WHNP,RC,RC_OBJ,
20974,0,what's your brother's name?,1.0,-NONE-ABAR-WH-,T,WH,NP,NP,OBJ,OBJ,WHNP-1-<INANIM>,WHNP,MQ,MQ_OBJ,
20981,0,"how about if I have enough, I can make em go down too.",,,,POLAR,,,,POLAR,,,EQ,EQ_POLAR,
20998,0,where's the sad eyes?,1.0,-NONE-ABAR-WH-,T,WH,ADVP,ADVP,ADJUNCT,ADJUNCT,WHADVP-1,WHADVP,MQ,MQ_ADJUNCT,
21001,0,and what's this one?,1.0,-NONE-ABAR-WH-,T,WH,NP,NP,OBJ,OBJ,WHNP-1-<INANIM>,WHNP,EQ,EQ_OBJ,
21004,0,what's this side?,1.0,-NONE-ABAR-WH-,T,WH,NP,NP,OBJ,OBJ,WHNP-1-<INANIM>,WHNP,MQ,MQ_OBJ,
21010,0,last time *NULL* you played me the chipmunk,1.0,-NONE-ABAR-RC-,T,RC,ADVP,ADVP,ADJUNCT,ADJUNCT,WHADVP-1,WHADVP,RC,RC_ADJUNCT,
21022,0,because that'll make funny noises on it if you touch it.,,,,POLAR,,,,POLAR,,,EQ,EQ_POLAR,
21022,1,because that'll make funny noises on it if you touch it.,,,,POLAR,,,,POLAR,,,EQ,EQ_POLAR,make
21028,0,"which one do you remember, Child?",1.0,-NONE-ABAR-WH-,T,WH,NP,NP,OBJ,OBJ,WHNP-1-<INANIM>-<SUBJMATT-V1>,WHNP,MQ,MQ_OBJ,
21029,0,"that's the one *NULL* you remember, huh?",1.0,-NONE-ABAR-RC-,T,RC,NP,NP,OBJ,OBJ,WHNP-1-<INANIM>-<SUBJMATT-V1>,WHNP,RC,RC_OBJ,
21033,0,I had such a good time *NULL* transcribing the tape from last time.,1.0,-NONE-ABAR-RC-,T,RC,ADVP,ADVP,ADJUNCT,ADJUNCT,WHADVP-1,WHADVP,RC,RC_ADJUNCT,
21039,0,what's the matter?,1.0,-NONE-ABAR-WH-,T,WH,NP,NP,OBJ,OBJ,WHNP-1-<INANIM>,WHNP,MQ,MQ_OBJ,
21042,0,where did we put Howard today?,1.0,-NONE-ABAR-WH-,T,WH,ADVP,ADVP,ADJUNCT,ADJUNCT,WHADVP-1,WHADVP,MQ,MQ_ADJUNCT,
21043,0,did you know where we put him?,1.0,-NONE-ABAR-WH-,T,WH,ADVP,ADVP,ADJUNCT,ADJUNCT,WHADVP-1,WHADVP,EQ,EQ_ADJUNCT,know
21054,0,do you remember what this is?,1.0,-NONE-ABAR-RC-,T,RC,NP,NP,OBJ,OBJ,WHNP-1-<INANIM>,WHNP,EQ,EQ_OBJ,remember
21056,0,what's that with the stripes on it?,1.0,-NONE-ABAR-WH-,T,WH,NP,NP,OBJ,OBJ,WHNP-1-<INANIM>,WHNP,MQ,MQ_OBJ,
21061,0,"so the, the big coat is for when it's really cold.",1.0,-NONE-ABAR-WH-,T,WH,ADVP,ADVP,ADJUNCT,ADJUNCT,WHADVP-1,WHADVP,EQ,EQ_ADJUNCT,
21066,0,what's that?,1.0,-NONE-ABAR-WH-,T,WH,NP,NP,OBJ,OBJ,WHNP-1-<INANIM>,WHNP,MQ,MQ_OBJ,
21077,0,what's on there?,1.0,-NONE-ABAR-WH-,T,WH,NP,NP,SUBJ,SUBJ,WHNP-1-<INANIM>,WHNP,MQ,MQ_SUBJ,
21083,0,what are you going to color in that picture?,1.0,-NONE-ABAR-WH-,T,WH,NP,NP,OBJ,OBJ,WHNP-1-<INANIM>-<PATIENT-V1>,WHNP,MQ,MQ_OBJ,
21095,0,I don't know what you're talking about.,1.0,-NONE-ABAR-WH-,T,WH,NP,NP,OBJ,OBJ,WHNP-1-<INANIM>-<THEME-V2>,WHNP,EQ,EQ_OBJ,know
21099,0,I don't want to color a pumpkin but I'll make a circle if you make a,,,,POLAR,,,,POLAR,,,EQ,EQ_POLAR,make
21102,0,what color is the pumpkin going to be?,1.0,-NONE-ABAR-WH-,T,WH,NP,NP,OBJ,OBJ,WHNP-1-<INANIM>,WHNP,MQ,MQ_OBJ,
21105,0,can you tell Investigator why none of your crayons have papers on,1.0,-NONE-ABAR-RC-,T,RC,ADVP,ADVP,ADJUNCT,ADJUNCT,WHADVP-1,WHADVP,EQ,EQ_ADJUNCT,tell
21106,0,what happens to all the papers on your crayons?,1.0,-NONE-ABAR-WH-,T,WH,NP,NP,SUBJ,SUBJ,WHNP-1-<INANIM>-<THEME-V1>,WHNP,MQ,MQ_SUBJ,
21116,0,what color are his eyes going to be?,1.0,-NONE-ABAR-WH-,T,WH,NP,NP,OBJ,OBJ,WHNP-1-<INANIM>,WHNP,MQ,MQ_OBJ,
21133,0,what color can we make?,1.0,-NONE-ABAR-WH-,T,WH,NP,NP,OBJ,OBJ,WHNP-1-<INANIM>-<PATIENT-V1>,WHNP,MQ,MQ_OBJ,
21135,0,I'll do one if you do one.,,,,POLAR,,,,POLAR,,,EQ,EQ_POLAR,do
21138,0,"why, what kind do you want?",1.0,-NONE-ABAR-WH-,T,WH,NP,NP,OBJ,OBJ,WHNP-1-<INANIM>-<SUBJMATT-V1>,WHNP,MQ,MQ_OBJ,
21143,0,what color is that?,1.0,-NONE-ABAR-WH-,T,WH,NP,NP,OBJ,OBJ,WHNP-1-<INANIM>,WHNP,MQ,MQ_OBJ,
21150,0,who is that?,1.0,-NONE-ABAR-WH-,T,WH,NP,NP,OBJ,OBJ,WHNP-1-<ANIM>,WHNP,MQ,MQ_OBJ,
21151,0,who bites em?,1.0,-NONE-ABAR-WH-,T,WH,NP,NP,SUBJ,SUBJ,WHNP-1-<ANIM>-<AGENT-V1>,WHNP,MQ,MQ_SUBJ,
21153,0,who bites em?,1.0,-NONE-ABAR-WH-,T,WH,NP,NP,SUBJ,SUBJ,WHNP-1-<ANIM>-<AGENT-V1>,WHNP,MQ,MQ_SUBJ,
21163,0,to what do I owe this affection?,1.0,-NONE-ABAR-WH-,T,WH,PP,PP,ADJUNCT,ADJUNCT,WHPP-1,WHPP,MQ,MQ_ADJUNCT,
21182,0,remember what happened last time?,1.0,-NONE-ABAR-RC-,T,RC,NP,NP,SUBJ,SUBJ,WHNP-1-<INANIM>-<THEME-V2>,WHNP,EQ,EQ_SUBJ,remember
21186,0,which Nanny has not fixed yet.,1.0,-NONE-ABAR-WH-,T,WH,NP-2,NP,SUBJ,SUBJ,WHNP-1-<INANIM><THEME-V1>,WHNP,MQ,MQ_SUBJ,
21192,0,who did you go to the store with yesterday to buy your shoes?,1.0,-NONE-ABAR-WH-,T,WH,NP,NP,OBJ,OBJ,WHNP-1-<ANIM>,WHNP,MQ,MQ_OBJ,
21193,0,who went with you?,1.0,-NONE-ABAR-WH-,T,WH,NP,NP,SUBJ,SUBJ,WHNP-1-<ANIM>-<THEME-V1>,WHNP,MQ,MQ_SUBJ,
21194,0,who got shoes yesterday?,1.0,-NONE-ABAR-WH-,T,WH,NP,NP,SUBJ,SUBJ,WHNP-1-<ANIM>-<GOAL-V1>,WHNP,MQ,MQ_SUBJ,
21199,0,and who was with us?,1.0,-NONE-ABAR-WH-,T,WH,NP,NP,SUBJ,SUBJ,WHNP-1-<ANIM>,WHNP,EQ,EQ_SUBJ,
21232,0,"you can do painting when Investigator goes home, ok?",1.0,-NONE-ABAR-WH-,T,WH,ADVP,ADVP,ADJUNCT,ADJUNCT,WHADVP-1,WHADVP,EQ,EQ_ADJUNCT,painting
21236,0,"you know what you told me when I came here before, Child?",1.0,-NONE-ABAR-WH-,T,WH,NP,NP,OBJ,OBJ,WHNP-1-<INANIM>-<THEME-V2>,WHNP,EQ,EQ_OBJ,know
21236,1,"you know what you told me when I came here before, Child?",2.0,-NONE-ABAR-RC-,T,RC,ADVP,ADVP,ADJUNCT,ADJUNCT,WHADVP-2,WHADVP,EQ,EQ_ADJUNCT,told
21240,0,last time *NULL* I was here you told me.,1.0,-NONE-ABAR-RC-,T,RC,ADVP,ADVP,ADJUNCT,ADJUNCT,WHADVP-1,WHADVP,EQ,EQ_ADJUNCT,
21243,0,whose Child are you?,1.0,-NONE-ABAR-WH-,T,WH,NP,NP,OBJ,OBJ,WHNP-1-<ANIM>,WHNP,MQ,MQ_OBJ,
21250,0,what are ya going to do?,1.0,-NONE-ABAR-WH-,T,WH,NP,NP,OBJ,OBJ,WHNP-1-<INANIM>-<PATIENT-V1>,WHNP,MQ,MQ_OBJ,
21255,0,"can you show, tell Investigator why you bought em?",1.0,-NONE-ABAR-RC-,T,RC,ADVP,ADVP,ADJUNCT,ADJUNCT,WHADVP-1,WHADVP,EQ,EQ_ADJUNCT,tell
21257,0,what are those sneakers good for?,1.0,-NONE-ABAR-WH-,T,WH,NP,NP,OBJ,OBJ,WHNP-1-<INANIM>,WHNP,MQ,MQ_OBJ,
21262,0,"oh, what is that?",1.0,-NONE-ABAR-WH-,T,WH,NP,NP,OBJ,OBJ,WHNP-1-<INANIM>,WHNP,MQ,MQ_OBJ,
21266,0,what is this?,1.0,-NONE-ABAR-WH-,T,WH,NP,NP,OBJ,OBJ,WHNP-1-<INANIM>,WHNP,MQ,MQ_OBJ,
21268,0,what are we supposed to do?,1.0,-NONE-ABAR-WH-,T,WH,NP,NP,OBJ,OBJ,WHNP-1-<INANIM>-<PATIENT-V2>,WHNP,MQ,MQ_OBJ,
21271,0,what was it?,1.0,-NONE-ABAR-WH-,T,WH,NP,NP,OBJ,OBJ,WHNP-1-<INANIM>,WHNP,MQ,MQ_OBJ,
21280,0,what'll happen?,1.0,-NONE-ABAR-WH-,T,WH,NP,NP,SUBJ,SUBJ,WHNP-1-<INANIM>-<THEME-V1>,WHNP,MQ,MQ_SUBJ,
21294,0,where is Biddy?,1.0,-NONE-ABAR-WH-,T,WH,ADVP,ADVP,ADJUNCT,ADJUNCT,WHADVP-1,WHADVP,MQ,MQ_ADJUNCT,
21306,0,what do you do there?,1.0,-NONE-ABAR-WH-,T,WH,NP,NP,OBJ,OBJ,WHNP-1-<INANIM>-<PATIENT-V1>,WHNP,MQ,MQ_OBJ,
21309,0,what else do you do at your school?,1.0,-NONE-ABAR-WH-,T,WH,NP,NP,OBJ,OBJ,WHNP-1-<INANIM>-<PATIENT-V1>,WHNP,MQ,MQ_OBJ,
21312,0,how's your head?,1.0,-NONE-ABAR-WH-,T,WH,ADVP,ADVP,ADJUNCT,ADJUNCT,WHADVP-1,WHADVP,MQ,MQ_ADJUNCT,
21325,0,what are those?,1.0,-NONE-ABAR-WH-,T,WH,NP,NP,OBJ,OBJ,WHNP-1-<INANIM>,WHNP,MQ,MQ_OBJ,
21329,0,what do they do?,1.0,-NONE-ABAR-WH-,T,WH,NP,NP,OBJ,OBJ,WHNP-1-<INANIM>-<PATIENT-V1>,WHNP,MQ,MQ_OBJ,
21346,0,what's that called?,1.0,-NONE-ABAR-WH-,T,WH,NP,NP,OBJ,OBJ,WHNP-1-<INANIM>-<THEME-V1>,WHNP,MQ,MQ_OBJ,
21347,0,what's that called?,1.0,-NONE-ABAR-WH-,T,WH,NP,NP,OBJ,OBJ,WHNP-1-<INANIM>-<THEME-V1>,WHNP,MQ,MQ_OBJ,
21348,0,what is it?,1.0,-NONE-ABAR-WH-,T,WH,NP,NP,OBJ,OBJ,WHNP-1-<INANIM>,WHNP,MQ,MQ_OBJ,
21357,0,"well, if we do that now we cann't talk to you.",,,,POLAR,,,,POLAR,,,EQ,EQ_POLAR,
21378,0,that's where the air comes out through his squeaker.,1.0,-NONE-ABAR-RC-,T,RC,ADVP,ADVP,ADJUNCT,ADJUNCT,WHADVP-1,WHADVP,EQ,EQ_ADJUNCT,comes
21406,0,where would his tail be?,1.0,-NONE-ABAR-WH-,T,WH,ADVP,ADVP,ADJUNCT,ADJUNCT,WHADVP-1,WHADVP,MQ,MQ_ADJUNCT,
21419,0,you must have a good time *NULL* washing these toys.,1.0,-NONE-ABAR-RC-,T,RC,ADVP,ADVP,ADJUNCT,ADJUNCT,WHADVP-1,WHADVP,RC,RC_ADJUNCT,
21436,0,if you want him to get up that'll do it quick.,,,,POLAR,,,,POLAR,,,EQ,EQ_POLAR,
21452,0,I wonder where Child went?,1.0,-NONE-ABAR-RC-,T,RC,NP,NP,OBJ,OBJ,WHADVP-1,WHADVP,EQ,EQ_OBJ,wonder
21456,0,where'd he go?,1.0,-NONE-ABAR-WH-,T,WH,ADVP,ADVP,ADJUNCT,ADJUNCT,WHADVP-1,WHADVP,MQ,MQ_ADJUNCT,
21461,0,where'd he go?,1.0,-NONE-ABAR-WH-,T,WH,ADVP,ADVP,ADJUNCT,ADJUNCT,WHADVP-1,WHADVP,MQ,MQ_ADJUNCT,
21464,0,"no, remember what happened to those curtains the other day?",1.0,-NONE-ABAR-RC-,T,RC,NP,NP,SUBJ,SUBJ,WHNP-1-<INANIM>-<THEME-V2>,WHNP,EQ,EQ_SUBJ,remember
21467,0,who made it fall down?,1.0,-NONE-ABAR-WH-,T,WH,NP,NP,SUBJ,SUBJ,WHNP-1-<ANIM>-<CAUSER-V1>,WHNP,MQ,MQ_SUBJ,
21471,0,where'd Child go?,1.0,-NONE-ABAR-WH-,T,WH,ADVP,ADVP,ADJUNCT,ADJUNCT,WHADVP-1,WHADVP,MQ,MQ_ADJUNCT,
21488,0,she's going to have a heck of a time *NULL* transcribing when you have the,2.0,-NONE-ABAR-RC-,T,RC,ADVP,ADVP,ADJUNCT,ADJUNCT,WHADVP-2,WHADVP,RC,RC_ADJUNCT,
21488,1,she's going to have a heck of a time *NULL* transcribing when you have the,3.0,-NONE-ABAR-RC-,T,RC,ADVP,ADVP,ADJUNCT,ADJUNCT,WHADVP-3,WHADVP,EQ,EQ_ADJUNCT,transcribing
21515,0,I had my hair in a pony tail and he asked what it was.,1.0,-NONE-ABAR-RC-,T,RC,NP,NP,OBJ,OBJ,WHNP-1-<INANIM>,WHNP,EQ,EQ_OBJ,asked
21516,0,and on the tape it was hysterical when I told him it was a pony.,1.0,-NONE-ABAR-RC-,T,RC,ADVP,ADVP,ADJUNCT,ADJUNCT,WHADVP-1,WHADVP,EQ,EQ_ADJUNCT,told
21521,0,"Child, maybe when we're all done playing with Investigator, maybe",1.0,-NONE-ABAR-RC-,T,RC,ADVP,ADVP,ADJUNCT,ADJUNCT,WHADVP-1,WHADVP,EQ,EQ_ADJUNCT,
21523,0,"would you like to hear what you sound like on the tape recorder, on",1.0,-NONE-ABAR-RC-,T,RC,NP,NP,OBJ,OBJ,WHNP-1-<INANIM>,WHNP,EQ,EQ_OBJ,hear
21525,0,"that might be a fun thing *NULL* to do, huh?",1.0,-NONE-ABAR-RC-,T,RC,NP,NP,OBJ,OBJ,WHNP-1-<INANIM>-<PATIENT-V1>,WHNP,RC,RC_OBJ,
21527,0,"when we're all done she can do it, ok?",1.0,-NONE-ABAR-RC-,T,RC,ADVP,ADVP,ADJUNCT,ADJUNCT,WHADVP-1,WHADVP,EQ,EQ_ADJUNCT,
21533,0,why don't you give it to Biddy?,1.0,-NONE-ABAR-WH-,T,WH,ADVP,ADVP,ADJUNCT,ADJUNCT,WHADVP-1,WHADVP,MQ,MQ_ADJUNCT,
21538,0,who's crying?,1.0,-NONE-ABAR-WH-,T,WH,NP,NP,SUBJ,SUBJ,WHNP-1-<ANIM>-<THEME-V1>,WHNP,MQ,MQ_SUBJ,
21541,0,"let's show Investigator, Investigator, how we do happy, sad, and",1.0,-NONE-ABAR-WH-,T,WH,ADVP,ADVP,ADJUNCT,ADJUNCT,WHADVP-1,WHADVP,EQ,EQ_ADJUNCT,
21546,0,what's that?,1.0,-NONE-ABAR-WH-,T,WH,NP,NP,OBJ,OBJ,WHNP-1-<INANIM>,WHNP,MQ,MQ_OBJ,
21555,0,you take your life in your hands when you put your finger in this.,1.0,-NONE-ABAR-RC-,T,RC,ADVP,ADVP,ADJUNCT,ADJUNCT,WHADVP-1,WHADVP,EQ,EQ_ADJUNCT,take
21558,0,how many teeth you got in there?,1.0,-NONE-ABAR-WH-,T,WH,NP,NP,OBJ,OBJ,WHNP-1-<INANIM>-<THEME-V1>,WHNP,MQ,MQ_OBJ,
21567,0,that's the blinking light that shows us that we're talking to it.,1.0,-NONE-ABAR-RC-,T,RC,NP,NP,SUBJ,SUBJ,WHNP-1-<INANIM>-<CAUSER-V1>,WHNP,RC,RC_SUBJ,
21573,0,except the toys that we like,1.0,-NONE-ABAR-RC-,T,RC,NP,NP,OBJ,OBJ,WHNP-1-<INANIM>-<SUBJMATT-V1>,WHNP,RC,RC_OBJ,
21581,0,who's Daddy?,1.0,-NONE-ABAR-WH-,T,WH,NP,NP,OBJ,OBJ,WHNP-1-<ANIM>,WHNP,MQ,MQ_OBJ,
21582,0,where's Daddy?,1.0,-NONE-ABAR-WH-,T,WH,ADVP,ADVP,ADJUNCT,ADJUNCT,WHADVP-1,WHADVP,MQ,MQ_ADJUNCT,
21584,0,where's your Daddy?,1.0,-NONE-ABAR-WH-,T,WH,ADVP,ADVP,ADJUNCT,ADJUNCT,WHADVP-1,WHADVP,MQ,MQ_ADJUNCT,
21585,0,where is Daddy?,1.0,-NONE-ABAR-WH-,T,WH,ADVP,ADVP,ADJUNCT,ADJUNCT,WHADVP-1,WHADVP,MQ,MQ_ADJUNCT,
21586,0,where's your Daddy?,1.0,-NONE-ABAR-WH-,T,WH,ADVP,ADVP,ADJUNCT,ADJUNCT,WHADVP-1,WHADVP,MQ,MQ_ADJUNCT,
21591,0,where is Daddy?,1.0,-NONE-ABAR-WH-,T,WH,ADVP,ADVP,ADJUNCT,ADJUNCT,WHADVP-1,WHADVP,MQ,MQ_ADJUNCT,
21594,0,what's that called?,1.0,-NONE-ABAR-WH-,T,WH,NP,NP,OBJ,OBJ,WHNP-1-<INANIM>-<THEME-V1>,WHNP,MQ,MQ_OBJ,
21598,0,what other song would you like to sing?,1.0,-NONE-ABAR-WH-,T,WH,NP,NP,OBJ,OBJ,WHNP-1-<INANIM>-<THEME-V2>,WHNP,MQ,MQ_OBJ,
21622,0,where's your Howie?,1.0,-NONE-ABAR-WH-,T,WH,ADVP,ADVP,ADJUNCT,ADJUNCT,WHADVP-1,WHADVP,MQ,MQ_ADJUNCT,
21626,0,and who's at the head of the parade?,1.0,-NONE-ABAR-WH-,T,WH,NP,NP,SUBJ,SUBJ,WHNP-1-<ANIM>,WHNP,EQ,EQ_SUBJ,
21627,0,who's the first one?,1.0,-NONE-ABAR-WH-,T,WH,NP,NP,OBJ,OBJ,WHNP-1-<ANIM>,WHNP,MQ,MQ_OBJ,
21629,0,who's the first one in the parade?,1.0,-NONE-ABAR-WH-,T,WH,NP,NP,OBJ,OBJ,WHNP-1-<ANIM>,WHNP,MQ,MQ_OBJ,
21632,0,"well, you put him however he wants to go.",1.0,-NONE-ABAR-RC-,T,RC,ADVP,ADVP,ADJUNCT,ADJUNCT,WHADVP-1,WHADVP,EQ,EQ_ADJUNCT,put
21638,0,yeah and what did the and how did the lion go?,1.0,-NONE-ABAR-WH-,T,WH,ADVP,ADVP,ADJUNCT,ADJUNCT,WHADVP-1,WHADVP,EQ,EQ_ADJUNCT,
21640,0,how did the elephant go?,1.0,-NONE-ABAR-WH-,T,WH,ADVP,ADVP,ADJUNCT,ADJUNCT,WHADVP-1,WHADVP,MQ,MQ_ADJUNCT,
21642,0,what happened over here?,1.0,-NONE-ABAR-WH-,T,WH,NP,NP,SUBJ,SUBJ,WHNP-1-<INANIM>-<THEME-V1>,WHNP,MQ,MQ_SUBJ,
21644,0,"I don't know what he's up to, what he's doing.",1.0,-NONE-ABAR-WH-,T,WH,NP,NP,OBJ,OBJ,WHNP-1-<INANIM>,WHNP,EQ,EQ_OBJ,know
21644,1,"I don't know what he's up to, what he's doing.",2.0,-NONE-ABAR-RC-,T,RC,NP,NP,OBJ,OBJ,WHNP-2-<INANIM>-<PATIENT-V2>,WHNP,EQ,EQ_OBJ,
21645,0,"what are you doing, Child?",1.0,-NONE-ABAR-WH-,T,WH,NP,NP,OBJ,OBJ,WHNP-1-<INANIM>-<PATIENT-V1>,WHNP,MQ,MQ_OBJ,
21646,0,"Child, tell me what you're doing.",1.0,-NONE-ABAR-RC-,T,RC,NP,NP,OBJ,OBJ,WHNP-1-<INANIM>-<PATIENT-V2>,WHNP,EQ,EQ_OBJ,tell
21648,0,what are you looking for?,1.0,-NONE-ABAR-WH-,T,WH,NP,NP,OBJ,OBJ,WHNP-1-<INANIM>-<PATIENT-V1>,WHNP,MQ,MQ_OBJ,
21654,0,you know what I 'm going to do?,1.0,-NONE-ABAR-WH-,T,WH,NP,NP,OBJ,OBJ,WHNP-1-<INANIM>-<PATIENT-V2>,WHNP,EQ,EQ_OBJ,know
21670,0,I don't know where it is.,1.0,-NONE-ABAR-WH-,T,WH,ADVP,ADVP,ADJUNCT,ADJUNCT,WHADVP-1,WHADVP,EQ,EQ_ADJUNCT,know
21672,0,but maybe when we're all done Investigator will watch it with you.,2.0,-NONE-ABAR-RC-,T,RC,ADVP,ADVP,ADJUNCT,ADJUNCT,WHADVP-2,WHADVP,EQ,EQ_ADJUNCT,
21687,0,whose music is that?,1.0,-NONE-ABAR-WH-,T,WH,NP,NP,OBJ,OBJ,WHNP-1-<INANIM>,WHNP,MQ,MQ_OBJ,
21705,0,but would you like to sing it and hear how you sound?,1.0,-NONE-ABAR-RC-,T,RC,ADVP,ADVP,ADJUNCT,ADJUNCT,WHADVP-1,WHADVP,EQ,EQ_ADJUNCT,hear
21706,0,if you don't want to that's ok.,,,,POLAR,,,,POLAR,,,EQ,EQ_POLAR,
21707,0,you want to hear what you sound like?,1.0,-NONE-ABAR-RC-,T,RC,NP,NP,OBJ,OBJ,WHNP-1-<INANIM>,WHNP,EQ,EQ_OBJ,hear
21708,0,"do you know what that is, Child?",1.0,-NONE-ABAR-RC-,T,RC,NP,NP,OBJ,OBJ,WHNP-1-<INANIM>,WHNP,EQ,EQ_OBJ,know
21710,0,what is it?,1.0,-NONE-ABAR-WH-,T,WH,NP,NP,OBJ,OBJ,WHNP-1-<INANIM>,WHNP,MQ,MQ_OBJ,
21714,0,"what's that, Child?",1.0,-NONE-ABAR-WH-,T,WH,NP,NP,OBJ,OBJ,WHNP-1-<INANIM>,WHNP,MQ,MQ_OBJ,
21720,0,do you know what this is?,1.0,-NONE-ABAR-WH-,T,WH,NP,NP,OBJ,OBJ,WHNP-1-<INANIM>,WHNP,EQ,EQ_OBJ,know
21728,0,"how do you know that's an elephant, honey?",1.0,-NONE-ABAR-WH-,T,WH,ADVP,ADVP,ADJUNCT,ADJUNCT,WHADVP-1,WHADVP,MQ,MQ_ADJUNCT,
21729,0,you're right but how do you know?,1.0,-NONE-ABAR-WH-,T,WH,ADVP,ADVP,ADJUNCT,ADJUNCT,WHADVP-1,WHADVP,EQ,EQ_ADJUNCT,
21732,0,how do you know this is a duck?,1.0,-NONE-ABAR-WH-,T,WH,ADVP,ADVP,ADJUNCT,ADJUNCT,WHADVP-1,WHADVP,MQ,MQ_ADJUNCT,
21736,0,what do we do with those toys?,1.0,-NONE-ABAR-WH-,T,WH,NP,NP,OBJ,OBJ,WHNP-1-<INANIM>-<THEME-V1>,WHNP,MQ,MQ_OBJ,
21737,0,what could we do with those toys?,1.0,-NONE-ABAR-WH-,T,WH,NP,NP,OBJ,OBJ,WHNP-1-<INANIM>-<THEME-V1>,WHNP,MQ,MQ_OBJ,
21739,0,do you know what a parade is?,1.0,-NONE-ABAR-WH-,T,WH,NP,NP,OBJ,OBJ,WHNP-1-<INANIM>,WHNP,EQ,EQ_OBJ,know
21740,0,what is a parade?,1.0,-NONE-ABAR-WH-,T,WH,NP,NP,OBJ,OBJ,WHNP-1-<INANIM>,WHNP,MQ,MQ_OBJ,
21743,0,"okay, look, here's what you do.",1.0,-NONE-ABAR-WH-,T,WH,NP,NP,OBJ,OBJ,WHNP-1-<INANIM>-<PATIENT-V1>,WHNP,EQ,EQ_OBJ,do
21746,0,where does he go?,1.0,-NONE-ABAR-WH-,T,WH,ADVP,ADVP,ADJUNCT,ADJUNCT,WHADVP-1,WHADVP,MQ,MQ_ADJUNCT,
21747,0,how does that one go?,1.0,-NONE-ABAR-WH-,T,WH,ADVP,ADVP,ADJUNCT,ADJUNCT,WHADVP-1,WHADVP,MQ,MQ_ADJUNCT,
21754,0,what is it then?,1.0,-NONE-ABAR-WH-,T,WH,NP,NP,OBJ,OBJ,WHNP-1-<INANIM>,WHNP,MQ,MQ_OBJ,
21756,0,is that how that one goes?,1.0,-NONE-ABAR-WH-,T,WH,ADVP,ADVP,ADJUNCT,ADJUNCT,WHADVP-1,WHADVP,EQ,EQ_ADJUNCT,goes
21757,0,what is that?,1.0,-NONE-ABAR-WH-,T,WH,NP,NP,OBJ,OBJ,WHNP-1-<INANIM>,WHNP,MQ,MQ_OBJ,
21758,0,what kind of thing is that?,1.0,-NONE-ABAR-WH-,T,WH,NP,NP,OBJ,OBJ,WHNP-1-<INANIM>,WHNP,MQ,MQ_OBJ,
21759,0,is that what it does?,1.0,-NONE-ABAR-RC-,T,RC,NP,NP,OBJ,OBJ,WHNP-1-<INANIM>-<PATIENT-V1>,WHNP,EQ,EQ_OBJ,does
21761,0,you going to see what it is?,2.0,-NONE-ABAR-RC-,T,RC,NP,NP,OBJ,OBJ,WHNP-2-<INANIM>,WHNP,EQ,EQ_OBJ,see
21763,0,I do 't know myself what it is.,1.0,-NONE-ABAR-WH-,T,WH,NP,NP,OBJ,OBJ,WHNP-1-<INANIM>,WHNP,EQ,EQ_OBJ,know
21770,0,it's a Zetor tractor for whatever difference it makes.,1.0,-NONE-ABAR-RC-,T,RC,NP,NP,OBJ,OBJ,WHNP-1-<INANIM>-<SUBJMATT-V1>,WHNP,EQ,EQ_OBJ,makes
21775,0,where's the roof?,1.0,-NONE-ABAR-WH-,T,WH,ADVP,ADVP,ADJUNCT,ADJUNCT,WHADVP-1,WHADVP,MQ,MQ_ADJUNCT,
21776,0,"what other things do you think, Investigator.",1.0,-NONE-ABAR-WH-,T,WH,NP,NP,OBJ,OBJ,WHNP-1-<INANIM>-<SUBJMATT-V1>,WHNP,MQ,MQ_OBJ,
21777,0,why don't you ask Investigator what other things he has.,2.0,-NONE-ABAR-RC-,T,RC,NP,NP,OBJ,OBJ,WHNP-2-<INANIM>-<THEME-V2>,WHNP,EQ,EQ_OBJ,ask
21777,1,why don't you ask Investigator what other things he has.,1.0,-NONE-ABAR-WH-,T,WH,ADVP,ADVP,ADJUNCT,ADJUNCT,WHADVP-1,WHADVP,MQ,MQ_ADJUNCT,
21784,0,what is that tractor doing now?,1.0,-NONE-ABAR-WH-,T,WH,NP,NP,OBJ,OBJ,WHNP-1-<INANIM>-<PATIENT-V1>,WHNP,MQ,MQ_OBJ,
21789,0,what did he say?,1.0,-NONE-ABAR-WH-,T,WH,NP,NP,OBJ,OBJ,WHNP-1-<INANIM>-<THEME-V1>,WHNP,MQ,MQ_OBJ,
21793,0,what's that?,1.0,-NONE-ABAR-WH-,T,WH,NP,NP,OBJ,OBJ,WHNP-1-<INANIM>,WHNP,MQ,MQ_OBJ,
21807,0,what does that do?,1.0,-NONE-ABAR-WH-,T,WH,NP,NP,OBJ,OBJ,WHNP-1-<INANIM>-<PATIENT-V1>,WHNP,MQ,MQ_OBJ,
21810,0,do you know what that is?,1.0,-NONE-ABAR-RC-,T,RC,NP,NP,OBJ,OBJ,WHNP-1-<INANIM>,WHNP,EQ,EQ_OBJ,know
21813,0,you don't even know what that is?,1.0,-NONE-ABAR-WH-,T,WH,NP,NP,OBJ,OBJ,WHNP-1-<INANIM>,WHNP,EQ,EQ_OBJ,know
21818,0,what is it?,1.0,-NONE-ABAR-WH-,T,WH,NP,NP,OBJ,OBJ,WHNP-1-<INANIM>,WHNP,MQ,MQ_OBJ,
21819,0,what does it do?,1.0,-NONE-ABAR-WH-,T,WH,NP,NP,OBJ,OBJ,WHNP-1-<INANIM>-<PATIENT-V1>,WHNP,MQ,MQ_OBJ,
21820,0,what do pigs really say?,1.0,-NONE-ABAR-WH-,T,WH,NP,NP,OBJ,OBJ,WHNP-1-<INANIM>-<THEME-V1>,WHNP,MQ,MQ_OBJ,
21822,0,"Child, which one, which ones of all those are animals?",1.0,-NONE-ABAR-WH-,T,WH,NP,NP,SUBJ,SUBJ,WHNP-1-<INANIM>,WHNP,MQ,MQ_SUBJ,
21823,0,which ones are animals?,1.0,-NONE-ABAR-WH-,T,WH,NP,NP,SUBJ,SUBJ,WHNP-1-<INANIM>,WHNP,MQ,MQ_SUBJ,
21844,0,what shall we do with all those toys?,1.0,-NONE-ABAR-WH-,T,WH,NP,NP,OBJ,OBJ,WHNP-1-<INANIM>-<THEME-V1>,WHNP,MQ,MQ_OBJ,
21848,0,why don't you ask him to?,1.0,-NONE-ABAR-WH-,T,WH,ADVP,ADVP,ADJUNCT,ADJUNCT,WHADVP-1,WHADVP,MQ,MQ_ADJUNCT,
21861,0,what on earth is that?,1.0,-NONE-ABAR-WH-,T,WH,NP,NP,OBJ,OBJ,WHNP-1-<INANIM>,WHNP,MQ,MQ_OBJ,
21862,0,what is that?,1.0,-NONE-ABAR-WH-,T,WH,NP,NP,OBJ,OBJ,WHNP-1-<INANIM>,WHNP,MQ,MQ_OBJ,
21863,0,what is it?,1.0,-NONE-ABAR-WH-,T,WH,NP,NP,OBJ,OBJ,WHNP-1-<INANIM>,WHNP,MQ,MQ_OBJ,
21867,0,I thought it was a lion when I took it out.,1.0,-NONE-ABAR-RC-,T,RC,ADVP,ADVP,ADJUNCT,ADJUNCT,WHADVP-1,WHADVP,EQ,EQ_ADJUNCT,took
21873,0,what does it do?,1.0,-NONE-ABAR-WH-,T,WH,NP,NP,OBJ,OBJ,WHNP-1-<INANIM>-<PATIENT-V1>,WHNP,MQ,MQ_OBJ,
21898,0,what is that?,1.0,-NONE-ABAR-WH-,T,WH,NP,NP,OBJ,OBJ,WHNP-1-<INANIM>,WHNP,MQ,MQ_OBJ,
21899,0,what do you think?,1.0,-NONE-ABAR-WH-,T,WH,NP,NP,OBJ,OBJ,WHNP-1-<INANIM>-<SUBJMATT-V1>,WHNP,MQ,MQ_OBJ,
21901,0,what is that cow doing?,1.0,-NONE-ABAR-WH-,T,WH,NP,NP,OBJ,OBJ,WHNP-1-<INANIM>-<PATIENT-V1>,WHNP,MQ,MQ_OBJ,
21916,0,what is it?,1.0,-NONE-ABAR-WH-,T,WH,NP,NP,OBJ,OBJ,WHNP-1-<INANIM>,WHNP,MQ,MQ_OBJ,
21917,0,what do you think?,1.0,-NONE-ABAR-WH-,T,WH,NP,NP,OBJ,OBJ,WHNP-1-<INANIM>-<SUBJMATT-V1>,WHNP,MQ,MQ_OBJ,
21921,0,how come it's not a fish?,1.0,-NONE-ABAR-WH-,T,WH,ADVP,ADVP,ADJUNCT,ADJUNCT,WHADVP-1,WHADVP,MQ,MQ_ADJUNCT,
21925,0,is that what you think it could be?,1.0,-NONE-ABAR-RC-,T,RC,NP,NP,OBJ,OBJ,WHNP-1-<INANIM>,WHNP,EQ,EQ_OBJ,think
21929,0,do you want to ask him if he wants to see some of your,,,,POLAR,,,,POLAR,,,EQ,EQ_POLAR,ask
21932,0,"let's see if I, let's see what we have here.",,,,POLAR,,,,POLAR,,,EQ,EQ_POLAR,see
21932,1,"let's see if I, let's see what we have here.",1.0,-NONE-ABAR-RC-,T,RC,NP,NP,OBJ,OBJ,WHNP-1-<INANIM>-<THEME-V5>,WHNP,EQ,EQ_OBJ,see
21937,0,what's that?,1.0,-NONE-ABAR-WH-,T,WH,NP,NP,OBJ,OBJ,WHNP-1-<INANIM>,WHNP,MQ,MQ_OBJ,
21939,0,is that how you can tell it's a kitty cat?,1.0,-NONE-ABAR-RC-,T,RC,ADVP,ADVP,ADJUNCT,ADJUNCT,WHADVP-1,WHADVP,EQ,EQ_ADJUNCT,tell
21943,0,where else could it be?,1.0,-NONE-ABAR-WH-,T,WH,ADVP,ADVP,ADJUNCT,ADJUNCT,WHADVP-1,WHADVP,MQ,MQ_ADJUNCT,
21951,0,what is that?,1.0,-NONE-ABAR-WH-,T,WH,NP,NP,OBJ,OBJ,WHNP-1-<INANIM>,WHNP,MQ,MQ_OBJ,
21952,0,then what is this?,1.0,-NONE-ABAR-WH-,T,WH,NP,NP,OBJ,OBJ,WHNP-1-<INANIM>,WHNP,MQ,MQ_OBJ,
21953,0,then what's this?,1.0,-NONE-ABAR-WH-,T,WH,NP,NP,OBJ,OBJ,WHNP-1-<INANIM>,WHNP,MQ,MQ_OBJ,
21954,0,then what's this?,1.0,-NONE-ABAR-WH-,T,WH,NP,NP,OBJ,OBJ,WHNP-1-<INANIM>,WHNP,MQ,MQ_OBJ,
21955,0,how come it doesn't look the same?,1.0,-NONE-ABAR-WH-,T,WH,ADVP,ADVP,ADJUNCT,ADJUNCT,WHADVP-1,WHADVP,MQ,MQ_ADJUNCT,
21957,0,are you going to tell me when you do?,2.0,-NONE-ABAR-RC-,T,RC,NP,NP,OBJ,OBJ,WHADVP-2,WHADVP,EQ,EQ_OBJ,tell
21959,0,"how many horses are there, Child?",1.0,-NONE-ABAR-WH-,T,WH,NP,NP,OBJ,OBJ,WHNP-1-<INANIM>,WHNP,MQ,MQ_OBJ,
21961,0,how many zebras are there?,1.0,-NONE-ABAR-WH-,T,WH,NP,NP,OBJ,OBJ,WHNP-1-<INANIM>,WHNP,MQ,MQ_OBJ,
21962,0,then how come this one doesn't have stripes?,1.0,-NONE-ABAR-WH-,T,WH,ADVP,ADVP,ADJUNCT,ADJUNCT,WHADVP-1,WHADVP,MQ,MQ_ADJUNCT,
21964,0,what's this?,1.0,-NONE-ABAR-WH-,T,WH,NP,NP,OBJ,OBJ,WHNP-1-<INANIM>,WHNP,MQ,MQ_OBJ,
21967,0,what's that?,1.0,-NONE-ABAR-WH-,T,WH,NP,NP,OBJ,OBJ,WHNP-1-<INANIM>,WHNP,MQ,MQ_OBJ,
21968,0,what color is that?,1.0,-NONE-ABAR-WH-,T,WH,NP,NP,OBJ,OBJ,WHNP-1,WHNP,MQ,MQ_OBJ,
21969,0,what color do you think it is?,1.0,-NONE-ABAR-WH-,T,WH,NP,NP,OBJ,OBJ,WHNP-1-<INANIM>,WHNP,EQ,EQ_OBJ,think
21971,0,what is it?,1.0,-NONE-ABAR-WH-,T,WH,NP,NP,OBJ,OBJ,WHNP-1-<INANIM>,WHNP,MQ,MQ_OBJ,
21978,0,if you stand up.,,,,POLAR,,,,POLAR,,,EQ,EQ_POLAR,
21985,0,"now, now what are you going to do?",1.0,-NONE-ABAR-WH-,T,WH,NP,NP,OBJ,OBJ,WHNP-1-<INANIM>-<PATIENT-V1>,WHNP,MQ,MQ_OBJ,
21988,0,"why might they all fall down, honey?",1.0,-NONE-ABAR-WH-,T,WH,ADVP,ADVP,ADJUNCT,ADJUNCT,WHADVP-1,WHADVP,MQ,MQ_ADJUNCT,
21992,0,what's that?,1.0,-NONE-ABAR-WH-,T,WH,NP,NP,OBJ,OBJ,WHNP-1-<INANIM>,WHNP,MQ,MQ_OBJ,
21993,0,what did you do?,1.0,-NONE-ABAR-WH-,T,WH,NP,NP,OBJ,OBJ,WHNP-1-<INANIM>-<PATIENT-V1>,WHNP,MQ,MQ_OBJ,
22009,0,which is bigger?,1.0,-NONE-ABAR-WH-,T,WH,NP,NP,SUBJ,SUBJ,WHNP-1-<INANIM>,WHNP,MQ,MQ_SUBJ,
22010,0,which is the biggest one there?,1.0,-NONE-ABAR-WH-,T,WH,NP,NP,OBJ,OBJ,WHNP-1-<INANIM>,WHNP,MQ,MQ_OBJ,
22012,0,and which one's the zebra in there?,1.0,-NONE-ABAR-WH-,T,WH,NP,NP,OBJ,OBJ,WHNP-1-<INANIM>,WHNP,EQ,EQ_OBJ,
22013,0,"does Projectdirector have any, um, techniques that she has you do to",1.0,-NONE-ABAR-RC-,T,RC,NP,NP,OBJ,OBJ,WHNP-1-<INANIM>-<PATIENT-V3>,WHNP,RC,RC_OBJ,
22018,0,what would happen if I picked it up?,,,,POLAR,,,,POLAR,,,EQ,EQ_POLAR,happen
22018,1,what would happen if I picked it up?,1.0,-NONE-ABAR-WH-,T,WH,NP,NP,SUBJ,SUBJ,WHNP-1-<INANIM>-<THEME-V1>,WHNP,MQ,MQ_SUBJ,
22031,0,that's why are you going to read him,1.0,-NONE-ABAR-RC-,T,RC,ADVP,ADVP,ADJUNCT,ADJUNCT,WHADVP-1,WHADVP,EQ,EQ_ADJUNCT,going
22048,0,how many pages does it have?,1.0,-NONE-ABAR-WH-,T,WH,NP,NP,OBJ,OBJ,WHNP-1-<INANIM>-<THEME-V1>,WHNP,MQ,MQ_OBJ,
22052,0,why don't you show that you can read this book?,1.0,-NONE-ABAR-WH-,T,WH,ADVP,ADVP,ADJUNCT,ADJUNCT,WHADVP-1,WHADVP,MQ,MQ_ADJUNCT,
22061,0,tell me what's happening in the book.,1.0,-NONE-ABAR-RC-,T,RC,NP,NP,SUBJ,SUBJ,WHNP-1-<INANIM>-<THEME-V2>,WHNP,EQ,EQ_SUBJ,tell
22062,0,what is that?,1.0,-NONE-ABAR-WH-,T,WH,NP,NP,OBJ,OBJ,WHNP-1-<INANIM>,WHNP,MQ,MQ_OBJ,
22064,0,"what, what's happening there?",1.0,-NONE-ABAR-WH-,T,WH,NP,NP,SUBJ,SUBJ,WHNP-1-<INANIM>-<THEME-V1>,WHNP,MQ,MQ_SUBJ,
22066,0,why do you think she got sick?,1.0,-NONE-ABAR-WH-,T,WH,ADVP,ADVP,ADJUNCT,ADJUNCT,WHADVP-1,WHADVP,MQ,MQ_ADJUNCT,
22068,0,and what's happening in this picture?,1.0,-NONE-ABAR-WH-,T,WH,NP,NP,SUBJ,SUBJ,WHNP-1-<INANIM>-<THEME-V1>,WHNP,EQ,EQ_SUBJ,
22072,0,and what's this?,1.0,-NONE-ABAR-WH-,T,WH,NP,NP,OBJ,OBJ,WHNP-1-<INANIM>,WHNP,EQ,EQ_OBJ,
22073,0,there's the other girl *NULL* I was talking about.,1.0,-NONE-ABAR-RC-,T,RC,NP,NP,OBJ,OBJ,WHNP-1-<INANIM>-<THEME-V1>,WHNP,RC,RC_OBJ,
22076,0,what's that?,1.0,-NONE-ABAR-WH-,T,WH,NP,NP,OBJ,OBJ,WHNP-1-<INANIM>,WHNP,MQ,MQ_OBJ,
22077,0,and what's that?,1.0,-NONE-ABAR-WH-,T,WH,NP,NP,OBJ,OBJ,WHNP-1-<INANIM>,WHNP,EQ,EQ_OBJ,
22083,0,what's that?,1.0,-NONE-ABAR-WH-,T,WH,NP,NP,OBJ,OBJ,WHNP-1-<INANIM>,WHNP,MQ,MQ_OBJ,
22085,0,where's its stripes?,1.0,-NONE-ABAR-WH-,T,WH,ADVP,ADVP,ADJUNCT,ADJUNCT,WHADVP-1,WHADVP,MQ,MQ_ADJUNCT,
22087,0,and what's that?,1.0,-NONE-ABAR-WH-,T,WH,NP,NP,OBJ,OBJ,WHNP-1-<INANIM>,WHNP,EQ,EQ_OBJ,
22089,0,what's that?,1.0,-NONE-ABAR-WH-,T,WH,NP,NP,OBJ,OBJ,WHNP-1-<INANIM>,WHNP,MQ,MQ_OBJ,
22093,0,what do you think this little boy's doing?,1.0,-NONE-ABAR-WH-,T,WH,NP,NP,OBJ,OBJ,WHNP-1-<INANIM>-<PATIENT-V2>,WHNP,EQ,EQ_OBJ,think
22094,0,what's he got around his neck?,1.0,-NONE-ABAR-WH-,T,WH,NP,NP,OBJ,OBJ,WHNP-1-<INANIM>-<PATIENT-V1>,WHNP,MQ,MQ_OBJ,
22095,0,what are those?,1.0,-NONE-ABAR-WH-,T,WH,NP,NP,OBJ,OBJ,WHNP-1-<INANIM>,WHNP,MQ,MQ_OBJ,
22097,0,what have you got on your hand *NULL* to show that you played doctor?,1.0,-NONE-ABAR-WH-,T,WH,NP,NP,ADJUNCT,ADJUNCT,WHNP-1-<INANIM>,WHNP,MQ,MQ_ADJUNCT,
22097,1,what have you got on your hand *NULL* to show that you played doctor?,3.0,-NONE-ABAR-RC-,T,RC,NP,NP,SUBJ,SUBJ,WHNP-3-<INANIM>-<CAUSER-V2>,WHNP,RC,RC_SUBJ,
22099,0,what's that?,1.0,-NONE-ABAR-WH-,T,WH,NP,NP,OBJ,OBJ,WHNP-1-<INANIM>,WHNP,MQ,MQ_OBJ,
22103,0,what is that?,1.0,-NONE-ABAR-WH-,T,WH,NP,NP,OBJ,OBJ,WHNP-1-<INANIM>,WHNP,MQ,MQ_OBJ,
22106,0,you going to give him a toy elephant *NULL* to help him go to sleep?,2.0,-NONE-ABAR-RC-,T,RC,NP,NP,SUBJ,SUBJ,WHNP-2-<INANIM>-<CAUSER-V2>,WHNP,RC,RC_SUBJ,
22109,0,"who, who is going to sleep?",1.0,-NONE-ABAR-WH-,T,WH,NP,NP,SUBJ,SUBJ,WHNP-1-<ANIM>-<THEME-V1>,WHNP,MQ,MQ_SUBJ,
22112,0,and all the other animals *NULL* you put in bed with him to make him feel,1.0,-NONE-ABAR-RC-,T,RC,NP,NP,OBJ,OBJ,WHNP-1-<INANIM>-<PATIENT-V1>,WHNP,RC,RC_OBJ,
22112,1,and all the other animals *NULL* you put in bed with him to make him feel,1.0,-NONE-ABAR-RC-,T,RC,NP-<CAUSER-V2>,NP,SUBJ,SUBJ,WHNP-1-<INANIM>-<PATIENT-V1>,WHNP,RC,RC_SUBJ,
22113,0,who's happy there?,1.0,-NONE-ABAR-WH-,T,WH,NP,NP,SUBJ,SUBJ,WHNP-1-<INANIM>,WHNP,MQ,MQ_SUBJ,
22117,0,what else does a lion need?,1.0,-NONE-ABAR-WH-,T,WH,NP,NP,OBJ,OBJ,WHNP-1-<INANIM>-<SUBJMATT-V1>,WHNP,MQ,MQ_OBJ,
22123,0,"I don't know, what do you think?",1.0,-NONE-ABAR-WH-,T,WH,NP,NP,OBJ,OBJ,WHNP-1-<INANIM>-<SUBJMATT-V1>,WHNP,MQ,MQ_OBJ,
22128,0,what did you do?,1.0,-NONE-ABAR-WH-,T,WH,NP,NP,OBJ,OBJ,WHNP-1-<INANIM>-<PATIENT-V1>,WHNP,MQ,MQ_OBJ,
22131,0,there's something in there that you've never seen before.,2.0,-NONE-ABAR-RC-,T,RC,NP,NP,OBJ,OBJ,WHNP-2-<INANIM>-<SUBJMATT-V1>,WHNP,RC,RC_OBJ,
22136,0,what do you think is in here?,1.0,-NONE-ABAR-WH-,T,WH,NP,NP,SUBJ,SUBJ,WHNP-1-<INANIM>,WHNP,EQ,EQ_SUBJ,think
22138,0,what is it?,1.0,-NONE-ABAR-WH-,T,WH,NP,NP,OBJ,OBJ,WHNP-1-<INANIM>,WHNP,MQ,MQ_OBJ,
22139,0,what is that?,1.0,-NONE-ABAR-WH-,T,WH,NP,NP,OBJ,OBJ,WHNP-1-<INANIM>,WHNP,MQ,MQ_OBJ,
22140,0,I know what those are.,1.0,-NONE-ABAR-RC-,T,RC,NP,NP,OBJ,OBJ,WHNP-1-<INANIM>,WHNP,EQ,EQ_OBJ,know
22142,0,"meow, meow, what is that?",1.0,-NONE-ABAR-WH-,T,WH,NP,NP,OBJ,OBJ,WHNP-1-<INANIM>,WHNP,MQ,MQ_OBJ,
22143,0,what do you think?,1.0,-NONE-ABAR-WH-,T,WH,NP,NP,OBJ,OBJ,WHNP-1-<INANIM>-<SUBJMATT-V1>,WHNP,MQ,MQ_OBJ,
22144,0,whose shoes do you think these are?,1.0,-NONE-ABAR-WH-,T,WH,NP,NP,OBJ,OBJ,WHNP-1-<INANIM>,WHNP,EQ,EQ_OBJ,think
22147,0,"well, who do you think they could be for?",1.0,-NONE-ABAR-WH-,T,WH,NP,NP,OBJ,OBJ,WHNP-1-<ANIM>,WHNP,EQ,EQ_OBJ,think
22156,0,you know what we should have,1.0,-NONE-ABAR-WH-,T,WH,NP,NP,OBJ,OBJ,WHNP-1-<INANIM>-<THEME-V2>,WHNP,EQ,EQ_OBJ,know
22158,0,what's your favorite toy at home?,1.0,-NONE-ABAR-WH-,T,WH,NP,NP,OBJ,OBJ,WHNP-1-<INANIM>,WHNP,MQ,MQ_OBJ,
22159,0,what toy would you like to play with if we went home?,,,,POLAR,,,,POLAR,,,EQ,EQ_POLAR,play
22159,1,what toy would you like to play with if we went home?,1.0,-NONE-ABAR-WH-,T,WH,NP,NP,OBJ,OBJ,WHNP-1-<INANIM>-<PATIENT-V2>,WHNP,MQ,MQ_OBJ,
22161,0,you know but you don't know which toy to show Investigator?,1.0,-NONE-ABAR-RC-,T,RC,NP,NP,OBJ,OBJ,WHNP-1-<INANIM>-<PATIENT-V3>,WHNP,EQ,EQ_OBJ,know
22162,0,"oh, well, what do you know then?",1.0,-NONE-ABAR-WH-,T,WH,NP,NP,OBJ,OBJ,WHNP-1-<INANIM>-<SUBJMATT-V1>,WHNP,MQ,MQ_OBJ,
22165,0,you want to go to the kitchen and see if you want what?,,,,POLAR,,,,POLAR,,,EQ,EQ_POLAR,see
22173,0,what does he say?,1.0,-NONE-ABAR-WH-,T,WH,NP,NP,OBJ,OBJ,WHNP-1-<INANIM>-<THEME-V1>,WHNP,MQ,MQ_OBJ,
22174,0,what does he like to do?,1.0,-NONE-ABAR-WH-,T,WH,NP,NP,OBJ,OBJ,WHNP-1-<INANIM>-<PATIENT-V2>,WHNP,MQ,MQ_OBJ,
22176,0,what's that?,1.0,-NONE-ABAR-WH-,T,WH,NP,NP,OBJ,OBJ,WHNP-1-<INANIM>,WHNP,MQ,MQ_OBJ,
22178,0,what do you think?,1.0,-NONE-ABAR-WH-,T,WH,NP,NP,OBJ,OBJ,WHNP-1-<INANIM>-<SUBJMATT-V1>,WHNP,MQ,MQ_OBJ,
22179,0,what do you think?,1.0,-NONE-ABAR-WH-,T,WH,NP,NP,OBJ,OBJ,WHNP-1-<INANIM>-<SUBJMATT-V1>,WHNP,MQ,MQ_OBJ,
22182,0,what do you think?,1.0,-NONE-ABAR-WH-,T,WH,NP,NP,OBJ,OBJ,WHNP-1-<INANIM>-<SUBJMATT-V1>,WHNP,MQ,MQ_OBJ,
22190,0,what do you mean?,1.0,-NONE-ABAR-WH-,T,WH,NP,NP,OBJ,OBJ,WHNP-1-<INANIM>-<PATIENT-V1>,WHNP,MQ,MQ_OBJ,
22194,0,what's Investigator doing?,1.0,-NONE-ABAR-WH-,T,WH,NP,NP,OBJ,OBJ,WHNP-1-<INANIM>-<PATIENT-V1>,WHNP,MQ,MQ_OBJ,
22199,0,what do you want to do with these?,1.0,-NONE-ABAR-WH-,T,WH,NP,NP,OBJ,OBJ,WHNP-1-<INANIM>-<THEME-V2>,WHNP,MQ,MQ_OBJ,
22206,0,what's happening to that duck?,1.0,-NONE-ABAR-WH-,T,WH,NP,NP,SUBJ,SUBJ,WHNP-1-<INANIM>-<THEME-V1>,WHNP,MQ,MQ_SUBJ,
22207,0,what's happening to that duck?,1.0,-NONE-ABAR-WH-,T,WH,NP,NP,SUBJ,SUBJ,WHNP-1-<INANIM>-<THEME-V1>,WHNP,MQ,MQ_SUBJ,
22211,0,"that's how you can tell it's happy, right?",1.0,-NONE-ABAR-RC-,T,RC,ADVP,ADVP,ADJUNCT,ADJUNCT,WHADVP-1,WHADVP,EQ,EQ_ADJUNCT,tell
22214,0,what's it saying?,1.0,-NONE-ABAR-WH-,T,WH,NP,NP,OBJ,OBJ,WHNP-1-<INANIM>-<THEME-V1>,WHNP,MQ,MQ_OBJ,
22223,0,is it happy when you do that?,1.0,-NONE-ABAR-RC-,T,RC,ADVP,ADVP,ADJUNCT,ADJUNCT,WHADVP-1,WHADVP,EQ,EQ_ADJUNCT,do
22226,0,what are you doing?,1.0,-NONE-ABAR-WH-,T,WH,NP,NP,OBJ,OBJ,WHNP-1-<INANIM>-<PATIENT-V1>,WHNP,MQ,MQ_OBJ,
22228,0,where are you going?,1.0,-NONE-ABAR-WH-,T,WH,ADVP,ADVP,ADJUNCT,ADJUNCT,WHADVP-1,WHADVP,MQ,MQ_ADJUNCT,
22233,0,what songs do you know?,1.0,-NONE-ABAR-WH-,T,WH,NP,NP,OBJ,OBJ,WHNP-1-<INANIM>-<SUBJMATT-V1>,WHNP,MQ,MQ_OBJ,
22239,0,who sings a song?,1.0,-NONE-ABAR-WH-,T,WH,NP,NP,SUBJ,SUBJ,WHNP-1-<ANIM>-<AGENT-V1>,WHNP,MQ,MQ_SUBJ,
22245,0,what songs do you know?,1.0,-NONE-ABAR-WH-,T,WH,NP,NP,OBJ,OBJ,WHNP-1-<INANIM>-<SUBJMATT-V1>,WHNP,MQ,MQ_OBJ,
22253,0,I don't think that's what she said.,1.0,-NONE-ABAR-RC-,T,RC,NP,NP,OBJ,OBJ,WHNP-1-<INANIM>-<THEME-V2>,WHNP,EQ,EQ_OBJ,said
22256,0,what are you doing?,1.0,-NONE-ABAR-WH-,T,WH,NP,NP,OBJ,OBJ,WHNP-1-<INANIM>-<PATIENT-V1>,WHNP,MQ,MQ_OBJ,
22259,0,how does it go from there?,1.0,-NONE-ABAR-WH-,T,WH,ADVP,ADVP,ADJUNCT,ADJUNCT,WHADVP-1,WHADVP,MQ,MQ_ADJUNCT,
22260,0,how does it end?,1.0,-NONE-ABAR-WH-,T,WH,ADVP,ADVP,ADJUNCT,ADJUNCT,WHADVP-1,WHADVP,MQ,MQ_ADJUNCT,
22261,0,is that how it ends?,1.0,-NONE-ABAR-RC-,T,RC,ADVP,ADVP,ADJUNCT,ADJUNCT,WHADVP-1,WHADVP,EQ,EQ_ADJUNCT,ends
22265,0,how does that go?,1.0,-NONE-ABAR-WH-,T,WH,ADVP,ADVP,ADJUNCT,ADJUNCT,WHADVP-1,WHADVP,MQ,MQ_ADJUNCT,
22269,0,that's not how it goes.,1.0,-NONE-ABAR-RC-,T,RC,ADVP,ADVP,ADJUNCT,ADJUNCT,WHADVP-1,WHADVP,EQ,EQ_ADJUNCT,goes
22271,0,"what are these, Child?",1.0,-NONE-ABAR-WH-,T,WH,NP,NP,OBJ,OBJ,WHNP-1-<INANIM>,WHNP,MQ,MQ_OBJ,
22272,0,what are they?,1.0,-NONE-ABAR-WH-,T,WH,NP,NP,OBJ,OBJ,WHNP-1-<INANIM>,WHNP,MQ,MQ_OBJ,
22277,0,what do they have on them?,1.0,-NONE-ABAR-WH-,T,WH,NP,NP,OBJ,OBJ,WHNP-1-<INANIM>-<THEME-V1>,WHNP,MQ,MQ_OBJ,
22279,0,what do you do with twentysided dice?,1.0,-NONE-ABAR-WH-,T,WH,NP,NP,OBJ,OBJ,WHNP-1-<INANIM>-<THEME-V1>,WHNP,MQ,MQ_OBJ,
22286,0,now what were you going to do?,1.0,-NONE-ABAR-WH-,T,WH,NP,NP,OBJ,OBJ,WHNP-1-<INANIM>-<PATIENT-V1>,WHNP,MQ,MQ_OBJ,
22287,0,what did you do?,1.0,-NONE-ABAR-WH-,T,WH,NP,NP,OBJ,OBJ,WHNP-1-<INANIM>-<PATIENT-V1>,WHNP,MQ,MQ_OBJ,
22296,0,what's that?,1.0,-NONE-ABAR-WH-,T,WH,NP,NP,OBJ,OBJ,WHNP-1-<INANIM>,WHNP,MQ,MQ_OBJ,
22299,0,you know what else I have?,1.0,-NONE-ABAR-WH-,T,WH,NP,NP,OBJ,OBJ,WHNP-1-<INANIM>-<THEME-V2>,WHNP,EQ,EQ_OBJ,know
22301,0,"I have, if I can find it, what's this?",,,,POLAR,,,,POLAR,,,EQ,EQ_POLAR,
22301,1,"I have, if I can find it, what's this?",1.0,-NONE-ABAR-WH-,T,WH,NP,NP,OBJ,OBJ,WHNP-1-<INANIM>,WHNP,MQ,MQ_OBJ,
22308,0,what color is that?,1.0,-NONE-ABAR-WH-,T,WH,NP,NP,OBJ,OBJ,WHNP-1-<INANIM>,WHNP,MQ,MQ_OBJ,
22310,0,"that's not brown, what color is that?",1.0,-NONE-ABAR-WH-,T,WH,NP,NP,OBJ,OBJ,WHNP-1-<INANIM>,WHNP,MQ,MQ_OBJ,
22312,0,what color is that?,1.0,-NONE-ABAR-WH-,T,WH,NP,NP,OBJ,OBJ,WHNP-1-<INANIM>,WHNP,MQ,MQ_OBJ,
22314,0,what color is this?,1.0,-NONE-ABAR-WH-,T,WH,NP,NP,OBJ,OBJ,WHNP-1-<INANIM>,WHNP,MQ,MQ_OBJ,
22315,0,how come this isn't red?,1.0,-NONE-ABAR-WH-,T,WH,ADVP,ADVP,ADJUNCT,ADJUNCT,WHADVP-1,WHADVP,MQ,MQ_ADJUNCT,
22340,0,let's see what I have.,1.0,-NONE-ABAR-RC-,T,RC,NP,NP,OBJ,OBJ,WHNP-1-<INANIM>-<THEME-V3>,WHNP,EQ,EQ_OBJ,see
22347,0,how many are there?,1.0,-NONE-ABAR-WH-,T,WH,NP,NP,OBJ,OBJ,WHNP-1-<INANIM>,WHNP,MQ,MQ_OBJ,
22348,0,how many are there?,1.0,-NONE-ABAR-WH-,T,WH,NP,NP,OBJ,OBJ,WHNP-1-<INANIM>,WHNP,MQ,MQ_OBJ,
22354,0,did you see where it went?,1.0,-NONE-ABAR-RC-,T,RC,ADVP,ADVP,ADJUNCT,ADJUNCT,WHADVP-1,WHADVP,EQ,EQ_ADJUNCT,see
22356,0,stand up so we can see where it went.,1.0,-NONE-ABAR-RC-,T,RC,ADVP,ADVP,ADJUNCT,ADJUNCT,WHADVP-1,WHADVP,EQ,EQ_ADJUNCT,see
22359,0,"they're actually not that easy to lose, especially if they're red.",,,,POLAR,,,,POLAR,,,EQ,EQ_POLAR,lose
22361,0,why do you think that?,1.0,-NONE-ABAR-WH-,T,WH,ADVP,ADVP,ADJUNCT,ADJUNCT,WHADVP-1,WHADVP,MQ,MQ_ADJUNCT,
22363,0,how many are there now?,1.0,-NONE-ABAR-WH-,T,WH,NP,NP,OBJ,OBJ,WHNP-1-<INANIM>,WHNP,MQ,MQ_OBJ,
22364,0,how many is that?,1.0,-NONE-ABAR-WH-,T,WH,NP,NP,ADJUNCT,ADJUNCT,WHNP-1-<INANIM>,WHNP,MQ,MQ_ADJUNCT,
22368,0,how many is that?,1.0,-NONE-ABAR-WH-,T,WH,NP,NP,OBJ,OBJ,WHNP-1-<INANIM>,WHNP,MQ,MQ_OBJ,
22370,0,how many is this one too?,1.0,-NONE-ABAR-WH-,T,WH,NP,NP,OBJ,OBJ,WHNP-1-<INANIM>,WHNP,MQ,MQ_OBJ,
22371,0,and how many are there all together?,1.0,-NONE-ABAR-WH-,T,WH,NP,NP,OBJ,OBJ,WHNP-1-<INANIM>,WHNP,EQ,EQ_OBJ,
22372,0,how many are there all together?,1.0,-NONE-ABAR-WH-,T,WH,NP,NP,OBJ,OBJ,WHNP-1-<INANIM>,WHNP,MQ,MQ_OBJ,
22375,0,how much is two plus two?,1.0,-NONE-ABAR-WH-,T,WH,NP,NP,OBJ,OBJ,WHNP-1-<INANIM>,WHNP,MQ,MQ_OBJ,
22379,0,how many is there?,1.0,-NONE-ABAR-WH-,T,WH,NP,NP,OBJ,OBJ,WHNP-1-<INANIM>,WHNP,MQ,MQ_OBJ,
22387,0,"well, if those aren't toys I don't know what is.",,,,POLAR,,,,POLAR,,,EQ,EQ_POLAR,
22387,1,"well, if those aren't toys I don't know what is.",2.0,-NONE-ABAR-WH-,T,WH,NP,NP,SUBJ,SUBJ,WHNP-2-<INANIM>,WHNP,EQ,EQ_SUBJ,know
22395,0,what are you checking?,1.0,-NONE-ABAR-WH-,T,WH,NP,NP,OBJ,OBJ,WHNP-1-<INANIM>-<PATIENT-V1>,WHNP,MQ,MQ_OBJ,
22403,0,how are they different?,1.0,-NONE-ABAR-WH-,T,WH,ADVP,ADVP,ADJUNCT,ADJUNCT,WHADVP-1,WHADVP,MQ,MQ_ADJUNCT,
22404,0,how come it's different?,1.0,-NONE-ABAR-WH-,T,WH,ADVP,ADVP,ADJUNCT,ADJUNCT,WHADVP-1,WHADVP,MQ,MQ_ADJUNCT,
22406,0,you know what we can use these as?,1.0,-NONE-ABAR-WH-,T,WH,NP,NP,OBJ,OBJ,WHNP-1-<INANIM>-<THEME-V2>,WHNP,EQ,EQ_OBJ,know
22408,0,what am I pretending they are?,1.0,-NONE-ABAR-WH-,T,WH,NP,NP,OBJ,OBJ,WHNP-1-<INANIM>,WHNP,EQ,EQ_OBJ,pretending
22410,0,what do you build a tower with?,1.0,-NONE-ABAR-WH-,T,WH,NP,NP,OBJ,OBJ,WHNP-1-<INANIM>-<INSTR-V1>,WHNP,MQ,MQ_OBJ,
22411,0,what did I pretend that was?,1.0,-NONE-ABAR-WH-,T,WH,NP,NP,OBJ,OBJ,WHNP-1-<INANIM>,WHNP,EQ,EQ_OBJ,pretend
22417,0,what am I doing?,1.0,-NONE-ABAR-WH-,T,WH,NP,NP,OBJ,OBJ,WHNP-1-<INANIM>-<PATIENT-V1>,WHNP,MQ,MQ_OBJ,
22419,0,now what are you doing?,1.0,-NONE-ABAR-WH-,T,WH,NP,NP,OBJ,OBJ,WHNP-1-<INANIM>-<PATIENT-V1>,WHNP,MQ,MQ_OBJ,
22421,0,"what are you doing, Child?",1.0,-NONE-ABAR-WH-,T,WH,NP,NP,OBJ,OBJ,WHNP-1-<INANIM>-<PATIENT-V1>,WHNP,MQ,MQ_OBJ,
22424,0,where's the other one?,1.0,-NONE-ABAR-WH-,T,WH,ADVP,ADVP,ADJUNCT,ADJUNCT,WHADVP-1,WHADVP,MQ,MQ_ADJUNCT,
22433,0,but you know what you can put?,1.0,-NONE-ABAR-WH-,T,WH,NP,NP,OBJ,OBJ,WHNP-1-<INANIM>-<PATIENT-V2>,WHNP,EQ,EQ_OBJ,know
22434,0,you know what you could do?,1.0,-NONE-ABAR-WH-,T,WH,NP,NP,OBJ,OBJ,WHNP-1-<INANIM>-<PATIENT-V2>,WHNP,EQ,EQ_OBJ,know
22436,0,what are you going to do there?,1.0,-NONE-ABAR-WH-,T,WH,NP,NP,OBJ,OBJ,WHNP-1-<INANIM>-<PATIENT-V1>,WHNP,MQ,MQ_OBJ,
22437,0,now why didn't that work?,1.0,-NONE-ABAR-WH-,T,WH,ADVP,ADVP,ADJUNCT,ADJUNCT,WHADVP-1,WHADVP,MQ,MQ_ADJUNCT,
22440,0,which one was so big?,1.0,-NONE-ABAR-WH-,T,WH,NP,NP,SUBJ,SUBJ,WHNP-1-<INANIM>,WHNP,MQ,MQ_SUBJ,
22455,0,"Child, now what are you doing?",1.0,-NONE-ABAR-WH-,T,WH,NP,NP,OBJ,OBJ,WHNP-1-<INANIM>-<PATIENT-V1>,WHNP,MQ,MQ_OBJ,
22456,0,now what are you doing?,1.0,-NONE-ABAR-WH-,T,WH,NP,NP,OBJ,OBJ,WHNP-1-<INANIM>-<PATIENT-V1>,WHNP,MQ,MQ_OBJ,
22458,0,you know who else Investigator goes to play with?,1.0,-NONE-ABAR-WH-,T,WH,NP,NP,OBJ,OBJ,WHNP-1-<ANIM>-<PATIENT-V2>,WHNP,EQ,EQ_OBJ,know
22459,0,if you don't play with me Investigator will play with you?,,,,POLAR,,,,POLAR,,,EQ,EQ_POLAR,
22461,0,do you know who else Investigator goes and plays with?,1.0,-NONE-ABAR-WH-,T,WH,NP,NP,OBJ,OBJ,WHNP-1-<ANIM>-<PATIENT-V3>,WHNP,EQ,EQ_OBJ,know
22463,0,what's not there?,1.0,-NONE-ABAR-WH-,T,WH,NP,NP,SUBJ,SUBJ,WHNP-1-<INANIM>,WHNP,MQ,MQ_SUBJ,
22464,0,what's not there?,1.0,-NONE-ABAR-WH-,T,WH,NP,NP,SUBJ,SUBJ,WHNP-1-<INANIM>,WHNP,MQ,MQ_SUBJ,
22469,0,do you think it's the thing that's missing?,1.0,-NONE-ABAR-RC-,T,RC,NP,NP,SUBJ,SUBJ,WHNP-1-<INANIM>-<THEME-V2>,WHNP,RC,RC_SUBJ,
22471,0,how many just fell?,1.0,-NONE-ABAR-WH-,T,WH,NP,NP,SUBJ,SUBJ,WHNP-1-<INANIM>,WHNP,MQ,MQ_SUBJ,
22474,0,is that why you did that?,1.0,-NONE-ABAR-RC-,T,RC,ADVP,ADVP,ADJUNCT,ADJUNCT,WHADVP-1,WHADVP,EQ,EQ_ADJUNCT,did
22484,0,where does the water come from?,1.0,-NONE-ABAR-WH-,T,WH,ADVP,ADVP,ADJUNCT,ADJUNCT,WHADVP-1,WHADVP,MQ,MQ_ADJUNCT,
22485,0,from the faucet that she turned on?,1.0,-NONE-ABAR-RC-,T,RC,NP,NP,OBJ,OBJ,WHNP-1-<INANIM>-<PATIENT-V1>,WHNP,RC,RC_OBJ,
22487,0,now what's this story?,1.0,-NONE-ABAR-WH-,T,WH,NP,NP,OBJ,OBJ,WHNP-1-<INANIM>,WHNP,MQ,MQ_OBJ,
22491,0,then what happens?,1.0,-NONE-ABAR-WH-,T,WH,NP,NP,SUBJ,SUBJ,WHNP-1-<INANIM>-<THEME-V1>,WHNP,MQ,MQ_SUBJ,
22502,0,what else did we see at the museum?,1.0,-NONE-ABAR-WH-,T,WH,NP,NP,OBJ,OBJ,WHNP-1-<INANIM>-<SUBJMATT-V1>,WHNP,MQ,MQ_OBJ,
22506,0,what happens?,1.0,-NONE-ABAR-WH-,T,WH,NP,NP,SUBJ,SUBJ,WHNP-1-<INANIM>-<THEME-V1>,WHNP,MQ,MQ_SUBJ,
22511,0,what were you doing *T*-1 when you did it?,2.0,-NONE-ABAR-RC-,T,RC,ADVP,ADVP,ADJUNCT,ADJUNCT,WHADVP-2,WHADVP,EQ,EQ_ADJUNCT,doing
22513,0,what did we see at the museum?,1.0,-NONE-ABAR-WH-,T,WH,NP,NP,OBJ,OBJ,WHNP-1-<INANIM>-<SUBJMATT-V1>,WHNP,MQ,MQ_OBJ,
22514,0,what did we see?,1.0,-NONE-ABAR-WH-,T,WH,NP,NP,OBJ,OBJ,WHNP-1-<INANIM>-<SUBJMATT-V1>,WHNP,MQ,MQ_OBJ,
22520,0,how did we make him roar?,1.0,-NONE-ABAR-WH-,T,WH,ADVP,ADVP,ADJUNCT,ADJUNCT,WHADVP-1,WHADVP,MQ,MQ_ADJUNCT,
22521,0,you don't know what made him roar?,1.0,-NONE-ABAR-WH-,T,WH,NP,NP,SUBJ,SUBJ,WHNP-1-<INANIM>-<CAUSER-V2>,WHNP,EQ,EQ_SUBJ,know
22523,0,what did we do?,1.0,-NONE-ABAR-WH-,T,WH,NP,NP,OBJ,OBJ,WHNP-1-<ANIM>-<PATIENT-V1>,WHNP,MQ,MQ_OBJ,
22526,0,"now what are those, Child?",1.0,-NONE-ABAR-WH-,T,WH,NP,NP,OBJ,OBJ,WHNP-1-<INANIM>,WHNP,MQ,MQ_OBJ,
22527,0,why are you whispering?,1.0,-NONE-ABAR-WH-,T,WH,ADVP,ADVP,ADJUNCT,ADJUNCT,WHADVP-1,WHADVP,MQ,MQ_ADJUNCT,
22528,0,what would you like to play with?,1.0,-NONE-ABAR-WH-,T,WH,NP,NP,OBJ,OBJ,WHNP-1-<INANIM>-<PATIENT-V2>,WHNP,MQ,MQ_OBJ,
22531,0,"or let's see, what else can we play with?",1.0,-NONE-ABAR-RC-,T,RC,NP,NP,OBJ,OBJ,WHNP-1-<INANIM>-<PATIENT-V3>,WHNP,MQ,MQ_OBJ,
22532,0,what do you want?,1.0,-NONE-ABAR-WH-,T,WH,NP,NP,OBJ,OBJ,WHNP-1-<INANIM>-<SUBJMATT-V1>,WHNP,MQ,MQ_OBJ,
22533,0,what we can do with them.,1.0,-NONE-ABAR-RC-,T,RC,NP,NP,OBJ,OBJ,WHNP-1-<INANIM>-<THEME-V1>,WHNP,EQ,EQ_OBJ,
22535,0,why don't you tell us?,1.0,-NONE-ABAR-WH-,T,WH,ADVP,ADVP,ADJUNCT,ADJUNCT,WHADVP-1,WHADVP,MQ,MQ_ADJUNCT,
22536,0,why would he go in the bathtub?,1.0,-NONE-ABAR-WH-,T,WH,ADVP,ADVP,ADJUNCT,ADJUNCT,WHADVP-1,WHADVP,MQ,MQ_ADJUNCT,
22537,0,where's the soap?,1.0,-NONE-ABAR-WH-,T,WH,ADVP,ADVP,ADJUNCT,ADJUNCT,WHADVP-1,WHADVP,MQ,MQ_ADJUNCT,
22539,0,what are you doing?,1.0,-NONE-ABAR-WH-,T,WH,NP,NP,OBJ,OBJ,WHNP-1-<INANIM>-<PATIENT-V1>,WHNP,MQ,MQ_OBJ,
22541,0,who's the baby's mommy?,1.0,-NONE-ABAR-WH-,T,WH,NP,NP,OBJ,OBJ,WHNP-1-<INANIM>,WHNP,MQ,MQ_OBJ,
22550,0,how many are there?,1.0,-NONE-ABAR-WH-,T,WH,NP,NP,OBJ,OBJ,WHNP-1-<INANIM>,WHNP,MQ,MQ_OBJ,
22551,0,"what are you doing, Child?",1.0,-NONE-ABAR-WH-,T,WH,NP,NP,OBJ,OBJ,WHNP-1-<INANIM>-<PATIENT-V1>,WHNP,MQ,MQ_OBJ,
22552,0,where are you finding it?,1.0,-NONE-ABAR-WH-,T,WH,ADVP,ADVP,ADJUNCT,ADJUNCT,WHADVP-1,WHADVP,MQ,MQ_ADJUNCT,
22564,0,"now what does that mean, Child?",1.0,-NONE-ABAR-WH-,T,WH,NP,NP,OBJ,OBJ,WHNP-1-<INANIM>-<SUBJMATT-V1>,WHNP,MQ,MQ_OBJ,
22567,0,"yeah, Investigator doesn't know how to play with those toys.",1.0,-NONE-ABAR-RC-,T,RC,ADVP,ADVP,ADJUNCT,ADJUNCT,WHADVP-1,WHADVP,EQ,EQ_ADJUNCT,know
22569,0,now which one is the mommy and which one is the daddy and which one,1.0,-NONE-ABAR-WH-,T,WH,NP,NP,OBJ,OBJ,WHNP-1-<INANIM>,WHNP,EQ,EQ_OBJ,
22569,1,now which one is the mommy and which one is the daddy and which one,2.0,-NONE-ABAR-WH-,T,WH,NP,NP,OBJ,OBJ,WHNP-2-<INANIM>,WHNP,EQ,EQ_OBJ,
22571,0,what happens to the baby now?,1.0,-NONE-ABAR-WH-,T,WH,NP,NP,SUBJ,SUBJ,WHNP-1-<INANIM>-<THEME-V1>,WHNP,MQ,MQ_SUBJ,
22572,0,why shouldn't I?,1.0,-NONE-ABAR-WH-,T,WH,ADVP,ADVP,ADJUNCT,ADJUNCT,WHADVP-1,WHADVP,MQ,MQ_ADJUNCT,
22574,0,look what's over there.,1.0,-NONE-ABAR-RC-,T,RC,NP,NP,SUBJ,SUBJ,WHNP-1-<INANIM>,WHNP,EQ,EQ_SUBJ,look
22575,0,look what's here.,1.0,-NONE-ABAR-RC-,T,RC,NP,NP,SUBJ,SUBJ,WHNP-1-<INANIM>,WHNP,EQ,EQ_SUBJ,look
22576,0,what's that?,1.0,-NONE-ABAR-WH-,T,WH,NP,NP,OBJ,OBJ,WHNP-1-<INANIM>,WHNP,MQ,MQ_OBJ,
22578,0,who's going to change the elephant's diapers?,1.0,-NONE-ABAR-WH-,T,WH,NP-2,NP,SUBJ,SUBJ,WHNP-1-<ANIM>-<AGENT-V1>,WHNP,MQ,MQ_SUBJ,
22588,0,who is that?,1.0,-NONE-ABAR-WH-,T,WH,NP,NP,OBJ,OBJ,WHNP-1-<INANIM>,WHNP,MQ,MQ_OBJ,
22597,0,how do you know?,1.0,-NONE-ABAR-WH-,T,WH,ADVP,ADVP,ADJUNCT,ADJUNCT,WHADVP-1,WHADVP,MQ,MQ_ADJUNCT,
22603,0,do you know who this person is?,1.0,-NONE-ABAR-WH-,T,WH,NP,NP,OBJ,OBJ,WHNP-1-<ANIM>,WHNP,EQ,EQ_OBJ,know
22611,0,"please, show him what to do with the tables and chairs.",1.0,-NONE-ABAR-RC-,T,RC,NP,NP,OBJ,OBJ,WHNP-1-<INANIM>-<THEME-V2>,WHNP,EQ,EQ_OBJ,show
22612,0,what does that mean?,1.0,-NONE-ABAR-WH-,T,WH,NP,NP,OBJ,OBJ,WHNP-1-<INANIM>-<SUBJMATT-V1>,WHNP,MQ,MQ_OBJ,
22621,0,what color is it?,1.0,-NONE-ABAR-WH-,T,WH,NP,NP,OBJ,OBJ,WHNP-1-<INANIM>,WHNP,MQ,MQ_OBJ,
22627,0,what's a red one then?,1.0,-NONE-ABAR-WH-,T,WH,NP,NP,OBJ,OBJ,WHNP-1-<INANIM>,WHNP,MQ,MQ_OBJ,
22633,0,"well, that's not the one *NULL* you unbuckle.",1.0,-NONE-ABAR-RC-,T,RC,NP,NP,OBJ,OBJ,WHNP-1-<INANIM>-<PATIENT-V1>,WHNP,RC,RC_OBJ,
22639,0,let's see if you can take it out.,,,,POLAR,,,,POLAR,,,EQ,EQ_POLAR,see
22653,0,"where did Daddy go, Child?",1.0,-NONE-ABAR-WH-,T,WH,ADVP,ADVP,ADJUNCT,ADJUNCT,WHADVP-1,WHADVP,MQ,MQ_ADJUNCT,
22659,0,"okay, Child, what shall we look at?",1.0,-NONE-ABAR-WH-,T,WH,NP,NP,OBJ,OBJ,WHNP-1-<INANIM>-<PATIENT-V1>,WHNP,MQ,MQ_OBJ,
22660,0,what do you think is in there?,1.0,-NONE-ABAR-WH-,T,WH,NP,NP,SUBJ,SUBJ,WHNP-1-<INANIM>,WHNP,EQ,EQ_SUBJ,think
22661,0,where's the top?,1.0,-NONE-ABAR-WH-,T,WH,ADVP,ADVP,ADJUNCT,ADJUNCT,WHADVP-1,WHADVP,MQ,MQ_ADJUNCT,
22667,0,I was just wondering what kind of feedback we'd get.,1.0,-NONE-ABAR-WH-,T,WH,NP,NP,OBJ,OBJ,WHNP-1-<INANIM>-<PATIENT-V2>,WHNP,EQ,EQ_OBJ,wondering
22671,0,before it's in publication the parents can see what it's like.,2.0,-NONE-ABAR-RC-,T,RC,NP,NP,OBJ,OBJ,WHNP-2-<INANIM>,WHNP,EQ,EQ_OBJ,see
22676,0,now what are you doing there?,1.0,-NONE-ABAR-WH-,T,WH,NP,NP,OBJ,OBJ,WHNP-1-<INANIM>-<PATIENT-V2>,WHNP,MQ,MQ_OBJ,
22677,0,what's that?,1.0,-NONE-ABAR-WH-,T,WH,NP,NP,OBJ,OBJ,WHNP-1-<INANIM>,WHNP,MQ,MQ_OBJ,
22686,0,what kind of tea is this?,1.0,-NONE-ABAR-WH-,T,WH,NP,NP,OBJ,OBJ,WHNP-1-<INANIM>,WHNP,MQ,MQ_OBJ,
22703,0,where's her checkbook?,1.0,-NONE-ABAR-WH-,T,WH,ADVP,ADVP,ADJUNCT,ADJUNCT,WHADVP-1,WHADVP,MQ,MQ_ADJUNCT,
22710,0,I want something *NULL* to eat.,1.0,-NONE-ABAR-RC-,T,RC,NP,NP,OBJ,OBJ,WHNP-1-<INANIM>-<PATIENT-V2>,WHNP,RC,RC_OBJ,
22711,0,what can I have *NULL* to eat?,1.0,-NONE-ABAR-WH-,T,WH,NP,NP,ADJUNCT,ADJUNCT,WHNP-1-<INANIM>,WHNP,MQ,MQ_ADJUNCT,
22711,1,what can I have *NULL* to eat?,2.0,-NONE-ABAR-RC-,T,RC,NP,NP,OBJ,OBJ,WHNP-2-<INANIM>-<PATIENT-V2>,WHNP,RC,RC_OBJ,
22713,0,where is it?,1.0,-NONE-ABAR-WH-,T,WH,ADVP,ADVP,ADJUNCT,ADJUNCT,WHADVP-1,WHADVP,MQ,MQ_ADJUNCT,
22727,0,where's my cheese anyway?,1.0,-NONE-ABAR-WH-,T,WH,ADVP,ADVP,ADJUNCT,ADJUNCT,WHADVP-1,WHADVP,MQ,MQ_ADJUNCT,
22728,0,where is it?,1.0,-NONE-ABAR-WH-,T,WH,ADVP,ADVP,ADJUNCT,ADJUNCT,WHADVP-1,WHADVP,MQ,MQ_ADJUNCT,
22729,0,"well, why don't you get it out?",1.0,-NONE-ABAR-WH-,T,WH,ADVP,ADVP,ADJUNCT,ADJUNCT,WHADVP-1,WHADVP,MQ,MQ_ADJUNCT,
22734,0,what are you going to do with them?,1.0,-NONE-ABAR-WH-,T,WH,NP,NP,OBJ,OBJ,WHNP-1-<INANIM>-<THEME-V1>,WHNP,MQ,MQ_OBJ,
22739,0,how many are there?,1.0,-NONE-ABAR-WH-,T,WH,NP,NP,OBJ,OBJ,WHNP-1-<INANIM>,WHNP,MQ,MQ_OBJ,
22745,0,what kind of spoon would I like?,1.0,-NONE-ABAR-WH-,T,WH,NP,NP,OBJ,OBJ,WHNP-1-<INANIM>-<SUBJMATT-V1>,WHNP,MQ,MQ_OBJ,
22751,0,"well, what are you going to do with another fork?",1.0,-NONE-ABAR-WH-,T,WH,NP,NP,OBJ,OBJ,WHNP-1-<INANIM>-<THEME-V1>,WHNP,MQ,MQ_OBJ,
22756,0,what do you think that says?,1.0,-NONE-ABAR-WH-,T,WH,NP,NP,OBJ,OBJ,WHNP-1-<INANIM>-<PATIENT-V2>,WHNP,EQ,EQ_OBJ,think
22757,0,what do you think it says?,1.0,-NONE-ABAR-WH-,T,WH,NP,NP,OBJ,OBJ,WHNP-1-<INANIM>-<PATIENT-V2>,WHNP,EQ,EQ_OBJ,think
22768,0,how many cups do you think there are here?,1.0,-NONE-ABAR-WH-,T,WH,NP,NP,OBJ,OBJ,WHNP-1-<INANIM>,WHNP,EQ,EQ_OBJ,think
22771,0,how many cups of tea are there here?,1.0,-NONE-ABAR-WH-,T,WH,NP,NP,OBJ,OBJ,WHNP-1-<INANIM>,WHNP,MQ,MQ_OBJ,
22781,0,what do you think that is?,1.0,-NONE-ABAR-WH-,T,WH,NP,NP,OBJ,OBJ,WHNP-1-<INANIM>,WHNP,EQ,EQ_OBJ,think
22788,0,how many spoons are there?,1.0,-NONE-ABAR-WH-,T,WH,NP,NP,OBJ,OBJ,WHNP-1-<INANIM>,WHNP,MQ,MQ_OBJ,
22792,0,how did that happen?,1.0,-NONE-ABAR-WH-,T,WH,ADVP,ADVP,ADJUNCT,ADJUNCT,WHADVP-1,WHADVP,MQ,MQ_ADJUNCT,
22798,0,who should I call?,1.0,-NONE-ABAR-WH-,T,WH,NP,NP,OBJ,OBJ,WHNP-1-<ANIM>-<GOAL-V1>,WHNP,MQ,MQ_OBJ,
22800,0,who should we call?,1.0,-NONE-ABAR-WH-,T,WH,NP,NP,OBJ,OBJ,WHNP-1-<ANIM>-<GOAL-V1>,WHNP,MQ,MQ_OBJ,
22802,0,where is he?,1.0,-NONE-ABAR-WH-,T,WH,ADVP,ADVP,ADJUNCT,ADJUNCT,WHADVP-1,WHADVP,MQ,MQ_ADJUNCT,
22811,0,where is he going?,1.0,-NONE-ABAR-WH-,T,WH,ADVP,ADVP,ADJUNCT,ADJUNCT,WHADVP-1,WHADVP,MQ,MQ_ADJUNCT,
22812,0,he's in the airplane but where is he going?,1.0,-NONE-ABAR-WH-,T,WH,ADVP,ADVP,ADJUNCT,ADJUNCT,WHADVP-1,WHADVP,EQ,EQ_ADJUNCT,
22814,0,what does he do there?,1.0,-NONE-ABAR-WH-,T,WH,NP,NP,OBJ,OBJ,WHNP-1-<INANIM>-<PATIENT-V1>,WHNP,MQ,MQ_OBJ,
22818,0,what does he do with the toys?,1.0,-NONE-ABAR-WH-,T,WH,NP,NP,OBJ,OBJ,WHNP-1-<INANIM>-<THEME-V1>,WHNP,MQ,MQ_OBJ,
22835,0,and where is he now?,1.0,-NONE-ABAR-WH-,T,WH,ADVP,ADVP,ADJUNCT,ADJUNCT,WHADVP-1,WHADVP,EQ,EQ_ADJUNCT,
22840,0,why did he say he wasn't?,1.0,-NONE-ABAR-WH-,T,WH,ADVP,ADVP,ADJUNCT,ADJUNCT,WHADVP-1,WHADVP,MQ,MQ_ADJUNCT,
22844,0,who are you calling now?,1.0,-NONE-ABAR-WH-,T,WH,NP,NP,OBJ,OBJ,WHNP-1-<ANIM>-<PATIENT-V1>,WHNP,MQ,MQ_OBJ,
22859,0,what did she say?,1.0,-NONE-ABAR-WH-,T,WH,NP,NP,OBJ,OBJ,WHNP-1-<INANIM>-<THEME-V1>,WHNP,MQ,MQ_OBJ,
22863,0,"ok, who shall we call now?",1.0,-NONE-ABAR-WH-,T,WH,NP,NP,OBJ,OBJ,WHNP-1-<ANIM>-<PATIENT-V1>,WHNP,MQ,MQ_OBJ,
22879,0,now what are you doing?,1.0,-NONE-ABAR-WH-,T,WH,NP,NP,OBJ,OBJ,WHNP-1-<INANIM>-<PATIENT-V1>,WHNP,MQ,MQ_OBJ,
22888,0,which one do you want to look at?,1.0,-NONE-ABAR-WH-,T,WH,NP,NP,OBJ,OBJ,WHNP-1-<INANIM>-<PATIENT-V2>,WHNP,MQ,MQ_OBJ,
22889,0,"oh, which one do you want to look at?",1.0,-NONE-ABAR-WH-,T,WH,NP,NP,OBJ,OBJ,WHNP-1-<INANIM>-<PATIENT-V2>,WHNP,MQ,MQ_OBJ,
22905,0,"oop, what do you think of this?",1.0,-NONE-ABAR-WH-,T,WH,NP,NP,OBJ,OBJ,WHNP-1-<INANIM>-<SUBJMATT-V1>,WHNP,MQ,MQ_OBJ,
22921,0,what do you want for lunch today?,1.0,-NONE-ABAR-WH-,T,WH,NP,NP,OBJ,OBJ,WHNP-1-<INANIM>-<SUBJMATT-V1>,WHNP,MQ,MQ_OBJ,
22924,0,what do you say?,1.0,-NONE-ABAR-WH-,T,WH,NP,NP,OBJ,OBJ,WHNP-1-<INANIM>-<THEME-V1>,WHNP,MQ,MQ_OBJ,
22930,0,"hey, where are all the knives?",1.0,-NONE-ABAR-WH-,T,WH,ADVP,ADVP,ADJUNCT,ADJUNCT,WHADVP-1,WHADVP,MQ,MQ_ADJUNCT,
22933,0,how many spoons are up here?,1.0,-NONE-ABAR-WH-,T,WH,NP,NP,SUBJ,SUBJ,WHNP-1-<INANIM>,WHNP,MQ,MQ_SUBJ,
22939,0,what's that?,1.0,-NONE-ABAR-WH-,T,WH,NP,NP,OBJ,OBJ,WHNP-1-<INANIM>,WHNP,MQ,MQ_OBJ,
22952,0,what does that knob do?,1.0,-NONE-ABAR-WH-,T,WH,NP,NP,OBJ,OBJ,WHNP-1-<INANIM>-<PATIENT-V1>,WHNP,MQ,MQ_OBJ,
22956,0,you just have to tell me how to get in.,2.0,-NONE-ABAR-WH-,T,WH,ADVP,ADVP,ADJUNCT,ADJUNCT,WHADVP-2,WHADVP,EQ,EQ_ADJUNCT,tell
22960,0,it was a big mistake *NULL* I made.,1.0,-NONE-ABAR-RC-,T,RC,NP,NP,OBJ,OBJ,WHNP-1-<INANIM>-<PATIENT-V1>,WHNP,RC,RC_OBJ,
22962,0,do you remember when you were here before?,1.0,-NONE-ABAR-WH-,T,WH,ADVP,ADVP,ADJUNCT,ADJUNCT,WHADVP-1,WHADVP,EQ,EQ_ADJUNCT,remember
22970,0,you want to see what some of them are?,1.0,-NONE-ABAR-RC-,T,RC,NP,NP,OBJ,OBJ,WHNP-1-<INANIM>,WHNP,EQ,EQ_OBJ,see
22973,0,what do you think?,1.0,-NONE-ABAR-RC-,T,RC,NP,NP,OBJ,OBJ,WHNP-1-<INANIM>-<SUBJMATT-V1>,WHNP,MQ,MQ_OBJ,
22974,0,are you curious about what's in my bag?,1.0,-NONE-ABAR-RC-,T,RC,NP,NP,SUBJ,SUBJ,WHNP-1-<INANIM>,WHNP,EQ,EQ_SUBJ,
22984,0,you want to hear one of the noises *NULL* it makes?,1.0,-NONE-ABAR-RC-,T,RC,NP,NP,OBJ,OBJ,WHNP-1-<INANIM>-<PATIENT-V2>,WHNP,RC,RC_OBJ,
22989,0,"you know what those are, huh?",1.0,-NONE-ABAR-RC-,T,RC,NP,NP,OBJ,OBJ,WHNP-1-<INANIM>,WHNP,EQ,EQ_OBJ,know
22991,0,you want to see what's in here?,1.0,-NONE-ABAR-RC-,T,RC,NP,NP,SUBJ,SUBJ,WHNP-1-<INANIM>,WHNP,EQ,EQ_SUBJ,see
22994,0,why don't you look?,1.0,-NONE-ABAR-WH-,T,WH,ADVP,ADVP,ADJUNCT,ADJUNCT,WHADVP-1,WHADVP,MQ,MQ_ADJUNCT,
22996,0,"you really remember where everything is, don't you?",1.0,-NONE-ABAR-RC-,T,RC,ADVP,ADVP,ADJUNCT,ADJUNCT,WHADVP-1,WHADVP,EQ,EQ_ADJUNCT,remember
22998,0,why don't you pour some tea for the duck?,1.0,-NONE-ABAR-WH-,T,WH,ADVP,ADVP,ADJUNCT,ADJUNCT,WHADVP-1,WHADVP,MQ,MQ_ADJUNCT,
23001,0,could you give the duck something *NULL* to drink?,1.0,-NONE-ABAR-RC-,T,RC,NP,NP,OBJ,OBJ,WHNP-1-<INANIM>-<PATIENT-V2>,WHNP,RC,RC_OBJ,
23008,0,where are they going?,1.0,-NONE-ABAR-WH-,T,WH,ADVP,ADVP,ADJUNCT,ADJUNCT,WHADVP-1,WHADVP,MQ,MQ_ADJUNCT,
23010,0,and then where are they going?,1.0,-NONE-ABAR-WH-,T,WH,ADVP,ADVP,ADJUNCT,ADJUNCT,WHADVP-1,WHADVP,EQ,EQ_ADJUNCT,
23020,0,what's down there?,1.0,-NONE-ABAR-WH-,T,WH,NP,NP,SUBJ,SUBJ,WHNP-1-<INANIM>,WHNP,MQ,MQ_SUBJ,
23027,0,want to see some of the other animals *NULL* I have?,1.0,-NONE-ABAR-RC-,T,RC,NP,NP,OBJ,OBJ,WHNP-1-<INANIM>-<THEME-V3>,WHNP,RC,RC_OBJ,
23032,0,what are those?,1.0,-NONE-ABAR-WH-,T,WH,NP,NP,OBJ,OBJ,WHNP-1-<INANIM>,WHNP,MQ,MQ_OBJ,
23033,0,"I don't know, you tell me what those are.",1.0,-NONE-ABAR-RC-,T,RC,NP,NP,OBJ,OBJ,WHNP-1-<INANIM>,WHNP,EQ,EQ_OBJ,tell
23040,0,what are you going to use chalk for?,1.0,-NONE-ABAR-WH-,T,WH,NP,NP,OBJ,OBJ,WHNP-1-<INANIM>,WHNP,MQ,MQ_OBJ,
23041,0,what are they doing?,1.0,-NONE-ABAR-WH-,T,WH,NP,NP,OBJ,OBJ,WHNP-1-<INANIM>-<PATIENT-V1>,WHNP,MQ,MQ_OBJ,
23043,0,what do you think they're doing?,1.0,-NONE-ABAR-WH-,T,WH,NP,NP,OBJ,OBJ,WHNP-1-<INANIM>-<PATIENT-V2>,WHNP,EQ,EQ_OBJ,think
23056,0,what do you do with those?,1.0,-NONE-ABAR-WH-,T,WH,NP,NP,OBJ,OBJ,WHNP-1-<INANIM>-<THEME-V1>,WHNP,MQ,MQ_OBJ,
23059,0,"you know what this is called, Child?",1.0,-NONE-ABAR-WH-,T,WH,NP,NP,OBJ,OBJ,WHNP-1-<INANIM>-<THEME-V2>,WHNP,EQ,EQ_OBJ,know
23067,0,"well, see if you can find out.",,,,POLAR,,,,POLAR,,,EQ,EQ_POLAR,see
23071,0,"yeah, should we take these off and see if you can figure out where",,,,POLAR,,,,POLAR,,,EQ,EQ_POLAR,see
23072,0,how many fit?,1.0,-NONE-ABAR-WH-,T,WH,NP,NP,SUBJ,SUBJ,WHNP-1-<INANIM>-<THEME-V1>,WHNP,MQ,MQ_SUBJ,
23079,0,what is down there?,1.0,-NONE-ABAR-WH-,T,WH,NP,NP,SUBJ,SUBJ,WHNP-1-<INANIM>,WHNP,MQ,MQ_SUBJ,
23087,0,where's your snap button?,1.0,-NONE-ABAR-WH-,T,WH,ADVP,ADVP,ADJUNCT,ADJUNCT,WHADVP-1,WHADVP,MQ,MQ_ADJUNCT,
23090,0,why are they sticky?,1.0,-NONE-ABAR-WH-,T,WH,ADVP,ADVP,ADJUNCT,ADJUNCT,WHADVP-1,WHADVP,MQ,MQ_ADJUNCT,
23094,0,how many of these are there?,1.0,-NONE-ABAR-WH-,T,WH,NP,NP,OBJ,OBJ,WHNP-1-<INANIM>,WHNP,MQ,MQ_OBJ,
23111,0,where do these go?,1.0,-NONE-ABAR-WH-,T,WH,ADVP,ADVP,ADJUNCT,ADJUNCT,WHADVP-1,WHADVP,MQ,MQ_ADJUNCT,
23112,0,where do these go?,1.0,-NONE-ABAR-WH-,T,WH,ADVP,ADVP,ADJUNCT,ADJUNCT,WHADVP-1,WHADVP,MQ,MQ_ADJUNCT,
23117,0,what is there?,1.0,-NONE-ABAR-WH-,T,WH,NP,NP,SUBJ,SUBJ,WHNP-1-<INANIM>,WHNP,MQ,MQ_SUBJ,
23129,0,"what is that yellow stuff, do you think?",1.0,-NONE-ABAR-WH-,T,WH,NP,NP,OBJ,OBJ,WHNP-1-<INANIM>,WHNP,MQ,MQ_OBJ,
23131,0,what do you think it's doing there?,1.0,-NONE-ABAR-WH-,T,WH,NP,NP,OBJ,OBJ,WHNP-1-<INANIM>-<PATIENT-V2>,WHNP,EQ,EQ_OBJ,think
23160,0,"well, that's where he goes, right?",1.0,-NONE-ABAR-RC-,T,RC,ADVP,ADVP,ADJUNCT,ADJUNCT,WHADVP-1,WHADVP,EQ,EQ_ADJUNCT,goes
23161,0,how many are there?,1.0,-NONE-ABAR-WH-,T,WH,NP,NP,OBJ,OBJ,WHNP-1-<INANIM>,WHNP,MQ,MQ_OBJ,
23164,0,"okay, where does it go?",1.0,-NONE-ABAR-WH-,T,WH,ADVP,ADVP,ADJUNCT,ADJUNCT,WHADVP-1,WHADVP,MQ,MQ_ADJUNCT,
23167,0,what else is in here?,1.0,-NONE-ABAR-WH-,T,WH,NP,NP,SUBJ,SUBJ,WHNP-1-<INANIM>,WHNP,MQ,MQ_SUBJ,
23168,0,"oh, let's see, what's in there?",1.0,-NONE-ABAR-WH-,T,WH,NP,NP,SUBJ,SUBJ,WHNP-1-<INANIM>,WHNP,MQ,MQ_SUBJ,
23169,0,oh and look what we have down here too.,1.0,-NONE-ABAR-RC-,T,RC,NP,NP,OBJ,OBJ,WHNP-1-<INANIM>-<THEME-V2>,WHNP,EQ,EQ_OBJ,look
23172,0,do you know what all these shapes are?,1.0,-NONE-ABAR-WH-,T,WH,NP,NP,OBJ,OBJ,WHNP-1-<INANIM>,WHNP,EQ,EQ_OBJ,know
23174,0,what shape is that?,1.0,-NONE-ABAR-WH-,T,WH,NP,NP,OBJ,OBJ,WHNP-1-<INANIM>,WHNP,MQ,MQ_OBJ,
23175,0,what shape is that?,1.0,-NONE-ABAR-WH-,T,WH,NP,NP,OBJ,OBJ,WHNP-1-<INANIM>,WHNP,MQ,MQ_OBJ,
23176,0,what shape is that?,1.0,-NONE-ABAR-WH-,T,WH,NP,NP,OBJ,OBJ,WHNP-1-<INANIM>,WHNP,MQ,MQ_OBJ,
23177,0,what shape is that?,1.0,-NONE-ABAR-WH-,T,WH,NP,NP,OBJ,OBJ,WHNP-1-<INANIM>,WHNP,MQ,MQ_OBJ,
23178,0,what shape is that?,1.0,-NONE-ABAR-WH-,T,WH,NP,NP,OBJ,OBJ,WHNP-1-<INANIM>,WHNP,MQ,MQ_OBJ,
23182,0,what shape is that?,1.0,-NONE-ABAR-WH-,T,WH,NP,NP,OBJ,OBJ,WHNP-1-<INANIM>,WHNP,MQ,MQ_OBJ,
23183,0,"yeah, what shape is that, do you know?",1.0,-NONE-ABAR-WH-,T,WH,NP,NP,OBJ,OBJ,WHNP-1-<INANIM>,WHNP,MQ,MQ_OBJ,
23185,0,remember what shape this is?,1.0,-NONE-ABAR-RC-,T,RC,NP,NP,OBJ,OBJ,WHNP-1-<INANIM>,WHNP,EQ,EQ_OBJ,remember
23187,0,remember what shape this is?,1.0,-NONE-ABAR-RC-,T,RC,NP,NP,OBJ,OBJ,WHNP-1-<INANIM>,WHNP,EQ,EQ_OBJ,remember
23215,0,what shape is that?,1.0,-NONE-ABAR-WH-,T,WH,NP,NP,OBJ,OBJ,WHNP-1-<INANIM>,WHNP,MQ,MQ_OBJ,
23222,0,want to take out that box and see what's in there?,1.0,-NONE-ABAR-RC-,T,RC,NP,NP,SUBJ,SUBJ,WHNP-1-<INANIM>,WHNP,EQ,EQ_SUBJ,see
23226,0,what's in there?,1.0,-NONE-ABAR-WH-,T,WH,NP,NP,SUBJ,SUBJ,WHNP-1-<INANIM>,WHNP,MQ,MQ_SUBJ,
23246,0,you know how these work?,1.0,-NONE-ABAR-WH-,T,WH,ADVP,ADVP,ADJUNCT,ADJUNCT,WHADVP-1,WHADVP,EQ,EQ_ADJUNCT,know
23250,0,"you know what tape recorders are, right, because we have a tape",1.0,-NONE-ABAR-RC-,T,RC,NP,NP,OBJ,OBJ,WHNP-1-<INANIM>,WHNP,EQ,EQ_OBJ,know
23260,0,"I have a consent form thing, which is kind of a formality that we",1.0,-NONE-ABAR-RC-,T,RC,NP,NP,SUBJ,SUBJ,WHNP-1-<INANIM>,WHNP,RC,RC_SUBJ,
23261,0,if you want to stop this at any time you're welcome to.,,,,POLAR,,,,POLAR,,,EQ,EQ_POLAR,
23275,0,"oh, she would never sit, I mean if she sits for an hour it's",,,,POLAR,,,,POLAR,,,EQ,EQ_POLAR,mean
23275,1,"oh, she would never sit, I mean if she sits for an hour it's",,,,POLAR,,,,POLAR,,,EQ,EQ_POLAR,mean
23276,0,what tape do you have in there?,1.0,-NONE-ABAR-WH-,T,WH,NP,NP,OBJ,OBJ,WHNP-1-<INANIM>-<THEME-V1>,WHNP,MQ,MQ_OBJ,
23277,0,what is it?,1.0,-NONE-ABAR-WH-,T,WH,NP,NP,OBJ,OBJ,WHNP-1-<INANIM>,WHNP,MQ,MQ_OBJ,
23283,0,"which is it, Robinhood that's inside?",1.0,-NONE-ABAR-WH-,T,WH,NP,NP,OBJ,OBJ,WHNP-1-<INANIM>,WHNP,MQ,MQ_OBJ,
23288,0,which side did you want?,1.0,-NONE-ABAR-WH-,T,WH,NP,NP,OBJ,OBJ,WHNP-1-<INANIM>-<SUBJMATT-V1>,WHNP,MQ,MQ_OBJ,
23291,0,why don't you get the book that goes with it?,2.0,-NONE-ABAR-RC-,T,RC,NP,NP,SUBJ,SUBJ,WHNP-2-<INANIM>-<THEME-V2>,WHNP,RC,RC_SUBJ,
23291,1,why don't you get the book that goes with it?,1.0,-NONE-ABAR-WH-,T,WH,ADVP,ADVP,ADJUNCT,ADJUNCT,WHADVP-1,WHADVP,MQ,MQ_ADJUNCT,
23295,0,is there something in particular that you want us to do?,1.0,-NONE-ABAR-RC-,T,RC,NP,NP,OBJ,OBJ,WHNP-1-<INANIM>-<PATIENT-V2>,WHNP,RC,RC_OBJ,
23297,0,"um, I brought some toys that we can play with or something.",1.0,-NONE-ABAR-RC-,T,RC,NP,NP,OBJ,OBJ,WHNP-1-<INANIM>-<PATIENT-V2>,WHNP,RC,RC_OBJ,
23313,0,which person that is?,1.0,-NONE-ABAR-RC-,T,RC,NP,NP,OBJ,OBJ,WHNP-1-<INANIM>,WHNP,EQ,EQ_OBJ,
23314,0,shall we find the place that we're at?,1.0,-NONE-ABAR-RC-,T,RC,NP,NP,OBJ,OBJ,WHNP-1-<INANIM>,WHNP,RC,RC_OBJ,
23316,0,what page are we on?,1.0,-NONE-ABAR-WH-,T,WH,NP,NP,OBJ,OBJ,WHNP-1-<INANIM>,WHNP,MQ,MQ_OBJ,
23319,0,why do you have on red slippers?,1.0,-NONE-ABAR-WH-,T,WH,ADVP,ADVP,ADJUNCT,ADJUNCT,WHADVP-1,WHADVP,MQ,MQ_ADJUNCT,
23321,0,"yeah, it's cold on your feet if you don't wear slippers.",,,,POLAR,,,,POLAR,,,EQ,EQ_POLAR,wear
23323,0,my only child who knows how to blow her nose and,1.0,-NONE-ABAR-RC-,T,RC,NP,NP,SUBJ,SUBJ,WHNP-1-<ANIM>-<EXPER-V1>,WHNP,RC,RC_SUBJ,
23323,1,my only child who knows how to blow her nose and,2.0,-NONE-ABAR-RC-,T,RC,ADVP,ADVP,ADJUNCT,ADJUNCT,WHADVP-2,WHADVP,EQ,EQ_ADJUNCT,knows
23325,0,how old are the other ones?,1.0,-NONE-ABAR-WH-,T,WH,NP,NP,OBJ,OBJ,WHNP-1-<INANIM>,WHNP,MQ,MQ_OBJ,
23328,0,"why don't we, why don't we finish this side, okay?",1.0,-NONE-ABAR-WH-,T,WH,ADVP,ADVP,ADJUNCT,ADJUNCT,WHADVP-1,WHADVP,MQ,MQ_ADJUNCT,
23331,0,do you remember what the other side is?,1.0,-NONE-ABAR-RC-,T,RC,NP,NP,OBJ,OBJ,WHNP-1-<INANIM>,WHNP,EQ,EQ_OBJ,remember
23332,0,"what, what's it called?",1.0,-NONE-ABAR-WH-,T,WH,NP,NP,OBJ,OBJ,WHNP-1-<INANIM>-<THEME-V1>,WHNP,MQ,MQ_OBJ,
23337,0,you know where they are.,1.0,-NONE-ABAR-WH-,T,WH,ADVP,ADVP,ADJUNCT,ADJUNCT,WHADVP-1,WHADVP,EQ,EQ_ADJUNCT,know
23343,0,"wow, you know which picture, which book goes with which tape.",1.0,-NONE-ABAR-WH-,T,WH,NP,NP,SUBJ,SUBJ,WHNP-1-<INANIM>-<THEME-V2>,WHNP,EQ,EQ_SUBJ,
23349,0,"okay, here, this is where it starts, Dorothy and her little dog.",1.0,-NONE-ABAR-RC-,T,RC,ADVP,ADVP,ADJUNCT,ADJUNCT,WHADVP-1,WHADVP,EQ,EQ_ADJUNCT,starts
23354,0,what's her dog's name?,1.0,-NONE-ABAR-WH-,T,WH,NP,NP,OBJ,OBJ,WHNP-1-<INANIM>,WHNP,MQ,MQ_OBJ,
23358,0,whose feet are these *NULL* hanging out?,2.0,-NONE-ABAR-RC-,T,RC,NP,NP,SUBJ,SUBJ,WHNP-2-<INANIM>-<THEME-V1>,WHNP,RC,RC_SUBJ,
23358,1,whose feet are these *NULL* hanging out?,1.0,-NONE-ABAR-WH-,T,WH,NP,NP,OBJ,OBJ,WHNP-1-<INANIM>,WHNP,MQ,MQ_OBJ,
23359,0,when it rings we turn the page?,2.0,-NONE-ABAR-RC-,T,RC,ADVP,ADVP,ADJUNCT,ADJUNCT,WHADVP-2,WHADVP,EQ,EQ_ADJUNCT,
23368,0,which button do you press?,1.0,-NONE-ABAR-WH-,T,WH,NP,NP,OBJ,OBJ,WHNP-1-<INANIM>-<PATIENT-V1>,WHNP,MQ,MQ_OBJ,
23370,0,which is the play button?,1.0,-NONE-ABAR-WH-,T,WH,NP,NP,OBJ,OBJ,WHNP-1-<INANIM>,WHNP,MQ,MQ_OBJ,
23403,0,"we skipped a ring though, Child, this is the page *NULL* we're on.",1.0,-NONE-ABAR-RC-,T,RC,NP,NP,OBJ,OBJ,WHNP-1-<INANIM>,WHNP,RC,RC_OBJ,
23404,0,the birds part is where we're at right now.,1.0,-NONE-ABAR-RC-,T,RC,ADVP,ADVP,ADJUNCT,ADJUNCT,WHADVP-1,WHADVP,EQ,EQ_ADJUNCT,
23437,0,why don't you put the tapes and the books away and we'll do,1.0,-NONE-ABAR-WH-,T,WH,ADVP,ADVP,ADJUNCT,ADJUNCT,WHADVP-1,WHADVP,EQ,EQ_ADJUNCT,
23438,0,you want to see what Observer has in the bag?,1.0,-NONE-ABAR-RC-,T,RC,NP,NP,OBJ,OBJ,WHNP-1-<INANIM>-<THEME-V3>,WHNP,EQ,EQ_OBJ,see
23439,0,if she has anything interesting?,,,,POLAR,,,,POLAR,,,EQ,EQ_POLAR,
23441,0,"look inside, see if there's anything.",,,,POLAR,,,,POLAR,,,EQ,EQ_POLAR,see
23448,0,what is that?,1.0,-NONE-ABAR-WH-,T,WH,NP,NP,OBJ,OBJ,WHNP-1-<INANIM>,WHNP,MQ,MQ_OBJ,
23463,0,who do we know that has a station wagon?,1.0,-NONE-ABAR-WH-,T,WH,NP,NP,ADJUNCT,ADJUNCT,WHNP-1-<ANIM>,WHNP,MQ,MQ_ADJUNCT,
23463,1,who do we know that has a station wagon?,2.0,-NONE-ABAR-RC-,T,RC,NP,NP,SUBJ,SUBJ,WHNP-2-<INANIM>-<POSSESS-V2>,WHNP,RC,RC_SUBJ,
23464,0,who do we know that has a station wagon car?,1.0,-NONE-ABAR-WH-,T,WH,NP,NP,ADJUNCT,ADJUNCT,WHNP-1-<ANIM>,WHNP,MQ,MQ_ADJUNCT,
23464,1,who do we know that has a station wagon car?,2.0,-NONE-ABAR-RC-,T,RC,NP,NP,SUBJ,SUBJ,WHNP-2-<INANIM>-<POSSESS-V2>,WHNP,RC,RC_SUBJ,
23466,0,do you know what kind of a truck that is?,1.0,-NONE-ABAR-WH-,T,WH,NP,NP,OBJ,OBJ,WHNP-1-<INANIM>,WHNP,EQ,EQ_OBJ,know
23483,0,"I don't know, why don't you check the bag and see?",1.0,-NONE-ABAR-WH-,T,WH,ADVP,ADVP,ADJUNCT,ADJUNCT,WHADVP-1,WHADVP,MQ,MQ_ADJUNCT,
23485,0,"what books, are they books that we have or are they different?",1.0,-NONE-ABAR-RC-,T,RC,NP,NP,OBJ,OBJ,WHNP-1-<INANIM>-<THEME-V1>,WHNP,RC,RC_OBJ,
23488,0,what are those?,1.0,-NONE-ABAR-WH-,T,WH,NP,NP,OBJ,OBJ,WHNP-1-<INANIM>,WHNP,MQ,MQ_OBJ,
23491,0,"he has a Do_You_Know book that has a giraffe in it, that's right.",1.0,-NONE-ABAR-RC-,T,RC,NP,NP,SUBJ,SUBJ,WHNP-1-<INANIM>-<POSSESS-V2>,WHNP,RC,RC_SUBJ,
23515,0,I want to see some pictures in this book and see if there are any,,,,POLAR,,,,POLAR,,,EQ,EQ_POLAR,see
23516,0,what things do you see that you know?,1.0,-NONE-ABAR-WH-,T,WH,NP,NP,ADJUNCT,ADJUNCT,WHNP-1-<INANIM>,WHNP,MQ,MQ_ADJUNCT,
23516,1,what things do you see that you know?,2.0,-NONE-ABAR-RC-,T,RC,NP,NP,OBJ,OBJ,WHNP-2-<INANIM>-<SUBJMATT-V2>,WHNP,RC,RC_OBJ,
23517,0,what's that?,1.0,-NONE-ABAR-WH-,T,WH,NP,NP,OBJ,OBJ,WHNP-1-<INANIM>,WHNP,MQ,MQ_OBJ,
23519,0,"a dinosaur, oh, we know somebody who likes dinosaurs, don't we?",1.0,-NONE-ABAR-RC-,T,RC,NP,NP,SUBJ,SUBJ,WHNP-1-<ANIM>-<EXPER-V2>,WHNP,RC,RC_SUBJ,
23524,0,this is about clothes that you wear.,1.0,-NONE-ABAR-RC-,T,RC,NP,NP,OBJ,OBJ,WHNP-1-<INANIM>-<PATIENT-V1>,WHNP,RC,RC_OBJ,
23532,0,what is that thing?,1.0,-NONE-ABAR-WH-,T,WH,NP,NP,OBJ,OBJ,WHNP-1-<INANIM>,WHNP,MQ,MQ_OBJ,
23541,0,what's that?,1.0,-NONE-ABAR-WH-,T,WH,NP,NP,OBJ,OBJ,WHNP-1-<INANIM>,WHNP,MQ,MQ_OBJ,
23544,0,those are good things *NULL* to eat.,1.0,-NONE-ABAR-RC-,T,RC,NP,NP,OBJ,OBJ,WHNP-1-<INANIM>-<PATIENT-V1>,WHNP,RC,RC_OBJ,
23553,0,"no, what is that?",1.0,-NONE-ABAR-WH-,T,WH,NP,NP,OBJ,OBJ,WHNP-1-<INANIM>,WHNP,MQ,MQ_OBJ,
23556,0,do you see anything else that you like?,1.0,-NONE-ABAR-RC-,T,RC,NP,NP,OBJ,OBJ,WHNP-1-<INANIM>-<SUBJMATT-V2>,WHNP,RC,RC_OBJ,
23558,0,what is it?,1.0,-NONE-ABAR-WH-,T,WH,NP,NP,OBJ,OBJ,WHNP-1-<INANIM>,WHNP,MQ,MQ_OBJ,
23561,0,"school bus, just like what we play in the morning, isn't it?",1.0,-NONE-ABAR-RC-,T,RC,NP,NP,OBJ,OBJ,WHNP-1-<INANIM>-<PATIENT-V1>,WHNP,EQ,EQ_OBJ,
23567,0,what is that?,1.0,-NONE-ABAR-WH-,T,WH,NP,NP,OBJ,OBJ,WHNP-1-<INANIM>,WHNP,MQ,MQ_OBJ,
23579,0,what other animals do you see?,1.0,-NONE-ABAR-WH-,T,WH,NP,NP,OBJ,OBJ,WHNP-1-<INANIM>-<SUBJMATT-V1>,WHNP,MQ,MQ_OBJ,
23588,0,"that's where milk comes out, right, for the baby cows and for us too",1.0,-NONE-ABAR-RC-,T,RC,ADVP,ADVP,ADJUNCT,ADJUNCT,WHADVP-1,WHADVP,EQ,EQ_ADJUNCT,comes
23591,0,how do you drink your milk?,1.0,-NONE-ABAR-WH-,T,WH,ADVP,ADVP,ADJUNCT,ADJUNCT,WHADVP-1,WHADVP,MQ,MQ_ADJUNCT,
23611,0,what other animals do you see?,1.0,-NONE-ABAR-WH-,T,WH,NP,NP,OBJ,OBJ,WHNP-1-<INANIM>-<SUBJMATT-V1>,WHNP,MQ,MQ_OBJ,
23614,0,do you know what it is?,1.0,-NONE-ABAR-WH-,T,WH,NP,NP,OBJ,OBJ,WHNP-1-<INANIM>,WHNP,EQ,EQ_OBJ,know
23617,0,"yeah, well, it's a kind of monkey *NULL* we don't usually see.",1.0,-NONE-ABAR-RC-,T,RC,NP,NP,OBJ,OBJ,WHNP-1-<INANIM>-<SUBJMATT-V1>,WHNP,RC,RC_OBJ,
23628,0,that's right and what's close to the kangaroo?,1.0,-NONE-ABAR-WH-,T,WH,NP,NP,SUBJ,SUBJ,WHNP-1-<INANIM>,WHNP,EQ,EQ_SUBJ,
23630,0,what's that?,1.0,-NONE-ABAR-WH-,T,WH,NP,NP,OBJ,OBJ,WHNP-1-<INANIM>,WHNP,MQ,MQ_OBJ,
23631,0,what is that?,1.0,-NONE-ABAR-WH-,T,WH,NP,NP,OBJ,OBJ,WHNP-1-<INANIM>,WHNP,MQ,MQ_OBJ,
23636,0,which is the kind of house *NULL* we live in?,2.0,-NONE-ABAR-RC-,T,RC,NP,NP,OBJ,OBJ,WHNP-2-<INANIM>-<LOC-V1>,WHNP,RC,RC_OBJ,
23636,1,which is the kind of house *NULL* we live in?,1.0,-NONE-ABAR-WH-,T,WH,NP,NP,OBJ,OBJ,WHNP-1-<INANIM>,WHNP,MQ,MQ_OBJ,
23668,0,what does it look like?,1.0,-NONE-ABAR-WH-,T,WH,NP,NP,OBJ,OBJ,WHNP-1-<INANIM>,WHNP,MQ,MQ_OBJ,
23671,0,you used to have one of those when you were a baby.,2.0,-NONE-ABAR-RC-,T,RC,ADVP,ADVP,ADJUNCT,ADJUNCT,WHADVP-2,WHADVP,EQ,EQ_ADJUNCT,have
23676,0,"what did, what did Observer bring with her today?",1.0,-NONE-ABAR-WH-,T,WH,NP,NP,OBJ,OBJ,WHNP-1-<INANIM>-<PATIENT-V1>,WHNP,MQ,MQ_OBJ,
23678,0,what does that look like?,1.0,-NONE-ABAR-WH-,T,WH,NP,NP,OBJ,OBJ,WHNP-1-<INANIM>,WHNP,MQ,MQ_OBJ,
23682,0,is that what you called it?,1.0,-NONE-ABAR-RC-,T,RC,NP,NP,OBJ,OBJ,WHNP-1-<INANIM>-<THEME-V1>,WHNP,EQ,EQ_OBJ,called
23689,0,what's the other one?,1.0,-NONE-ABAR-WH-,T,WH,NP,NP,OBJ,OBJ,WHNP-1-<INANIM>,WHNP,MQ,MQ_OBJ,
23691,0,"when Andreas was a little, little baby, we brought him to the store.",1.0,-NONE-ABAR-RC-,T,RC,ADVP,ADVP,ADJUNCT,ADJUNCT,WHADVP-1,WHADVP,EQ,EQ_ADJUNCT,
23694,0,"and when you came out, and you were a baby, and you played",1.0,-NONE-ABAR-RC-,T,RC,ADVP,ADVP,ADJUNCT,ADJUNCT,WHADVP-1,WHADVP,EQ,EQ_ADJUNCT,
23710,0,why do you like all the horses to lie down?,1.0,-NONE-ABAR-WH-,T,WH,ADVP,ADVP,ADJUNCT,ADJUNCT,WHADVP-1,WHADVP,MQ,MQ_ADJUNCT,
23720,0,the trouble is if you take those in the bathtub they get filled up.,,,,POLAR,,,,POLAR,,,EQ,EQ_POLAR,take
23721,0,do they still squeak when there water in them?,1.0,-NONE-ABAR-RC-,T,RC,ADVP,ADVP,ADJUNCT,ADJUNCT,WHADVP-1,WHADVP,EQ,EQ_ADJUNCT,squeak
23752,0,what is that?,1.0,-NONE-ABAR-WH-,T,WH,NP,NP,OBJ,OBJ,WHNP-1-<INANIM>,WHNP,MQ,MQ_OBJ,
23760,0,"yup, she did not want to take a nap, when she knew there was",1.0,-NONE-ABAR-RC-,T,RC,ADVP,ADVP,ADJUNCT,ADJUNCT,WHADVP-1,WHADVP,EQ,EQ_ADJUNCT,take
23762,0,what is it?,1.0,-NONE-ABAR-WH-,T,WH,NP,NP,OBJ,OBJ,WHNP-1-<INANIM>,WHNP,MQ,MQ_OBJ,
23770,0,who's this?,1.0,-NONE-ABAR-WH-,T,WH,NP,NP,OBJ,OBJ,WHNP-1-<ANIM>,WHNP,MQ,MQ_OBJ,
23772,0,let's see what kind of people you have here.,1.0,-NONE-ABAR-RC-,T,RC,NP,NP,OBJ,OBJ,WHNP-1-<INANIM>-<THEME-V3>,WHNP,EQ,EQ_OBJ,see
23775,0,what's this?,1.0,-NONE-ABAR-WH-,T,WH,NP,NP,OBJ,OBJ,WHNP-1-<INANIM>,WHNP,MQ,MQ_OBJ,
23778,0,who's that?,1.0,-NONE-ABAR-WH-,T,WH,NP,NP,OBJ,OBJ,WHNP-1-<ANIM>,WHNP,MQ,MQ_OBJ,
23784,0,what're the bad guys doing?,1.0,-NONE-ABAR-WH-,T,WH,NP,NP,OBJ,OBJ,WHNP-1-<INANIM>-<PATIENT-V1>,WHNP,MQ,MQ_OBJ,
23786,0,where's the jail?,1.0,-NONE-ABAR-WH-,T,WH,ADVP,ADVP,ADJUNCT,ADJUNCT,WHADVP-1,WHADVP,MQ,MQ_ADJUNCT,
23789,0,what did they do that made them bad?,1.0,-NONE-ABAR-WH-,T,WH,NP,NP,ADJUNCT,ADJUNCT,WHNP-1-<INANIM>,WHNP,MQ,MQ_ADJUNCT,
23789,1,what did they do that made them bad?,2.0,-NONE-ABAR-RC-,T,RC,NP,NP,SUBJ,SUBJ,WHNP-2-<INANIM>-<CAUSER-V2>,WHNP,RC,RC_SUBJ,
23790,0,what did he do?,1.0,-NONE-ABAR-WH-,T,WH,NP,NP,OBJ,OBJ,WHNP-1-<INANIM>-<PATIENT-V1>,WHNP,MQ,MQ_OBJ,
23810,0,who's not going to jail?,1.0,-NONE-ABAR-WH-,T,WH,NP,NP,SUBJ,SUBJ,WHNP-1-<INANIM>-<THEME-V1>,WHNP,MQ,MQ_SUBJ,
23811,0,"Child, what's a jail?",1.0,-NONE-ABAR-WH-,T,WH,NP,NP,OBJ,OBJ,WHNP-1-<INANIM>,WHNP,MQ,MQ_OBJ,
23812,0,"what, what's a jail?",1.0,-NONE-ABAR-WH-,T,WH,NP,NP,OBJ,OBJ,WHNP-1-<INANIM>,WHNP,MQ,MQ_OBJ,
23815,0,what's plop mean?,1.0,-NONE-ABAR-WH-,T,WH,NP,NP,OBJ,OBJ,WHNP-1-<INANIM>-<SUBJMATT-V1>,WHNP,MQ,MQ_OBJ,
23817,0,is that why they're all plopped over?,1.0,-NONE-ABAR-RC-,T,RC,ADVP,ADVP,ADJUNCT,ADJUNCT,WHADVP-1,WHADVP,EQ,EQ_ADJUNCT,plopped
23849,0,did you ask Observer what happened to her broken station wagon?,1.0,-NONE-ABAR-RC-,T,RC,NP,NP,SUBJ,SUBJ,WHNP-1-<INANIM>-<THEME-V2>,WHNP,EQ,EQ_SUBJ,ask
23859,0,but it's fun to have something that opens.,1.0,-NONE-ABAR-RC-,T,RC,NP,NP,SUBJ,SUBJ,WHNP-1-<INANIM>-<THEME-V2>,WHNP,RC,RC_SUBJ,
23868,0,that's why we hold hands.,1.0,-NONE-ABAR-RC-,T,RC,ADVP,ADVP,ADJUNCT,ADJUNCT,WHADVP-1,WHADVP,EQ,EQ_ADJUNCT,hold
23873,0,when we're near cars.,1.0,-NONE-ABAR-RC-,T,RC,ADVP,ADVP,ADJUNCT,ADJUNCT,WHADVP-1,WHADVP,EQ,EQ_ADJUNCT,
23875,0,we're very careful when we're in the car.,1.0,-NONE-ABAR-RC-,T,RC,ADVP,ADVP,ADJUNCT,ADJUNCT,WHADVP-1,WHADVP,EQ,EQ_ADJUNCT,
23885,0,"we could make a farm, you know, if you'd like.",,,,POLAR,,,,POLAR,,,EQ,EQ_POLAR,know
23885,1,"we could make a farm, you know, if you'd like.",,,,POLAR,,,,POLAR,,,EQ,EQ_POLAR,know
23888,0,what's a car farm?,1.0,-NONE-ABAR-WH-,T,WH,NP,NP,OBJ,OBJ,WHNP-1-<INANIM>,WHNP,MQ,MQ_OBJ,
23894,0,where did he get it from?,1.0,-NONE-ABAR-WH-,T,WH,ADVP,ADVP,ADJUNCT,ADJUNCT,WHADVP-1,WHADVP,MQ,MQ_ADJUNCT,
23900,0,what did you get from Bermuda?,1.0,-NONE-ABAR-WH-,T,WH,NP,NP,OBJ,OBJ,WHNP-1-<INANIM>-<PATIENT-V1>,WHNP,MQ,MQ_OBJ,
23912,0,the only thing *NULL* this thing does is you can buy a trailer.,1.0,-NONE-ABAR-RC-,T,RC,NP,NP,OBJ,OBJ,WHNP-1-<INANIM>-<PATIENT-V1>,WHNP,RC,RC_OBJ,
23919,0,I don't think Observer knows who Lala is.,1.0,-NONE-ABAR-RC-,T,RC,NP,NP,OBJ,OBJ,WHNP-1-<ANIM>,WHNP,EQ,EQ_OBJ,knows
23920,0,who's Lala?,1.0,-NONE-ABAR-WH-,T,WH,NP,NP,OBJ,OBJ,WHNP-1-<ANIM>,WHNP,MQ,MQ_OBJ,
23922,0,Observer asked you if you go to school with her.,,,,POLAR,,,,POLAR,,,EQ,EQ_POLAR,asked
23933,0,where did she move to?,1.0,-NONE-ABAR-WH-,T,WH,ADVP,ADVP,ADJUNCT,ADJUNCT,WHADVP-1,WHADVP,MQ,MQ_ADJUNCT,
23947,0,two friends who lived in our cupboard.,1.0,-NONE-ABAR-RC-,T,RC,NP,NP,SUBJ,SUBJ,WHNP-1-<INANIM>-<THEME-V1>,WHNP,RC,RC_SUBJ,
23949,0,"I took it out, because when I put the pots and pans in I didn't have",1.0,-NONE-ABAR-WH-,T,WH,ADVP,ADVP,ADJUNCT,ADJUNCT,WHADVP-1,WHADVP,EQ,EQ_ADJUNCT,took
23950,0,"well, you could if you want.",,,,POLAR,,,,POLAR,,,EQ,EQ_POLAR,want
23951,0,if Lala doesn't live there anymore she doesn't need the prediction.,,,,POLAR,,,,POLAR,,,EQ,EQ_POLAR,
23955,0,look what just flew into my hand!,1.0,-NONE-ABAR-RC-,T,RC,NP,NP,SUBJ,SUBJ,WHNP-1-<INANIM>-<THEME-V2>,WHNP,EQ,EQ_SUBJ,look
23984,0,where's the water?,1.0,-NONE-ABAR-WH-,T,WH,ADVP,ADVP,ADJUNCT,ADJUNCT,WHADVP-1,WHADVP,MQ,MQ_ADJUNCT,
23986,0,"is that what, is that why you're talking about flopping in the",1.0,-NONE-ABAR-RC-,T,RC,ADVP,ADVP,ADJUNCT,ADJUNCT,WHADVP-1,WHADVP,EQ,EQ_ADJUNCT,talking
23994,0,how come you want everybody to lie down?,1.0,-NONE-ABAR-WH-,T,WH,ADVP,ADVP,ADJUNCT,ADJUNCT,WHADVP-1,WHADVP,MQ,MQ_ADJUNCT,
24007,0,do we have any cars that have doors that open?,1.0,-NONE-ABAR-RC-,T,RC,NP,NP,SUBJ,SUBJ,WHNP-1-<INANIM>-<POSSESS-V2>,WHNP,RC,RC_SUBJ,
24007,1,do we have any cars that have doors that open?,2.0,-NONE-ABAR-RC-,T,RC,NP,NP,SUBJ,SUBJ,WHNP-2-<INANIM>-<THEME-V3>,WHNP,RC,RC_SUBJ,
24012,0,where is it?,1.0,-NONE-ABAR-WH-,T,WH,ADVP,ADVP,ADJUNCT,ADJUNCT,WHADVP-1,WHADVP,MQ,MQ_ADJUNCT,
24015,0,I only put things in the basement that we don't use very much.,2.0,-NONE-ABAR-RC-,T,RC,NP,NP,OBJ,OBJ,WHNP-2-<INANIM>-<PATIENT-V2>,WHNP,RC,RC_OBJ,
24018,0,she'll want it if you offer it to her.,,,,POLAR,,,,POLAR,,,EQ,EQ_POLAR,want
24027,0,"you know, if you put those people, people up on the table they would",,,,POLAR,,,,POLAR,,,EQ,EQ_POLAR,
24037,0,is that why she didn't cry?,1.0,-NONE-ABAR-WH-,T,WH,ADVP,ADVP,ADJUNCT,ADJUNCT,WHADVP-1,WHADVP,EQ,EQ_ADJUNCT,cry
24039,0,"see, if you take Dick away and you say no then she gets mad, and",,,,POLAR,,,,POLAR,,,EQ,EQ_POLAR,
24041,0,you have all those people *NULL* to play with.,1.0,-NONE-ABAR-RC-,T,RC,NP,NP,OBJ,OBJ,WHNP-1-<INANIM>-<PATIENT-V2>,WHNP,EQ,EQ_OBJ,have
24044,0,why don't you pick one out?,1.0,-NONE-ABAR-WH-,T,WH,ADVP,ADVP,ADJUNCT,ADJUNCT,WHADVP-1,WHADVP,MQ,MQ_ADJUNCT,
24046,0,which one are you thinking about giving her?,1.0,-NONE-ABAR-WH-,T,WH,NP,NP,OBJ,OBJ,WHNP-1-<INANIM>-<PATIENT-V2>,WHNP,MQ,MQ_OBJ,
24051,0,"there, see, she's interested as long as she has one *NULL* to hold on to.",1.0,-NONE-ABAR-RC-,T,RC,NP,NP,OBJ,OBJ,WHNP-1-<INANIM>-<PATIENT-V2>,WHNP,RC,RC_OBJ,
24061,0,if we move this table you could stand the people up on the table.,,,,POLAR,,,,POLAR,,,EQ,EQ_POLAR,
24065,0,not unless you give her another one *NULL* to play with.,1.0,-NONE-ABAR-RC-,T,RC,NP,NP,OBJ,OBJ,WHNP-1-<INANIM>-<PATIENT-V2>,WHNP,RC,RC_OBJ,
24068,0,why don't you offer it to her?,1.0,-NONE-ABAR-WH-,T,WH,ADVP,ADVP,ADJUNCT,ADJUNCT,WHADVP-1,WHADVP,MQ,MQ_ADJUNCT,
24073,0,she's looking at it to see what it is.,1.0,-NONE-ABAR-WH-,T,WH,NP,NP,OBJ,OBJ,WHNP-1-<INANIM>,WHNP,EQ,EQ_OBJ,see
24078,0,let me see if I like it.,,,,POLAR,,,,POLAR,,,EQ,EQ_POLAR,see
24087,0,who's that?,1.0,-NONE-ABAR-WH-,T,WH,NP,NP,OBJ,OBJ,WHNP-1-<INANIM>,WHNP,MQ,MQ_OBJ,
24089,0,who's this?,1.0,-NONE-ABAR-WH-,T,WH,NP,NP,OBJ,OBJ,WHNP-1-<INANIM>,WHNP,MQ,MQ_OBJ,
24090,0,what does this look like?,1.0,-NONE-ABAR-WH-,T,WH,NP,NP,OBJ,OBJ,WHNP-1-<INANIM>,WHNP,MQ,MQ_OBJ,
24091,0,a man who goes to church?,1.0,-NONE-ABAR-RC-,T,RC,NP,NP,SUBJ,SUBJ,WHNP-1-<INANIM>-<THEME-V1>,WHNP,RC,RC_SUBJ,
24097,0,why does he look Greek?,1.0,-NONE-ABAR-WH-,T,WH,ADVP,ADVP,ADJUNCT,ADJUNCT,WHADVP-1,WHADVP,MQ,MQ_ADJUNCT,
24100,0,what's this around his neck?,1.0,-NONE-ABAR-WH-,T,WH,NP,NP,OBJ,OBJ,WHNP-1-<INANIM>,WHNP,MQ,MQ_OBJ,
24104,0,"so he looks like a Greek man that goes to church, huh?",1.0,-NONE-ABAR-RC-,T,RC,NP,NP,SUBJ,SUBJ,WHNP-1-<ANIM>-<THEME-V2>,WHNP,RC,RC_SUBJ,
24105,0,what's he carrying in his hand?,1.0,-NONE-ABAR-WH-,T,WH,NP,NP,OBJ,OBJ,WHNP-1-<INANIM>-<PATIENT-V1>,WHNP,MQ,MQ_OBJ,
24108,0,what is it?,1.0,-NONE-ABAR-WH-,T,WH,NP,NP,OBJ,OBJ,WHNP-1-<INANIM>,WHNP,MQ,MQ_OBJ,
24110,0,what do you think?,1.0,-NONE-ABAR-WH-,T,WH,NP,NP,OBJ,OBJ,WHNP-1-<INANIM>-<SUBJMATT-V1>,WHNP,MQ,MQ_OBJ,
24113,0,why don't you go stand him up on the table?,1.0,-NONE-ABAR-WH-,T,WH,ADVP,ADVP,ADJUNCT,ADJUNCT,WHADVP-1,WHADVP,MQ,MQ_ADJUNCT,
24117,0,a Greek man *NULL* doing what?,1.0,-NONE-ABAR-RC-,T,RC,NP,NP,SUBJ,SUBJ,WHNP-1-<INANIM>-<AGENT-V1>,WHNP,RC,RC_SUBJ,
24119,0,you sat on something *NULL* to squeak,1.0,-NONE-ABAR-RC-,T,RC,NP,NP,OBJ,OBJ,WHNP-1-<INANIM>-<PATIENT-V2>,WHNP,RC,RC_OBJ,
24127,0,what's the orange guy?,1.0,-NONE-ABAR-WH-,T,WH,NP,NP,OBJ,OBJ,WHNP-1-<INANIM>,WHNP,MQ,MQ_OBJ,
24134,0,what numbers are they?,1.0,-NONE-ABAR-WH-,T,WH,NP,NP,OBJ,OBJ,WHNP-1-<INANIM>,WHNP,MQ,MQ_OBJ,
24147,0,how about if I give your sister one of the animals?,,,,POLAR,,,,POLAR,,,EQ,EQ_POLAR,
24150,0,which one's Dick?,1.0,-NONE-ABAR-WH-,T,WH,NP,NP,OBJ,OBJ,WHNP-1-<INANIM>,WHNP,MQ,MQ_OBJ,
24151,0,which one is Dick?,1.0,-NONE-ABAR-WH-,T,WH,NP,NP,OBJ,OBJ,WHNP-1-<INANIM>,WHNP,MQ,MQ_OBJ,
24154,0,is that why he's Dick?,1.0,-NONE-ABAR-RC-,T,RC,ADVP,ADVP,ADJUNCT,ADJUNCT,WHADVP-1,WHADVP,EQ,EQ_ADJUNCT,
24158,0,look who's tired here.,1.0,-NONE-ABAR-RC-,T,RC,NP,NP,SUBJ,SUBJ,WHNP-1-<INANIM>,WHNP,EQ,EQ_SUBJ,look
24164,0,what happens when you knock the table?,1.0,-NONE-ABAR-WH-,T,WH,NP,NP,SUBJ,SUBJ,WHNP-1-<INANIM>-<THEME-V1>,WHNP,MQ,MQ_SUBJ,
24164,1,what happens when you knock the table?,2.0,-NONE-ABAR-RC-,T,RC,ADVP,ADVP,ADJUNCT,ADJUNCT,WHADVP-2,WHADVP,EQ,EQ_ADJUNCT,happens
24170,0,look what happened.,1.0,-NONE-ABAR-RC-,T,RC,NP,NP,SUBJ,SUBJ,WHNP-1-<INANIM>-<THEME-V2>,WHNP,EQ,EQ_SUBJ,look
24197,0,don't want cars falling on people who are sleeping!,1.0,-NONE-ABAR-RC-,T,RC,NP,NP,SUBJ,SUBJ,WHNP-1-<INANIM>-<THEME-V3>,WHNP,RC,RC_SUBJ,
24213,0,what are you doing?,1.0,-NONE-ABAR-WH-,T,WH,NP,NP,OBJ,OBJ,WHNP-1-<INANIM>-<PATIENT-V1>,WHNP,MQ,MQ_OBJ,
24219,0,I thought that was what you wanted.,1.0,-NONE-ABAR-RC-,T,RC,NP,NP,OBJ,OBJ,WHNP-1-<INANIM>-<SUBJMATT-V2>,WHNP,EQ,EQ_OBJ,wanted
24226,0,why does Observer have two?,1.0,-NONE-ABAR-WH-,T,WH,ADVP,ADVP,ADJUNCT,ADJUNCT,WHADVP-1,WHADVP,MQ,MQ_ADJUNCT,
24228,0,why don't you ask her?,1.0,-NONE-ABAR-WH-,T,WH,ADVP,ADVP,ADJUNCT,ADJUNCT,WHADVP-1,WHADVP,MQ,MQ_ADJUNCT,
24232,0,which is it?,1.0,-NONE-ABAR-WH-,T,WH,NP,NP,OBJ,OBJ,WHNP-1-<INANIM>,WHNP,MQ,MQ_OBJ,
24244,0,whatever works works.,1.0,-NONE-ABAR-WH-,T,WH,NP,NP,SUBJ,SUBJ,WHNP-1-<INANIM>-<THEME-V1>,WHNP,EQ,EQ_SUBJ,
24250,0,what's Dick doing?,1.0,-NONE-ABAR-WH-,T,WH,NP,NP,OBJ,OBJ,WHNP-1-<INANIM>-<PATIENT-V1>,WHNP,MQ,MQ_OBJ,
24268,0,look how long your bangs are.,1.0,-NONE-ABAR-RC-,T,RC,ADJP,ADJP,ADJUNCT,ADJUNCT,WHADJP-1,WHADJP,EQ,EQ_ADJUNCT,look
24281,0,is that what happened?,1.0,-NONE-ABAR-RC-,T,RC,NP,NP,SUBJ,SUBJ,WHNP-1-<INANIM>-<THEME-V1>,WHNP,EQ,EQ_SUBJ,happened
24297,0,why do I have two of what?,1.0,-NONE-ABAR-WH-,T,WH,ADVP,ADVP,ADJUNCT,ADJUNCT,WHADVP-1,WHADVP,MQ,MQ_ADJUNCT,
24300,0,"well, I think because sometimes, you know, when we go to a house",1.0,-NONE-ABAR-RC-,T,RC,ADVP,ADVP,ADJUNCT,ADJUNCT,WHADVP-1-<INANIM>,WHADVP,EQ,EQ_ADJUNCT,know
24319,0,"well, how about if I leave Alexandra here and I'll just bring her",,,,POLAR,,,,POLAR,,,EQ,EQ_POLAR,
24322,0,just be careful what she takes.,1.0,-NONE-ABAR-RC-,T,RC,NP,NP,OBJ,OBJ,WHNP-1-<INANIM>-<PATIENT-V1>,WHNP,EQ,EQ_OBJ,takes
24329,0,what's this?,1.0,-NONE-ABAR-WH-,T,WH,NP,NP,OBJ,OBJ,WHNP-1-<INANIM>,WHNP,MQ,MQ_OBJ,
24332,0,what's that?,1.0,-NONE-ABAR-WH-,T,WH,NP,NP,OBJ,OBJ,WHNP-1-<INANIM>,WHNP,MQ,MQ_OBJ,
24334,0,you know what this is?,1.0,-NONE-ABAR-WH-,T,WH,NP,NP,OBJ,OBJ,WHNP-1-<INANIM>,WHNP,EQ,EQ_OBJ,know
24346,0,"yes, the dry diaper that you picked, that's right.",1.0,-NONE-ABAR-RC-,T,RC,NP,NP,OBJ,OBJ,WHNP-1-<INANIM>-<AGENT-V1>,WHNP,RC,RC_OBJ,
24357,0,this is the one *NULL* you picked.,1.0,-NONE-ABAR-RC-,T,RC,NP,NP,OBJ,OBJ,WHNP-1-<INANIM>-<PATIENT-V1>,WHNP,RC,RC_OBJ,
24367,0,how are we going to do that?,1.0,-NONE-ABAR-WH-,T,WH,ADVP,ADVP,ADJUNCT,ADJUNCT,WHADVP-1,WHADVP,MQ,MQ_ADJUNCT,
24378,0,now where does it go?,1.0,-NONE-ABAR-WH-,T,WH,ADVP,ADVP,ADJUNCT,ADJUNCT,WHADVP-1,WHADVP,MQ,MQ_ADJUNCT,
24386,0,I cann't figure out how they work.,1.0,-NONE-ABAR-WH-,T,WH,ADVP,ADVP,ADJUNCT,ADJUNCT,WHADVP-1,WHADVP,EQ,EQ_ADJUNCT,figure
24388,0,what are you doing?,1.0,-NONE-ABAR-WH-,T,WH,NP,NP,OBJ,OBJ,WHNP-1-<INANIM>-<PATIENT-V1>,WHNP,MQ,MQ_OBJ,
24394,0,"wait, where's the man going to go?",1.0,-NONE-ABAR-WH-,T,WH,ADVP,ADVP,ADJUNCT,ADJUNCT,WHADVP-1,WHADVP,MQ,MQ_ADJUNCT,
24414,0,"very good, what comes next?",1.0,-NONE-ABAR-WH-,T,WH,NP,NP,SUBJ,SUBJ,WHNP-1-<INANIM>-<THEME-V1>,WHNP,MQ,MQ_SUBJ,
24439,0,the one that you got for Christmas?,1.0,-NONE-ABAR-RC-,T,RC,NP,NP,OBJ,OBJ,WHNP-1-<INANIM>-<PATIENT-V1>,WHNP,RC,RC_OBJ,
24446,0,"Child, what do you think is in here?",1.0,-NONE-ABAR-WH-,T,WH,NP,NP,SUBJ,SUBJ,WHNP-1-<INANIM>,WHNP,EQ,EQ_SUBJ,think
24447,0,why don't we look in there?,1.0,-NONE-ABAR-WH-,T,WH,ADVP,ADVP,ADJUNCT,ADJUNCT,WHADVP-1,WHADVP,MQ,MQ_ADJUNCT,
24454,0,"oh, what is that?",1.0,-NONE-ABAR-WH-,T,WH,NP,NP,OBJ,OBJ,WHNP-1-<INANIM>,WHNP,MQ,MQ_OBJ,
24465,0,let's look and see what else is in there.,1.0,-NONE-ABAR-RC-,T,RC,NP,NP,SUBJ,SUBJ,WHNP-1-<INANIM>,WHNP,EQ,EQ_SUBJ,see
24466,0,"oh, what are those?",1.0,-NONE-ABAR-WH-,T,WH,NP,NP,OBJ,OBJ,WHNP-1-<INANIM>,WHNP,MQ,MQ_OBJ,
24468,0,what is that?,1.0,-NONE-ABAR-WH-,T,WH,NP,NP,OBJ,OBJ,WHNP-1-<INANIM>,WHNP,MQ,MQ_OBJ,
24469,0,looks like a cow that's lying down.,1.0,-NONE-ABAR-RC-,T,RC,NP,NP,SUBJ,SUBJ,WHNP-1-<INANIM>-<THEME-V1>,WHNP,RC,RC_SUBJ,
24471,0,what else is in there?,1.0,-NONE-ABAR-WH-,T,WH,NP,NP,SUBJ,SUBJ,WHNP-1-<INANIM>,WHNP,MQ,MQ_SUBJ,
24474,0,what's that?,1.0,-NONE-ABAR-WH-,T,WH,NP,NP,OBJ,OBJ,WHNP-1-<INANIM>,WHNP,MQ,MQ_OBJ,
24477,0,you know what we could do?,1.0,-NONE-ABAR-WH-,T,WH,NP,NP,OBJ,OBJ,WHNP-1-<INANIM>-<PATIENT-V2>,WHNP,EQ,EQ_OBJ,know
24481,0,"oh, what's that?",1.0,-NONE-ABAR-WH-,T,WH,NP,NP,OBJ,OBJ,WHNP-1,WHNP,MQ,MQ_OBJ,
24482,0,"I don't know, what are these called?",1.0,-NONE-ABAR-WH-,T,WH,NP,NP,OBJ,OBJ,WHNP-1-<INANIM>-<THEME-V2>,WHNP,MQ,MQ_OBJ,
24488,0,and what's this one over here?,1.0,-NONE-ABAR-WH-,T,WH,NP,NP,OBJ,OBJ,WHNP-1-<INANIM>,WHNP,EQ,EQ_OBJ,
24496,0,what is that?,1.0,-NONE-ABAR-WH-,T,WH,NP,NP,OBJ,OBJ,WHNP-1-<INANIM>,WHNP,MQ,MQ_OBJ,
24497,0,"well, what do you think?",1.0,-NONE-ABAR-WH-,T,WH,NP,NP,OBJ,OBJ,WHNP-1-<INANIM>-<SUBJMATT-V1>,WHNP,MQ,MQ_OBJ,
24505,0,there's no story but there are all sorts of words that go together,1.0,-NONE-ABAR-RC-,T,RC,NP,NP,SUBJ,SUBJ,WHNP-1-<INANIM>-<THEME-V1>,WHNP,RC,RC_SUBJ,
24506,0,what is it?,1.0,-NONE-ABAR-WH-,T,WH,NP,NP,OBJ,OBJ,WHNP-1-<INANIM>,WHNP,MQ,MQ_OBJ,
24517,0,if you get all those out maybe we can find it.,,,,POLAR,,,,POLAR,,,EQ,EQ_POLAR,
24527,0,what will I need?,1.0,-NONE-ABAR-WH-,T,WH,NP,NP,OBJ,OBJ,WHNP-1-<INANIM>-<SUBJMATT-V1>,WHNP,MQ,MQ_OBJ,
24531,0,how are we going to do this?,1.0,-NONE-ABAR-WH-,T,WH,ADVP,ADVP,ADJUNCT,ADJUNCT,WHADVP-1,WHADVP,MQ,MQ_ADJUNCT,
24535,0,where's the farmer?,1.0,-NONE-ABAR-WH-,T,WH,ADVP,ADVP,ADJUNCT,ADJUNCT,WHADVP-1,WHADVP,MQ,MQ_ADJUNCT,
24544,0,"well, it came out one day and I don't know what happened to it.",1.0,-NONE-ABAR-WH-,T,WH,NP,NP,SUBJ,SUBJ,WHNP-1-<INANIM>-<THEME-V3>,WHNP,EQ,EQ_SUBJ,know
24552,0,what are we doing?,1.0,-NONE-ABAR-WH-,T,WH,NP,NP,OBJ,OBJ,WHNP-1-<INANIM>-<PATIENT-V1>,WHNP,MQ,MQ_OBJ,
24557,0,how's he going to do that?,1.0,-NONE-ABAR-WH-,T,WH,ADVP,ADVP,ADJUNCT,ADJUNCT,WHADVP-1,WHADVP,MQ,MQ_ADJUNCT,
24566,0,where is his stall?,1.0,-NONE-ABAR-WH-,T,WH,ADVP,ADVP,ADJUNCT,ADJUNCT,WHADVP-1,WHADVP,MQ,MQ_ADJUNCT,
24568,0,"what, what do you want?",1.0,-NONE-ABAR-WH-,T,WH,NP,NP,OBJ,OBJ,WHNP-1-<INANIM>-<SUBJMATT-V1>,WHNP,MQ,MQ_OBJ,
24569,0,"well, what's wrong with it where it is?",1.0,-NONE-ABAR-WH-,T,WH,NP,NP,SUBJ,SUBJ,WHNP-1-<INANIM>,WHNP,MQ,MQ_SUBJ,
24569,1,"well, what's wrong with it where it is?",2.0,-NONE-ABAR-RC-,T,RC,ADVP,ADVP,ADJUNCT,ADJUNCT,WHADVP-2,WHADVP,EQ,EQ_ADJUNCT,
24572,0,"where do you want to put this, build the stalls?",1.0,-NONE-ABAR-WH-,T,WH,ADVP,ADVP,ADJUNCT,ADJUNCT,WHADVP-1,WHADVP,MQ,MQ_ADJUNCT,
24573,0,"right in here, is that where we should make them?",1.0,-NONE-ABAR-WH-,T,WH,ADVP,ADVP,ADJUNCT,ADJUNCT,WHADVP-1,WHADVP,EQ,EQ_ADJUNCT,make
24581,0,"what is that, what does that look like?",1.0,-NONE-ABAR-WH-,T,WH,NP,NP,OBJ,OBJ,WHNP-1-<INANIM>,WHNP,MQ,MQ_OBJ,
24581,1,"what is that, what does that look like?",2.0,-NONE-ABAR-WH-,T,WH,NP,NP,OBJ,OBJ,WHNP-2-<INANIM>,WHNP,MQ,MQ_OBJ,
24583,0,what is that?,1.0,-NONE-ABAR-WH-,T,WH,NP,NP,OBJ,OBJ,WHNP-1-<INANIM>,WHNP,MQ,MQ_OBJ,
24587,0,where is his house?,1.0,-NONE-ABAR-WH-,T,WH,ADVP,ADVP,ADJUNCT,ADJUNCT,WHADVP-1,WHADVP,MQ,MQ_ADJUNCT,
24592,0,"Child, what is that *NULL* you have?",2.0,-NONE-ABAR-RC-,T,RC,NP,NP,OBJ,OBJ,WHNP-2-<INANIM>-<THEME-V1>,WHNP,RC,RC_OBJ,
24592,1,"Child, what is that *NULL* you have?",1.0,-NONE-ABAR-WH-,T,WH,NP,NP,OBJ,OBJ,WHNP-1,WHNP,MQ,MQ_OBJ,
24593,0,who is this?,1.0,-NONE-ABAR-WH-,T,WH,NP,NP,OBJ,OBJ,WHNP-1-<INANIM>,WHNP,MQ,MQ_OBJ,
24594,0,what is that?,1.0,-NONE-ABAR-WH-,T,WH,NP,NP,OBJ,OBJ,WHNP-1-<INANIM>,WHNP,MQ,MQ_OBJ,
24597,0,what is that?,1.0,-NONE-ABAR-WH-,T,WH,NP,NP,OBJ,OBJ,WHNP-1-<INANIM>,WHNP,MQ,MQ_OBJ,
24600,0,we have one more and what's that?,1.0,-NONE-ABAR-WH-,T,WH,NP,NP,OBJ,OBJ,WHNP-1-<INANIM>,WHNP,EQ,EQ_OBJ,
24603,0,"here, here, where should we put him?",1.0,-NONE-ABAR-WH-,T,WH,ADVP,ADVP,ADJUNCT,ADJUNCT,WHADVP-1,WHADVP,MQ,MQ_ADJUNCT,
24604,0,"oh, what is he?",1.0,-NONE-ABAR-WH-,T,WH,NP,NP,OBJ,OBJ,WHNP-1-<INANIM>,WHNP,MQ,MQ_OBJ,
24605,0,what is he?,1.0,-NONE-ABAR-WH-,T,WH,NP,NP,OBJ,OBJ,WHNP-1-<INANIM>,WHNP,MQ,MQ_OBJ,
24606,0,you know what it is.,1.0,-NONE-ABAR-WH-,T,WH,NP,NP,OBJ,OBJ,WHNP-1-<INANIM>,WHNP,EQ,EQ_OBJ,know
24607,0,you told us earlier what it was.,1.0,-NONE-ABAR-RC-,T,RC,NP,NP,OBJ,OBJ,WHNP-1-<INANIM>,WHNP,EQ,EQ_OBJ,told
24609,0,"what do you think, should he go in here?",1.0,-NONE-ABAR-WH-,T,WH,NP,NP,OBJ,OBJ,WHNP-1-<INANIM>-<SUBJMATT-V1>,WHNP,MQ,MQ_OBJ,
24611,0,and what is that?,1.0,-NONE-ABAR-WH-,T,WH,NP,NP,OBJ,OBJ,WHNP-1-<INANIM>,WHNP,EQ,EQ_OBJ,
24612,0,what's that called?,1.0,-NONE-ABAR-WH-,T,WH,NP,NP,OBJ,OBJ,WHNP-1-<INANIM>-<THEME-V1>,WHNP,MQ,MQ_OBJ,
24614,0,"oh, you know what that is.",1.0,-NONE-ABAR-WH-,T,WH,NP,NP,OBJ,OBJ,WHNP-1-<INANIM>,WHNP,EQ,EQ_OBJ,know
24616,0,what does the duck say?,1.0,-NONE-ABAR-WH-,T,WH,NP,NP,OBJ,OBJ,WHNP-1-<INANIM>-<THEME-V1>,WHNP,MQ,MQ_OBJ,
24618,0,what does he say?,1.0,-NONE-ABAR-WH-,T,WH,NP,NP,OBJ,OBJ,WHNP-1-<INANIM>-<THEME-V1>,WHNP,MQ,MQ_OBJ,
24619,0,what does an elephant say?,1.0,-NONE-ABAR-WH-,T,WH,NP,NP,OBJ,OBJ,WHNP-1-<INANIM>-<THEME-V1>,WHNP,MQ,MQ_OBJ,
24645,0,where did that come from?,1.0,-NONE-ABAR-WH-,T,WH,ADVP,ADVP,ADJUNCT,ADJUNCT,WHADVP-1,WHADVP,MQ,MQ_ADJUNCT,
24647,0,that book where he plays the trumpet?,1.0,-NONE-ABAR-RC-,T,RC,ADVP,ADVP,ADJUNCT,ADJUNCT,WHADVP-1,WHADVP,RC,RC_ADJUNCT,
24649,0,"I wonder where that book is, Child.",1.0,-NONE-ABAR-RC-,T,RC,ADVP,ADVP,ADJUNCT,ADJUNCT,WHADVP-1,WHADVP,EQ,EQ_ADJUNCT,wonder
24652,0,what is that one?,1.0,-NONE-ABAR-WH-,T,WH,NP,NP,OBJ,OBJ,WHNP-1-<INANIM>,WHNP,MQ,MQ_OBJ,
24654,0,and what are they doing?,1.0,-NONE-ABAR-WH-,T,WH,NP,NP,OBJ,OBJ,WHNP-1-<INANIM>-<PATIENT-V1>,WHNP,EQ,EQ_OBJ,
24655,0,yes and what are they doing?,1.0,-NONE-ABAR-WH-,T,WH,NP,NP,OBJ,OBJ,WHNP-1-<INANIM>-<PATIENT-V1>,WHNP,EQ,EQ_OBJ,
24656,0,what do they look like they're doing?,1.0,-NONE-ABAR-WH-,T,WH,NP,NP,OBJ,OBJ,WHNP-1-<INANIM>-<PATIENT-V2>,WHNP,EQ,EQ_OBJ,look
24658,0,and what are they singing?,1.0,-NONE-ABAR-WH-,T,WH,NP,NP,OBJ,OBJ,WHNP-1-<INANIM>-<THEME-V1>,WHNP,EQ,EQ_OBJ,
24659,0,what are they singing?,1.0,-NONE-ABAR-WH-,T,WH,NP,NP,OBJ,OBJ,WHNP-1-<INANIM>-<THEME-V1>,WHNP,MQ,MQ_OBJ,
24665,0,I don't know whether Sara wants to hear us singing or not.,,,,POLAR,,,,POLAR,,,EQ,EQ_POLAR,know
24666,0,what do you think?,1.0,-NONE-ABAR-WH-,T,WH,NP,NP,OBJ,OBJ,WHNP-1-<INANIM>-<SUBJMATT-V1>,WHNP,MQ,MQ_OBJ,
24678,0,what do you see?,1.0,-NONE-ABAR-WH-,T,WH,NP,NP,OBJ,OBJ,WHNP-1-<INANIM>-<SUBJMATT-V1>,WHNP,MQ,MQ_OBJ,
24682,0,"what'd you do, how did you get that bump on your head?",1.0,-NONE-ABAR-WH-,T,WH,NP,NP,OBJ,OBJ,WHNP-1-<INANIM>-<PATIENT-V1>,WHNP,MQ,MQ_OBJ,
24682,1,"what'd you do, how did you get that bump on your head?",1.0,-NONE-ABAR-WH-,T,WH,ADVP,ADVP,ADJUNCT,ADJUNCT,WHNP-1-<INANIM>-<PATIENT-V1>,WHNP,MQ,MQ_ADJUNCT,
24687,0,"oh, look, what is it?",1.0,-NONE-ABAR-WH-,T,WH,NP,NP,OBJ,OBJ,WHNP-1-<INANIM>,WHNP,MQ,MQ_OBJ,
24691,0,is that what those are?,1.0,-NONE-ABAR-RC-,T,RC,NP,NP,OBJ,OBJ,WHNP-1-<INANIM>,WHNP,EQ,EQ_OBJ,
24706,0,"I don't know, do we have anything small enough *NULL* to fit in there?",1.0,-NONE-ABAR-RC-,T,RC,NP,NP,SUBJ,SUBJ,WHNP-1-<INANIM>-<THEME-V2>,WHNP,RC,RC_SUBJ,
24713,0,"what is it, is it empty now?",1.0,-NONE-ABAR-WH-,T,WH,NP,NP,OBJ,OBJ,WHNP-1-<INANIM>,WHNP,MQ,MQ_OBJ,
24721,0,what do you think it is?,1.0,-NONE-ABAR-WH-,T,WH,NP,NP,OBJ,OBJ,WHNP-1,WHNP,EQ,EQ_OBJ,think
24728,0,what did Mummy do?,1.0,-NONE-ABAR-WH-,T,WH,NP,NP,OBJ,OBJ,WHNP-1-<INANIM>-<PATIENT-V1>,WHNP,MQ,MQ_OBJ,
24730,0,what is that?,1.0,-NONE-ABAR-WH-,T,WH,NP,NP,OBJ,OBJ,WHNP-1-<INANIM>,WHNP,MQ,MQ_OBJ,
24731,0,do you remember what we called it?,1.0,-NONE-ABAR-RC-,T,RC,NP,NP,OBJ,OBJ,WHNP-1-<INANIM>-<THEME-V2>,WHNP,EQ,EQ_OBJ,remember
24732,0,what did we call it?,1.0,-NONE-ABAR-WH-,T,WH,NP,NP,OBJ,OBJ,WHNP-1-<INANIM>-<THEME-V1>,WHNP,MQ,MQ_OBJ,
24740,0,what's this?,1.0,-NONE-ABAR-WH-,T,WH,NP,NP,OBJ,OBJ,WHNP-1-<INANIM>,WHNP,MQ,MQ_OBJ,
24777,0,what did they do to bump their nose?,1.0,-NONE-ABAR-WH-,T,WH,NP,NP,OBJ,OBJ,WHNP-1-<INANIM>-<PATIENT-V1>,WHNP,MQ,MQ_OBJ,
24781,0,"well, what do we have to do to make it set for him?",1.0,-NONE-ABAR-WH-,T,WH,NP,NP,OBJ,OBJ,WHNP-1-<INANIM>-<PATIENT-V1>,WHNP,MQ,MQ_OBJ,
24801,0,now what do I do with it?,1.0,-NONE-ABAR-WH-,T,WH,NP,NP,OBJ,OBJ,WHNP-1-<INANIM>-<PATIENT-V1>,WHNP,MQ,MQ_OBJ,
24805,0,"oh, ok, where're we going to put that?",1.0,-NONE-ABAR-WH-,T,WH,ADVP,ADVP,ADJUNCT,ADJUNCT,WHADVP-1,WHADVP,MQ,MQ_ADJUNCT,
24823,0,we can pretend it's a sheep if you want.,,,,POLAR,,,,POLAR,,,EQ,EQ_POLAR,pretend
24823,1,we can pretend it's a sheep if you want.,,,,POLAR,,,,POLAR,,,EQ,EQ_POLAR,want
24825,0,where shall we put those?,1.0,-NONE-ABAR-WH-,T,WH,ADVP,ADVP,ADJUNCT,ADJUNCT,WHADVP-1,WHADVP,MQ,MQ_ADJUNCT,
24831,0,how are we going to make a door?,1.0,-NONE-ABAR-WH-,T,WH,ADVP,ADVP,ADJUNCT,ADJUNCT,WHADVP-1,WHADVP,MQ,MQ_ADJUNCT,
24836,0,you swing it open when you want to put an animal in there?,1.0,-NONE-ABAR-RC-,T,RC,ADVP,ADVP,ADJUNCT,ADJUNCT,WHADVP-1,WHADVP,EQ,EQ_ADJUNCT,swing
24837,0,who should we put in there?,1.0,-NONE-ABAR-WH-,T,WH,NP,NP,OBJ,OBJ,WHNP-1-<INANIM>-<PATIENT-V1>,WHNP,MQ,MQ_OBJ,
24860,0,I don't know if they like hay.,,,,POLAR,,,,POLAR,,,EQ,EQ_POLAR,know
24874,0,maybe if Investigator's still here.,,,,POLAR,,,,POLAR,,,EQ,EQ_POLAR,
24885,0,"well, what are we going to do with these animals here?",1.0,-NONE-ABAR-WH-,T,WH,NP,NP,OBJ,OBJ,WHNP-1-<INANIM>-<PATIENT-V1>,WHNP,MQ,MQ_OBJ,
24891,0,what's going to happen to him?,1.0,-NONE-ABAR-WH-,T,WH,NP-2,NP,SUBJ,SUBJ,WHNP-1-<INANIM>-<THEME-V1>,WHNP,MQ,MQ_SUBJ,
24896,0,what shall we make?,1.0,-NONE-ABAR-WH-,T,WH,NP,NP,OBJ,OBJ,WHNP-1-<INANIM>-<PATIENT-V1>,WHNP,MQ,MQ_OBJ,
24907,0,but what do we do sometimes?,1.0,-NONE-ABAR-WH-,T,WH,NP,NP,OBJ,OBJ,WHNP-1-<INANIM>-<PATIENT-V1>,WHNP,EQ,EQ_OBJ,
24908,0,"do we improvise, is that what we do?",1.0,-NONE-ABAR-RC-,T,RC,NP,NP,OBJ,OBJ,WHNP-1-<INANIM>-<PATIENT-V2>,WHNP,EQ,EQ_OBJ,do
24910,0,"well, what do we need?",1.0,-NONE-ABAR-WH-,T,WH,NP,NP,OBJ,OBJ,WHNP-1-<INANIM>-<SUBJMATT-V1>,WHNP,MQ,MQ_OBJ,
24916,0,where's it going?,1.0,-NONE-ABAR-WH-,T,WH,ADVP,ADVP,ADJUNCT,ADJUNCT,WHADVP-1,WHADVP,MQ,MQ_ADJUNCT,
24917,0,"well, what do we need?",1.0,-NONE-ABAR-WH-,T,WH,NP,NP,OBJ,OBJ,WHNP-1-<INANIM>-<SUBJMATT-V1>,WHNP,MQ,MQ_OBJ,
24918,0,"let's see here, what do we need?",1.0,-NONE-ABAR-WH-,T,WH,NP,NP,OBJ,OBJ,WHNP-1-<INANIM>-<SUBJMATT-V1>,WHNP,MQ,MQ_OBJ,
24921,0,"well, that's the start of that wrecker that we're going to make.",1.0,-NONE-ABAR-RC-,T,RC,NP,NP,OBJ,OBJ,WHNP-1-<INANIM>-<PATIENT-V1>,WHNP,RC,RC_OBJ,
24930,0,how does this go?,1.0,-NONE-ABAR-WH-,T,WH,ADVP,ADVP,ADJUNCT,ADJUNCT,WHADVP-1,WHADVP,MQ,MQ_ADJUNCT,
24938,0,now what do I do?,1.0,-NONE-ABAR-WH-,T,WH,NP,NP,OBJ,OBJ,WHNP-1-<INANIM>-<PATIENT-V1>,WHNP,MQ,MQ_OBJ,
24948,0,"I'd like to make a barnyard for your animals, that's what I'd like",1.0,-NONE-ABAR-RC-,T,RC,NP,NP,OBJ,OBJ,WHNP-1-<INANIM>-<SUBJMATT-V3>,WHNP,EQ,EQ_OBJ,like
24952,0,"well, which one do you want to make?",1.0,-NONE-ABAR-WH-,T,WH,NP,NP,OBJ,OBJ,WHNP-1-<INANIM>-<PATIENT-V2>,WHNP,MQ,MQ_OBJ,
24954,0,why don't we get our own locomotive out and fill that up?,1.0,-NONE-ABAR-WH-,T,WH,ADVP,ADVP,ADJUNCT,ADJUNCT,WHADVP-1,WHADVP,MQ,MQ_ADJUNCT,
24955,0,"I haven't seen that in a while, the one that Uncle Rick gave you for",1.0,-NONE-ABAR-RC-,T,RC,NP,NP,OBJ,OBJ,WHNP-1-<INANIM>-<PATIENT-V2>,WHNP,RC,RC_OBJ,
24956,0,"the one *NULL* Uncle Rick gave you for Christmas, it's over there, in the",1.0,-NONE-ABAR-RC-,T,RC,NP,NP,OBJ,OBJ,WHNP-1-<INANIM>-<PATIENT-V1>,WHNP,RC,RC_OBJ,
24965,0,what's going on over there?,1.0,-NONE-ABAR-WH-,T,WH,NP,NP,SUBJ,SUBJ,WHNP-1-<INANIM>-<THEME-V1>,WHNP,MQ,MQ_SUBJ,
24970,0,what's your other idea?,1.0,-NONE-ABAR-WH-,T,WH,NP,NP,OBJ,OBJ,WHNP-1-<INANIM>,WHNP,MQ,MQ_OBJ,
24973,0,"well, that means I can order you around if I 'm the chief.",,,,POLAR,,,,POLAR,,,EQ,EQ_POLAR,means
24973,1,"well, that means I can order you around if I 'm the chief.",,,,POLAR,,,,POLAR,,,EQ,EQ_POLAR,order
24974,0,I can tell you what to do.,1.0,-NONE-ABAR-WH-,T,WH,NP,NP,OBJ,OBJ,WHNP-1-<INANIM>-<PATIENT-V2>,WHNP,EQ,EQ_OBJ,tell
24976,0,what am I going to do?,1.0,-NONE-ABAR-WH-,T,WH,NP,NP,OBJ,OBJ,WHNP-1-<INANIM>-<PATIENT-V1>,WHNP,MQ,MQ_OBJ,
24988,0,where do you think they are?,1.0,-NONE-ABAR-WH-,T,WH,ADVP,ADVP,ADJUNCT,ADJUNCT,WHADVP-1,WHADVP,EQ,EQ_ADJUNCT,think
24993,0,what do you think?,1.0,-NONE-ABAR-WH-,T,WH,NP,NP,OBJ,OBJ,WHNP-1-<INANIM>-<SUBJMATT-V1>,WHNP,MQ,MQ_OBJ,
24996,0,what color's this?,1.0,-NONE-ABAR-WH-,T,WH,NP,NP,OBJ,OBJ,WHNP-1-<INANIM>,WHNP,MQ,MQ_OBJ,
25017,0,what are those?,1.0,-NONE-ABAR-WH-,T,WH,NP,NP,OBJ,OBJ,WHNP-1-<INANIM>,WHNP,MQ,MQ_OBJ,
25018,0,"what are you going to do, Child, Child?",1.0,-NONE-A-RAISE-,T,OTHER,NP,NP,SUBJ,SUBJ,WHNP-1-<INANIM>-<PATIENT-V1>,WHNP,MQ,MQ_SUBJ,
25018,1,"what are you going to do, Child, Child?",1.0,-NONE-ABAR-WH-,T,WH,NP,NP,OBJ,OBJ,WHNP-1-<INANIM>-<PATIENT-V1>,WHNP,MQ,MQ_OBJ,
25030,0,you mean the one that's usually in the garage?,1.0,-NONE-ABAR-RC-,T,RC,NP,NP,SUBJ,SUBJ,WHNP-1-<INANIM>,WHNP,RC,RC_SUBJ,
25031,0,"I don't think we have a dump truck that we play with in here, do we?",1.0,-NONE-ABAR-RC-,T,RC,NP,NP,OBJ,OBJ,WHNP-1-<INANIM>-<PATIENT-V3>,WHNP,RC,RC_OBJ,
25037,0,let's see what's in here.,1.0,-NONE-ABAR-RC-,T,RC,NP,NP,SUBJ,SUBJ,WHNP-1-<INANIM>,WHNP,EQ,EQ_SUBJ,see
25043,0,"there, you're learning how to do that on your own.",1.0,-NONE-ABAR-RC-,T,RC,ADVP,ADVP,ADJUNCT,ADJUNCT,WHADVP-1,WHADVP,EQ,EQ_ADJUNCT,learning
25053,0,"right around that floor there, over where Investigator is?",1.0,-NONE-ABAR-RC-,T,RC,ADVP,ADVP,ADJUNCT,ADJUNCT,WHADVP-1,WHADVP,EQ,EQ_ADJUNCT,
25058,0,see what happens.,1.0,-NONE-ABAR-RC-,T,RC,NP,NP,SUBJ,SUBJ,WHNP-1-<INANIM>-<THEME-V2>,WHNP,EQ,EQ_SUBJ,see
25067,0,what do you want to do?,1.0,-NONE-ABAR-WH-,T,WH,NP,NP,OBJ,OBJ,WHNP-1-<INANIM>-<PATIENT-V2>,WHNP,MQ,MQ_OBJ,
25071,0,which one do you want to do?,1.0,-NONE-ABAR-WH-,T,WH,NP,NP,OBJ,OBJ,WHNP-1-<INANIM>-<PATIENT-V2>,WHNP,MQ,MQ_OBJ,
25081,0,how about if you take the animals on a train ride?,,,,POLAR,,,,POLAR,,,EQ,EQ_POLAR,
25091,0,you look for the one that you want to do.,1.0,-NONE-ABAR-RC-,T,RC,NP,NP,OBJ,OBJ,WHNP-1-<INANIM>-<PATIENT-V3>,WHNP,RC,RC_OBJ,
25092,0,what are you looking for?,1.0,-NONE-ABAR-WH-,T,WH,NP,NP,OBJ,OBJ,WHNP-1-<INANIM>-<PATIENT-V1>,WHNP,MQ,MQ_OBJ,
25093,0,which one are you looking for?,1.0,-NONE-ABAR-WH-,T,WH,NP,NP,OBJ,OBJ,WHNP-1-<INANIM>-<PATIENT-V1>,WHNP,MQ,MQ_OBJ,
25094,0,I knew that's the one *NULL* you were looking for.,1.0,-NONE-ABAR-RC-,T,RC,NP,NP,OBJ,OBJ,WHNP-1-<INANIM>-<PATIENT-V2>,WHNP,RC,RC_OBJ,
25097,0,"now you want to, why don't we read it, ok?",1.0,-NONE-ABAR-RC-,T,RC,ADVP,ADVP,ADJUNCT,ADJUNCT,WHADVP-1,WHADVP,MQ,MQ_ADJUNCT,
25106,0,"and then when we're through, you are going to go outside and do some",1.0,-NONE-ABAR-RC-,T,RC,ADVP,ADVP,ADJUNCT,ADJUNCT,WHADVP-1,WHADVP,EQ,EQ_ADJUNCT,
25108,0,"well, who do you think?",1.0,-NONE-ABAR-WH-,T,WH,NP,NP,OBJ,OBJ,WHNP-1-<ANIM>-<SUBJMATT-V1>,WHNP,MQ,MQ_OBJ,
25109,0,who'd you like to be running around with?,1.0,-NONE-ABAR-WH-,T,WH,NP,NP,OBJ,OBJ,WHNP-1-<ANIM>,WHNP,MQ,MQ_OBJ,
25117,0,but if she's still here she can run around with us.,,,,POLAR,,,,POLAR,,,EQ,EQ_POLAR,
25128,0,"what we can do is, see, we open the door and the animals go out.",1.0,-NONE-ABAR-WH-,T,WH,NP,NP,OBJ,OBJ,WHNP-1-<INANIM>-<PATIENT-V1>,WHNP,EQ,EQ_OBJ,
25144,0,"well, because he wants to make it all clean for them when they come",1.0,-NONE-ABAR-RC-,T,RC,ADVP,ADVP,ADJUNCT,ADJUNCT,WHADVP-1,WHADVP,EQ,EQ_ADJUNCT,make
25162,0,who's going to make them chase?,1.0,-NONE-ABAR-WH-,T,WH,NP-2,NP,SUBJ,SUBJ,WHNP-1-<ANIM>-<CAUSER-V1>,WHNP,MQ,MQ_SUBJ,
25162,1,who's going to make them chase?,1.0,-NONE-A-RAISE-,T,OTHER,NP,NP,SUBJ,SUBJ,WHNP-1-<ANIM>-<CAUSER-V1>,WHNP,MQ,MQ_SUBJ,
25163,0,"well, who should be chasing who?",1.0,-NONE-ABAR-WH-,T,WH,NP,NP,SUBJ,SUBJ,WHNP-1-<ANIM>-<AGENT-V1>,WHNP,MQ,MQ_SUBJ,
25165,0,"and then who's the horse going to chase, the hedgehog?",1.0,-NONE-ABAR-WH-,T,WH,NP,NP,OBJ,OBJ,WHNP-1-<INANIM>-<PATIENT-V1>,WHNP,EQ,EQ_OBJ,
25166,0,"and who is the hedgehog going to chase, the duck?",1.0,-NONE-ABAR-WH-,T,WH,NP,NP,OBJ,OBJ,WHNP-1-<INANIM>-<PATIENT-V1>,WHNP,EQ,EQ_OBJ,
25167,0,and who's the duck going to chase?,1.0,-NONE-ABAR-WH-,T,WH,NP,NP,OBJ,OBJ,WHNP-1-<INANIM>-<PATIENT-V1>,WHNP,EQ,EQ_OBJ,
25169,0,and who's the elephant going to chase?,1.0,-NONE-ABAR-WH-,T,WH,NP,NP,OBJ,OBJ,WHNP-1-<INANIM>-<PATIENT-V1>,WHNP,EQ,EQ_OBJ,
25177,0,now what shall we do?,1.0,-NONE-ABAR-WH-,T,WH,NP,NP,OBJ,OBJ,WHNP-1-<INANIM>-<PATIENT-V1>,WHNP,MQ,MQ_OBJ,
25180,0,what are we going to do with the cat in the hat?,1.0,-NONE-ABAR-WH-,T,WH,NP,NP,OBJ,OBJ,WHNP-1-<INANIM>-<THEME-V1>,WHNP,MQ,MQ_OBJ,
25184,0,what's the cat got in his hand?,1.0,-NONE-ABAR-WH-,T,WH,NP,NP,OBJ,OBJ,WHNP-1-<INANIM>-<THEME-V1>,WHNP,MQ,MQ_OBJ,
25185,0,"what's he got in his hand, Child?",1.0,-NONE-ABAR-WH-,T,WH,NP,NP,OBJ,OBJ,WHNP-1-<INANIM>-<PATIENT-V1>,WHNP,MQ,MQ_OBJ,
25187,0,what's this?,1.0,-NONE-ABAR-WH-,T,WH,NP,NP,OBJ,OBJ,WHNP-1-<INANIM>,WHNP,MQ,MQ_OBJ,
25190,0,I wonder where he got that.,1.0,-NONE-ABAR-WH-,T,WH,ADVP,ADVP,ADJUNCT,ADJUNCT,WHADVP-1,WHADVP,EQ,EQ_ADJUNCT,wonder
25192,0,"you don't have to dump it all out, what are you trying to get?",1.0,-NONE-ABAR-WH-,T,WH,NP,NP,OBJ,OBJ,WHNP-1-<INANIM>-<PATIENT-V2>,WHNP,MQ,MQ_OBJ,
25194,0,what does that go to?,1.0,-NONE-ABAR-WH-,T,WH,NP,NP,OBJ,OBJ,WHNP-1-<INANIM>-<GOAL-V1>,WHNP,MQ,MQ_OBJ,
25195,0,yes and where's the fire engine?,1.0,-NONE-ABAR-WH-,T,WH,ADVP,ADVP,ADJUNCT,ADJUNCT,WHADVP-1,WHADVP,EQ,EQ_ADJUNCT,
25199,0,how does that work?,1.0,-NONE-ABAR-WH-,T,WH,ADVP,ADVP,ADJUNCT,ADJUNCT,WHADVP-1,WHADVP,MQ,MQ_ADJUNCT,
25205,0,where's fireman Jim?,1.0,-NONE-ABAR-WH-,T,WH,ADVP,ADVP,ADJUNCT,ADJUNCT,WHADVP-1,WHADVP,MQ,MQ_ADJUNCT,
25226,0,I don't know what these are for.,1.0,-NONE-ABAR-WH-,T,WH,NP,NP,OBJ,OBJ,WHNP-1-<INANIM>,WHNP,EQ,EQ_OBJ,know
25227,0,do you know what these are for?,1.0,-NONE-ABAR-WH-,T,WH,NP,NP,OBJ,OBJ,WHNP-1-<INANIM>,WHNP,EQ,EQ_OBJ,know
25236,0,"what happened, what happened?",1.0,-NONE-ABAR-WH-,T,WH,NP,NP,SUBJ,SUBJ,WHNP-1-<INANIM>-<THEME-V1>,WHNP,MQ,MQ_SUBJ,
25236,1,"what happened, what happened?",1.0,-NONE-ABAR-WH-,T,WH,NP,NP,SUBJ,SUBJ,WHNP-1-<INANIM>-<THEME-V1>,WHNP,MQ,MQ_SUBJ,
25238,0,what do you want done?,1.0,-NONE-ABAR-WH-,T,WH,NP,NP,SUBJ,SUBJ,WHNP-1-<INANIM>-<PATIENT-V2>,WHNP,MQ,MQ_SUBJ,
25242,0,what's that book about?,1.0,-NONE-ABAR-WH-,T,WH,NP,NP,OBJ,OBJ,WHNP-1-<INANIM>,WHNP,MQ,MQ_OBJ,
25244,0,I don't know what it does though.,1.0,-NONE-ABAR-WH-,T,WH,NP,NP,OBJ,OBJ,WHNP-1-<INANIM>-<PATIENT-V2>,WHNP,EQ,EQ_OBJ,know
25256,0,she can see what's in there.,1.0,-NONE-ABAR-RC-,T,RC,NP,NP,SUBJ,SUBJ,WHNP-1-<INANIM>,WHNP,EQ,EQ_SUBJ,see
25257,0,lookit what's in here?,1.0,-NONE-ABAR-WH-,T,WH,NP,NP,SUBJ,SUBJ,WHNP-1-<INANIM>,WHNP,MQ,MQ_SUBJ,
25262,0,what is it?,1.0,-NONE-ABAR-WH-,T,WH,NP,NP,OBJ,OBJ,WHNP-1-<INANIM>,WHNP,MQ,MQ_OBJ,
25268,0,what's your name?,1.0,-NONE-ABAR-WH-,T,WH,NP,NP,OBJ,OBJ,WHNP-1-<INANIM>,WHNP,MQ,MQ_OBJ,
25276,0,what is this?,1.0,-NONE-ABAR-WH-,T,WH,NP,NP,OBJ,OBJ,WHNP-1-<INANIM>,WHNP,MQ,MQ_OBJ,
25282,0,what's this?,1.0,-NONE-ABAR-WH-,T,WH,NP,NP,OBJ,OBJ,WHNP-1-<INANIM>,WHNP,MQ,MQ_OBJ,
25289,0,"you know what those are, we have some of those up the street.",1.0,-NONE-ABAR-WH-,T,WH,NP,NP,OBJ,OBJ,WHNP-1-<INANIM>,WHNP,EQ,EQ_OBJ,know
25292,0,what's the cow say?,1.0,-NONE-ABAR-WH-,T,WH,NP,NP,OBJ,OBJ,WHNP-1-<INANIM>-<THEME-V1>,WHNP,MQ,MQ_OBJ,
25293,0,"no, that's what a dog says.",1.0,-NONE-ABAR-RC-,T,RC,NP,NP,OBJ,OBJ,WHNP-1-<INANIM>-<THEME-V1>,WHNP,EQ,EQ_OBJ,says
25295,0,what's this?,1.0,-NONE-ABAR-WH-,T,WH,NP,NP,OBJ,OBJ,WHNP-1-<INANIM>,WHNP,MQ,MQ_OBJ,
25296,0,what's this?,1.0,-NONE-ABAR-WH-,T,WH,NP,NP,OBJ,OBJ,WHNP-1-<INANIM>,WHNP,MQ,MQ_OBJ,
25304,0,if you say so.,,,,POLAR,,,,POLAR,,,EQ,EQ_POLAR,
25305,0,that's who the dog is outside.,1.0,-NONE-ABAR-RC-,T,RC,NP,NP,OBJ,OBJ,WHNP-1-<ANIM>,WHNP,EQ,EQ_OBJ,
25307,0,now who's this?,1.0,-NONE-ABAR-WH-,T,WH,NP,NP,OBJ,OBJ,WHNP-1-<ANIM>,WHNP,MQ,MQ_OBJ,
25313,0,what's this?,1.0,-NONE-ABAR-WH-,T,WH,NP,NP,OBJ,OBJ,WHNP-1-<INANIM>,WHNP,MQ,MQ_OBJ,
25314,0,what's this?,1.0,-NONE-ABAR-WH-,T,WH,NP,NP,OBJ,OBJ,WHNP-1-<INANIM>,WHNP,MQ,MQ_OBJ,
25315,0,what's this one?,1.0,-NONE-ABAR-WH-,T,WH,NP,NP,OBJ,OBJ,WHNP-1-<INANIM>,WHNP,MQ,MQ_OBJ,
25318,0,what's that?,1.0,-NONE-ABAR-WH-,T,WH,NP,NP,OBJ,OBJ,WHNP-1-<INANIM>,WHNP,MQ,MQ_OBJ,
25323,0,"let's see, what's this?",1.0,-NONE-ABAR-WH-,T,WH,NP,NP,OBJ,OBJ,WHNP-1-<INANIM>,WHNP,MQ,MQ_OBJ,
25325,0,what is it then?,1.0,-NONE-ABAR-WH-,T,WH,NP,NP,OBJ,OBJ,WHNP-1-<INANIM>,WHNP,MQ,MQ_OBJ,
25327,0,what's the cow say?,1.0,-NONE-ABAR-WH-,T,WH,NP,NP,OBJ,OBJ,WHNP-1-<INANIM>-<THEME-V1>,WHNP,MQ,MQ_OBJ,
25330,0,you knew them better when you were little littler.,1.0,-NONE-ABAR-WH-,T,WH,ADVP,ADVP,ADJUNCT,ADJUNCT,WHADVP-1,WHADVP,EQ,EQ_ADJUNCT,knew
25331,0,where did they go?,1.0,-NONE-ABAR-WH-,T,WH,ADVP,ADVP,ADJUNCT,ADJUNCT,WHADVP-1,WHADVP,MQ,MQ_ADJUNCT,
25347,0,"where's the bunny, is he hiding?",1.0,-NONE-ABAR-WH-,T,WH,ADVP,ADVP,ADJUNCT,ADJUNCT,WHADVP-1,WHADVP,MQ,MQ_ADJUNCT,
25351,0,where is he?,1.0,-NONE-ABAR-WH-,T,WH,ADVP,ADVP,ADJUNCT,ADJUNCT,WHADVP-1,WHADVP,MQ,MQ_ADJUNCT,
25352,0,where's the bunny hiding?,1.0,-NONE-ABAR-WH-,T,WH,ADVP,ADVP,ADJUNCT,ADJUNCT,WHADVP-1,WHADVP,MQ,MQ_ADJUNCT,
25364,0,who's him?,1.0,-NONE-ABAR-WH-,T,WH,NP,NP,SUBJ,SUBJ,WHNP-1-<INANIM>,WHNP,MQ,MQ_SUBJ,
25374,0,"who's that, a tiger?",1.0,-NONE-ABAR-WH-,T,WH,NP,NP,OBJ,OBJ,WHNP-1-<INANIM>,WHNP,MQ,MQ_OBJ,
25375,0,what's this?,1.0,-NONE-ABAR-WH-,T,WH,NP,NP,OBJ,OBJ,WHNP-1-<INANIM>,WHNP,MQ,MQ_OBJ,
25378,0,what's it look like?,1.0,-NONE-ABAR-WH-,T,WH,NP,NP,OBJ,OBJ,WHNP-1-<INANIM>,WHNP,MQ,MQ_OBJ,
25388,0,who's this?,1.0,-NONE-ABAR-WH-,T,WH,NP,NP,OBJ,OBJ,WHNP-1-<INANIM>,WHNP,MQ,MQ_OBJ,
25391,0,what's this one?,1.0,-NONE-ABAR-WH-,T,WH,NP,NP,OBJ,OBJ,WHNP-1-<INANIM>,WHNP,MQ,MQ_OBJ,
25399,0,what's this one?,1.0,-NONE-ABAR-WH-,T,WH,NP,NP,OBJ,OBJ,WHNP-1-<INANIM>,WHNP,MQ,MQ_OBJ,
25400,0,what's his name?,1.0,-NONE-ABAR-WH-,T,WH,NP,NP,OBJ,OBJ,WHNP-1-<INANIM>,WHNP,MQ,MQ_OBJ,
25413,0,where do you want it?,1.0,-NONE-ABAR-WH-,T,WH,ADVP,ADVP,ADJUNCT,ADJUNCT,WHADVP-1,WHADVP,MQ,MQ_ADJUNCT,
25426,0,"where's Grandpa, is he in there?",1.0,-NONE-ABAR-WH-,T,WH,ADVP,ADVP,ADJUNCT,ADJUNCT,WHADVP-1,WHADVP,MQ,MQ_ADJUNCT,
25428,0,where's Grandpa?,1.0,-NONE-ABAR-WH-,T,WH,ADVP,ADVP,ADJUNCT,ADJUNCT,WHADVP-1,WHADVP,MQ,MQ_ADJUNCT,
25430,0,whose car is it?,1.0,-NONE-ABAR-WH-,T,WH,NP,NP,OBJ,OBJ,WHNP-1-<INANIM>,WHNP,MQ,MQ_OBJ,
25436,0,who's this?,1.0,-NONE-ABAR-WH-,T,WH,NP,NP,OBJ,OBJ,WHNP-1-<INANIM>,WHNP,MQ,MQ_OBJ,
25444,0,why don't you like the chicken?,1.0,-NONE-ABAR-WH-,T,WH,ADVP,ADVP,ADJUNCT,ADJUNCT,WHADVP-1,WHADVP,MQ,MQ_ADJUNCT,
25452,0,see if you remember this one.,,,,POLAR,,,,POLAR,,,EQ,EQ_POLAR,see
25453,0,what's this?,1.0,-NONE-ABAR-WH-,T,WH,NP,NP,OBJ,OBJ,WHNP-1-<INANIM>,WHNP,MQ,MQ_OBJ,
25464,0,what color is this one?,1.0,-NONE-ABAR-WH-,T,WH,NP,NP,OBJ,OBJ,WHNP-1-<INANIM>,WHNP,MQ,MQ_OBJ,
25465,0,"no, what color is it?",1.0,-NONE-ABAR-WH-,T,WH,NP,NP,OBJ,OBJ,WHNP-1-<INANIM>,WHNP,MQ,MQ_OBJ,
25470,0,what color's that one?,1.0,-NONE-ABAR-WH-,T,WH,NP,NP,OBJ,OBJ,WHNP-1-<INANIM>,WHNP,MQ,MQ_OBJ,
25472,0,what's your name?,1.0,-NONE-ABAR-WH-,T,WH,NP,NP,OBJ,OBJ,WHNP-1-<INANIM>,WHNP,MQ,MQ_OBJ,
25474,0,what's your name?,1.0,-NONE-ABAR-WH-,T,WH,NP,NP,OBJ,OBJ,WHNP-1-<INANIM>,WHNP,MQ,MQ_OBJ,
25475,0,what's your name?,1.0,-NONE-ABAR-WH-,T,WH,NP,NP,OBJ,OBJ,WHNP-1-<INANIM>,WHNP,MQ,MQ_OBJ,
25476,0,"Lastname, right but what's your first name?",1.0,-NONE-ABAR-WH-,T,WH,NP,NP,OBJ,OBJ,WHNP-1-<INANIM>,WHNP,EQ,EQ_OBJ,
25477,0,"right, you never answer that one when I ask.",1.0,-NONE-ABAR-WH-,T,WH,ADVP,ADVP,ADJUNCT,ADJUNCT,WHADVP-1,WHADVP,EQ,EQ_ADJUNCT,answer
25478,0,what's your other name?,1.0,-NONE-ABAR-WH-,T,WH,NP,NP,OBJ,OBJ,WHNP-1-<INANIM>,WHNP,MQ,MQ_OBJ,
25482,0,"um, then I don't know what it is.",1.0,-NONE-ABAR-WH-,T,WH,NP,NP,OBJ,OBJ,WHNP-1-<INANIM>,WHNP,EQ,EQ_OBJ,know
25483,0,where do you live?,1.0,-NONE-ABAR-WH-,T,WH,ADVP,ADVP,ADJUNCT,ADJUNCT,WHADVP-1,WHADVP,MQ,MQ_ADJUNCT,
25497,0,where're you going?,1.0,-NONE-ABAR-WH-,T,WH,ADVP,ADVP,ADJUNCT,ADJUNCT,WHADVP-1,WHADVP,MQ,MQ_ADJUNCT,
25498,0,what *NULL* cha going to get?,1.0,-NONE-ABAR-WH-,T,WH,NP,NP,OBJ,OBJ,WHNP-1-<INANIM>-<PATIENT-V1>,WHNP,MQ,MQ_OBJ,
25501,0,why'd you close the door?,1.0,-NONE-ABAR-WH-,T,WH,ADVP,ADVP,ADJUNCT,ADJUNCT,WHADVP-1,WHADVP,MQ,MQ_ADJUNCT,
25506,0,where're you going with those?,1.0,-NONE-ABAR-WH-,T,WH,ADVP,ADVP,ADJUNCT,ADJUNCT,WHADVP-1,WHADVP,MQ,MQ_ADJUNCT,
25513,0,can you show us what's in there?,1.0,-NONE-ABAR-RC-,T,RC,NP,NP,SUBJ,SUBJ,WHNP-1-<INANIM>,WHNP,EQ,EQ_SUBJ,show
25515,0,what are they doing?,1.0,-NONE-ABAR-WH-,T,WH,NP,NP,OBJ,OBJ,WHNP-1-<INANIM>-<PATIENT-V1>,WHNP,MQ,MQ_OBJ,
25527,0,what do you do?,1.0,-NONE-ABAR-WH-,T,WH,NP,NP,OBJ,OBJ,WHNP-1-<INANIM>-<PATIENT-V1>,WHNP,MQ,MQ_OBJ,
25543,0,who's this?,1.0,-NONE-ABAR-WH-,T,WH,NP,NP,OBJ,OBJ,WHNP-1-<INANIM>,WHNP,MQ,MQ_OBJ,
25545,0,"okay, which one is the red one?",1.0,-NONE-ABAR-WH-,T,WH,NP,NP,OBJ,OBJ,WHNP-1-<INANIM>,WHNP,MQ,MQ_OBJ,
25548,0,what happened to it?,1.0,-NONE-ABAR-WH-,T,WH,NP,NP,SUBJ,SUBJ,WHNP-1-<INANIM>-<THEME-V1>,WHNP,MQ,MQ_SUBJ,
